variable,node_type_info
C_node1node70_timber_t0,node1transit_node70exit
M_node1node70_timber_t0,node1transit_node70exit
U_node1node70_t0,node1transit_node70exit
C_node1node70_timber_t1,node1transit_node70exit
M_node1node70_timber_t1,node1transit_node70exit
U_node1node70_t1,node1transit_node70exit
C_node1node70_timber_t2,node1transit_node70exit
M_node1node70_timber_t2,node1transit_node70exit
U_node1node70_t2,node1transit_node70exit
C_node1node70_timber_t3,node1transit_node70exit
M_node1node70_timber_t3,node1transit_node70exit
U_node1node70_t3,node1transit_node70exit
C_node1node70_timber_t4,node1transit_node70exit
M_node1node70_timber_t4,node1transit_node70exit
U_node1node70_t4,node1transit_node70exit
C_node1node70_timber_t5,node1transit_node70exit
M_node1node70_timber_t5,node1transit_node70exit
U_node1node70_t5,node1transit_node70exit
C_node1node70_wide_t0,node1transit_node70exit
M_node1node70_wide_t0,node1transit_node70exit
C_node1node70_wide_t1,node1transit_node70exit
M_node1node70_wide_t1,node1transit_node70exit
C_node1node70_wide_t2,node1transit_node70exit
M_node1node70_wide_t2,node1transit_node70exit
C_node1node70_wide_t3,node1transit_node70exit
M_node1node70_wide_t3,node1transit_node70exit
C_node1node70_wide_t4,node1transit_node70exit
M_node1node70_wide_t4,node1transit_node70exit
C_node1node70_wide_t5,node1transit_node70exit
M_node1node70_wide_t5,node1transit_node70exit
C_node1node40_timber_t0,node1transit_node40exit
M_node1node40_timber_t0,node1transit_node40exit
U_node1node40_t0,node1transit_node40exit
C_node1node40_timber_t1,node1transit_node40exit
M_node1node40_timber_t1,node1transit_node40exit
U_node1node40_t1,node1transit_node40exit
C_node1node40_timber_t2,node1transit_node40exit
M_node1node40_timber_t2,node1transit_node40exit
U_node1node40_t2,node1transit_node40exit
C_node1node40_timber_t3,node1transit_node40exit
M_node1node40_timber_t3,node1transit_node40exit
U_node1node40_t3,node1transit_node40exit
C_node1node40_timber_t4,node1transit_node40exit
M_node1node40_timber_t4,node1transit_node40exit
U_node1node40_t4,node1transit_node40exit
C_node1node40_timber_t5,node1transit_node40exit
M_node1node40_timber_t5,node1transit_node40exit
U_node1node40_t5,node1transit_node40exit
C_node1node40_wide_t0,node1transit_node40exit
M_node1node40_wide_t0,node1transit_node40exit
C_node1node40_wide_t1,node1transit_node40exit
M_node1node40_wide_t1,node1transit_node40exit
C_node1node40_wide_t2,node1transit_node40exit
M_node1node40_wide_t2,node1transit_node40exit
C_node1node40_wide_t3,node1transit_node40exit
M_node1node40_wide_t3,node1transit_node40exit
C_node1node40_wide_t4,node1transit_node40exit
M_node1node40_wide_t4,node1transit_node40exit
C_node1node40_wide_t5,node1transit_node40exit
M_node1node40_wide_t5,node1transit_node40exit
C_node1node8_timber_t0,node1transit_node8exit
M_node1node8_timber_t0,node1transit_node8exit
U_node1node8_t0,node1transit_node8exit
C_node1node8_timber_t1,node1transit_node8exit
M_node1node8_timber_t1,node1transit_node8exit
U_node1node8_t1,node1transit_node8exit
C_node1node8_timber_t2,node1transit_node8exit
M_node1node8_timber_t2,node1transit_node8exit
U_node1node8_t2,node1transit_node8exit
C_node1node8_timber_t3,node1transit_node8exit
M_node1node8_timber_t3,node1transit_node8exit
U_node1node8_t3,node1transit_node8exit
C_node1node8_timber_t4,node1transit_node8exit
M_node1node8_timber_t4,node1transit_node8exit
U_node1node8_t4,node1transit_node8exit
C_node1node8_timber_t5,node1transit_node8exit
M_node1node8_timber_t5,node1transit_node8exit
U_node1node8_t5,node1transit_node8exit
C_node1node8_wide_t0,node1transit_node8exit
M_node1node8_wide_t0,node1transit_node8exit
C_node1node8_wide_t1,node1transit_node8exit
M_node1node8_wide_t1,node1transit_node8exit
C_node1node8_wide_t2,node1transit_node8exit
M_node1node8_wide_t2,node1transit_node8exit
C_node1node8_wide_t3,node1transit_node8exit
M_node1node8_wide_t3,node1transit_node8exit
C_node1node8_wide_t4,node1transit_node8exit
M_node1node8_wide_t4,node1transit_node8exit
C_node1node8_wide_t5,node1transit_node8exit
M_node1node8_wide_t5,node1transit_node8exit
C_node1node88_timber_t0,node1transit_node88source
M_node1node88_timber_t0,node1transit_node88source
U_node1node88_t0,node1transit_node88source
C_node1node88_timber_t1,node1transit_node88source
M_node1node88_timber_t1,node1transit_node88source
U_node1node88_t1,node1transit_node88source
C_node1node88_timber_t2,node1transit_node88source
M_node1node88_timber_t2,node1transit_node88source
U_node1node88_t2,node1transit_node88source
C_node1node88_timber_t3,node1transit_node88source
M_node1node88_timber_t3,node1transit_node88source
U_node1node88_t3,node1transit_node88source
C_node1node88_timber_t4,node1transit_node88source
M_node1node88_timber_t4,node1transit_node88source
U_node1node88_t4,node1transit_node88source
C_node1node88_timber_t5,node1transit_node88source
M_node1node88_timber_t5,node1transit_node88source
U_node1node88_t5,node1transit_node88source
C_node1node88_wide_t0,node1transit_node88source
M_node1node88_wide_t0,node1transit_node88source
C_node1node88_wide_t1,node1transit_node88source
M_node1node88_wide_t1,node1transit_node88source
C_node1node88_wide_t2,node1transit_node88source
M_node1node88_wide_t2,node1transit_node88source
C_node1node88_wide_t3,node1transit_node88source
M_node1node88_wide_t3,node1transit_node88source
C_node1node88_wide_t4,node1transit_node88source
M_node1node88_wide_t4,node1transit_node88source
C_node1node88_wide_t5,node1transit_node88source
M_node1node88_wide_t5,node1transit_node88source
C_node1node91_timber_t0,node1transit_node91source
M_node1node91_timber_t0,node1transit_node91source
U_node1node91_t0,node1transit_node91source
C_node1node91_timber_t1,node1transit_node91source
M_node1node91_timber_t1,node1transit_node91source
U_node1node91_t1,node1transit_node91source
C_node1node91_timber_t2,node1transit_node91source
M_node1node91_timber_t2,node1transit_node91source
U_node1node91_t2,node1transit_node91source
C_node1node91_timber_t3,node1transit_node91source
M_node1node91_timber_t3,node1transit_node91source
U_node1node91_t3,node1transit_node91source
C_node1node91_timber_t4,node1transit_node91source
M_node1node91_timber_t4,node1transit_node91source
U_node1node91_t4,node1transit_node91source
C_node1node91_timber_t5,node1transit_node91source
M_node1node91_timber_t5,node1transit_node91source
U_node1node91_t5,node1transit_node91source
C_node1node91_wide_t0,node1transit_node91source
M_node1node91_wide_t0,node1transit_node91source
C_node1node91_wide_t1,node1transit_node91source
M_node1node91_wide_t1,node1transit_node91source
C_node1node91_wide_t2,node1transit_node91source
M_node1node91_wide_t2,node1transit_node91source
C_node1node91_wide_t3,node1transit_node91source
M_node1node91_wide_t3,node1transit_node91source
C_node1node91_wide_t4,node1transit_node91source
M_node1node91_wide_t4,node1transit_node91source
C_node1node91_wide_t5,node1transit_node91source
M_node1node91_wide_t5,node1transit_node91source
C_node1node94_timber_t0,node1transit_node94source
M_node1node94_timber_t0,node1transit_node94source
U_node1node94_t0,node1transit_node94source
C_node1node94_timber_t1,node1transit_node94source
M_node1node94_timber_t1,node1transit_node94source
U_node1node94_t1,node1transit_node94source
C_node1node94_timber_t2,node1transit_node94source
M_node1node94_timber_t2,node1transit_node94source
U_node1node94_t2,node1transit_node94source
C_node1node94_timber_t3,node1transit_node94source
M_node1node94_timber_t3,node1transit_node94source
U_node1node94_t3,node1transit_node94source
C_node1node94_timber_t4,node1transit_node94source
M_node1node94_timber_t4,node1transit_node94source
U_node1node94_t4,node1transit_node94source
C_node1node94_timber_t5,node1transit_node94source
M_node1node94_timber_t5,node1transit_node94source
U_node1node94_t5,node1transit_node94source
C_node1node94_wide_t0,node1transit_node94source
M_node1node94_wide_t0,node1transit_node94source
C_node1node94_wide_t1,node1transit_node94source
M_node1node94_wide_t1,node1transit_node94source
C_node1node94_wide_t2,node1transit_node94source
M_node1node94_wide_t2,node1transit_node94source
C_node1node94_wide_t3,node1transit_node94source
M_node1node94_wide_t3,node1transit_node94source
C_node1node94_wide_t4,node1transit_node94source
M_node1node94_wide_t4,node1transit_node94source
C_node1node94_wide_t5,node1transit_node94source
M_node1node94_wide_t5,node1transit_node94source
C_node2node53_timber_t0,node2transit_node53exit
M_node2node53_timber_t0,node2transit_node53exit
U_node2node53_t0,node2transit_node53exit
C_node2node53_timber_t1,node2transit_node53exit
M_node2node53_timber_t1,node2transit_node53exit
U_node2node53_t1,node2transit_node53exit
C_node2node53_timber_t2,node2transit_node53exit
M_node2node53_timber_t2,node2transit_node53exit
U_node2node53_t2,node2transit_node53exit
C_node2node53_timber_t3,node2transit_node53exit
M_node2node53_timber_t3,node2transit_node53exit
U_node2node53_t3,node2transit_node53exit
C_node2node53_timber_t4,node2transit_node53exit
M_node2node53_timber_t4,node2transit_node53exit
U_node2node53_t4,node2transit_node53exit
C_node2node53_timber_t5,node2transit_node53exit
M_node2node53_timber_t5,node2transit_node53exit
U_node2node53_t5,node2transit_node53exit
C_node2node53_wide_t0,node2transit_node53exit
M_node2node53_wide_t0,node2transit_node53exit
C_node2node53_wide_t1,node2transit_node53exit
M_node2node53_wide_t1,node2transit_node53exit
C_node2node53_wide_t2,node2transit_node53exit
M_node2node53_wide_t2,node2transit_node53exit
C_node2node53_wide_t3,node2transit_node53exit
M_node2node53_wide_t3,node2transit_node53exit
C_node2node53_wide_t4,node2transit_node53exit
M_node2node53_wide_t4,node2transit_node53exit
C_node2node53_wide_t5,node2transit_node53exit
M_node2node53_wide_t5,node2transit_node53exit
C_node2node38_timber_t0,node2transit_node38transit
M_node2node38_timber_t0,node2transit_node38transit
U_node2node38_t0,node2transit_node38transit
C_node2node38_timber_t1,node2transit_node38transit
M_node2node38_timber_t1,node2transit_node38transit
U_node2node38_t1,node2transit_node38transit
C_node2node38_timber_t2,node2transit_node38transit
M_node2node38_timber_t2,node2transit_node38transit
U_node2node38_t2,node2transit_node38transit
C_node2node38_timber_t3,node2transit_node38transit
M_node2node38_timber_t3,node2transit_node38transit
U_node2node38_t3,node2transit_node38transit
C_node2node38_timber_t4,node2transit_node38transit
M_node2node38_timber_t4,node2transit_node38transit
U_node2node38_t4,node2transit_node38transit
C_node2node38_timber_t5,node2transit_node38transit
M_node2node38_timber_t5,node2transit_node38transit
U_node2node38_t5,node2transit_node38transit
C_node2node38_wide_t0,node2transit_node38transit
M_node2node38_wide_t0,node2transit_node38transit
C_node2node38_wide_t1,node2transit_node38transit
M_node2node38_wide_t1,node2transit_node38transit
C_node2node38_wide_t2,node2transit_node38transit
M_node2node38_wide_t2,node2transit_node38transit
C_node2node38_wide_t3,node2transit_node38transit
M_node2node38_wide_t3,node2transit_node38transit
C_node2node38_wide_t4,node2transit_node38transit
M_node2node38_wide_t4,node2transit_node38transit
C_node2node38_wide_t5,node2transit_node38transit
M_node2node38_wide_t5,node2transit_node38transit
C_node2node3_timber_t0,node2transit_node3transit
M_node2node3_timber_t0,node2transit_node3transit
U_node2node3_t0,node2transit_node3transit
C_node2node3_timber_t1,node2transit_node3transit
M_node2node3_timber_t1,node2transit_node3transit
U_node2node3_t1,node2transit_node3transit
C_node2node3_timber_t2,node2transit_node3transit
M_node2node3_timber_t2,node2transit_node3transit
U_node2node3_t2,node2transit_node3transit
C_node2node3_timber_t3,node2transit_node3transit
M_node2node3_timber_t3,node2transit_node3transit
U_node2node3_t3,node2transit_node3transit
C_node2node3_timber_t4,node2transit_node3transit
M_node2node3_timber_t4,node2transit_node3transit
U_node2node3_t4,node2transit_node3transit
C_node2node3_timber_t5,node2transit_node3transit
M_node2node3_timber_t5,node2transit_node3transit
U_node2node3_t5,node2transit_node3transit
C_node2node3_wide_t0,node2transit_node3transit
M_node2node3_wide_t0,node2transit_node3transit
C_node2node3_wide_t1,node2transit_node3transit
M_node2node3_wide_t1,node2transit_node3transit
C_node2node3_wide_t2,node2transit_node3transit
M_node2node3_wide_t2,node2transit_node3transit
C_node2node3_wide_t3,node2transit_node3transit
M_node2node3_wide_t3,node2transit_node3transit
C_node2node3_wide_t4,node2transit_node3transit
M_node2node3_wide_t4,node2transit_node3transit
C_node2node3_wide_t5,node2transit_node3transit
M_node2node3_wide_t5,node2transit_node3transit
C_node2node13_timber_t0,node2transit_node13exit
M_node2node13_timber_t0,node2transit_node13exit
U_node2node13_t0,node2transit_node13exit
C_node2node13_timber_t1,node2transit_node13exit
M_node2node13_timber_t1,node2transit_node13exit
U_node2node13_t1,node2transit_node13exit
C_node2node13_timber_t2,node2transit_node13exit
M_node2node13_timber_t2,node2transit_node13exit
U_node2node13_t2,node2transit_node13exit
C_node2node13_timber_t3,node2transit_node13exit
M_node2node13_timber_t3,node2transit_node13exit
U_node2node13_t3,node2transit_node13exit
C_node2node13_timber_t4,node2transit_node13exit
M_node2node13_timber_t4,node2transit_node13exit
U_node2node13_t4,node2transit_node13exit
C_node2node13_timber_t5,node2transit_node13exit
M_node2node13_timber_t5,node2transit_node13exit
U_node2node13_t5,node2transit_node13exit
C_node2node13_wide_t0,node2transit_node13exit
M_node2node13_wide_t0,node2transit_node13exit
C_node2node13_wide_t1,node2transit_node13exit
M_node2node13_wide_t1,node2transit_node13exit
C_node2node13_wide_t2,node2transit_node13exit
M_node2node13_wide_t2,node2transit_node13exit
C_node2node13_wide_t3,node2transit_node13exit
M_node2node13_wide_t3,node2transit_node13exit
C_node2node13_wide_t4,node2transit_node13exit
M_node2node13_wide_t4,node2transit_node13exit
C_node2node13_wide_t5,node2transit_node13exit
M_node2node13_wide_t5,node2transit_node13exit
C_node2node85_timber_t0,node2transit_node85source
M_node2node85_timber_t0,node2transit_node85source
U_node2node85_t0,node2transit_node85source
C_node2node85_timber_t1,node2transit_node85source
M_node2node85_timber_t1,node2transit_node85source
U_node2node85_t1,node2transit_node85source
C_node2node85_timber_t2,node2transit_node85source
M_node2node85_timber_t2,node2transit_node85source
U_node2node85_t2,node2transit_node85source
C_node2node85_timber_t3,node2transit_node85source
M_node2node85_timber_t3,node2transit_node85source
U_node2node85_t3,node2transit_node85source
C_node2node85_timber_t4,node2transit_node85source
M_node2node85_timber_t4,node2transit_node85source
U_node2node85_t4,node2transit_node85source
C_node2node85_timber_t5,node2transit_node85source
M_node2node85_timber_t5,node2transit_node85source
U_node2node85_t5,node2transit_node85source
C_node2node85_wide_t0,node2transit_node85source
M_node2node85_wide_t0,node2transit_node85source
C_node2node85_wide_t1,node2transit_node85source
M_node2node85_wide_t1,node2transit_node85source
C_node2node85_wide_t2,node2transit_node85source
M_node2node85_wide_t2,node2transit_node85source
C_node2node85_wide_t3,node2transit_node85source
M_node2node85_wide_t3,node2transit_node85source
C_node2node85_wide_t4,node2transit_node85source
M_node2node85_wide_t4,node2transit_node85source
C_node2node85_wide_t5,node2transit_node85source
M_node2node85_wide_t5,node2transit_node85source
C_node2node86_timber_t0,node2transit_node86source
M_node2node86_timber_t0,node2transit_node86source
U_node2node86_t0,node2transit_node86source
C_node2node86_timber_t1,node2transit_node86source
M_node2node86_timber_t1,node2transit_node86source
U_node2node86_t1,node2transit_node86source
C_node2node86_timber_t2,node2transit_node86source
M_node2node86_timber_t2,node2transit_node86source
U_node2node86_t2,node2transit_node86source
C_node2node86_timber_t3,node2transit_node86source
M_node2node86_timber_t3,node2transit_node86source
U_node2node86_t3,node2transit_node86source
C_node2node86_timber_t4,node2transit_node86source
M_node2node86_timber_t4,node2transit_node86source
U_node2node86_t4,node2transit_node86source
C_node2node86_timber_t5,node2transit_node86source
M_node2node86_timber_t5,node2transit_node86source
U_node2node86_t5,node2transit_node86source
C_node2node86_wide_t0,node2transit_node86source
M_node2node86_wide_t0,node2transit_node86source
C_node2node86_wide_t1,node2transit_node86source
M_node2node86_wide_t1,node2transit_node86source
C_node2node86_wide_t2,node2transit_node86source
M_node2node86_wide_t2,node2transit_node86source
C_node2node86_wide_t3,node2transit_node86source
M_node2node86_wide_t3,node2transit_node86source
C_node2node86_wide_t4,node2transit_node86source
M_node2node86_wide_t4,node2transit_node86source
C_node2node86_wide_t5,node2transit_node86source
M_node2node86_wide_t5,node2transit_node86source
C_node2node89_timber_t0,node2transit_node89source
M_node2node89_timber_t0,node2transit_node89source
U_node2node89_t0,node2transit_node89source
C_node2node89_timber_t1,node2transit_node89source
M_node2node89_timber_t1,node2transit_node89source
U_node2node89_t1,node2transit_node89source
C_node2node89_timber_t2,node2transit_node89source
M_node2node89_timber_t2,node2transit_node89source
U_node2node89_t2,node2transit_node89source
C_node2node89_timber_t3,node2transit_node89source
M_node2node89_timber_t3,node2transit_node89source
U_node2node89_t3,node2transit_node89source
C_node2node89_timber_t4,node2transit_node89source
M_node2node89_timber_t4,node2transit_node89source
U_node2node89_t4,node2transit_node89source
C_node2node89_timber_t5,node2transit_node89source
M_node2node89_timber_t5,node2transit_node89source
U_node2node89_t5,node2transit_node89source
C_node2node89_wide_t0,node2transit_node89source
M_node2node89_wide_t0,node2transit_node89source
C_node2node89_wide_t1,node2transit_node89source
M_node2node89_wide_t1,node2transit_node89source
C_node2node89_wide_t2,node2transit_node89source
M_node2node89_wide_t2,node2transit_node89source
C_node2node89_wide_t3,node2transit_node89source
M_node2node89_wide_t3,node2transit_node89source
C_node2node89_wide_t4,node2transit_node89source
M_node2node89_wide_t4,node2transit_node89source
C_node2node89_wide_t5,node2transit_node89source
M_node2node89_wide_t5,node2transit_node89source
C_node2node92_timber_t0,node2transit_node92source
M_node2node92_timber_t0,node2transit_node92source
U_node2node92_t0,node2transit_node92source
C_node2node92_timber_t1,node2transit_node92source
M_node2node92_timber_t1,node2transit_node92source
U_node2node92_t1,node2transit_node92source
C_node2node92_timber_t2,node2transit_node92source
M_node2node92_timber_t2,node2transit_node92source
U_node2node92_t2,node2transit_node92source
C_node2node92_timber_t3,node2transit_node92source
M_node2node92_timber_t3,node2transit_node92source
U_node2node92_t3,node2transit_node92source
C_node2node92_timber_t4,node2transit_node92source
M_node2node92_timber_t4,node2transit_node92source
U_node2node92_t4,node2transit_node92source
C_node2node92_timber_t5,node2transit_node92source
M_node2node92_timber_t5,node2transit_node92source
U_node2node92_t5,node2transit_node92source
C_node2node92_wide_t0,node2transit_node92source
M_node2node92_wide_t0,node2transit_node92source
C_node2node92_wide_t1,node2transit_node92source
M_node2node92_wide_t1,node2transit_node92source
C_node2node92_wide_t2,node2transit_node92source
M_node2node92_wide_t2,node2transit_node92source
C_node2node92_wide_t3,node2transit_node92source
M_node2node92_wide_t3,node2transit_node92source
C_node2node92_wide_t4,node2transit_node92source
M_node2node92_wide_t4,node2transit_node92source
C_node2node92_wide_t5,node2transit_node92source
M_node2node92_wide_t5,node2transit_node92source
C_node3node36_timber_t0,node3transit_node36exit
M_node3node36_timber_t0,node3transit_node36exit
U_node3node36_t0,node3transit_node36exit
C_node3node36_timber_t1,node3transit_node36exit
M_node3node36_timber_t1,node3transit_node36exit
U_node3node36_t1,node3transit_node36exit
C_node3node36_timber_t2,node3transit_node36exit
M_node3node36_timber_t2,node3transit_node36exit
U_node3node36_t2,node3transit_node36exit
C_node3node36_timber_t3,node3transit_node36exit
M_node3node36_timber_t3,node3transit_node36exit
U_node3node36_t3,node3transit_node36exit
C_node3node36_timber_t4,node3transit_node36exit
M_node3node36_timber_t4,node3transit_node36exit
U_node3node36_t4,node3transit_node36exit
C_node3node36_timber_t5,node3transit_node36exit
M_node3node36_timber_t5,node3transit_node36exit
U_node3node36_t5,node3transit_node36exit
C_node3node36_wide_t0,node3transit_node36exit
M_node3node36_wide_t0,node3transit_node36exit
C_node3node36_wide_t1,node3transit_node36exit
M_node3node36_wide_t1,node3transit_node36exit
C_node3node36_wide_t2,node3transit_node36exit
M_node3node36_wide_t2,node3transit_node36exit
C_node3node36_wide_t3,node3transit_node36exit
M_node3node36_wide_t3,node3transit_node36exit
C_node3node36_wide_t4,node3transit_node36exit
M_node3node36_wide_t4,node3transit_node36exit
C_node3node36_wide_t5,node3transit_node36exit
M_node3node36_wide_t5,node3transit_node36exit
C_node3node9_timber_t0,node3transit_node9transit
M_node3node9_timber_t0,node3transit_node9transit
U_node3node9_t0,node3transit_node9transit
C_node3node9_timber_t1,node3transit_node9transit
M_node3node9_timber_t1,node3transit_node9transit
U_node3node9_t1,node3transit_node9transit
C_node3node9_timber_t2,node3transit_node9transit
M_node3node9_timber_t2,node3transit_node9transit
U_node3node9_t2,node3transit_node9transit
C_node3node9_timber_t3,node3transit_node9transit
M_node3node9_timber_t3,node3transit_node9transit
U_node3node9_t3,node3transit_node9transit
C_node3node9_timber_t4,node3transit_node9transit
M_node3node9_timber_t4,node3transit_node9transit
U_node3node9_t4,node3transit_node9transit
C_node3node9_timber_t5,node3transit_node9transit
M_node3node9_timber_t5,node3transit_node9transit
U_node3node9_t5,node3transit_node9transit
C_node3node9_wide_t0,node3transit_node9transit
M_node3node9_wide_t0,node3transit_node9transit
C_node3node9_wide_t1,node3transit_node9transit
M_node3node9_wide_t1,node3transit_node9transit
C_node3node9_wide_t2,node3transit_node9transit
M_node3node9_wide_t2,node3transit_node9transit
C_node3node9_wide_t3,node3transit_node9transit
M_node3node9_wide_t3,node3transit_node9transit
C_node3node9_wide_t4,node3transit_node9transit
M_node3node9_wide_t4,node3transit_node9transit
C_node3node9_wide_t5,node3transit_node9transit
M_node3node9_wide_t5,node3transit_node9transit
C_node3node86_timber_t0,node3transit_node86source
M_node3node86_timber_t0,node3transit_node86source
U_node3node86_t0,node3transit_node86source
C_node3node86_timber_t1,node3transit_node86source
M_node3node86_timber_t1,node3transit_node86source
U_node3node86_t1,node3transit_node86source
C_node3node86_timber_t2,node3transit_node86source
M_node3node86_timber_t2,node3transit_node86source
U_node3node86_t2,node3transit_node86source
C_node3node86_timber_t3,node3transit_node86source
M_node3node86_timber_t3,node3transit_node86source
U_node3node86_t3,node3transit_node86source
C_node3node86_timber_t4,node3transit_node86source
M_node3node86_timber_t4,node3transit_node86source
U_node3node86_t4,node3transit_node86source
C_node3node86_timber_t5,node3transit_node86source
M_node3node86_timber_t5,node3transit_node86source
U_node3node86_t5,node3transit_node86source
C_node3node86_wide_t0,node3transit_node86source
M_node3node86_wide_t0,node3transit_node86source
C_node3node86_wide_t1,node3transit_node86source
M_node3node86_wide_t1,node3transit_node86source
C_node3node86_wide_t2,node3transit_node86source
M_node3node86_wide_t2,node3transit_node86source
C_node3node86_wide_t3,node3transit_node86source
M_node3node86_wide_t3,node3transit_node86source
C_node3node86_wide_t4,node3transit_node86source
M_node3node86_wide_t4,node3transit_node86source
C_node3node86_wide_t5,node3transit_node86source
M_node3node86_wide_t5,node3transit_node86source
C_node3node90_timber_t0,node3transit_node90source
M_node3node90_timber_t0,node3transit_node90source
U_node3node90_t0,node3transit_node90source
C_node3node90_timber_t1,node3transit_node90source
M_node3node90_timber_t1,node3transit_node90source
U_node3node90_t1,node3transit_node90source
C_node3node90_timber_t2,node3transit_node90source
M_node3node90_timber_t2,node3transit_node90source
U_node3node90_t2,node3transit_node90source
C_node3node90_timber_t3,node3transit_node90source
M_node3node90_timber_t3,node3transit_node90source
U_node3node90_t3,node3transit_node90source
C_node3node90_timber_t4,node3transit_node90source
M_node3node90_timber_t4,node3transit_node90source
U_node3node90_t4,node3transit_node90source
C_node3node90_timber_t5,node3transit_node90source
M_node3node90_timber_t5,node3transit_node90source
U_node3node90_t5,node3transit_node90source
C_node3node90_wide_t0,node3transit_node90source
M_node3node90_wide_t0,node3transit_node90source
C_node3node90_wide_t1,node3transit_node90source
M_node3node90_wide_t1,node3transit_node90source
C_node3node90_wide_t2,node3transit_node90source
M_node3node90_wide_t2,node3transit_node90source
C_node3node90_wide_t3,node3transit_node90source
M_node3node90_wide_t3,node3transit_node90source
C_node3node90_wide_t4,node3transit_node90source
M_node3node90_wide_t4,node3transit_node90source
C_node3node90_wide_t5,node3transit_node90source
M_node3node90_wide_t5,node3transit_node90source
C_node3node92_timber_t0,node3transit_node92source
M_node3node92_timber_t0,node3transit_node92source
U_node3node92_t0,node3transit_node92source
C_node3node92_timber_t1,node3transit_node92source
M_node3node92_timber_t1,node3transit_node92source
U_node3node92_t1,node3transit_node92source
C_node3node92_timber_t2,node3transit_node92source
M_node3node92_timber_t2,node3transit_node92source
U_node3node92_t2,node3transit_node92source
C_node3node92_timber_t3,node3transit_node92source
M_node3node92_timber_t3,node3transit_node92source
U_node3node92_t3,node3transit_node92source
C_node3node92_timber_t4,node3transit_node92source
M_node3node92_timber_t4,node3transit_node92source
U_node3node92_t4,node3transit_node92source
C_node3node92_timber_t5,node3transit_node92source
M_node3node92_timber_t5,node3transit_node92source
U_node3node92_t5,node3transit_node92source
C_node3node92_wide_t0,node3transit_node92source
M_node3node92_wide_t0,node3transit_node92source
C_node3node92_wide_t1,node3transit_node92source
M_node3node92_wide_t1,node3transit_node92source
C_node3node92_wide_t2,node3transit_node92source
M_node3node92_wide_t2,node3transit_node92source
C_node3node92_wide_t3,node3transit_node92source
M_node3node92_wide_t3,node3transit_node92source
C_node3node92_wide_t4,node3transit_node92source
M_node3node92_wide_t4,node3transit_node92source
C_node3node92_wide_t5,node3transit_node92source
M_node3node92_wide_t5,node3transit_node92source
C_node4node5_timber_t0,node4exit_node5transit
M_node4node5_timber_t0,node4exit_node5transit
U_node4node5_t0,node4exit_node5transit
C_node4node5_timber_t1,node4exit_node5transit
M_node4node5_timber_t1,node4exit_node5transit
U_node4node5_t1,node4exit_node5transit
C_node4node5_timber_t2,node4exit_node5transit
M_node4node5_timber_t2,node4exit_node5transit
U_node4node5_t2,node4exit_node5transit
C_node4node5_timber_t3,node4exit_node5transit
M_node4node5_timber_t3,node4exit_node5transit
U_node4node5_t3,node4exit_node5transit
C_node4node5_timber_t4,node4exit_node5transit
M_node4node5_timber_t4,node4exit_node5transit
U_node4node5_t4,node4exit_node5transit
C_node4node5_timber_t5,node4exit_node5transit
M_node4node5_timber_t5,node4exit_node5transit
U_node4node5_t5,node4exit_node5transit
C_node4node5_wide_t0,node4exit_node5transit
M_node4node5_wide_t0,node4exit_node5transit
C_node4node5_wide_t1,node4exit_node5transit
M_node4node5_wide_t1,node4exit_node5transit
C_node4node5_wide_t2,node4exit_node5transit
M_node4node5_wide_t2,node4exit_node5transit
C_node4node5_wide_t3,node4exit_node5transit
M_node4node5_wide_t3,node4exit_node5transit
C_node4node5_wide_t4,node4exit_node5transit
M_node4node5_wide_t4,node4exit_node5transit
C_node4node5_wide_t5,node4exit_node5transit
M_node4node5_wide_t5,node4exit_node5transit
C_node4node46_timber_t0,node4exit_node46transit
M_node4node46_timber_t0,node4exit_node46transit
U_node4node46_t0,node4exit_node46transit
C_node4node46_timber_t1,node4exit_node46transit
M_node4node46_timber_t1,node4exit_node46transit
U_node4node46_t1,node4exit_node46transit
C_node4node46_timber_t2,node4exit_node46transit
M_node4node46_timber_t2,node4exit_node46transit
U_node4node46_t2,node4exit_node46transit
C_node4node46_timber_t3,node4exit_node46transit
M_node4node46_timber_t3,node4exit_node46transit
U_node4node46_t3,node4exit_node46transit
C_node4node46_timber_t4,node4exit_node46transit
M_node4node46_timber_t4,node4exit_node46transit
U_node4node46_t4,node4exit_node46transit
C_node4node46_timber_t5,node4exit_node46transit
M_node4node46_timber_t5,node4exit_node46transit
U_node4node46_t5,node4exit_node46transit
C_node4node46_wide_t0,node4exit_node46transit
M_node4node46_wide_t0,node4exit_node46transit
C_node4node46_wide_t1,node4exit_node46transit
M_node4node46_wide_t1,node4exit_node46transit
C_node4node46_wide_t2,node4exit_node46transit
M_node4node46_wide_t2,node4exit_node46transit
C_node4node46_wide_t3,node4exit_node46transit
M_node4node46_wide_t3,node4exit_node46transit
C_node4node46_wide_t4,node4exit_node46transit
M_node4node46_wide_t4,node4exit_node46transit
C_node4node46_wide_t5,node4exit_node46transit
M_node4node46_wide_t5,node4exit_node46transit
C_node4node96_timber_t0,node4exit_node96source
M_node4node96_timber_t0,node4exit_node96source
U_node4node96_t0,node4exit_node96source
C_node4node96_timber_t1,node4exit_node96source
M_node4node96_timber_t1,node4exit_node96source
U_node4node96_t1,node4exit_node96source
C_node4node96_timber_t2,node4exit_node96source
M_node4node96_timber_t2,node4exit_node96source
U_node4node96_t2,node4exit_node96source
C_node4node96_timber_t3,node4exit_node96source
M_node4node96_timber_t3,node4exit_node96source
U_node4node96_t3,node4exit_node96source
C_node4node96_timber_t4,node4exit_node96source
M_node4node96_timber_t4,node4exit_node96source
U_node4node96_t4,node4exit_node96source
C_node4node96_timber_t5,node4exit_node96source
M_node4node96_timber_t5,node4exit_node96source
U_node4node96_t5,node4exit_node96source
C_node4node96_wide_t0,node4exit_node96source
M_node4node96_wide_t0,node4exit_node96source
C_node4node96_wide_t1,node4exit_node96source
M_node4node96_wide_t1,node4exit_node96source
C_node4node96_wide_t2,node4exit_node96source
M_node4node96_wide_t2,node4exit_node96source
C_node4node96_wide_t3,node4exit_node96source
M_node4node96_wide_t3,node4exit_node96source
C_node4node96_wide_t4,node4exit_node96source
M_node4node96_wide_t4,node4exit_node96source
C_node4node96_wide_t5,node4exit_node96source
M_node4node96_wide_t5,node4exit_node96source
C_node5node30_timber_t0,node5transit_node30transit
M_node5node30_timber_t0,node5transit_node30transit
U_node5node30_t0,node5transit_node30transit
C_node5node30_timber_t1,node5transit_node30transit
M_node5node30_timber_t1,node5transit_node30transit
U_node5node30_t1,node5transit_node30transit
C_node5node30_timber_t2,node5transit_node30transit
M_node5node30_timber_t2,node5transit_node30transit
U_node5node30_t2,node5transit_node30transit
C_node5node30_timber_t3,node5transit_node30transit
M_node5node30_timber_t3,node5transit_node30transit
U_node5node30_t3,node5transit_node30transit
C_node5node30_timber_t4,node5transit_node30transit
M_node5node30_timber_t4,node5transit_node30transit
U_node5node30_t4,node5transit_node30transit
C_node5node30_timber_t5,node5transit_node30transit
M_node5node30_timber_t5,node5transit_node30transit
U_node5node30_t5,node5transit_node30transit
C_node5node30_wide_t0,node5transit_node30transit
M_node5node30_wide_t0,node5transit_node30transit
C_node5node30_wide_t1,node5transit_node30transit
M_node5node30_wide_t1,node5transit_node30transit
C_node5node30_wide_t2,node5transit_node30transit
M_node5node30_wide_t2,node5transit_node30transit
C_node5node30_wide_t3,node5transit_node30transit
M_node5node30_wide_t3,node5transit_node30transit
C_node5node30_wide_t4,node5transit_node30transit
M_node5node30_wide_t4,node5transit_node30transit
C_node5node30_wide_t5,node5transit_node30transit
M_node5node30_wide_t5,node5transit_node30transit
C_node5node50_timber_t0,node5transit_node50transit
M_node5node50_timber_t0,node5transit_node50transit
U_node5node50_t0,node5transit_node50transit
C_node5node50_timber_t1,node5transit_node50transit
M_node5node50_timber_t1,node5transit_node50transit
U_node5node50_t1,node5transit_node50transit
C_node5node50_timber_t2,node5transit_node50transit
M_node5node50_timber_t2,node5transit_node50transit
U_node5node50_t2,node5transit_node50transit
C_node5node50_timber_t3,node5transit_node50transit
M_node5node50_timber_t3,node5transit_node50transit
U_node5node50_t3,node5transit_node50transit
C_node5node50_timber_t4,node5transit_node50transit
M_node5node50_timber_t4,node5transit_node50transit
U_node5node50_t4,node5transit_node50transit
C_node5node50_timber_t5,node5transit_node50transit
M_node5node50_timber_t5,node5transit_node50transit
U_node5node50_t5,node5transit_node50transit
C_node5node50_wide_t0,node5transit_node50transit
M_node5node50_wide_t0,node5transit_node50transit
C_node5node50_wide_t1,node5transit_node50transit
M_node5node50_wide_t1,node5transit_node50transit
C_node5node50_wide_t2,node5transit_node50transit
M_node5node50_wide_t2,node5transit_node50transit
C_node5node50_wide_t3,node5transit_node50transit
M_node5node50_wide_t3,node5transit_node50transit
C_node5node50_wide_t4,node5transit_node50transit
M_node5node50_wide_t4,node5transit_node50transit
C_node5node50_wide_t5,node5transit_node50transit
M_node5node50_wide_t5,node5transit_node50transit
C_node5node81_timber_t0,node5transit_node81source
M_node5node81_timber_t0,node5transit_node81source
U_node5node81_t0,node5transit_node81source
C_node5node81_timber_t1,node5transit_node81source
M_node5node81_timber_t1,node5transit_node81source
U_node5node81_t1,node5transit_node81source
C_node5node81_timber_t2,node5transit_node81source
M_node5node81_timber_t2,node5transit_node81source
U_node5node81_t2,node5transit_node81source
C_node5node81_timber_t3,node5transit_node81source
M_node5node81_timber_t3,node5transit_node81source
U_node5node81_t3,node5transit_node81source
C_node5node81_timber_t4,node5transit_node81source
M_node5node81_timber_t4,node5transit_node81source
U_node5node81_t4,node5transit_node81source
C_node5node81_timber_t5,node5transit_node81source
M_node5node81_timber_t5,node5transit_node81source
U_node5node81_t5,node5transit_node81source
C_node5node81_wide_t0,node5transit_node81source
M_node5node81_wide_t0,node5transit_node81source
C_node5node81_wide_t1,node5transit_node81source
M_node5node81_wide_t1,node5transit_node81source
C_node5node81_wide_t2,node5transit_node81source
M_node5node81_wide_t2,node5transit_node81source
C_node5node81_wide_t3,node5transit_node81source
M_node5node81_wide_t3,node5transit_node81source
C_node5node81_wide_t4,node5transit_node81source
M_node5node81_wide_t4,node5transit_node81source
C_node5node81_wide_t5,node5transit_node81source
M_node5node81_wide_t5,node5transit_node81source
C_node5node96_timber_t0,node5transit_node96source
M_node5node96_timber_t0,node5transit_node96source
U_node5node96_t0,node5transit_node96source
C_node5node96_timber_t1,node5transit_node96source
M_node5node96_timber_t1,node5transit_node96source
U_node5node96_t1,node5transit_node96source
C_node5node96_timber_t2,node5transit_node96source
M_node5node96_timber_t2,node5transit_node96source
U_node5node96_t2,node5transit_node96source
C_node5node96_timber_t3,node5transit_node96source
M_node5node96_timber_t3,node5transit_node96source
U_node5node96_t3,node5transit_node96source
C_node5node96_timber_t4,node5transit_node96source
M_node5node96_timber_t4,node5transit_node96source
U_node5node96_t4,node5transit_node96source
C_node5node96_timber_t5,node5transit_node96source
M_node5node96_timber_t5,node5transit_node96source
U_node5node96_t5,node5transit_node96source
C_node5node96_wide_t0,node5transit_node96source
M_node5node96_wide_t0,node5transit_node96source
C_node5node96_wide_t1,node5transit_node96source
M_node5node96_wide_t1,node5transit_node96source
C_node5node96_wide_t2,node5transit_node96source
M_node5node96_wide_t2,node5transit_node96source
C_node5node96_wide_t3,node5transit_node96source
M_node5node96_wide_t3,node5transit_node96source
C_node5node96_wide_t4,node5transit_node96source
M_node5node96_wide_t4,node5transit_node96source
C_node5node96_wide_t5,node5transit_node96source
M_node5node96_wide_t5,node5transit_node96source
C_node6node51_timber_t0,node6transit_node51transit
M_node6node51_timber_t0,node6transit_node51transit
U_node6node51_t0,node6transit_node51transit
C_node6node51_timber_t1,node6transit_node51transit
M_node6node51_timber_t1,node6transit_node51transit
U_node6node51_t1,node6transit_node51transit
C_node6node51_timber_t2,node6transit_node51transit
M_node6node51_timber_t2,node6transit_node51transit
U_node6node51_t2,node6transit_node51transit
C_node6node51_timber_t3,node6transit_node51transit
M_node6node51_timber_t3,node6transit_node51transit
U_node6node51_t3,node6transit_node51transit
C_node6node51_timber_t4,node6transit_node51transit
M_node6node51_timber_t4,node6transit_node51transit
U_node6node51_t4,node6transit_node51transit
C_node6node51_timber_t5,node6transit_node51transit
M_node6node51_timber_t5,node6transit_node51transit
U_node6node51_t5,node6transit_node51transit
C_node6node51_wide_t0,node6transit_node51transit
M_node6node51_wide_t0,node6transit_node51transit
C_node6node51_wide_t1,node6transit_node51transit
M_node6node51_wide_t1,node6transit_node51transit
C_node6node51_wide_t2,node6transit_node51transit
M_node6node51_wide_t2,node6transit_node51transit
C_node6node51_wide_t3,node6transit_node51transit
M_node6node51_wide_t3,node6transit_node51transit
C_node6node51_wide_t4,node6transit_node51transit
M_node6node51_wide_t4,node6transit_node51transit
C_node6node51_wide_t5,node6transit_node51transit
M_node6node51_wide_t5,node6transit_node51transit
C_node6node15_timber_t0,node6transit_node15transit
M_node6node15_timber_t0,node6transit_node15transit
U_node6node15_t0,node6transit_node15transit
C_node6node15_timber_t1,node6transit_node15transit
M_node6node15_timber_t1,node6transit_node15transit
U_node6node15_t1,node6transit_node15transit
C_node6node15_timber_t2,node6transit_node15transit
M_node6node15_timber_t2,node6transit_node15transit
U_node6node15_t2,node6transit_node15transit
C_node6node15_timber_t3,node6transit_node15transit
M_node6node15_timber_t3,node6transit_node15transit
U_node6node15_t3,node6transit_node15transit
C_node6node15_timber_t4,node6transit_node15transit
M_node6node15_timber_t4,node6transit_node15transit
U_node6node15_t4,node6transit_node15transit
C_node6node15_timber_t5,node6transit_node15transit
M_node6node15_timber_t5,node6transit_node15transit
U_node6node15_t5,node6transit_node15transit
C_node6node15_wide_t0,node6transit_node15transit
M_node6node15_wide_t0,node6transit_node15transit
C_node6node15_wide_t1,node6transit_node15transit
M_node6node15_wide_t1,node6transit_node15transit
C_node6node15_wide_t2,node6transit_node15transit
M_node6node15_wide_t2,node6transit_node15transit
C_node6node15_wide_t3,node6transit_node15transit
M_node6node15_wide_t3,node6transit_node15transit
C_node6node15_wide_t4,node6transit_node15transit
M_node6node15_wide_t4,node6transit_node15transit
C_node6node15_wide_t5,node6transit_node15transit
M_node6node15_wide_t5,node6transit_node15transit
C_node6node56_timber_t0,node6transit_node56exit
M_node6node56_timber_t0,node6transit_node56exit
U_node6node56_t0,node6transit_node56exit
C_node6node56_timber_t1,node6transit_node56exit
M_node6node56_timber_t1,node6transit_node56exit
U_node6node56_t1,node6transit_node56exit
C_node6node56_timber_t2,node6transit_node56exit
M_node6node56_timber_t2,node6transit_node56exit
U_node6node56_t2,node6transit_node56exit
C_node6node56_timber_t3,node6transit_node56exit
M_node6node56_timber_t3,node6transit_node56exit
U_node6node56_t3,node6transit_node56exit
C_node6node56_timber_t4,node6transit_node56exit
M_node6node56_timber_t4,node6transit_node56exit
U_node6node56_t4,node6transit_node56exit
C_node6node56_timber_t5,node6transit_node56exit
M_node6node56_timber_t5,node6transit_node56exit
U_node6node56_t5,node6transit_node56exit
C_node6node56_wide_t0,node6transit_node56exit
M_node6node56_wide_t0,node6transit_node56exit
C_node6node56_wide_t1,node6transit_node56exit
M_node6node56_wide_t1,node6transit_node56exit
C_node6node56_wide_t2,node6transit_node56exit
M_node6node56_wide_t2,node6transit_node56exit
C_node6node56_wide_t3,node6transit_node56exit
M_node6node56_wide_t3,node6transit_node56exit
C_node6node56_wide_t4,node6transit_node56exit
M_node6node56_wide_t4,node6transit_node56exit
C_node6node56_wide_t5,node6transit_node56exit
M_node6node56_wide_t5,node6transit_node56exit
C_node6node75_timber_t0,node6transit_node75source
M_node6node75_timber_t0,node6transit_node75source
U_node6node75_t0,node6transit_node75source
C_node6node75_timber_t1,node6transit_node75source
M_node6node75_timber_t1,node6transit_node75source
U_node6node75_t1,node6transit_node75source
C_node6node75_timber_t2,node6transit_node75source
M_node6node75_timber_t2,node6transit_node75source
U_node6node75_t2,node6transit_node75source
C_node6node75_timber_t3,node6transit_node75source
M_node6node75_timber_t3,node6transit_node75source
U_node6node75_t3,node6transit_node75source
C_node6node75_timber_t4,node6transit_node75source
M_node6node75_timber_t4,node6transit_node75source
U_node6node75_t4,node6transit_node75source
C_node6node75_timber_t5,node6transit_node75source
M_node6node75_timber_t5,node6transit_node75source
U_node6node75_t5,node6transit_node75source
C_node6node75_wide_t0,node6transit_node75source
M_node6node75_wide_t0,node6transit_node75source
C_node6node75_wide_t1,node6transit_node75source
M_node6node75_wide_t1,node6transit_node75source
C_node6node75_wide_t2,node6transit_node75source
M_node6node75_wide_t2,node6transit_node75source
C_node6node75_wide_t3,node6transit_node75source
M_node6node75_wide_t3,node6transit_node75source
C_node6node75_wide_t4,node6transit_node75source
M_node6node75_wide_t4,node6transit_node75source
C_node6node75_wide_t5,node6transit_node75source
M_node6node75_wide_t5,node6transit_node75source
C_node6node76_timber_t0,node6transit_node76source
M_node6node76_timber_t0,node6transit_node76source
U_node6node76_t0,node6transit_node76source
C_node6node76_timber_t1,node6transit_node76source
M_node6node76_timber_t1,node6transit_node76source
U_node6node76_t1,node6transit_node76source
C_node6node76_timber_t2,node6transit_node76source
M_node6node76_timber_t2,node6transit_node76source
U_node6node76_t2,node6transit_node76source
C_node6node76_timber_t3,node6transit_node76source
M_node6node76_timber_t3,node6transit_node76source
U_node6node76_t3,node6transit_node76source
C_node6node76_timber_t4,node6transit_node76source
M_node6node76_timber_t4,node6transit_node76source
U_node6node76_t4,node6transit_node76source
C_node6node76_timber_t5,node6transit_node76source
M_node6node76_timber_t5,node6transit_node76source
U_node6node76_t5,node6transit_node76source
C_node6node76_wide_t0,node6transit_node76source
M_node6node76_wide_t0,node6transit_node76source
C_node6node76_wide_t1,node6transit_node76source
M_node6node76_wide_t1,node6transit_node76source
C_node6node76_wide_t2,node6transit_node76source
M_node6node76_wide_t2,node6transit_node76source
C_node6node76_wide_t3,node6transit_node76source
M_node6node76_wide_t3,node6transit_node76source
C_node6node76_wide_t4,node6transit_node76source
M_node6node76_wide_t4,node6transit_node76source
C_node6node76_wide_t5,node6transit_node76source
M_node6node76_wide_t5,node6transit_node76source
C_node6node80_timber_t0,node6transit_node80source
M_node6node80_timber_t0,node6transit_node80source
U_node6node80_t0,node6transit_node80source
C_node6node80_timber_t1,node6transit_node80source
M_node6node80_timber_t1,node6transit_node80source
U_node6node80_t1,node6transit_node80source
C_node6node80_timber_t2,node6transit_node80source
M_node6node80_timber_t2,node6transit_node80source
U_node6node80_t2,node6transit_node80source
C_node6node80_timber_t3,node6transit_node80source
M_node6node80_timber_t3,node6transit_node80source
U_node6node80_t3,node6transit_node80source
C_node6node80_timber_t4,node6transit_node80source
M_node6node80_timber_t4,node6transit_node80source
U_node6node80_t4,node6transit_node80source
C_node6node80_timber_t5,node6transit_node80source
M_node6node80_timber_t5,node6transit_node80source
U_node6node80_t5,node6transit_node80source
C_node6node80_wide_t0,node6transit_node80source
M_node6node80_wide_t0,node6transit_node80source
C_node6node80_wide_t1,node6transit_node80source
M_node6node80_wide_t1,node6transit_node80source
C_node6node80_wide_t2,node6transit_node80source
M_node6node80_wide_t2,node6transit_node80source
C_node6node80_wide_t3,node6transit_node80source
M_node6node80_wide_t3,node6transit_node80source
C_node6node80_wide_t4,node6transit_node80source
M_node6node80_wide_t4,node6transit_node80source
C_node6node80_wide_t5,node6transit_node80source
M_node6node80_wide_t5,node6transit_node80source
C_node7node10_timber_t0,node7transit_node10transit
M_node7node10_timber_t0,node7transit_node10transit
U_node7node10_t0,node7transit_node10transit
C_node7node10_timber_t1,node7transit_node10transit
M_node7node10_timber_t1,node7transit_node10transit
U_node7node10_t1,node7transit_node10transit
C_node7node10_timber_t2,node7transit_node10transit
M_node7node10_timber_t2,node7transit_node10transit
U_node7node10_t2,node7transit_node10transit
C_node7node10_timber_t3,node7transit_node10transit
M_node7node10_timber_t3,node7transit_node10transit
U_node7node10_t3,node7transit_node10transit
C_node7node10_timber_t4,node7transit_node10transit
M_node7node10_timber_t4,node7transit_node10transit
U_node7node10_t4,node7transit_node10transit
C_node7node10_timber_t5,node7transit_node10transit
M_node7node10_timber_t5,node7transit_node10transit
U_node7node10_t5,node7transit_node10transit
C_node7node10_wide_t0,node7transit_node10transit
M_node7node10_wide_t0,node7transit_node10transit
C_node7node10_wide_t1,node7transit_node10transit
M_node7node10_wide_t1,node7transit_node10transit
C_node7node10_wide_t2,node7transit_node10transit
M_node7node10_wide_t2,node7transit_node10transit
C_node7node10_wide_t3,node7transit_node10transit
M_node7node10_wide_t3,node7transit_node10transit
C_node7node10_wide_t4,node7transit_node10transit
M_node7node10_wide_t4,node7transit_node10transit
C_node7node10_wide_t5,node7transit_node10transit
M_node7node10_wide_t5,node7transit_node10transit
C_node7node42_timber_t0,node7transit_node42transit
M_node7node42_timber_t0,node7transit_node42transit
U_node7node42_t0,node7transit_node42transit
C_node7node42_timber_t1,node7transit_node42transit
M_node7node42_timber_t1,node7transit_node42transit
U_node7node42_t1,node7transit_node42transit
C_node7node42_timber_t2,node7transit_node42transit
M_node7node42_timber_t2,node7transit_node42transit
U_node7node42_t2,node7transit_node42transit
C_node7node42_timber_t3,node7transit_node42transit
M_node7node42_timber_t3,node7transit_node42transit
U_node7node42_t3,node7transit_node42transit
C_node7node42_timber_t4,node7transit_node42transit
M_node7node42_timber_t4,node7transit_node42transit
U_node7node42_t4,node7transit_node42transit
C_node7node42_timber_t5,node7transit_node42transit
M_node7node42_timber_t5,node7transit_node42transit
U_node7node42_t5,node7transit_node42transit
C_node7node42_wide_t0,node7transit_node42transit
M_node7node42_wide_t0,node7transit_node42transit
C_node7node42_wide_t1,node7transit_node42transit
M_node7node42_wide_t1,node7transit_node42transit
C_node7node42_wide_t2,node7transit_node42transit
M_node7node42_wide_t2,node7transit_node42transit
C_node7node42_wide_t3,node7transit_node42transit
M_node7node42_wide_t3,node7transit_node42transit
C_node7node42_wide_t4,node7transit_node42transit
M_node7node42_wide_t4,node7transit_node42transit
C_node7node42_wide_t5,node7transit_node42transit
M_node7node42_wide_t5,node7transit_node42transit
C_node7node33_timber_t0,node7transit_node33exit
M_node7node33_timber_t0,node7transit_node33exit
U_node7node33_t0,node7transit_node33exit
C_node7node33_timber_t1,node7transit_node33exit
M_node7node33_timber_t1,node7transit_node33exit
U_node7node33_t1,node7transit_node33exit
C_node7node33_timber_t2,node7transit_node33exit
M_node7node33_timber_t2,node7transit_node33exit
U_node7node33_t2,node7transit_node33exit
C_node7node33_timber_t3,node7transit_node33exit
M_node7node33_timber_t3,node7transit_node33exit
U_node7node33_t3,node7transit_node33exit
C_node7node33_timber_t4,node7transit_node33exit
M_node7node33_timber_t4,node7transit_node33exit
U_node7node33_t4,node7transit_node33exit
C_node7node33_timber_t5,node7transit_node33exit
M_node7node33_timber_t5,node7transit_node33exit
U_node7node33_t5,node7transit_node33exit
C_node7node33_wide_t0,node7transit_node33exit
M_node7node33_wide_t0,node7transit_node33exit
C_node7node33_wide_t1,node7transit_node33exit
M_node7node33_wide_t1,node7transit_node33exit
C_node7node33_wide_t2,node7transit_node33exit
M_node7node33_wide_t2,node7transit_node33exit
C_node7node33_wide_t3,node7transit_node33exit
M_node7node33_wide_t3,node7transit_node33exit
C_node7node33_wide_t4,node7transit_node33exit
M_node7node33_wide_t4,node7transit_node33exit
C_node7node33_wide_t5,node7transit_node33exit
M_node7node33_wide_t5,node7transit_node33exit
C_node7node73_timber_t0,node7transit_node73source
M_node7node73_timber_t0,node7transit_node73source
U_node7node73_t0,node7transit_node73source
C_node7node73_timber_t1,node7transit_node73source
M_node7node73_timber_t1,node7transit_node73source
U_node7node73_t1,node7transit_node73source
C_node7node73_timber_t2,node7transit_node73source
M_node7node73_timber_t2,node7transit_node73source
U_node7node73_t2,node7transit_node73source
C_node7node73_timber_t3,node7transit_node73source
M_node7node73_timber_t3,node7transit_node73source
U_node7node73_t3,node7transit_node73source
C_node7node73_timber_t4,node7transit_node73source
M_node7node73_timber_t4,node7transit_node73source
U_node7node73_t4,node7transit_node73source
C_node7node73_timber_t5,node7transit_node73source
M_node7node73_timber_t5,node7transit_node73source
U_node7node73_t5,node7transit_node73source
C_node7node73_wide_t0,node7transit_node73source
M_node7node73_wide_t0,node7transit_node73source
C_node7node73_wide_t1,node7transit_node73source
M_node7node73_wide_t1,node7transit_node73source
C_node7node73_wide_t2,node7transit_node73source
M_node7node73_wide_t2,node7transit_node73source
C_node7node73_wide_t3,node7transit_node73source
M_node7node73_wide_t3,node7transit_node73source
C_node7node73_wide_t4,node7transit_node73source
M_node7node73_wide_t4,node7transit_node73source
C_node7node73_wide_t5,node7transit_node73source
M_node7node73_wide_t5,node7transit_node73source
C_node7node74_timber_t0,node7transit_node74source
M_node7node74_timber_t0,node7transit_node74source
U_node7node74_t0,node7transit_node74source
C_node7node74_timber_t1,node7transit_node74source
M_node7node74_timber_t1,node7transit_node74source
U_node7node74_t1,node7transit_node74source
C_node7node74_timber_t2,node7transit_node74source
M_node7node74_timber_t2,node7transit_node74source
U_node7node74_t2,node7transit_node74source
C_node7node74_timber_t3,node7transit_node74source
M_node7node74_timber_t3,node7transit_node74source
U_node7node74_t3,node7transit_node74source
C_node7node74_timber_t4,node7transit_node74source
M_node7node74_timber_t4,node7transit_node74source
U_node7node74_t4,node7transit_node74source
C_node7node74_timber_t5,node7transit_node74source
M_node7node74_timber_t5,node7transit_node74source
U_node7node74_t5,node7transit_node74source
C_node7node74_wide_t0,node7transit_node74source
M_node7node74_wide_t0,node7transit_node74source
C_node7node74_wide_t1,node7transit_node74source
M_node7node74_wide_t1,node7transit_node74source
C_node7node74_wide_t2,node7transit_node74source
M_node7node74_wide_t2,node7transit_node74source
C_node7node74_wide_t3,node7transit_node74source
M_node7node74_wide_t3,node7transit_node74source
C_node7node74_wide_t4,node7transit_node74source
M_node7node74_wide_t4,node7transit_node74source
C_node7node74_wide_t5,node7transit_node74source
M_node7node74_wide_t5,node7transit_node74source
C_node8node44_timber_t0,node8exit_node44transit
M_node8node44_timber_t0,node8exit_node44transit
U_node8node44_t0,node8exit_node44transit
C_node8node44_timber_t1,node8exit_node44transit
M_node8node44_timber_t1,node8exit_node44transit
U_node8node44_t1,node8exit_node44transit
C_node8node44_timber_t2,node8exit_node44transit
M_node8node44_timber_t2,node8exit_node44transit
U_node8node44_t2,node8exit_node44transit
C_node8node44_timber_t3,node8exit_node44transit
M_node8node44_timber_t3,node8exit_node44transit
U_node8node44_t3,node8exit_node44transit
C_node8node44_timber_t4,node8exit_node44transit
M_node8node44_timber_t4,node8exit_node44transit
U_node8node44_t4,node8exit_node44transit
C_node8node44_timber_t5,node8exit_node44transit
M_node8node44_timber_t5,node8exit_node44transit
U_node8node44_t5,node8exit_node44transit
C_node8node44_wide_t0,node8exit_node44transit
M_node8node44_wide_t0,node8exit_node44transit
C_node8node44_wide_t1,node8exit_node44transit
M_node8node44_wide_t1,node8exit_node44transit
C_node8node44_wide_t2,node8exit_node44transit
M_node8node44_wide_t2,node8exit_node44transit
C_node8node44_wide_t3,node8exit_node44transit
M_node8node44_wide_t3,node8exit_node44transit
C_node8node44_wide_t4,node8exit_node44transit
M_node8node44_wide_t4,node8exit_node44transit
C_node8node44_wide_t5,node8exit_node44transit
M_node8node44_wide_t5,node8exit_node44transit
C_node8node88_timber_t0,node8exit_node88source
M_node8node88_timber_t0,node8exit_node88source
U_node8node88_t0,node8exit_node88source
C_node8node88_timber_t1,node8exit_node88source
M_node8node88_timber_t1,node8exit_node88source
U_node8node88_t1,node8exit_node88source
C_node8node88_timber_t2,node8exit_node88source
M_node8node88_timber_t2,node8exit_node88source
U_node8node88_t2,node8exit_node88source
C_node8node88_timber_t3,node8exit_node88source
M_node8node88_timber_t3,node8exit_node88source
U_node8node88_t3,node8exit_node88source
C_node8node88_timber_t4,node8exit_node88source
M_node8node88_timber_t4,node8exit_node88source
U_node8node88_t4,node8exit_node88source
C_node8node88_timber_t5,node8exit_node88source
M_node8node88_timber_t5,node8exit_node88source
U_node8node88_t5,node8exit_node88source
C_node8node88_wide_t0,node8exit_node88source
M_node8node88_wide_t0,node8exit_node88source
C_node8node88_wide_t1,node8exit_node88source
M_node8node88_wide_t1,node8exit_node88source
C_node8node88_wide_t2,node8exit_node88source
M_node8node88_wide_t2,node8exit_node88source
C_node8node88_wide_t3,node8exit_node88source
M_node8node88_wide_t3,node8exit_node88source
C_node8node88_wide_t4,node8exit_node88source
M_node8node88_wide_t4,node8exit_node88source
C_node8node88_wide_t5,node8exit_node88source
M_node8node88_wide_t5,node8exit_node88source
C_node8node91_timber_t0,node8exit_node91source
M_node8node91_timber_t0,node8exit_node91source
U_node8node91_t0,node8exit_node91source
C_node8node91_timber_t1,node8exit_node91source
M_node8node91_timber_t1,node8exit_node91source
U_node8node91_t1,node8exit_node91source
C_node8node91_timber_t2,node8exit_node91source
M_node8node91_timber_t2,node8exit_node91source
U_node8node91_t2,node8exit_node91source
C_node8node91_timber_t3,node8exit_node91source
M_node8node91_timber_t3,node8exit_node91source
U_node8node91_t3,node8exit_node91source
C_node8node91_timber_t4,node8exit_node91source
M_node8node91_timber_t4,node8exit_node91source
U_node8node91_t4,node8exit_node91source
C_node8node91_timber_t5,node8exit_node91source
M_node8node91_timber_t5,node8exit_node91source
U_node8node91_t5,node8exit_node91source
C_node8node91_wide_t0,node8exit_node91source
M_node8node91_wide_t0,node8exit_node91source
C_node8node91_wide_t1,node8exit_node91source
M_node8node91_wide_t1,node8exit_node91source
C_node8node91_wide_t2,node8exit_node91source
M_node8node91_wide_t2,node8exit_node91source
C_node8node91_wide_t3,node8exit_node91source
M_node8node91_wide_t3,node8exit_node91source
C_node8node91_wide_t4,node8exit_node91source
M_node8node91_wide_t4,node8exit_node91source
C_node8node91_wide_t5,node8exit_node91source
M_node8node91_wide_t5,node8exit_node91source
C_node9node38_timber_t0,node9transit_node38transit
M_node9node38_timber_t0,node9transit_node38transit
U_node9node38_t0,node9transit_node38transit
C_node9node38_timber_t1,node9transit_node38transit
M_node9node38_timber_t1,node9transit_node38transit
U_node9node38_t1,node9transit_node38transit
C_node9node38_timber_t2,node9transit_node38transit
M_node9node38_timber_t2,node9transit_node38transit
U_node9node38_t2,node9transit_node38transit
C_node9node38_timber_t3,node9transit_node38transit
M_node9node38_timber_t3,node9transit_node38transit
U_node9node38_t3,node9transit_node38transit
C_node9node38_timber_t4,node9transit_node38transit
M_node9node38_timber_t4,node9transit_node38transit
U_node9node38_t4,node9transit_node38transit
C_node9node38_timber_t5,node9transit_node38transit
M_node9node38_timber_t5,node9transit_node38transit
U_node9node38_t5,node9transit_node38transit
C_node9node38_wide_t0,node9transit_node38transit
M_node9node38_wide_t0,node9transit_node38transit
C_node9node38_wide_t1,node9transit_node38transit
M_node9node38_wide_t1,node9transit_node38transit
C_node9node38_wide_t2,node9transit_node38transit
M_node9node38_wide_t2,node9transit_node38transit
C_node9node38_wide_t3,node9transit_node38transit
M_node9node38_wide_t3,node9transit_node38transit
C_node9node38_wide_t4,node9transit_node38transit
M_node9node38_wide_t4,node9transit_node38transit
C_node9node38_wide_t5,node9transit_node38transit
M_node9node38_wide_t5,node9transit_node38transit
C_node9node27_timber_t0,node9transit_node27transit
M_node9node27_timber_t0,node9transit_node27transit
U_node9node27_t0,node9transit_node27transit
C_node9node27_timber_t1,node9transit_node27transit
M_node9node27_timber_t1,node9transit_node27transit
U_node9node27_t1,node9transit_node27transit
C_node9node27_timber_t2,node9transit_node27transit
M_node9node27_timber_t2,node9transit_node27transit
U_node9node27_t2,node9transit_node27transit
C_node9node27_timber_t3,node9transit_node27transit
M_node9node27_timber_t3,node9transit_node27transit
U_node9node27_t3,node9transit_node27transit
C_node9node27_timber_t4,node9transit_node27transit
M_node9node27_timber_t4,node9transit_node27transit
U_node9node27_t4,node9transit_node27transit
C_node9node27_timber_t5,node9transit_node27transit
M_node9node27_timber_t5,node9transit_node27transit
U_node9node27_t5,node9transit_node27transit
C_node9node27_wide_t0,node9transit_node27transit
M_node9node27_wide_t0,node9transit_node27transit
C_node9node27_wide_t1,node9transit_node27transit
M_node9node27_wide_t1,node9transit_node27transit
C_node9node27_wide_t2,node9transit_node27transit
M_node9node27_wide_t2,node9transit_node27transit
C_node9node27_wide_t3,node9transit_node27transit
M_node9node27_wide_t3,node9transit_node27transit
C_node9node27_wide_t4,node9transit_node27transit
M_node9node27_wide_t4,node9transit_node27transit
C_node9node27_wide_t5,node9transit_node27transit
M_node9node27_wide_t5,node9transit_node27transit
C_node9node90_timber_t0,node9transit_node90source
M_node9node90_timber_t0,node9transit_node90source
U_node9node90_t0,node9transit_node90source
C_node9node90_timber_t1,node9transit_node90source
M_node9node90_timber_t1,node9transit_node90source
U_node9node90_t1,node9transit_node90source
C_node9node90_timber_t2,node9transit_node90source
M_node9node90_timber_t2,node9transit_node90source
U_node9node90_t2,node9transit_node90source
C_node9node90_timber_t3,node9transit_node90source
M_node9node90_timber_t3,node9transit_node90source
U_node9node90_t3,node9transit_node90source
C_node9node90_timber_t4,node9transit_node90source
M_node9node90_timber_t4,node9transit_node90source
U_node9node90_t4,node9transit_node90source
C_node9node90_timber_t5,node9transit_node90source
M_node9node90_timber_t5,node9transit_node90source
U_node9node90_t5,node9transit_node90source
C_node9node90_wide_t0,node9transit_node90source
M_node9node90_wide_t0,node9transit_node90source
C_node9node90_wide_t1,node9transit_node90source
M_node9node90_wide_t1,node9transit_node90source
C_node9node90_wide_t2,node9transit_node90source
M_node9node90_wide_t2,node9transit_node90source
C_node9node90_wide_t3,node9transit_node90source
M_node9node90_wide_t3,node9transit_node90source
C_node9node90_wide_t4,node9transit_node90source
M_node9node90_wide_t4,node9transit_node90source
C_node9node90_wide_t5,node9transit_node90source
M_node9node90_wide_t5,node9transit_node90source
C_node9node92_timber_t0,node9transit_node92source
M_node9node92_timber_t0,node9transit_node92source
U_node9node92_t0,node9transit_node92source
C_node9node92_timber_t1,node9transit_node92source
M_node9node92_timber_t1,node9transit_node92source
U_node9node92_t1,node9transit_node92source
C_node9node92_timber_t2,node9transit_node92source
M_node9node92_timber_t2,node9transit_node92source
U_node9node92_t2,node9transit_node92source
C_node9node92_timber_t3,node9transit_node92source
M_node9node92_timber_t3,node9transit_node92source
U_node9node92_t3,node9transit_node92source
C_node9node92_timber_t4,node9transit_node92source
M_node9node92_timber_t4,node9transit_node92source
U_node9node92_t4,node9transit_node92source
C_node9node92_timber_t5,node9transit_node92source
M_node9node92_timber_t5,node9transit_node92source
U_node9node92_t5,node9transit_node92source
C_node9node92_wide_t0,node9transit_node92source
M_node9node92_wide_t0,node9transit_node92source
C_node9node92_wide_t1,node9transit_node92source
M_node9node92_wide_t1,node9transit_node92source
C_node9node92_wide_t2,node9transit_node92source
M_node9node92_wide_t2,node9transit_node92source
C_node9node92_wide_t3,node9transit_node92source
M_node9node92_wide_t3,node9transit_node92source
C_node9node92_wide_t4,node9transit_node92source
M_node9node92_wide_t4,node9transit_node92source
C_node9node92_wide_t5,node9transit_node92source
M_node9node92_wide_t5,node9transit_node92source
C_node9node95_timber_t0,node9transit_node95source
M_node9node95_timber_t0,node9transit_node95source
U_node9node95_t0,node9transit_node95source
C_node9node95_timber_t1,node9transit_node95source
M_node9node95_timber_t1,node9transit_node95source
U_node9node95_t1,node9transit_node95source
C_node9node95_timber_t2,node9transit_node95source
M_node9node95_timber_t2,node9transit_node95source
U_node9node95_t2,node9transit_node95source
C_node9node95_timber_t3,node9transit_node95source
M_node9node95_timber_t3,node9transit_node95source
U_node9node95_t3,node9transit_node95source
C_node9node95_timber_t4,node9transit_node95source
M_node9node95_timber_t4,node9transit_node95source
U_node9node95_t4,node9transit_node95source
C_node9node95_timber_t5,node9transit_node95source
M_node9node95_timber_t5,node9transit_node95source
U_node9node95_t5,node9transit_node95source
C_node9node95_wide_t0,node9transit_node95source
M_node9node95_wide_t0,node9transit_node95source
C_node9node95_wide_t1,node9transit_node95source
M_node9node95_wide_t1,node9transit_node95source
C_node9node95_wide_t2,node9transit_node95source
M_node9node95_wide_t2,node9transit_node95source
C_node9node95_wide_t3,node9transit_node95source
M_node9node95_wide_t3,node9transit_node95source
C_node9node95_wide_t4,node9transit_node95source
M_node9node95_wide_t4,node9transit_node95source
C_node9node95_wide_t5,node9transit_node95source
M_node9node95_wide_t5,node9transit_node95source
C_node10node58_timber_t0,node10transit_node58exit
M_node10node58_timber_t0,node10transit_node58exit
U_node10node58_t0,node10transit_node58exit
C_node10node58_timber_t1,node10transit_node58exit
M_node10node58_timber_t1,node10transit_node58exit
U_node10node58_t1,node10transit_node58exit
C_node10node58_timber_t2,node10transit_node58exit
M_node10node58_timber_t2,node10transit_node58exit
U_node10node58_t2,node10transit_node58exit
C_node10node58_timber_t3,node10transit_node58exit
M_node10node58_timber_t3,node10transit_node58exit
U_node10node58_t3,node10transit_node58exit
C_node10node58_timber_t4,node10transit_node58exit
M_node10node58_timber_t4,node10transit_node58exit
U_node10node58_t4,node10transit_node58exit
C_node10node58_timber_t5,node10transit_node58exit
M_node10node58_timber_t5,node10transit_node58exit
U_node10node58_t5,node10transit_node58exit
C_node10node58_wide_t0,node10transit_node58exit
M_node10node58_wide_t0,node10transit_node58exit
C_node10node58_wide_t1,node10transit_node58exit
M_node10node58_wide_t1,node10transit_node58exit
C_node10node58_wide_t2,node10transit_node58exit
M_node10node58_wide_t2,node10transit_node58exit
C_node10node58_wide_t3,node10transit_node58exit
M_node10node58_wide_t3,node10transit_node58exit
C_node10node58_wide_t4,node10transit_node58exit
M_node10node58_wide_t4,node10transit_node58exit
C_node10node58_wide_t5,node10transit_node58exit
M_node10node58_wide_t5,node10transit_node58exit
C_node10node33_timber_t0,node10transit_node33exit
M_node10node33_timber_t0,node10transit_node33exit
U_node10node33_t0,node10transit_node33exit
C_node10node33_timber_t1,node10transit_node33exit
M_node10node33_timber_t1,node10transit_node33exit
U_node10node33_t1,node10transit_node33exit
C_node10node33_timber_t2,node10transit_node33exit
M_node10node33_timber_t2,node10transit_node33exit
U_node10node33_t2,node10transit_node33exit
C_node10node33_timber_t3,node10transit_node33exit
M_node10node33_timber_t3,node10transit_node33exit
U_node10node33_t3,node10transit_node33exit
C_node10node33_timber_t4,node10transit_node33exit
M_node10node33_timber_t4,node10transit_node33exit
U_node10node33_t4,node10transit_node33exit
C_node10node33_timber_t5,node10transit_node33exit
M_node10node33_timber_t5,node10transit_node33exit
U_node10node33_t5,node10transit_node33exit
C_node10node33_wide_t0,node10transit_node33exit
M_node10node33_wide_t0,node10transit_node33exit
C_node10node33_wide_t1,node10transit_node33exit
M_node10node33_wide_t1,node10transit_node33exit
C_node10node33_wide_t2,node10transit_node33exit
M_node10node33_wide_t2,node10transit_node33exit
C_node10node33_wide_t3,node10transit_node33exit
M_node10node33_wide_t3,node10transit_node33exit
C_node10node33_wide_t4,node10transit_node33exit
M_node10node33_wide_t4,node10transit_node33exit
C_node10node33_wide_t5,node10transit_node33exit
M_node10node33_wide_t5,node10transit_node33exit
C_node10node42_timber_t0,node10transit_node42transit
M_node10node42_timber_t0,node10transit_node42transit
U_node10node42_t0,node10transit_node42transit
C_node10node42_timber_t1,node10transit_node42transit
M_node10node42_timber_t1,node10transit_node42transit
U_node10node42_t1,node10transit_node42transit
C_node10node42_timber_t2,node10transit_node42transit
M_node10node42_timber_t2,node10transit_node42transit
U_node10node42_t2,node10transit_node42transit
C_node10node42_timber_t3,node10transit_node42transit
M_node10node42_timber_t3,node10transit_node42transit
U_node10node42_t3,node10transit_node42transit
C_node10node42_timber_t4,node10transit_node42transit
M_node10node42_timber_t4,node10transit_node42transit
U_node10node42_t4,node10transit_node42transit
C_node10node42_timber_t5,node10transit_node42transit
M_node10node42_timber_t5,node10transit_node42transit
U_node10node42_t5,node10transit_node42transit
C_node10node42_wide_t0,node10transit_node42transit
M_node10node42_wide_t0,node10transit_node42transit
C_node10node42_wide_t1,node10transit_node42transit
M_node10node42_wide_t1,node10transit_node42transit
C_node10node42_wide_t2,node10transit_node42transit
M_node10node42_wide_t2,node10transit_node42transit
C_node10node42_wide_t3,node10transit_node42transit
M_node10node42_wide_t3,node10transit_node42transit
C_node10node42_wide_t4,node10transit_node42transit
M_node10node42_wide_t4,node10transit_node42transit
C_node10node42_wide_t5,node10transit_node42transit
M_node10node42_wide_t5,node10transit_node42transit
C_node10node73_timber_t0,node10transit_node73source
M_node10node73_timber_t0,node10transit_node73source
U_node10node73_t0,node10transit_node73source
C_node10node73_timber_t1,node10transit_node73source
M_node10node73_timber_t1,node10transit_node73source
U_node10node73_t1,node10transit_node73source
C_node10node73_timber_t2,node10transit_node73source
M_node10node73_timber_t2,node10transit_node73source
U_node10node73_t2,node10transit_node73source
C_node10node73_timber_t3,node10transit_node73source
M_node10node73_timber_t3,node10transit_node73source
U_node10node73_t3,node10transit_node73source
C_node10node73_timber_t4,node10transit_node73source
M_node10node73_timber_t4,node10transit_node73source
U_node10node73_t4,node10transit_node73source
C_node10node73_timber_t5,node10transit_node73source
M_node10node73_timber_t5,node10transit_node73source
U_node10node73_t5,node10transit_node73source
C_node10node73_wide_t0,node10transit_node73source
M_node10node73_wide_t0,node10transit_node73source
C_node10node73_wide_t1,node10transit_node73source
M_node10node73_wide_t1,node10transit_node73source
C_node10node73_wide_t2,node10transit_node73source
M_node10node73_wide_t2,node10transit_node73source
C_node10node73_wide_t3,node10transit_node73source
M_node10node73_wide_t3,node10transit_node73source
C_node10node73_wide_t4,node10transit_node73source
M_node10node73_wide_t4,node10transit_node73source
C_node10node73_wide_t5,node10transit_node73source
M_node10node73_wide_t5,node10transit_node73source
C_node10node74_timber_t0,node10transit_node74source
M_node10node74_timber_t0,node10transit_node74source
U_node10node74_t0,node10transit_node74source
C_node10node74_timber_t1,node10transit_node74source
M_node10node74_timber_t1,node10transit_node74source
U_node10node74_t1,node10transit_node74source
C_node10node74_timber_t2,node10transit_node74source
M_node10node74_timber_t2,node10transit_node74source
U_node10node74_t2,node10transit_node74source
C_node10node74_timber_t3,node10transit_node74source
M_node10node74_timber_t3,node10transit_node74source
U_node10node74_t3,node10transit_node74source
C_node10node74_timber_t4,node10transit_node74source
M_node10node74_timber_t4,node10transit_node74source
U_node10node74_t4,node10transit_node74source
C_node10node74_timber_t5,node10transit_node74source
M_node10node74_timber_t5,node10transit_node74source
U_node10node74_t5,node10transit_node74source
C_node10node74_wide_t0,node10transit_node74source
M_node10node74_wide_t0,node10transit_node74source
C_node10node74_wide_t1,node10transit_node74source
M_node10node74_wide_t1,node10transit_node74source
C_node10node74_wide_t2,node10transit_node74source
M_node10node74_wide_t2,node10transit_node74source
C_node10node74_wide_t3,node10transit_node74source
M_node10node74_wide_t3,node10transit_node74source
C_node10node74_wide_t4,node10transit_node74source
M_node10node74_wide_t4,node10transit_node74source
C_node10node74_wide_t5,node10transit_node74source
M_node10node74_wide_t5,node10transit_node74source
C_node10node75_timber_t0,node10transit_node75source
M_node10node75_timber_t0,node10transit_node75source
U_node10node75_t0,node10transit_node75source
C_node10node75_timber_t1,node10transit_node75source
M_node10node75_timber_t1,node10transit_node75source
U_node10node75_t1,node10transit_node75source
C_node10node75_timber_t2,node10transit_node75source
M_node10node75_timber_t2,node10transit_node75source
U_node10node75_t2,node10transit_node75source
C_node10node75_timber_t3,node10transit_node75source
M_node10node75_timber_t3,node10transit_node75source
U_node10node75_t3,node10transit_node75source
C_node10node75_timber_t4,node10transit_node75source
M_node10node75_timber_t4,node10transit_node75source
U_node10node75_t4,node10transit_node75source
C_node10node75_timber_t5,node10transit_node75source
M_node10node75_timber_t5,node10transit_node75source
U_node10node75_t5,node10transit_node75source
C_node10node75_wide_t0,node10transit_node75source
M_node10node75_wide_t0,node10transit_node75source
C_node10node75_wide_t1,node10transit_node75source
M_node10node75_wide_t1,node10transit_node75source
C_node10node75_wide_t2,node10transit_node75source
M_node10node75_wide_t2,node10transit_node75source
C_node10node75_wide_t3,node10transit_node75source
M_node10node75_wide_t3,node10transit_node75source
C_node10node75_wide_t4,node10transit_node75source
M_node10node75_wide_t4,node10transit_node75source
C_node10node75_wide_t5,node10transit_node75source
M_node10node75_wide_t5,node10transit_node75source
C_node10node77_timber_t0,node10transit_node77source
M_node10node77_timber_t0,node10transit_node77source
U_node10node77_t0,node10transit_node77source
C_node10node77_timber_t1,node10transit_node77source
M_node10node77_timber_t1,node10transit_node77source
U_node10node77_t1,node10transit_node77source
C_node10node77_timber_t2,node10transit_node77source
M_node10node77_timber_t2,node10transit_node77source
U_node10node77_t2,node10transit_node77source
C_node10node77_timber_t3,node10transit_node77source
M_node10node77_timber_t3,node10transit_node77source
U_node10node77_t3,node10transit_node77source
C_node10node77_timber_t4,node10transit_node77source
M_node10node77_timber_t4,node10transit_node77source
U_node10node77_t4,node10transit_node77source
C_node10node77_timber_t5,node10transit_node77source
M_node10node77_timber_t5,node10transit_node77source
U_node10node77_t5,node10transit_node77source
C_node10node77_wide_t0,node10transit_node77source
M_node10node77_wide_t0,node10transit_node77source
C_node10node77_wide_t1,node10transit_node77source
M_node10node77_wide_t1,node10transit_node77source
C_node10node77_wide_t2,node10transit_node77source
M_node10node77_wide_t2,node10transit_node77source
C_node10node77_wide_t3,node10transit_node77source
M_node10node77_wide_t3,node10transit_node77source
C_node10node77_wide_t4,node10transit_node77source
M_node10node77_wide_t4,node10transit_node77source
C_node10node77_wide_t5,node10transit_node77source
M_node10node77_wide_t5,node10transit_node77source
C_node11node69_timber_t0,node11transit_node69exit
M_node11node69_timber_t0,node11transit_node69exit
U_node11node69_t0,node11transit_node69exit
C_node11node69_timber_t1,node11transit_node69exit
M_node11node69_timber_t1,node11transit_node69exit
U_node11node69_t1,node11transit_node69exit
C_node11node69_timber_t2,node11transit_node69exit
M_node11node69_timber_t2,node11transit_node69exit
U_node11node69_t2,node11transit_node69exit
C_node11node69_timber_t3,node11transit_node69exit
M_node11node69_timber_t3,node11transit_node69exit
U_node11node69_t3,node11transit_node69exit
C_node11node69_timber_t4,node11transit_node69exit
M_node11node69_timber_t4,node11transit_node69exit
U_node11node69_t4,node11transit_node69exit
C_node11node69_timber_t5,node11transit_node69exit
M_node11node69_timber_t5,node11transit_node69exit
U_node11node69_t5,node11transit_node69exit
C_node11node69_wide_t0,node11transit_node69exit
M_node11node69_wide_t0,node11transit_node69exit
C_node11node69_wide_t1,node11transit_node69exit
M_node11node69_wide_t1,node11transit_node69exit
C_node11node69_wide_t2,node11transit_node69exit
M_node11node69_wide_t2,node11transit_node69exit
C_node11node69_wide_t3,node11transit_node69exit
M_node11node69_wide_t3,node11transit_node69exit
C_node11node69_wide_t4,node11transit_node69exit
M_node11node69_wide_t4,node11transit_node69exit
C_node11node69_wide_t5,node11transit_node69exit
M_node11node69_wide_t5,node11transit_node69exit
C_node11node34_timber_t0,node11transit_node34exit
M_node11node34_timber_t0,node11transit_node34exit
U_node11node34_t0,node11transit_node34exit
C_node11node34_timber_t1,node11transit_node34exit
M_node11node34_timber_t1,node11transit_node34exit
U_node11node34_t1,node11transit_node34exit
C_node11node34_timber_t2,node11transit_node34exit
M_node11node34_timber_t2,node11transit_node34exit
U_node11node34_t2,node11transit_node34exit
C_node11node34_timber_t3,node11transit_node34exit
M_node11node34_timber_t3,node11transit_node34exit
U_node11node34_t3,node11transit_node34exit
C_node11node34_timber_t4,node11transit_node34exit
M_node11node34_timber_t4,node11transit_node34exit
U_node11node34_t4,node11transit_node34exit
C_node11node34_timber_t5,node11transit_node34exit
M_node11node34_timber_t5,node11transit_node34exit
U_node11node34_t5,node11transit_node34exit
C_node11node34_wide_t0,node11transit_node34exit
M_node11node34_wide_t0,node11transit_node34exit
C_node11node34_wide_t1,node11transit_node34exit
M_node11node34_wide_t1,node11transit_node34exit
C_node11node34_wide_t2,node11transit_node34exit
M_node11node34_wide_t2,node11transit_node34exit
C_node11node34_wide_t3,node11transit_node34exit
M_node11node34_wide_t3,node11transit_node34exit
C_node11node34_wide_t4,node11transit_node34exit
M_node11node34_wide_t4,node11transit_node34exit
C_node11node34_wide_t5,node11transit_node34exit
M_node11node34_wide_t5,node11transit_node34exit
C_node11node41_timber_t0,node11transit_node41transit
M_node11node41_timber_t0,node11transit_node41transit
U_node11node41_t0,node11transit_node41transit
C_node11node41_timber_t1,node11transit_node41transit
M_node11node41_timber_t1,node11transit_node41transit
U_node11node41_t1,node11transit_node41transit
C_node11node41_timber_t2,node11transit_node41transit
M_node11node41_timber_t2,node11transit_node41transit
U_node11node41_t2,node11transit_node41transit
C_node11node41_timber_t3,node11transit_node41transit
M_node11node41_timber_t3,node11transit_node41transit
U_node11node41_t3,node11transit_node41transit
C_node11node41_timber_t4,node11transit_node41transit
M_node11node41_timber_t4,node11transit_node41transit
U_node11node41_t4,node11transit_node41transit
C_node11node41_timber_t5,node11transit_node41transit
M_node11node41_timber_t5,node11transit_node41transit
U_node11node41_t5,node11transit_node41transit
C_node11node41_wide_t0,node11transit_node41transit
M_node11node41_wide_t0,node11transit_node41transit
C_node11node41_wide_t1,node11transit_node41transit
M_node11node41_wide_t1,node11transit_node41transit
C_node11node41_wide_t2,node11transit_node41transit
M_node11node41_wide_t2,node11transit_node41transit
C_node11node41_wide_t3,node11transit_node41transit
M_node11node41_wide_t3,node11transit_node41transit
C_node11node41_wide_t4,node11transit_node41transit
M_node11node41_wide_t4,node11transit_node41transit
C_node11node41_wide_t5,node11transit_node41transit
M_node11node41_wide_t5,node11transit_node41transit
C_node11node88_timber_t0,node11transit_node88source
M_node11node88_timber_t0,node11transit_node88source
U_node11node88_t0,node11transit_node88source
C_node11node88_timber_t1,node11transit_node88source
M_node11node88_timber_t1,node11transit_node88source
U_node11node88_t1,node11transit_node88source
C_node11node88_timber_t2,node11transit_node88source
M_node11node88_timber_t2,node11transit_node88source
U_node11node88_t2,node11transit_node88source
C_node11node88_timber_t3,node11transit_node88source
M_node11node88_timber_t3,node11transit_node88source
U_node11node88_t3,node11transit_node88source
C_node11node88_timber_t4,node11transit_node88source
M_node11node88_timber_t4,node11transit_node88source
U_node11node88_t4,node11transit_node88source
C_node11node88_timber_t5,node11transit_node88source
M_node11node88_timber_t5,node11transit_node88source
U_node11node88_t5,node11transit_node88source
C_node11node88_wide_t0,node11transit_node88source
M_node11node88_wide_t0,node11transit_node88source
C_node11node88_wide_t1,node11transit_node88source
M_node11node88_wide_t1,node11transit_node88source
C_node11node88_wide_t2,node11transit_node88source
M_node11node88_wide_t2,node11transit_node88source
C_node11node88_wide_t3,node11transit_node88source
M_node11node88_wide_t3,node11transit_node88source
C_node11node88_wide_t4,node11transit_node88source
M_node11node88_wide_t4,node11transit_node88source
C_node11node88_wide_t5,node11transit_node88source
M_node11node88_wide_t5,node11transit_node88source
C_node11node93_timber_t0,node11transit_node93source
M_node11node93_timber_t0,node11transit_node93source
U_node11node93_t0,node11transit_node93source
C_node11node93_timber_t1,node11transit_node93source
M_node11node93_timber_t1,node11transit_node93source
U_node11node93_t1,node11transit_node93source
C_node11node93_timber_t2,node11transit_node93source
M_node11node93_timber_t2,node11transit_node93source
U_node11node93_t2,node11transit_node93source
C_node11node93_timber_t3,node11transit_node93source
M_node11node93_timber_t3,node11transit_node93source
U_node11node93_t3,node11transit_node93source
C_node11node93_timber_t4,node11transit_node93source
M_node11node93_timber_t4,node11transit_node93source
U_node11node93_t4,node11transit_node93source
C_node11node93_timber_t5,node11transit_node93source
M_node11node93_timber_t5,node11transit_node93source
U_node11node93_t5,node11transit_node93source
C_node11node93_wide_t0,node11transit_node93source
M_node11node93_wide_t0,node11transit_node93source
C_node11node93_wide_t1,node11transit_node93source
M_node11node93_wide_t1,node11transit_node93source
C_node11node93_wide_t2,node11transit_node93source
M_node11node93_wide_t2,node11transit_node93source
C_node11node93_wide_t3,node11transit_node93source
M_node11node93_wide_t3,node11transit_node93source
C_node11node93_wide_t4,node11transit_node93source
M_node11node93_wide_t4,node11transit_node93source
C_node11node93_wide_t5,node11transit_node93source
M_node11node93_wide_t5,node11transit_node93source
C_node12node47_timber_t0,node12exit_node47exit
M_node12node47_timber_t0,node12exit_node47exit
U_node12node47_t0,node12exit_node47exit
C_node12node47_timber_t1,node12exit_node47exit
M_node12node47_timber_t1,node12exit_node47exit
U_node12node47_t1,node12exit_node47exit
C_node12node47_timber_t2,node12exit_node47exit
M_node12node47_timber_t2,node12exit_node47exit
U_node12node47_t2,node12exit_node47exit
C_node12node47_timber_t3,node12exit_node47exit
M_node12node47_timber_t3,node12exit_node47exit
U_node12node47_t3,node12exit_node47exit
C_node12node47_timber_t4,node12exit_node47exit
M_node12node47_timber_t4,node12exit_node47exit
U_node12node47_t4,node12exit_node47exit
C_node12node47_timber_t5,node12exit_node47exit
M_node12node47_timber_t5,node12exit_node47exit
U_node12node47_t5,node12exit_node47exit
C_node12node47_wide_t0,node12exit_node47exit
M_node12node47_wide_t0,node12exit_node47exit
C_node12node47_wide_t1,node12exit_node47exit
M_node12node47_wide_t1,node12exit_node47exit
C_node12node47_wide_t2,node12exit_node47exit
M_node12node47_wide_t2,node12exit_node47exit
C_node12node47_wide_t3,node12exit_node47exit
M_node12node47_wide_t3,node12exit_node47exit
C_node12node47_wide_t4,node12exit_node47exit
M_node12node47_wide_t4,node12exit_node47exit
C_node12node47_wide_t5,node12exit_node47exit
M_node12node47_wide_t5,node12exit_node47exit
C_node12node66_timber_t0,node12exit_node66exit
M_node12node66_timber_t0,node12exit_node66exit
U_node12node66_t0,node12exit_node66exit
C_node12node66_timber_t1,node12exit_node66exit
M_node12node66_timber_t1,node12exit_node66exit
U_node12node66_t1,node12exit_node66exit
C_node12node66_timber_t2,node12exit_node66exit
M_node12node66_timber_t2,node12exit_node66exit
U_node12node66_t2,node12exit_node66exit
C_node12node66_timber_t3,node12exit_node66exit
M_node12node66_timber_t3,node12exit_node66exit
U_node12node66_t3,node12exit_node66exit
C_node12node66_timber_t4,node12exit_node66exit
M_node12node66_timber_t4,node12exit_node66exit
U_node12node66_t4,node12exit_node66exit
C_node12node66_timber_t5,node12exit_node66exit
M_node12node66_timber_t5,node12exit_node66exit
U_node12node66_t5,node12exit_node66exit
C_node12node66_wide_t0,node12exit_node66exit
M_node12node66_wide_t0,node12exit_node66exit
C_node12node66_wide_t1,node12exit_node66exit
M_node12node66_wide_t1,node12exit_node66exit
C_node12node66_wide_t2,node12exit_node66exit
M_node12node66_wide_t2,node12exit_node66exit
C_node12node66_wide_t3,node12exit_node66exit
M_node12node66_wide_t3,node12exit_node66exit
C_node12node66_wide_t4,node12exit_node66exit
M_node12node66_wide_t4,node12exit_node66exit
C_node12node66_wide_t5,node12exit_node66exit
M_node12node66_wide_t5,node12exit_node66exit
C_node12node26_timber_t0,node12exit_node26transit
M_node12node26_timber_t0,node12exit_node26transit
U_node12node26_t0,node12exit_node26transit
C_node12node26_timber_t1,node12exit_node26transit
M_node12node26_timber_t1,node12exit_node26transit
U_node12node26_t1,node12exit_node26transit
C_node12node26_timber_t2,node12exit_node26transit
M_node12node26_timber_t2,node12exit_node26transit
U_node12node26_t2,node12exit_node26transit
C_node12node26_timber_t3,node12exit_node26transit
M_node12node26_timber_t3,node12exit_node26transit
U_node12node26_t3,node12exit_node26transit
C_node12node26_timber_t4,node12exit_node26transit
M_node12node26_timber_t4,node12exit_node26transit
U_node12node26_t4,node12exit_node26transit
C_node12node26_timber_t5,node12exit_node26transit
M_node12node26_timber_t5,node12exit_node26transit
U_node12node26_t5,node12exit_node26transit
C_node12node26_wide_t0,node12exit_node26transit
M_node12node26_wide_t0,node12exit_node26transit
C_node12node26_wide_t1,node12exit_node26transit
M_node12node26_wide_t1,node12exit_node26transit
C_node12node26_wide_t2,node12exit_node26transit
M_node12node26_wide_t2,node12exit_node26transit
C_node12node26_wide_t3,node12exit_node26transit
M_node12node26_wide_t3,node12exit_node26transit
C_node12node26_wide_t4,node12exit_node26transit
M_node12node26_wide_t4,node12exit_node26transit
C_node12node26_wide_t5,node12exit_node26transit
M_node12node26_wide_t5,node12exit_node26transit
C_node12node84_timber_t0,node12exit_node84source
M_node12node84_timber_t0,node12exit_node84source
U_node12node84_t0,node12exit_node84source
C_node12node84_timber_t1,node12exit_node84source
M_node12node84_timber_t1,node12exit_node84source
U_node12node84_t1,node12exit_node84source
C_node12node84_timber_t2,node12exit_node84source
M_node12node84_timber_t2,node12exit_node84source
U_node12node84_t2,node12exit_node84source
C_node12node84_timber_t3,node12exit_node84source
M_node12node84_timber_t3,node12exit_node84source
U_node12node84_t3,node12exit_node84source
C_node12node84_timber_t4,node12exit_node84source
M_node12node84_timber_t4,node12exit_node84source
U_node12node84_t4,node12exit_node84source
C_node12node84_timber_t5,node12exit_node84source
M_node12node84_timber_t5,node12exit_node84source
U_node12node84_t5,node12exit_node84source
C_node12node84_wide_t0,node12exit_node84source
M_node12node84_wide_t0,node12exit_node84source
C_node12node84_wide_t1,node12exit_node84source
M_node12node84_wide_t1,node12exit_node84source
C_node12node84_wide_t2,node12exit_node84source
M_node12node84_wide_t2,node12exit_node84source
C_node12node84_wide_t3,node12exit_node84source
M_node12node84_wide_t3,node12exit_node84source
C_node12node84_wide_t4,node12exit_node84source
M_node12node84_wide_t4,node12exit_node84source
C_node12node84_wide_t5,node12exit_node84source
M_node12node84_wide_t5,node12exit_node84source
C_node12node89_timber_t0,node12exit_node89source
M_node12node89_timber_t0,node12exit_node89source
U_node12node89_t0,node12exit_node89source
C_node12node89_timber_t1,node12exit_node89source
M_node12node89_timber_t1,node12exit_node89source
U_node12node89_t1,node12exit_node89source
C_node12node89_timber_t2,node12exit_node89source
M_node12node89_timber_t2,node12exit_node89source
U_node12node89_t2,node12exit_node89source
C_node12node89_timber_t3,node12exit_node89source
M_node12node89_timber_t3,node12exit_node89source
U_node12node89_t3,node12exit_node89source
C_node12node89_timber_t4,node12exit_node89source
M_node12node89_timber_t4,node12exit_node89source
U_node12node89_t4,node12exit_node89source
C_node12node89_timber_t5,node12exit_node89source
M_node12node89_timber_t5,node12exit_node89source
U_node12node89_t5,node12exit_node89source
C_node12node89_wide_t0,node12exit_node89source
M_node12node89_wide_t0,node12exit_node89source
C_node12node89_wide_t1,node12exit_node89source
M_node12node89_wide_t1,node12exit_node89source
C_node12node89_wide_t2,node12exit_node89source
M_node12node89_wide_t2,node12exit_node89source
C_node12node89_wide_t3,node12exit_node89source
M_node12node89_wide_t3,node12exit_node89source
C_node12node89_wide_t4,node12exit_node89source
M_node12node89_wide_t4,node12exit_node89source
C_node12node89_wide_t5,node12exit_node89source
M_node12node89_wide_t5,node12exit_node89source
C_node12node91_timber_t0,node12exit_node91source
M_node12node91_timber_t0,node12exit_node91source
U_node12node91_t0,node12exit_node91source
C_node12node91_timber_t1,node12exit_node91source
M_node12node91_timber_t1,node12exit_node91source
U_node12node91_t1,node12exit_node91source
C_node12node91_timber_t2,node12exit_node91source
M_node12node91_timber_t2,node12exit_node91source
U_node12node91_t2,node12exit_node91source
C_node12node91_timber_t3,node12exit_node91source
M_node12node91_timber_t3,node12exit_node91source
U_node12node91_t3,node12exit_node91source
C_node12node91_timber_t4,node12exit_node91source
M_node12node91_timber_t4,node12exit_node91source
U_node12node91_t4,node12exit_node91source
C_node12node91_timber_t5,node12exit_node91source
M_node12node91_timber_t5,node12exit_node91source
U_node12node91_t5,node12exit_node91source
C_node12node91_wide_t0,node12exit_node91source
M_node12node91_wide_t0,node12exit_node91source
C_node12node91_wide_t1,node12exit_node91source
M_node12node91_wide_t1,node12exit_node91source
C_node12node91_wide_t2,node12exit_node91source
M_node12node91_wide_t2,node12exit_node91source
C_node12node91_wide_t3,node12exit_node91source
M_node12node91_wide_t3,node12exit_node91source
C_node12node91_wide_t4,node12exit_node91source
M_node12node91_wide_t4,node12exit_node91source
C_node12node91_wide_t5,node12exit_node91source
M_node12node91_wide_t5,node12exit_node91source
C_node13node47_timber_t0,node13exit_node47exit
M_node13node47_timber_t0,node13exit_node47exit
U_node13node47_t0,node13exit_node47exit
C_node13node47_timber_t1,node13exit_node47exit
M_node13node47_timber_t1,node13exit_node47exit
U_node13node47_t1,node13exit_node47exit
C_node13node47_timber_t2,node13exit_node47exit
M_node13node47_timber_t2,node13exit_node47exit
U_node13node47_t2,node13exit_node47exit
C_node13node47_timber_t3,node13exit_node47exit
M_node13node47_timber_t3,node13exit_node47exit
U_node13node47_t3,node13exit_node47exit
C_node13node47_timber_t4,node13exit_node47exit
M_node13node47_timber_t4,node13exit_node47exit
U_node13node47_t4,node13exit_node47exit
C_node13node47_timber_t5,node13exit_node47exit
M_node13node47_timber_t5,node13exit_node47exit
U_node13node47_t5,node13exit_node47exit
C_node13node47_wide_t0,node13exit_node47exit
M_node13node47_wide_t0,node13exit_node47exit
C_node13node47_wide_t1,node13exit_node47exit
M_node13node47_wide_t1,node13exit_node47exit
C_node13node47_wide_t2,node13exit_node47exit
M_node13node47_wide_t2,node13exit_node47exit
C_node13node47_wide_t3,node13exit_node47exit
M_node13node47_wide_t3,node13exit_node47exit
C_node13node47_wide_t4,node13exit_node47exit
M_node13node47_wide_t4,node13exit_node47exit
C_node13node47_wide_t5,node13exit_node47exit
M_node13node47_wide_t5,node13exit_node47exit
C_node13node31_timber_t0,node13exit_node31transit
M_node13node31_timber_t0,node13exit_node31transit
U_node13node31_t0,node13exit_node31transit
C_node13node31_timber_t1,node13exit_node31transit
M_node13node31_timber_t1,node13exit_node31transit
U_node13node31_t1,node13exit_node31transit
C_node13node31_timber_t2,node13exit_node31transit
M_node13node31_timber_t2,node13exit_node31transit
U_node13node31_t2,node13exit_node31transit
C_node13node31_timber_t3,node13exit_node31transit
M_node13node31_timber_t3,node13exit_node31transit
U_node13node31_t3,node13exit_node31transit
C_node13node31_timber_t4,node13exit_node31transit
M_node13node31_timber_t4,node13exit_node31transit
U_node13node31_t4,node13exit_node31transit
C_node13node31_timber_t5,node13exit_node31transit
M_node13node31_timber_t5,node13exit_node31transit
U_node13node31_t5,node13exit_node31transit
C_node13node31_wide_t0,node13exit_node31transit
M_node13node31_wide_t0,node13exit_node31transit
C_node13node31_wide_t1,node13exit_node31transit
M_node13node31_wide_t1,node13exit_node31transit
C_node13node31_wide_t2,node13exit_node31transit
M_node13node31_wide_t2,node13exit_node31transit
C_node13node31_wide_t3,node13exit_node31transit
M_node13node31_wide_t3,node13exit_node31transit
C_node13node31_wide_t4,node13exit_node31transit
M_node13node31_wide_t4,node13exit_node31transit
C_node13node31_wide_t5,node13exit_node31transit
M_node13node31_wide_t5,node13exit_node31transit
C_node13node84_timber_t0,node13exit_node84source
M_node13node84_timber_t0,node13exit_node84source
U_node13node84_t0,node13exit_node84source
C_node13node84_timber_t1,node13exit_node84source
M_node13node84_timber_t1,node13exit_node84source
U_node13node84_t1,node13exit_node84source
C_node13node84_timber_t2,node13exit_node84source
M_node13node84_timber_t2,node13exit_node84source
U_node13node84_t2,node13exit_node84source
C_node13node84_timber_t3,node13exit_node84source
M_node13node84_timber_t3,node13exit_node84source
U_node13node84_t3,node13exit_node84source
C_node13node84_timber_t4,node13exit_node84source
M_node13node84_timber_t4,node13exit_node84source
U_node13node84_t4,node13exit_node84source
C_node13node84_timber_t5,node13exit_node84source
M_node13node84_timber_t5,node13exit_node84source
U_node13node84_t5,node13exit_node84source
C_node13node84_wide_t0,node13exit_node84source
M_node13node84_wide_t0,node13exit_node84source
C_node13node84_wide_t1,node13exit_node84source
M_node13node84_wide_t1,node13exit_node84source
C_node13node84_wide_t2,node13exit_node84source
M_node13node84_wide_t2,node13exit_node84source
C_node13node84_wide_t3,node13exit_node84source
M_node13node84_wide_t3,node13exit_node84source
C_node13node84_wide_t4,node13exit_node84source
M_node13node84_wide_t4,node13exit_node84source
C_node13node84_wide_t5,node13exit_node84source
M_node13node84_wide_t5,node13exit_node84source
C_node13node85_timber_t0,node13exit_node85source
M_node13node85_timber_t0,node13exit_node85source
U_node13node85_t0,node13exit_node85source
C_node13node85_timber_t1,node13exit_node85source
M_node13node85_timber_t1,node13exit_node85source
U_node13node85_t1,node13exit_node85source
C_node13node85_timber_t2,node13exit_node85source
M_node13node85_timber_t2,node13exit_node85source
U_node13node85_t2,node13exit_node85source
C_node13node85_timber_t3,node13exit_node85source
M_node13node85_timber_t3,node13exit_node85source
U_node13node85_t3,node13exit_node85source
C_node13node85_timber_t4,node13exit_node85source
M_node13node85_timber_t4,node13exit_node85source
U_node13node85_t4,node13exit_node85source
C_node13node85_timber_t5,node13exit_node85source
M_node13node85_timber_t5,node13exit_node85source
U_node13node85_t5,node13exit_node85source
C_node13node85_wide_t0,node13exit_node85source
M_node13node85_wide_t0,node13exit_node85source
C_node13node85_wide_t1,node13exit_node85source
M_node13node85_wide_t1,node13exit_node85source
C_node13node85_wide_t2,node13exit_node85source
M_node13node85_wide_t2,node13exit_node85source
C_node13node85_wide_t3,node13exit_node85source
M_node13node85_wide_t3,node13exit_node85source
C_node13node85_wide_t4,node13exit_node85source
M_node13node85_wide_t4,node13exit_node85source
C_node13node85_wide_t5,node13exit_node85source
M_node13node85_wide_t5,node13exit_node85source
C_node13node89_timber_t0,node13exit_node89source
M_node13node89_timber_t0,node13exit_node89source
U_node13node89_t0,node13exit_node89source
C_node13node89_timber_t1,node13exit_node89source
M_node13node89_timber_t1,node13exit_node89source
U_node13node89_t1,node13exit_node89source
C_node13node89_timber_t2,node13exit_node89source
M_node13node89_timber_t2,node13exit_node89source
U_node13node89_t2,node13exit_node89source
C_node13node89_timber_t3,node13exit_node89source
M_node13node89_timber_t3,node13exit_node89source
U_node13node89_t3,node13exit_node89source
C_node13node89_timber_t4,node13exit_node89source
M_node13node89_timber_t4,node13exit_node89source
U_node13node89_t4,node13exit_node89source
C_node13node89_timber_t5,node13exit_node89source
M_node13node89_timber_t5,node13exit_node89source
U_node13node89_t5,node13exit_node89source
C_node13node89_wide_t0,node13exit_node89source
M_node13node89_wide_t0,node13exit_node89source
C_node13node89_wide_t1,node13exit_node89source
M_node13node89_wide_t1,node13exit_node89source
C_node13node89_wide_t2,node13exit_node89source
M_node13node89_wide_t2,node13exit_node89source
C_node13node89_wide_t3,node13exit_node89source
M_node13node89_wide_t3,node13exit_node89source
C_node13node89_wide_t4,node13exit_node89source
M_node13node89_wide_t4,node13exit_node89source
C_node13node89_wide_t5,node13exit_node89source
M_node13node89_wide_t5,node13exit_node89source
C_node14node34_timber_t0,node14exit_node34exit
M_node14node34_timber_t0,node14exit_node34exit
U_node14node34_t0,node14exit_node34exit
C_node14node34_timber_t1,node14exit_node34exit
M_node14node34_timber_t1,node14exit_node34exit
U_node14node34_t1,node14exit_node34exit
C_node14node34_timber_t2,node14exit_node34exit
M_node14node34_timber_t2,node14exit_node34exit
U_node14node34_t2,node14exit_node34exit
C_node14node34_timber_t3,node14exit_node34exit
M_node14node34_timber_t3,node14exit_node34exit
U_node14node34_t3,node14exit_node34exit
C_node14node34_timber_t4,node14exit_node34exit
M_node14node34_timber_t4,node14exit_node34exit
U_node14node34_t4,node14exit_node34exit
C_node14node34_timber_t5,node14exit_node34exit
M_node14node34_timber_t5,node14exit_node34exit
U_node14node34_t5,node14exit_node34exit
C_node14node34_wide_t0,node14exit_node34exit
M_node14node34_wide_t0,node14exit_node34exit
C_node14node34_wide_t1,node14exit_node34exit
M_node14node34_wide_t1,node14exit_node34exit
C_node14node34_wide_t2,node14exit_node34exit
M_node14node34_wide_t2,node14exit_node34exit
C_node14node34_wide_t3,node14exit_node34exit
M_node14node34_wide_t3,node14exit_node34exit
C_node14node34_wide_t4,node14exit_node34exit
M_node14node34_wide_t4,node14exit_node34exit
C_node14node34_wide_t5,node14exit_node34exit
M_node14node34_wide_t5,node14exit_node34exit
C_node14node48_timber_t0,node14exit_node48transit
M_node14node48_timber_t0,node14exit_node48transit
U_node14node48_t0,node14exit_node48transit
C_node14node48_timber_t1,node14exit_node48transit
M_node14node48_timber_t1,node14exit_node48transit
U_node14node48_t1,node14exit_node48transit
C_node14node48_timber_t2,node14exit_node48transit
M_node14node48_timber_t2,node14exit_node48transit
U_node14node48_t2,node14exit_node48transit
C_node14node48_timber_t3,node14exit_node48transit
M_node14node48_timber_t3,node14exit_node48transit
U_node14node48_t3,node14exit_node48transit
C_node14node48_timber_t4,node14exit_node48transit
M_node14node48_timber_t4,node14exit_node48transit
U_node14node48_t4,node14exit_node48transit
C_node14node48_timber_t5,node14exit_node48transit
M_node14node48_timber_t5,node14exit_node48transit
U_node14node48_t5,node14exit_node48transit
C_node14node48_wide_t0,node14exit_node48transit
M_node14node48_wide_t0,node14exit_node48transit
C_node14node48_wide_t1,node14exit_node48transit
M_node14node48_wide_t1,node14exit_node48transit
C_node14node48_wide_t2,node14exit_node48transit
M_node14node48_wide_t2,node14exit_node48transit
C_node14node48_wide_t3,node14exit_node48transit
M_node14node48_wide_t3,node14exit_node48transit
C_node14node48_wide_t4,node14exit_node48transit
M_node14node48_wide_t4,node14exit_node48transit
C_node14node48_wide_t5,node14exit_node48transit
M_node14node48_wide_t5,node14exit_node48transit
C_node14node93_timber_t0,node14exit_node93source
M_node14node93_timber_t0,node14exit_node93source
U_node14node93_t0,node14exit_node93source
C_node14node93_timber_t1,node14exit_node93source
M_node14node93_timber_t1,node14exit_node93source
U_node14node93_t1,node14exit_node93source
C_node14node93_timber_t2,node14exit_node93source
M_node14node93_timber_t2,node14exit_node93source
U_node14node93_t2,node14exit_node93source
C_node14node93_timber_t3,node14exit_node93source
M_node14node93_timber_t3,node14exit_node93source
U_node14node93_t3,node14exit_node93source
C_node14node93_timber_t4,node14exit_node93source
M_node14node93_timber_t4,node14exit_node93source
U_node14node93_t4,node14exit_node93source
C_node14node93_timber_t5,node14exit_node93source
M_node14node93_timber_t5,node14exit_node93source
U_node14node93_t5,node14exit_node93source
C_node14node93_wide_t0,node14exit_node93source
M_node14node93_wide_t0,node14exit_node93source
C_node14node93_wide_t1,node14exit_node93source
M_node14node93_wide_t1,node14exit_node93source
C_node14node93_wide_t2,node14exit_node93source
M_node14node93_wide_t2,node14exit_node93source
C_node14node93_wide_t3,node14exit_node93source
M_node14node93_wide_t3,node14exit_node93source
C_node14node93_wide_t4,node14exit_node93source
M_node14node93_wide_t4,node14exit_node93source
C_node14node93_wide_t5,node14exit_node93source
M_node14node93_wide_t5,node14exit_node93source
C_node15node55_timber_t0,node15transit_node55exit
M_node15node55_timber_t0,node15transit_node55exit
U_node15node55_t0,node15transit_node55exit
C_node15node55_timber_t1,node15transit_node55exit
M_node15node55_timber_t1,node15transit_node55exit
U_node15node55_t1,node15transit_node55exit
C_node15node55_timber_t2,node15transit_node55exit
M_node15node55_timber_t2,node15transit_node55exit
U_node15node55_t2,node15transit_node55exit
C_node15node55_timber_t3,node15transit_node55exit
M_node15node55_timber_t3,node15transit_node55exit
U_node15node55_t3,node15transit_node55exit
C_node15node55_timber_t4,node15transit_node55exit
M_node15node55_timber_t4,node15transit_node55exit
U_node15node55_t4,node15transit_node55exit
C_node15node55_timber_t5,node15transit_node55exit
M_node15node55_timber_t5,node15transit_node55exit
U_node15node55_t5,node15transit_node55exit
C_node15node55_wide_t0,node15transit_node55exit
M_node15node55_wide_t0,node15transit_node55exit
C_node15node55_wide_t1,node15transit_node55exit
M_node15node55_wide_t1,node15transit_node55exit
C_node15node55_wide_t2,node15transit_node55exit
M_node15node55_wide_t2,node15transit_node55exit
C_node15node55_wide_t3,node15transit_node55exit
M_node15node55_wide_t3,node15transit_node55exit
C_node15node55_wide_t4,node15transit_node55exit
M_node15node55_wide_t4,node15transit_node55exit
C_node15node55_wide_t5,node15transit_node55exit
M_node15node55_wide_t5,node15transit_node55exit
C_node15node16_timber_t0,node15transit_node16transit
M_node15node16_timber_t0,node15transit_node16transit
U_node15node16_t0,node15transit_node16transit
C_node15node16_timber_t1,node15transit_node16transit
M_node15node16_timber_t1,node15transit_node16transit
U_node15node16_t1,node15transit_node16transit
C_node15node16_timber_t2,node15transit_node16transit
M_node15node16_timber_t2,node15transit_node16transit
U_node15node16_t2,node15transit_node16transit
C_node15node16_timber_t3,node15transit_node16transit
M_node15node16_timber_t3,node15transit_node16transit
U_node15node16_t3,node15transit_node16transit
C_node15node16_timber_t4,node15transit_node16transit
M_node15node16_timber_t4,node15transit_node16transit
U_node15node16_t4,node15transit_node16transit
C_node15node16_timber_t5,node15transit_node16transit
M_node15node16_timber_t5,node15transit_node16transit
U_node15node16_t5,node15transit_node16transit
C_node15node16_wide_t0,node15transit_node16transit
M_node15node16_wide_t0,node15transit_node16transit
C_node15node16_wide_t1,node15transit_node16transit
M_node15node16_wide_t1,node15transit_node16transit
C_node15node16_wide_t2,node15transit_node16transit
M_node15node16_wide_t2,node15transit_node16transit
C_node15node16_wide_t3,node15transit_node16transit
M_node15node16_wide_t3,node15transit_node16transit
C_node15node16_wide_t4,node15transit_node16transit
M_node15node16_wide_t4,node15transit_node16transit
C_node15node16_wide_t5,node15transit_node16transit
M_node15node16_wide_t5,node15transit_node16transit
C_node15node75_timber_t0,node15transit_node75source
M_node15node75_timber_t0,node15transit_node75source
U_node15node75_t0,node15transit_node75source
C_node15node75_timber_t1,node15transit_node75source
M_node15node75_timber_t1,node15transit_node75source
U_node15node75_t1,node15transit_node75source
C_node15node75_timber_t2,node15transit_node75source
M_node15node75_timber_t2,node15transit_node75source
U_node15node75_t2,node15transit_node75source
C_node15node75_timber_t3,node15transit_node75source
M_node15node75_timber_t3,node15transit_node75source
U_node15node75_t3,node15transit_node75source
C_node15node75_timber_t4,node15transit_node75source
M_node15node75_timber_t4,node15transit_node75source
U_node15node75_t4,node15transit_node75source
C_node15node75_timber_t5,node15transit_node75source
M_node15node75_timber_t5,node15transit_node75source
U_node15node75_t5,node15transit_node75source
C_node15node75_wide_t0,node15transit_node75source
M_node15node75_wide_t0,node15transit_node75source
C_node15node75_wide_t1,node15transit_node75source
M_node15node75_wide_t1,node15transit_node75source
C_node15node75_wide_t2,node15transit_node75source
M_node15node75_wide_t2,node15transit_node75source
C_node15node75_wide_t3,node15transit_node75source
M_node15node75_wide_t3,node15transit_node75source
C_node15node75_wide_t4,node15transit_node75source
M_node15node75_wide_t4,node15transit_node75source
C_node15node75_wide_t5,node15transit_node75source
M_node15node75_wide_t5,node15transit_node75source
C_node15node79_timber_t0,node15transit_node79source
M_node15node79_timber_t0,node15transit_node79source
U_node15node79_t0,node15transit_node79source
C_node15node79_timber_t1,node15transit_node79source
M_node15node79_timber_t1,node15transit_node79source
U_node15node79_t1,node15transit_node79source
C_node15node79_timber_t2,node15transit_node79source
M_node15node79_timber_t2,node15transit_node79source
U_node15node79_t2,node15transit_node79source
C_node15node79_timber_t3,node15transit_node79source
M_node15node79_timber_t3,node15transit_node79source
U_node15node79_t3,node15transit_node79source
C_node15node79_timber_t4,node15transit_node79source
M_node15node79_timber_t4,node15transit_node79source
U_node15node79_t4,node15transit_node79source
C_node15node79_timber_t5,node15transit_node79source
M_node15node79_timber_t5,node15transit_node79source
U_node15node79_t5,node15transit_node79source
C_node15node79_wide_t0,node15transit_node79source
M_node15node79_wide_t0,node15transit_node79source
C_node15node79_wide_t1,node15transit_node79source
M_node15node79_wide_t1,node15transit_node79source
C_node15node79_wide_t2,node15transit_node79source
M_node15node79_wide_t2,node15transit_node79source
C_node15node79_wide_t3,node15transit_node79source
M_node15node79_wide_t3,node15transit_node79source
C_node15node79_wide_t4,node15transit_node79source
M_node15node79_wide_t4,node15transit_node79source
C_node15node79_wide_t5,node15transit_node79source
M_node15node79_wide_t5,node15transit_node79source
C_node15node80_timber_t0,node15transit_node80source
M_node15node80_timber_t0,node15transit_node80source
U_node15node80_t0,node15transit_node80source
C_node15node80_timber_t1,node15transit_node80source
M_node15node80_timber_t1,node15transit_node80source
U_node15node80_t1,node15transit_node80source
C_node15node80_timber_t2,node15transit_node80source
M_node15node80_timber_t2,node15transit_node80source
U_node15node80_t2,node15transit_node80source
C_node15node80_timber_t3,node15transit_node80source
M_node15node80_timber_t3,node15transit_node80source
U_node15node80_t3,node15transit_node80source
C_node15node80_timber_t4,node15transit_node80source
M_node15node80_timber_t4,node15transit_node80source
U_node15node80_t4,node15transit_node80source
C_node15node80_timber_t5,node15transit_node80source
M_node15node80_timber_t5,node15transit_node80source
U_node15node80_t5,node15transit_node80source
C_node15node80_wide_t0,node15transit_node80source
M_node15node80_wide_t0,node15transit_node80source
C_node15node80_wide_t1,node15transit_node80source
M_node15node80_wide_t1,node15transit_node80source
C_node15node80_wide_t2,node15transit_node80source
M_node15node80_wide_t2,node15transit_node80source
C_node15node80_wide_t3,node15transit_node80source
M_node15node80_wide_t3,node15transit_node80source
C_node15node80_wide_t4,node15transit_node80source
M_node15node80_wide_t4,node15transit_node80source
C_node15node80_wide_t5,node15transit_node80source
M_node15node80_wide_t5,node15transit_node80source
C_node16node22_timber_t0,node16transit_node22transit
M_node16node22_timber_t0,node16transit_node22transit
U_node16node22_t0,node16transit_node22transit
C_node16node22_timber_t1,node16transit_node22transit
M_node16node22_timber_t1,node16transit_node22transit
U_node16node22_t1,node16transit_node22transit
C_node16node22_timber_t2,node16transit_node22transit
M_node16node22_timber_t2,node16transit_node22transit
U_node16node22_t2,node16transit_node22transit
C_node16node22_timber_t3,node16transit_node22transit
M_node16node22_timber_t3,node16transit_node22transit
U_node16node22_t3,node16transit_node22transit
C_node16node22_timber_t4,node16transit_node22transit
M_node16node22_timber_t4,node16transit_node22transit
U_node16node22_t4,node16transit_node22transit
C_node16node22_timber_t5,node16transit_node22transit
M_node16node22_timber_t5,node16transit_node22transit
U_node16node22_t5,node16transit_node22transit
C_node16node22_wide_t0,node16transit_node22transit
M_node16node22_wide_t0,node16transit_node22transit
C_node16node22_wide_t1,node16transit_node22transit
M_node16node22_wide_t1,node16transit_node22transit
C_node16node22_wide_t2,node16transit_node22transit
M_node16node22_wide_t2,node16transit_node22transit
C_node16node22_wide_t3,node16transit_node22transit
M_node16node22_wide_t3,node16transit_node22transit
C_node16node22_wide_t4,node16transit_node22transit
M_node16node22_wide_t4,node16transit_node22transit
C_node16node22_wide_t5,node16transit_node22transit
M_node16node22_wide_t5,node16transit_node22transit
C_node16node37_timber_t0,node16transit_node37transit
M_node16node37_timber_t0,node16transit_node37transit
U_node16node37_t0,node16transit_node37transit
C_node16node37_timber_t1,node16transit_node37transit
M_node16node37_timber_t1,node16transit_node37transit
U_node16node37_t1,node16transit_node37transit
C_node16node37_timber_t2,node16transit_node37transit
M_node16node37_timber_t2,node16transit_node37transit
U_node16node37_t2,node16transit_node37transit
C_node16node37_timber_t3,node16transit_node37transit
M_node16node37_timber_t3,node16transit_node37transit
U_node16node37_t3,node16transit_node37transit
C_node16node37_timber_t4,node16transit_node37transit
M_node16node37_timber_t4,node16transit_node37transit
U_node16node37_t4,node16transit_node37transit
C_node16node37_timber_t5,node16transit_node37transit
M_node16node37_timber_t5,node16transit_node37transit
U_node16node37_t5,node16transit_node37transit
C_node16node37_wide_t0,node16transit_node37transit
M_node16node37_wide_t0,node16transit_node37transit
C_node16node37_wide_t1,node16transit_node37transit
M_node16node37_wide_t1,node16transit_node37transit
C_node16node37_wide_t2,node16transit_node37transit
M_node16node37_wide_t2,node16transit_node37transit
C_node16node37_wide_t3,node16transit_node37transit
M_node16node37_wide_t3,node16transit_node37transit
C_node16node37_wide_t4,node16transit_node37transit
M_node16node37_wide_t4,node16transit_node37transit
C_node16node37_wide_t5,node16transit_node37transit
M_node16node37_wide_t5,node16transit_node37transit
C_node16node79_timber_t0,node16transit_node79source
M_node16node79_timber_t0,node16transit_node79source
U_node16node79_t0,node16transit_node79source
C_node16node79_timber_t1,node16transit_node79source
M_node16node79_timber_t1,node16transit_node79source
U_node16node79_t1,node16transit_node79source
C_node16node79_timber_t2,node16transit_node79source
M_node16node79_timber_t2,node16transit_node79source
U_node16node79_t2,node16transit_node79source
C_node16node79_timber_t3,node16transit_node79source
M_node16node79_timber_t3,node16transit_node79source
U_node16node79_t3,node16transit_node79source
C_node16node79_timber_t4,node16transit_node79source
M_node16node79_timber_t4,node16transit_node79source
U_node16node79_t4,node16transit_node79source
C_node16node79_timber_t5,node16transit_node79source
M_node16node79_timber_t5,node16transit_node79source
U_node16node79_t5,node16transit_node79source
C_node16node79_wide_t0,node16transit_node79source
M_node16node79_wide_t0,node16transit_node79source
C_node16node79_wide_t1,node16transit_node79source
M_node16node79_wide_t1,node16transit_node79source
C_node16node79_wide_t2,node16transit_node79source
M_node16node79_wide_t2,node16transit_node79source
C_node16node79_wide_t3,node16transit_node79source
M_node16node79_wide_t3,node16transit_node79source
C_node16node79_wide_t4,node16transit_node79source
M_node16node79_wide_t4,node16transit_node79source
C_node16node79_wide_t5,node16transit_node79source
M_node16node79_wide_t5,node16transit_node79source
C_node16node80_timber_t0,node16transit_node80source
M_node16node80_timber_t0,node16transit_node80source
U_node16node80_t0,node16transit_node80source
C_node16node80_timber_t1,node16transit_node80source
M_node16node80_timber_t1,node16transit_node80source
U_node16node80_t1,node16transit_node80source
C_node16node80_timber_t2,node16transit_node80source
M_node16node80_timber_t2,node16transit_node80source
U_node16node80_t2,node16transit_node80source
C_node16node80_timber_t3,node16transit_node80source
M_node16node80_timber_t3,node16transit_node80source
U_node16node80_t3,node16transit_node80source
C_node16node80_timber_t4,node16transit_node80source
M_node16node80_timber_t4,node16transit_node80source
U_node16node80_t4,node16transit_node80source
C_node16node80_timber_t5,node16transit_node80source
M_node16node80_timber_t5,node16transit_node80source
U_node16node80_t5,node16transit_node80source
C_node16node80_wide_t0,node16transit_node80source
M_node16node80_wide_t0,node16transit_node80source
C_node16node80_wide_t1,node16transit_node80source
M_node16node80_wide_t1,node16transit_node80source
C_node16node80_wide_t2,node16transit_node80source
M_node16node80_wide_t2,node16transit_node80source
C_node16node80_wide_t3,node16transit_node80source
M_node16node80_wide_t3,node16transit_node80source
C_node16node80_wide_t4,node16transit_node80source
M_node16node80_wide_t4,node16transit_node80source
C_node16node80_wide_t5,node16transit_node80source
M_node16node80_wide_t5,node16transit_node80source
C_node16node90_timber_t0,node16transit_node90source
M_node16node90_timber_t0,node16transit_node90source
U_node16node90_t0,node16transit_node90source
C_node16node90_timber_t1,node16transit_node90source
M_node16node90_timber_t1,node16transit_node90source
U_node16node90_t1,node16transit_node90source
C_node16node90_timber_t2,node16transit_node90source
M_node16node90_timber_t2,node16transit_node90source
U_node16node90_t2,node16transit_node90source
C_node16node90_timber_t3,node16transit_node90source
M_node16node90_timber_t3,node16transit_node90source
U_node16node90_t3,node16transit_node90source
C_node16node90_timber_t4,node16transit_node90source
M_node16node90_timber_t4,node16transit_node90source
U_node16node90_t4,node16transit_node90source
C_node16node90_timber_t5,node16transit_node90source
M_node16node90_timber_t5,node16transit_node90source
U_node16node90_t5,node16transit_node90source
C_node16node90_wide_t0,node16transit_node90source
M_node16node90_wide_t0,node16transit_node90source
C_node16node90_wide_t1,node16transit_node90source
M_node16node90_wide_t1,node16transit_node90source
C_node16node90_wide_t2,node16transit_node90source
M_node16node90_wide_t2,node16transit_node90source
C_node16node90_wide_t3,node16transit_node90source
M_node16node90_wide_t3,node16transit_node90source
C_node16node90_wide_t4,node16transit_node90source
M_node16node90_wide_t4,node16transit_node90source
C_node16node90_wide_t5,node16transit_node90source
M_node16node90_wide_t5,node16transit_node90source
C_node17node33_timber_t0,node17transit_node33exit
M_node17node33_timber_t0,node17transit_node33exit
U_node17node33_t0,node17transit_node33exit
C_node17node33_timber_t1,node17transit_node33exit
M_node17node33_timber_t1,node17transit_node33exit
U_node17node33_t1,node17transit_node33exit
C_node17node33_timber_t2,node17transit_node33exit
M_node17node33_timber_t2,node17transit_node33exit
U_node17node33_t2,node17transit_node33exit
C_node17node33_timber_t3,node17transit_node33exit
M_node17node33_timber_t3,node17transit_node33exit
U_node17node33_t3,node17transit_node33exit
C_node17node33_timber_t4,node17transit_node33exit
M_node17node33_timber_t4,node17transit_node33exit
U_node17node33_t4,node17transit_node33exit
C_node17node33_timber_t5,node17transit_node33exit
M_node17node33_timber_t5,node17transit_node33exit
U_node17node33_t5,node17transit_node33exit
C_node17node33_wide_t0,node17transit_node33exit
M_node17node33_wide_t0,node17transit_node33exit
C_node17node33_wide_t1,node17transit_node33exit
M_node17node33_wide_t1,node17transit_node33exit
C_node17node33_wide_t2,node17transit_node33exit
M_node17node33_wide_t2,node17transit_node33exit
C_node17node33_wide_t3,node17transit_node33exit
M_node17node33_wide_t3,node17transit_node33exit
C_node17node33_wide_t4,node17transit_node33exit
M_node17node33_wide_t4,node17transit_node33exit
C_node17node33_wide_t5,node17transit_node33exit
M_node17node33_wide_t5,node17transit_node33exit
C_node17node48_timber_t0,node17transit_node48transit
M_node17node48_timber_t0,node17transit_node48transit
U_node17node48_t0,node17transit_node48transit
C_node17node48_timber_t1,node17transit_node48transit
M_node17node48_timber_t1,node17transit_node48transit
U_node17node48_t1,node17transit_node48transit
C_node17node48_timber_t2,node17transit_node48transit
M_node17node48_timber_t2,node17transit_node48transit
U_node17node48_t2,node17transit_node48transit
C_node17node48_timber_t3,node17transit_node48transit
M_node17node48_timber_t3,node17transit_node48transit
U_node17node48_t3,node17transit_node48transit
C_node17node48_timber_t4,node17transit_node48transit
M_node17node48_timber_t4,node17transit_node48transit
U_node17node48_t4,node17transit_node48transit
C_node17node48_timber_t5,node17transit_node48transit
M_node17node48_timber_t5,node17transit_node48transit
U_node17node48_t5,node17transit_node48transit
C_node17node48_wide_t0,node17transit_node48transit
M_node17node48_wide_t0,node17transit_node48transit
C_node17node48_wide_t1,node17transit_node48transit
M_node17node48_wide_t1,node17transit_node48transit
C_node17node48_wide_t2,node17transit_node48transit
M_node17node48_wide_t2,node17transit_node48transit
C_node17node48_wide_t3,node17transit_node48transit
M_node17node48_wide_t3,node17transit_node48transit
C_node17node48_wide_t4,node17transit_node48transit
M_node17node48_wide_t4,node17transit_node48transit
C_node17node48_wide_t5,node17transit_node48transit
M_node17node48_wide_t5,node17transit_node48transit
C_node17node60_timber_t0,node17transit_node60exit
M_node17node60_timber_t0,node17transit_node60exit
U_node17node60_t0,node17transit_node60exit
C_node17node60_timber_t1,node17transit_node60exit
M_node17node60_timber_t1,node17transit_node60exit
U_node17node60_t1,node17transit_node60exit
C_node17node60_timber_t2,node17transit_node60exit
M_node17node60_timber_t2,node17transit_node60exit
U_node17node60_t2,node17transit_node60exit
C_node17node60_timber_t3,node17transit_node60exit
M_node17node60_timber_t3,node17transit_node60exit
U_node17node60_t3,node17transit_node60exit
C_node17node60_timber_t4,node17transit_node60exit
M_node17node60_timber_t4,node17transit_node60exit
U_node17node60_t4,node17transit_node60exit
C_node17node60_timber_t5,node17transit_node60exit
M_node17node60_timber_t5,node17transit_node60exit
U_node17node60_t5,node17transit_node60exit
C_node17node60_wide_t0,node17transit_node60exit
M_node17node60_wide_t0,node17transit_node60exit
C_node17node60_wide_t1,node17transit_node60exit
M_node17node60_wide_t1,node17transit_node60exit
C_node17node60_wide_t2,node17transit_node60exit
M_node17node60_wide_t2,node17transit_node60exit
C_node17node60_wide_t3,node17transit_node60exit
M_node17node60_wide_t3,node17transit_node60exit
C_node17node60_wide_t4,node17transit_node60exit
M_node17node60_wide_t4,node17transit_node60exit
C_node17node60_wide_t5,node17transit_node60exit
M_node17node60_wide_t5,node17transit_node60exit
C_node17node76_timber_t0,node17transit_node76source
M_node17node76_timber_t0,node17transit_node76source
U_node17node76_t0,node17transit_node76source
C_node17node76_timber_t1,node17transit_node76source
M_node17node76_timber_t1,node17transit_node76source
U_node17node76_t1,node17transit_node76source
C_node17node76_timber_t2,node17transit_node76source
M_node17node76_timber_t2,node17transit_node76source
U_node17node76_t2,node17transit_node76source
C_node17node76_timber_t3,node17transit_node76source
M_node17node76_timber_t3,node17transit_node76source
U_node17node76_t3,node17transit_node76source
C_node17node76_timber_t4,node17transit_node76source
M_node17node76_timber_t4,node17transit_node76source
U_node17node76_t4,node17transit_node76source
C_node17node76_timber_t5,node17transit_node76source
M_node17node76_timber_t5,node17transit_node76source
U_node17node76_t5,node17transit_node76source
C_node17node76_wide_t0,node17transit_node76source
M_node17node76_wide_t0,node17transit_node76source
C_node17node76_wide_t1,node17transit_node76source
M_node17node76_wide_t1,node17transit_node76source
C_node17node76_wide_t2,node17transit_node76source
M_node17node76_wide_t2,node17transit_node76source
C_node17node76_wide_t3,node17transit_node76source
M_node17node76_wide_t3,node17transit_node76source
C_node17node76_wide_t4,node17transit_node76source
M_node17node76_wide_t4,node17transit_node76source
C_node17node76_wide_t5,node17transit_node76source
M_node17node76_wide_t5,node17transit_node76source
C_node17node78_timber_t0,node17transit_node78source
M_node17node78_timber_t0,node17transit_node78source
U_node17node78_t0,node17transit_node78source
C_node17node78_timber_t1,node17transit_node78source
M_node17node78_timber_t1,node17transit_node78source
U_node17node78_t1,node17transit_node78source
C_node17node78_timber_t2,node17transit_node78source
M_node17node78_timber_t2,node17transit_node78source
U_node17node78_t2,node17transit_node78source
C_node17node78_timber_t3,node17transit_node78source
M_node17node78_timber_t3,node17transit_node78source
U_node17node78_t3,node17transit_node78source
C_node17node78_timber_t4,node17transit_node78source
M_node17node78_timber_t4,node17transit_node78source
U_node17node78_t4,node17transit_node78source
C_node17node78_timber_t5,node17transit_node78source
M_node17node78_timber_t5,node17transit_node78source
U_node17node78_t5,node17transit_node78source
C_node17node78_wide_t0,node17transit_node78source
M_node17node78_wide_t0,node17transit_node78source
C_node17node78_wide_t1,node17transit_node78source
M_node17node78_wide_t1,node17transit_node78source
C_node17node78_wide_t2,node17transit_node78source
M_node17node78_wide_t2,node17transit_node78source
C_node17node78_wide_t3,node17transit_node78source
M_node17node78_wide_t3,node17transit_node78source
C_node17node78_wide_t4,node17transit_node78source
M_node17node78_wide_t4,node17transit_node78source
C_node17node78_wide_t5,node17transit_node78source
M_node17node78_wide_t5,node17transit_node78source
C_node18node29_timber_t0,node18transit_node29exit
M_node18node29_timber_t0,node18transit_node29exit
U_node18node29_t0,node18transit_node29exit
C_node18node29_timber_t1,node18transit_node29exit
M_node18node29_timber_t1,node18transit_node29exit
U_node18node29_t1,node18transit_node29exit
C_node18node29_timber_t2,node18transit_node29exit
M_node18node29_timber_t2,node18transit_node29exit
U_node18node29_t2,node18transit_node29exit
C_node18node29_timber_t3,node18transit_node29exit
M_node18node29_timber_t3,node18transit_node29exit
U_node18node29_t3,node18transit_node29exit
C_node18node29_timber_t4,node18transit_node29exit
M_node18node29_timber_t4,node18transit_node29exit
U_node18node29_t4,node18transit_node29exit
C_node18node29_timber_t5,node18transit_node29exit
M_node18node29_timber_t5,node18transit_node29exit
U_node18node29_t5,node18transit_node29exit
C_node18node29_wide_t0,node18transit_node29exit
M_node18node29_wide_t0,node18transit_node29exit
C_node18node29_wide_t1,node18transit_node29exit
M_node18node29_wide_t1,node18transit_node29exit
C_node18node29_wide_t2,node18transit_node29exit
M_node18node29_wide_t2,node18transit_node29exit
C_node18node29_wide_t3,node18transit_node29exit
M_node18node29_wide_t3,node18transit_node29exit
C_node18node29_wide_t4,node18transit_node29exit
M_node18node29_wide_t4,node18transit_node29exit
C_node18node29_wide_t5,node18transit_node29exit
M_node18node29_wide_t5,node18transit_node29exit
C_node18node57_timber_t0,node18transit_node57exit
M_node18node57_timber_t0,node18transit_node57exit
U_node18node57_t0,node18transit_node57exit
C_node18node57_timber_t1,node18transit_node57exit
M_node18node57_timber_t1,node18transit_node57exit
U_node18node57_t1,node18transit_node57exit
C_node18node57_timber_t2,node18transit_node57exit
M_node18node57_timber_t2,node18transit_node57exit
U_node18node57_t2,node18transit_node57exit
C_node18node57_timber_t3,node18transit_node57exit
M_node18node57_timber_t3,node18transit_node57exit
U_node18node57_t3,node18transit_node57exit
C_node18node57_timber_t4,node18transit_node57exit
M_node18node57_timber_t4,node18transit_node57exit
U_node18node57_t4,node18transit_node57exit
C_node18node57_timber_t5,node18transit_node57exit
M_node18node57_timber_t5,node18transit_node57exit
U_node18node57_t5,node18transit_node57exit
C_node18node57_wide_t0,node18transit_node57exit
M_node18node57_wide_t0,node18transit_node57exit
C_node18node57_wide_t1,node18transit_node57exit
M_node18node57_wide_t1,node18transit_node57exit
C_node18node57_wide_t2,node18transit_node57exit
M_node18node57_wide_t2,node18transit_node57exit
C_node18node57_wide_t3,node18transit_node57exit
M_node18node57_wide_t3,node18transit_node57exit
C_node18node57_wide_t4,node18transit_node57exit
M_node18node57_wide_t4,node18transit_node57exit
C_node18node57_wide_t5,node18transit_node57exit
M_node18node57_wide_t5,node18transit_node57exit
C_node18node35_timber_t0,node18transit_node35transit
M_node18node35_timber_t0,node18transit_node35transit
U_node18node35_t0,node18transit_node35transit
C_node18node35_timber_t1,node18transit_node35transit
M_node18node35_timber_t1,node18transit_node35transit
U_node18node35_t1,node18transit_node35transit
C_node18node35_timber_t2,node18transit_node35transit
M_node18node35_timber_t2,node18transit_node35transit
U_node18node35_t2,node18transit_node35transit
C_node18node35_timber_t3,node18transit_node35transit
M_node18node35_timber_t3,node18transit_node35transit
U_node18node35_t3,node18transit_node35transit
C_node18node35_timber_t4,node18transit_node35transit
M_node18node35_timber_t4,node18transit_node35transit
U_node18node35_t4,node18transit_node35transit
C_node18node35_timber_t5,node18transit_node35transit
M_node18node35_timber_t5,node18transit_node35transit
U_node18node35_t5,node18transit_node35transit
C_node18node35_wide_t0,node18transit_node35transit
M_node18node35_wide_t0,node18transit_node35transit
C_node18node35_wide_t1,node18transit_node35transit
M_node18node35_wide_t1,node18transit_node35transit
C_node18node35_wide_t2,node18transit_node35transit
M_node18node35_wide_t2,node18transit_node35transit
C_node18node35_wide_t3,node18transit_node35transit
M_node18node35_wide_t3,node18transit_node35transit
C_node18node35_wide_t4,node18transit_node35transit
M_node18node35_wide_t4,node18transit_node35transit
C_node18node35_wide_t5,node18transit_node35transit
M_node18node35_wide_t5,node18transit_node35transit
C_node18node75_timber_t0,node18transit_node75source
M_node18node75_timber_t0,node18transit_node75source
U_node18node75_t0,node18transit_node75source
C_node18node75_timber_t1,node18transit_node75source
M_node18node75_timber_t1,node18transit_node75source
U_node18node75_t1,node18transit_node75source
C_node18node75_timber_t2,node18transit_node75source
M_node18node75_timber_t2,node18transit_node75source
U_node18node75_t2,node18transit_node75source
C_node18node75_timber_t3,node18transit_node75source
M_node18node75_timber_t3,node18transit_node75source
U_node18node75_t3,node18transit_node75source
C_node18node75_timber_t4,node18transit_node75source
M_node18node75_timber_t4,node18transit_node75source
U_node18node75_t4,node18transit_node75source
C_node18node75_timber_t5,node18transit_node75source
M_node18node75_timber_t5,node18transit_node75source
U_node18node75_t5,node18transit_node75source
C_node18node75_wide_t0,node18transit_node75source
M_node18node75_wide_t0,node18transit_node75source
C_node18node75_wide_t1,node18transit_node75source
M_node18node75_wide_t1,node18transit_node75source
C_node18node75_wide_t2,node18transit_node75source
M_node18node75_wide_t2,node18transit_node75source
C_node18node75_wide_t3,node18transit_node75source
M_node18node75_wide_t3,node18transit_node75source
C_node18node75_wide_t4,node18transit_node75source
M_node18node75_wide_t4,node18transit_node75source
C_node18node75_wide_t5,node18transit_node75source
M_node18node75_wide_t5,node18transit_node75source
C_node18node77_timber_t0,node18transit_node77source
M_node18node77_timber_t0,node18transit_node77source
U_node18node77_t0,node18transit_node77source
C_node18node77_timber_t1,node18transit_node77source
M_node18node77_timber_t1,node18transit_node77source
U_node18node77_t1,node18transit_node77source
C_node18node77_timber_t2,node18transit_node77source
M_node18node77_timber_t2,node18transit_node77source
U_node18node77_t2,node18transit_node77source
C_node18node77_timber_t3,node18transit_node77source
M_node18node77_timber_t3,node18transit_node77source
U_node18node77_t3,node18transit_node77source
C_node18node77_timber_t4,node18transit_node77source
M_node18node77_timber_t4,node18transit_node77source
U_node18node77_t4,node18transit_node77source
C_node18node77_timber_t5,node18transit_node77source
M_node18node77_timber_t5,node18transit_node77source
U_node18node77_t5,node18transit_node77source
C_node18node77_wide_t0,node18transit_node77source
M_node18node77_wide_t0,node18transit_node77source
C_node18node77_wide_t1,node18transit_node77source
M_node18node77_wide_t1,node18transit_node77source
C_node18node77_wide_t2,node18transit_node77source
M_node18node77_wide_t2,node18transit_node77source
C_node18node77_wide_t3,node18transit_node77source
M_node18node77_wide_t3,node18transit_node77source
C_node18node77_wide_t4,node18transit_node77source
M_node18node77_wide_t4,node18transit_node77source
C_node18node77_wide_t5,node18transit_node77source
M_node18node77_wide_t5,node18transit_node77source
C_node18node79_timber_t0,node18transit_node79source
M_node18node79_timber_t0,node18transit_node79source
U_node18node79_t0,node18transit_node79source
C_node18node79_timber_t1,node18transit_node79source
M_node18node79_timber_t1,node18transit_node79source
U_node18node79_t1,node18transit_node79source
C_node18node79_timber_t2,node18transit_node79source
M_node18node79_timber_t2,node18transit_node79source
U_node18node79_t2,node18transit_node79source
C_node18node79_timber_t3,node18transit_node79source
M_node18node79_timber_t3,node18transit_node79source
U_node18node79_t3,node18transit_node79source
C_node18node79_timber_t4,node18transit_node79source
M_node18node79_timber_t4,node18transit_node79source
U_node18node79_t4,node18transit_node79source
C_node18node79_timber_t5,node18transit_node79source
M_node18node79_timber_t5,node18transit_node79source
U_node18node79_t5,node18transit_node79source
C_node18node79_wide_t0,node18transit_node79source
M_node18node79_wide_t0,node18transit_node79source
C_node18node79_wide_t1,node18transit_node79source
M_node18node79_wide_t1,node18transit_node79source
C_node18node79_wide_t2,node18transit_node79source
M_node18node79_wide_t2,node18transit_node79source
C_node18node79_wide_t3,node18transit_node79source
M_node18node79_wide_t3,node18transit_node79source
C_node18node79_wide_t4,node18transit_node79source
M_node18node79_wide_t4,node18transit_node79source
C_node18node79_wide_t5,node18transit_node79source
M_node18node79_wide_t5,node18transit_node79source
C_node19node25_timber_t0,node19transit_node25transit
M_node19node25_timber_t0,node19transit_node25transit
U_node19node25_t0,node19transit_node25transit
C_node19node25_timber_t1,node19transit_node25transit
M_node19node25_timber_t1,node19transit_node25transit
U_node19node25_t1,node19transit_node25transit
C_node19node25_timber_t2,node19transit_node25transit
M_node19node25_timber_t2,node19transit_node25transit
U_node19node25_t2,node19transit_node25transit
C_node19node25_timber_t3,node19transit_node25transit
M_node19node25_timber_t3,node19transit_node25transit
U_node19node25_t3,node19transit_node25transit
C_node19node25_timber_t4,node19transit_node25transit
M_node19node25_timber_t4,node19transit_node25transit
U_node19node25_t4,node19transit_node25transit
C_node19node25_timber_t5,node19transit_node25transit
M_node19node25_timber_t5,node19transit_node25transit
U_node19node25_t5,node19transit_node25transit
C_node19node25_wide_t0,node19transit_node25transit
M_node19node25_wide_t0,node19transit_node25transit
C_node19node25_wide_t1,node19transit_node25transit
M_node19node25_wide_t1,node19transit_node25transit
C_node19node25_wide_t2,node19transit_node25transit
M_node19node25_wide_t2,node19transit_node25transit
C_node19node25_wide_t3,node19transit_node25transit
M_node19node25_wide_t3,node19transit_node25transit
C_node19node25_wide_t4,node19transit_node25transit
M_node19node25_wide_t4,node19transit_node25transit
C_node19node25_wide_t5,node19transit_node25transit
M_node19node25_wide_t5,node19transit_node25transit
C_node19node64_timber_t0,node19transit_node64exit
M_node19node64_timber_t0,node19transit_node64exit
U_node19node64_t0,node19transit_node64exit
C_node19node64_timber_t1,node19transit_node64exit
M_node19node64_timber_t1,node19transit_node64exit
U_node19node64_t1,node19transit_node64exit
C_node19node64_timber_t2,node19transit_node64exit
M_node19node64_timber_t2,node19transit_node64exit
U_node19node64_t2,node19transit_node64exit
C_node19node64_timber_t3,node19transit_node64exit
M_node19node64_timber_t3,node19transit_node64exit
U_node19node64_t3,node19transit_node64exit
C_node19node64_timber_t4,node19transit_node64exit
M_node19node64_timber_t4,node19transit_node64exit
U_node19node64_t4,node19transit_node64exit
C_node19node64_timber_t5,node19transit_node64exit
M_node19node64_timber_t5,node19transit_node64exit
U_node19node64_t5,node19transit_node64exit
C_node19node64_wide_t0,node19transit_node64exit
M_node19node64_wide_t0,node19transit_node64exit
C_node19node64_wide_t1,node19transit_node64exit
M_node19node64_wide_t1,node19transit_node64exit
C_node19node64_wide_t2,node19transit_node64exit
M_node19node64_wide_t2,node19transit_node64exit
C_node19node64_wide_t3,node19transit_node64exit
M_node19node64_wide_t3,node19transit_node64exit
C_node19node64_wide_t4,node19transit_node64exit
M_node19node64_wide_t4,node19transit_node64exit
C_node19node64_wide_t5,node19transit_node64exit
M_node19node64_wide_t5,node19transit_node64exit
C_node19node49_timber_t0,node19transit_node49transit
M_node19node49_timber_t0,node19transit_node49transit
U_node19node49_t0,node19transit_node49transit
C_node19node49_timber_t1,node19transit_node49transit
M_node19node49_timber_t1,node19transit_node49transit
U_node19node49_t1,node19transit_node49transit
C_node19node49_timber_t2,node19transit_node49transit
M_node19node49_timber_t2,node19transit_node49transit
U_node19node49_t2,node19transit_node49transit
C_node19node49_timber_t3,node19transit_node49transit
M_node19node49_timber_t3,node19transit_node49transit
U_node19node49_t3,node19transit_node49transit
C_node19node49_timber_t4,node19transit_node49transit
M_node19node49_timber_t4,node19transit_node49transit
U_node19node49_t4,node19transit_node49transit
C_node19node49_timber_t5,node19transit_node49transit
M_node19node49_timber_t5,node19transit_node49transit
U_node19node49_t5,node19transit_node49transit
C_node19node49_wide_t0,node19transit_node49transit
M_node19node49_wide_t0,node19transit_node49transit
C_node19node49_wide_t1,node19transit_node49transit
M_node19node49_wide_t1,node19transit_node49transit
C_node19node49_wide_t2,node19transit_node49transit
M_node19node49_wide_t2,node19transit_node49transit
C_node19node49_wide_t3,node19transit_node49transit
M_node19node49_wide_t3,node19transit_node49transit
C_node19node49_wide_t4,node19transit_node49transit
M_node19node49_wide_t4,node19transit_node49transit
C_node19node49_wide_t5,node19transit_node49transit
M_node19node49_wide_t5,node19transit_node49transit
C_node19node81_timber_t0,node19transit_node81source
M_node19node81_timber_t0,node19transit_node81source
U_node19node81_t0,node19transit_node81source
C_node19node81_timber_t1,node19transit_node81source
M_node19node81_timber_t1,node19transit_node81source
U_node19node81_t1,node19transit_node81source
C_node19node81_timber_t2,node19transit_node81source
M_node19node81_timber_t2,node19transit_node81source
U_node19node81_t2,node19transit_node81source
C_node19node81_timber_t3,node19transit_node81source
M_node19node81_timber_t3,node19transit_node81source
U_node19node81_t3,node19transit_node81source
C_node19node81_timber_t4,node19transit_node81source
M_node19node81_timber_t4,node19transit_node81source
U_node19node81_t4,node19transit_node81source
C_node19node81_timber_t5,node19transit_node81source
M_node19node81_timber_t5,node19transit_node81source
U_node19node81_t5,node19transit_node81source
C_node19node81_wide_t0,node19transit_node81source
M_node19node81_wide_t0,node19transit_node81source
C_node19node81_wide_t1,node19transit_node81source
M_node19node81_wide_t1,node19transit_node81source
C_node19node81_wide_t2,node19transit_node81source
M_node19node81_wide_t2,node19transit_node81source
C_node19node81_wide_t3,node19transit_node81source
M_node19node81_wide_t3,node19transit_node81source
C_node19node81_wide_t4,node19transit_node81source
M_node19node81_wide_t4,node19transit_node81source
C_node19node81_wide_t5,node19transit_node81source
M_node19node81_wide_t5,node19transit_node81source
C_node19node83_timber_t0,node19transit_node83source
M_node19node83_timber_t0,node19transit_node83source
U_node19node83_t0,node19transit_node83source
C_node19node83_timber_t1,node19transit_node83source
M_node19node83_timber_t1,node19transit_node83source
U_node19node83_t1,node19transit_node83source
C_node19node83_timber_t2,node19transit_node83source
M_node19node83_timber_t2,node19transit_node83source
U_node19node83_t2,node19transit_node83source
C_node19node83_timber_t3,node19transit_node83source
M_node19node83_timber_t3,node19transit_node83source
U_node19node83_t3,node19transit_node83source
C_node19node83_timber_t4,node19transit_node83source
M_node19node83_timber_t4,node19transit_node83source
U_node19node83_t4,node19transit_node83source
C_node19node83_timber_t5,node19transit_node83source
M_node19node83_timber_t5,node19transit_node83source
U_node19node83_t5,node19transit_node83source
C_node19node83_wide_t0,node19transit_node83source
M_node19node83_wide_t0,node19transit_node83source
C_node19node83_wide_t1,node19transit_node83source
M_node19node83_wide_t1,node19transit_node83source
C_node19node83_wide_t2,node19transit_node83source
M_node19node83_wide_t2,node19transit_node83source
C_node19node83_wide_t3,node19transit_node83source
M_node19node83_wide_t3,node19transit_node83source
C_node19node83_wide_t4,node19transit_node83source
M_node19node83_wide_t4,node19transit_node83source
C_node19node83_wide_t5,node19transit_node83source
M_node19node83_wide_t5,node19transit_node83source
C_node19node87_timber_t0,node19transit_node87source
M_node19node87_timber_t0,node19transit_node87source
U_node19node87_t0,node19transit_node87source
C_node19node87_timber_t1,node19transit_node87source
M_node19node87_timber_t1,node19transit_node87source
U_node19node87_t1,node19transit_node87source
C_node19node87_timber_t2,node19transit_node87source
M_node19node87_timber_t2,node19transit_node87source
U_node19node87_t2,node19transit_node87source
C_node19node87_timber_t3,node19transit_node87source
M_node19node87_timber_t3,node19transit_node87source
U_node19node87_t3,node19transit_node87source
C_node19node87_timber_t4,node19transit_node87source
M_node19node87_timber_t4,node19transit_node87source
U_node19node87_t4,node19transit_node87source
C_node19node87_timber_t5,node19transit_node87source
M_node19node87_timber_t5,node19transit_node87source
U_node19node87_t5,node19transit_node87source
C_node19node87_wide_t0,node19transit_node87source
M_node19node87_wide_t0,node19transit_node87source
C_node19node87_wide_t1,node19transit_node87source
M_node19node87_wide_t1,node19transit_node87source
C_node19node87_wide_t2,node19transit_node87source
M_node19node87_wide_t2,node19transit_node87source
C_node19node87_wide_t3,node19transit_node87source
M_node19node87_wide_t3,node19transit_node87source
C_node19node87_wide_t4,node19transit_node87source
M_node19node87_wide_t4,node19transit_node87source
C_node19node87_wide_t5,node19transit_node87source
M_node19node87_wide_t5,node19transit_node87source
C_node20node52_timber_t0,node20exit_node52exit
M_node20node52_timber_t0,node20exit_node52exit
U_node20node52_t0,node20exit_node52exit
C_node20node52_timber_t1,node20exit_node52exit
M_node20node52_timber_t1,node20exit_node52exit
U_node20node52_t1,node20exit_node52exit
C_node20node52_timber_t2,node20exit_node52exit
M_node20node52_timber_t2,node20exit_node52exit
U_node20node52_t2,node20exit_node52exit
C_node20node52_timber_t3,node20exit_node52exit
M_node20node52_timber_t3,node20exit_node52exit
U_node20node52_t3,node20exit_node52exit
C_node20node52_timber_t4,node20exit_node52exit
M_node20node52_timber_t4,node20exit_node52exit
U_node20node52_t4,node20exit_node52exit
C_node20node52_timber_t5,node20exit_node52exit
M_node20node52_timber_t5,node20exit_node52exit
U_node20node52_t5,node20exit_node52exit
C_node20node52_wide_t0,node20exit_node52exit
M_node20node52_wide_t0,node20exit_node52exit
C_node20node52_wide_t1,node20exit_node52exit
M_node20node52_wide_t1,node20exit_node52exit
C_node20node52_wide_t2,node20exit_node52exit
M_node20node52_wide_t2,node20exit_node52exit
C_node20node52_wide_t3,node20exit_node52exit
M_node20node52_wide_t3,node20exit_node52exit
C_node20node52_wide_t4,node20exit_node52exit
M_node20node52_wide_t4,node20exit_node52exit
C_node20node52_wide_t5,node20exit_node52exit
M_node20node52_wide_t5,node20exit_node52exit
C_node20node49_timber_t0,node20exit_node49transit
M_node20node49_timber_t0,node20exit_node49transit
U_node20node49_t0,node20exit_node49transit
C_node20node49_timber_t1,node20exit_node49transit
M_node20node49_timber_t1,node20exit_node49transit
U_node20node49_t1,node20exit_node49transit
C_node20node49_timber_t2,node20exit_node49transit
M_node20node49_timber_t2,node20exit_node49transit
U_node20node49_t2,node20exit_node49transit
C_node20node49_timber_t3,node20exit_node49transit
M_node20node49_timber_t3,node20exit_node49transit
U_node20node49_t3,node20exit_node49transit
C_node20node49_timber_t4,node20exit_node49transit
M_node20node49_timber_t4,node20exit_node49transit
U_node20node49_t4,node20exit_node49transit
C_node20node49_timber_t5,node20exit_node49transit
M_node20node49_timber_t5,node20exit_node49transit
U_node20node49_t5,node20exit_node49transit
C_node20node49_wide_t0,node20exit_node49transit
M_node20node49_wide_t0,node20exit_node49transit
C_node20node49_wide_t1,node20exit_node49transit
M_node20node49_wide_t1,node20exit_node49transit
C_node20node49_wide_t2,node20exit_node49transit
M_node20node49_wide_t2,node20exit_node49transit
C_node20node49_wide_t3,node20exit_node49transit
M_node20node49_wide_t3,node20exit_node49transit
C_node20node49_wide_t4,node20exit_node49transit
M_node20node49_wide_t4,node20exit_node49transit
C_node20node49_wide_t5,node20exit_node49transit
M_node20node49_wide_t5,node20exit_node49transit
C_node20node37_timber_t0,node20exit_node37transit
M_node20node37_timber_t0,node20exit_node37transit
U_node20node37_t0,node20exit_node37transit
C_node20node37_timber_t1,node20exit_node37transit
M_node20node37_timber_t1,node20exit_node37transit
U_node20node37_t1,node20exit_node37transit
C_node20node37_timber_t2,node20exit_node37transit
M_node20node37_timber_t2,node20exit_node37transit
U_node20node37_t2,node20exit_node37transit
C_node20node37_timber_t3,node20exit_node37transit
M_node20node37_timber_t3,node20exit_node37transit
U_node20node37_t3,node20exit_node37transit
C_node20node37_timber_t4,node20exit_node37transit
M_node20node37_timber_t4,node20exit_node37transit
U_node20node37_t4,node20exit_node37transit
C_node20node37_timber_t5,node20exit_node37transit
M_node20node37_timber_t5,node20exit_node37transit
U_node20node37_t5,node20exit_node37transit
C_node20node37_wide_t0,node20exit_node37transit
M_node20node37_wide_t0,node20exit_node37transit
C_node20node37_wide_t1,node20exit_node37transit
M_node20node37_wide_t1,node20exit_node37transit
C_node20node37_wide_t2,node20exit_node37transit
M_node20node37_wide_t2,node20exit_node37transit
C_node20node37_wide_t3,node20exit_node37transit
M_node20node37_wide_t3,node20exit_node37transit
C_node20node37_wide_t4,node20exit_node37transit
M_node20node37_wide_t4,node20exit_node37transit
C_node20node37_wide_t5,node20exit_node37transit
M_node20node37_wide_t5,node20exit_node37transit
C_node20node83_timber_t0,node20exit_node83source
M_node20node83_timber_t0,node20exit_node83source
U_node20node83_t0,node20exit_node83source
C_node20node83_timber_t1,node20exit_node83source
M_node20node83_timber_t1,node20exit_node83source
U_node20node83_t1,node20exit_node83source
C_node20node83_timber_t2,node20exit_node83source
M_node20node83_timber_t2,node20exit_node83source
U_node20node83_t2,node20exit_node83source
C_node20node83_timber_t3,node20exit_node83source
M_node20node83_timber_t3,node20exit_node83source
U_node20node83_t3,node20exit_node83source
C_node20node83_timber_t4,node20exit_node83source
M_node20node83_timber_t4,node20exit_node83source
U_node20node83_t4,node20exit_node83source
C_node20node83_timber_t5,node20exit_node83source
M_node20node83_timber_t5,node20exit_node83source
U_node20node83_t5,node20exit_node83source
C_node20node83_wide_t0,node20exit_node83source
M_node20node83_wide_t0,node20exit_node83source
C_node20node83_wide_t1,node20exit_node83source
M_node20node83_wide_t1,node20exit_node83source
C_node20node83_wide_t2,node20exit_node83source
M_node20node83_wide_t2,node20exit_node83source
C_node20node83_wide_t3,node20exit_node83source
M_node20node83_wide_t3,node20exit_node83source
C_node20node83_wide_t4,node20exit_node83source
M_node20node83_wide_t4,node20exit_node83source
C_node20node83_wide_t5,node20exit_node83source
M_node20node83_wide_t5,node20exit_node83source
C_node20node87_timber_t0,node20exit_node87source
M_node20node87_timber_t0,node20exit_node87source
U_node20node87_t0,node20exit_node87source
C_node20node87_timber_t1,node20exit_node87source
M_node20node87_timber_t1,node20exit_node87source
U_node20node87_t1,node20exit_node87source
C_node20node87_timber_t2,node20exit_node87source
M_node20node87_timber_t2,node20exit_node87source
U_node20node87_t2,node20exit_node87source
C_node20node87_timber_t3,node20exit_node87source
M_node20node87_timber_t3,node20exit_node87source
U_node20node87_t3,node20exit_node87source
C_node20node87_timber_t4,node20exit_node87source
M_node20node87_timber_t4,node20exit_node87source
U_node20node87_t4,node20exit_node87source
C_node20node87_timber_t5,node20exit_node87source
M_node20node87_timber_t5,node20exit_node87source
U_node20node87_t5,node20exit_node87source
C_node20node87_wide_t0,node20exit_node87source
M_node20node87_wide_t0,node20exit_node87source
C_node20node87_wide_t1,node20exit_node87source
M_node20node87_wide_t1,node20exit_node87source
C_node20node87_wide_t2,node20exit_node87source
M_node20node87_wide_t2,node20exit_node87source
C_node20node87_wide_t3,node20exit_node87source
M_node20node87_wide_t3,node20exit_node87source
C_node20node87_wide_t4,node20exit_node87source
M_node20node87_wide_t4,node20exit_node87source
C_node20node87_wide_t5,node20exit_node87source
M_node20node87_wide_t5,node20exit_node87source
C_node20node90_timber_t0,node20exit_node90source
M_node20node90_timber_t0,node20exit_node90source
U_node20node90_t0,node20exit_node90source
C_node20node90_timber_t1,node20exit_node90source
M_node20node90_timber_t1,node20exit_node90source
U_node20node90_t1,node20exit_node90source
C_node20node90_timber_t2,node20exit_node90source
M_node20node90_timber_t2,node20exit_node90source
U_node20node90_t2,node20exit_node90source
C_node20node90_timber_t3,node20exit_node90source
M_node20node90_timber_t3,node20exit_node90source
U_node20node90_t3,node20exit_node90source
C_node20node90_timber_t4,node20exit_node90source
M_node20node90_timber_t4,node20exit_node90source
U_node20node90_t4,node20exit_node90source
C_node20node90_timber_t5,node20exit_node90source
M_node20node90_timber_t5,node20exit_node90source
U_node20node90_t5,node20exit_node90source
C_node20node90_wide_t0,node20exit_node90source
M_node20node90_wide_t0,node20exit_node90source
C_node20node90_wide_t1,node20exit_node90source
M_node20node90_wide_t1,node20exit_node90source
C_node20node90_wide_t2,node20exit_node90source
M_node20node90_wide_t2,node20exit_node90source
C_node20node90_wide_t3,node20exit_node90source
M_node20node90_wide_t3,node20exit_node90source
C_node20node90_wide_t4,node20exit_node90source
M_node20node90_wide_t4,node20exit_node90source
C_node20node90_wide_t5,node20exit_node90source
M_node20node90_wide_t5,node20exit_node90source
C_node21node26_timber_t0,node21transit_node26transit
M_node21node26_timber_t0,node21transit_node26transit
U_node21node26_t0,node21transit_node26transit
C_node21node26_timber_t1,node21transit_node26transit
M_node21node26_timber_t1,node21transit_node26transit
U_node21node26_t1,node21transit_node26transit
C_node21node26_timber_t2,node21transit_node26transit
M_node21node26_timber_t2,node21transit_node26transit
U_node21node26_t2,node21transit_node26transit
C_node21node26_timber_t3,node21transit_node26transit
M_node21node26_timber_t3,node21transit_node26transit
U_node21node26_t3,node21transit_node26transit
C_node21node26_timber_t4,node21transit_node26transit
M_node21node26_timber_t4,node21transit_node26transit
U_node21node26_t4,node21transit_node26transit
C_node21node26_timber_t5,node21transit_node26transit
M_node21node26_timber_t5,node21transit_node26transit
U_node21node26_t5,node21transit_node26transit
C_node21node26_wide_t0,node21transit_node26transit
M_node21node26_wide_t0,node21transit_node26transit
C_node21node26_wide_t1,node21transit_node26transit
M_node21node26_wide_t1,node21transit_node26transit
C_node21node26_wide_t2,node21transit_node26transit
M_node21node26_wide_t2,node21transit_node26transit
C_node21node26_wide_t3,node21transit_node26transit
M_node21node26_wide_t3,node21transit_node26transit
C_node21node26_wide_t4,node21transit_node26transit
M_node21node26_wide_t4,node21transit_node26transit
C_node21node26_wide_t5,node21transit_node26transit
M_node21node26_wide_t5,node21transit_node26transit
C_node21node38_timber_t0,node21transit_node38transit
M_node21node38_timber_t0,node21transit_node38transit
U_node21node38_t0,node21transit_node38transit
C_node21node38_timber_t1,node21transit_node38transit
M_node21node38_timber_t1,node21transit_node38transit
U_node21node38_t1,node21transit_node38transit
C_node21node38_timber_t2,node21transit_node38transit
M_node21node38_timber_t2,node21transit_node38transit
U_node21node38_t2,node21transit_node38transit
C_node21node38_timber_t3,node21transit_node38transit
M_node21node38_timber_t3,node21transit_node38transit
U_node21node38_t3,node21transit_node38transit
C_node21node38_timber_t4,node21transit_node38transit
M_node21node38_timber_t4,node21transit_node38transit
U_node21node38_t4,node21transit_node38transit
C_node21node38_timber_t5,node21transit_node38transit
M_node21node38_timber_t5,node21transit_node38transit
U_node21node38_t5,node21transit_node38transit
C_node21node38_wide_t0,node21transit_node38transit
M_node21node38_wide_t0,node21transit_node38transit
C_node21node38_wide_t1,node21transit_node38transit
M_node21node38_wide_t1,node21transit_node38transit
C_node21node38_wide_t2,node21transit_node38transit
M_node21node38_wide_t2,node21transit_node38transit
C_node21node38_wide_t3,node21transit_node38transit
M_node21node38_wide_t3,node21transit_node38transit
C_node21node38_wide_t4,node21transit_node38transit
M_node21node38_wide_t4,node21transit_node38transit
C_node21node38_wide_t5,node21transit_node38transit
M_node21node38_wide_t5,node21transit_node38transit
C_node21node54_timber_t0,node21transit_node54transit
M_node21node54_timber_t0,node21transit_node54transit
U_node21node54_t0,node21transit_node54transit
C_node21node54_timber_t1,node21transit_node54transit
M_node21node54_timber_t1,node21transit_node54transit
U_node21node54_t1,node21transit_node54transit
C_node21node54_timber_t2,node21transit_node54transit
M_node21node54_timber_t2,node21transit_node54transit
U_node21node54_t2,node21transit_node54transit
C_node21node54_timber_t3,node21transit_node54transit
M_node21node54_timber_t3,node21transit_node54transit
U_node21node54_t3,node21transit_node54transit
C_node21node54_timber_t4,node21transit_node54transit
M_node21node54_timber_t4,node21transit_node54transit
U_node21node54_t4,node21transit_node54transit
C_node21node54_timber_t5,node21transit_node54transit
M_node21node54_timber_t5,node21transit_node54transit
U_node21node54_t5,node21transit_node54transit
C_node21node54_wide_t0,node21transit_node54transit
M_node21node54_wide_t0,node21transit_node54transit
C_node21node54_wide_t1,node21transit_node54transit
M_node21node54_wide_t1,node21transit_node54transit
C_node21node54_wide_t2,node21transit_node54transit
M_node21node54_wide_t2,node21transit_node54transit
C_node21node54_wide_t3,node21transit_node54transit
M_node21node54_wide_t3,node21transit_node54transit
C_node21node54_wide_t4,node21transit_node54transit
M_node21node54_wide_t4,node21transit_node54transit
C_node21node54_wide_t5,node21transit_node54transit
M_node21node54_wide_t5,node21transit_node54transit
C_node21node89_timber_t0,node21transit_node89source
M_node21node89_timber_t0,node21transit_node89source
U_node21node89_t0,node21transit_node89source
C_node21node89_timber_t1,node21transit_node89source
M_node21node89_timber_t1,node21transit_node89source
U_node21node89_t1,node21transit_node89source
C_node21node89_timber_t2,node21transit_node89source
M_node21node89_timber_t2,node21transit_node89source
U_node21node89_t2,node21transit_node89source
C_node21node89_timber_t3,node21transit_node89source
M_node21node89_timber_t3,node21transit_node89source
U_node21node89_t3,node21transit_node89source
C_node21node89_timber_t4,node21transit_node89source
M_node21node89_timber_t4,node21transit_node89source
U_node21node89_t4,node21transit_node89source
C_node21node89_timber_t5,node21transit_node89source
M_node21node89_timber_t5,node21transit_node89source
U_node21node89_t5,node21transit_node89source
C_node21node89_wide_t0,node21transit_node89source
M_node21node89_wide_t0,node21transit_node89source
C_node21node89_wide_t1,node21transit_node89source
M_node21node89_wide_t1,node21transit_node89source
C_node21node89_wide_t2,node21transit_node89source
M_node21node89_wide_t2,node21transit_node89source
C_node21node89_wide_t3,node21transit_node89source
M_node21node89_wide_t3,node21transit_node89source
C_node21node89_wide_t4,node21transit_node89source
M_node21node89_wide_t4,node21transit_node89source
C_node21node89_wide_t5,node21transit_node89source
M_node21node89_wide_t5,node21transit_node89source
C_node21node94_timber_t0,node21transit_node94source
M_node21node94_timber_t0,node21transit_node94source
U_node21node94_t0,node21transit_node94source
C_node21node94_timber_t1,node21transit_node94source
M_node21node94_timber_t1,node21transit_node94source
U_node21node94_t1,node21transit_node94source
C_node21node94_timber_t2,node21transit_node94source
M_node21node94_timber_t2,node21transit_node94source
U_node21node94_t2,node21transit_node94source
C_node21node94_timber_t3,node21transit_node94source
M_node21node94_timber_t3,node21transit_node94source
U_node21node94_t3,node21transit_node94source
C_node21node94_timber_t4,node21transit_node94source
M_node21node94_timber_t4,node21transit_node94source
U_node21node94_t4,node21transit_node94source
C_node21node94_timber_t5,node21transit_node94source
M_node21node94_timber_t5,node21transit_node94source
U_node21node94_t5,node21transit_node94source
C_node21node94_wide_t0,node21transit_node94source
M_node21node94_wide_t0,node21transit_node94source
C_node21node94_wide_t1,node21transit_node94source
M_node21node94_wide_t1,node21transit_node94source
C_node21node94_wide_t2,node21transit_node94source
M_node21node94_wide_t2,node21transit_node94source
C_node21node94_wide_t3,node21transit_node94source
M_node21node94_wide_t3,node21transit_node94source
C_node21node94_wide_t4,node21transit_node94source
M_node21node94_wide_t4,node21transit_node94source
C_node21node94_wide_t5,node21transit_node94source
M_node21node94_wide_t5,node21transit_node94source
C_node21node95_timber_t0,node21transit_node95source
M_node21node95_timber_t0,node21transit_node95source
U_node21node95_t0,node21transit_node95source
C_node21node95_timber_t1,node21transit_node95source
M_node21node95_timber_t1,node21transit_node95source
U_node21node95_t1,node21transit_node95source
C_node21node95_timber_t2,node21transit_node95source
M_node21node95_timber_t2,node21transit_node95source
U_node21node95_t2,node21transit_node95source
C_node21node95_timber_t3,node21transit_node95source
M_node21node95_timber_t3,node21transit_node95source
U_node21node95_t3,node21transit_node95source
C_node21node95_timber_t4,node21transit_node95source
M_node21node95_timber_t4,node21transit_node95source
U_node21node95_t4,node21transit_node95source
C_node21node95_timber_t5,node21transit_node95source
M_node21node95_timber_t5,node21transit_node95source
U_node21node95_t5,node21transit_node95source
C_node21node95_wide_t0,node21transit_node95source
M_node21node95_wide_t0,node21transit_node95source
C_node21node95_wide_t1,node21transit_node95source
M_node21node95_wide_t1,node21transit_node95source
C_node21node95_wide_t2,node21transit_node95source
M_node21node95_wide_t2,node21transit_node95source
C_node21node95_wide_t3,node21transit_node95source
M_node21node95_wide_t3,node21transit_node95source
C_node21node95_wide_t4,node21transit_node95source
M_node21node95_wide_t4,node21transit_node95source
C_node21node95_wide_t5,node21transit_node95source
M_node21node95_wide_t5,node21transit_node95source
C_node22node39_timber_t0,node22transit_node39transit
M_node22node39_timber_t0,node22transit_node39transit
U_node22node39_t0,node22transit_node39transit
C_node22node39_timber_t1,node22transit_node39transit
M_node22node39_timber_t1,node22transit_node39transit
U_node22node39_t1,node22transit_node39transit
C_node22node39_timber_t2,node22transit_node39transit
M_node22node39_timber_t2,node22transit_node39transit
U_node22node39_t2,node22transit_node39transit
C_node22node39_timber_t3,node22transit_node39transit
M_node22node39_timber_t3,node22transit_node39transit
U_node22node39_t3,node22transit_node39transit
C_node22node39_timber_t4,node22transit_node39transit
M_node22node39_timber_t4,node22transit_node39transit
U_node22node39_t4,node22transit_node39transit
C_node22node39_timber_t5,node22transit_node39transit
M_node22node39_timber_t5,node22transit_node39transit
U_node22node39_t5,node22transit_node39transit
C_node22node39_wide_t0,node22transit_node39transit
M_node22node39_wide_t0,node22transit_node39transit
C_node22node39_wide_t1,node22transit_node39transit
M_node22node39_wide_t1,node22transit_node39transit
C_node22node39_wide_t2,node22transit_node39transit
M_node22node39_wide_t2,node22transit_node39transit
C_node22node39_wide_t3,node22transit_node39transit
M_node22node39_wide_t3,node22transit_node39transit
C_node22node39_wide_t4,node22transit_node39transit
M_node22node39_wide_t4,node22transit_node39transit
C_node22node39_wide_t5,node22transit_node39transit
M_node22node39_wide_t5,node22transit_node39transit
C_node22node31_timber_t0,node22transit_node31transit
M_node22node31_timber_t0,node22transit_node31transit
U_node22node31_t0,node22transit_node31transit
C_node22node31_timber_t1,node22transit_node31transit
M_node22node31_timber_t1,node22transit_node31transit
U_node22node31_t1,node22transit_node31transit
C_node22node31_timber_t2,node22transit_node31transit
M_node22node31_timber_t2,node22transit_node31transit
U_node22node31_t2,node22transit_node31transit
C_node22node31_timber_t3,node22transit_node31transit
M_node22node31_timber_t3,node22transit_node31transit
U_node22node31_t3,node22transit_node31transit
C_node22node31_timber_t4,node22transit_node31transit
M_node22node31_timber_t4,node22transit_node31transit
U_node22node31_t4,node22transit_node31transit
C_node22node31_timber_t5,node22transit_node31transit
M_node22node31_timber_t5,node22transit_node31transit
U_node22node31_t5,node22transit_node31transit
C_node22node31_wide_t0,node22transit_node31transit
M_node22node31_wide_t0,node22transit_node31transit
C_node22node31_wide_t1,node22transit_node31transit
M_node22node31_wide_t1,node22transit_node31transit
C_node22node31_wide_t2,node22transit_node31transit
M_node22node31_wide_t2,node22transit_node31transit
C_node22node31_wide_t3,node22transit_node31transit
M_node22node31_wide_t3,node22transit_node31transit
C_node22node31_wide_t4,node22transit_node31transit
M_node22node31_wide_t4,node22transit_node31transit
C_node22node31_wide_t5,node22transit_node31transit
M_node22node31_wide_t5,node22transit_node31transit
C_node22node80_timber_t0,node22transit_node80source
M_node22node80_timber_t0,node22transit_node80source
U_node22node80_t0,node22transit_node80source
C_node22node80_timber_t1,node22transit_node80source
M_node22node80_timber_t1,node22transit_node80source
U_node22node80_t1,node22transit_node80source
C_node22node80_timber_t2,node22transit_node80source
M_node22node80_timber_t2,node22transit_node80source
U_node22node80_t2,node22transit_node80source
C_node22node80_timber_t3,node22transit_node80source
M_node22node80_timber_t3,node22transit_node80source
U_node22node80_t3,node22transit_node80source
C_node22node80_timber_t4,node22transit_node80source
M_node22node80_timber_t4,node22transit_node80source
U_node22node80_t4,node22transit_node80source
C_node22node80_timber_t5,node22transit_node80source
M_node22node80_timber_t5,node22transit_node80source
U_node22node80_t5,node22transit_node80source
C_node22node80_wide_t0,node22transit_node80source
M_node22node80_wide_t0,node22transit_node80source
C_node22node80_wide_t1,node22transit_node80source
M_node22node80_wide_t1,node22transit_node80source
C_node22node80_wide_t2,node22transit_node80source
M_node22node80_wide_t2,node22transit_node80source
C_node22node80_wide_t3,node22transit_node80source
M_node22node80_wide_t3,node22transit_node80source
C_node22node80_wide_t4,node22transit_node80source
M_node22node80_wide_t4,node22transit_node80source
C_node22node80_wide_t5,node22transit_node80source
M_node22node80_wide_t5,node22transit_node80source
C_node22node84_timber_t0,node22transit_node84source
M_node22node84_timber_t0,node22transit_node84source
U_node22node84_t0,node22transit_node84source
C_node22node84_timber_t1,node22transit_node84source
M_node22node84_timber_t1,node22transit_node84source
U_node22node84_t1,node22transit_node84source
C_node22node84_timber_t2,node22transit_node84source
M_node22node84_timber_t2,node22transit_node84source
U_node22node84_t2,node22transit_node84source
C_node22node84_timber_t3,node22transit_node84source
M_node22node84_timber_t3,node22transit_node84source
U_node22node84_t3,node22transit_node84source
C_node22node84_timber_t4,node22transit_node84source
M_node22node84_timber_t4,node22transit_node84source
U_node22node84_t4,node22transit_node84source
C_node22node84_timber_t5,node22transit_node84source
M_node22node84_timber_t5,node22transit_node84source
U_node22node84_t5,node22transit_node84source
C_node22node84_wide_t0,node22transit_node84source
M_node22node84_wide_t0,node22transit_node84source
C_node22node84_wide_t1,node22transit_node84source
M_node22node84_wide_t1,node22transit_node84source
C_node22node84_wide_t2,node22transit_node84source
M_node22node84_wide_t2,node22transit_node84source
C_node22node84_wide_t3,node22transit_node84source
M_node22node84_wide_t3,node22transit_node84source
C_node22node84_wide_t4,node22transit_node84source
M_node22node84_wide_t4,node22transit_node84source
C_node22node84_wide_t5,node22transit_node84source
M_node22node84_wide_t5,node22transit_node84source
C_node22node90_timber_t0,node22transit_node90source
M_node22node90_timber_t0,node22transit_node90source
U_node22node90_t0,node22transit_node90source
C_node22node90_timber_t1,node22transit_node90source
M_node22node90_timber_t1,node22transit_node90source
U_node22node90_t1,node22transit_node90source
C_node22node90_timber_t2,node22transit_node90source
M_node22node90_timber_t2,node22transit_node90source
U_node22node90_t2,node22transit_node90source
C_node22node90_timber_t3,node22transit_node90source
M_node22node90_timber_t3,node22transit_node90source
U_node22node90_t3,node22transit_node90source
C_node22node90_timber_t4,node22transit_node90source
M_node22node90_timber_t4,node22transit_node90source
U_node22node90_t4,node22transit_node90source
C_node22node90_timber_t5,node22transit_node90source
M_node22node90_timber_t5,node22transit_node90source
U_node22node90_t5,node22transit_node90source
C_node22node90_wide_t0,node22transit_node90source
M_node22node90_wide_t0,node22transit_node90source
C_node22node90_wide_t1,node22transit_node90source
M_node22node90_wide_t1,node22transit_node90source
C_node22node90_wide_t2,node22transit_node90source
M_node22node90_wide_t2,node22transit_node90source
C_node22node90_wide_t3,node22transit_node90source
M_node22node90_wide_t3,node22transit_node90source
C_node22node90_wide_t4,node22transit_node90source
M_node22node90_wide_t4,node22transit_node90source
C_node22node90_wide_t5,node22transit_node90source
M_node22node90_wide_t5,node22transit_node90source
C_node23node28_timber_t0,node23transit_node28exit
M_node23node28_timber_t0,node23transit_node28exit
U_node23node28_t0,node23transit_node28exit
C_node23node28_timber_t1,node23transit_node28exit
M_node23node28_timber_t1,node23transit_node28exit
U_node23node28_t1,node23transit_node28exit
C_node23node28_timber_t2,node23transit_node28exit
M_node23node28_timber_t2,node23transit_node28exit
U_node23node28_t2,node23transit_node28exit
C_node23node28_timber_t3,node23transit_node28exit
M_node23node28_timber_t3,node23transit_node28exit
U_node23node28_t3,node23transit_node28exit
C_node23node28_timber_t4,node23transit_node28exit
M_node23node28_timber_t4,node23transit_node28exit
U_node23node28_t4,node23transit_node28exit
C_node23node28_timber_t5,node23transit_node28exit
M_node23node28_timber_t5,node23transit_node28exit
U_node23node28_t5,node23transit_node28exit
C_node23node28_wide_t0,node23transit_node28exit
M_node23node28_wide_t0,node23transit_node28exit
C_node23node28_wide_t1,node23transit_node28exit
M_node23node28_wide_t1,node23transit_node28exit
C_node23node28_wide_t2,node23transit_node28exit
M_node23node28_wide_t2,node23transit_node28exit
C_node23node28_wide_t3,node23transit_node28exit
M_node23node28_wide_t3,node23transit_node28exit
C_node23node28_wide_t4,node23transit_node28exit
M_node23node28_wide_t4,node23transit_node28exit
C_node23node28_wide_t5,node23transit_node28exit
M_node23node28_wide_t5,node23transit_node28exit
C_node23node37_timber_t0,node23transit_node37transit
M_node23node37_timber_t0,node23transit_node37transit
U_node23node37_t0,node23transit_node37transit
C_node23node37_timber_t1,node23transit_node37transit
M_node23node37_timber_t1,node23transit_node37transit
U_node23node37_t1,node23transit_node37transit
C_node23node37_timber_t2,node23transit_node37transit
M_node23node37_timber_t2,node23transit_node37transit
U_node23node37_t2,node23transit_node37transit
C_node23node37_timber_t3,node23transit_node37transit
M_node23node37_timber_t3,node23transit_node37transit
U_node23node37_t3,node23transit_node37transit
C_node23node37_timber_t4,node23transit_node37transit
M_node23node37_timber_t4,node23transit_node37transit
U_node23node37_t4,node23transit_node37transit
C_node23node37_timber_t5,node23transit_node37transit
M_node23node37_timber_t5,node23transit_node37transit
U_node23node37_t5,node23transit_node37transit
C_node23node37_wide_t0,node23transit_node37transit
M_node23node37_wide_t0,node23transit_node37transit
C_node23node37_wide_t1,node23transit_node37transit
M_node23node37_wide_t1,node23transit_node37transit
C_node23node37_wide_t2,node23transit_node37transit
M_node23node37_wide_t2,node23transit_node37transit
C_node23node37_wide_t3,node23transit_node37transit
M_node23node37_wide_t3,node23transit_node37transit
C_node23node37_wide_t4,node23transit_node37transit
M_node23node37_wide_t4,node23transit_node37transit
C_node23node37_wide_t5,node23transit_node37transit
M_node23node37_wide_t5,node23transit_node37transit
C_node23node63_timber_t0,node23transit_node63exit
M_node23node63_timber_t0,node23transit_node63exit
U_node23node63_t0,node23transit_node63exit
C_node23node63_timber_t1,node23transit_node63exit
M_node23node63_timber_t1,node23transit_node63exit
U_node23node63_t1,node23transit_node63exit
C_node23node63_timber_t2,node23transit_node63exit
M_node23node63_timber_t2,node23transit_node63exit
U_node23node63_t2,node23transit_node63exit
C_node23node63_timber_t3,node23transit_node63exit
M_node23node63_timber_t3,node23transit_node63exit
U_node23node63_t3,node23transit_node63exit
C_node23node63_timber_t4,node23transit_node63exit
M_node23node63_timber_t4,node23transit_node63exit
U_node23node63_t4,node23transit_node63exit
C_node23node63_timber_t5,node23transit_node63exit
M_node23node63_timber_t5,node23transit_node63exit
U_node23node63_t5,node23transit_node63exit
C_node23node63_wide_t0,node23transit_node63exit
M_node23node63_wide_t0,node23transit_node63exit
C_node23node63_wide_t1,node23transit_node63exit
M_node23node63_wide_t1,node23transit_node63exit
C_node23node63_wide_t2,node23transit_node63exit
M_node23node63_wide_t2,node23transit_node63exit
C_node23node63_wide_t3,node23transit_node63exit
M_node23node63_wide_t3,node23transit_node63exit
C_node23node63_wide_t4,node23transit_node63exit
M_node23node63_wide_t4,node23transit_node63exit
C_node23node63_wide_t5,node23transit_node63exit
M_node23node63_wide_t5,node23transit_node63exit
C_node23node79_timber_t0,node23transit_node79source
M_node23node79_timber_t0,node23transit_node79source
U_node23node79_t0,node23transit_node79source
C_node23node79_timber_t1,node23transit_node79source
M_node23node79_timber_t1,node23transit_node79source
U_node23node79_t1,node23transit_node79source
C_node23node79_timber_t2,node23transit_node79source
M_node23node79_timber_t2,node23transit_node79source
U_node23node79_t2,node23transit_node79source
C_node23node79_timber_t3,node23transit_node79source
M_node23node79_timber_t3,node23transit_node79source
U_node23node79_t3,node23transit_node79source
C_node23node79_timber_t4,node23transit_node79source
M_node23node79_timber_t4,node23transit_node79source
U_node23node79_t4,node23transit_node79source
C_node23node79_timber_t5,node23transit_node79source
M_node23node79_timber_t5,node23transit_node79source
U_node23node79_t5,node23transit_node79source
C_node23node79_wide_t0,node23transit_node79source
M_node23node79_wide_t0,node23transit_node79source
C_node23node79_wide_t1,node23transit_node79source
M_node23node79_wide_t1,node23transit_node79source
C_node23node79_wide_t2,node23transit_node79source
M_node23node79_wide_t2,node23transit_node79source
C_node23node79_wide_t3,node23transit_node79source
M_node23node79_wide_t3,node23transit_node79source
C_node23node79_wide_t4,node23transit_node79source
M_node23node79_wide_t4,node23transit_node79source
C_node23node79_wide_t5,node23transit_node79source
M_node23node79_wide_t5,node23transit_node79source
C_node23node82_timber_t0,node23transit_node82source
M_node23node82_timber_t0,node23transit_node82source
U_node23node82_t0,node23transit_node82source
C_node23node82_timber_t1,node23transit_node82source
M_node23node82_timber_t1,node23transit_node82source
U_node23node82_t1,node23transit_node82source
C_node23node82_timber_t2,node23transit_node82source
M_node23node82_timber_t2,node23transit_node82source
U_node23node82_t2,node23transit_node82source
C_node23node82_timber_t3,node23transit_node82source
M_node23node82_timber_t3,node23transit_node82source
U_node23node82_t3,node23transit_node82source
C_node23node82_timber_t4,node23transit_node82source
M_node23node82_timber_t4,node23transit_node82source
U_node23node82_t4,node23transit_node82source
C_node23node82_timber_t5,node23transit_node82source
M_node23node82_timber_t5,node23transit_node82source
U_node23node82_t5,node23transit_node82source
C_node23node82_wide_t0,node23transit_node82source
M_node23node82_wide_t0,node23transit_node82source
C_node23node82_wide_t1,node23transit_node82source
M_node23node82_wide_t1,node23transit_node82source
C_node23node82_wide_t2,node23transit_node82source
M_node23node82_wide_t2,node23transit_node82source
C_node23node82_wide_t3,node23transit_node82source
M_node23node82_wide_t3,node23transit_node82source
C_node23node82_wide_t4,node23transit_node82source
M_node23node82_wide_t4,node23transit_node82source
C_node23node82_wide_t5,node23transit_node82source
M_node23node82_wide_t5,node23transit_node82source
C_node23node83_timber_t0,node23transit_node83source
M_node23node83_timber_t0,node23transit_node83source
U_node23node83_t0,node23transit_node83source
C_node23node83_timber_t1,node23transit_node83source
M_node23node83_timber_t1,node23transit_node83source
U_node23node83_t1,node23transit_node83source
C_node23node83_timber_t2,node23transit_node83source
M_node23node83_timber_t2,node23transit_node83source
U_node23node83_t2,node23transit_node83source
C_node23node83_timber_t3,node23transit_node83source
M_node23node83_timber_t3,node23transit_node83source
U_node23node83_t3,node23transit_node83source
C_node23node83_timber_t4,node23transit_node83source
M_node23node83_timber_t4,node23transit_node83source
U_node23node83_t4,node23transit_node83source
C_node23node83_timber_t5,node23transit_node83source
M_node23node83_timber_t5,node23transit_node83source
U_node23node83_t5,node23transit_node83source
C_node23node83_wide_t0,node23transit_node83source
M_node23node83_wide_t0,node23transit_node83source
C_node23node83_wide_t1,node23transit_node83source
M_node23node83_wide_t1,node23transit_node83source
C_node23node83_wide_t2,node23transit_node83source
M_node23node83_wide_t2,node23transit_node83source
C_node23node83_wide_t3,node23transit_node83source
M_node23node83_wide_t3,node23transit_node83source
C_node23node83_wide_t4,node23transit_node83source
M_node23node83_wide_t4,node23transit_node83source
C_node23node83_wide_t5,node23transit_node83source
M_node23node83_wide_t5,node23transit_node83source
C_node24node71_timber_t0,node24exit_node71exit
M_node24node71_timber_t0,node24exit_node71exit
U_node24node71_t0,node24exit_node71exit
C_node24node71_timber_t1,node24exit_node71exit
M_node24node71_timber_t1,node24exit_node71exit
U_node24node71_t1,node24exit_node71exit
C_node24node71_timber_t2,node24exit_node71exit
M_node24node71_timber_t2,node24exit_node71exit
U_node24node71_t2,node24exit_node71exit
C_node24node71_timber_t3,node24exit_node71exit
M_node24node71_timber_t3,node24exit_node71exit
U_node24node71_t3,node24exit_node71exit
C_node24node71_timber_t4,node24exit_node71exit
M_node24node71_timber_t4,node24exit_node71exit
U_node24node71_t4,node24exit_node71exit
C_node24node71_timber_t5,node24exit_node71exit
M_node24node71_timber_t5,node24exit_node71exit
U_node24node71_t5,node24exit_node71exit
C_node24node71_wide_t0,node24exit_node71exit
M_node24node71_wide_t0,node24exit_node71exit
C_node24node71_wide_t1,node24exit_node71exit
M_node24node71_wide_t1,node24exit_node71exit
C_node24node71_wide_t2,node24exit_node71exit
M_node24node71_wide_t2,node24exit_node71exit
C_node24node71_wide_t3,node24exit_node71exit
M_node24node71_wide_t3,node24exit_node71exit
C_node24node71_wide_t4,node24exit_node71exit
M_node24node71_wide_t4,node24exit_node71exit
C_node24node71_wide_t5,node24exit_node71exit
M_node24node71_wide_t5,node24exit_node71exit
C_node24node67_timber_t0,node24exit_node67exit
M_node24node67_timber_t0,node24exit_node67exit
U_node24node67_t0,node24exit_node67exit
C_node24node67_timber_t1,node24exit_node67exit
M_node24node67_timber_t1,node24exit_node67exit
U_node24node67_t1,node24exit_node67exit
C_node24node67_timber_t2,node24exit_node67exit
M_node24node67_timber_t2,node24exit_node67exit
U_node24node67_t2,node24exit_node67exit
C_node24node67_timber_t3,node24exit_node67exit
M_node24node67_timber_t3,node24exit_node67exit
U_node24node67_t3,node24exit_node67exit
C_node24node67_timber_t4,node24exit_node67exit
M_node24node67_timber_t4,node24exit_node67exit
U_node24node67_t4,node24exit_node67exit
C_node24node67_timber_t5,node24exit_node67exit
M_node24node67_timber_t5,node24exit_node67exit
U_node24node67_t5,node24exit_node67exit
C_node24node67_wide_t0,node24exit_node67exit
M_node24node67_wide_t0,node24exit_node67exit
C_node24node67_wide_t1,node24exit_node67exit
M_node24node67_wide_t1,node24exit_node67exit
C_node24node67_wide_t2,node24exit_node67exit
M_node24node67_wide_t2,node24exit_node67exit
C_node24node67_wide_t3,node24exit_node67exit
M_node24node67_wide_t3,node24exit_node67exit
C_node24node67_wide_t4,node24exit_node67exit
M_node24node67_wide_t4,node24exit_node67exit
C_node24node67_wide_t5,node24exit_node67exit
M_node24node67_wide_t5,node24exit_node67exit
C_node24node88_timber_t0,node24exit_node88source
M_node24node88_timber_t0,node24exit_node88source
U_node24node88_t0,node24exit_node88source
C_node24node88_timber_t1,node24exit_node88source
M_node24node88_timber_t1,node24exit_node88source
U_node24node88_t1,node24exit_node88source
C_node24node88_timber_t2,node24exit_node88source
M_node24node88_timber_t2,node24exit_node88source
U_node24node88_t2,node24exit_node88source
C_node24node88_timber_t3,node24exit_node88source
M_node24node88_timber_t3,node24exit_node88source
U_node24node88_t3,node24exit_node88source
C_node24node88_timber_t4,node24exit_node88source
M_node24node88_timber_t4,node24exit_node88source
U_node24node88_t4,node24exit_node88source
C_node24node88_timber_t5,node24exit_node88source
M_node24node88_timber_t5,node24exit_node88source
U_node24node88_t5,node24exit_node88source
C_node24node88_wide_t0,node24exit_node88source
M_node24node88_wide_t0,node24exit_node88source
C_node24node88_wide_t1,node24exit_node88source
M_node24node88_wide_t1,node24exit_node88source
C_node24node88_wide_t2,node24exit_node88source
M_node24node88_wide_t2,node24exit_node88source
C_node24node88_wide_t3,node24exit_node88source
M_node24node88_wide_t3,node24exit_node88source
C_node24node88_wide_t4,node24exit_node88source
M_node24node88_wide_t4,node24exit_node88source
C_node24node88_wide_t5,node24exit_node88source
M_node24node88_wide_t5,node24exit_node88source
C_node24node93_timber_t0,node24exit_node93source
M_node24node93_timber_t0,node24exit_node93source
U_node24node93_t0,node24exit_node93source
C_node24node93_timber_t1,node24exit_node93source
M_node24node93_timber_t1,node24exit_node93source
U_node24node93_t1,node24exit_node93source
C_node24node93_timber_t2,node24exit_node93source
M_node24node93_timber_t2,node24exit_node93source
U_node24node93_t2,node24exit_node93source
C_node24node93_timber_t3,node24exit_node93source
M_node24node93_timber_t3,node24exit_node93source
U_node24node93_t3,node24exit_node93source
C_node24node93_timber_t4,node24exit_node93source
M_node24node93_timber_t4,node24exit_node93source
U_node24node93_t4,node24exit_node93source
C_node24node93_timber_t5,node24exit_node93source
M_node24node93_timber_t5,node24exit_node93source
U_node24node93_t5,node24exit_node93source
C_node24node93_wide_t0,node24exit_node93source
M_node24node93_wide_t0,node24exit_node93source
C_node24node93_wide_t1,node24exit_node93source
M_node24node93_wide_t1,node24exit_node93source
C_node24node93_wide_t2,node24exit_node93source
M_node24node93_wide_t2,node24exit_node93source
C_node24node93_wide_t3,node24exit_node93source
M_node24node93_wide_t3,node24exit_node93source
C_node24node93_wide_t4,node24exit_node93source
M_node24node93_wide_t4,node24exit_node93source
C_node24node93_wide_t5,node24exit_node93source
M_node24node93_wide_t5,node24exit_node93source
C_node25node28_timber_t0,node25transit_node28exit
M_node25node28_timber_t0,node25transit_node28exit
U_node25node28_t0,node25transit_node28exit
C_node25node28_timber_t1,node25transit_node28exit
M_node25node28_timber_t1,node25transit_node28exit
U_node25node28_t1,node25transit_node28exit
C_node25node28_timber_t2,node25transit_node28exit
M_node25node28_timber_t2,node25transit_node28exit
U_node25node28_t2,node25transit_node28exit
C_node25node28_timber_t3,node25transit_node28exit
M_node25node28_timber_t3,node25transit_node28exit
U_node25node28_t3,node25transit_node28exit
C_node25node28_timber_t4,node25transit_node28exit
M_node25node28_timber_t4,node25transit_node28exit
U_node25node28_t4,node25transit_node28exit
C_node25node28_timber_t5,node25transit_node28exit
M_node25node28_timber_t5,node25transit_node28exit
U_node25node28_t5,node25transit_node28exit
C_node25node28_wide_t0,node25transit_node28exit
M_node25node28_wide_t0,node25transit_node28exit
C_node25node28_wide_t1,node25transit_node28exit
M_node25node28_wide_t1,node25transit_node28exit
C_node25node28_wide_t2,node25transit_node28exit
M_node25node28_wide_t2,node25transit_node28exit
C_node25node28_wide_t3,node25transit_node28exit
M_node25node28_wide_t3,node25transit_node28exit
C_node25node28_wide_t4,node25transit_node28exit
M_node25node28_wide_t4,node25transit_node28exit
C_node25node28_wide_t5,node25transit_node28exit
M_node25node28_wide_t5,node25transit_node28exit
C_node25node43_timber_t0,node25transit_node43transit
M_node25node43_timber_t0,node25transit_node43transit
U_node25node43_t0,node25transit_node43transit
C_node25node43_timber_t1,node25transit_node43transit
M_node25node43_timber_t1,node25transit_node43transit
U_node25node43_t1,node25transit_node43transit
C_node25node43_timber_t2,node25transit_node43transit
M_node25node43_timber_t2,node25transit_node43transit
U_node25node43_t2,node25transit_node43transit
C_node25node43_timber_t3,node25transit_node43transit
M_node25node43_timber_t3,node25transit_node43transit
U_node25node43_t3,node25transit_node43transit
C_node25node43_timber_t4,node25transit_node43transit
M_node25node43_timber_t4,node25transit_node43transit
U_node25node43_t4,node25transit_node43transit
C_node25node43_timber_t5,node25transit_node43transit
M_node25node43_timber_t5,node25transit_node43transit
U_node25node43_t5,node25transit_node43transit
C_node25node43_wide_t0,node25transit_node43transit
M_node25node43_wide_t0,node25transit_node43transit
C_node25node43_wide_t1,node25transit_node43transit
M_node25node43_wide_t1,node25transit_node43transit
C_node25node43_wide_t2,node25transit_node43transit
M_node25node43_wide_t2,node25transit_node43transit
C_node25node43_wide_t3,node25transit_node43transit
M_node25node43_wide_t3,node25transit_node43transit
C_node25node43_wide_t4,node25transit_node43transit
M_node25node43_wide_t4,node25transit_node43transit
C_node25node43_wide_t5,node25transit_node43transit
M_node25node43_wide_t5,node25transit_node43transit
C_node25node81_timber_t0,node25transit_node81source
M_node25node81_timber_t0,node25transit_node81source
U_node25node81_t0,node25transit_node81source
C_node25node81_timber_t1,node25transit_node81source
M_node25node81_timber_t1,node25transit_node81source
U_node25node81_t1,node25transit_node81source
C_node25node81_timber_t2,node25transit_node81source
M_node25node81_timber_t2,node25transit_node81source
U_node25node81_t2,node25transit_node81source
C_node25node81_timber_t3,node25transit_node81source
M_node25node81_timber_t3,node25transit_node81source
U_node25node81_t3,node25transit_node81source
C_node25node81_timber_t4,node25transit_node81source
M_node25node81_timber_t4,node25transit_node81source
U_node25node81_t4,node25transit_node81source
C_node25node81_timber_t5,node25transit_node81source
M_node25node81_timber_t5,node25transit_node81source
U_node25node81_t5,node25transit_node81source
C_node25node81_wide_t0,node25transit_node81source
M_node25node81_wide_t0,node25transit_node81source
C_node25node81_wide_t1,node25transit_node81source
M_node25node81_wide_t1,node25transit_node81source
C_node25node81_wide_t2,node25transit_node81source
M_node25node81_wide_t2,node25transit_node81source
C_node25node81_wide_t3,node25transit_node81source
M_node25node81_wide_t3,node25transit_node81source
C_node25node81_wide_t4,node25transit_node81source
M_node25node81_wide_t4,node25transit_node81source
C_node25node81_wide_t5,node25transit_node81source
M_node25node81_wide_t5,node25transit_node81source
C_node25node82_timber_t0,node25transit_node82source
M_node25node82_timber_t0,node25transit_node82source
U_node25node82_t0,node25transit_node82source
C_node25node82_timber_t1,node25transit_node82source
M_node25node82_timber_t1,node25transit_node82source
U_node25node82_t1,node25transit_node82source
C_node25node82_timber_t2,node25transit_node82source
M_node25node82_timber_t2,node25transit_node82source
U_node25node82_t2,node25transit_node82source
C_node25node82_timber_t3,node25transit_node82source
M_node25node82_timber_t3,node25transit_node82source
U_node25node82_t3,node25transit_node82source
C_node25node82_timber_t4,node25transit_node82source
M_node25node82_timber_t4,node25transit_node82source
U_node25node82_t4,node25transit_node82source
C_node25node82_timber_t5,node25transit_node82source
M_node25node82_timber_t5,node25transit_node82source
U_node25node82_t5,node25transit_node82source
C_node25node82_wide_t0,node25transit_node82source
M_node25node82_wide_t0,node25transit_node82source
C_node25node82_wide_t1,node25transit_node82source
M_node25node82_wide_t1,node25transit_node82source
C_node25node82_wide_t2,node25transit_node82source
M_node25node82_wide_t2,node25transit_node82source
C_node25node82_wide_t3,node25transit_node82source
M_node25node82_wide_t3,node25transit_node82source
C_node25node82_wide_t4,node25transit_node82source
M_node25node82_wide_t4,node25transit_node82source
C_node25node82_wide_t5,node25transit_node82source
M_node25node82_wide_t5,node25transit_node82source
C_node25node83_timber_t0,node25transit_node83source
M_node25node83_timber_t0,node25transit_node83source
U_node25node83_t0,node25transit_node83source
C_node25node83_timber_t1,node25transit_node83source
M_node25node83_timber_t1,node25transit_node83source
U_node25node83_t1,node25transit_node83source
C_node25node83_timber_t2,node25transit_node83source
M_node25node83_timber_t2,node25transit_node83source
U_node25node83_t2,node25transit_node83source
C_node25node83_timber_t3,node25transit_node83source
M_node25node83_timber_t3,node25transit_node83source
U_node25node83_t3,node25transit_node83source
C_node25node83_timber_t4,node25transit_node83source
M_node25node83_timber_t4,node25transit_node83source
U_node25node83_t4,node25transit_node83source
C_node25node83_timber_t5,node25transit_node83source
M_node25node83_timber_t5,node25transit_node83source
U_node25node83_t5,node25transit_node83source
C_node25node83_wide_t0,node25transit_node83source
M_node25node83_wide_t0,node25transit_node83source
C_node25node83_wide_t1,node25transit_node83source
M_node25node83_wide_t1,node25transit_node83source
C_node25node83_wide_t2,node25transit_node83source
M_node25node83_wide_t2,node25transit_node83source
C_node25node83_wide_t3,node25transit_node83source
M_node25node83_wide_t3,node25transit_node83source
C_node25node83_wide_t4,node25transit_node83source
M_node25node83_wide_t4,node25transit_node83source
C_node25node83_wide_t5,node25transit_node83source
M_node25node83_wide_t5,node25transit_node83source
C_node26node40_timber_t0,node26transit_node40exit
M_node26node40_timber_t0,node26transit_node40exit
U_node26node40_t0,node26transit_node40exit
C_node26node40_timber_t1,node26transit_node40exit
M_node26node40_timber_t1,node26transit_node40exit
U_node26node40_t1,node26transit_node40exit
C_node26node40_timber_t2,node26transit_node40exit
M_node26node40_timber_t2,node26transit_node40exit
U_node26node40_t2,node26transit_node40exit
C_node26node40_timber_t3,node26transit_node40exit
M_node26node40_timber_t3,node26transit_node40exit
U_node26node40_t3,node26transit_node40exit
C_node26node40_timber_t4,node26transit_node40exit
M_node26node40_timber_t4,node26transit_node40exit
U_node26node40_t4,node26transit_node40exit
C_node26node40_timber_t5,node26transit_node40exit
M_node26node40_timber_t5,node26transit_node40exit
U_node26node40_t5,node26transit_node40exit
C_node26node40_wide_t0,node26transit_node40exit
M_node26node40_wide_t0,node26transit_node40exit
C_node26node40_wide_t1,node26transit_node40exit
M_node26node40_wide_t1,node26transit_node40exit
C_node26node40_wide_t2,node26transit_node40exit
M_node26node40_wide_t2,node26transit_node40exit
C_node26node40_wide_t3,node26transit_node40exit
M_node26node40_wide_t3,node26transit_node40exit
C_node26node40_wide_t4,node26transit_node40exit
M_node26node40_wide_t4,node26transit_node40exit
C_node26node40_wide_t5,node26transit_node40exit
M_node26node40_wide_t5,node26transit_node40exit
C_node26node89_timber_t0,node26transit_node89source
M_node26node89_timber_t0,node26transit_node89source
U_node26node89_t0,node26transit_node89source
C_node26node89_timber_t1,node26transit_node89source
M_node26node89_timber_t1,node26transit_node89source
U_node26node89_t1,node26transit_node89source
C_node26node89_timber_t2,node26transit_node89source
M_node26node89_timber_t2,node26transit_node89source
U_node26node89_t2,node26transit_node89source
C_node26node89_timber_t3,node26transit_node89source
M_node26node89_timber_t3,node26transit_node89source
U_node26node89_t3,node26transit_node89source
C_node26node89_timber_t4,node26transit_node89source
M_node26node89_timber_t4,node26transit_node89source
U_node26node89_t4,node26transit_node89source
C_node26node89_timber_t5,node26transit_node89source
M_node26node89_timber_t5,node26transit_node89source
U_node26node89_t5,node26transit_node89source
C_node26node89_wide_t0,node26transit_node89source
M_node26node89_wide_t0,node26transit_node89source
C_node26node89_wide_t1,node26transit_node89source
M_node26node89_wide_t1,node26transit_node89source
C_node26node89_wide_t2,node26transit_node89source
M_node26node89_wide_t2,node26transit_node89source
C_node26node89_wide_t3,node26transit_node89source
M_node26node89_wide_t3,node26transit_node89source
C_node26node89_wide_t4,node26transit_node89source
M_node26node89_wide_t4,node26transit_node89source
C_node26node89_wide_t5,node26transit_node89source
M_node26node89_wide_t5,node26transit_node89source
C_node26node91_timber_t0,node26transit_node91source
M_node26node91_timber_t0,node26transit_node91source
U_node26node91_t0,node26transit_node91source
C_node26node91_timber_t1,node26transit_node91source
M_node26node91_timber_t1,node26transit_node91source
U_node26node91_t1,node26transit_node91source
C_node26node91_timber_t2,node26transit_node91source
M_node26node91_timber_t2,node26transit_node91source
U_node26node91_t2,node26transit_node91source
C_node26node91_timber_t3,node26transit_node91source
M_node26node91_timber_t3,node26transit_node91source
U_node26node91_t3,node26transit_node91source
C_node26node91_timber_t4,node26transit_node91source
M_node26node91_timber_t4,node26transit_node91source
U_node26node91_t4,node26transit_node91source
C_node26node91_timber_t5,node26transit_node91source
M_node26node91_timber_t5,node26transit_node91source
U_node26node91_t5,node26transit_node91source
C_node26node91_wide_t0,node26transit_node91source
M_node26node91_wide_t0,node26transit_node91source
C_node26node91_wide_t1,node26transit_node91source
M_node26node91_wide_t1,node26transit_node91source
C_node26node91_wide_t2,node26transit_node91source
M_node26node91_wide_t2,node26transit_node91source
C_node26node91_wide_t3,node26transit_node91source
M_node26node91_wide_t3,node26transit_node91source
C_node26node91_wide_t4,node26transit_node91source
M_node26node91_wide_t4,node26transit_node91source
C_node26node91_wide_t5,node26transit_node91source
M_node26node91_wide_t5,node26transit_node91source
C_node26node94_timber_t0,node26transit_node94source
M_node26node94_timber_t0,node26transit_node94source
U_node26node94_t0,node26transit_node94source
C_node26node94_timber_t1,node26transit_node94source
M_node26node94_timber_t1,node26transit_node94source
U_node26node94_t1,node26transit_node94source
C_node26node94_timber_t2,node26transit_node94source
M_node26node94_timber_t2,node26transit_node94source
U_node26node94_t2,node26transit_node94source
C_node26node94_timber_t3,node26transit_node94source
M_node26node94_timber_t3,node26transit_node94source
U_node26node94_t3,node26transit_node94source
C_node26node94_timber_t4,node26transit_node94source
M_node26node94_timber_t4,node26transit_node94source
U_node26node94_t4,node26transit_node94source
C_node26node94_timber_t5,node26transit_node94source
M_node26node94_timber_t5,node26transit_node94source
U_node26node94_t5,node26transit_node94source
C_node26node94_wide_t0,node26transit_node94source
M_node26node94_wide_t0,node26transit_node94source
C_node26node94_wide_t1,node26transit_node94source
M_node26node94_wide_t1,node26transit_node94source
C_node26node94_wide_t2,node26transit_node94source
M_node26node94_wide_t2,node26transit_node94source
C_node26node94_wide_t3,node26transit_node94source
M_node26node94_wide_t3,node26transit_node94source
C_node26node94_wide_t4,node26transit_node94source
M_node26node94_wide_t4,node26transit_node94source
C_node26node94_wide_t5,node26transit_node94source
M_node26node94_wide_t5,node26transit_node94source
C_node27node46_timber_t0,node27transit_node46transit
M_node27node46_timber_t0,node27transit_node46transit
U_node27node46_t0,node27transit_node46transit
C_node27node46_timber_t1,node27transit_node46transit
M_node27node46_timber_t1,node27transit_node46transit
U_node27node46_t1,node27transit_node46transit
C_node27node46_timber_t2,node27transit_node46transit
M_node27node46_timber_t2,node27transit_node46transit
U_node27node46_t2,node27transit_node46transit
C_node27node46_timber_t3,node27transit_node46transit
M_node27node46_timber_t3,node27transit_node46transit
U_node27node46_t3,node27transit_node46transit
C_node27node46_timber_t4,node27transit_node46transit
M_node27node46_timber_t4,node27transit_node46transit
U_node27node46_t4,node27transit_node46transit
C_node27node46_timber_t5,node27transit_node46transit
M_node27node46_timber_t5,node27transit_node46transit
U_node27node46_t5,node27transit_node46transit
C_node27node46_wide_t0,node27transit_node46transit
M_node27node46_wide_t0,node27transit_node46transit
C_node27node46_wide_t1,node27transit_node46transit
M_node27node46_wide_t1,node27transit_node46transit
C_node27node46_wide_t2,node27transit_node46transit
M_node27node46_wide_t2,node27transit_node46transit
C_node27node46_wide_t3,node27transit_node46transit
M_node27node46_wide_t3,node27transit_node46transit
C_node27node46_wide_t4,node27transit_node46transit
M_node27node46_wide_t4,node27transit_node46transit
C_node27node46_wide_t5,node27transit_node46transit
M_node27node46_wide_t5,node27transit_node46transit
C_node27node30_timber_t0,node27transit_node30transit
M_node27node30_timber_t0,node27transit_node30transit
U_node27node30_t0,node27transit_node30transit
C_node27node30_timber_t1,node27transit_node30transit
M_node27node30_timber_t1,node27transit_node30transit
U_node27node30_t1,node27transit_node30transit
C_node27node30_timber_t2,node27transit_node30transit
M_node27node30_timber_t2,node27transit_node30transit
U_node27node30_t2,node27transit_node30transit
C_node27node30_timber_t3,node27transit_node30transit
M_node27node30_timber_t3,node27transit_node30transit
U_node27node30_t3,node27transit_node30transit
C_node27node30_timber_t4,node27transit_node30transit
M_node27node30_timber_t4,node27transit_node30transit
U_node27node30_t4,node27transit_node30transit
C_node27node30_timber_t5,node27transit_node30transit
M_node27node30_timber_t5,node27transit_node30transit
U_node27node30_t5,node27transit_node30transit
C_node27node30_wide_t0,node27transit_node30transit
M_node27node30_wide_t0,node27transit_node30transit
C_node27node30_wide_t1,node27transit_node30transit
M_node27node30_wide_t1,node27transit_node30transit
C_node27node30_wide_t2,node27transit_node30transit
M_node27node30_wide_t2,node27transit_node30transit
C_node27node30_wide_t3,node27transit_node30transit
M_node27node30_wide_t3,node27transit_node30transit
C_node27node30_wide_t4,node27transit_node30transit
M_node27node30_wide_t4,node27transit_node30transit
C_node27node30_wide_t5,node27transit_node30transit
M_node27node30_wide_t5,node27transit_node30transit
C_node27node90_timber_t0,node27transit_node90source
M_node27node90_timber_t0,node27transit_node90source
U_node27node90_t0,node27transit_node90source
C_node27node90_timber_t1,node27transit_node90source
M_node27node90_timber_t1,node27transit_node90source
U_node27node90_t1,node27transit_node90source
C_node27node90_timber_t2,node27transit_node90source
M_node27node90_timber_t2,node27transit_node90source
U_node27node90_t2,node27transit_node90source
C_node27node90_timber_t3,node27transit_node90source
M_node27node90_timber_t3,node27transit_node90source
U_node27node90_t3,node27transit_node90source
C_node27node90_timber_t4,node27transit_node90source
M_node27node90_timber_t4,node27transit_node90source
U_node27node90_t4,node27transit_node90source
C_node27node90_timber_t5,node27transit_node90source
M_node27node90_timber_t5,node27transit_node90source
U_node27node90_t5,node27transit_node90source
C_node27node90_wide_t0,node27transit_node90source
M_node27node90_wide_t0,node27transit_node90source
C_node27node90_wide_t1,node27transit_node90source
M_node27node90_wide_t1,node27transit_node90source
C_node27node90_wide_t2,node27transit_node90source
M_node27node90_wide_t2,node27transit_node90source
C_node27node90_wide_t3,node27transit_node90source
M_node27node90_wide_t3,node27transit_node90source
C_node27node90_wide_t4,node27transit_node90source
M_node27node90_wide_t4,node27transit_node90source
C_node27node90_wide_t5,node27transit_node90source
M_node27node90_wide_t5,node27transit_node90source
C_node27node95_timber_t0,node27transit_node95source
M_node27node95_timber_t0,node27transit_node95source
U_node27node95_t0,node27transit_node95source
C_node27node95_timber_t1,node27transit_node95source
M_node27node95_timber_t1,node27transit_node95source
U_node27node95_t1,node27transit_node95source
C_node27node95_timber_t2,node27transit_node95source
M_node27node95_timber_t2,node27transit_node95source
U_node27node95_t2,node27transit_node95source
C_node27node95_timber_t3,node27transit_node95source
M_node27node95_timber_t3,node27transit_node95source
U_node27node95_t3,node27transit_node95source
C_node27node95_timber_t4,node27transit_node95source
M_node27node95_timber_t4,node27transit_node95source
U_node27node95_t4,node27transit_node95source
C_node27node95_timber_t5,node27transit_node95source
M_node27node95_timber_t5,node27transit_node95source
U_node27node95_t5,node27transit_node95source
C_node27node95_wide_t0,node27transit_node95source
M_node27node95_wide_t0,node27transit_node95source
C_node27node95_wide_t1,node27transit_node95source
M_node27node95_wide_t1,node27transit_node95source
C_node27node95_wide_t2,node27transit_node95source
M_node27node95_wide_t2,node27transit_node95source
C_node27node95_wide_t3,node27transit_node95source
M_node27node95_wide_t3,node27transit_node95source
C_node27node95_wide_t4,node27transit_node95source
M_node27node95_wide_t4,node27transit_node95source
C_node27node95_wide_t5,node27transit_node95source
M_node27node95_wide_t5,node27transit_node95source
C_node27node96_timber_t0,node27transit_node96source
M_node27node96_timber_t0,node27transit_node96source
U_node27node96_t0,node27transit_node96source
C_node27node96_timber_t1,node27transit_node96source
M_node27node96_timber_t1,node27transit_node96source
U_node27node96_t1,node27transit_node96source
C_node27node96_timber_t2,node27transit_node96source
M_node27node96_timber_t2,node27transit_node96source
U_node27node96_t2,node27transit_node96source
C_node27node96_timber_t3,node27transit_node96source
M_node27node96_timber_t3,node27transit_node96source
U_node27node96_t3,node27transit_node96source
C_node27node96_timber_t4,node27transit_node96source
M_node27node96_timber_t4,node27transit_node96source
U_node27node96_t4,node27transit_node96source
C_node27node96_timber_t5,node27transit_node96source
M_node27node96_timber_t5,node27transit_node96source
U_node27node96_t5,node27transit_node96source
C_node27node96_wide_t0,node27transit_node96source
M_node27node96_wide_t0,node27transit_node96source
C_node27node96_wide_t1,node27transit_node96source
M_node27node96_wide_t1,node27transit_node96source
C_node27node96_wide_t2,node27transit_node96source
M_node27node96_wide_t2,node27transit_node96source
C_node27node96_wide_t3,node27transit_node96source
M_node27node96_wide_t3,node27transit_node96source
C_node27node96_wide_t4,node27transit_node96source
M_node27node96_wide_t4,node27transit_node96source
C_node27node96_wide_t5,node27transit_node96source
M_node27node96_wide_t5,node27transit_node96source
C_node28node82_timber_t0,node28exit_node82source
M_node28node82_timber_t0,node28exit_node82source
U_node28node82_t0,node28exit_node82source
C_node28node82_timber_t1,node28exit_node82source
M_node28node82_timber_t1,node28exit_node82source
U_node28node82_t1,node28exit_node82source
C_node28node82_timber_t2,node28exit_node82source
M_node28node82_timber_t2,node28exit_node82source
U_node28node82_t2,node28exit_node82source
C_node28node82_timber_t3,node28exit_node82source
M_node28node82_timber_t3,node28exit_node82source
U_node28node82_t3,node28exit_node82source
C_node28node82_timber_t4,node28exit_node82source
M_node28node82_timber_t4,node28exit_node82source
U_node28node82_t4,node28exit_node82source
C_node28node82_timber_t5,node28exit_node82source
M_node28node82_timber_t5,node28exit_node82source
U_node28node82_t5,node28exit_node82source
C_node28node82_wide_t0,node28exit_node82source
M_node28node82_wide_t0,node28exit_node82source
C_node28node82_wide_t1,node28exit_node82source
M_node28node82_wide_t1,node28exit_node82source
C_node28node82_wide_t2,node28exit_node82source
M_node28node82_wide_t2,node28exit_node82source
C_node28node82_wide_t3,node28exit_node82source
M_node28node82_wide_t3,node28exit_node82source
C_node28node82_wide_t4,node28exit_node82source
M_node28node82_wide_t4,node28exit_node82source
C_node28node82_wide_t5,node28exit_node82source
M_node28node82_wide_t5,node28exit_node82source
C_node28node83_timber_t0,node28exit_node83source
M_node28node83_timber_t0,node28exit_node83source
U_node28node83_t0,node28exit_node83source
C_node28node83_timber_t1,node28exit_node83source
M_node28node83_timber_t1,node28exit_node83source
U_node28node83_t1,node28exit_node83source
C_node28node83_timber_t2,node28exit_node83source
M_node28node83_timber_t2,node28exit_node83source
U_node28node83_t2,node28exit_node83source
C_node28node83_timber_t3,node28exit_node83source
M_node28node83_timber_t3,node28exit_node83source
U_node28node83_t3,node28exit_node83source
C_node28node83_timber_t4,node28exit_node83source
M_node28node83_timber_t4,node28exit_node83source
U_node28node83_t4,node28exit_node83source
C_node28node83_timber_t5,node28exit_node83source
M_node28node83_timber_t5,node28exit_node83source
U_node28node83_t5,node28exit_node83source
C_node28node83_wide_t0,node28exit_node83source
M_node28node83_wide_t0,node28exit_node83source
C_node28node83_wide_t1,node28exit_node83source
M_node28node83_wide_t1,node28exit_node83source
C_node28node83_wide_t2,node28exit_node83source
M_node28node83_wide_t2,node28exit_node83source
C_node28node83_wide_t3,node28exit_node83source
M_node28node83_wide_t3,node28exit_node83source
C_node28node83_wide_t4,node28exit_node83source
M_node28node83_wide_t4,node28exit_node83source
C_node28node83_wide_t5,node28exit_node83source
M_node28node83_wide_t5,node28exit_node83source
C_node29node59_timber_t0,node29exit_node59exit
M_node29node59_timber_t0,node29exit_node59exit
U_node29node59_t0,node29exit_node59exit
C_node29node59_timber_t1,node29exit_node59exit
M_node29node59_timber_t1,node29exit_node59exit
U_node29node59_t1,node29exit_node59exit
C_node29node59_timber_t2,node29exit_node59exit
M_node29node59_timber_t2,node29exit_node59exit
U_node29node59_t2,node29exit_node59exit
C_node29node59_timber_t3,node29exit_node59exit
M_node29node59_timber_t3,node29exit_node59exit
U_node29node59_t3,node29exit_node59exit
C_node29node59_timber_t4,node29exit_node59exit
M_node29node59_timber_t4,node29exit_node59exit
U_node29node59_t4,node29exit_node59exit
C_node29node59_timber_t5,node29exit_node59exit
M_node29node59_timber_t5,node29exit_node59exit
U_node29node59_t5,node29exit_node59exit
C_node29node59_wide_t0,node29exit_node59exit
M_node29node59_wide_t0,node29exit_node59exit
C_node29node59_wide_t1,node29exit_node59exit
M_node29node59_wide_t1,node29exit_node59exit
C_node29node59_wide_t2,node29exit_node59exit
M_node29node59_wide_t2,node29exit_node59exit
C_node29node59_wide_t3,node29exit_node59exit
M_node29node59_wide_t3,node29exit_node59exit
C_node29node59_wide_t4,node29exit_node59exit
M_node29node59_wide_t4,node29exit_node59exit
C_node29node59_wide_t5,node29exit_node59exit
M_node29node59_wide_t5,node29exit_node59exit
C_node29node75_timber_t0,node29exit_node75source
M_node29node75_timber_t0,node29exit_node75source
U_node29node75_t0,node29exit_node75source
C_node29node75_timber_t1,node29exit_node75source
M_node29node75_timber_t1,node29exit_node75source
U_node29node75_t1,node29exit_node75source
C_node29node75_timber_t2,node29exit_node75source
M_node29node75_timber_t2,node29exit_node75source
U_node29node75_t2,node29exit_node75source
C_node29node75_timber_t3,node29exit_node75source
M_node29node75_timber_t3,node29exit_node75source
U_node29node75_t3,node29exit_node75source
C_node29node75_timber_t4,node29exit_node75source
M_node29node75_timber_t4,node29exit_node75source
U_node29node75_t4,node29exit_node75source
C_node29node75_timber_t5,node29exit_node75source
M_node29node75_timber_t5,node29exit_node75source
U_node29node75_t5,node29exit_node75source
C_node29node75_wide_t0,node29exit_node75source
M_node29node75_wide_t0,node29exit_node75source
C_node29node75_wide_t1,node29exit_node75source
M_node29node75_wide_t1,node29exit_node75source
C_node29node75_wide_t2,node29exit_node75source
M_node29node75_wide_t2,node29exit_node75source
C_node29node75_wide_t3,node29exit_node75source
M_node29node75_wide_t3,node29exit_node75source
C_node29node75_wide_t4,node29exit_node75source
M_node29node75_wide_t4,node29exit_node75source
C_node29node75_wide_t5,node29exit_node75source
M_node29node75_wide_t5,node29exit_node75source
C_node29node79_timber_t0,node29exit_node79source
M_node29node79_timber_t0,node29exit_node79source
U_node29node79_t0,node29exit_node79source
C_node29node79_timber_t1,node29exit_node79source
M_node29node79_timber_t1,node29exit_node79source
U_node29node79_t1,node29exit_node79source
C_node29node79_timber_t2,node29exit_node79source
M_node29node79_timber_t2,node29exit_node79source
U_node29node79_t2,node29exit_node79source
C_node29node79_timber_t3,node29exit_node79source
M_node29node79_timber_t3,node29exit_node79source
U_node29node79_t3,node29exit_node79source
C_node29node79_timber_t4,node29exit_node79source
M_node29node79_timber_t4,node29exit_node79source
U_node29node79_t4,node29exit_node79source
C_node29node79_timber_t5,node29exit_node79source
M_node29node79_timber_t5,node29exit_node79source
U_node29node79_t5,node29exit_node79source
C_node29node79_wide_t0,node29exit_node79source
M_node29node79_wide_t0,node29exit_node79source
C_node29node79_wide_t1,node29exit_node79source
M_node29node79_wide_t1,node29exit_node79source
C_node29node79_wide_t2,node29exit_node79source
M_node29node79_wide_t2,node29exit_node79source
C_node29node79_wide_t3,node29exit_node79source
M_node29node79_wide_t3,node29exit_node79source
C_node29node79_wide_t4,node29exit_node79source
M_node29node79_wide_t4,node29exit_node79source
C_node29node79_wide_t5,node29exit_node79source
M_node29node79_wide_t5,node29exit_node79source
C_node30node49_timber_t0,node30transit_node49transit
M_node30node49_timber_t0,node30transit_node49transit
U_node30node49_t0,node30transit_node49transit
C_node30node49_timber_t1,node30transit_node49transit
M_node30node49_timber_t1,node30transit_node49transit
U_node30node49_t1,node30transit_node49transit
C_node30node49_timber_t2,node30transit_node49transit
M_node30node49_timber_t2,node30transit_node49transit
U_node30node49_t2,node30transit_node49transit
C_node30node49_timber_t3,node30transit_node49transit
M_node30node49_timber_t3,node30transit_node49transit
U_node30node49_t3,node30transit_node49transit
C_node30node49_timber_t4,node30transit_node49transit
M_node30node49_timber_t4,node30transit_node49transit
U_node30node49_t4,node30transit_node49transit
C_node30node49_timber_t5,node30transit_node49transit
M_node30node49_timber_t5,node30transit_node49transit
U_node30node49_t5,node30transit_node49transit
C_node30node49_wide_t0,node30transit_node49transit
M_node30node49_wide_t0,node30transit_node49transit
C_node30node49_wide_t1,node30transit_node49transit
M_node30node49_wide_t1,node30transit_node49transit
C_node30node49_wide_t2,node30transit_node49transit
M_node30node49_wide_t2,node30transit_node49transit
C_node30node49_wide_t3,node30transit_node49transit
M_node30node49_wide_t3,node30transit_node49transit
C_node30node49_wide_t4,node30transit_node49transit
M_node30node49_wide_t4,node30transit_node49transit
C_node30node49_wide_t5,node30transit_node49transit
M_node30node49_wide_t5,node30transit_node49transit
C_node30node81_timber_t0,node30transit_node81source
M_node30node81_timber_t0,node30transit_node81source
U_node30node81_t0,node30transit_node81source
C_node30node81_timber_t1,node30transit_node81source
M_node30node81_timber_t1,node30transit_node81source
U_node30node81_t1,node30transit_node81source
C_node30node81_timber_t2,node30transit_node81source
M_node30node81_timber_t2,node30transit_node81source
U_node30node81_t2,node30transit_node81source
C_node30node81_timber_t3,node30transit_node81source
M_node30node81_timber_t3,node30transit_node81source
U_node30node81_t3,node30transit_node81source
C_node30node81_timber_t4,node30transit_node81source
M_node30node81_timber_t4,node30transit_node81source
U_node30node81_t4,node30transit_node81source
C_node30node81_timber_t5,node30transit_node81source
M_node30node81_timber_t5,node30transit_node81source
U_node30node81_t5,node30transit_node81source
C_node30node81_wide_t0,node30transit_node81source
M_node30node81_wide_t0,node30transit_node81source
C_node30node81_wide_t1,node30transit_node81source
M_node30node81_wide_t1,node30transit_node81source
C_node30node81_wide_t2,node30transit_node81source
M_node30node81_wide_t2,node30transit_node81source
C_node30node81_wide_t3,node30transit_node81source
M_node30node81_wide_t3,node30transit_node81source
C_node30node81_wide_t4,node30transit_node81source
M_node30node81_wide_t4,node30transit_node81source
C_node30node81_wide_t5,node30transit_node81source
M_node30node81_wide_t5,node30transit_node81source
C_node30node90_timber_t0,node30transit_node90source
M_node30node90_timber_t0,node30transit_node90source
U_node30node90_t0,node30transit_node90source
C_node30node90_timber_t1,node30transit_node90source
M_node30node90_timber_t1,node30transit_node90source
U_node30node90_t1,node30transit_node90source
C_node30node90_timber_t2,node30transit_node90source
M_node30node90_timber_t2,node30transit_node90source
U_node30node90_t2,node30transit_node90source
C_node30node90_timber_t3,node30transit_node90source
M_node30node90_timber_t3,node30transit_node90source
U_node30node90_t3,node30transit_node90source
C_node30node90_timber_t4,node30transit_node90source
M_node30node90_timber_t4,node30transit_node90source
U_node30node90_t4,node30transit_node90source
C_node30node90_timber_t5,node30transit_node90source
M_node30node90_timber_t5,node30transit_node90source
U_node30node90_t5,node30transit_node90source
C_node30node90_wide_t0,node30transit_node90source
M_node30node90_wide_t0,node30transit_node90source
C_node30node90_wide_t1,node30transit_node90source
M_node30node90_wide_t1,node30transit_node90source
C_node30node90_wide_t2,node30transit_node90source
M_node30node90_wide_t2,node30transit_node90source
C_node30node90_wide_t3,node30transit_node90source
M_node30node90_wide_t3,node30transit_node90source
C_node30node90_wide_t4,node30transit_node90source
M_node30node90_wide_t4,node30transit_node90source
C_node30node90_wide_t5,node30transit_node90source
M_node30node90_wide_t5,node30transit_node90source
C_node30node96_timber_t0,node30transit_node96source
M_node30node96_timber_t0,node30transit_node96source
U_node30node96_t0,node30transit_node96source
C_node30node96_timber_t1,node30transit_node96source
M_node30node96_timber_t1,node30transit_node96source
U_node30node96_t1,node30transit_node96source
C_node30node96_timber_t2,node30transit_node96source
M_node30node96_timber_t2,node30transit_node96source
U_node30node96_t2,node30transit_node96source
C_node30node96_timber_t3,node30transit_node96source
M_node30node96_timber_t3,node30transit_node96source
U_node30node96_t3,node30transit_node96source
C_node30node96_timber_t4,node30transit_node96source
M_node30node96_timber_t4,node30transit_node96source
U_node30node96_t4,node30transit_node96source
C_node30node96_timber_t5,node30transit_node96source
M_node30node96_timber_t5,node30transit_node96source
U_node30node96_t5,node30transit_node96source
C_node30node96_wide_t0,node30transit_node96source
M_node30node96_wide_t0,node30transit_node96source
C_node30node96_wide_t1,node30transit_node96source
M_node30node96_wide_t1,node30transit_node96source
C_node30node96_wide_t2,node30transit_node96source
M_node30node96_wide_t2,node30transit_node96source
C_node30node96_wide_t3,node30transit_node96source
M_node30node96_wide_t3,node30transit_node96source
C_node30node96_wide_t4,node30transit_node96source
M_node30node96_wide_t4,node30transit_node96source
C_node30node96_wide_t5,node30transit_node96source
M_node30node96_wide_t5,node30transit_node96source
C_node31node53_timber_t0,node31transit_node53exit
M_node31node53_timber_t0,node31transit_node53exit
U_node31node53_t0,node31transit_node53exit
C_node31node53_timber_t1,node31transit_node53exit
M_node31node53_timber_t1,node31transit_node53exit
U_node31node53_t1,node31transit_node53exit
C_node31node53_timber_t2,node31transit_node53exit
M_node31node53_timber_t2,node31transit_node53exit
U_node31node53_t2,node31transit_node53exit
C_node31node53_timber_t3,node31transit_node53exit
M_node31node53_timber_t3,node31transit_node53exit
U_node31node53_t3,node31transit_node53exit
C_node31node53_timber_t4,node31transit_node53exit
M_node31node53_timber_t4,node31transit_node53exit
U_node31node53_t4,node31transit_node53exit
C_node31node53_timber_t5,node31transit_node53exit
M_node31node53_timber_t5,node31transit_node53exit
U_node31node53_t5,node31transit_node53exit
C_node31node53_wide_t0,node31transit_node53exit
M_node31node53_wide_t0,node31transit_node53exit
C_node31node53_wide_t1,node31transit_node53exit
M_node31node53_wide_t1,node31transit_node53exit
C_node31node53_wide_t2,node31transit_node53exit
M_node31node53_wide_t2,node31transit_node53exit
C_node31node53_wide_t3,node31transit_node53exit
M_node31node53_wide_t3,node31transit_node53exit
C_node31node53_wide_t4,node31transit_node53exit
M_node31node53_wide_t4,node31transit_node53exit
C_node31node53_wide_t5,node31transit_node53exit
M_node31node53_wide_t5,node31transit_node53exit
C_node31node84_timber_t0,node31transit_node84source
M_node31node84_timber_t0,node31transit_node84source
U_node31node84_t0,node31transit_node84source
C_node31node84_timber_t1,node31transit_node84source
M_node31node84_timber_t1,node31transit_node84source
U_node31node84_t1,node31transit_node84source
C_node31node84_timber_t2,node31transit_node84source
M_node31node84_timber_t2,node31transit_node84source
U_node31node84_t2,node31transit_node84source
C_node31node84_timber_t3,node31transit_node84source
M_node31node84_timber_t3,node31transit_node84source
U_node31node84_t3,node31transit_node84source
C_node31node84_timber_t4,node31transit_node84source
M_node31node84_timber_t4,node31transit_node84source
U_node31node84_t4,node31transit_node84source
C_node31node84_timber_t5,node31transit_node84source
M_node31node84_timber_t5,node31transit_node84source
U_node31node84_t5,node31transit_node84source
C_node31node84_wide_t0,node31transit_node84source
M_node31node84_wide_t0,node31transit_node84source
C_node31node84_wide_t1,node31transit_node84source
M_node31node84_wide_t1,node31transit_node84source
C_node31node84_wide_t2,node31transit_node84source
M_node31node84_wide_t2,node31transit_node84source
C_node31node84_wide_t3,node31transit_node84source
M_node31node84_wide_t3,node31transit_node84source
C_node31node84_wide_t4,node31transit_node84source
M_node31node84_wide_t4,node31transit_node84source
C_node31node84_wide_t5,node31transit_node84source
M_node31node84_wide_t5,node31transit_node84source
C_node31node85_timber_t0,node31transit_node85source
M_node31node85_timber_t0,node31transit_node85source
U_node31node85_t0,node31transit_node85source
C_node31node85_timber_t1,node31transit_node85source
M_node31node85_timber_t1,node31transit_node85source
U_node31node85_t1,node31transit_node85source
C_node31node85_timber_t2,node31transit_node85source
M_node31node85_timber_t2,node31transit_node85source
U_node31node85_t2,node31transit_node85source
C_node31node85_timber_t3,node31transit_node85source
M_node31node85_timber_t3,node31transit_node85source
U_node31node85_t3,node31transit_node85source
C_node31node85_timber_t4,node31transit_node85source
M_node31node85_timber_t4,node31transit_node85source
U_node31node85_t4,node31transit_node85source
C_node31node85_timber_t5,node31transit_node85source
M_node31node85_timber_t5,node31transit_node85source
U_node31node85_t5,node31transit_node85source
C_node31node85_wide_t0,node31transit_node85source
M_node31node85_wide_t0,node31transit_node85source
C_node31node85_wide_t1,node31transit_node85source
M_node31node85_wide_t1,node31transit_node85source
C_node31node85_wide_t2,node31transit_node85source
M_node31node85_wide_t2,node31transit_node85source
C_node31node85_wide_t3,node31transit_node85source
M_node31node85_wide_t3,node31transit_node85source
C_node31node85_wide_t4,node31transit_node85source
M_node31node85_wide_t4,node31transit_node85source
C_node31node85_wide_t5,node31transit_node85source
M_node31node85_wide_t5,node31transit_node85source
C_node31node90_timber_t0,node31transit_node90source
M_node31node90_timber_t0,node31transit_node90source
U_node31node90_t0,node31transit_node90source
C_node31node90_timber_t1,node31transit_node90source
M_node31node90_timber_t1,node31transit_node90source
U_node31node90_t1,node31transit_node90source
C_node31node90_timber_t2,node31transit_node90source
M_node31node90_timber_t2,node31transit_node90source
U_node31node90_t2,node31transit_node90source
C_node31node90_timber_t3,node31transit_node90source
M_node31node90_timber_t3,node31transit_node90source
U_node31node90_t3,node31transit_node90source
C_node31node90_timber_t4,node31transit_node90source
M_node31node90_timber_t4,node31transit_node90source
U_node31node90_t4,node31transit_node90source
C_node31node90_timber_t5,node31transit_node90source
M_node31node90_timber_t5,node31transit_node90source
U_node31node90_t5,node31transit_node90source
C_node31node90_wide_t0,node31transit_node90source
M_node31node90_wide_t0,node31transit_node90source
C_node31node90_wide_t1,node31transit_node90source
M_node31node90_wide_t1,node31transit_node90source
C_node31node90_wide_t2,node31transit_node90source
M_node31node90_wide_t2,node31transit_node90source
C_node31node90_wide_t3,node31transit_node90source
M_node31node90_wide_t3,node31transit_node90source
C_node31node90_wide_t4,node31transit_node90source
M_node31node90_wide_t4,node31transit_node90source
C_node31node90_wide_t5,node31transit_node90source
M_node31node90_wide_t5,node31transit_node90source
C_node32node48_timber_t0,node32transit_node48transit
M_node32node48_timber_t0,node32transit_node48transit
U_node32node48_t0,node32transit_node48transit
C_node32node48_timber_t1,node32transit_node48transit
M_node32node48_timber_t1,node32transit_node48transit
U_node32node48_t1,node32transit_node48transit
C_node32node48_timber_t2,node32transit_node48transit
M_node32node48_timber_t2,node32transit_node48transit
U_node32node48_t2,node32transit_node48transit
C_node32node48_timber_t3,node32transit_node48transit
M_node32node48_timber_t3,node32transit_node48transit
U_node32node48_t3,node32transit_node48transit
C_node32node48_timber_t4,node32transit_node48transit
M_node32node48_timber_t4,node32transit_node48transit
U_node32node48_t4,node32transit_node48transit
C_node32node48_timber_t5,node32transit_node48transit
M_node32node48_timber_t5,node32transit_node48transit
U_node32node48_t5,node32transit_node48transit
C_node32node48_wide_t0,node32transit_node48transit
M_node32node48_wide_t0,node32transit_node48transit
C_node32node48_wide_t1,node32transit_node48transit
M_node32node48_wide_t1,node32transit_node48transit
C_node32node48_wide_t2,node32transit_node48transit
M_node32node48_wide_t2,node32transit_node48transit
C_node32node48_wide_t3,node32transit_node48transit
M_node32node48_wide_t3,node32transit_node48transit
C_node32node48_wide_t4,node32transit_node48transit
M_node32node48_wide_t4,node32transit_node48transit
C_node32node48_wide_t5,node32transit_node48transit
M_node32node48_wide_t5,node32transit_node48transit
C_node32node67_timber_t0,node32transit_node67exit
M_node32node67_timber_t0,node32transit_node67exit
U_node32node67_t0,node32transit_node67exit
C_node32node67_timber_t1,node32transit_node67exit
M_node32node67_timber_t1,node32transit_node67exit
U_node32node67_t1,node32transit_node67exit
C_node32node67_timber_t2,node32transit_node67exit
M_node32node67_timber_t2,node32transit_node67exit
U_node32node67_t2,node32transit_node67exit
C_node32node67_timber_t3,node32transit_node67exit
M_node32node67_timber_t3,node32transit_node67exit
U_node32node67_t3,node32transit_node67exit
C_node32node67_timber_t4,node32transit_node67exit
M_node32node67_timber_t4,node32transit_node67exit
U_node32node67_t4,node32transit_node67exit
C_node32node67_timber_t5,node32transit_node67exit
M_node32node67_timber_t5,node32transit_node67exit
U_node32node67_t5,node32transit_node67exit
C_node32node67_wide_t0,node32transit_node67exit
M_node32node67_wide_t0,node32transit_node67exit
C_node32node67_wide_t1,node32transit_node67exit
M_node32node67_wide_t1,node32transit_node67exit
C_node32node67_wide_t2,node32transit_node67exit
M_node32node67_wide_t2,node32transit_node67exit
C_node32node67_wide_t3,node32transit_node67exit
M_node32node67_wide_t3,node32transit_node67exit
C_node32node67_wide_t4,node32transit_node67exit
M_node32node67_wide_t4,node32transit_node67exit
C_node32node67_wide_t5,node32transit_node67exit
M_node32node67_wide_t5,node32transit_node67exit
C_node32node61_timber_t0,node32transit_node61exit
M_node32node61_timber_t0,node32transit_node61exit
U_node32node61_t0,node32transit_node61exit
C_node32node61_timber_t1,node32transit_node61exit
M_node32node61_timber_t1,node32transit_node61exit
U_node32node61_t1,node32transit_node61exit
C_node32node61_timber_t2,node32transit_node61exit
M_node32node61_timber_t2,node32transit_node61exit
U_node32node61_t2,node32transit_node61exit
C_node32node61_timber_t3,node32transit_node61exit
M_node32node61_timber_t3,node32transit_node61exit
U_node32node61_t3,node32transit_node61exit
C_node32node61_timber_t4,node32transit_node61exit
M_node32node61_timber_t4,node32transit_node61exit
U_node32node61_t4,node32transit_node61exit
C_node32node61_timber_t5,node32transit_node61exit
M_node32node61_timber_t5,node32transit_node61exit
U_node32node61_t5,node32transit_node61exit
C_node32node61_wide_t0,node32transit_node61exit
M_node32node61_wide_t0,node32transit_node61exit
C_node32node61_wide_t1,node32transit_node61exit
M_node32node61_wide_t1,node32transit_node61exit
C_node32node61_wide_t2,node32transit_node61exit
M_node32node61_wide_t2,node32transit_node61exit
C_node32node61_wide_t3,node32transit_node61exit
M_node32node61_wide_t3,node32transit_node61exit
C_node32node61_wide_t4,node32transit_node61exit
M_node32node61_wide_t4,node32transit_node61exit
C_node32node61_wide_t5,node32transit_node61exit
M_node32node61_wide_t5,node32transit_node61exit
C_node32node78_timber_t0,node32transit_node78source
M_node32node78_timber_t0,node32transit_node78source
U_node32node78_t0,node32transit_node78source
C_node32node78_timber_t1,node32transit_node78source
M_node32node78_timber_t1,node32transit_node78source
U_node32node78_t1,node32transit_node78source
C_node32node78_timber_t2,node32transit_node78source
M_node32node78_timber_t2,node32transit_node78source
U_node32node78_t2,node32transit_node78source
C_node32node78_timber_t3,node32transit_node78source
M_node32node78_timber_t3,node32transit_node78source
U_node32node78_t3,node32transit_node78source
C_node32node78_timber_t4,node32transit_node78source
M_node32node78_timber_t4,node32transit_node78source
U_node32node78_t4,node32transit_node78source
C_node32node78_timber_t5,node32transit_node78source
M_node32node78_timber_t5,node32transit_node78source
U_node32node78_t5,node32transit_node78source
C_node32node78_wide_t0,node32transit_node78source
M_node32node78_wide_t0,node32transit_node78source
C_node32node78_wide_t1,node32transit_node78source
M_node32node78_wide_t1,node32transit_node78source
C_node32node78_wide_t2,node32transit_node78source
M_node32node78_wide_t2,node32transit_node78source
C_node32node78_wide_t3,node32transit_node78source
M_node32node78_wide_t3,node32transit_node78source
C_node32node78_wide_t4,node32transit_node78source
M_node32node78_wide_t4,node32transit_node78source
C_node32node78_wide_t5,node32transit_node78source
M_node32node78_wide_t5,node32transit_node78source
C_node32node88_timber_t0,node32transit_node88source
M_node32node88_timber_t0,node32transit_node88source
U_node32node88_t0,node32transit_node88source
C_node32node88_timber_t1,node32transit_node88source
M_node32node88_timber_t1,node32transit_node88source
U_node32node88_t1,node32transit_node88source
C_node32node88_timber_t2,node32transit_node88source
M_node32node88_timber_t2,node32transit_node88source
U_node32node88_t2,node32transit_node88source
C_node32node88_timber_t3,node32transit_node88source
M_node32node88_timber_t3,node32transit_node88source
U_node32node88_t3,node32transit_node88source
C_node32node88_timber_t4,node32transit_node88source
M_node32node88_timber_t4,node32transit_node88source
U_node32node88_t4,node32transit_node88source
C_node32node88_timber_t5,node32transit_node88source
M_node32node88_timber_t5,node32transit_node88source
U_node32node88_t5,node32transit_node88source
C_node32node88_wide_t0,node32transit_node88source
M_node32node88_wide_t0,node32transit_node88source
C_node32node88_wide_t1,node32transit_node88source
M_node32node88_wide_t1,node32transit_node88source
C_node32node88_wide_t2,node32transit_node88source
M_node32node88_wide_t2,node32transit_node88source
C_node32node88_wide_t3,node32transit_node88source
M_node32node88_wide_t3,node32transit_node88source
C_node32node88_wide_t4,node32transit_node88source
M_node32node88_wide_t4,node32transit_node88source
C_node32node88_wide_t5,node32transit_node88source
M_node32node88_wide_t5,node32transit_node88source
C_node32node93_timber_t0,node32transit_node93source
M_node32node93_timber_t0,node32transit_node93source
U_node32node93_t0,node32transit_node93source
C_node32node93_timber_t1,node32transit_node93source
M_node32node93_timber_t1,node32transit_node93source
U_node32node93_t1,node32transit_node93source
C_node32node93_timber_t2,node32transit_node93source
M_node32node93_timber_t2,node32transit_node93source
U_node32node93_t2,node32transit_node93source
C_node32node93_timber_t3,node32transit_node93source
M_node32node93_timber_t3,node32transit_node93source
U_node32node93_t3,node32transit_node93source
C_node32node93_timber_t4,node32transit_node93source
M_node32node93_timber_t4,node32transit_node93source
U_node32node93_t4,node32transit_node93source
C_node32node93_timber_t5,node32transit_node93source
M_node32node93_timber_t5,node32transit_node93source
U_node32node93_t5,node32transit_node93source
C_node32node93_wide_t0,node32transit_node93source
M_node32node93_wide_t0,node32transit_node93source
C_node32node93_wide_t1,node32transit_node93source
M_node32node93_wide_t1,node32transit_node93source
C_node32node93_wide_t2,node32transit_node93source
M_node32node93_wide_t2,node32transit_node93source
C_node32node93_wide_t3,node32transit_node93source
M_node32node93_wide_t3,node32transit_node93source
C_node32node93_wide_t4,node32transit_node93source
M_node32node93_wide_t4,node32transit_node93source
C_node32node93_wide_t5,node32transit_node93source
M_node32node93_wide_t5,node32transit_node93source
C_node33node56_timber_t0,node33exit_node56exit
M_node33node56_timber_t0,node33exit_node56exit
U_node33node56_t0,node33exit_node56exit
C_node33node56_timber_t1,node33exit_node56exit
M_node33node56_timber_t1,node33exit_node56exit
U_node33node56_t1,node33exit_node56exit
C_node33node56_timber_t2,node33exit_node56exit
M_node33node56_timber_t2,node33exit_node56exit
U_node33node56_t2,node33exit_node56exit
C_node33node56_timber_t3,node33exit_node56exit
M_node33node56_timber_t3,node33exit_node56exit
U_node33node56_t3,node33exit_node56exit
C_node33node56_timber_t4,node33exit_node56exit
M_node33node56_timber_t4,node33exit_node56exit
U_node33node56_t4,node33exit_node56exit
C_node33node56_timber_t5,node33exit_node56exit
M_node33node56_timber_t5,node33exit_node56exit
U_node33node56_t5,node33exit_node56exit
C_node33node56_wide_t0,node33exit_node56exit
M_node33node56_wide_t0,node33exit_node56exit
C_node33node56_wide_t1,node33exit_node56exit
M_node33node56_wide_t1,node33exit_node56exit
C_node33node56_wide_t2,node33exit_node56exit
M_node33node56_wide_t2,node33exit_node56exit
C_node33node56_wide_t3,node33exit_node56exit
M_node33node56_wide_t3,node33exit_node56exit
C_node33node56_wide_t4,node33exit_node56exit
M_node33node56_wide_t4,node33exit_node56exit
C_node33node56_wide_t5,node33exit_node56exit
M_node33node56_wide_t5,node33exit_node56exit
C_node33node73_timber_t0,node33exit_node73source
M_node33node73_timber_t0,node33exit_node73source
U_node33node73_t0,node33exit_node73source
C_node33node73_timber_t1,node33exit_node73source
M_node33node73_timber_t1,node33exit_node73source
U_node33node73_t1,node33exit_node73source
C_node33node73_timber_t2,node33exit_node73source
M_node33node73_timber_t2,node33exit_node73source
U_node33node73_t2,node33exit_node73source
C_node33node73_timber_t3,node33exit_node73source
M_node33node73_timber_t3,node33exit_node73source
U_node33node73_t3,node33exit_node73source
C_node33node73_timber_t4,node33exit_node73source
M_node33node73_timber_t4,node33exit_node73source
U_node33node73_t4,node33exit_node73source
C_node33node73_timber_t5,node33exit_node73source
M_node33node73_timber_t5,node33exit_node73source
U_node33node73_t5,node33exit_node73source
C_node33node73_wide_t0,node33exit_node73source
M_node33node73_wide_t0,node33exit_node73source
C_node33node73_wide_t1,node33exit_node73source
M_node33node73_wide_t1,node33exit_node73source
C_node33node73_wide_t2,node33exit_node73source
M_node33node73_wide_t2,node33exit_node73source
C_node33node73_wide_t3,node33exit_node73source
M_node33node73_wide_t3,node33exit_node73source
C_node33node73_wide_t4,node33exit_node73source
M_node33node73_wide_t4,node33exit_node73source
C_node33node73_wide_t5,node33exit_node73source
M_node33node73_wide_t5,node33exit_node73source
C_node33node75_timber_t0,node33exit_node75source
M_node33node75_timber_t0,node33exit_node75source
U_node33node75_t0,node33exit_node75source
C_node33node75_timber_t1,node33exit_node75source
M_node33node75_timber_t1,node33exit_node75source
U_node33node75_t1,node33exit_node75source
C_node33node75_timber_t2,node33exit_node75source
M_node33node75_timber_t2,node33exit_node75source
U_node33node75_t2,node33exit_node75source
C_node33node75_timber_t3,node33exit_node75source
M_node33node75_timber_t3,node33exit_node75source
U_node33node75_t3,node33exit_node75source
C_node33node75_timber_t4,node33exit_node75source
M_node33node75_timber_t4,node33exit_node75source
U_node33node75_t4,node33exit_node75source
C_node33node75_timber_t5,node33exit_node75source
M_node33node75_timber_t5,node33exit_node75source
U_node33node75_t5,node33exit_node75source
C_node33node75_wide_t0,node33exit_node75source
M_node33node75_wide_t0,node33exit_node75source
C_node33node75_wide_t1,node33exit_node75source
M_node33node75_wide_t1,node33exit_node75source
C_node33node75_wide_t2,node33exit_node75source
M_node33node75_wide_t2,node33exit_node75source
C_node33node75_wide_t3,node33exit_node75source
M_node33node75_wide_t3,node33exit_node75source
C_node33node75_wide_t4,node33exit_node75source
M_node33node75_wide_t4,node33exit_node75source
C_node33node75_wide_t5,node33exit_node75source
M_node33node75_wide_t5,node33exit_node75source
C_node33node76_timber_t0,node33exit_node76source
M_node33node76_timber_t0,node33exit_node76source
U_node33node76_t0,node33exit_node76source
C_node33node76_timber_t1,node33exit_node76source
M_node33node76_timber_t1,node33exit_node76source
U_node33node76_t1,node33exit_node76source
C_node33node76_timber_t2,node33exit_node76source
M_node33node76_timber_t2,node33exit_node76source
U_node33node76_t2,node33exit_node76source
C_node33node76_timber_t3,node33exit_node76source
M_node33node76_timber_t3,node33exit_node76source
U_node33node76_t3,node33exit_node76source
C_node33node76_timber_t4,node33exit_node76source
M_node33node76_timber_t4,node33exit_node76source
U_node33node76_t4,node33exit_node76source
C_node33node76_timber_t5,node33exit_node76source
M_node33node76_timber_t5,node33exit_node76source
U_node33node76_t5,node33exit_node76source
C_node33node76_wide_t0,node33exit_node76source
M_node33node76_wide_t0,node33exit_node76source
C_node33node76_wide_t1,node33exit_node76source
M_node33node76_wide_t1,node33exit_node76source
C_node33node76_wide_t2,node33exit_node76source
M_node33node76_wide_t2,node33exit_node76source
C_node33node76_wide_t3,node33exit_node76source
M_node33node76_wide_t3,node33exit_node76source
C_node33node76_wide_t4,node33exit_node76source
M_node33node76_wide_t4,node33exit_node76source
C_node33node76_wide_t5,node33exit_node76source
M_node33node76_wide_t5,node33exit_node76source
C_node34node93_timber_t0,node34exit_node93source
M_node34node93_timber_t0,node34exit_node93source
U_node34node93_t0,node34exit_node93source
C_node34node93_timber_t1,node34exit_node93source
M_node34node93_timber_t1,node34exit_node93source
U_node34node93_t1,node34exit_node93source
C_node34node93_timber_t2,node34exit_node93source
M_node34node93_timber_t2,node34exit_node93source
U_node34node93_t2,node34exit_node93source
C_node34node93_timber_t3,node34exit_node93source
M_node34node93_timber_t3,node34exit_node93source
U_node34node93_t3,node34exit_node93source
C_node34node93_timber_t4,node34exit_node93source
M_node34node93_timber_t4,node34exit_node93source
U_node34node93_t4,node34exit_node93source
C_node34node93_timber_t5,node34exit_node93source
M_node34node93_timber_t5,node34exit_node93source
U_node34node93_t5,node34exit_node93source
C_node34node93_wide_t0,node34exit_node93source
M_node34node93_wide_t0,node34exit_node93source
C_node34node93_wide_t1,node34exit_node93source
M_node34node93_wide_t1,node34exit_node93source
C_node34node93_wide_t2,node34exit_node93source
M_node34node93_wide_t2,node34exit_node93source
C_node34node93_wide_t3,node34exit_node93source
M_node34node93_wide_t3,node34exit_node93source
C_node34node93_wide_t4,node34exit_node93source
M_node34node93_wide_t4,node34exit_node93source
C_node34node93_wide_t5,node34exit_node93source
M_node34node93_wide_t5,node34exit_node93source
C_node35node50_timber_t0,node35transit_node50transit
M_node35node50_timber_t0,node35transit_node50transit
U_node35node50_t0,node35transit_node50transit
C_node35node50_timber_t1,node35transit_node50transit
M_node35node50_timber_t1,node35transit_node50transit
U_node35node50_t1,node35transit_node50transit
C_node35node50_timber_t2,node35transit_node50transit
M_node35node50_timber_t2,node35transit_node50transit
U_node35node50_t2,node35transit_node50transit
C_node35node50_timber_t3,node35transit_node50transit
M_node35node50_timber_t3,node35transit_node50transit
U_node35node50_t3,node35transit_node50transit
C_node35node50_timber_t4,node35transit_node50transit
M_node35node50_timber_t4,node35transit_node50transit
U_node35node50_t4,node35transit_node50transit
C_node35node50_timber_t5,node35transit_node50transit
M_node35node50_timber_t5,node35transit_node50transit
U_node35node50_t5,node35transit_node50transit
C_node35node50_wide_t0,node35transit_node50transit
M_node35node50_wide_t0,node35transit_node50transit
C_node35node50_wide_t1,node35transit_node50transit
M_node35node50_wide_t1,node35transit_node50transit
C_node35node50_wide_t2,node35transit_node50transit
M_node35node50_wide_t2,node35transit_node50transit
C_node35node50_wide_t3,node35transit_node50transit
M_node35node50_wide_t3,node35transit_node50transit
C_node35node50_wide_t4,node35transit_node50transit
M_node35node50_wide_t4,node35transit_node50transit
C_node35node50_wide_t5,node35transit_node50transit
M_node35node50_wide_t5,node35transit_node50transit
C_node35node43_timber_t0,node35transit_node43transit
M_node35node43_timber_t0,node35transit_node43transit
U_node35node43_t0,node35transit_node43transit
C_node35node43_timber_t1,node35transit_node43transit
M_node35node43_timber_t1,node35transit_node43transit
U_node35node43_t1,node35transit_node43transit
C_node35node43_timber_t2,node35transit_node43transit
M_node35node43_timber_t2,node35transit_node43transit
U_node35node43_t2,node35transit_node43transit
C_node35node43_timber_t3,node35transit_node43transit
M_node35node43_timber_t3,node35transit_node43transit
U_node35node43_t3,node35transit_node43transit
C_node35node43_timber_t4,node35transit_node43transit
M_node35node43_timber_t4,node35transit_node43transit
U_node35node43_t4,node35transit_node43transit
C_node35node43_timber_t5,node35transit_node43transit
M_node35node43_timber_t5,node35transit_node43transit
U_node35node43_t5,node35transit_node43transit
C_node35node43_wide_t0,node35transit_node43transit
M_node35node43_wide_t0,node35transit_node43transit
C_node35node43_wide_t1,node35transit_node43transit
M_node35node43_wide_t1,node35transit_node43transit
C_node35node43_wide_t2,node35transit_node43transit
M_node35node43_wide_t2,node35transit_node43transit
C_node35node43_wide_t3,node35transit_node43transit
M_node35node43_wide_t3,node35transit_node43transit
C_node35node43_wide_t4,node35transit_node43transit
M_node35node43_wide_t4,node35transit_node43transit
C_node35node43_wide_t5,node35transit_node43transit
M_node35node43_wide_t5,node35transit_node43transit
C_node35node77_timber_t0,node35transit_node77source
M_node35node77_timber_t0,node35transit_node77source
U_node35node77_t0,node35transit_node77source
C_node35node77_timber_t1,node35transit_node77source
M_node35node77_timber_t1,node35transit_node77source
U_node35node77_t1,node35transit_node77source
C_node35node77_timber_t2,node35transit_node77source
M_node35node77_timber_t2,node35transit_node77source
U_node35node77_t2,node35transit_node77source
C_node35node77_timber_t3,node35transit_node77source
M_node35node77_timber_t3,node35transit_node77source
U_node35node77_t3,node35transit_node77source
C_node35node77_timber_t4,node35transit_node77source
M_node35node77_timber_t4,node35transit_node77source
U_node35node77_t4,node35transit_node77source
C_node35node77_timber_t5,node35transit_node77source
M_node35node77_timber_t5,node35transit_node77source
U_node35node77_t5,node35transit_node77source
C_node35node77_wide_t0,node35transit_node77source
M_node35node77_wide_t0,node35transit_node77source
C_node35node77_wide_t1,node35transit_node77source
M_node35node77_wide_t1,node35transit_node77source
C_node35node77_wide_t2,node35transit_node77source
M_node35node77_wide_t2,node35transit_node77source
C_node35node77_wide_t3,node35transit_node77source
M_node35node77_wide_t3,node35transit_node77source
C_node35node77_wide_t4,node35transit_node77source
M_node35node77_wide_t4,node35transit_node77source
C_node35node77_wide_t5,node35transit_node77source
M_node35node77_wide_t5,node35transit_node77source
C_node35node79_timber_t0,node35transit_node79source
M_node35node79_timber_t0,node35transit_node79source
U_node35node79_t0,node35transit_node79source
C_node35node79_timber_t1,node35transit_node79source
M_node35node79_timber_t1,node35transit_node79source
U_node35node79_t1,node35transit_node79source
C_node35node79_timber_t2,node35transit_node79source
M_node35node79_timber_t2,node35transit_node79source
U_node35node79_t2,node35transit_node79source
C_node35node79_timber_t3,node35transit_node79source
M_node35node79_timber_t3,node35transit_node79source
U_node35node79_t3,node35transit_node79source
C_node35node79_timber_t4,node35transit_node79source
M_node35node79_timber_t4,node35transit_node79source
U_node35node79_t4,node35transit_node79source
C_node35node79_timber_t5,node35transit_node79source
M_node35node79_timber_t5,node35transit_node79source
U_node35node79_t5,node35transit_node79source
C_node35node79_wide_t0,node35transit_node79source
M_node35node79_wide_t0,node35transit_node79source
C_node35node79_wide_t1,node35transit_node79source
M_node35node79_wide_t1,node35transit_node79source
C_node35node79_wide_t2,node35transit_node79source
M_node35node79_wide_t2,node35transit_node79source
C_node35node79_wide_t3,node35transit_node79source
M_node35node79_wide_t3,node35transit_node79source
C_node35node79_wide_t4,node35transit_node79source
M_node35node79_wide_t4,node35transit_node79source
C_node35node79_wide_t5,node35transit_node79source
M_node35node79_wide_t5,node35transit_node79source
C_node35node81_timber_t0,node35transit_node81source
M_node35node81_timber_t0,node35transit_node81source
U_node35node81_t0,node35transit_node81source
C_node35node81_timber_t1,node35transit_node81source
M_node35node81_timber_t1,node35transit_node81source
U_node35node81_t1,node35transit_node81source
C_node35node81_timber_t2,node35transit_node81source
M_node35node81_timber_t2,node35transit_node81source
U_node35node81_t2,node35transit_node81source
C_node35node81_timber_t3,node35transit_node81source
M_node35node81_timber_t3,node35transit_node81source
U_node35node81_t3,node35transit_node81source
C_node35node81_timber_t4,node35transit_node81source
M_node35node81_timber_t4,node35transit_node81source
U_node35node81_t4,node35transit_node81source
C_node35node81_timber_t5,node35transit_node81source
M_node35node81_timber_t5,node35transit_node81source
U_node35node81_t5,node35transit_node81source
C_node35node81_wide_t0,node35transit_node81source
M_node35node81_wide_t0,node35transit_node81source
C_node35node81_wide_t1,node35transit_node81source
M_node35node81_wide_t1,node35transit_node81source
C_node35node81_wide_t2,node35transit_node81source
M_node35node81_wide_t2,node35transit_node81source
C_node35node81_wide_t3,node35transit_node81source
M_node35node81_wide_t3,node35transit_node81source
C_node35node81_wide_t4,node35transit_node81source
M_node35node81_wide_t4,node35transit_node81source
C_node35node81_wide_t5,node35transit_node81source
M_node35node81_wide_t5,node35transit_node81source
C_node36node53_timber_t0,node36exit_node53exit
M_node36node53_timber_t0,node36exit_node53exit
U_node36node53_t0,node36exit_node53exit
C_node36node53_timber_t1,node36exit_node53exit
M_node36node53_timber_t1,node36exit_node53exit
U_node36node53_t1,node36exit_node53exit
C_node36node53_timber_t2,node36exit_node53exit
M_node36node53_timber_t2,node36exit_node53exit
U_node36node53_t2,node36exit_node53exit
C_node36node53_timber_t3,node36exit_node53exit
M_node36node53_timber_t3,node36exit_node53exit
U_node36node53_t3,node36exit_node53exit
C_node36node53_timber_t4,node36exit_node53exit
M_node36node53_timber_t4,node36exit_node53exit
U_node36node53_t4,node36exit_node53exit
C_node36node53_timber_t5,node36exit_node53exit
M_node36node53_timber_t5,node36exit_node53exit
U_node36node53_t5,node36exit_node53exit
C_node36node53_wide_t0,node36exit_node53exit
M_node36node53_wide_t0,node36exit_node53exit
C_node36node53_wide_t1,node36exit_node53exit
M_node36node53_wide_t1,node36exit_node53exit
C_node36node53_wide_t2,node36exit_node53exit
M_node36node53_wide_t2,node36exit_node53exit
C_node36node53_wide_t3,node36exit_node53exit
M_node36node53_wide_t3,node36exit_node53exit
C_node36node53_wide_t4,node36exit_node53exit
M_node36node53_wide_t4,node36exit_node53exit
C_node36node53_wide_t5,node36exit_node53exit
M_node36node53_wide_t5,node36exit_node53exit
C_node36node86_timber_t0,node36exit_node86source
M_node36node86_timber_t0,node36exit_node86source
U_node36node86_t0,node36exit_node86source
C_node36node86_timber_t1,node36exit_node86source
M_node36node86_timber_t1,node36exit_node86source
U_node36node86_t1,node36exit_node86source
C_node36node86_timber_t2,node36exit_node86source
M_node36node86_timber_t2,node36exit_node86source
U_node36node86_t2,node36exit_node86source
C_node36node86_timber_t3,node36exit_node86source
M_node36node86_timber_t3,node36exit_node86source
U_node36node86_t3,node36exit_node86source
C_node36node86_timber_t4,node36exit_node86source
M_node36node86_timber_t4,node36exit_node86source
U_node36node86_t4,node36exit_node86source
C_node36node86_timber_t5,node36exit_node86source
M_node36node86_timber_t5,node36exit_node86source
U_node36node86_t5,node36exit_node86source
C_node36node86_wide_t0,node36exit_node86source
M_node36node86_wide_t0,node36exit_node86source
C_node36node86_wide_t1,node36exit_node86source
M_node36node86_wide_t1,node36exit_node86source
C_node36node86_wide_t2,node36exit_node86source
M_node36node86_wide_t2,node36exit_node86source
C_node36node86_wide_t3,node36exit_node86source
M_node36node86_wide_t3,node36exit_node86source
C_node36node86_wide_t4,node36exit_node86source
M_node36node86_wide_t4,node36exit_node86source
C_node36node86_wide_t5,node36exit_node86source
M_node36node86_wide_t5,node36exit_node86source
C_node36node90_timber_t0,node36exit_node90source
M_node36node90_timber_t0,node36exit_node90source
U_node36node90_t0,node36exit_node90source
C_node36node90_timber_t1,node36exit_node90source
M_node36node90_timber_t1,node36exit_node90source
U_node36node90_t1,node36exit_node90source
C_node36node90_timber_t2,node36exit_node90source
M_node36node90_timber_t2,node36exit_node90source
U_node36node90_t2,node36exit_node90source
C_node36node90_timber_t3,node36exit_node90source
M_node36node90_timber_t3,node36exit_node90source
U_node36node90_t3,node36exit_node90source
C_node36node90_timber_t4,node36exit_node90source
M_node36node90_timber_t4,node36exit_node90source
U_node36node90_t4,node36exit_node90source
C_node36node90_timber_t5,node36exit_node90source
M_node36node90_timber_t5,node36exit_node90source
U_node36node90_t5,node36exit_node90source
C_node36node90_wide_t0,node36exit_node90source
M_node36node90_wide_t0,node36exit_node90source
C_node36node90_wide_t1,node36exit_node90source
M_node36node90_wide_t1,node36exit_node90source
C_node36node90_wide_t2,node36exit_node90source
M_node36node90_wide_t2,node36exit_node90source
C_node36node90_wide_t3,node36exit_node90source
M_node36node90_wide_t3,node36exit_node90source
C_node36node90_wide_t4,node36exit_node90source
M_node36node90_wide_t4,node36exit_node90source
C_node36node90_wide_t5,node36exit_node90source
M_node36node90_wide_t5,node36exit_node90source
C_node37node79_timber_t0,node37transit_node79source
M_node37node79_timber_t0,node37transit_node79source
U_node37node79_t0,node37transit_node79source
C_node37node79_timber_t1,node37transit_node79source
M_node37node79_timber_t1,node37transit_node79source
U_node37node79_t1,node37transit_node79source
C_node37node79_timber_t2,node37transit_node79source
M_node37node79_timber_t2,node37transit_node79source
U_node37node79_t2,node37transit_node79source
C_node37node79_timber_t3,node37transit_node79source
M_node37node79_timber_t3,node37transit_node79source
U_node37node79_t3,node37transit_node79source
C_node37node79_timber_t4,node37transit_node79source
M_node37node79_timber_t4,node37transit_node79source
U_node37node79_t4,node37transit_node79source
C_node37node79_timber_t5,node37transit_node79source
M_node37node79_timber_t5,node37transit_node79source
U_node37node79_t5,node37transit_node79source
C_node37node79_wide_t0,node37transit_node79source
M_node37node79_wide_t0,node37transit_node79source
C_node37node79_wide_t1,node37transit_node79source
M_node37node79_wide_t1,node37transit_node79source
C_node37node79_wide_t2,node37transit_node79source
M_node37node79_wide_t2,node37transit_node79source
C_node37node79_wide_t3,node37transit_node79source
M_node37node79_wide_t3,node37transit_node79source
C_node37node79_wide_t4,node37transit_node79source
M_node37node79_wide_t4,node37transit_node79source
C_node37node79_wide_t5,node37transit_node79source
M_node37node79_wide_t5,node37transit_node79source
C_node37node83_timber_t0,node37transit_node83source
M_node37node83_timber_t0,node37transit_node83source
U_node37node83_t0,node37transit_node83source
C_node37node83_timber_t1,node37transit_node83source
M_node37node83_timber_t1,node37transit_node83source
U_node37node83_t1,node37transit_node83source
C_node37node83_timber_t2,node37transit_node83source
M_node37node83_timber_t2,node37transit_node83source
U_node37node83_t2,node37transit_node83source
C_node37node83_timber_t3,node37transit_node83source
M_node37node83_timber_t3,node37transit_node83source
U_node37node83_t3,node37transit_node83source
C_node37node83_timber_t4,node37transit_node83source
M_node37node83_timber_t4,node37transit_node83source
U_node37node83_t4,node37transit_node83source
C_node37node83_timber_t5,node37transit_node83source
M_node37node83_timber_t5,node37transit_node83source
U_node37node83_t5,node37transit_node83source
C_node37node83_wide_t0,node37transit_node83source
M_node37node83_wide_t0,node37transit_node83source
C_node37node83_wide_t1,node37transit_node83source
M_node37node83_wide_t1,node37transit_node83source
C_node37node83_wide_t2,node37transit_node83source
M_node37node83_wide_t2,node37transit_node83source
C_node37node83_wide_t3,node37transit_node83source
M_node37node83_wide_t3,node37transit_node83source
C_node37node83_wide_t4,node37transit_node83source
M_node37node83_wide_t4,node37transit_node83source
C_node37node83_wide_t5,node37transit_node83source
M_node37node83_wide_t5,node37transit_node83source
C_node37node90_timber_t0,node37transit_node90source
M_node37node90_timber_t0,node37transit_node90source
U_node37node90_t0,node37transit_node90source
C_node37node90_timber_t1,node37transit_node90source
M_node37node90_timber_t1,node37transit_node90source
U_node37node90_t1,node37transit_node90source
C_node37node90_timber_t2,node37transit_node90source
M_node37node90_timber_t2,node37transit_node90source
U_node37node90_t2,node37transit_node90source
C_node37node90_timber_t3,node37transit_node90source
M_node37node90_timber_t3,node37transit_node90source
U_node37node90_t3,node37transit_node90source
C_node37node90_timber_t4,node37transit_node90source
M_node37node90_timber_t4,node37transit_node90source
U_node37node90_t4,node37transit_node90source
C_node37node90_timber_t5,node37transit_node90source
M_node37node90_timber_t5,node37transit_node90source
U_node37node90_t5,node37transit_node90source
C_node37node90_wide_t0,node37transit_node90source
M_node37node90_wide_t0,node37transit_node90source
C_node37node90_wide_t1,node37transit_node90source
M_node37node90_wide_t1,node37transit_node90source
C_node37node90_wide_t2,node37transit_node90source
M_node37node90_wide_t2,node37transit_node90source
C_node37node90_wide_t3,node37transit_node90source
M_node37node90_wide_t3,node37transit_node90source
C_node37node90_wide_t4,node37transit_node90source
M_node37node90_wide_t4,node37transit_node90source
C_node37node90_wide_t5,node37transit_node90source
M_node37node90_wide_t5,node37transit_node90source
C_node38node89_timber_t0,node38transit_node89source
M_node38node89_timber_t0,node38transit_node89source
U_node38node89_t0,node38transit_node89source
C_node38node89_timber_t1,node38transit_node89source
M_node38node89_timber_t1,node38transit_node89source
U_node38node89_t1,node38transit_node89source
C_node38node89_timber_t2,node38transit_node89source
M_node38node89_timber_t2,node38transit_node89source
U_node38node89_t2,node38transit_node89source
C_node38node89_timber_t3,node38transit_node89source
M_node38node89_timber_t3,node38transit_node89source
U_node38node89_t3,node38transit_node89source
C_node38node89_timber_t4,node38transit_node89source
M_node38node89_timber_t4,node38transit_node89source
U_node38node89_t4,node38transit_node89source
C_node38node89_timber_t5,node38transit_node89source
M_node38node89_timber_t5,node38transit_node89source
U_node38node89_t5,node38transit_node89source
C_node38node89_wide_t0,node38transit_node89source
M_node38node89_wide_t0,node38transit_node89source
C_node38node89_wide_t1,node38transit_node89source
M_node38node89_wide_t1,node38transit_node89source
C_node38node89_wide_t2,node38transit_node89source
M_node38node89_wide_t2,node38transit_node89source
C_node38node89_wide_t3,node38transit_node89source
M_node38node89_wide_t3,node38transit_node89source
C_node38node89_wide_t4,node38transit_node89source
M_node38node89_wide_t4,node38transit_node89source
C_node38node89_wide_t5,node38transit_node89source
M_node38node89_wide_t5,node38transit_node89source
C_node38node92_timber_t0,node38transit_node92source
M_node38node92_timber_t0,node38transit_node92source
U_node38node92_t0,node38transit_node92source
C_node38node92_timber_t1,node38transit_node92source
M_node38node92_timber_t1,node38transit_node92source
U_node38node92_t1,node38transit_node92source
C_node38node92_timber_t2,node38transit_node92source
M_node38node92_timber_t2,node38transit_node92source
U_node38node92_t2,node38transit_node92source
C_node38node92_timber_t3,node38transit_node92source
M_node38node92_timber_t3,node38transit_node92source
U_node38node92_t3,node38transit_node92source
C_node38node92_timber_t4,node38transit_node92source
M_node38node92_timber_t4,node38transit_node92source
U_node38node92_t4,node38transit_node92source
C_node38node92_timber_t5,node38transit_node92source
M_node38node92_timber_t5,node38transit_node92source
U_node38node92_t5,node38transit_node92source
C_node38node92_wide_t0,node38transit_node92source
M_node38node92_wide_t0,node38transit_node92source
C_node38node92_wide_t1,node38transit_node92source
M_node38node92_wide_t1,node38transit_node92source
C_node38node92_wide_t2,node38transit_node92source
M_node38node92_wide_t2,node38transit_node92source
C_node38node92_wide_t3,node38transit_node92source
M_node38node92_wide_t3,node38transit_node92source
C_node38node92_wide_t4,node38transit_node92source
M_node38node92_wide_t4,node38transit_node92source
C_node38node92_wide_t5,node38transit_node92source
M_node38node92_wide_t5,node38transit_node92source
C_node38node95_timber_t0,node38transit_node95source
M_node38node95_timber_t0,node38transit_node95source
U_node38node95_t0,node38transit_node95source
C_node38node95_timber_t1,node38transit_node95source
M_node38node95_timber_t1,node38transit_node95source
U_node38node95_t1,node38transit_node95source
C_node38node95_timber_t2,node38transit_node95source
M_node38node95_timber_t2,node38transit_node95source
U_node38node95_t2,node38transit_node95source
C_node38node95_timber_t3,node38transit_node95source
M_node38node95_timber_t3,node38transit_node95source
U_node38node95_t3,node38transit_node95source
C_node38node95_timber_t4,node38transit_node95source
M_node38node95_timber_t4,node38transit_node95source
U_node38node95_t4,node38transit_node95source
C_node38node95_timber_t5,node38transit_node95source
M_node38node95_timber_t5,node38transit_node95source
U_node38node95_t5,node38transit_node95source
C_node38node95_wide_t0,node38transit_node95source
M_node38node95_wide_t0,node38transit_node95source
C_node38node95_wide_t1,node38transit_node95source
M_node38node95_wide_t1,node38transit_node95source
C_node38node95_wide_t2,node38transit_node95source
M_node38node95_wide_t2,node38transit_node95source
C_node38node95_wide_t3,node38transit_node95source
M_node38node95_wide_t3,node38transit_node95source
C_node38node95_wide_t4,node38transit_node95source
M_node38node95_wide_t4,node38transit_node95source
C_node38node95_wide_t5,node38transit_node95source
M_node38node95_wide_t5,node38transit_node95source
C_node39node45_timber_t0,node39transit_node45exit
M_node39node45_timber_t0,node39transit_node45exit
U_node39node45_t0,node39transit_node45exit
C_node39node45_timber_t1,node39transit_node45exit
M_node39node45_timber_t1,node39transit_node45exit
U_node39node45_t1,node39transit_node45exit
C_node39node45_timber_t2,node39transit_node45exit
M_node39node45_timber_t2,node39transit_node45exit
U_node39node45_t2,node39transit_node45exit
C_node39node45_timber_t3,node39transit_node45exit
M_node39node45_timber_t3,node39transit_node45exit
U_node39node45_t3,node39transit_node45exit
C_node39node45_timber_t4,node39transit_node45exit
M_node39node45_timber_t4,node39transit_node45exit
U_node39node45_t4,node39transit_node45exit
C_node39node45_timber_t5,node39transit_node45exit
M_node39node45_timber_t5,node39transit_node45exit
U_node39node45_t5,node39transit_node45exit
C_node39node45_wide_t0,node39transit_node45exit
M_node39node45_wide_t0,node39transit_node45exit
C_node39node45_wide_t1,node39transit_node45exit
M_node39node45_wide_t1,node39transit_node45exit
C_node39node45_wide_t2,node39transit_node45exit
M_node39node45_wide_t2,node39transit_node45exit
C_node39node45_wide_t3,node39transit_node45exit
M_node39node45_wide_t3,node39transit_node45exit
C_node39node45_wide_t4,node39transit_node45exit
M_node39node45_wide_t4,node39transit_node45exit
C_node39node45_wide_t5,node39transit_node45exit
M_node39node45_wide_t5,node39transit_node45exit
C_node39node51_timber_t0,node39transit_node51transit
M_node39node51_timber_t0,node39transit_node51transit
U_node39node51_t0,node39transit_node51transit
C_node39node51_timber_t1,node39transit_node51transit
M_node39node51_timber_t1,node39transit_node51transit
U_node39node51_t1,node39transit_node51transit
C_node39node51_timber_t2,node39transit_node51transit
M_node39node51_timber_t2,node39transit_node51transit
U_node39node51_t2,node39transit_node51transit
C_node39node51_timber_t3,node39transit_node51transit
M_node39node51_timber_t3,node39transit_node51transit
U_node39node51_t3,node39transit_node51transit
C_node39node51_timber_t4,node39transit_node51transit
M_node39node51_timber_t4,node39transit_node51transit
U_node39node51_t4,node39transit_node51transit
C_node39node51_timber_t5,node39transit_node51transit
M_node39node51_timber_t5,node39transit_node51transit
U_node39node51_t5,node39transit_node51transit
C_node39node51_wide_t0,node39transit_node51transit
M_node39node51_wide_t0,node39transit_node51transit
C_node39node51_wide_t1,node39transit_node51transit
M_node39node51_wide_t1,node39transit_node51transit
C_node39node51_wide_t2,node39transit_node51transit
M_node39node51_wide_t2,node39transit_node51transit
C_node39node51_wide_t3,node39transit_node51transit
M_node39node51_wide_t3,node39transit_node51transit
C_node39node51_wide_t4,node39transit_node51transit
M_node39node51_wide_t4,node39transit_node51transit
C_node39node51_wide_t5,node39transit_node51transit
M_node39node51_wide_t5,node39transit_node51transit
C_node39node80_timber_t0,node39transit_node80source
M_node39node80_timber_t0,node39transit_node80source
U_node39node80_t0,node39transit_node80source
C_node39node80_timber_t1,node39transit_node80source
M_node39node80_timber_t1,node39transit_node80source
U_node39node80_t1,node39transit_node80source
C_node39node80_timber_t2,node39transit_node80source
M_node39node80_timber_t2,node39transit_node80source
U_node39node80_t2,node39transit_node80source
C_node39node80_timber_t3,node39transit_node80source
M_node39node80_timber_t3,node39transit_node80source
U_node39node80_t3,node39transit_node80source
C_node39node80_timber_t4,node39transit_node80source
M_node39node80_timber_t4,node39transit_node80source
U_node39node80_t4,node39transit_node80source
C_node39node80_timber_t5,node39transit_node80source
M_node39node80_timber_t5,node39transit_node80source
U_node39node80_t5,node39transit_node80source
C_node39node80_wide_t0,node39transit_node80source
M_node39node80_wide_t0,node39transit_node80source
C_node39node80_wide_t1,node39transit_node80source
M_node39node80_wide_t1,node39transit_node80source
C_node39node80_wide_t2,node39transit_node80source
M_node39node80_wide_t2,node39transit_node80source
C_node39node80_wide_t3,node39transit_node80source
M_node39node80_wide_t3,node39transit_node80source
C_node39node80_wide_t4,node39transit_node80source
M_node39node80_wide_t4,node39transit_node80source
C_node39node80_wide_t5,node39transit_node80source
M_node39node80_wide_t5,node39transit_node80source
C_node39node84_timber_t0,node39transit_node84source
M_node39node84_timber_t0,node39transit_node84source
U_node39node84_t0,node39transit_node84source
C_node39node84_timber_t1,node39transit_node84source
M_node39node84_timber_t1,node39transit_node84source
U_node39node84_t1,node39transit_node84source
C_node39node84_timber_t2,node39transit_node84source
M_node39node84_timber_t2,node39transit_node84source
U_node39node84_t2,node39transit_node84source
C_node39node84_timber_t3,node39transit_node84source
M_node39node84_timber_t3,node39transit_node84source
U_node39node84_t3,node39transit_node84source
C_node39node84_timber_t4,node39transit_node84source
M_node39node84_timber_t4,node39transit_node84source
U_node39node84_t4,node39transit_node84source
C_node39node84_timber_t5,node39transit_node84source
M_node39node84_timber_t5,node39transit_node84source
U_node39node84_t5,node39transit_node84source
C_node39node84_wide_t0,node39transit_node84source
M_node39node84_wide_t0,node39transit_node84source
C_node39node84_wide_t1,node39transit_node84source
M_node39node84_wide_t1,node39transit_node84source
C_node39node84_wide_t2,node39transit_node84source
M_node39node84_wide_t2,node39transit_node84source
C_node39node84_wide_t3,node39transit_node84source
M_node39node84_wide_t3,node39transit_node84source
C_node39node84_wide_t4,node39transit_node84source
M_node39node84_wide_t4,node39transit_node84source
C_node39node84_wide_t5,node39transit_node84source
M_node39node84_wide_t5,node39transit_node84source
C_node39node88_timber_t0,node39transit_node88source
M_node39node88_timber_t0,node39transit_node88source
U_node39node88_t0,node39transit_node88source
C_node39node88_timber_t1,node39transit_node88source
M_node39node88_timber_t1,node39transit_node88source
U_node39node88_t1,node39transit_node88source
C_node39node88_timber_t2,node39transit_node88source
M_node39node88_timber_t2,node39transit_node88source
U_node39node88_t2,node39transit_node88source
C_node39node88_timber_t3,node39transit_node88source
M_node39node88_timber_t3,node39transit_node88source
U_node39node88_t3,node39transit_node88source
C_node39node88_timber_t4,node39transit_node88source
M_node39node88_timber_t4,node39transit_node88source
U_node39node88_t4,node39transit_node88source
C_node39node88_timber_t5,node39transit_node88source
M_node39node88_timber_t5,node39transit_node88source
U_node39node88_t5,node39transit_node88source
C_node39node88_wide_t0,node39transit_node88source
M_node39node88_wide_t0,node39transit_node88source
C_node39node88_wide_t1,node39transit_node88source
M_node39node88_wide_t1,node39transit_node88source
C_node39node88_wide_t2,node39transit_node88source
M_node39node88_wide_t2,node39transit_node88source
C_node39node88_wide_t3,node39transit_node88source
M_node39node88_wide_t3,node39transit_node88source
C_node39node88_wide_t4,node39transit_node88source
M_node39node88_wide_t4,node39transit_node88source
C_node39node88_wide_t5,node39transit_node88source
M_node39node88_wide_t5,node39transit_node88source
C_node40node91_timber_t0,node40exit_node91source
M_node40node91_timber_t0,node40exit_node91source
U_node40node91_t0,node40exit_node91source
C_node40node91_timber_t1,node40exit_node91source
M_node40node91_timber_t1,node40exit_node91source
U_node40node91_t1,node40exit_node91source
C_node40node91_timber_t2,node40exit_node91source
M_node40node91_timber_t2,node40exit_node91source
U_node40node91_t2,node40exit_node91source
C_node40node91_timber_t3,node40exit_node91source
M_node40node91_timber_t3,node40exit_node91source
U_node40node91_t3,node40exit_node91source
C_node40node91_timber_t4,node40exit_node91source
M_node40node91_timber_t4,node40exit_node91source
U_node40node91_t4,node40exit_node91source
C_node40node91_timber_t5,node40exit_node91source
M_node40node91_timber_t5,node40exit_node91source
U_node40node91_t5,node40exit_node91source
C_node40node91_wide_t0,node40exit_node91source
M_node40node91_wide_t0,node40exit_node91source
C_node40node91_wide_t1,node40exit_node91source
M_node40node91_wide_t1,node40exit_node91source
C_node40node91_wide_t2,node40exit_node91source
M_node40node91_wide_t2,node40exit_node91source
C_node40node91_wide_t3,node40exit_node91source
M_node40node91_wide_t3,node40exit_node91source
C_node40node91_wide_t4,node40exit_node91source
M_node40node91_wide_t4,node40exit_node91source
C_node40node91_wide_t5,node40exit_node91source
M_node40node91_wide_t5,node40exit_node91source
C_node40node94_timber_t0,node40exit_node94source
M_node40node94_timber_t0,node40exit_node94source
U_node40node94_t0,node40exit_node94source
C_node40node94_timber_t1,node40exit_node94source
M_node40node94_timber_t1,node40exit_node94source
U_node40node94_t1,node40exit_node94source
C_node40node94_timber_t2,node40exit_node94source
M_node40node94_timber_t2,node40exit_node94source
U_node40node94_t2,node40exit_node94source
C_node40node94_timber_t3,node40exit_node94source
M_node40node94_timber_t3,node40exit_node94source
U_node40node94_t3,node40exit_node94source
C_node40node94_timber_t4,node40exit_node94source
M_node40node94_timber_t4,node40exit_node94source
U_node40node94_t4,node40exit_node94source
C_node40node94_timber_t5,node40exit_node94source
M_node40node94_timber_t5,node40exit_node94source
U_node40node94_t5,node40exit_node94source
C_node40node94_wide_t0,node40exit_node94source
M_node40node94_wide_t0,node40exit_node94source
C_node40node94_wide_t1,node40exit_node94source
M_node40node94_wide_t1,node40exit_node94source
C_node40node94_wide_t2,node40exit_node94source
M_node40node94_wide_t2,node40exit_node94source
C_node40node94_wide_t3,node40exit_node94source
M_node40node94_wide_t3,node40exit_node94source
C_node40node94_wide_t4,node40exit_node94source
M_node40node94_wide_t4,node40exit_node94source
C_node40node94_wide_t5,node40exit_node94source
M_node40node94_wide_t5,node40exit_node94source
C_node41node68_timber_t0,node41transit_node68exit
M_node41node68_timber_t0,node41transit_node68exit
U_node41node68_t0,node41transit_node68exit
C_node41node68_timber_t1,node41transit_node68exit
M_node41node68_timber_t1,node41transit_node68exit
U_node41node68_t1,node41transit_node68exit
C_node41node68_timber_t2,node41transit_node68exit
M_node41node68_timber_t2,node41transit_node68exit
U_node41node68_t2,node41transit_node68exit
C_node41node68_timber_t3,node41transit_node68exit
M_node41node68_timber_t3,node41transit_node68exit
U_node41node68_t3,node41transit_node68exit
C_node41node68_timber_t4,node41transit_node68exit
M_node41node68_timber_t4,node41transit_node68exit
U_node41node68_t4,node41transit_node68exit
C_node41node68_timber_t5,node41transit_node68exit
M_node41node68_timber_t5,node41transit_node68exit
U_node41node68_t5,node41transit_node68exit
C_node41node68_wide_t0,node41transit_node68exit
M_node41node68_wide_t0,node41transit_node68exit
C_node41node68_wide_t1,node41transit_node68exit
M_node41node68_wide_t1,node41transit_node68exit
C_node41node68_wide_t2,node41transit_node68exit
M_node41node68_wide_t2,node41transit_node68exit
C_node41node68_wide_t3,node41transit_node68exit
M_node41node68_wide_t3,node41transit_node68exit
C_node41node68_wide_t4,node41transit_node68exit
M_node41node68_wide_t4,node41transit_node68exit
C_node41node68_wide_t5,node41transit_node68exit
M_node41node68_wide_t5,node41transit_node68exit
C_node41node72_timber_t0,node41transit_node72exit
M_node41node72_timber_t0,node41transit_node72exit
U_node41node72_t0,node41transit_node72exit
C_node41node72_timber_t1,node41transit_node72exit
M_node41node72_timber_t1,node41transit_node72exit
U_node41node72_t1,node41transit_node72exit
C_node41node72_timber_t2,node41transit_node72exit
M_node41node72_timber_t2,node41transit_node72exit
U_node41node72_t2,node41transit_node72exit
C_node41node72_timber_t3,node41transit_node72exit
M_node41node72_timber_t3,node41transit_node72exit
U_node41node72_t3,node41transit_node72exit
C_node41node72_timber_t4,node41transit_node72exit
M_node41node72_timber_t4,node41transit_node72exit
U_node41node72_t4,node41transit_node72exit
C_node41node72_timber_t5,node41transit_node72exit
M_node41node72_timber_t5,node41transit_node72exit
U_node41node72_t5,node41transit_node72exit
C_node41node72_wide_t0,node41transit_node72exit
M_node41node72_wide_t0,node41transit_node72exit
C_node41node72_wide_t1,node41transit_node72exit
M_node41node72_wide_t1,node41transit_node72exit
C_node41node72_wide_t2,node41transit_node72exit
M_node41node72_wide_t2,node41transit_node72exit
C_node41node72_wide_t3,node41transit_node72exit
M_node41node72_wide_t3,node41transit_node72exit
C_node41node72_wide_t4,node41transit_node72exit
M_node41node72_wide_t4,node41transit_node72exit
C_node41node72_wide_t5,node41transit_node72exit
M_node41node72_wide_t5,node41transit_node72exit
C_node41node88_timber_t0,node41transit_node88source
M_node41node88_timber_t0,node41transit_node88source
U_node41node88_t0,node41transit_node88source
C_node41node88_timber_t1,node41transit_node88source
M_node41node88_timber_t1,node41transit_node88source
U_node41node88_t1,node41transit_node88source
C_node41node88_timber_t2,node41transit_node88source
M_node41node88_timber_t2,node41transit_node88source
U_node41node88_t2,node41transit_node88source
C_node41node88_timber_t3,node41transit_node88source
M_node41node88_timber_t3,node41transit_node88source
U_node41node88_t3,node41transit_node88source
C_node41node88_timber_t4,node41transit_node88source
M_node41node88_timber_t4,node41transit_node88source
U_node41node88_t4,node41transit_node88source
C_node41node88_timber_t5,node41transit_node88source
M_node41node88_timber_t5,node41transit_node88source
U_node41node88_t5,node41transit_node88source
C_node41node88_wide_t0,node41transit_node88source
M_node41node88_wide_t0,node41transit_node88source
C_node41node88_wide_t1,node41transit_node88source
M_node41node88_wide_t1,node41transit_node88source
C_node41node88_wide_t2,node41transit_node88source
M_node41node88_wide_t2,node41transit_node88source
C_node41node88_wide_t3,node41transit_node88source
M_node41node88_wide_t3,node41transit_node88source
C_node41node88_wide_t4,node41transit_node88source
M_node41node88_wide_t4,node41transit_node88source
C_node41node88_wide_t5,node41transit_node88source
M_node41node88_wide_t5,node41transit_node88source
C_node41node94_timber_t0,node41transit_node94source
M_node41node94_timber_t0,node41transit_node94source
U_node41node94_t0,node41transit_node94source
C_node41node94_timber_t1,node41transit_node94source
M_node41node94_timber_t1,node41transit_node94source
U_node41node94_t1,node41transit_node94source
C_node41node94_timber_t2,node41transit_node94source
M_node41node94_timber_t2,node41transit_node94source
U_node41node94_t2,node41transit_node94source
C_node41node94_timber_t3,node41transit_node94source
M_node41node94_timber_t3,node41transit_node94source
U_node41node94_t3,node41transit_node94source
C_node41node94_timber_t4,node41transit_node94source
M_node41node94_timber_t4,node41transit_node94source
U_node41node94_t4,node41transit_node94source
C_node41node94_timber_t5,node41transit_node94source
M_node41node94_timber_t5,node41transit_node94source
U_node41node94_t5,node41transit_node94source
C_node41node94_wide_t0,node41transit_node94source
M_node41node94_wide_t0,node41transit_node94source
C_node41node94_wide_t1,node41transit_node94source
M_node41node94_wide_t1,node41transit_node94source
C_node41node94_wide_t2,node41transit_node94source
M_node41node94_wide_t2,node41transit_node94source
C_node41node94_wide_t3,node41transit_node94source
M_node41node94_wide_t3,node41transit_node94source
C_node41node94_wide_t4,node41transit_node94source
M_node41node94_wide_t4,node41transit_node94source
C_node41node94_wide_t5,node41transit_node94source
M_node41node94_wide_t5,node41transit_node94source
C_node42node50_timber_t0,node42transit_node50transit
M_node42node50_timber_t0,node42transit_node50transit
U_node42node50_t0,node42transit_node50transit
C_node42node50_timber_t1,node42transit_node50transit
M_node42node50_timber_t1,node42transit_node50transit
U_node42node50_t1,node42transit_node50transit
C_node42node50_timber_t2,node42transit_node50transit
M_node42node50_timber_t2,node42transit_node50transit
U_node42node50_t2,node42transit_node50transit
C_node42node50_timber_t3,node42transit_node50transit
M_node42node50_timber_t3,node42transit_node50transit
U_node42node50_t3,node42transit_node50transit
C_node42node50_timber_t4,node42transit_node50transit
M_node42node50_timber_t4,node42transit_node50transit
U_node42node50_t4,node42transit_node50transit
C_node42node50_timber_t5,node42transit_node50transit
M_node42node50_timber_t5,node42transit_node50transit
U_node42node50_t5,node42transit_node50transit
C_node42node50_wide_t0,node42transit_node50transit
M_node42node50_wide_t0,node42transit_node50transit
C_node42node50_wide_t1,node42transit_node50transit
M_node42node50_wide_t1,node42transit_node50transit
C_node42node50_wide_t2,node42transit_node50transit
M_node42node50_wide_t2,node42transit_node50transit
C_node42node50_wide_t3,node42transit_node50transit
M_node42node50_wide_t3,node42transit_node50transit
C_node42node50_wide_t4,node42transit_node50transit
M_node42node50_wide_t4,node42transit_node50transit
C_node42node50_wide_t5,node42transit_node50transit
M_node42node50_wide_t5,node42transit_node50transit
C_node42node74_timber_t0,node42transit_node74source
M_node42node74_timber_t0,node42transit_node74source
U_node42node74_t0,node42transit_node74source
C_node42node74_timber_t1,node42transit_node74source
M_node42node74_timber_t1,node42transit_node74source
U_node42node74_t1,node42transit_node74source
C_node42node74_timber_t2,node42transit_node74source
M_node42node74_timber_t2,node42transit_node74source
U_node42node74_t2,node42transit_node74source
C_node42node74_timber_t3,node42transit_node74source
M_node42node74_timber_t3,node42transit_node74source
U_node42node74_t3,node42transit_node74source
C_node42node74_timber_t4,node42transit_node74source
M_node42node74_timber_t4,node42transit_node74source
U_node42node74_t4,node42transit_node74source
C_node42node74_timber_t5,node42transit_node74source
M_node42node74_timber_t5,node42transit_node74source
U_node42node74_t5,node42transit_node74source
C_node42node74_wide_t0,node42transit_node74source
M_node42node74_wide_t0,node42transit_node74source
C_node42node74_wide_t1,node42transit_node74source
M_node42node74_wide_t1,node42transit_node74source
C_node42node74_wide_t2,node42transit_node74source
M_node42node74_wide_t2,node42transit_node74source
C_node42node74_wide_t3,node42transit_node74source
M_node42node74_wide_t3,node42transit_node74source
C_node42node74_wide_t4,node42transit_node74source
M_node42node74_wide_t4,node42transit_node74source
C_node42node74_wide_t5,node42transit_node74source
M_node42node74_wide_t5,node42transit_node74source
C_node42node77_timber_t0,node42transit_node77source
M_node42node77_timber_t0,node42transit_node77source
U_node42node77_t0,node42transit_node77source
C_node42node77_timber_t1,node42transit_node77source
M_node42node77_timber_t1,node42transit_node77source
U_node42node77_t1,node42transit_node77source
C_node42node77_timber_t2,node42transit_node77source
M_node42node77_timber_t2,node42transit_node77source
U_node42node77_t2,node42transit_node77source
C_node42node77_timber_t3,node42transit_node77source
M_node42node77_timber_t3,node42transit_node77source
U_node42node77_t3,node42transit_node77source
C_node42node77_timber_t4,node42transit_node77source
M_node42node77_timber_t4,node42transit_node77source
U_node42node77_t4,node42transit_node77source
C_node42node77_timber_t5,node42transit_node77source
M_node42node77_timber_t5,node42transit_node77source
U_node42node77_t5,node42transit_node77source
C_node42node77_wide_t0,node42transit_node77source
M_node42node77_wide_t0,node42transit_node77source
C_node42node77_wide_t1,node42transit_node77source
M_node42node77_wide_t1,node42transit_node77source
C_node42node77_wide_t2,node42transit_node77source
M_node42node77_wide_t2,node42transit_node77source
C_node42node77_wide_t3,node42transit_node77source
M_node42node77_wide_t3,node42transit_node77source
C_node42node77_wide_t4,node42transit_node77source
M_node42node77_wide_t4,node42transit_node77source
C_node42node77_wide_t5,node42transit_node77source
M_node42node77_wide_t5,node42transit_node77source
C_node43node63_timber_t0,node43transit_node63exit
M_node43node63_timber_t0,node43transit_node63exit
U_node43node63_t0,node43transit_node63exit
C_node43node63_timber_t1,node43transit_node63exit
M_node43node63_timber_t1,node43transit_node63exit
U_node43node63_t1,node43transit_node63exit
C_node43node63_timber_t2,node43transit_node63exit
M_node43node63_timber_t2,node43transit_node63exit
U_node43node63_t2,node43transit_node63exit
C_node43node63_timber_t3,node43transit_node63exit
M_node43node63_timber_t3,node43transit_node63exit
U_node43node63_t3,node43transit_node63exit
C_node43node63_timber_t4,node43transit_node63exit
M_node43node63_timber_t4,node43transit_node63exit
U_node43node63_t4,node43transit_node63exit
C_node43node63_timber_t5,node43transit_node63exit
M_node43node63_timber_t5,node43transit_node63exit
U_node43node63_t5,node43transit_node63exit
C_node43node63_wide_t0,node43transit_node63exit
M_node43node63_wide_t0,node43transit_node63exit
C_node43node63_wide_t1,node43transit_node63exit
M_node43node63_wide_t1,node43transit_node63exit
C_node43node63_wide_t2,node43transit_node63exit
M_node43node63_wide_t2,node43transit_node63exit
C_node43node63_wide_t3,node43transit_node63exit
M_node43node63_wide_t3,node43transit_node63exit
C_node43node63_wide_t4,node43transit_node63exit
M_node43node63_wide_t4,node43transit_node63exit
C_node43node63_wide_t5,node43transit_node63exit
M_node43node63_wide_t5,node43transit_node63exit
C_node43node79_timber_t0,node43transit_node79source
M_node43node79_timber_t0,node43transit_node79source
U_node43node79_t0,node43transit_node79source
C_node43node79_timber_t1,node43transit_node79source
M_node43node79_timber_t1,node43transit_node79source
U_node43node79_t1,node43transit_node79source
C_node43node79_timber_t2,node43transit_node79source
M_node43node79_timber_t2,node43transit_node79source
U_node43node79_t2,node43transit_node79source
C_node43node79_timber_t3,node43transit_node79source
M_node43node79_timber_t3,node43transit_node79source
U_node43node79_t3,node43transit_node79source
C_node43node79_timber_t4,node43transit_node79source
M_node43node79_timber_t4,node43transit_node79source
U_node43node79_t4,node43transit_node79source
C_node43node79_timber_t5,node43transit_node79source
M_node43node79_timber_t5,node43transit_node79source
U_node43node79_t5,node43transit_node79source
C_node43node79_wide_t0,node43transit_node79source
M_node43node79_wide_t0,node43transit_node79source
C_node43node79_wide_t1,node43transit_node79source
M_node43node79_wide_t1,node43transit_node79source
C_node43node79_wide_t2,node43transit_node79source
M_node43node79_wide_t2,node43transit_node79source
C_node43node79_wide_t3,node43transit_node79source
M_node43node79_wide_t3,node43transit_node79source
C_node43node79_wide_t4,node43transit_node79source
M_node43node79_wide_t4,node43transit_node79source
C_node43node79_wide_t5,node43transit_node79source
M_node43node79_wide_t5,node43transit_node79source
C_node43node81_timber_t0,node43transit_node81source
M_node43node81_timber_t0,node43transit_node81source
U_node43node81_t0,node43transit_node81source
C_node43node81_timber_t1,node43transit_node81source
M_node43node81_timber_t1,node43transit_node81source
U_node43node81_t1,node43transit_node81source
C_node43node81_timber_t2,node43transit_node81source
M_node43node81_timber_t2,node43transit_node81source
U_node43node81_t2,node43transit_node81source
C_node43node81_timber_t3,node43transit_node81source
M_node43node81_timber_t3,node43transit_node81source
U_node43node81_t3,node43transit_node81source
C_node43node81_timber_t4,node43transit_node81source
M_node43node81_timber_t4,node43transit_node81source
U_node43node81_t4,node43transit_node81source
C_node43node81_timber_t5,node43transit_node81source
M_node43node81_timber_t5,node43transit_node81source
U_node43node81_t5,node43transit_node81source
C_node43node81_wide_t0,node43transit_node81source
M_node43node81_wide_t0,node43transit_node81source
C_node43node81_wide_t1,node43transit_node81source
M_node43node81_wide_t1,node43transit_node81source
C_node43node81_wide_t2,node43transit_node81source
M_node43node81_wide_t2,node43transit_node81source
C_node43node81_wide_t3,node43transit_node81source
M_node43node81_wide_t3,node43transit_node81source
C_node43node81_wide_t4,node43transit_node81source
M_node43node81_wide_t4,node43transit_node81source
C_node43node81_wide_t5,node43transit_node81source
M_node43node81_wide_t5,node43transit_node81source
C_node43node82_timber_t0,node43transit_node82source
M_node43node82_timber_t0,node43transit_node82source
U_node43node82_t0,node43transit_node82source
C_node43node82_timber_t1,node43transit_node82source
M_node43node82_timber_t1,node43transit_node82source
U_node43node82_t1,node43transit_node82source
C_node43node82_timber_t2,node43transit_node82source
M_node43node82_timber_t2,node43transit_node82source
U_node43node82_t2,node43transit_node82source
C_node43node82_timber_t3,node43transit_node82source
M_node43node82_timber_t3,node43transit_node82source
U_node43node82_t3,node43transit_node82source
C_node43node82_timber_t4,node43transit_node82source
M_node43node82_timber_t4,node43transit_node82source
U_node43node82_t4,node43transit_node82source
C_node43node82_timber_t5,node43transit_node82source
M_node43node82_timber_t5,node43transit_node82source
U_node43node82_t5,node43transit_node82source
C_node43node82_wide_t0,node43transit_node82source
M_node43node82_wide_t0,node43transit_node82source
C_node43node82_wide_t1,node43transit_node82source
M_node43node82_wide_t1,node43transit_node82source
C_node43node82_wide_t2,node43transit_node82source
M_node43node82_wide_t2,node43transit_node82source
C_node43node82_wide_t3,node43transit_node82source
M_node43node82_wide_t3,node43transit_node82source
C_node43node82_wide_t4,node43transit_node82source
M_node43node82_wide_t4,node43transit_node82source
C_node43node82_wide_t5,node43transit_node82source
M_node43node82_wide_t5,node43transit_node82source
C_node44node45_timber_t0,node44transit_node45exit
M_node44node45_timber_t0,node44transit_node45exit
U_node44node45_t0,node44transit_node45exit
C_node44node45_timber_t1,node44transit_node45exit
M_node44node45_timber_t1,node44transit_node45exit
U_node44node45_t1,node44transit_node45exit
C_node44node45_timber_t2,node44transit_node45exit
M_node44node45_timber_t2,node44transit_node45exit
U_node44node45_t2,node44transit_node45exit
C_node44node45_timber_t3,node44transit_node45exit
M_node44node45_timber_t3,node44transit_node45exit
U_node44node45_t3,node44transit_node45exit
C_node44node45_timber_t4,node44transit_node45exit
M_node44node45_timber_t4,node44transit_node45exit
U_node44node45_t4,node44transit_node45exit
C_node44node45_timber_t5,node44transit_node45exit
M_node44node45_timber_t5,node44transit_node45exit
U_node44node45_t5,node44transit_node45exit
C_node44node45_wide_t0,node44transit_node45exit
M_node44node45_wide_t0,node44transit_node45exit
C_node44node45_wide_t1,node44transit_node45exit
M_node44node45_wide_t1,node44transit_node45exit
C_node44node45_wide_t2,node44transit_node45exit
M_node44node45_wide_t2,node44transit_node45exit
C_node44node45_wide_t3,node44transit_node45exit
M_node44node45_wide_t3,node44transit_node45exit
C_node44node45_wide_t4,node44transit_node45exit
M_node44node45_wide_t4,node44transit_node45exit
C_node44node45_wide_t5,node44transit_node45exit
M_node44node45_wide_t5,node44transit_node45exit
C_node44node66_timber_t0,node44transit_node66exit
M_node44node66_timber_t0,node44transit_node66exit
U_node44node66_t0,node44transit_node66exit
C_node44node66_timber_t1,node44transit_node66exit
M_node44node66_timber_t1,node44transit_node66exit
U_node44node66_t1,node44transit_node66exit
C_node44node66_timber_t2,node44transit_node66exit
M_node44node66_timber_t2,node44transit_node66exit
U_node44node66_t2,node44transit_node66exit
C_node44node66_timber_t3,node44transit_node66exit
M_node44node66_timber_t3,node44transit_node66exit
U_node44node66_t3,node44transit_node66exit
C_node44node66_timber_t4,node44transit_node66exit
M_node44node66_timber_t4,node44transit_node66exit
U_node44node66_t4,node44transit_node66exit
C_node44node66_timber_t5,node44transit_node66exit
M_node44node66_timber_t5,node44transit_node66exit
U_node44node66_t5,node44transit_node66exit
C_node44node66_wide_t0,node44transit_node66exit
M_node44node66_wide_t0,node44transit_node66exit
C_node44node66_wide_t1,node44transit_node66exit
M_node44node66_wide_t1,node44transit_node66exit
C_node44node66_wide_t2,node44transit_node66exit
M_node44node66_wide_t2,node44transit_node66exit
C_node44node66_wide_t3,node44transit_node66exit
M_node44node66_wide_t3,node44transit_node66exit
C_node44node66_wide_t4,node44transit_node66exit
M_node44node66_wide_t4,node44transit_node66exit
C_node44node66_wide_t5,node44transit_node66exit
M_node44node66_wide_t5,node44transit_node66exit
C_node44node84_timber_t0,node44transit_node84source
M_node44node84_timber_t0,node44transit_node84source
U_node44node84_t0,node44transit_node84source
C_node44node84_timber_t1,node44transit_node84source
M_node44node84_timber_t1,node44transit_node84source
U_node44node84_t1,node44transit_node84source
C_node44node84_timber_t2,node44transit_node84source
M_node44node84_timber_t2,node44transit_node84source
U_node44node84_t2,node44transit_node84source
C_node44node84_timber_t3,node44transit_node84source
M_node44node84_timber_t3,node44transit_node84source
U_node44node84_t3,node44transit_node84source
C_node44node84_timber_t4,node44transit_node84source
M_node44node84_timber_t4,node44transit_node84source
U_node44node84_t4,node44transit_node84source
C_node44node84_timber_t5,node44transit_node84source
M_node44node84_timber_t5,node44transit_node84source
U_node44node84_t5,node44transit_node84source
C_node44node84_wide_t0,node44transit_node84source
M_node44node84_wide_t0,node44transit_node84source
C_node44node84_wide_t1,node44transit_node84source
M_node44node84_wide_t1,node44transit_node84source
C_node44node84_wide_t2,node44transit_node84source
M_node44node84_wide_t2,node44transit_node84source
C_node44node84_wide_t3,node44transit_node84source
M_node44node84_wide_t3,node44transit_node84source
C_node44node84_wide_t4,node44transit_node84source
M_node44node84_wide_t4,node44transit_node84source
C_node44node84_wide_t5,node44transit_node84source
M_node44node84_wide_t5,node44transit_node84source
C_node44node88_timber_t0,node44transit_node88source
M_node44node88_timber_t0,node44transit_node88source
U_node44node88_t0,node44transit_node88source
C_node44node88_timber_t1,node44transit_node88source
M_node44node88_timber_t1,node44transit_node88source
U_node44node88_t1,node44transit_node88source
C_node44node88_timber_t2,node44transit_node88source
M_node44node88_timber_t2,node44transit_node88source
U_node44node88_t2,node44transit_node88source
C_node44node88_timber_t3,node44transit_node88source
M_node44node88_timber_t3,node44transit_node88source
U_node44node88_t3,node44transit_node88source
C_node44node88_timber_t4,node44transit_node88source
M_node44node88_timber_t4,node44transit_node88source
U_node44node88_t4,node44transit_node88source
C_node44node88_timber_t5,node44transit_node88source
M_node44node88_timber_t5,node44transit_node88source
U_node44node88_t5,node44transit_node88source
C_node44node88_wide_t0,node44transit_node88source
M_node44node88_wide_t0,node44transit_node88source
C_node44node88_wide_t1,node44transit_node88source
M_node44node88_wide_t1,node44transit_node88source
C_node44node88_wide_t2,node44transit_node88source
M_node44node88_wide_t2,node44transit_node88source
C_node44node88_wide_t3,node44transit_node88source
M_node44node88_wide_t3,node44transit_node88source
C_node44node88_wide_t4,node44transit_node88source
M_node44node88_wide_t4,node44transit_node88source
C_node44node88_wide_t5,node44transit_node88source
M_node44node88_wide_t5,node44transit_node88source
C_node44node91_timber_t0,node44transit_node91source
M_node44node91_timber_t0,node44transit_node91source
U_node44node91_t0,node44transit_node91source
C_node44node91_timber_t1,node44transit_node91source
M_node44node91_timber_t1,node44transit_node91source
U_node44node91_t1,node44transit_node91source
C_node44node91_timber_t2,node44transit_node91source
M_node44node91_timber_t2,node44transit_node91source
U_node44node91_t2,node44transit_node91source
C_node44node91_timber_t3,node44transit_node91source
M_node44node91_timber_t3,node44transit_node91source
U_node44node91_t3,node44transit_node91source
C_node44node91_timber_t4,node44transit_node91source
M_node44node91_timber_t4,node44transit_node91source
U_node44node91_t4,node44transit_node91source
C_node44node91_timber_t5,node44transit_node91source
M_node44node91_timber_t5,node44transit_node91source
U_node44node91_t5,node44transit_node91source
C_node44node91_wide_t0,node44transit_node91source
M_node44node91_wide_t0,node44transit_node91source
C_node44node91_wide_t1,node44transit_node91source
M_node44node91_wide_t1,node44transit_node91source
C_node44node91_wide_t2,node44transit_node91source
M_node44node91_wide_t2,node44transit_node91source
C_node44node91_wide_t3,node44transit_node91source
M_node44node91_wide_t3,node44transit_node91source
C_node44node91_wide_t4,node44transit_node91source
M_node44node91_wide_t4,node44transit_node91source
C_node44node91_wide_t5,node44transit_node91source
M_node44node91_wide_t5,node44transit_node91source
C_node45node84_timber_t0,node45exit_node84source
M_node45node84_timber_t0,node45exit_node84source
U_node45node84_t0,node45exit_node84source
C_node45node84_timber_t1,node45exit_node84source
M_node45node84_timber_t1,node45exit_node84source
U_node45node84_t1,node45exit_node84source
C_node45node84_timber_t2,node45exit_node84source
M_node45node84_timber_t2,node45exit_node84source
U_node45node84_t2,node45exit_node84source
C_node45node84_timber_t3,node45exit_node84source
M_node45node84_timber_t3,node45exit_node84source
U_node45node84_t3,node45exit_node84source
C_node45node84_timber_t4,node45exit_node84source
M_node45node84_timber_t4,node45exit_node84source
U_node45node84_t4,node45exit_node84source
C_node45node84_timber_t5,node45exit_node84source
M_node45node84_timber_t5,node45exit_node84source
U_node45node84_t5,node45exit_node84source
C_node45node84_wide_t0,node45exit_node84source
M_node45node84_wide_t0,node45exit_node84source
C_node45node84_wide_t1,node45exit_node84source
M_node45node84_wide_t1,node45exit_node84source
C_node45node84_wide_t2,node45exit_node84source
M_node45node84_wide_t2,node45exit_node84source
C_node45node84_wide_t3,node45exit_node84source
M_node45node84_wide_t3,node45exit_node84source
C_node45node84_wide_t4,node45exit_node84source
M_node45node84_wide_t4,node45exit_node84source
C_node45node84_wide_t5,node45exit_node84source
M_node45node84_wide_t5,node45exit_node84source
C_node45node88_timber_t0,node45exit_node88source
M_node45node88_timber_t0,node45exit_node88source
U_node45node88_t0,node45exit_node88source
C_node45node88_timber_t1,node45exit_node88source
M_node45node88_timber_t1,node45exit_node88source
U_node45node88_t1,node45exit_node88source
C_node45node88_timber_t2,node45exit_node88source
M_node45node88_timber_t2,node45exit_node88source
U_node45node88_t2,node45exit_node88source
C_node45node88_timber_t3,node45exit_node88source
M_node45node88_timber_t3,node45exit_node88source
U_node45node88_t3,node45exit_node88source
C_node45node88_timber_t4,node45exit_node88source
M_node45node88_timber_t4,node45exit_node88source
U_node45node88_t4,node45exit_node88source
C_node45node88_timber_t5,node45exit_node88source
M_node45node88_timber_t5,node45exit_node88source
U_node45node88_t5,node45exit_node88source
C_node45node88_wide_t0,node45exit_node88source
M_node45node88_wide_t0,node45exit_node88source
C_node45node88_wide_t1,node45exit_node88source
M_node45node88_wide_t1,node45exit_node88source
C_node45node88_wide_t2,node45exit_node88source
M_node45node88_wide_t2,node45exit_node88source
C_node45node88_wide_t3,node45exit_node88source
M_node45node88_wide_t3,node45exit_node88source
C_node45node88_wide_t4,node45exit_node88source
M_node45node88_wide_t4,node45exit_node88source
C_node45node88_wide_t5,node45exit_node88source
M_node45node88_wide_t5,node45exit_node88source
C_node46node54_timber_t0,node46transit_node54transit
M_node46node54_timber_t0,node46transit_node54transit
U_node46node54_t0,node46transit_node54transit
C_node46node54_timber_t1,node46transit_node54transit
M_node46node54_timber_t1,node46transit_node54transit
U_node46node54_t1,node46transit_node54transit
C_node46node54_timber_t2,node46transit_node54transit
M_node46node54_timber_t2,node46transit_node54transit
U_node46node54_t2,node46transit_node54transit
C_node46node54_timber_t3,node46transit_node54transit
M_node46node54_timber_t3,node46transit_node54transit
U_node46node54_t3,node46transit_node54transit
C_node46node54_timber_t4,node46transit_node54transit
M_node46node54_timber_t4,node46transit_node54transit
U_node46node54_t4,node46transit_node54transit
C_node46node54_timber_t5,node46transit_node54transit
M_node46node54_timber_t5,node46transit_node54transit
U_node46node54_t5,node46transit_node54transit
C_node46node54_wide_t0,node46transit_node54transit
M_node46node54_wide_t0,node46transit_node54transit
C_node46node54_wide_t1,node46transit_node54transit
M_node46node54_wide_t1,node46transit_node54transit
C_node46node54_wide_t2,node46transit_node54transit
M_node46node54_wide_t2,node46transit_node54transit
C_node46node54_wide_t3,node46transit_node54transit
M_node46node54_wide_t3,node46transit_node54transit
C_node46node54_wide_t4,node46transit_node54transit
M_node46node54_wide_t4,node46transit_node54transit
C_node46node54_wide_t5,node46transit_node54transit
M_node46node54_wide_t5,node46transit_node54transit
C_node46node95_timber_t0,node46transit_node95source
M_node46node95_timber_t0,node46transit_node95source
U_node46node95_t0,node46transit_node95source
C_node46node95_timber_t1,node46transit_node95source
M_node46node95_timber_t1,node46transit_node95source
U_node46node95_t1,node46transit_node95source
C_node46node95_timber_t2,node46transit_node95source
M_node46node95_timber_t2,node46transit_node95source
U_node46node95_t2,node46transit_node95source
C_node46node95_timber_t3,node46transit_node95source
M_node46node95_timber_t3,node46transit_node95source
U_node46node95_t3,node46transit_node95source
C_node46node95_timber_t4,node46transit_node95source
M_node46node95_timber_t4,node46transit_node95source
U_node46node95_t4,node46transit_node95source
C_node46node95_timber_t5,node46transit_node95source
M_node46node95_timber_t5,node46transit_node95source
U_node46node95_t5,node46transit_node95source
C_node46node95_wide_t0,node46transit_node95source
M_node46node95_wide_t0,node46transit_node95source
C_node46node95_wide_t1,node46transit_node95source
M_node46node95_wide_t1,node46transit_node95source
C_node46node95_wide_t2,node46transit_node95source
M_node46node95_wide_t2,node46transit_node95source
C_node46node95_wide_t3,node46transit_node95source
M_node46node95_wide_t3,node46transit_node95source
C_node46node95_wide_t4,node46transit_node95source
M_node46node95_wide_t4,node46transit_node95source
C_node46node95_wide_t5,node46transit_node95source
M_node46node95_wide_t5,node46transit_node95source
C_node46node96_timber_t0,node46transit_node96source
M_node46node96_timber_t0,node46transit_node96source
U_node46node96_t0,node46transit_node96source
C_node46node96_timber_t1,node46transit_node96source
M_node46node96_timber_t1,node46transit_node96source
U_node46node96_t1,node46transit_node96source
C_node46node96_timber_t2,node46transit_node96source
M_node46node96_timber_t2,node46transit_node96source
U_node46node96_t2,node46transit_node96source
C_node46node96_timber_t3,node46transit_node96source
M_node46node96_timber_t3,node46transit_node96source
U_node46node96_t3,node46transit_node96source
C_node46node96_timber_t4,node46transit_node96source
M_node46node96_timber_t4,node46transit_node96source
U_node46node96_t4,node46transit_node96source
C_node46node96_timber_t5,node46transit_node96source
M_node46node96_timber_t5,node46transit_node96source
U_node46node96_t5,node46transit_node96source
C_node46node96_wide_t0,node46transit_node96source
M_node46node96_wide_t0,node46transit_node96source
C_node46node96_wide_t1,node46transit_node96source
M_node46node96_wide_t1,node46transit_node96source
C_node46node96_wide_t2,node46transit_node96source
M_node46node96_wide_t2,node46transit_node96source
C_node46node96_wide_t3,node46transit_node96source
M_node46node96_wide_t3,node46transit_node96source
C_node46node96_wide_t4,node46transit_node96source
M_node46node96_wide_t4,node46transit_node96source
C_node46node96_wide_t5,node46transit_node96source
M_node46node96_wide_t5,node46transit_node96source
C_node47node84_timber_t0,node47exit_node84source
M_node47node84_timber_t0,node47exit_node84source
U_node47node84_t0,node47exit_node84source
C_node47node84_timber_t1,node47exit_node84source
M_node47node84_timber_t1,node47exit_node84source
U_node47node84_t1,node47exit_node84source
C_node47node84_timber_t2,node47exit_node84source
M_node47node84_timber_t2,node47exit_node84source
U_node47node84_t2,node47exit_node84source
C_node47node84_timber_t3,node47exit_node84source
M_node47node84_timber_t3,node47exit_node84source
U_node47node84_t3,node47exit_node84source
C_node47node84_timber_t4,node47exit_node84source
M_node47node84_timber_t4,node47exit_node84source
U_node47node84_t4,node47exit_node84source
C_node47node84_timber_t5,node47exit_node84source
M_node47node84_timber_t5,node47exit_node84source
U_node47node84_t5,node47exit_node84source
C_node47node84_wide_t0,node47exit_node84source
M_node47node84_wide_t0,node47exit_node84source
C_node47node84_wide_t1,node47exit_node84source
M_node47node84_wide_t1,node47exit_node84source
C_node47node84_wide_t2,node47exit_node84source
M_node47node84_wide_t2,node47exit_node84source
C_node47node84_wide_t3,node47exit_node84source
M_node47node84_wide_t3,node47exit_node84source
C_node47node84_wide_t4,node47exit_node84source
M_node47node84_wide_t4,node47exit_node84source
C_node47node84_wide_t5,node47exit_node84source
M_node47node84_wide_t5,node47exit_node84source
C_node47node89_timber_t0,node47exit_node89source
M_node47node89_timber_t0,node47exit_node89source
U_node47node89_t0,node47exit_node89source
C_node47node89_timber_t1,node47exit_node89source
M_node47node89_timber_t1,node47exit_node89source
U_node47node89_t1,node47exit_node89source
C_node47node89_timber_t2,node47exit_node89source
M_node47node89_timber_t2,node47exit_node89source
U_node47node89_t2,node47exit_node89source
C_node47node89_timber_t3,node47exit_node89source
M_node47node89_timber_t3,node47exit_node89source
U_node47node89_t3,node47exit_node89source
C_node47node89_timber_t4,node47exit_node89source
M_node47node89_timber_t4,node47exit_node89source
U_node47node89_t4,node47exit_node89source
C_node47node89_timber_t5,node47exit_node89source
M_node47node89_timber_t5,node47exit_node89source
U_node47node89_t5,node47exit_node89source
C_node47node89_wide_t0,node47exit_node89source
M_node47node89_wide_t0,node47exit_node89source
C_node47node89_wide_t1,node47exit_node89source
M_node47node89_wide_t1,node47exit_node89source
C_node47node89_wide_t2,node47exit_node89source
M_node47node89_wide_t2,node47exit_node89source
C_node47node89_wide_t3,node47exit_node89source
M_node47node89_wide_t3,node47exit_node89source
C_node47node89_wide_t4,node47exit_node89source
M_node47node89_wide_t4,node47exit_node89source
C_node47node89_wide_t5,node47exit_node89source
M_node47node89_wide_t5,node47exit_node89source
C_node48node78_timber_t0,node48transit_node78source
M_node48node78_timber_t0,node48transit_node78source
U_node48node78_t0,node48transit_node78source
C_node48node78_timber_t1,node48transit_node78source
M_node48node78_timber_t1,node48transit_node78source
U_node48node78_t1,node48transit_node78source
C_node48node78_timber_t2,node48transit_node78source
M_node48node78_timber_t2,node48transit_node78source
U_node48node78_t2,node48transit_node78source
C_node48node78_timber_t3,node48transit_node78source
M_node48node78_timber_t3,node48transit_node78source
U_node48node78_t3,node48transit_node78source
C_node48node78_timber_t4,node48transit_node78source
M_node48node78_timber_t4,node48transit_node78source
U_node48node78_t4,node48transit_node78source
C_node48node78_timber_t5,node48transit_node78source
M_node48node78_timber_t5,node48transit_node78source
U_node48node78_t5,node48transit_node78source
C_node48node78_wide_t0,node48transit_node78source
M_node48node78_wide_t0,node48transit_node78source
C_node48node78_wide_t1,node48transit_node78source
M_node48node78_wide_t1,node48transit_node78source
C_node48node78_wide_t2,node48transit_node78source
M_node48node78_wide_t2,node48transit_node78source
C_node48node78_wide_t3,node48transit_node78source
M_node48node78_wide_t3,node48transit_node78source
C_node48node78_wide_t4,node48transit_node78source
M_node48node78_wide_t4,node48transit_node78source
C_node48node78_wide_t5,node48transit_node78source
M_node48node78_wide_t5,node48transit_node78source
C_node48node93_timber_t0,node48transit_node93source
M_node48node93_timber_t0,node48transit_node93source
U_node48node93_t0,node48transit_node93source
C_node48node93_timber_t1,node48transit_node93source
M_node48node93_timber_t1,node48transit_node93source
U_node48node93_t1,node48transit_node93source
C_node48node93_timber_t2,node48transit_node93source
M_node48node93_timber_t2,node48transit_node93source
U_node48node93_t2,node48transit_node93source
C_node48node93_timber_t3,node48transit_node93source
M_node48node93_timber_t3,node48transit_node93source
U_node48node93_t3,node48transit_node93source
C_node48node93_timber_t4,node48transit_node93source
M_node48node93_timber_t4,node48transit_node93source
U_node48node93_t4,node48transit_node93source
C_node48node93_timber_t5,node48transit_node93source
M_node48node93_timber_t5,node48transit_node93source
U_node48node93_t5,node48transit_node93source
C_node48node93_wide_t0,node48transit_node93source
M_node48node93_wide_t0,node48transit_node93source
C_node48node93_wide_t1,node48transit_node93source
M_node48node93_wide_t1,node48transit_node93source
C_node48node93_wide_t2,node48transit_node93source
M_node48node93_wide_t2,node48transit_node93source
C_node48node93_wide_t3,node48transit_node93source
M_node48node93_wide_t3,node48transit_node93source
C_node48node93_wide_t4,node48transit_node93source
M_node48node93_wide_t4,node48transit_node93source
C_node48node93_wide_t5,node48transit_node93source
M_node48node93_wide_t5,node48transit_node93source
C_node49node81_timber_t0,node49transit_node81source
M_node49node81_timber_t0,node49transit_node81source
U_node49node81_t0,node49transit_node81source
C_node49node81_timber_t1,node49transit_node81source
M_node49node81_timber_t1,node49transit_node81source
U_node49node81_t1,node49transit_node81source
C_node49node81_timber_t2,node49transit_node81source
M_node49node81_timber_t2,node49transit_node81source
U_node49node81_t2,node49transit_node81source
C_node49node81_timber_t3,node49transit_node81source
M_node49node81_timber_t3,node49transit_node81source
U_node49node81_t3,node49transit_node81source
C_node49node81_timber_t4,node49transit_node81source
M_node49node81_timber_t4,node49transit_node81source
U_node49node81_t4,node49transit_node81source
C_node49node81_timber_t5,node49transit_node81source
M_node49node81_timber_t5,node49transit_node81source
U_node49node81_t5,node49transit_node81source
C_node49node81_wide_t0,node49transit_node81source
M_node49node81_wide_t0,node49transit_node81source
C_node49node81_wide_t1,node49transit_node81source
M_node49node81_wide_t1,node49transit_node81source
C_node49node81_wide_t2,node49transit_node81source
M_node49node81_wide_t2,node49transit_node81source
C_node49node81_wide_t3,node49transit_node81source
M_node49node81_wide_t3,node49transit_node81source
C_node49node81_wide_t4,node49transit_node81source
M_node49node81_wide_t4,node49transit_node81source
C_node49node81_wide_t5,node49transit_node81source
M_node49node81_wide_t5,node49transit_node81source
C_node49node87_timber_t0,node49transit_node87source
M_node49node87_timber_t0,node49transit_node87source
U_node49node87_t0,node49transit_node87source
C_node49node87_timber_t1,node49transit_node87source
M_node49node87_timber_t1,node49transit_node87source
U_node49node87_t1,node49transit_node87source
C_node49node87_timber_t2,node49transit_node87source
M_node49node87_timber_t2,node49transit_node87source
U_node49node87_t2,node49transit_node87source
C_node49node87_timber_t3,node49transit_node87source
M_node49node87_timber_t3,node49transit_node87source
U_node49node87_t3,node49transit_node87source
C_node49node87_timber_t4,node49transit_node87source
M_node49node87_timber_t4,node49transit_node87source
U_node49node87_t4,node49transit_node87source
C_node49node87_timber_t5,node49transit_node87source
M_node49node87_timber_t5,node49transit_node87source
U_node49node87_t5,node49transit_node87source
C_node49node87_wide_t0,node49transit_node87source
M_node49node87_wide_t0,node49transit_node87source
C_node49node87_wide_t1,node49transit_node87source
M_node49node87_wide_t1,node49transit_node87source
C_node49node87_wide_t2,node49transit_node87source
M_node49node87_wide_t2,node49transit_node87source
C_node49node87_wide_t3,node49transit_node87source
M_node49node87_wide_t3,node49transit_node87source
C_node49node87_wide_t4,node49transit_node87source
M_node49node87_wide_t4,node49transit_node87source
C_node49node87_wide_t5,node49transit_node87source
M_node49node87_wide_t5,node49transit_node87source
C_node49node90_timber_t0,node49transit_node90source
M_node49node90_timber_t0,node49transit_node90source
U_node49node90_t0,node49transit_node90source
C_node49node90_timber_t1,node49transit_node90source
M_node49node90_timber_t1,node49transit_node90source
U_node49node90_t1,node49transit_node90source
C_node49node90_timber_t2,node49transit_node90source
M_node49node90_timber_t2,node49transit_node90source
U_node49node90_t2,node49transit_node90source
C_node49node90_timber_t3,node49transit_node90source
M_node49node90_timber_t3,node49transit_node90source
U_node49node90_t3,node49transit_node90source
C_node49node90_timber_t4,node49transit_node90source
M_node49node90_timber_t4,node49transit_node90source
U_node49node90_t4,node49transit_node90source
C_node49node90_timber_t5,node49transit_node90source
M_node49node90_timber_t5,node49transit_node90source
U_node49node90_t5,node49transit_node90source
C_node49node90_wide_t0,node49transit_node90source
M_node49node90_wide_t0,node49transit_node90source
C_node49node90_wide_t1,node49transit_node90source
M_node49node90_wide_t1,node49transit_node90source
C_node49node90_wide_t2,node49transit_node90source
M_node49node90_wide_t2,node49transit_node90source
C_node49node90_wide_t3,node49transit_node90source
M_node49node90_wide_t3,node49transit_node90source
C_node49node90_wide_t4,node49transit_node90source
M_node49node90_wide_t4,node49transit_node90source
C_node49node90_wide_t5,node49transit_node90source
M_node49node90_wide_t5,node49transit_node90source
C_node50node77_timber_t0,node50transit_node77source
M_node50node77_timber_t0,node50transit_node77source
U_node50node77_t0,node50transit_node77source
C_node50node77_timber_t1,node50transit_node77source
M_node50node77_timber_t1,node50transit_node77source
U_node50node77_t1,node50transit_node77source
C_node50node77_timber_t2,node50transit_node77source
M_node50node77_timber_t2,node50transit_node77source
U_node50node77_t2,node50transit_node77source
C_node50node77_timber_t3,node50transit_node77source
M_node50node77_timber_t3,node50transit_node77source
U_node50node77_t3,node50transit_node77source
C_node50node77_timber_t4,node50transit_node77source
M_node50node77_timber_t4,node50transit_node77source
U_node50node77_t4,node50transit_node77source
C_node50node77_timber_t5,node50transit_node77source
M_node50node77_timber_t5,node50transit_node77source
U_node50node77_t5,node50transit_node77source
C_node50node77_wide_t0,node50transit_node77source
M_node50node77_wide_t0,node50transit_node77source
C_node50node77_wide_t1,node50transit_node77source
M_node50node77_wide_t1,node50transit_node77source
C_node50node77_wide_t2,node50transit_node77source
M_node50node77_wide_t2,node50transit_node77source
C_node50node77_wide_t3,node50transit_node77source
M_node50node77_wide_t3,node50transit_node77source
C_node50node77_wide_t4,node50transit_node77source
M_node50node77_wide_t4,node50transit_node77source
C_node50node77_wide_t5,node50transit_node77source
M_node50node77_wide_t5,node50transit_node77source
C_node50node81_timber_t0,node50transit_node81source
M_node50node81_timber_t0,node50transit_node81source
U_node50node81_t0,node50transit_node81source
C_node50node81_timber_t1,node50transit_node81source
M_node50node81_timber_t1,node50transit_node81source
U_node50node81_t1,node50transit_node81source
C_node50node81_timber_t2,node50transit_node81source
M_node50node81_timber_t2,node50transit_node81source
U_node50node81_t2,node50transit_node81source
C_node50node81_timber_t3,node50transit_node81source
M_node50node81_timber_t3,node50transit_node81source
U_node50node81_t3,node50transit_node81source
C_node50node81_timber_t4,node50transit_node81source
M_node50node81_timber_t4,node50transit_node81source
U_node50node81_t4,node50transit_node81source
C_node50node81_timber_t5,node50transit_node81source
M_node50node81_timber_t5,node50transit_node81source
U_node50node81_t5,node50transit_node81source
C_node50node81_wide_t0,node50transit_node81source
M_node50node81_wide_t0,node50transit_node81source
C_node50node81_wide_t1,node50transit_node81source
M_node50node81_wide_t1,node50transit_node81source
C_node50node81_wide_t2,node50transit_node81source
M_node50node81_wide_t2,node50transit_node81source
C_node50node81_wide_t3,node50transit_node81source
M_node50node81_wide_t3,node50transit_node81source
C_node50node81_wide_t4,node50transit_node81source
M_node50node81_wide_t4,node50transit_node81source
C_node50node81_wide_t5,node50transit_node81source
M_node50node81_wide_t5,node50transit_node81source
C_node51node62_timber_t0,node51transit_node62exit
M_node51node62_timber_t0,node51transit_node62exit
U_node51node62_t0,node51transit_node62exit
C_node51node62_timber_t1,node51transit_node62exit
M_node51node62_timber_t1,node51transit_node62exit
U_node51node62_t1,node51transit_node62exit
C_node51node62_timber_t2,node51transit_node62exit
M_node51node62_timber_t2,node51transit_node62exit
U_node51node62_t2,node51transit_node62exit
C_node51node62_timber_t3,node51transit_node62exit
M_node51node62_timber_t3,node51transit_node62exit
U_node51node62_t3,node51transit_node62exit
C_node51node62_timber_t4,node51transit_node62exit
M_node51node62_timber_t4,node51transit_node62exit
U_node51node62_t4,node51transit_node62exit
C_node51node62_timber_t5,node51transit_node62exit
M_node51node62_timber_t5,node51transit_node62exit
U_node51node62_t5,node51transit_node62exit
C_node51node62_wide_t0,node51transit_node62exit
M_node51node62_wide_t0,node51transit_node62exit
C_node51node62_wide_t1,node51transit_node62exit
M_node51node62_wide_t1,node51transit_node62exit
C_node51node62_wide_t2,node51transit_node62exit
M_node51node62_wide_t2,node51transit_node62exit
C_node51node62_wide_t3,node51transit_node62exit
M_node51node62_wide_t3,node51transit_node62exit
C_node51node62_wide_t4,node51transit_node62exit
M_node51node62_wide_t4,node51transit_node62exit
C_node51node62_wide_t5,node51transit_node62exit
M_node51node62_wide_t5,node51transit_node62exit
C_node51node60_timber_t0,node51transit_node60exit
M_node51node60_timber_t0,node51transit_node60exit
U_node51node60_t0,node51transit_node60exit
C_node51node60_timber_t1,node51transit_node60exit
M_node51node60_timber_t1,node51transit_node60exit
U_node51node60_t1,node51transit_node60exit
C_node51node60_timber_t2,node51transit_node60exit
M_node51node60_timber_t2,node51transit_node60exit
U_node51node60_t2,node51transit_node60exit
C_node51node60_timber_t3,node51transit_node60exit
M_node51node60_timber_t3,node51transit_node60exit
U_node51node60_t3,node51transit_node60exit
C_node51node60_timber_t4,node51transit_node60exit
M_node51node60_timber_t4,node51transit_node60exit
U_node51node60_t4,node51transit_node60exit
C_node51node60_timber_t5,node51transit_node60exit
M_node51node60_timber_t5,node51transit_node60exit
U_node51node60_t5,node51transit_node60exit
C_node51node60_wide_t0,node51transit_node60exit
M_node51node60_wide_t0,node51transit_node60exit
C_node51node60_wide_t1,node51transit_node60exit
M_node51node60_wide_t1,node51transit_node60exit
C_node51node60_wide_t2,node51transit_node60exit
M_node51node60_wide_t2,node51transit_node60exit
C_node51node60_wide_t3,node51transit_node60exit
M_node51node60_wide_t3,node51transit_node60exit
C_node51node60_wide_t4,node51transit_node60exit
M_node51node60_wide_t4,node51transit_node60exit
C_node51node60_wide_t5,node51transit_node60exit
M_node51node60_wide_t5,node51transit_node60exit
C_node51node76_timber_t0,node51transit_node76source
M_node51node76_timber_t0,node51transit_node76source
U_node51node76_t0,node51transit_node76source
C_node51node76_timber_t1,node51transit_node76source
M_node51node76_timber_t1,node51transit_node76source
U_node51node76_t1,node51transit_node76source
C_node51node76_timber_t2,node51transit_node76source
M_node51node76_timber_t2,node51transit_node76source
U_node51node76_t2,node51transit_node76source
C_node51node76_timber_t3,node51transit_node76source
M_node51node76_timber_t3,node51transit_node76source
U_node51node76_t3,node51transit_node76source
C_node51node76_timber_t4,node51transit_node76source
M_node51node76_timber_t4,node51transit_node76source
U_node51node76_t4,node51transit_node76source
C_node51node76_timber_t5,node51transit_node76source
M_node51node76_timber_t5,node51transit_node76source
U_node51node76_t5,node51transit_node76source
C_node51node76_wide_t0,node51transit_node76source
M_node51node76_wide_t0,node51transit_node76source
C_node51node76_wide_t1,node51transit_node76source
M_node51node76_wide_t1,node51transit_node76source
C_node51node76_wide_t2,node51transit_node76source
M_node51node76_wide_t2,node51transit_node76source
C_node51node76_wide_t3,node51transit_node76source
M_node51node76_wide_t3,node51transit_node76source
C_node51node76_wide_t4,node51transit_node76source
M_node51node76_wide_t4,node51transit_node76source
C_node51node76_wide_t5,node51transit_node76source
M_node51node76_wide_t5,node51transit_node76source
C_node51node78_timber_t0,node51transit_node78source
M_node51node78_timber_t0,node51transit_node78source
U_node51node78_t0,node51transit_node78source
C_node51node78_timber_t1,node51transit_node78source
M_node51node78_timber_t1,node51transit_node78source
U_node51node78_t1,node51transit_node78source
C_node51node78_timber_t2,node51transit_node78source
M_node51node78_timber_t2,node51transit_node78source
U_node51node78_t2,node51transit_node78source
C_node51node78_timber_t3,node51transit_node78source
M_node51node78_timber_t3,node51transit_node78source
U_node51node78_t3,node51transit_node78source
C_node51node78_timber_t4,node51transit_node78source
M_node51node78_timber_t4,node51transit_node78source
U_node51node78_t4,node51transit_node78source
C_node51node78_timber_t5,node51transit_node78source
M_node51node78_timber_t5,node51transit_node78source
U_node51node78_t5,node51transit_node78source
C_node51node78_wide_t0,node51transit_node78source
M_node51node78_wide_t0,node51transit_node78source
C_node51node78_wide_t1,node51transit_node78source
M_node51node78_wide_t1,node51transit_node78source
C_node51node78_wide_t2,node51transit_node78source
M_node51node78_wide_t2,node51transit_node78source
C_node51node78_wide_t3,node51transit_node78source
M_node51node78_wide_t3,node51transit_node78source
C_node51node78_wide_t4,node51transit_node78source
M_node51node78_wide_t4,node51transit_node78source
C_node51node78_wide_t5,node51transit_node78source
M_node51node78_wide_t5,node51transit_node78source
C_node51node80_timber_t0,node51transit_node80source
M_node51node80_timber_t0,node51transit_node80source
U_node51node80_t0,node51transit_node80source
C_node51node80_timber_t1,node51transit_node80source
M_node51node80_timber_t1,node51transit_node80source
U_node51node80_t1,node51transit_node80source
C_node51node80_timber_t2,node51transit_node80source
M_node51node80_timber_t2,node51transit_node80source
U_node51node80_t2,node51transit_node80source
C_node51node80_timber_t3,node51transit_node80source
M_node51node80_timber_t3,node51transit_node80source
U_node51node80_t3,node51transit_node80source
C_node51node80_timber_t4,node51transit_node80source
M_node51node80_timber_t4,node51transit_node80source
U_node51node80_t4,node51transit_node80source
C_node51node80_timber_t5,node51transit_node80source
M_node51node80_timber_t5,node51transit_node80source
U_node51node80_t5,node51transit_node80source
C_node51node80_wide_t0,node51transit_node80source
M_node51node80_wide_t0,node51transit_node80source
C_node51node80_wide_t1,node51transit_node80source
M_node51node80_wide_t1,node51transit_node80source
C_node51node80_wide_t2,node51transit_node80source
M_node51node80_wide_t2,node51transit_node80source
C_node51node80_wide_t3,node51transit_node80source
M_node51node80_wide_t3,node51transit_node80source
C_node51node80_wide_t4,node51transit_node80source
M_node51node80_wide_t4,node51transit_node80source
C_node51node80_wide_t5,node51transit_node80source
M_node51node80_wide_t5,node51transit_node80source
C_node51node88_timber_t0,node51transit_node88source
M_node51node88_timber_t0,node51transit_node88source
U_node51node88_t0,node51transit_node88source
C_node51node88_timber_t1,node51transit_node88source
M_node51node88_timber_t1,node51transit_node88source
U_node51node88_t1,node51transit_node88source
C_node51node88_timber_t2,node51transit_node88source
M_node51node88_timber_t2,node51transit_node88source
U_node51node88_t2,node51transit_node88source
C_node51node88_timber_t3,node51transit_node88source
M_node51node88_timber_t3,node51transit_node88source
U_node51node88_t3,node51transit_node88source
C_node51node88_timber_t4,node51transit_node88source
M_node51node88_timber_t4,node51transit_node88source
U_node51node88_t4,node51transit_node88source
C_node51node88_timber_t5,node51transit_node88source
M_node51node88_timber_t5,node51transit_node88source
U_node51node88_t5,node51transit_node88source
C_node51node88_wide_t0,node51transit_node88source
M_node51node88_wide_t0,node51transit_node88source
C_node51node88_wide_t1,node51transit_node88source
M_node51node88_wide_t1,node51transit_node88source
C_node51node88_wide_t2,node51transit_node88source
M_node51node88_wide_t2,node51transit_node88source
C_node51node88_wide_t3,node51transit_node88source
M_node51node88_wide_t3,node51transit_node88source
C_node51node88_wide_t4,node51transit_node88source
M_node51node88_wide_t4,node51transit_node88source
C_node51node88_wide_t5,node51transit_node88source
M_node51node88_wide_t5,node51transit_node88source
C_node52node65_timber_t0,node52exit_node65exit
M_node52node65_timber_t0,node52exit_node65exit
U_node52node65_t0,node52exit_node65exit
C_node52node65_timber_t1,node52exit_node65exit
M_node52node65_timber_t1,node52exit_node65exit
U_node52node65_t1,node52exit_node65exit
C_node52node65_timber_t2,node52exit_node65exit
M_node52node65_timber_t2,node52exit_node65exit
U_node52node65_t2,node52exit_node65exit
C_node52node65_timber_t3,node52exit_node65exit
M_node52node65_timber_t3,node52exit_node65exit
U_node52node65_t3,node52exit_node65exit
C_node52node65_timber_t4,node52exit_node65exit
M_node52node65_timber_t4,node52exit_node65exit
U_node52node65_t4,node52exit_node65exit
C_node52node65_timber_t5,node52exit_node65exit
M_node52node65_timber_t5,node52exit_node65exit
U_node52node65_t5,node52exit_node65exit
C_node52node65_wide_t0,node52exit_node65exit
M_node52node65_wide_t0,node52exit_node65exit
C_node52node65_wide_t1,node52exit_node65exit
M_node52node65_wide_t1,node52exit_node65exit
C_node52node65_wide_t2,node52exit_node65exit
M_node52node65_wide_t2,node52exit_node65exit
C_node52node65_wide_t3,node52exit_node65exit
M_node52node65_wide_t3,node52exit_node65exit
C_node52node65_wide_t4,node52exit_node65exit
M_node52node65_wide_t4,node52exit_node65exit
C_node52node65_wide_t5,node52exit_node65exit
M_node52node65_wide_t5,node52exit_node65exit
C_node52node83_timber_t0,node52exit_node83source
M_node52node83_timber_t0,node52exit_node83source
U_node52node83_t0,node52exit_node83source
C_node52node83_timber_t1,node52exit_node83source
M_node52node83_timber_t1,node52exit_node83source
U_node52node83_t1,node52exit_node83source
C_node52node83_timber_t2,node52exit_node83source
M_node52node83_timber_t2,node52exit_node83source
U_node52node83_t2,node52exit_node83source
C_node52node83_timber_t3,node52exit_node83source
M_node52node83_timber_t3,node52exit_node83source
U_node52node83_t3,node52exit_node83source
C_node52node83_timber_t4,node52exit_node83source
M_node52node83_timber_t4,node52exit_node83source
U_node52node83_t4,node52exit_node83source
C_node52node83_timber_t5,node52exit_node83source
M_node52node83_timber_t5,node52exit_node83source
U_node52node83_t5,node52exit_node83source
C_node52node83_wide_t0,node52exit_node83source
M_node52node83_wide_t0,node52exit_node83source
C_node52node83_wide_t1,node52exit_node83source
M_node52node83_wide_t1,node52exit_node83source
C_node52node83_wide_t2,node52exit_node83source
M_node52node83_wide_t2,node52exit_node83source
C_node52node83_wide_t3,node52exit_node83source
M_node52node83_wide_t3,node52exit_node83source
C_node52node83_wide_t4,node52exit_node83source
M_node52node83_wide_t4,node52exit_node83source
C_node52node83_wide_t5,node52exit_node83source
M_node52node83_wide_t5,node52exit_node83source
C_node52node87_timber_t0,node52exit_node87source
M_node52node87_timber_t0,node52exit_node87source
U_node52node87_t0,node52exit_node87source
C_node52node87_timber_t1,node52exit_node87source
M_node52node87_timber_t1,node52exit_node87source
U_node52node87_t1,node52exit_node87source
C_node52node87_timber_t2,node52exit_node87source
M_node52node87_timber_t2,node52exit_node87source
U_node52node87_t2,node52exit_node87source
C_node52node87_timber_t3,node52exit_node87source
M_node52node87_timber_t3,node52exit_node87source
U_node52node87_t3,node52exit_node87source
C_node52node87_timber_t4,node52exit_node87source
M_node52node87_timber_t4,node52exit_node87source
U_node52node87_t4,node52exit_node87source
C_node52node87_timber_t5,node52exit_node87source
M_node52node87_timber_t5,node52exit_node87source
U_node52node87_t5,node52exit_node87source
C_node52node87_wide_t0,node52exit_node87source
M_node52node87_wide_t0,node52exit_node87source
C_node52node87_wide_t1,node52exit_node87source
M_node52node87_wide_t1,node52exit_node87source
C_node52node87_wide_t2,node52exit_node87source
M_node52node87_wide_t2,node52exit_node87source
C_node52node87_wide_t3,node52exit_node87source
M_node52node87_wide_t3,node52exit_node87source
C_node52node87_wide_t4,node52exit_node87source
M_node52node87_wide_t4,node52exit_node87source
C_node52node87_wide_t5,node52exit_node87source
M_node52node87_wide_t5,node52exit_node87source
C_node53node85_timber_t0,node53exit_node85source
M_node53node85_timber_t0,node53exit_node85source
U_node53node85_t0,node53exit_node85source
C_node53node85_timber_t1,node53exit_node85source
M_node53node85_timber_t1,node53exit_node85source
U_node53node85_t1,node53exit_node85source
C_node53node85_timber_t2,node53exit_node85source
M_node53node85_timber_t2,node53exit_node85source
U_node53node85_t2,node53exit_node85source
C_node53node85_timber_t3,node53exit_node85source
M_node53node85_timber_t3,node53exit_node85source
U_node53node85_t3,node53exit_node85source
C_node53node85_timber_t4,node53exit_node85source
M_node53node85_timber_t4,node53exit_node85source
U_node53node85_t4,node53exit_node85source
C_node53node85_timber_t5,node53exit_node85source
M_node53node85_timber_t5,node53exit_node85source
U_node53node85_t5,node53exit_node85source
C_node53node85_wide_t0,node53exit_node85source
M_node53node85_wide_t0,node53exit_node85source
C_node53node85_wide_t1,node53exit_node85source
M_node53node85_wide_t1,node53exit_node85source
C_node53node85_wide_t2,node53exit_node85source
M_node53node85_wide_t2,node53exit_node85source
C_node53node85_wide_t3,node53exit_node85source
M_node53node85_wide_t3,node53exit_node85source
C_node53node85_wide_t4,node53exit_node85source
M_node53node85_wide_t4,node53exit_node85source
C_node53node85_wide_t5,node53exit_node85source
M_node53node85_wide_t5,node53exit_node85source
C_node53node86_timber_t0,node53exit_node86source
M_node53node86_timber_t0,node53exit_node86source
U_node53node86_t0,node53exit_node86source
C_node53node86_timber_t1,node53exit_node86source
M_node53node86_timber_t1,node53exit_node86source
U_node53node86_t1,node53exit_node86source
C_node53node86_timber_t2,node53exit_node86source
M_node53node86_timber_t2,node53exit_node86source
U_node53node86_t2,node53exit_node86source
C_node53node86_timber_t3,node53exit_node86source
M_node53node86_timber_t3,node53exit_node86source
U_node53node86_t3,node53exit_node86source
C_node53node86_timber_t4,node53exit_node86source
M_node53node86_timber_t4,node53exit_node86source
U_node53node86_t4,node53exit_node86source
C_node53node86_timber_t5,node53exit_node86source
M_node53node86_timber_t5,node53exit_node86source
U_node53node86_t5,node53exit_node86source
C_node53node86_wide_t0,node53exit_node86source
M_node53node86_wide_t0,node53exit_node86source
C_node53node86_wide_t1,node53exit_node86source
M_node53node86_wide_t1,node53exit_node86source
C_node53node86_wide_t2,node53exit_node86source
M_node53node86_wide_t2,node53exit_node86source
C_node53node86_wide_t3,node53exit_node86source
M_node53node86_wide_t3,node53exit_node86source
C_node53node86_wide_t4,node53exit_node86source
M_node53node86_wide_t4,node53exit_node86source
C_node53node86_wide_t5,node53exit_node86source
M_node53node86_wide_t5,node53exit_node86source
C_node53node90_timber_t0,node53exit_node90source
M_node53node90_timber_t0,node53exit_node90source
U_node53node90_t0,node53exit_node90source
C_node53node90_timber_t1,node53exit_node90source
M_node53node90_timber_t1,node53exit_node90source
U_node53node90_t1,node53exit_node90source
C_node53node90_timber_t2,node53exit_node90source
M_node53node90_timber_t2,node53exit_node90source
U_node53node90_t2,node53exit_node90source
C_node53node90_timber_t3,node53exit_node90source
M_node53node90_timber_t3,node53exit_node90source
U_node53node90_t3,node53exit_node90source
C_node53node90_timber_t4,node53exit_node90source
M_node53node90_timber_t4,node53exit_node90source
U_node53node90_t4,node53exit_node90source
C_node53node90_timber_t5,node53exit_node90source
M_node53node90_timber_t5,node53exit_node90source
U_node53node90_t5,node53exit_node90source
C_node53node90_wide_t0,node53exit_node90source
M_node53node90_wide_t0,node53exit_node90source
C_node53node90_wide_t1,node53exit_node90source
M_node53node90_wide_t1,node53exit_node90source
C_node53node90_wide_t2,node53exit_node90source
M_node53node90_wide_t2,node53exit_node90source
C_node53node90_wide_t3,node53exit_node90source
M_node53node90_wide_t3,node53exit_node90source
C_node53node90_wide_t4,node53exit_node90source
M_node53node90_wide_t4,node53exit_node90source
C_node53node90_wide_t5,node53exit_node90source
M_node53node90_wide_t5,node53exit_node90source
C_node54node72_timber_t0,node54transit_node72exit
M_node54node72_timber_t0,node54transit_node72exit
U_node54node72_t0,node54transit_node72exit
C_node54node72_timber_t1,node54transit_node72exit
M_node54node72_timber_t1,node54transit_node72exit
U_node54node72_t1,node54transit_node72exit
C_node54node72_timber_t2,node54transit_node72exit
M_node54node72_timber_t2,node54transit_node72exit
U_node54node72_t2,node54transit_node72exit
C_node54node72_timber_t3,node54transit_node72exit
M_node54node72_timber_t3,node54transit_node72exit
U_node54node72_t3,node54transit_node72exit
C_node54node72_timber_t4,node54transit_node72exit
M_node54node72_timber_t4,node54transit_node72exit
U_node54node72_t4,node54transit_node72exit
C_node54node72_timber_t5,node54transit_node72exit
M_node54node72_timber_t5,node54transit_node72exit
U_node54node72_t5,node54transit_node72exit
C_node54node72_wide_t0,node54transit_node72exit
M_node54node72_wide_t0,node54transit_node72exit
C_node54node72_wide_t1,node54transit_node72exit
M_node54node72_wide_t1,node54transit_node72exit
C_node54node72_wide_t2,node54transit_node72exit
M_node54node72_wide_t2,node54transit_node72exit
C_node54node72_wide_t3,node54transit_node72exit
M_node54node72_wide_t3,node54transit_node72exit
C_node54node72_wide_t4,node54transit_node72exit
M_node54node72_wide_t4,node54transit_node72exit
C_node54node72_wide_t5,node54transit_node72exit
M_node54node72_wide_t5,node54transit_node72exit
C_node54node94_timber_t0,node54transit_node94source
M_node54node94_timber_t0,node54transit_node94source
U_node54node94_t0,node54transit_node94source
C_node54node94_timber_t1,node54transit_node94source
M_node54node94_timber_t1,node54transit_node94source
U_node54node94_t1,node54transit_node94source
C_node54node94_timber_t2,node54transit_node94source
M_node54node94_timber_t2,node54transit_node94source
U_node54node94_t2,node54transit_node94source
C_node54node94_timber_t3,node54transit_node94source
M_node54node94_timber_t3,node54transit_node94source
U_node54node94_t3,node54transit_node94source
C_node54node94_timber_t4,node54transit_node94source
M_node54node94_timber_t4,node54transit_node94source
U_node54node94_t4,node54transit_node94source
C_node54node94_timber_t5,node54transit_node94source
M_node54node94_timber_t5,node54transit_node94source
U_node54node94_t5,node54transit_node94source
C_node54node94_wide_t0,node54transit_node94source
M_node54node94_wide_t0,node54transit_node94source
C_node54node94_wide_t1,node54transit_node94source
M_node54node94_wide_t1,node54transit_node94source
C_node54node94_wide_t2,node54transit_node94source
M_node54node94_wide_t2,node54transit_node94source
C_node54node94_wide_t3,node54transit_node94source
M_node54node94_wide_t3,node54transit_node94source
C_node54node94_wide_t4,node54transit_node94source
M_node54node94_wide_t4,node54transit_node94source
C_node54node94_wide_t5,node54transit_node94source
M_node54node94_wide_t5,node54transit_node94source
C_node54node95_timber_t0,node54transit_node95source
M_node54node95_timber_t0,node54transit_node95source
U_node54node95_t0,node54transit_node95source
C_node54node95_timber_t1,node54transit_node95source
M_node54node95_timber_t1,node54transit_node95source
U_node54node95_t1,node54transit_node95source
C_node54node95_timber_t2,node54transit_node95source
M_node54node95_timber_t2,node54transit_node95source
U_node54node95_t2,node54transit_node95source
C_node54node95_timber_t3,node54transit_node95source
M_node54node95_timber_t3,node54transit_node95source
U_node54node95_t3,node54transit_node95source
C_node54node95_timber_t4,node54transit_node95source
M_node54node95_timber_t4,node54transit_node95source
U_node54node95_t4,node54transit_node95source
C_node54node95_timber_t5,node54transit_node95source
M_node54node95_timber_t5,node54transit_node95source
U_node54node95_t5,node54transit_node95source
C_node54node95_wide_t0,node54transit_node95source
M_node54node95_wide_t0,node54transit_node95source
C_node54node95_wide_t1,node54transit_node95source
M_node54node95_wide_t1,node54transit_node95source
C_node54node95_wide_t2,node54transit_node95source
M_node54node95_wide_t2,node54transit_node95source
C_node54node95_wide_t3,node54transit_node95source
M_node54node95_wide_t3,node54transit_node95source
C_node54node95_wide_t4,node54transit_node95source
M_node54node95_wide_t4,node54transit_node95source
C_node54node95_wide_t5,node54transit_node95source
M_node54node95_wide_t5,node54transit_node95source
C_node55node59_timber_t0,node55exit_node59exit
M_node55node59_timber_t0,node55exit_node59exit
U_node55node59_t0,node55exit_node59exit
C_node55node59_timber_t1,node55exit_node59exit
M_node55node59_timber_t1,node55exit_node59exit
U_node55node59_t1,node55exit_node59exit
C_node55node59_timber_t2,node55exit_node59exit
M_node55node59_timber_t2,node55exit_node59exit
U_node55node59_t2,node55exit_node59exit
C_node55node59_timber_t3,node55exit_node59exit
M_node55node59_timber_t3,node55exit_node59exit
U_node55node59_t3,node55exit_node59exit
C_node55node59_timber_t4,node55exit_node59exit
M_node55node59_timber_t4,node55exit_node59exit
U_node55node59_t4,node55exit_node59exit
C_node55node59_timber_t5,node55exit_node59exit
M_node55node59_timber_t5,node55exit_node59exit
U_node55node59_t5,node55exit_node59exit
C_node55node59_wide_t0,node55exit_node59exit
M_node55node59_wide_t0,node55exit_node59exit
C_node55node59_wide_t1,node55exit_node59exit
M_node55node59_wide_t1,node55exit_node59exit
C_node55node59_wide_t2,node55exit_node59exit
M_node55node59_wide_t2,node55exit_node59exit
C_node55node59_wide_t3,node55exit_node59exit
M_node55node59_wide_t3,node55exit_node59exit
C_node55node59_wide_t4,node55exit_node59exit
M_node55node59_wide_t4,node55exit_node59exit
C_node55node59_wide_t5,node55exit_node59exit
M_node55node59_wide_t5,node55exit_node59exit
C_node55node75_timber_t0,node55exit_node75source
M_node55node75_timber_t0,node55exit_node75source
U_node55node75_t0,node55exit_node75source
C_node55node75_timber_t1,node55exit_node75source
M_node55node75_timber_t1,node55exit_node75source
U_node55node75_t1,node55exit_node75source
C_node55node75_timber_t2,node55exit_node75source
M_node55node75_timber_t2,node55exit_node75source
U_node55node75_t2,node55exit_node75source
C_node55node75_timber_t3,node55exit_node75source
M_node55node75_timber_t3,node55exit_node75source
U_node55node75_t3,node55exit_node75source
C_node55node75_timber_t4,node55exit_node75source
M_node55node75_timber_t4,node55exit_node75source
U_node55node75_t4,node55exit_node75source
C_node55node75_timber_t5,node55exit_node75source
M_node55node75_timber_t5,node55exit_node75source
U_node55node75_t5,node55exit_node75source
C_node55node75_wide_t0,node55exit_node75source
M_node55node75_wide_t0,node55exit_node75source
C_node55node75_wide_t1,node55exit_node75source
M_node55node75_wide_t1,node55exit_node75source
C_node55node75_wide_t2,node55exit_node75source
M_node55node75_wide_t2,node55exit_node75source
C_node55node75_wide_t3,node55exit_node75source
M_node55node75_wide_t3,node55exit_node75source
C_node55node75_wide_t4,node55exit_node75source
M_node55node75_wide_t4,node55exit_node75source
C_node55node75_wide_t5,node55exit_node75source
M_node55node75_wide_t5,node55exit_node75source
C_node55node79_timber_t0,node55exit_node79source
M_node55node79_timber_t0,node55exit_node79source
U_node55node79_t0,node55exit_node79source
C_node55node79_timber_t1,node55exit_node79source
M_node55node79_timber_t1,node55exit_node79source
U_node55node79_t1,node55exit_node79source
C_node55node79_timber_t2,node55exit_node79source
M_node55node79_timber_t2,node55exit_node79source
U_node55node79_t2,node55exit_node79source
C_node55node79_timber_t3,node55exit_node79source
M_node55node79_timber_t3,node55exit_node79source
U_node55node79_t3,node55exit_node79source
C_node55node79_timber_t4,node55exit_node79source
M_node55node79_timber_t4,node55exit_node79source
U_node55node79_t4,node55exit_node79source
C_node55node79_timber_t5,node55exit_node79source
M_node55node79_timber_t5,node55exit_node79source
U_node55node79_t5,node55exit_node79source
C_node55node79_wide_t0,node55exit_node79source
M_node55node79_wide_t0,node55exit_node79source
C_node55node79_wide_t1,node55exit_node79source
M_node55node79_wide_t1,node55exit_node79source
C_node55node79_wide_t2,node55exit_node79source
M_node55node79_wide_t2,node55exit_node79source
C_node55node79_wide_t3,node55exit_node79source
M_node55node79_wide_t3,node55exit_node79source
C_node55node79_wide_t4,node55exit_node79source
M_node55node79_wide_t4,node55exit_node79source
C_node55node79_wide_t5,node55exit_node79source
M_node55node79_wide_t5,node55exit_node79source
C_node56node75_timber_t0,node56exit_node75source
M_node56node75_timber_t0,node56exit_node75source
U_node56node75_t0,node56exit_node75source
C_node56node75_timber_t1,node56exit_node75source
M_node56node75_timber_t1,node56exit_node75source
U_node56node75_t1,node56exit_node75source
C_node56node75_timber_t2,node56exit_node75source
M_node56node75_timber_t2,node56exit_node75source
U_node56node75_t2,node56exit_node75source
C_node56node75_timber_t3,node56exit_node75source
M_node56node75_timber_t3,node56exit_node75source
U_node56node75_t3,node56exit_node75source
C_node56node75_timber_t4,node56exit_node75source
M_node56node75_timber_t4,node56exit_node75source
U_node56node75_t4,node56exit_node75source
C_node56node75_timber_t5,node56exit_node75source
M_node56node75_timber_t5,node56exit_node75source
U_node56node75_t5,node56exit_node75source
C_node56node75_wide_t0,node56exit_node75source
M_node56node75_wide_t0,node56exit_node75source
C_node56node75_wide_t1,node56exit_node75source
M_node56node75_wide_t1,node56exit_node75source
C_node56node75_wide_t2,node56exit_node75source
M_node56node75_wide_t2,node56exit_node75source
C_node56node75_wide_t3,node56exit_node75source
M_node56node75_wide_t3,node56exit_node75source
C_node56node75_wide_t4,node56exit_node75source
M_node56node75_wide_t4,node56exit_node75source
C_node56node75_wide_t5,node56exit_node75source
M_node56node75_wide_t5,node56exit_node75source
C_node56node76_timber_t0,node56exit_node76source
M_node56node76_timber_t0,node56exit_node76source
U_node56node76_t0,node56exit_node76source
C_node56node76_timber_t1,node56exit_node76source
M_node56node76_timber_t1,node56exit_node76source
U_node56node76_t1,node56exit_node76source
C_node56node76_timber_t2,node56exit_node76source
M_node56node76_timber_t2,node56exit_node76source
U_node56node76_t2,node56exit_node76source
C_node56node76_timber_t3,node56exit_node76source
M_node56node76_timber_t3,node56exit_node76source
U_node56node76_t3,node56exit_node76source
C_node56node76_timber_t4,node56exit_node76source
M_node56node76_timber_t4,node56exit_node76source
U_node56node76_t4,node56exit_node76source
C_node56node76_timber_t5,node56exit_node76source
M_node56node76_timber_t5,node56exit_node76source
U_node56node76_t5,node56exit_node76source
C_node56node76_wide_t0,node56exit_node76source
M_node56node76_wide_t0,node56exit_node76source
C_node56node76_wide_t1,node56exit_node76source
M_node56node76_wide_t1,node56exit_node76source
C_node56node76_wide_t2,node56exit_node76source
M_node56node76_wide_t2,node56exit_node76source
C_node56node76_wide_t3,node56exit_node76source
M_node56node76_wide_t3,node56exit_node76source
C_node56node76_wide_t4,node56exit_node76source
M_node56node76_wide_t4,node56exit_node76source
C_node56node76_wide_t5,node56exit_node76source
M_node56node76_wide_t5,node56exit_node76source
C_node57node58_timber_t0,node57exit_node58exit
M_node57node58_timber_t0,node57exit_node58exit
U_node57node58_t0,node57exit_node58exit
C_node57node58_timber_t1,node57exit_node58exit
M_node57node58_timber_t1,node57exit_node58exit
U_node57node58_t1,node57exit_node58exit
C_node57node58_timber_t2,node57exit_node58exit
M_node57node58_timber_t2,node57exit_node58exit
U_node57node58_t2,node57exit_node58exit
C_node57node58_timber_t3,node57exit_node58exit
M_node57node58_timber_t3,node57exit_node58exit
U_node57node58_t3,node57exit_node58exit
C_node57node58_timber_t4,node57exit_node58exit
M_node57node58_timber_t4,node57exit_node58exit
U_node57node58_t4,node57exit_node58exit
C_node57node58_timber_t5,node57exit_node58exit
M_node57node58_timber_t5,node57exit_node58exit
U_node57node58_t5,node57exit_node58exit
C_node57node58_wide_t0,node57exit_node58exit
M_node57node58_wide_t0,node57exit_node58exit
C_node57node58_wide_t1,node57exit_node58exit
M_node57node58_wide_t1,node57exit_node58exit
C_node57node58_wide_t2,node57exit_node58exit
M_node57node58_wide_t2,node57exit_node58exit
C_node57node58_wide_t3,node57exit_node58exit
M_node57node58_wide_t3,node57exit_node58exit
C_node57node58_wide_t4,node57exit_node58exit
M_node57node58_wide_t4,node57exit_node58exit
C_node57node58_wide_t5,node57exit_node58exit
M_node57node58_wide_t5,node57exit_node58exit
C_node57node75_timber_t0,node57exit_node75source
M_node57node75_timber_t0,node57exit_node75source
U_node57node75_t0,node57exit_node75source
C_node57node75_timber_t1,node57exit_node75source
M_node57node75_timber_t1,node57exit_node75source
U_node57node75_t1,node57exit_node75source
C_node57node75_timber_t2,node57exit_node75source
M_node57node75_timber_t2,node57exit_node75source
U_node57node75_t2,node57exit_node75source
C_node57node75_timber_t3,node57exit_node75source
M_node57node75_timber_t3,node57exit_node75source
U_node57node75_t3,node57exit_node75source
C_node57node75_timber_t4,node57exit_node75source
M_node57node75_timber_t4,node57exit_node75source
U_node57node75_t4,node57exit_node75source
C_node57node75_timber_t5,node57exit_node75source
M_node57node75_timber_t5,node57exit_node75source
U_node57node75_t5,node57exit_node75source
C_node57node75_wide_t0,node57exit_node75source
M_node57node75_wide_t0,node57exit_node75source
C_node57node75_wide_t1,node57exit_node75source
M_node57node75_wide_t1,node57exit_node75source
C_node57node75_wide_t2,node57exit_node75source
M_node57node75_wide_t2,node57exit_node75source
C_node57node75_wide_t3,node57exit_node75source
M_node57node75_wide_t3,node57exit_node75source
C_node57node75_wide_t4,node57exit_node75source
M_node57node75_wide_t4,node57exit_node75source
C_node57node75_wide_t5,node57exit_node75source
M_node57node75_wide_t5,node57exit_node75source
C_node57node77_timber_t0,node57exit_node77source
M_node57node77_timber_t0,node57exit_node77source
U_node57node77_t0,node57exit_node77source
C_node57node77_timber_t1,node57exit_node77source
M_node57node77_timber_t1,node57exit_node77source
U_node57node77_t1,node57exit_node77source
C_node57node77_timber_t2,node57exit_node77source
M_node57node77_timber_t2,node57exit_node77source
U_node57node77_t2,node57exit_node77source
C_node57node77_timber_t3,node57exit_node77source
M_node57node77_timber_t3,node57exit_node77source
U_node57node77_t3,node57exit_node77source
C_node57node77_timber_t4,node57exit_node77source
M_node57node77_timber_t4,node57exit_node77source
U_node57node77_t4,node57exit_node77source
C_node57node77_timber_t5,node57exit_node77source
M_node57node77_timber_t5,node57exit_node77source
U_node57node77_t5,node57exit_node77source
C_node57node77_wide_t0,node57exit_node77source
M_node57node77_wide_t0,node57exit_node77source
C_node57node77_wide_t1,node57exit_node77source
M_node57node77_wide_t1,node57exit_node77source
C_node57node77_wide_t2,node57exit_node77source
M_node57node77_wide_t2,node57exit_node77source
C_node57node77_wide_t3,node57exit_node77source
M_node57node77_wide_t3,node57exit_node77source
C_node57node77_wide_t4,node57exit_node77source
M_node57node77_wide_t4,node57exit_node77source
C_node57node77_wide_t5,node57exit_node77source
M_node57node77_wide_t5,node57exit_node77source
C_node58node75_timber_t0,node58exit_node75source
M_node58node75_timber_t0,node58exit_node75source
U_node58node75_t0,node58exit_node75source
C_node58node75_timber_t1,node58exit_node75source
M_node58node75_timber_t1,node58exit_node75source
U_node58node75_t1,node58exit_node75source
C_node58node75_timber_t2,node58exit_node75source
M_node58node75_timber_t2,node58exit_node75source
U_node58node75_t2,node58exit_node75source
C_node58node75_timber_t3,node58exit_node75source
M_node58node75_timber_t3,node58exit_node75source
U_node58node75_t3,node58exit_node75source
C_node58node75_timber_t4,node58exit_node75source
M_node58node75_timber_t4,node58exit_node75source
U_node58node75_t4,node58exit_node75source
C_node58node75_timber_t5,node58exit_node75source
M_node58node75_timber_t5,node58exit_node75source
U_node58node75_t5,node58exit_node75source
C_node58node75_wide_t0,node58exit_node75source
M_node58node75_wide_t0,node58exit_node75source
C_node58node75_wide_t1,node58exit_node75source
M_node58node75_wide_t1,node58exit_node75source
C_node58node75_wide_t2,node58exit_node75source
M_node58node75_wide_t2,node58exit_node75source
C_node58node75_wide_t3,node58exit_node75source
M_node58node75_wide_t3,node58exit_node75source
C_node58node75_wide_t4,node58exit_node75source
M_node58node75_wide_t4,node58exit_node75source
C_node58node75_wide_t5,node58exit_node75source
M_node58node75_wide_t5,node58exit_node75source
C_node58node77_timber_t0,node58exit_node77source
M_node58node77_timber_t0,node58exit_node77source
U_node58node77_t0,node58exit_node77source
C_node58node77_timber_t1,node58exit_node77source
M_node58node77_timber_t1,node58exit_node77source
U_node58node77_t1,node58exit_node77source
C_node58node77_timber_t2,node58exit_node77source
M_node58node77_timber_t2,node58exit_node77source
U_node58node77_t2,node58exit_node77source
C_node58node77_timber_t3,node58exit_node77source
M_node58node77_timber_t3,node58exit_node77source
U_node58node77_t3,node58exit_node77source
C_node58node77_timber_t4,node58exit_node77source
M_node58node77_timber_t4,node58exit_node77source
U_node58node77_t4,node58exit_node77source
C_node58node77_timber_t5,node58exit_node77source
M_node58node77_timber_t5,node58exit_node77source
U_node58node77_t5,node58exit_node77source
C_node58node77_wide_t0,node58exit_node77source
M_node58node77_wide_t0,node58exit_node77source
C_node58node77_wide_t1,node58exit_node77source
M_node58node77_wide_t1,node58exit_node77source
C_node58node77_wide_t2,node58exit_node77source
M_node58node77_wide_t2,node58exit_node77source
C_node58node77_wide_t3,node58exit_node77source
M_node58node77_wide_t3,node58exit_node77source
C_node58node77_wide_t4,node58exit_node77source
M_node58node77_wide_t4,node58exit_node77source
C_node58node77_wide_t5,node58exit_node77source
M_node58node77_wide_t5,node58exit_node77source
C_node59node75_timber_t0,node59exit_node75source
M_node59node75_timber_t0,node59exit_node75source
U_node59node75_t0,node59exit_node75source
C_node59node75_timber_t1,node59exit_node75source
M_node59node75_timber_t1,node59exit_node75source
U_node59node75_t1,node59exit_node75source
C_node59node75_timber_t2,node59exit_node75source
M_node59node75_timber_t2,node59exit_node75source
U_node59node75_t2,node59exit_node75source
C_node59node75_timber_t3,node59exit_node75source
M_node59node75_timber_t3,node59exit_node75source
U_node59node75_t3,node59exit_node75source
C_node59node75_timber_t4,node59exit_node75source
M_node59node75_timber_t4,node59exit_node75source
U_node59node75_t4,node59exit_node75source
C_node59node75_timber_t5,node59exit_node75source
M_node59node75_timber_t5,node59exit_node75source
U_node59node75_t5,node59exit_node75source
C_node59node75_wide_t0,node59exit_node75source
M_node59node75_wide_t0,node59exit_node75source
C_node59node75_wide_t1,node59exit_node75source
M_node59node75_wide_t1,node59exit_node75source
C_node59node75_wide_t2,node59exit_node75source
M_node59node75_wide_t2,node59exit_node75source
C_node59node75_wide_t3,node59exit_node75source
M_node59node75_wide_t3,node59exit_node75source
C_node59node75_wide_t4,node59exit_node75source
M_node59node75_wide_t4,node59exit_node75source
C_node59node75_wide_t5,node59exit_node75source
M_node59node75_wide_t5,node59exit_node75source
C_node59node79_timber_t0,node59exit_node79source
M_node59node79_timber_t0,node59exit_node79source
U_node59node79_t0,node59exit_node79source
C_node59node79_timber_t1,node59exit_node79source
M_node59node79_timber_t1,node59exit_node79source
U_node59node79_t1,node59exit_node79source
C_node59node79_timber_t2,node59exit_node79source
M_node59node79_timber_t2,node59exit_node79source
U_node59node79_t2,node59exit_node79source
C_node59node79_timber_t3,node59exit_node79source
M_node59node79_timber_t3,node59exit_node79source
U_node59node79_t3,node59exit_node79source
C_node59node79_timber_t4,node59exit_node79source
M_node59node79_timber_t4,node59exit_node79source
U_node59node79_t4,node59exit_node79source
C_node59node79_timber_t5,node59exit_node79source
M_node59node79_timber_t5,node59exit_node79source
U_node59node79_t5,node59exit_node79source
C_node59node79_wide_t0,node59exit_node79source
M_node59node79_wide_t0,node59exit_node79source
C_node59node79_wide_t1,node59exit_node79source
M_node59node79_wide_t1,node59exit_node79source
C_node59node79_wide_t2,node59exit_node79source
M_node59node79_wide_t2,node59exit_node79source
C_node59node79_wide_t3,node59exit_node79source
M_node59node79_wide_t3,node59exit_node79source
C_node59node79_wide_t4,node59exit_node79source
M_node59node79_wide_t4,node59exit_node79source
C_node59node79_wide_t5,node59exit_node79source
M_node59node79_wide_t5,node59exit_node79source
C_node60node76_timber_t0,node60exit_node76source
M_node60node76_timber_t0,node60exit_node76source
U_node60node76_t0,node60exit_node76source
C_node60node76_timber_t1,node60exit_node76source
M_node60node76_timber_t1,node60exit_node76source
U_node60node76_t1,node60exit_node76source
C_node60node76_timber_t2,node60exit_node76source
M_node60node76_timber_t2,node60exit_node76source
U_node60node76_t2,node60exit_node76source
C_node60node76_timber_t3,node60exit_node76source
M_node60node76_timber_t3,node60exit_node76source
U_node60node76_t3,node60exit_node76source
C_node60node76_timber_t4,node60exit_node76source
M_node60node76_timber_t4,node60exit_node76source
U_node60node76_t4,node60exit_node76source
C_node60node76_timber_t5,node60exit_node76source
M_node60node76_timber_t5,node60exit_node76source
U_node60node76_t5,node60exit_node76source
C_node60node76_wide_t0,node60exit_node76source
M_node60node76_wide_t0,node60exit_node76source
C_node60node76_wide_t1,node60exit_node76source
M_node60node76_wide_t1,node60exit_node76source
C_node60node76_wide_t2,node60exit_node76source
M_node60node76_wide_t2,node60exit_node76source
C_node60node76_wide_t3,node60exit_node76source
M_node60node76_wide_t3,node60exit_node76source
C_node60node76_wide_t4,node60exit_node76source
M_node60node76_wide_t4,node60exit_node76source
C_node60node76_wide_t5,node60exit_node76source
M_node60node76_wide_t5,node60exit_node76source
C_node60node78_timber_t0,node60exit_node78source
M_node60node78_timber_t0,node60exit_node78source
U_node60node78_t0,node60exit_node78source
C_node60node78_timber_t1,node60exit_node78source
M_node60node78_timber_t1,node60exit_node78source
U_node60node78_t1,node60exit_node78source
C_node60node78_timber_t2,node60exit_node78source
M_node60node78_timber_t2,node60exit_node78source
U_node60node78_t2,node60exit_node78source
C_node60node78_timber_t3,node60exit_node78source
M_node60node78_timber_t3,node60exit_node78source
U_node60node78_t3,node60exit_node78source
C_node60node78_timber_t4,node60exit_node78source
M_node60node78_timber_t4,node60exit_node78source
U_node60node78_t4,node60exit_node78source
C_node60node78_timber_t5,node60exit_node78source
M_node60node78_timber_t5,node60exit_node78source
U_node60node78_t5,node60exit_node78source
C_node60node78_wide_t0,node60exit_node78source
M_node60node78_wide_t0,node60exit_node78source
C_node60node78_wide_t1,node60exit_node78source
M_node60node78_wide_t1,node60exit_node78source
C_node60node78_wide_t2,node60exit_node78source
M_node60node78_wide_t2,node60exit_node78source
C_node60node78_wide_t3,node60exit_node78source
M_node60node78_wide_t3,node60exit_node78source
C_node60node78_wide_t4,node60exit_node78source
M_node60node78_wide_t4,node60exit_node78source
C_node60node78_wide_t5,node60exit_node78source
M_node60node78_wide_t5,node60exit_node78source
C_node61node62_timber_t0,node61exit_node62exit
M_node61node62_timber_t0,node61exit_node62exit
U_node61node62_t0,node61exit_node62exit
C_node61node62_timber_t1,node61exit_node62exit
M_node61node62_timber_t1,node61exit_node62exit
U_node61node62_t1,node61exit_node62exit
C_node61node62_timber_t2,node61exit_node62exit
M_node61node62_timber_t2,node61exit_node62exit
U_node61node62_t2,node61exit_node62exit
C_node61node62_timber_t3,node61exit_node62exit
M_node61node62_timber_t3,node61exit_node62exit
U_node61node62_t3,node61exit_node62exit
C_node61node62_timber_t4,node61exit_node62exit
M_node61node62_timber_t4,node61exit_node62exit
U_node61node62_t4,node61exit_node62exit
C_node61node62_timber_t5,node61exit_node62exit
M_node61node62_timber_t5,node61exit_node62exit
U_node61node62_t5,node61exit_node62exit
C_node61node62_wide_t0,node61exit_node62exit
M_node61node62_wide_t0,node61exit_node62exit
C_node61node62_wide_t1,node61exit_node62exit
M_node61node62_wide_t1,node61exit_node62exit
C_node61node62_wide_t2,node61exit_node62exit
M_node61node62_wide_t2,node61exit_node62exit
C_node61node62_wide_t3,node61exit_node62exit
M_node61node62_wide_t3,node61exit_node62exit
C_node61node62_wide_t4,node61exit_node62exit
M_node61node62_wide_t4,node61exit_node62exit
C_node61node62_wide_t5,node61exit_node62exit
M_node61node62_wide_t5,node61exit_node62exit
C_node61node78_timber_t0,node61exit_node78source
M_node61node78_timber_t0,node61exit_node78source
U_node61node78_t0,node61exit_node78source
C_node61node78_timber_t1,node61exit_node78source
M_node61node78_timber_t1,node61exit_node78source
U_node61node78_t1,node61exit_node78source
C_node61node78_timber_t2,node61exit_node78source
M_node61node78_timber_t2,node61exit_node78source
U_node61node78_t2,node61exit_node78source
C_node61node78_timber_t3,node61exit_node78source
M_node61node78_timber_t3,node61exit_node78source
U_node61node78_t3,node61exit_node78source
C_node61node78_timber_t4,node61exit_node78source
M_node61node78_timber_t4,node61exit_node78source
U_node61node78_t4,node61exit_node78source
C_node61node78_timber_t5,node61exit_node78source
M_node61node78_timber_t5,node61exit_node78source
U_node61node78_t5,node61exit_node78source
C_node61node78_wide_t0,node61exit_node78source
M_node61node78_wide_t0,node61exit_node78source
C_node61node78_wide_t1,node61exit_node78source
M_node61node78_wide_t1,node61exit_node78source
C_node61node78_wide_t2,node61exit_node78source
M_node61node78_wide_t2,node61exit_node78source
C_node61node78_wide_t3,node61exit_node78source
M_node61node78_wide_t3,node61exit_node78source
C_node61node78_wide_t4,node61exit_node78source
M_node61node78_wide_t4,node61exit_node78source
C_node61node78_wide_t5,node61exit_node78source
M_node61node78_wide_t5,node61exit_node78source
C_node61node88_timber_t0,node61exit_node88source
M_node61node88_timber_t0,node61exit_node88source
U_node61node88_t0,node61exit_node88source
C_node61node88_timber_t1,node61exit_node88source
M_node61node88_timber_t1,node61exit_node88source
U_node61node88_t1,node61exit_node88source
C_node61node88_timber_t2,node61exit_node88source
M_node61node88_timber_t2,node61exit_node88source
U_node61node88_t2,node61exit_node88source
C_node61node88_timber_t3,node61exit_node88source
M_node61node88_timber_t3,node61exit_node88source
U_node61node88_t3,node61exit_node88source
C_node61node88_timber_t4,node61exit_node88source
M_node61node88_timber_t4,node61exit_node88source
U_node61node88_t4,node61exit_node88source
C_node61node88_timber_t5,node61exit_node88source
M_node61node88_timber_t5,node61exit_node88source
U_node61node88_t5,node61exit_node88source
C_node61node88_wide_t0,node61exit_node88source
M_node61node88_wide_t0,node61exit_node88source
C_node61node88_wide_t1,node61exit_node88source
M_node61node88_wide_t1,node61exit_node88source
C_node61node88_wide_t2,node61exit_node88source
M_node61node88_wide_t2,node61exit_node88source
C_node61node88_wide_t3,node61exit_node88source
M_node61node88_wide_t3,node61exit_node88source
C_node61node88_wide_t4,node61exit_node88source
M_node61node88_wide_t4,node61exit_node88source
C_node61node88_wide_t5,node61exit_node88source
M_node61node88_wide_t5,node61exit_node88source
C_node62node78_timber_t0,node62exit_node78source
M_node62node78_timber_t0,node62exit_node78source
U_node62node78_t0,node62exit_node78source
C_node62node78_timber_t1,node62exit_node78source
M_node62node78_timber_t1,node62exit_node78source
U_node62node78_t1,node62exit_node78source
C_node62node78_timber_t2,node62exit_node78source
M_node62node78_timber_t2,node62exit_node78source
U_node62node78_t2,node62exit_node78source
C_node62node78_timber_t3,node62exit_node78source
M_node62node78_timber_t3,node62exit_node78source
U_node62node78_t3,node62exit_node78source
C_node62node78_timber_t4,node62exit_node78source
M_node62node78_timber_t4,node62exit_node78source
U_node62node78_t4,node62exit_node78source
C_node62node78_timber_t5,node62exit_node78source
M_node62node78_timber_t5,node62exit_node78source
U_node62node78_t5,node62exit_node78source
C_node62node78_wide_t0,node62exit_node78source
M_node62node78_wide_t0,node62exit_node78source
C_node62node78_wide_t1,node62exit_node78source
M_node62node78_wide_t1,node62exit_node78source
C_node62node78_wide_t2,node62exit_node78source
M_node62node78_wide_t2,node62exit_node78source
C_node62node78_wide_t3,node62exit_node78source
M_node62node78_wide_t3,node62exit_node78source
C_node62node78_wide_t4,node62exit_node78source
M_node62node78_wide_t4,node62exit_node78source
C_node62node78_wide_t5,node62exit_node78source
M_node62node78_wide_t5,node62exit_node78source
C_node62node88_timber_t0,node62exit_node88source
M_node62node88_timber_t0,node62exit_node88source
U_node62node88_t0,node62exit_node88source
C_node62node88_timber_t1,node62exit_node88source
M_node62node88_timber_t1,node62exit_node88source
U_node62node88_t1,node62exit_node88source
C_node62node88_timber_t2,node62exit_node88source
M_node62node88_timber_t2,node62exit_node88source
U_node62node88_t2,node62exit_node88source
C_node62node88_timber_t3,node62exit_node88source
M_node62node88_timber_t3,node62exit_node88source
U_node62node88_t3,node62exit_node88source
C_node62node88_timber_t4,node62exit_node88source
M_node62node88_timber_t4,node62exit_node88source
U_node62node88_t4,node62exit_node88source
C_node62node88_timber_t5,node62exit_node88source
M_node62node88_timber_t5,node62exit_node88source
U_node62node88_t5,node62exit_node88source
C_node62node88_wide_t0,node62exit_node88source
M_node62node88_wide_t0,node62exit_node88source
C_node62node88_wide_t1,node62exit_node88source
M_node62node88_wide_t1,node62exit_node88source
C_node62node88_wide_t2,node62exit_node88source
M_node62node88_wide_t2,node62exit_node88source
C_node62node88_wide_t3,node62exit_node88source
M_node62node88_wide_t3,node62exit_node88source
C_node62node88_wide_t4,node62exit_node88source
M_node62node88_wide_t4,node62exit_node88source
C_node62node88_wide_t5,node62exit_node88source
M_node62node88_wide_t5,node62exit_node88source
C_node63node79_timber_t0,node63exit_node79source
M_node63node79_timber_t0,node63exit_node79source
U_node63node79_t0,node63exit_node79source
C_node63node79_timber_t1,node63exit_node79source
M_node63node79_timber_t1,node63exit_node79source
U_node63node79_t1,node63exit_node79source
C_node63node79_timber_t2,node63exit_node79source
M_node63node79_timber_t2,node63exit_node79source
U_node63node79_t2,node63exit_node79source
C_node63node79_timber_t3,node63exit_node79source
M_node63node79_timber_t3,node63exit_node79source
U_node63node79_t3,node63exit_node79source
C_node63node79_timber_t4,node63exit_node79source
M_node63node79_timber_t4,node63exit_node79source
U_node63node79_t4,node63exit_node79source
C_node63node79_timber_t5,node63exit_node79source
M_node63node79_timber_t5,node63exit_node79source
U_node63node79_t5,node63exit_node79source
C_node63node79_wide_t0,node63exit_node79source
M_node63node79_wide_t0,node63exit_node79source
C_node63node79_wide_t1,node63exit_node79source
M_node63node79_wide_t1,node63exit_node79source
C_node63node79_wide_t2,node63exit_node79source
M_node63node79_wide_t2,node63exit_node79source
C_node63node79_wide_t3,node63exit_node79source
M_node63node79_wide_t3,node63exit_node79source
C_node63node79_wide_t4,node63exit_node79source
M_node63node79_wide_t4,node63exit_node79source
C_node63node79_wide_t5,node63exit_node79source
M_node63node79_wide_t5,node63exit_node79source
C_node63node82_timber_t0,node63exit_node82source
M_node63node82_timber_t0,node63exit_node82source
U_node63node82_t0,node63exit_node82source
C_node63node82_timber_t1,node63exit_node82source
M_node63node82_timber_t1,node63exit_node82source
U_node63node82_t1,node63exit_node82source
C_node63node82_timber_t2,node63exit_node82source
M_node63node82_timber_t2,node63exit_node82source
U_node63node82_t2,node63exit_node82source
C_node63node82_timber_t3,node63exit_node82source
M_node63node82_timber_t3,node63exit_node82source
U_node63node82_t3,node63exit_node82source
C_node63node82_timber_t4,node63exit_node82source
M_node63node82_timber_t4,node63exit_node82source
U_node63node82_t4,node63exit_node82source
C_node63node82_timber_t5,node63exit_node82source
M_node63node82_timber_t5,node63exit_node82source
U_node63node82_t5,node63exit_node82source
C_node63node82_wide_t0,node63exit_node82source
M_node63node82_wide_t0,node63exit_node82source
C_node63node82_wide_t1,node63exit_node82source
M_node63node82_wide_t1,node63exit_node82source
C_node63node82_wide_t2,node63exit_node82source
M_node63node82_wide_t2,node63exit_node82source
C_node63node82_wide_t3,node63exit_node82source
M_node63node82_wide_t3,node63exit_node82source
C_node63node82_wide_t4,node63exit_node82source
M_node63node82_wide_t4,node63exit_node82source
C_node63node82_wide_t5,node63exit_node82source
M_node63node82_wide_t5,node63exit_node82source
C_node64node65_timber_t0,node64exit_node65exit
M_node64node65_timber_t0,node64exit_node65exit
U_node64node65_t0,node64exit_node65exit
C_node64node65_timber_t1,node64exit_node65exit
M_node64node65_timber_t1,node64exit_node65exit
U_node64node65_t1,node64exit_node65exit
C_node64node65_timber_t2,node64exit_node65exit
M_node64node65_timber_t2,node64exit_node65exit
U_node64node65_t2,node64exit_node65exit
C_node64node65_timber_t3,node64exit_node65exit
M_node64node65_timber_t3,node64exit_node65exit
U_node64node65_t3,node64exit_node65exit
C_node64node65_timber_t4,node64exit_node65exit
M_node64node65_timber_t4,node64exit_node65exit
U_node64node65_t4,node64exit_node65exit
C_node64node65_timber_t5,node64exit_node65exit
M_node64node65_timber_t5,node64exit_node65exit
U_node64node65_t5,node64exit_node65exit
C_node64node65_wide_t0,node64exit_node65exit
M_node64node65_wide_t0,node64exit_node65exit
C_node64node65_wide_t1,node64exit_node65exit
M_node64node65_wide_t1,node64exit_node65exit
C_node64node65_wide_t2,node64exit_node65exit
M_node64node65_wide_t2,node64exit_node65exit
C_node64node65_wide_t3,node64exit_node65exit
M_node64node65_wide_t3,node64exit_node65exit
C_node64node65_wide_t4,node64exit_node65exit
M_node64node65_wide_t4,node64exit_node65exit
C_node64node65_wide_t5,node64exit_node65exit
M_node64node65_wide_t5,node64exit_node65exit
C_node64node83_timber_t0,node64exit_node83source
M_node64node83_timber_t0,node64exit_node83source
U_node64node83_t0,node64exit_node83source
C_node64node83_timber_t1,node64exit_node83source
M_node64node83_timber_t1,node64exit_node83source
U_node64node83_t1,node64exit_node83source
C_node64node83_timber_t2,node64exit_node83source
M_node64node83_timber_t2,node64exit_node83source
U_node64node83_t2,node64exit_node83source
C_node64node83_timber_t3,node64exit_node83source
M_node64node83_timber_t3,node64exit_node83source
U_node64node83_t3,node64exit_node83source
C_node64node83_timber_t4,node64exit_node83source
M_node64node83_timber_t4,node64exit_node83source
U_node64node83_t4,node64exit_node83source
C_node64node83_timber_t5,node64exit_node83source
M_node64node83_timber_t5,node64exit_node83source
U_node64node83_t5,node64exit_node83source
C_node64node83_wide_t0,node64exit_node83source
M_node64node83_wide_t0,node64exit_node83source
C_node64node83_wide_t1,node64exit_node83source
M_node64node83_wide_t1,node64exit_node83source
C_node64node83_wide_t2,node64exit_node83source
M_node64node83_wide_t2,node64exit_node83source
C_node64node83_wide_t3,node64exit_node83source
M_node64node83_wide_t3,node64exit_node83source
C_node64node83_wide_t4,node64exit_node83source
M_node64node83_wide_t4,node64exit_node83source
C_node64node83_wide_t5,node64exit_node83source
M_node64node83_wide_t5,node64exit_node83source
C_node64node87_timber_t0,node64exit_node87source
M_node64node87_timber_t0,node64exit_node87source
U_node64node87_t0,node64exit_node87source
C_node64node87_timber_t1,node64exit_node87source
M_node64node87_timber_t1,node64exit_node87source
U_node64node87_t1,node64exit_node87source
C_node64node87_timber_t2,node64exit_node87source
M_node64node87_timber_t2,node64exit_node87source
U_node64node87_t2,node64exit_node87source
C_node64node87_timber_t3,node64exit_node87source
M_node64node87_timber_t3,node64exit_node87source
U_node64node87_t3,node64exit_node87source
C_node64node87_timber_t4,node64exit_node87source
M_node64node87_timber_t4,node64exit_node87source
U_node64node87_t4,node64exit_node87source
C_node64node87_timber_t5,node64exit_node87source
M_node64node87_timber_t5,node64exit_node87source
U_node64node87_t5,node64exit_node87source
C_node64node87_wide_t0,node64exit_node87source
M_node64node87_wide_t0,node64exit_node87source
C_node64node87_wide_t1,node64exit_node87source
M_node64node87_wide_t1,node64exit_node87source
C_node64node87_wide_t2,node64exit_node87source
M_node64node87_wide_t2,node64exit_node87source
C_node64node87_wide_t3,node64exit_node87source
M_node64node87_wide_t3,node64exit_node87source
C_node64node87_wide_t4,node64exit_node87source
M_node64node87_wide_t4,node64exit_node87source
C_node64node87_wide_t5,node64exit_node87source
M_node64node87_wide_t5,node64exit_node87source
C_node65node83_timber_t0,node65exit_node83source
M_node65node83_timber_t0,node65exit_node83source
U_node65node83_t0,node65exit_node83source
C_node65node83_timber_t1,node65exit_node83source
M_node65node83_timber_t1,node65exit_node83source
U_node65node83_t1,node65exit_node83source
C_node65node83_timber_t2,node65exit_node83source
M_node65node83_timber_t2,node65exit_node83source
U_node65node83_t2,node65exit_node83source
C_node65node83_timber_t3,node65exit_node83source
M_node65node83_timber_t3,node65exit_node83source
U_node65node83_t3,node65exit_node83source
C_node65node83_timber_t4,node65exit_node83source
M_node65node83_timber_t4,node65exit_node83source
U_node65node83_t4,node65exit_node83source
C_node65node83_timber_t5,node65exit_node83source
M_node65node83_timber_t5,node65exit_node83source
U_node65node83_t5,node65exit_node83source
C_node65node83_wide_t0,node65exit_node83source
M_node65node83_wide_t0,node65exit_node83source
C_node65node83_wide_t1,node65exit_node83source
M_node65node83_wide_t1,node65exit_node83source
C_node65node83_wide_t2,node65exit_node83source
M_node65node83_wide_t2,node65exit_node83source
C_node65node83_wide_t3,node65exit_node83source
M_node65node83_wide_t3,node65exit_node83source
C_node65node83_wide_t4,node65exit_node83source
M_node65node83_wide_t4,node65exit_node83source
C_node65node83_wide_t5,node65exit_node83source
M_node65node83_wide_t5,node65exit_node83source
C_node65node87_timber_t0,node65exit_node87source
M_node65node87_timber_t0,node65exit_node87source
U_node65node87_t0,node65exit_node87source
C_node65node87_timber_t1,node65exit_node87source
M_node65node87_timber_t1,node65exit_node87source
U_node65node87_t1,node65exit_node87source
C_node65node87_timber_t2,node65exit_node87source
M_node65node87_timber_t2,node65exit_node87source
U_node65node87_t2,node65exit_node87source
C_node65node87_timber_t3,node65exit_node87source
M_node65node87_timber_t3,node65exit_node87source
U_node65node87_t3,node65exit_node87source
C_node65node87_timber_t4,node65exit_node87source
M_node65node87_timber_t4,node65exit_node87source
U_node65node87_t4,node65exit_node87source
C_node65node87_timber_t5,node65exit_node87source
M_node65node87_timber_t5,node65exit_node87source
U_node65node87_t5,node65exit_node87source
C_node65node87_wide_t0,node65exit_node87source
M_node65node87_wide_t0,node65exit_node87source
C_node65node87_wide_t1,node65exit_node87source
M_node65node87_wide_t1,node65exit_node87source
C_node65node87_wide_t2,node65exit_node87source
M_node65node87_wide_t2,node65exit_node87source
C_node65node87_wide_t3,node65exit_node87source
M_node65node87_wide_t3,node65exit_node87source
C_node65node87_wide_t4,node65exit_node87source
M_node65node87_wide_t4,node65exit_node87source
C_node65node87_wide_t5,node65exit_node87source
M_node65node87_wide_t5,node65exit_node87source
C_node66node84_timber_t0,node66exit_node84source
M_node66node84_timber_t0,node66exit_node84source
U_node66node84_t0,node66exit_node84source
C_node66node84_timber_t1,node66exit_node84source
M_node66node84_timber_t1,node66exit_node84source
U_node66node84_t1,node66exit_node84source
C_node66node84_timber_t2,node66exit_node84source
M_node66node84_timber_t2,node66exit_node84source
U_node66node84_t2,node66exit_node84source
C_node66node84_timber_t3,node66exit_node84source
M_node66node84_timber_t3,node66exit_node84source
U_node66node84_t3,node66exit_node84source
C_node66node84_timber_t4,node66exit_node84source
M_node66node84_timber_t4,node66exit_node84source
U_node66node84_t4,node66exit_node84source
C_node66node84_timber_t5,node66exit_node84source
M_node66node84_timber_t5,node66exit_node84source
U_node66node84_t5,node66exit_node84source
C_node66node84_wide_t0,node66exit_node84source
M_node66node84_wide_t0,node66exit_node84source
C_node66node84_wide_t1,node66exit_node84source
M_node66node84_wide_t1,node66exit_node84source
C_node66node84_wide_t2,node66exit_node84source
M_node66node84_wide_t2,node66exit_node84source
C_node66node84_wide_t3,node66exit_node84source
M_node66node84_wide_t3,node66exit_node84source
C_node66node84_wide_t4,node66exit_node84source
M_node66node84_wide_t4,node66exit_node84source
C_node66node84_wide_t5,node66exit_node84source
M_node66node84_wide_t5,node66exit_node84source
C_node66node91_timber_t0,node66exit_node91source
M_node66node91_timber_t0,node66exit_node91source
U_node66node91_t0,node66exit_node91source
C_node66node91_timber_t1,node66exit_node91source
M_node66node91_timber_t1,node66exit_node91source
U_node66node91_t1,node66exit_node91source
C_node66node91_timber_t2,node66exit_node91source
M_node66node91_timber_t2,node66exit_node91source
U_node66node91_t2,node66exit_node91source
C_node66node91_timber_t3,node66exit_node91source
M_node66node91_timber_t3,node66exit_node91source
U_node66node91_t3,node66exit_node91source
C_node66node91_timber_t4,node66exit_node91source
M_node66node91_timber_t4,node66exit_node91source
U_node66node91_t4,node66exit_node91source
C_node66node91_timber_t5,node66exit_node91source
M_node66node91_timber_t5,node66exit_node91source
U_node66node91_t5,node66exit_node91source
C_node66node91_wide_t0,node66exit_node91source
M_node66node91_wide_t0,node66exit_node91source
C_node66node91_wide_t1,node66exit_node91source
M_node66node91_wide_t1,node66exit_node91source
C_node66node91_wide_t2,node66exit_node91source
M_node66node91_wide_t2,node66exit_node91source
C_node66node91_wide_t3,node66exit_node91source
M_node66node91_wide_t3,node66exit_node91source
C_node66node91_wide_t4,node66exit_node91source
M_node66node91_wide_t4,node66exit_node91source
C_node66node91_wide_t5,node66exit_node91source
M_node66node91_wide_t5,node66exit_node91source
C_node67node88_timber_t0,node67exit_node88source
M_node67node88_timber_t0,node67exit_node88source
U_node67node88_t0,node67exit_node88source
C_node67node88_timber_t1,node67exit_node88source
M_node67node88_timber_t1,node67exit_node88source
U_node67node88_t1,node67exit_node88source
C_node67node88_timber_t2,node67exit_node88source
M_node67node88_timber_t2,node67exit_node88source
U_node67node88_t2,node67exit_node88source
C_node67node88_timber_t3,node67exit_node88source
M_node67node88_timber_t3,node67exit_node88source
U_node67node88_t3,node67exit_node88source
C_node67node88_timber_t4,node67exit_node88source
M_node67node88_timber_t4,node67exit_node88source
U_node67node88_t4,node67exit_node88source
C_node67node88_timber_t5,node67exit_node88source
M_node67node88_timber_t5,node67exit_node88source
U_node67node88_t5,node67exit_node88source
C_node67node88_wide_t0,node67exit_node88source
M_node67node88_wide_t0,node67exit_node88source
C_node67node88_wide_t1,node67exit_node88source
M_node67node88_wide_t1,node67exit_node88source
C_node67node88_wide_t2,node67exit_node88source
M_node67node88_wide_t2,node67exit_node88source
C_node67node88_wide_t3,node67exit_node88source
M_node67node88_wide_t3,node67exit_node88source
C_node67node88_wide_t4,node67exit_node88source
M_node67node88_wide_t4,node67exit_node88source
C_node67node88_wide_t5,node67exit_node88source
M_node67node88_wide_t5,node67exit_node88source
C_node67node93_timber_t0,node67exit_node93source
M_node67node93_timber_t0,node67exit_node93source
U_node67node93_t0,node67exit_node93source
C_node67node93_timber_t1,node67exit_node93source
M_node67node93_timber_t1,node67exit_node93source
U_node67node93_t1,node67exit_node93source
C_node67node93_timber_t2,node67exit_node93source
M_node67node93_timber_t2,node67exit_node93source
U_node67node93_t2,node67exit_node93source
C_node67node93_timber_t3,node67exit_node93source
M_node67node93_timber_t3,node67exit_node93source
U_node67node93_t3,node67exit_node93source
C_node67node93_timber_t4,node67exit_node93source
M_node67node93_timber_t4,node67exit_node93source
U_node67node93_t4,node67exit_node93source
C_node67node93_timber_t5,node67exit_node93source
M_node67node93_timber_t5,node67exit_node93source
U_node67node93_t5,node67exit_node93source
C_node67node93_wide_t0,node67exit_node93source
M_node67node93_wide_t0,node67exit_node93source
C_node67node93_wide_t1,node67exit_node93source
M_node67node93_wide_t1,node67exit_node93source
C_node67node93_wide_t2,node67exit_node93source
M_node67node93_wide_t2,node67exit_node93source
C_node67node93_wide_t3,node67exit_node93source
M_node67node93_wide_t3,node67exit_node93source
C_node67node93_wide_t4,node67exit_node93source
M_node67node93_wide_t4,node67exit_node93source
C_node67node93_wide_t5,node67exit_node93source
M_node67node93_wide_t5,node67exit_node93source
C_node68node70_timber_t0,node68exit_node70exit
M_node68node70_timber_t0,node68exit_node70exit
U_node68node70_t0,node68exit_node70exit
C_node68node70_timber_t1,node68exit_node70exit
M_node68node70_timber_t1,node68exit_node70exit
U_node68node70_t1,node68exit_node70exit
C_node68node70_timber_t2,node68exit_node70exit
M_node68node70_timber_t2,node68exit_node70exit
U_node68node70_t2,node68exit_node70exit
C_node68node70_timber_t3,node68exit_node70exit
M_node68node70_timber_t3,node68exit_node70exit
U_node68node70_t3,node68exit_node70exit
C_node68node70_timber_t4,node68exit_node70exit
M_node68node70_timber_t4,node68exit_node70exit
U_node68node70_t4,node68exit_node70exit
C_node68node70_timber_t5,node68exit_node70exit
M_node68node70_timber_t5,node68exit_node70exit
U_node68node70_t5,node68exit_node70exit
C_node68node70_wide_t0,node68exit_node70exit
M_node68node70_wide_t0,node68exit_node70exit
C_node68node70_wide_t1,node68exit_node70exit
M_node68node70_wide_t1,node68exit_node70exit
C_node68node70_wide_t2,node68exit_node70exit
M_node68node70_wide_t2,node68exit_node70exit
C_node68node70_wide_t3,node68exit_node70exit
M_node68node70_wide_t3,node68exit_node70exit
C_node68node70_wide_t4,node68exit_node70exit
M_node68node70_wide_t4,node68exit_node70exit
C_node68node70_wide_t5,node68exit_node70exit
M_node68node70_wide_t5,node68exit_node70exit
C_node68node88_timber_t0,node68exit_node88source
M_node68node88_timber_t0,node68exit_node88source
U_node68node88_t0,node68exit_node88source
C_node68node88_timber_t1,node68exit_node88source
M_node68node88_timber_t1,node68exit_node88source
U_node68node88_t1,node68exit_node88source
C_node68node88_timber_t2,node68exit_node88source
M_node68node88_timber_t2,node68exit_node88source
U_node68node88_t2,node68exit_node88source
C_node68node88_timber_t3,node68exit_node88source
M_node68node88_timber_t3,node68exit_node88source
U_node68node88_t3,node68exit_node88source
C_node68node88_timber_t4,node68exit_node88source
M_node68node88_timber_t4,node68exit_node88source
U_node68node88_t4,node68exit_node88source
C_node68node88_timber_t5,node68exit_node88source
M_node68node88_timber_t5,node68exit_node88source
U_node68node88_t5,node68exit_node88source
C_node68node88_wide_t0,node68exit_node88source
M_node68node88_wide_t0,node68exit_node88source
C_node68node88_wide_t1,node68exit_node88source
M_node68node88_wide_t1,node68exit_node88source
C_node68node88_wide_t2,node68exit_node88source
M_node68node88_wide_t2,node68exit_node88source
C_node68node88_wide_t3,node68exit_node88source
M_node68node88_wide_t3,node68exit_node88source
C_node68node88_wide_t4,node68exit_node88source
M_node68node88_wide_t4,node68exit_node88source
C_node68node88_wide_t5,node68exit_node88source
M_node68node88_wide_t5,node68exit_node88source
C_node68node94_timber_t0,node68exit_node94source
M_node68node94_timber_t0,node68exit_node94source
U_node68node94_t0,node68exit_node94source
C_node68node94_timber_t1,node68exit_node94source
M_node68node94_timber_t1,node68exit_node94source
U_node68node94_t1,node68exit_node94source
C_node68node94_timber_t2,node68exit_node94source
M_node68node94_timber_t2,node68exit_node94source
U_node68node94_t2,node68exit_node94source
C_node68node94_timber_t3,node68exit_node94source
M_node68node94_timber_t3,node68exit_node94source
U_node68node94_t3,node68exit_node94source
C_node68node94_timber_t4,node68exit_node94source
M_node68node94_timber_t4,node68exit_node94source
U_node68node94_t4,node68exit_node94source
C_node68node94_timber_t5,node68exit_node94source
M_node68node94_timber_t5,node68exit_node94source
U_node68node94_t5,node68exit_node94source
C_node68node94_wide_t0,node68exit_node94source
M_node68node94_wide_t0,node68exit_node94source
C_node68node94_wide_t1,node68exit_node94source
M_node68node94_wide_t1,node68exit_node94source
C_node68node94_wide_t2,node68exit_node94source
M_node68node94_wide_t2,node68exit_node94source
C_node68node94_wide_t3,node68exit_node94source
M_node68node94_wide_t3,node68exit_node94source
C_node68node94_wide_t4,node68exit_node94source
M_node68node94_wide_t4,node68exit_node94source
C_node68node94_wide_t5,node68exit_node94source
M_node68node94_wide_t5,node68exit_node94source
C_node69node71_timber_t0,node69exit_node71exit
M_node69node71_timber_t0,node69exit_node71exit
U_node69node71_t0,node69exit_node71exit
C_node69node71_timber_t1,node69exit_node71exit
M_node69node71_timber_t1,node69exit_node71exit
U_node69node71_t1,node69exit_node71exit
C_node69node71_timber_t2,node69exit_node71exit
M_node69node71_timber_t2,node69exit_node71exit
U_node69node71_t2,node69exit_node71exit
C_node69node71_timber_t3,node69exit_node71exit
M_node69node71_timber_t3,node69exit_node71exit
U_node69node71_t3,node69exit_node71exit
C_node69node71_timber_t4,node69exit_node71exit
M_node69node71_timber_t4,node69exit_node71exit
U_node69node71_t4,node69exit_node71exit
C_node69node71_timber_t5,node69exit_node71exit
M_node69node71_timber_t5,node69exit_node71exit
U_node69node71_t5,node69exit_node71exit
C_node69node71_wide_t0,node69exit_node71exit
M_node69node71_wide_t0,node69exit_node71exit
C_node69node71_wide_t1,node69exit_node71exit
M_node69node71_wide_t1,node69exit_node71exit
C_node69node71_wide_t2,node69exit_node71exit
M_node69node71_wide_t2,node69exit_node71exit
C_node69node71_wide_t3,node69exit_node71exit
M_node69node71_wide_t3,node69exit_node71exit
C_node69node71_wide_t4,node69exit_node71exit
M_node69node71_wide_t4,node69exit_node71exit
C_node69node71_wide_t5,node69exit_node71exit
M_node69node71_wide_t5,node69exit_node71exit
C_node69node88_timber_t0,node69exit_node88source
M_node69node88_timber_t0,node69exit_node88source
U_node69node88_t0,node69exit_node88source
C_node69node88_timber_t1,node69exit_node88source
M_node69node88_timber_t1,node69exit_node88source
U_node69node88_t1,node69exit_node88source
C_node69node88_timber_t2,node69exit_node88source
M_node69node88_timber_t2,node69exit_node88source
U_node69node88_t2,node69exit_node88source
C_node69node88_timber_t3,node69exit_node88source
M_node69node88_timber_t3,node69exit_node88source
U_node69node88_t3,node69exit_node88source
C_node69node88_timber_t4,node69exit_node88source
M_node69node88_timber_t4,node69exit_node88source
U_node69node88_t4,node69exit_node88source
C_node69node88_timber_t5,node69exit_node88source
M_node69node88_timber_t5,node69exit_node88source
U_node69node88_t5,node69exit_node88source
C_node69node88_wide_t0,node69exit_node88source
M_node69node88_wide_t0,node69exit_node88source
C_node69node88_wide_t1,node69exit_node88source
M_node69node88_wide_t1,node69exit_node88source
C_node69node88_wide_t2,node69exit_node88source
M_node69node88_wide_t2,node69exit_node88source
C_node69node88_wide_t3,node69exit_node88source
M_node69node88_wide_t3,node69exit_node88source
C_node69node88_wide_t4,node69exit_node88source
M_node69node88_wide_t4,node69exit_node88source
C_node69node88_wide_t5,node69exit_node88source
M_node69node88_wide_t5,node69exit_node88source
C_node69node93_timber_t0,node69exit_node93source
M_node69node93_timber_t0,node69exit_node93source
U_node69node93_t0,node69exit_node93source
C_node69node93_timber_t1,node69exit_node93source
M_node69node93_timber_t1,node69exit_node93source
U_node69node93_t1,node69exit_node93source
C_node69node93_timber_t2,node69exit_node93source
M_node69node93_timber_t2,node69exit_node93source
U_node69node93_t2,node69exit_node93source
C_node69node93_timber_t3,node69exit_node93source
M_node69node93_timber_t3,node69exit_node93source
U_node69node93_t3,node69exit_node93source
C_node69node93_timber_t4,node69exit_node93source
M_node69node93_timber_t4,node69exit_node93source
U_node69node93_t4,node69exit_node93source
C_node69node93_timber_t5,node69exit_node93source
M_node69node93_timber_t5,node69exit_node93source
U_node69node93_t5,node69exit_node93source
C_node69node93_wide_t0,node69exit_node93source
M_node69node93_wide_t0,node69exit_node93source
C_node69node93_wide_t1,node69exit_node93source
M_node69node93_wide_t1,node69exit_node93source
C_node69node93_wide_t2,node69exit_node93source
M_node69node93_wide_t2,node69exit_node93source
C_node69node93_wide_t3,node69exit_node93source
M_node69node93_wide_t3,node69exit_node93source
C_node69node93_wide_t4,node69exit_node93source
M_node69node93_wide_t4,node69exit_node93source
C_node69node93_wide_t5,node69exit_node93source
M_node69node93_wide_t5,node69exit_node93source
C_node70node88_timber_t0,node70exit_node88source
M_node70node88_timber_t0,node70exit_node88source
U_node70node88_t0,node70exit_node88source
C_node70node88_timber_t1,node70exit_node88source
M_node70node88_timber_t1,node70exit_node88source
U_node70node88_t1,node70exit_node88source
C_node70node88_timber_t2,node70exit_node88source
M_node70node88_timber_t2,node70exit_node88source
U_node70node88_t2,node70exit_node88source
C_node70node88_timber_t3,node70exit_node88source
M_node70node88_timber_t3,node70exit_node88source
U_node70node88_t3,node70exit_node88source
C_node70node88_timber_t4,node70exit_node88source
M_node70node88_timber_t4,node70exit_node88source
U_node70node88_t4,node70exit_node88source
C_node70node88_timber_t5,node70exit_node88source
M_node70node88_timber_t5,node70exit_node88source
U_node70node88_t5,node70exit_node88source
C_node70node88_wide_t0,node70exit_node88source
M_node70node88_wide_t0,node70exit_node88source
C_node70node88_wide_t1,node70exit_node88source
M_node70node88_wide_t1,node70exit_node88source
C_node70node88_wide_t2,node70exit_node88source
M_node70node88_wide_t2,node70exit_node88source
C_node70node88_wide_t3,node70exit_node88source
M_node70node88_wide_t3,node70exit_node88source
C_node70node88_wide_t4,node70exit_node88source
M_node70node88_wide_t4,node70exit_node88source
C_node70node88_wide_t5,node70exit_node88source
M_node70node88_wide_t5,node70exit_node88source
C_node70node94_timber_t0,node70exit_node94source
M_node70node94_timber_t0,node70exit_node94source
U_node70node94_t0,node70exit_node94source
C_node70node94_timber_t1,node70exit_node94source
M_node70node94_timber_t1,node70exit_node94source
U_node70node94_t1,node70exit_node94source
C_node70node94_timber_t2,node70exit_node94source
M_node70node94_timber_t2,node70exit_node94source
U_node70node94_t2,node70exit_node94source
C_node70node94_timber_t3,node70exit_node94source
M_node70node94_timber_t3,node70exit_node94source
U_node70node94_t3,node70exit_node94source
C_node70node94_timber_t4,node70exit_node94source
M_node70node94_timber_t4,node70exit_node94source
U_node70node94_t4,node70exit_node94source
C_node70node94_timber_t5,node70exit_node94source
M_node70node94_timber_t5,node70exit_node94source
U_node70node94_t5,node70exit_node94source
C_node70node94_wide_t0,node70exit_node94source
M_node70node94_wide_t0,node70exit_node94source
C_node70node94_wide_t1,node70exit_node94source
M_node70node94_wide_t1,node70exit_node94source
C_node70node94_wide_t2,node70exit_node94source
M_node70node94_wide_t2,node70exit_node94source
C_node70node94_wide_t3,node70exit_node94source
M_node70node94_wide_t3,node70exit_node94source
C_node70node94_wide_t4,node70exit_node94source
M_node70node94_wide_t4,node70exit_node94source
C_node70node94_wide_t5,node70exit_node94source
M_node70node94_wide_t5,node70exit_node94source
C_node71node88_timber_t0,node71exit_node88source
M_node71node88_timber_t0,node71exit_node88source
U_node71node88_t0,node71exit_node88source
C_node71node88_timber_t1,node71exit_node88source
M_node71node88_timber_t1,node71exit_node88source
U_node71node88_t1,node71exit_node88source
C_node71node88_timber_t2,node71exit_node88source
M_node71node88_timber_t2,node71exit_node88source
U_node71node88_t2,node71exit_node88source
C_node71node88_timber_t3,node71exit_node88source
M_node71node88_timber_t3,node71exit_node88source
U_node71node88_t3,node71exit_node88source
C_node71node88_timber_t4,node71exit_node88source
M_node71node88_timber_t4,node71exit_node88source
U_node71node88_t4,node71exit_node88source
C_node71node88_timber_t5,node71exit_node88source
M_node71node88_timber_t5,node71exit_node88source
U_node71node88_t5,node71exit_node88source
C_node71node88_wide_t0,node71exit_node88source
M_node71node88_wide_t0,node71exit_node88source
C_node71node88_wide_t1,node71exit_node88source
M_node71node88_wide_t1,node71exit_node88source
C_node71node88_wide_t2,node71exit_node88source
M_node71node88_wide_t2,node71exit_node88source
C_node71node88_wide_t3,node71exit_node88source
M_node71node88_wide_t3,node71exit_node88source
C_node71node88_wide_t4,node71exit_node88source
M_node71node88_wide_t4,node71exit_node88source
C_node71node88_wide_t5,node71exit_node88source
M_node71node88_wide_t5,node71exit_node88source
C_node71node93_timber_t0,node71exit_node93source
M_node71node93_timber_t0,node71exit_node93source
U_node71node93_t0,node71exit_node93source
C_node71node93_timber_t1,node71exit_node93source
M_node71node93_timber_t1,node71exit_node93source
U_node71node93_t1,node71exit_node93source
C_node71node93_timber_t2,node71exit_node93source
M_node71node93_timber_t2,node71exit_node93source
U_node71node93_t2,node71exit_node93source
C_node71node93_timber_t3,node71exit_node93source
M_node71node93_timber_t3,node71exit_node93source
U_node71node93_t3,node71exit_node93source
C_node71node93_timber_t4,node71exit_node93source
M_node71node93_timber_t4,node71exit_node93source
U_node71node93_t4,node71exit_node93source
C_node71node93_timber_t5,node71exit_node93source
M_node71node93_timber_t5,node71exit_node93source
U_node71node93_t5,node71exit_node93source
C_node71node93_wide_t0,node71exit_node93source
M_node71node93_wide_t0,node71exit_node93source
C_node71node93_wide_t1,node71exit_node93source
M_node71node93_wide_t1,node71exit_node93source
C_node71node93_wide_t2,node71exit_node93source
M_node71node93_wide_t2,node71exit_node93source
C_node71node93_wide_t3,node71exit_node93source
M_node71node93_wide_t3,node71exit_node93source
C_node71node93_wide_t4,node71exit_node93source
M_node71node93_wide_t4,node71exit_node93source
C_node71node93_wide_t5,node71exit_node93source
M_node71node93_wide_t5,node71exit_node93source
C_node72node94_timber_t0,node72exit_node94source
M_node72node94_timber_t0,node72exit_node94source
U_node72node94_t0,node72exit_node94source
C_node72node94_timber_t1,node72exit_node94source
M_node72node94_timber_t1,node72exit_node94source
U_node72node94_t1,node72exit_node94source
C_node72node94_timber_t2,node72exit_node94source
M_node72node94_timber_t2,node72exit_node94source
U_node72node94_t2,node72exit_node94source
C_node72node94_timber_t3,node72exit_node94source
M_node72node94_timber_t3,node72exit_node94source
U_node72node94_t3,node72exit_node94source
C_node72node94_timber_t4,node72exit_node94source
M_node72node94_timber_t4,node72exit_node94source
U_node72node94_t4,node72exit_node94source
C_node72node94_timber_t5,node72exit_node94source
M_node72node94_timber_t5,node72exit_node94source
U_node72node94_t5,node72exit_node94source
C_node72node94_wide_t0,node72exit_node94source
M_node72node94_wide_t0,node72exit_node94source
C_node72node94_wide_t1,node72exit_node94source
M_node72node94_wide_t1,node72exit_node94source
C_node72node94_wide_t2,node72exit_node94source
M_node72node94_wide_t2,node72exit_node94source
C_node72node94_wide_t3,node72exit_node94source
M_node72node94_wide_t3,node72exit_node94source
C_node72node94_wide_t4,node72exit_node94source
M_node72node94_wide_t4,node72exit_node94source
C_node72node94_wide_t5,node72exit_node94source
M_node72node94_wide_t5,node72exit_node94source
flow_timber_node1node70_t1,node1transit_node70exit
flow_timber_node1node70_t2,node1transit_node70exit
flow_timber_node1node70_t3,node1transit_node70exit
flow_timber_node1node70_t4,node1transit_node70exit
flow_timber_node1node70_t5,node1transit_node70exit
flow_wide_node1node70_t1,node1transit_node70exit
flow_wide_node1node70_t2,node1transit_node70exit
flow_wide_node1node70_t3,node1transit_node70exit
flow_wide_node1node70_t4,node1transit_node70exit
flow_wide_node1node70_t5,node1transit_node70exit
flow_timber_node1node40_t1,node1transit_node40exit
flow_timber_node1node40_t2,node1transit_node40exit
flow_timber_node1node40_t3,node1transit_node40exit
flow_timber_node1node40_t4,node1transit_node40exit
flow_timber_node1node40_t5,node1transit_node40exit
flow_wide_node1node40_t1,node1transit_node40exit
flow_wide_node1node40_t2,node1transit_node40exit
flow_wide_node1node40_t3,node1transit_node40exit
flow_wide_node1node40_t4,node1transit_node40exit
flow_wide_node1node40_t5,node1transit_node40exit
flow_timber_node1node8_t1,node1transit_node8exit
flow_timber_node1node8_t2,node1transit_node8exit
flow_timber_node1node8_t3,node1transit_node8exit
flow_timber_node1node8_t4,node1transit_node8exit
flow_timber_node1node8_t5,node1transit_node8exit
flow_wide_node1node8_t1,node1transit_node8exit
flow_wide_node1node8_t2,node1transit_node8exit
flow_wide_node1node8_t3,node1transit_node8exit
flow_wide_node1node8_t4,node1transit_node8exit
flow_wide_node1node8_t5,node1transit_node8exit
flow_timber_node1node88_t1,node1transit_node88source
flow_timber_node1node88_t2,node1transit_node88source
flow_timber_node1node88_t3,node1transit_node88source
flow_timber_node1node88_t4,node1transit_node88source
flow_timber_node1node88_t5,node1transit_node88source
flow_wide_node1node88_t1,node1transit_node88source
flow_wide_node1node88_t2,node1transit_node88source
flow_wide_node1node88_t3,node1transit_node88source
flow_wide_node1node88_t4,node1transit_node88source
flow_wide_node1node88_t5,node1transit_node88source
flow_timber_node1node91_t1,node1transit_node91source
flow_timber_node1node91_t2,node1transit_node91source
flow_timber_node1node91_t3,node1transit_node91source
flow_timber_node1node91_t4,node1transit_node91source
flow_timber_node1node91_t5,node1transit_node91source
flow_wide_node1node91_t1,node1transit_node91source
flow_wide_node1node91_t2,node1transit_node91source
flow_wide_node1node91_t3,node1transit_node91source
flow_wide_node1node91_t4,node1transit_node91source
flow_wide_node1node91_t5,node1transit_node91source
flow_timber_node1node94_t1,node1transit_node94source
flow_timber_node1node94_t2,node1transit_node94source
flow_timber_node1node94_t3,node1transit_node94source
flow_timber_node1node94_t4,node1transit_node94source
flow_timber_node1node94_t5,node1transit_node94source
flow_wide_node1node94_t1,node1transit_node94source
flow_wide_node1node94_t2,node1transit_node94source
flow_wide_node1node94_t3,node1transit_node94source
flow_wide_node1node94_t4,node1transit_node94source
flow_wide_node1node94_t5,node1transit_node94source
flow_timber_node70node1_t1,node70exit_node1transit
flow_timber_node70node1_t2,node70exit_node1transit
flow_timber_node70node1_t3,node70exit_node1transit
flow_timber_node70node1_t4,node70exit_node1transit
flow_timber_node70node1_t5,node70exit_node1transit
flow_wide_node70node1_t1,node70exit_node1transit
flow_wide_node70node1_t2,node70exit_node1transit
flow_wide_node70node1_t3,node70exit_node1transit
flow_wide_node70node1_t4,node70exit_node1transit
flow_wide_node70node1_t5,node70exit_node1transit
flow_timber_node70node68_t1,node70exit_node68exit
flow_timber_node70node68_t2,node70exit_node68exit
flow_timber_node70node68_t3,node70exit_node68exit
flow_timber_node70node68_t4,node70exit_node68exit
flow_timber_node70node68_t5,node70exit_node68exit
flow_wide_node70node68_t1,node70exit_node68exit
flow_wide_node70node68_t2,node70exit_node68exit
flow_wide_node70node68_t3,node70exit_node68exit
flow_wide_node70node68_t4,node70exit_node68exit
flow_wide_node70node68_t5,node70exit_node68exit
flow_timber_node70node88_t1,node70exit_node88source
flow_timber_node70node88_t2,node70exit_node88source
flow_timber_node70node88_t3,node70exit_node88source
flow_timber_node70node88_t4,node70exit_node88source
flow_timber_node70node88_t5,node70exit_node88source
flow_wide_node70node88_t1,node70exit_node88source
flow_wide_node70node88_t2,node70exit_node88source
flow_wide_node70node88_t3,node70exit_node88source
flow_wide_node70node88_t4,node70exit_node88source
flow_wide_node70node88_t5,node70exit_node88source
flow_timber_node70node94_t1,node70exit_node94source
flow_timber_node70node94_t2,node70exit_node94source
flow_timber_node70node94_t3,node70exit_node94source
flow_timber_node70node94_t4,node70exit_node94source
flow_timber_node70node94_t5,node70exit_node94source
flow_wide_node70node94_t1,node70exit_node94source
flow_wide_node70node94_t2,node70exit_node94source
flow_wide_node70node94_t3,node70exit_node94source
flow_wide_node70node94_t4,node70exit_node94source
flow_wide_node70node94_t5,node70exit_node94source
flow_timber_node40node1_t1,node40exit_node1transit
flow_timber_node40node1_t2,node40exit_node1transit
flow_timber_node40node1_t3,node40exit_node1transit
flow_timber_node40node1_t4,node40exit_node1transit
flow_timber_node40node1_t5,node40exit_node1transit
flow_wide_node40node1_t1,node40exit_node1transit
flow_wide_node40node1_t2,node40exit_node1transit
flow_wide_node40node1_t3,node40exit_node1transit
flow_wide_node40node1_t4,node40exit_node1transit
flow_wide_node40node1_t5,node40exit_node1transit
flow_timber_node40node26_t1,node40exit_node26transit
flow_timber_node40node26_t2,node40exit_node26transit
flow_timber_node40node26_t3,node40exit_node26transit
flow_timber_node40node26_t4,node40exit_node26transit
flow_timber_node40node26_t5,node40exit_node26transit
flow_wide_node40node26_t1,node40exit_node26transit
flow_wide_node40node26_t2,node40exit_node26transit
flow_wide_node40node26_t3,node40exit_node26transit
flow_wide_node40node26_t4,node40exit_node26transit
flow_wide_node40node26_t5,node40exit_node26transit
flow_timber_node40node91_t1,node40exit_node91source
flow_timber_node40node91_t2,node40exit_node91source
flow_timber_node40node91_t3,node40exit_node91source
flow_timber_node40node91_t4,node40exit_node91source
flow_timber_node40node91_t5,node40exit_node91source
flow_wide_node40node91_t1,node40exit_node91source
flow_wide_node40node91_t2,node40exit_node91source
flow_wide_node40node91_t3,node40exit_node91source
flow_wide_node40node91_t4,node40exit_node91source
flow_wide_node40node91_t5,node40exit_node91source
flow_timber_node40node94_t1,node40exit_node94source
flow_timber_node40node94_t2,node40exit_node94source
flow_timber_node40node94_t3,node40exit_node94source
flow_timber_node40node94_t4,node40exit_node94source
flow_timber_node40node94_t5,node40exit_node94source
flow_wide_node40node94_t1,node40exit_node94source
flow_wide_node40node94_t2,node40exit_node94source
flow_wide_node40node94_t3,node40exit_node94source
flow_wide_node40node94_t4,node40exit_node94source
flow_wide_node40node94_t5,node40exit_node94source
flow_timber_node8node1_t1,node8exit_node1transit
flow_timber_node8node1_t2,node8exit_node1transit
flow_timber_node8node1_t3,node8exit_node1transit
flow_timber_node8node1_t4,node8exit_node1transit
flow_timber_node8node1_t5,node8exit_node1transit
flow_wide_node8node1_t1,node8exit_node1transit
flow_wide_node8node1_t2,node8exit_node1transit
flow_wide_node8node1_t3,node8exit_node1transit
flow_wide_node8node1_t4,node8exit_node1transit
flow_wide_node8node1_t5,node8exit_node1transit
flow_timber_node8node44_t1,node8exit_node44transit
flow_timber_node8node44_t2,node8exit_node44transit
flow_timber_node8node44_t3,node8exit_node44transit
flow_timber_node8node44_t4,node8exit_node44transit
flow_timber_node8node44_t5,node8exit_node44transit
flow_wide_node8node44_t1,node8exit_node44transit
flow_wide_node8node44_t2,node8exit_node44transit
flow_wide_node8node44_t3,node8exit_node44transit
flow_wide_node8node44_t4,node8exit_node44transit
flow_wide_node8node44_t5,node8exit_node44transit
flow_timber_node8node88_t1,node8exit_node88source
flow_timber_node8node88_t2,node8exit_node88source
flow_timber_node8node88_t3,node8exit_node88source
flow_timber_node8node88_t4,node8exit_node88source
flow_timber_node8node88_t5,node8exit_node88source
flow_wide_node8node88_t1,node8exit_node88source
flow_wide_node8node88_t2,node8exit_node88source
flow_wide_node8node88_t3,node8exit_node88source
flow_wide_node8node88_t4,node8exit_node88source
flow_wide_node8node88_t5,node8exit_node88source
flow_timber_node8node91_t1,node8exit_node91source
flow_timber_node8node91_t2,node8exit_node91source
flow_timber_node8node91_t3,node8exit_node91source
flow_timber_node8node91_t4,node8exit_node91source
flow_timber_node8node91_t5,node8exit_node91source
flow_wide_node8node91_t1,node8exit_node91source
flow_wide_node8node91_t2,node8exit_node91source
flow_wide_node8node91_t3,node8exit_node91source
flow_wide_node8node91_t4,node8exit_node91source
flow_wide_node8node91_t5,node8exit_node91source
flow_timber_node88node1_t1,node88source_node1transit
flow_timber_node88node1_t2,node88source_node1transit
flow_timber_node88node1_t3,node88source_node1transit
flow_timber_node88node1_t4,node88source_node1transit
flow_timber_node88node1_t5,node88source_node1transit
flow_wide_node88node1_t1,node88source_node1transit
flow_wide_node88node1_t2,node88source_node1transit
flow_wide_node88node1_t3,node88source_node1transit
flow_wide_node88node1_t4,node88source_node1transit
flow_wide_node88node1_t5,node88source_node1transit
flow_timber_node88node8_t1,node88source_node8exit
flow_timber_node88node8_t2,node88source_node8exit
flow_timber_node88node8_t3,node88source_node8exit
flow_timber_node88node8_t4,node88source_node8exit
flow_timber_node88node8_t5,node88source_node8exit
flow_wide_node88node8_t1,node88source_node8exit
flow_wide_node88node8_t2,node88source_node8exit
flow_wide_node88node8_t3,node88source_node8exit
flow_wide_node88node8_t4,node88source_node8exit
flow_wide_node88node8_t5,node88source_node8exit
flow_timber_node88node11_t1,node88source_node11transit
flow_timber_node88node11_t2,node88source_node11transit
flow_timber_node88node11_t3,node88source_node11transit
flow_timber_node88node11_t4,node88source_node11transit
flow_timber_node88node11_t5,node88source_node11transit
flow_wide_node88node11_t1,node88source_node11transit
flow_wide_node88node11_t2,node88source_node11transit
flow_wide_node88node11_t3,node88source_node11transit
flow_wide_node88node11_t4,node88source_node11transit
flow_wide_node88node11_t5,node88source_node11transit
flow_timber_node88node24_t1,node88source_node24exit
flow_timber_node88node24_t2,node88source_node24exit
flow_timber_node88node24_t3,node88source_node24exit
flow_timber_node88node24_t4,node88source_node24exit
flow_timber_node88node24_t5,node88source_node24exit
flow_wide_node88node24_t1,node88source_node24exit
flow_wide_node88node24_t2,node88source_node24exit
flow_wide_node88node24_t3,node88source_node24exit
flow_wide_node88node24_t4,node88source_node24exit
flow_wide_node88node24_t5,node88source_node24exit
flow_timber_node88node32_t1,node88source_node32transit
flow_timber_node88node32_t2,node88source_node32transit
flow_timber_node88node32_t3,node88source_node32transit
flow_timber_node88node32_t4,node88source_node32transit
flow_timber_node88node32_t5,node88source_node32transit
flow_wide_node88node32_t1,node88source_node32transit
flow_wide_node88node32_t2,node88source_node32transit
flow_wide_node88node32_t3,node88source_node32transit
flow_wide_node88node32_t4,node88source_node32transit
flow_wide_node88node32_t5,node88source_node32transit
flow_timber_node88node39_t1,node88source_node39transit
flow_timber_node88node39_t2,node88source_node39transit
flow_timber_node88node39_t3,node88source_node39transit
flow_timber_node88node39_t4,node88source_node39transit
flow_timber_node88node39_t5,node88source_node39transit
flow_wide_node88node39_t1,node88source_node39transit
flow_wide_node88node39_t2,node88source_node39transit
flow_wide_node88node39_t3,node88source_node39transit
flow_wide_node88node39_t4,node88source_node39transit
flow_wide_node88node39_t5,node88source_node39transit
flow_timber_node88node41_t1,node88source_node41transit
flow_timber_node88node41_t2,node88source_node41transit
flow_timber_node88node41_t3,node88source_node41transit
flow_timber_node88node41_t4,node88source_node41transit
flow_timber_node88node41_t5,node88source_node41transit
flow_wide_node88node41_t1,node88source_node41transit
flow_wide_node88node41_t2,node88source_node41transit
flow_wide_node88node41_t3,node88source_node41transit
flow_wide_node88node41_t4,node88source_node41transit
flow_wide_node88node41_t5,node88source_node41transit
flow_timber_node88node44_t1,node88source_node44transit
flow_timber_node88node44_t2,node88source_node44transit
flow_timber_node88node44_t3,node88source_node44transit
flow_timber_node88node44_t4,node88source_node44transit
flow_timber_node88node44_t5,node88source_node44transit
flow_wide_node88node44_t1,node88source_node44transit
flow_wide_node88node44_t2,node88source_node44transit
flow_wide_node88node44_t3,node88source_node44transit
flow_wide_node88node44_t4,node88source_node44transit
flow_wide_node88node44_t5,node88source_node44transit
flow_timber_node88node45_t1,node88source_node45exit
flow_timber_node88node45_t2,node88source_node45exit
flow_timber_node88node45_t3,node88source_node45exit
flow_timber_node88node45_t4,node88source_node45exit
flow_timber_node88node45_t5,node88source_node45exit
flow_wide_node88node45_t1,node88source_node45exit
flow_wide_node88node45_t2,node88source_node45exit
flow_wide_node88node45_t3,node88source_node45exit
flow_wide_node88node45_t4,node88source_node45exit
flow_wide_node88node45_t5,node88source_node45exit
flow_timber_node88node51_t1,node88source_node51transit
flow_timber_node88node51_t2,node88source_node51transit
flow_timber_node88node51_t3,node88source_node51transit
flow_timber_node88node51_t4,node88source_node51transit
flow_timber_node88node51_t5,node88source_node51transit
flow_wide_node88node51_t1,node88source_node51transit
flow_wide_node88node51_t2,node88source_node51transit
flow_wide_node88node51_t3,node88source_node51transit
flow_wide_node88node51_t4,node88source_node51transit
flow_wide_node88node51_t5,node88source_node51transit
flow_timber_node88node61_t1,node88source_node61exit
flow_timber_node88node61_t2,node88source_node61exit
flow_timber_node88node61_t3,node88source_node61exit
flow_timber_node88node61_t4,node88source_node61exit
flow_timber_node88node61_t5,node88source_node61exit
flow_wide_node88node61_t1,node88source_node61exit
flow_wide_node88node61_t2,node88source_node61exit
flow_wide_node88node61_t3,node88source_node61exit
flow_wide_node88node61_t4,node88source_node61exit
flow_wide_node88node61_t5,node88source_node61exit
flow_timber_node88node62_t1,node88source_node62exit
flow_timber_node88node62_t2,node88source_node62exit
flow_timber_node88node62_t3,node88source_node62exit
flow_timber_node88node62_t4,node88source_node62exit
flow_timber_node88node62_t5,node88source_node62exit
flow_wide_node88node62_t1,node88source_node62exit
flow_wide_node88node62_t2,node88source_node62exit
flow_wide_node88node62_t3,node88source_node62exit
flow_wide_node88node62_t4,node88source_node62exit
flow_wide_node88node62_t5,node88source_node62exit
flow_timber_node88node67_t1,node88source_node67exit
flow_timber_node88node67_t2,node88source_node67exit
flow_timber_node88node67_t3,node88source_node67exit
flow_timber_node88node67_t4,node88source_node67exit
flow_timber_node88node67_t5,node88source_node67exit
flow_wide_node88node67_t1,node88source_node67exit
flow_wide_node88node67_t2,node88source_node67exit
flow_wide_node88node67_t3,node88source_node67exit
flow_wide_node88node67_t4,node88source_node67exit
flow_wide_node88node67_t5,node88source_node67exit
flow_timber_node88node68_t1,node88source_node68exit
flow_timber_node88node68_t2,node88source_node68exit
flow_timber_node88node68_t3,node88source_node68exit
flow_timber_node88node68_t4,node88source_node68exit
flow_timber_node88node68_t5,node88source_node68exit
flow_wide_node88node68_t1,node88source_node68exit
flow_wide_node88node68_t2,node88source_node68exit
flow_wide_node88node68_t3,node88source_node68exit
flow_wide_node88node68_t4,node88source_node68exit
flow_wide_node88node68_t5,node88source_node68exit
flow_timber_node88node69_t1,node88source_node69exit
flow_timber_node88node69_t2,node88source_node69exit
flow_timber_node88node69_t3,node88source_node69exit
flow_timber_node88node69_t4,node88source_node69exit
flow_timber_node88node69_t5,node88source_node69exit
flow_wide_node88node69_t1,node88source_node69exit
flow_wide_node88node69_t2,node88source_node69exit
flow_wide_node88node69_t3,node88source_node69exit
flow_wide_node88node69_t4,node88source_node69exit
flow_wide_node88node69_t5,node88source_node69exit
flow_timber_node88node70_t1,node88source_node70exit
flow_timber_node88node70_t2,node88source_node70exit
flow_timber_node88node70_t3,node88source_node70exit
flow_timber_node88node70_t4,node88source_node70exit
flow_timber_node88node70_t5,node88source_node70exit
flow_wide_node88node70_t1,node88source_node70exit
flow_wide_node88node70_t2,node88source_node70exit
flow_wide_node88node70_t3,node88source_node70exit
flow_wide_node88node70_t4,node88source_node70exit
flow_wide_node88node70_t5,node88source_node70exit
flow_timber_node88node71_t1,node88source_node71exit
flow_timber_node88node71_t2,node88source_node71exit
flow_timber_node88node71_t3,node88source_node71exit
flow_timber_node88node71_t4,node88source_node71exit
flow_timber_node88node71_t5,node88source_node71exit
flow_wide_node88node71_t1,node88source_node71exit
flow_wide_node88node71_t2,node88source_node71exit
flow_wide_node88node71_t3,node88source_node71exit
flow_wide_node88node71_t4,node88source_node71exit
flow_wide_node88node71_t5,node88source_node71exit
flow_timber_node91node1_t1,node91source_node1transit
flow_timber_node91node1_t2,node91source_node1transit
flow_timber_node91node1_t3,node91source_node1transit
flow_timber_node91node1_t4,node91source_node1transit
flow_timber_node91node1_t5,node91source_node1transit
flow_wide_node91node1_t1,node91source_node1transit
flow_wide_node91node1_t2,node91source_node1transit
flow_wide_node91node1_t3,node91source_node1transit
flow_wide_node91node1_t4,node91source_node1transit
flow_wide_node91node1_t5,node91source_node1transit
flow_timber_node91node8_t1,node91source_node8exit
flow_timber_node91node8_t2,node91source_node8exit
flow_timber_node91node8_t3,node91source_node8exit
flow_timber_node91node8_t4,node91source_node8exit
flow_timber_node91node8_t5,node91source_node8exit
flow_wide_node91node8_t1,node91source_node8exit
flow_wide_node91node8_t2,node91source_node8exit
flow_wide_node91node8_t3,node91source_node8exit
flow_wide_node91node8_t4,node91source_node8exit
flow_wide_node91node8_t5,node91source_node8exit
flow_timber_node91node12_t1,node91source_node12exit
flow_timber_node91node12_t2,node91source_node12exit
flow_timber_node91node12_t3,node91source_node12exit
flow_timber_node91node12_t4,node91source_node12exit
flow_timber_node91node12_t5,node91source_node12exit
flow_wide_node91node12_t1,node91source_node12exit
flow_wide_node91node12_t2,node91source_node12exit
flow_wide_node91node12_t3,node91source_node12exit
flow_wide_node91node12_t4,node91source_node12exit
flow_wide_node91node12_t5,node91source_node12exit
flow_timber_node91node26_t1,node91source_node26transit
flow_timber_node91node26_t2,node91source_node26transit
flow_timber_node91node26_t3,node91source_node26transit
flow_timber_node91node26_t4,node91source_node26transit
flow_timber_node91node26_t5,node91source_node26transit
flow_wide_node91node26_t1,node91source_node26transit
flow_wide_node91node26_t2,node91source_node26transit
flow_wide_node91node26_t3,node91source_node26transit
flow_wide_node91node26_t4,node91source_node26transit
flow_wide_node91node26_t5,node91source_node26transit
flow_timber_node91node40_t1,node91source_node40exit
flow_timber_node91node40_t2,node91source_node40exit
flow_timber_node91node40_t3,node91source_node40exit
flow_timber_node91node40_t4,node91source_node40exit
flow_timber_node91node40_t5,node91source_node40exit
flow_wide_node91node40_t1,node91source_node40exit
flow_wide_node91node40_t2,node91source_node40exit
flow_wide_node91node40_t3,node91source_node40exit
flow_wide_node91node40_t4,node91source_node40exit
flow_wide_node91node40_t5,node91source_node40exit
flow_timber_node91node44_t1,node91source_node44transit
flow_timber_node91node44_t2,node91source_node44transit
flow_timber_node91node44_t3,node91source_node44transit
flow_timber_node91node44_t4,node91source_node44transit
flow_timber_node91node44_t5,node91source_node44transit
flow_wide_node91node44_t1,node91source_node44transit
flow_wide_node91node44_t2,node91source_node44transit
flow_wide_node91node44_t3,node91source_node44transit
flow_wide_node91node44_t4,node91source_node44transit
flow_wide_node91node44_t5,node91source_node44transit
flow_timber_node91node66_t1,node91source_node66exit
flow_timber_node91node66_t2,node91source_node66exit
flow_timber_node91node66_t3,node91source_node66exit
flow_timber_node91node66_t4,node91source_node66exit
flow_timber_node91node66_t5,node91source_node66exit
flow_wide_node91node66_t1,node91source_node66exit
flow_wide_node91node66_t2,node91source_node66exit
flow_wide_node91node66_t3,node91source_node66exit
flow_wide_node91node66_t4,node91source_node66exit
flow_wide_node91node66_t5,node91source_node66exit
flow_timber_node94node1_t1,node94source_node1transit
flow_timber_node94node1_t2,node94source_node1transit
flow_timber_node94node1_t3,node94source_node1transit
flow_timber_node94node1_t4,node94source_node1transit
flow_timber_node94node1_t5,node94source_node1transit
flow_wide_node94node1_t1,node94source_node1transit
flow_wide_node94node1_t2,node94source_node1transit
flow_wide_node94node1_t3,node94source_node1transit
flow_wide_node94node1_t4,node94source_node1transit
flow_wide_node94node1_t5,node94source_node1transit
flow_timber_node94node21_t1,node94source_node21transit
flow_timber_node94node21_t2,node94source_node21transit
flow_timber_node94node21_t3,node94source_node21transit
flow_timber_node94node21_t4,node94source_node21transit
flow_timber_node94node21_t5,node94source_node21transit
flow_wide_node94node21_t1,node94source_node21transit
flow_wide_node94node21_t2,node94source_node21transit
flow_wide_node94node21_t3,node94source_node21transit
flow_wide_node94node21_t4,node94source_node21transit
flow_wide_node94node21_t5,node94source_node21transit
flow_timber_node94node26_t1,node94source_node26transit
flow_timber_node94node26_t2,node94source_node26transit
flow_timber_node94node26_t3,node94source_node26transit
flow_timber_node94node26_t4,node94source_node26transit
flow_timber_node94node26_t5,node94source_node26transit
flow_wide_node94node26_t1,node94source_node26transit
flow_wide_node94node26_t2,node94source_node26transit
flow_wide_node94node26_t3,node94source_node26transit
flow_wide_node94node26_t4,node94source_node26transit
flow_wide_node94node26_t5,node94source_node26transit
flow_timber_node94node40_t1,node94source_node40exit
flow_timber_node94node40_t2,node94source_node40exit
flow_timber_node94node40_t3,node94source_node40exit
flow_timber_node94node40_t4,node94source_node40exit
flow_timber_node94node40_t5,node94source_node40exit
flow_wide_node94node40_t1,node94source_node40exit
flow_wide_node94node40_t2,node94source_node40exit
flow_wide_node94node40_t3,node94source_node40exit
flow_wide_node94node40_t4,node94source_node40exit
flow_wide_node94node40_t5,node94source_node40exit
flow_timber_node94node41_t1,node94source_node41transit
flow_timber_node94node41_t2,node94source_node41transit
flow_timber_node94node41_t3,node94source_node41transit
flow_timber_node94node41_t4,node94source_node41transit
flow_timber_node94node41_t5,node94source_node41transit
flow_wide_node94node41_t1,node94source_node41transit
flow_wide_node94node41_t2,node94source_node41transit
flow_wide_node94node41_t3,node94source_node41transit
flow_wide_node94node41_t4,node94source_node41transit
flow_wide_node94node41_t5,node94source_node41transit
flow_timber_node94node54_t1,node94source_node54transit
flow_timber_node94node54_t2,node94source_node54transit
flow_timber_node94node54_t3,node94source_node54transit
flow_timber_node94node54_t4,node94source_node54transit
flow_timber_node94node54_t5,node94source_node54transit
flow_wide_node94node54_t1,node94source_node54transit
flow_wide_node94node54_t2,node94source_node54transit
flow_wide_node94node54_t3,node94source_node54transit
flow_wide_node94node54_t4,node94source_node54transit
flow_wide_node94node54_t5,node94source_node54transit
flow_timber_node94node68_t1,node94source_node68exit
flow_timber_node94node68_t2,node94source_node68exit
flow_timber_node94node68_t3,node94source_node68exit
flow_timber_node94node68_t4,node94source_node68exit
flow_timber_node94node68_t5,node94source_node68exit
flow_wide_node94node68_t1,node94source_node68exit
flow_wide_node94node68_t2,node94source_node68exit
flow_wide_node94node68_t3,node94source_node68exit
flow_wide_node94node68_t4,node94source_node68exit
flow_wide_node94node68_t5,node94source_node68exit
flow_timber_node94node70_t1,node94source_node70exit
flow_timber_node94node70_t2,node94source_node70exit
flow_timber_node94node70_t3,node94source_node70exit
flow_timber_node94node70_t4,node94source_node70exit
flow_timber_node94node70_t5,node94source_node70exit
flow_wide_node94node70_t1,node94source_node70exit
flow_wide_node94node70_t2,node94source_node70exit
flow_wide_node94node70_t3,node94source_node70exit
flow_wide_node94node70_t4,node94source_node70exit
flow_wide_node94node70_t5,node94source_node70exit
flow_timber_node94node72_t1,node94source_node72exit
flow_timber_node94node72_t2,node94source_node72exit
flow_timber_node94node72_t3,node94source_node72exit
flow_timber_node94node72_t4,node94source_node72exit
flow_timber_node94node72_t5,node94source_node72exit
flow_wide_node94node72_t1,node94source_node72exit
flow_wide_node94node72_t2,node94source_node72exit
flow_wide_node94node72_t3,node94source_node72exit
flow_wide_node94node72_t4,node94source_node72exit
flow_wide_node94node72_t5,node94source_node72exit
flow_timber_node2node53_t1,node2transit_node53exit
flow_timber_node2node53_t2,node2transit_node53exit
flow_timber_node2node53_t3,node2transit_node53exit
flow_timber_node2node53_t4,node2transit_node53exit
flow_timber_node2node53_t5,node2transit_node53exit
flow_wide_node2node53_t1,node2transit_node53exit
flow_wide_node2node53_t2,node2transit_node53exit
flow_wide_node2node53_t3,node2transit_node53exit
flow_wide_node2node53_t4,node2transit_node53exit
flow_wide_node2node53_t5,node2transit_node53exit
flow_timber_node2node38_t1,node2transit_node38transit
flow_timber_node2node38_t2,node2transit_node38transit
flow_timber_node2node38_t3,node2transit_node38transit
flow_timber_node2node38_t4,node2transit_node38transit
flow_timber_node2node38_t5,node2transit_node38transit
flow_wide_node2node38_t1,node2transit_node38transit
flow_wide_node2node38_t2,node2transit_node38transit
flow_wide_node2node38_t3,node2transit_node38transit
flow_wide_node2node38_t4,node2transit_node38transit
flow_wide_node2node38_t5,node2transit_node38transit
flow_timber_node2node3_t1,node2transit_node3transit
flow_timber_node2node3_t2,node2transit_node3transit
flow_timber_node2node3_t3,node2transit_node3transit
flow_timber_node2node3_t4,node2transit_node3transit
flow_timber_node2node3_t5,node2transit_node3transit
flow_wide_node2node3_t1,node2transit_node3transit
flow_wide_node2node3_t2,node2transit_node3transit
flow_wide_node2node3_t3,node2transit_node3transit
flow_wide_node2node3_t4,node2transit_node3transit
flow_wide_node2node3_t5,node2transit_node3transit
flow_timber_node2node13_t1,node2transit_node13exit
flow_timber_node2node13_t2,node2transit_node13exit
flow_timber_node2node13_t3,node2transit_node13exit
flow_timber_node2node13_t4,node2transit_node13exit
flow_timber_node2node13_t5,node2transit_node13exit
flow_wide_node2node13_t1,node2transit_node13exit
flow_wide_node2node13_t2,node2transit_node13exit
flow_wide_node2node13_t3,node2transit_node13exit
flow_wide_node2node13_t4,node2transit_node13exit
flow_wide_node2node13_t5,node2transit_node13exit
flow_timber_node2node85_t1,node2transit_node85source
flow_timber_node2node85_t2,node2transit_node85source
flow_timber_node2node85_t3,node2transit_node85source
flow_timber_node2node85_t4,node2transit_node85source
flow_timber_node2node85_t5,node2transit_node85source
flow_wide_node2node85_t1,node2transit_node85source
flow_wide_node2node85_t2,node2transit_node85source
flow_wide_node2node85_t3,node2transit_node85source
flow_wide_node2node85_t4,node2transit_node85source
flow_wide_node2node85_t5,node2transit_node85source
flow_timber_node2node86_t1,node2transit_node86source
flow_timber_node2node86_t2,node2transit_node86source
flow_timber_node2node86_t3,node2transit_node86source
flow_timber_node2node86_t4,node2transit_node86source
flow_timber_node2node86_t5,node2transit_node86source
flow_wide_node2node86_t1,node2transit_node86source
flow_wide_node2node86_t2,node2transit_node86source
flow_wide_node2node86_t3,node2transit_node86source
flow_wide_node2node86_t4,node2transit_node86source
flow_wide_node2node86_t5,node2transit_node86source
flow_timber_node2node89_t1,node2transit_node89source
flow_timber_node2node89_t2,node2transit_node89source
flow_timber_node2node89_t3,node2transit_node89source
flow_timber_node2node89_t4,node2transit_node89source
flow_timber_node2node89_t5,node2transit_node89source
flow_wide_node2node89_t1,node2transit_node89source
flow_wide_node2node89_t2,node2transit_node89source
flow_wide_node2node89_t3,node2transit_node89source
flow_wide_node2node89_t4,node2transit_node89source
flow_wide_node2node89_t5,node2transit_node89source
flow_timber_node2node92_t1,node2transit_node92source
flow_timber_node2node92_t2,node2transit_node92source
flow_timber_node2node92_t3,node2transit_node92source
flow_timber_node2node92_t4,node2transit_node92source
flow_timber_node2node92_t5,node2transit_node92source
flow_wide_node2node92_t1,node2transit_node92source
flow_wide_node2node92_t2,node2transit_node92source
flow_wide_node2node92_t3,node2transit_node92source
flow_wide_node2node92_t4,node2transit_node92source
flow_wide_node2node92_t5,node2transit_node92source
flow_timber_node53node2_t1,node53exit_node2transit
flow_timber_node53node2_t2,node53exit_node2transit
flow_timber_node53node2_t3,node53exit_node2transit
flow_timber_node53node2_t4,node53exit_node2transit
flow_timber_node53node2_t5,node53exit_node2transit
flow_wide_node53node2_t1,node53exit_node2transit
flow_wide_node53node2_t2,node53exit_node2transit
flow_wide_node53node2_t3,node53exit_node2transit
flow_wide_node53node2_t4,node53exit_node2transit
flow_wide_node53node2_t5,node53exit_node2transit
flow_timber_node53node31_t1,node53exit_node31transit
flow_timber_node53node31_t2,node53exit_node31transit
flow_timber_node53node31_t3,node53exit_node31transit
flow_timber_node53node31_t4,node53exit_node31transit
flow_timber_node53node31_t5,node53exit_node31transit
flow_wide_node53node31_t1,node53exit_node31transit
flow_wide_node53node31_t2,node53exit_node31transit
flow_wide_node53node31_t3,node53exit_node31transit
flow_wide_node53node31_t4,node53exit_node31transit
flow_wide_node53node31_t5,node53exit_node31transit
flow_timber_node53node36_t1,node53exit_node36exit
flow_timber_node53node36_t2,node53exit_node36exit
flow_timber_node53node36_t3,node53exit_node36exit
flow_timber_node53node36_t4,node53exit_node36exit
flow_timber_node53node36_t5,node53exit_node36exit
flow_wide_node53node36_t1,node53exit_node36exit
flow_wide_node53node36_t2,node53exit_node36exit
flow_wide_node53node36_t3,node53exit_node36exit
flow_wide_node53node36_t4,node53exit_node36exit
flow_wide_node53node36_t5,node53exit_node36exit
flow_timber_node53node85_t1,node53exit_node85source
flow_timber_node53node85_t2,node53exit_node85source
flow_timber_node53node85_t3,node53exit_node85source
flow_timber_node53node85_t4,node53exit_node85source
flow_timber_node53node85_t5,node53exit_node85source
flow_wide_node53node85_t1,node53exit_node85source
flow_wide_node53node85_t2,node53exit_node85source
flow_wide_node53node85_t3,node53exit_node85source
flow_wide_node53node85_t4,node53exit_node85source
flow_wide_node53node85_t5,node53exit_node85source
flow_timber_node53node86_t1,node53exit_node86source
flow_timber_node53node86_t2,node53exit_node86source
flow_timber_node53node86_t3,node53exit_node86source
flow_timber_node53node86_t4,node53exit_node86source
flow_timber_node53node86_t5,node53exit_node86source
flow_wide_node53node86_t1,node53exit_node86source
flow_wide_node53node86_t2,node53exit_node86source
flow_wide_node53node86_t3,node53exit_node86source
flow_wide_node53node86_t4,node53exit_node86source
flow_wide_node53node86_t5,node53exit_node86source
flow_timber_node53node90_t1,node53exit_node90source
flow_timber_node53node90_t2,node53exit_node90source
flow_timber_node53node90_t3,node53exit_node90source
flow_timber_node53node90_t4,node53exit_node90source
flow_timber_node53node90_t5,node53exit_node90source
flow_wide_node53node90_t1,node53exit_node90source
flow_wide_node53node90_t2,node53exit_node90source
flow_wide_node53node90_t3,node53exit_node90source
flow_wide_node53node90_t4,node53exit_node90source
flow_wide_node53node90_t5,node53exit_node90source
flow_timber_node38node2_t1,node38transit_node2transit
flow_timber_node38node2_t2,node38transit_node2transit
flow_timber_node38node2_t3,node38transit_node2transit
flow_timber_node38node2_t4,node38transit_node2transit
flow_timber_node38node2_t5,node38transit_node2transit
flow_wide_node38node2_t1,node38transit_node2transit
flow_wide_node38node2_t2,node38transit_node2transit
flow_wide_node38node2_t3,node38transit_node2transit
flow_wide_node38node2_t4,node38transit_node2transit
flow_wide_node38node2_t5,node38transit_node2transit
flow_timber_node38node9_t1,node38transit_node9transit
flow_timber_node38node9_t2,node38transit_node9transit
flow_timber_node38node9_t3,node38transit_node9transit
flow_timber_node38node9_t4,node38transit_node9transit
flow_timber_node38node9_t5,node38transit_node9transit
flow_wide_node38node9_t1,node38transit_node9transit
flow_wide_node38node9_t2,node38transit_node9transit
flow_wide_node38node9_t3,node38transit_node9transit
flow_wide_node38node9_t4,node38transit_node9transit
flow_wide_node38node9_t5,node38transit_node9transit
flow_timber_node38node21_t1,node38transit_node21transit
flow_timber_node38node21_t2,node38transit_node21transit
flow_timber_node38node21_t3,node38transit_node21transit
flow_timber_node38node21_t4,node38transit_node21transit
flow_timber_node38node21_t5,node38transit_node21transit
flow_wide_node38node21_t1,node38transit_node21transit
flow_wide_node38node21_t2,node38transit_node21transit
flow_wide_node38node21_t3,node38transit_node21transit
flow_wide_node38node21_t4,node38transit_node21transit
flow_wide_node38node21_t5,node38transit_node21transit
flow_timber_node38node89_t1,node38transit_node89source
flow_timber_node38node89_t2,node38transit_node89source
flow_timber_node38node89_t3,node38transit_node89source
flow_timber_node38node89_t4,node38transit_node89source
flow_timber_node38node89_t5,node38transit_node89source
flow_wide_node38node89_t1,node38transit_node89source
flow_wide_node38node89_t2,node38transit_node89source
flow_wide_node38node89_t3,node38transit_node89source
flow_wide_node38node89_t4,node38transit_node89source
flow_wide_node38node89_t5,node38transit_node89source
flow_timber_node38node92_t1,node38transit_node92source
flow_timber_node38node92_t2,node38transit_node92source
flow_timber_node38node92_t3,node38transit_node92source
flow_timber_node38node92_t4,node38transit_node92source
flow_timber_node38node92_t5,node38transit_node92source
flow_wide_node38node92_t1,node38transit_node92source
flow_wide_node38node92_t2,node38transit_node92source
flow_wide_node38node92_t3,node38transit_node92source
flow_wide_node38node92_t4,node38transit_node92source
flow_wide_node38node92_t5,node38transit_node92source
flow_timber_node38node95_t1,node38transit_node95source
flow_timber_node38node95_t2,node38transit_node95source
flow_timber_node38node95_t3,node38transit_node95source
flow_timber_node38node95_t4,node38transit_node95source
flow_timber_node38node95_t5,node38transit_node95source
flow_wide_node38node95_t1,node38transit_node95source
flow_wide_node38node95_t2,node38transit_node95source
flow_wide_node38node95_t3,node38transit_node95source
flow_wide_node38node95_t4,node38transit_node95source
flow_wide_node38node95_t5,node38transit_node95source
flow_timber_node3node2_t1,node3transit_node2transit
flow_timber_node3node2_t2,node3transit_node2transit
flow_timber_node3node2_t3,node3transit_node2transit
flow_timber_node3node2_t4,node3transit_node2transit
flow_timber_node3node2_t5,node3transit_node2transit
flow_wide_node3node2_t1,node3transit_node2transit
flow_wide_node3node2_t2,node3transit_node2transit
flow_wide_node3node2_t3,node3transit_node2transit
flow_wide_node3node2_t4,node3transit_node2transit
flow_wide_node3node2_t5,node3transit_node2transit
flow_timber_node3node36_t1,node3transit_node36exit
flow_timber_node3node36_t2,node3transit_node36exit
flow_timber_node3node36_t3,node3transit_node36exit
flow_timber_node3node36_t4,node3transit_node36exit
flow_timber_node3node36_t5,node3transit_node36exit
flow_wide_node3node36_t1,node3transit_node36exit
flow_wide_node3node36_t2,node3transit_node36exit
flow_wide_node3node36_t3,node3transit_node36exit
flow_wide_node3node36_t4,node3transit_node36exit
flow_wide_node3node36_t5,node3transit_node36exit
flow_timber_node3node9_t1,node3transit_node9transit
flow_timber_node3node9_t2,node3transit_node9transit
flow_timber_node3node9_t3,node3transit_node9transit
flow_timber_node3node9_t4,node3transit_node9transit
flow_timber_node3node9_t5,node3transit_node9transit
flow_wide_node3node9_t1,node3transit_node9transit
flow_wide_node3node9_t2,node3transit_node9transit
flow_wide_node3node9_t3,node3transit_node9transit
flow_wide_node3node9_t4,node3transit_node9transit
flow_wide_node3node9_t5,node3transit_node9transit
flow_timber_node3node86_t1,node3transit_node86source
flow_timber_node3node86_t2,node3transit_node86source
flow_timber_node3node86_t3,node3transit_node86source
flow_timber_node3node86_t4,node3transit_node86source
flow_timber_node3node86_t5,node3transit_node86source
flow_wide_node3node86_t1,node3transit_node86source
flow_wide_node3node86_t2,node3transit_node86source
flow_wide_node3node86_t3,node3transit_node86source
flow_wide_node3node86_t4,node3transit_node86source
flow_wide_node3node86_t5,node3transit_node86source
flow_timber_node3node90_t1,node3transit_node90source
flow_timber_node3node90_t2,node3transit_node90source
flow_timber_node3node90_t3,node3transit_node90source
flow_timber_node3node90_t4,node3transit_node90source
flow_timber_node3node90_t5,node3transit_node90source
flow_wide_node3node90_t1,node3transit_node90source
flow_wide_node3node90_t2,node3transit_node90source
flow_wide_node3node90_t3,node3transit_node90source
flow_wide_node3node90_t4,node3transit_node90source
flow_wide_node3node90_t5,node3transit_node90source
flow_timber_node3node92_t1,node3transit_node92source
flow_timber_node3node92_t2,node3transit_node92source
flow_timber_node3node92_t3,node3transit_node92source
flow_timber_node3node92_t4,node3transit_node92source
flow_timber_node3node92_t5,node3transit_node92source
flow_wide_node3node92_t1,node3transit_node92source
flow_wide_node3node92_t2,node3transit_node92source
flow_wide_node3node92_t3,node3transit_node92source
flow_wide_node3node92_t4,node3transit_node92source
flow_wide_node3node92_t5,node3transit_node92source
flow_timber_node13node2_t1,node13exit_node2transit
flow_timber_node13node2_t2,node13exit_node2transit
flow_timber_node13node2_t3,node13exit_node2transit
flow_timber_node13node2_t4,node13exit_node2transit
flow_timber_node13node2_t5,node13exit_node2transit
flow_wide_node13node2_t1,node13exit_node2transit
flow_wide_node13node2_t2,node13exit_node2transit
flow_wide_node13node2_t3,node13exit_node2transit
flow_wide_node13node2_t4,node13exit_node2transit
flow_wide_node13node2_t5,node13exit_node2transit
flow_timber_node13node47_t1,node13exit_node47exit
flow_timber_node13node47_t2,node13exit_node47exit
flow_timber_node13node47_t3,node13exit_node47exit
flow_timber_node13node47_t4,node13exit_node47exit
flow_timber_node13node47_t5,node13exit_node47exit
flow_wide_node13node47_t1,node13exit_node47exit
flow_wide_node13node47_t2,node13exit_node47exit
flow_wide_node13node47_t3,node13exit_node47exit
flow_wide_node13node47_t4,node13exit_node47exit
flow_wide_node13node47_t5,node13exit_node47exit
flow_timber_node13node31_t1,node13exit_node31transit
flow_timber_node13node31_t2,node13exit_node31transit
flow_timber_node13node31_t3,node13exit_node31transit
flow_timber_node13node31_t4,node13exit_node31transit
flow_timber_node13node31_t5,node13exit_node31transit
flow_wide_node13node31_t1,node13exit_node31transit
flow_wide_node13node31_t2,node13exit_node31transit
flow_wide_node13node31_t3,node13exit_node31transit
flow_wide_node13node31_t4,node13exit_node31transit
flow_wide_node13node31_t5,node13exit_node31transit
flow_timber_node13node84_t1,node13exit_node84source
flow_timber_node13node84_t2,node13exit_node84source
flow_timber_node13node84_t3,node13exit_node84source
flow_timber_node13node84_t4,node13exit_node84source
flow_timber_node13node84_t5,node13exit_node84source
flow_wide_node13node84_t1,node13exit_node84source
flow_wide_node13node84_t2,node13exit_node84source
flow_wide_node13node84_t3,node13exit_node84source
flow_wide_node13node84_t4,node13exit_node84source
flow_wide_node13node84_t5,node13exit_node84source
flow_timber_node13node85_t1,node13exit_node85source
flow_timber_node13node85_t2,node13exit_node85source
flow_timber_node13node85_t3,node13exit_node85source
flow_timber_node13node85_t4,node13exit_node85source
flow_timber_node13node85_t5,node13exit_node85source
flow_wide_node13node85_t1,node13exit_node85source
flow_wide_node13node85_t2,node13exit_node85source
flow_wide_node13node85_t3,node13exit_node85source
flow_wide_node13node85_t4,node13exit_node85source
flow_wide_node13node85_t5,node13exit_node85source
flow_timber_node13node89_t1,node13exit_node89source
flow_timber_node13node89_t2,node13exit_node89source
flow_timber_node13node89_t3,node13exit_node89source
flow_timber_node13node89_t4,node13exit_node89source
flow_timber_node13node89_t5,node13exit_node89source
flow_wide_node13node89_t1,node13exit_node89source
flow_wide_node13node89_t2,node13exit_node89source
flow_wide_node13node89_t3,node13exit_node89source
flow_wide_node13node89_t4,node13exit_node89source
flow_wide_node13node89_t5,node13exit_node89source
flow_timber_node85node2_t1,node85source_node2transit
flow_timber_node85node2_t2,node85source_node2transit
flow_timber_node85node2_t3,node85source_node2transit
flow_timber_node85node2_t4,node85source_node2transit
flow_timber_node85node2_t5,node85source_node2transit
flow_wide_node85node2_t1,node85source_node2transit
flow_wide_node85node2_t2,node85source_node2transit
flow_wide_node85node2_t3,node85source_node2transit
flow_wide_node85node2_t4,node85source_node2transit
flow_wide_node85node2_t5,node85source_node2transit
flow_timber_node85node13_t1,node85source_node13exit
flow_timber_node85node13_t2,node85source_node13exit
flow_timber_node85node13_t3,node85source_node13exit
flow_timber_node85node13_t4,node85source_node13exit
flow_timber_node85node13_t5,node85source_node13exit
flow_wide_node85node13_t1,node85source_node13exit
flow_wide_node85node13_t2,node85source_node13exit
flow_wide_node85node13_t3,node85source_node13exit
flow_wide_node85node13_t4,node85source_node13exit
flow_wide_node85node13_t5,node85source_node13exit
flow_timber_node85node31_t1,node85source_node31transit
flow_timber_node85node31_t2,node85source_node31transit
flow_timber_node85node31_t3,node85source_node31transit
flow_timber_node85node31_t4,node85source_node31transit
flow_timber_node85node31_t5,node85source_node31transit
flow_wide_node85node31_t1,node85source_node31transit
flow_wide_node85node31_t2,node85source_node31transit
flow_wide_node85node31_t3,node85source_node31transit
flow_wide_node85node31_t4,node85source_node31transit
flow_wide_node85node31_t5,node85source_node31transit
flow_timber_node85node53_t1,node85source_node53exit
flow_timber_node85node53_t2,node85source_node53exit
flow_timber_node85node53_t3,node85source_node53exit
flow_timber_node85node53_t4,node85source_node53exit
flow_timber_node85node53_t5,node85source_node53exit
flow_wide_node85node53_t1,node85source_node53exit
flow_wide_node85node53_t2,node85source_node53exit
flow_wide_node85node53_t3,node85source_node53exit
flow_wide_node85node53_t4,node85source_node53exit
flow_wide_node85node53_t5,node85source_node53exit
flow_timber_node86node2_t1,node86source_node2transit
flow_timber_node86node2_t2,node86source_node2transit
flow_timber_node86node2_t3,node86source_node2transit
flow_timber_node86node2_t4,node86source_node2transit
flow_timber_node86node2_t5,node86source_node2transit
flow_wide_node86node2_t1,node86source_node2transit
flow_wide_node86node2_t2,node86source_node2transit
flow_wide_node86node2_t3,node86source_node2transit
flow_wide_node86node2_t4,node86source_node2transit
flow_wide_node86node2_t5,node86source_node2transit
flow_timber_node86node3_t1,node86source_node3transit
flow_timber_node86node3_t2,node86source_node3transit
flow_timber_node86node3_t3,node86source_node3transit
flow_timber_node86node3_t4,node86source_node3transit
flow_timber_node86node3_t5,node86source_node3transit
flow_wide_node86node3_t1,node86source_node3transit
flow_wide_node86node3_t2,node86source_node3transit
flow_wide_node86node3_t3,node86source_node3transit
flow_wide_node86node3_t4,node86source_node3transit
flow_wide_node86node3_t5,node86source_node3transit
flow_timber_node86node36_t1,node86source_node36exit
flow_timber_node86node36_t2,node86source_node36exit
flow_timber_node86node36_t3,node86source_node36exit
flow_timber_node86node36_t4,node86source_node36exit
flow_timber_node86node36_t5,node86source_node36exit
flow_wide_node86node36_t1,node86source_node36exit
flow_wide_node86node36_t2,node86source_node36exit
flow_wide_node86node36_t3,node86source_node36exit
flow_wide_node86node36_t4,node86source_node36exit
flow_wide_node86node36_t5,node86source_node36exit
flow_timber_node86node53_t1,node86source_node53exit
flow_timber_node86node53_t2,node86source_node53exit
flow_timber_node86node53_t3,node86source_node53exit
flow_timber_node86node53_t4,node86source_node53exit
flow_timber_node86node53_t5,node86source_node53exit
flow_wide_node86node53_t1,node86source_node53exit
flow_wide_node86node53_t2,node86source_node53exit
flow_wide_node86node53_t3,node86source_node53exit
flow_wide_node86node53_t4,node86source_node53exit
flow_wide_node86node53_t5,node86source_node53exit
flow_timber_node89node2_t1,node89source_node2transit
flow_timber_node89node2_t2,node89source_node2transit
flow_timber_node89node2_t3,node89source_node2transit
flow_timber_node89node2_t4,node89source_node2transit
flow_timber_node89node2_t5,node89source_node2transit
flow_wide_node89node2_t1,node89source_node2transit
flow_wide_node89node2_t2,node89source_node2transit
flow_wide_node89node2_t3,node89source_node2transit
flow_wide_node89node2_t4,node89source_node2transit
flow_wide_node89node2_t5,node89source_node2transit
flow_timber_node89node12_t1,node89source_node12exit
flow_timber_node89node12_t2,node89source_node12exit
flow_timber_node89node12_t3,node89source_node12exit
flow_timber_node89node12_t4,node89source_node12exit
flow_timber_node89node12_t5,node89source_node12exit
flow_wide_node89node12_t1,node89source_node12exit
flow_wide_node89node12_t2,node89source_node12exit
flow_wide_node89node12_t3,node89source_node12exit
flow_wide_node89node12_t4,node89source_node12exit
flow_wide_node89node12_t5,node89source_node12exit
flow_timber_node89node13_t1,node89source_node13exit
flow_timber_node89node13_t2,node89source_node13exit
flow_timber_node89node13_t3,node89source_node13exit
flow_timber_node89node13_t4,node89source_node13exit
flow_timber_node89node13_t5,node89source_node13exit
flow_wide_node89node13_t1,node89source_node13exit
flow_wide_node89node13_t2,node89source_node13exit
flow_wide_node89node13_t3,node89source_node13exit
flow_wide_node89node13_t4,node89source_node13exit
flow_wide_node89node13_t5,node89source_node13exit
flow_timber_node89node21_t1,node89source_node21transit
flow_timber_node89node21_t2,node89source_node21transit
flow_timber_node89node21_t3,node89source_node21transit
flow_timber_node89node21_t4,node89source_node21transit
flow_timber_node89node21_t5,node89source_node21transit
flow_wide_node89node21_t1,node89source_node21transit
flow_wide_node89node21_t2,node89source_node21transit
flow_wide_node89node21_t3,node89source_node21transit
flow_wide_node89node21_t4,node89source_node21transit
flow_wide_node89node21_t5,node89source_node21transit
flow_timber_node89node26_t1,node89source_node26transit
flow_timber_node89node26_t2,node89source_node26transit
flow_timber_node89node26_t3,node89source_node26transit
flow_timber_node89node26_t4,node89source_node26transit
flow_timber_node89node26_t5,node89source_node26transit
flow_wide_node89node26_t1,node89source_node26transit
flow_wide_node89node26_t2,node89source_node26transit
flow_wide_node89node26_t3,node89source_node26transit
flow_wide_node89node26_t4,node89source_node26transit
flow_wide_node89node26_t5,node89source_node26transit
flow_timber_node89node38_t1,node89source_node38transit
flow_timber_node89node38_t2,node89source_node38transit
flow_timber_node89node38_t3,node89source_node38transit
flow_timber_node89node38_t4,node89source_node38transit
flow_timber_node89node38_t5,node89source_node38transit
flow_wide_node89node38_t1,node89source_node38transit
flow_wide_node89node38_t2,node89source_node38transit
flow_wide_node89node38_t3,node89source_node38transit
flow_wide_node89node38_t4,node89source_node38transit
flow_wide_node89node38_t5,node89source_node38transit
flow_timber_node89node47_t1,node89source_node47exit
flow_timber_node89node47_t2,node89source_node47exit
flow_timber_node89node47_t3,node89source_node47exit
flow_timber_node89node47_t4,node89source_node47exit
flow_timber_node89node47_t5,node89source_node47exit
flow_wide_node89node47_t1,node89source_node47exit
flow_wide_node89node47_t2,node89source_node47exit
flow_wide_node89node47_t3,node89source_node47exit
flow_wide_node89node47_t4,node89source_node47exit
flow_wide_node89node47_t5,node89source_node47exit
flow_timber_node92node2_t1,node92source_node2transit
flow_timber_node92node2_t2,node92source_node2transit
flow_timber_node92node2_t3,node92source_node2transit
flow_timber_node92node2_t4,node92source_node2transit
flow_timber_node92node2_t5,node92source_node2transit
flow_wide_node92node2_t1,node92source_node2transit
flow_wide_node92node2_t2,node92source_node2transit
flow_wide_node92node2_t3,node92source_node2transit
flow_wide_node92node2_t4,node92source_node2transit
flow_wide_node92node2_t5,node92source_node2transit
flow_timber_node92node3_t1,node92source_node3transit
flow_timber_node92node3_t2,node92source_node3transit
flow_timber_node92node3_t3,node92source_node3transit
flow_timber_node92node3_t4,node92source_node3transit
flow_timber_node92node3_t5,node92source_node3transit
flow_wide_node92node3_t1,node92source_node3transit
flow_wide_node92node3_t2,node92source_node3transit
flow_wide_node92node3_t3,node92source_node3transit
flow_wide_node92node3_t4,node92source_node3transit
flow_wide_node92node3_t5,node92source_node3transit
flow_timber_node92node9_t1,node92source_node9transit
flow_timber_node92node9_t2,node92source_node9transit
flow_timber_node92node9_t3,node92source_node9transit
flow_timber_node92node9_t4,node92source_node9transit
flow_timber_node92node9_t5,node92source_node9transit
flow_wide_node92node9_t1,node92source_node9transit
flow_wide_node92node9_t2,node92source_node9transit
flow_wide_node92node9_t3,node92source_node9transit
flow_wide_node92node9_t4,node92source_node9transit
flow_wide_node92node9_t5,node92source_node9transit
flow_timber_node92node38_t1,node92source_node38transit
flow_timber_node92node38_t2,node92source_node38transit
flow_timber_node92node38_t3,node92source_node38transit
flow_timber_node92node38_t4,node92source_node38transit
flow_timber_node92node38_t5,node92source_node38transit
flow_wide_node92node38_t1,node92source_node38transit
flow_wide_node92node38_t2,node92source_node38transit
flow_wide_node92node38_t3,node92source_node38transit
flow_wide_node92node38_t4,node92source_node38transit
flow_wide_node92node38_t5,node92source_node38transit
flow_timber_node36node3_t1,node36exit_node3transit
flow_timber_node36node3_t2,node36exit_node3transit
flow_timber_node36node3_t3,node36exit_node3transit
flow_timber_node36node3_t4,node36exit_node3transit
flow_timber_node36node3_t5,node36exit_node3transit
flow_wide_node36node3_t1,node36exit_node3transit
flow_wide_node36node3_t2,node36exit_node3transit
flow_wide_node36node3_t3,node36exit_node3transit
flow_wide_node36node3_t4,node36exit_node3transit
flow_wide_node36node3_t5,node36exit_node3transit
flow_timber_node36node53_t1,node36exit_node53exit
flow_timber_node36node53_t2,node36exit_node53exit
flow_timber_node36node53_t3,node36exit_node53exit
flow_timber_node36node53_t4,node36exit_node53exit
flow_timber_node36node53_t5,node36exit_node53exit
flow_wide_node36node53_t1,node36exit_node53exit
flow_wide_node36node53_t2,node36exit_node53exit
flow_wide_node36node53_t3,node36exit_node53exit
flow_wide_node36node53_t4,node36exit_node53exit
flow_wide_node36node53_t5,node36exit_node53exit
flow_timber_node36node86_t1,node36exit_node86source
flow_timber_node36node86_t2,node36exit_node86source
flow_timber_node36node86_t3,node36exit_node86source
flow_timber_node36node86_t4,node36exit_node86source
flow_timber_node36node86_t5,node36exit_node86source
flow_wide_node36node86_t1,node36exit_node86source
flow_wide_node36node86_t2,node36exit_node86source
flow_wide_node36node86_t3,node36exit_node86source
flow_wide_node36node86_t4,node36exit_node86source
flow_wide_node36node86_t5,node36exit_node86source
flow_timber_node36node90_t1,node36exit_node90source
flow_timber_node36node90_t2,node36exit_node90source
flow_timber_node36node90_t3,node36exit_node90source
flow_timber_node36node90_t4,node36exit_node90source
flow_timber_node36node90_t5,node36exit_node90source
flow_wide_node36node90_t1,node36exit_node90source
flow_wide_node36node90_t2,node36exit_node90source
flow_wide_node36node90_t3,node36exit_node90source
flow_wide_node36node90_t4,node36exit_node90source
flow_wide_node36node90_t5,node36exit_node90source
flow_timber_node9node3_t1,node9transit_node3transit
flow_timber_node9node3_t2,node9transit_node3transit
flow_timber_node9node3_t3,node9transit_node3transit
flow_timber_node9node3_t4,node9transit_node3transit
flow_timber_node9node3_t5,node9transit_node3transit
flow_wide_node9node3_t1,node9transit_node3transit
flow_wide_node9node3_t2,node9transit_node3transit
flow_wide_node9node3_t3,node9transit_node3transit
flow_wide_node9node3_t4,node9transit_node3transit
flow_wide_node9node3_t5,node9transit_node3transit
flow_timber_node9node38_t1,node9transit_node38transit
flow_timber_node9node38_t2,node9transit_node38transit
flow_timber_node9node38_t3,node9transit_node38transit
flow_timber_node9node38_t4,node9transit_node38transit
flow_timber_node9node38_t5,node9transit_node38transit
flow_wide_node9node38_t1,node9transit_node38transit
flow_wide_node9node38_t2,node9transit_node38transit
flow_wide_node9node38_t3,node9transit_node38transit
flow_wide_node9node38_t4,node9transit_node38transit
flow_wide_node9node38_t5,node9transit_node38transit
flow_timber_node9node27_t1,node9transit_node27transit
flow_timber_node9node27_t2,node9transit_node27transit
flow_timber_node9node27_t3,node9transit_node27transit
flow_timber_node9node27_t4,node9transit_node27transit
flow_timber_node9node27_t5,node9transit_node27transit
flow_wide_node9node27_t1,node9transit_node27transit
flow_wide_node9node27_t2,node9transit_node27transit
flow_wide_node9node27_t3,node9transit_node27transit
flow_wide_node9node27_t4,node9transit_node27transit
flow_wide_node9node27_t5,node9transit_node27transit
flow_timber_node9node90_t1,node9transit_node90source
flow_timber_node9node90_t2,node9transit_node90source
flow_timber_node9node90_t3,node9transit_node90source
flow_timber_node9node90_t4,node9transit_node90source
flow_timber_node9node90_t5,node9transit_node90source
flow_wide_node9node90_t1,node9transit_node90source
flow_wide_node9node90_t2,node9transit_node90source
flow_wide_node9node90_t3,node9transit_node90source
flow_wide_node9node90_t4,node9transit_node90source
flow_wide_node9node90_t5,node9transit_node90source
flow_timber_node9node92_t1,node9transit_node92source
flow_timber_node9node92_t2,node9transit_node92source
flow_timber_node9node92_t3,node9transit_node92source
flow_timber_node9node92_t4,node9transit_node92source
flow_timber_node9node92_t5,node9transit_node92source
flow_wide_node9node92_t1,node9transit_node92source
flow_wide_node9node92_t2,node9transit_node92source
flow_wide_node9node92_t3,node9transit_node92source
flow_wide_node9node92_t4,node9transit_node92source
flow_wide_node9node92_t5,node9transit_node92source
flow_timber_node9node95_t1,node9transit_node95source
flow_timber_node9node95_t2,node9transit_node95source
flow_timber_node9node95_t3,node9transit_node95source
flow_timber_node9node95_t4,node9transit_node95source
flow_timber_node9node95_t5,node9transit_node95source
flow_wide_node9node95_t1,node9transit_node95source
flow_wide_node9node95_t2,node9transit_node95source
flow_wide_node9node95_t3,node9transit_node95source
flow_wide_node9node95_t4,node9transit_node95source
flow_wide_node9node95_t5,node9transit_node95source
flow_timber_node90node3_t1,node90source_node3transit
flow_timber_node90node3_t2,node90source_node3transit
flow_timber_node90node3_t3,node90source_node3transit
flow_timber_node90node3_t4,node90source_node3transit
flow_timber_node90node3_t5,node90source_node3transit
flow_wide_node90node3_t1,node90source_node3transit
flow_wide_node90node3_t2,node90source_node3transit
flow_wide_node90node3_t3,node90source_node3transit
flow_wide_node90node3_t4,node90source_node3transit
flow_wide_node90node3_t5,node90source_node3transit
flow_timber_node90node9_t1,node90source_node9transit
flow_timber_node90node9_t2,node90source_node9transit
flow_timber_node90node9_t3,node90source_node9transit
flow_timber_node90node9_t4,node90source_node9transit
flow_timber_node90node9_t5,node90source_node9transit
flow_wide_node90node9_t1,node90source_node9transit
flow_wide_node90node9_t2,node90source_node9transit
flow_wide_node90node9_t3,node90source_node9transit
flow_wide_node90node9_t4,node90source_node9transit
flow_wide_node90node9_t5,node90source_node9transit
flow_timber_node90node16_t1,node90source_node16transit
flow_timber_node90node16_t2,node90source_node16transit
flow_timber_node90node16_t3,node90source_node16transit
flow_timber_node90node16_t4,node90source_node16transit
flow_timber_node90node16_t5,node90source_node16transit
flow_wide_node90node16_t1,node90source_node16transit
flow_wide_node90node16_t2,node90source_node16transit
flow_wide_node90node16_t3,node90source_node16transit
flow_wide_node90node16_t4,node90source_node16transit
flow_wide_node90node16_t5,node90source_node16transit
flow_timber_node90node20_t1,node90source_node20exit
flow_timber_node90node20_t2,node90source_node20exit
flow_timber_node90node20_t3,node90source_node20exit
flow_timber_node90node20_t4,node90source_node20exit
flow_timber_node90node20_t5,node90source_node20exit
flow_wide_node90node20_t1,node90source_node20exit
flow_wide_node90node20_t2,node90source_node20exit
flow_wide_node90node20_t3,node90source_node20exit
flow_wide_node90node20_t4,node90source_node20exit
flow_wide_node90node20_t5,node90source_node20exit
flow_timber_node90node22_t1,node90source_node22transit
flow_timber_node90node22_t2,node90source_node22transit
flow_timber_node90node22_t3,node90source_node22transit
flow_timber_node90node22_t4,node90source_node22transit
flow_timber_node90node22_t5,node90source_node22transit
flow_wide_node90node22_t1,node90source_node22transit
flow_wide_node90node22_t2,node90source_node22transit
flow_wide_node90node22_t3,node90source_node22transit
flow_wide_node90node22_t4,node90source_node22transit
flow_wide_node90node22_t5,node90source_node22transit
flow_timber_node90node27_t1,node90source_node27transit
flow_timber_node90node27_t2,node90source_node27transit
flow_timber_node90node27_t3,node90source_node27transit
flow_timber_node90node27_t4,node90source_node27transit
flow_timber_node90node27_t5,node90source_node27transit
flow_wide_node90node27_t1,node90source_node27transit
flow_wide_node90node27_t2,node90source_node27transit
flow_wide_node90node27_t3,node90source_node27transit
flow_wide_node90node27_t4,node90source_node27transit
flow_wide_node90node27_t5,node90source_node27transit
flow_timber_node90node30_t1,node90source_node30transit
flow_timber_node90node30_t2,node90source_node30transit
flow_timber_node90node30_t3,node90source_node30transit
flow_timber_node90node30_t4,node90source_node30transit
flow_timber_node90node30_t5,node90source_node30transit
flow_wide_node90node30_t1,node90source_node30transit
flow_wide_node90node30_t2,node90source_node30transit
flow_wide_node90node30_t3,node90source_node30transit
flow_wide_node90node30_t4,node90source_node30transit
flow_wide_node90node30_t5,node90source_node30transit
flow_timber_node90node31_t1,node90source_node31transit
flow_timber_node90node31_t2,node90source_node31transit
flow_timber_node90node31_t3,node90source_node31transit
flow_timber_node90node31_t4,node90source_node31transit
flow_timber_node90node31_t5,node90source_node31transit
flow_wide_node90node31_t1,node90source_node31transit
flow_wide_node90node31_t2,node90source_node31transit
flow_wide_node90node31_t3,node90source_node31transit
flow_wide_node90node31_t4,node90source_node31transit
flow_wide_node90node31_t5,node90source_node31transit
flow_timber_node90node36_t1,node90source_node36exit
flow_timber_node90node36_t2,node90source_node36exit
flow_timber_node90node36_t3,node90source_node36exit
flow_timber_node90node36_t4,node90source_node36exit
flow_timber_node90node36_t5,node90source_node36exit
flow_wide_node90node36_t1,node90source_node36exit
flow_wide_node90node36_t2,node90source_node36exit
flow_wide_node90node36_t3,node90source_node36exit
flow_wide_node90node36_t4,node90source_node36exit
flow_wide_node90node36_t5,node90source_node36exit
flow_timber_node90node37_t1,node90source_node37transit
flow_timber_node90node37_t2,node90source_node37transit
flow_timber_node90node37_t3,node90source_node37transit
flow_timber_node90node37_t4,node90source_node37transit
flow_timber_node90node37_t5,node90source_node37transit
flow_wide_node90node37_t1,node90source_node37transit
flow_wide_node90node37_t2,node90source_node37transit
flow_wide_node90node37_t3,node90source_node37transit
flow_wide_node90node37_t4,node90source_node37transit
flow_wide_node90node37_t5,node90source_node37transit
flow_timber_node90node49_t1,node90source_node49transit
flow_timber_node90node49_t2,node90source_node49transit
flow_timber_node90node49_t3,node90source_node49transit
flow_timber_node90node49_t4,node90source_node49transit
flow_timber_node90node49_t5,node90source_node49transit
flow_wide_node90node49_t1,node90source_node49transit
flow_wide_node90node49_t2,node90source_node49transit
flow_wide_node90node49_t3,node90source_node49transit
flow_wide_node90node49_t4,node90source_node49transit
flow_wide_node90node49_t5,node90source_node49transit
flow_timber_node90node53_t1,node90source_node53exit
flow_timber_node90node53_t2,node90source_node53exit
flow_timber_node90node53_t3,node90source_node53exit
flow_timber_node90node53_t4,node90source_node53exit
flow_timber_node90node53_t5,node90source_node53exit
flow_wide_node90node53_t1,node90source_node53exit
flow_wide_node90node53_t2,node90source_node53exit
flow_wide_node90node53_t3,node90source_node53exit
flow_wide_node90node53_t4,node90source_node53exit
flow_wide_node90node53_t5,node90source_node53exit
flow_timber_node4node5_t1,node4exit_node5transit
flow_timber_node4node5_t2,node4exit_node5transit
flow_timber_node4node5_t3,node4exit_node5transit
flow_timber_node4node5_t4,node4exit_node5transit
flow_timber_node4node5_t5,node4exit_node5transit
flow_wide_node4node5_t1,node4exit_node5transit
flow_wide_node4node5_t2,node4exit_node5transit
flow_wide_node4node5_t3,node4exit_node5transit
flow_wide_node4node5_t4,node4exit_node5transit
flow_wide_node4node5_t5,node4exit_node5transit
flow_timber_node4node46_t1,node4exit_node46transit
flow_timber_node4node46_t2,node4exit_node46transit
flow_timber_node4node46_t3,node4exit_node46transit
flow_timber_node4node46_t4,node4exit_node46transit
flow_timber_node4node46_t5,node4exit_node46transit
flow_wide_node4node46_t1,node4exit_node46transit
flow_wide_node4node46_t2,node4exit_node46transit
flow_wide_node4node46_t3,node4exit_node46transit
flow_wide_node4node46_t4,node4exit_node46transit
flow_wide_node4node46_t5,node4exit_node46transit
flow_timber_node4node96_t1,node4exit_node96source
flow_timber_node4node96_t2,node4exit_node96source
flow_timber_node4node96_t3,node4exit_node96source
flow_timber_node4node96_t4,node4exit_node96source
flow_timber_node4node96_t5,node4exit_node96source
flow_wide_node4node96_t1,node4exit_node96source
flow_wide_node4node96_t2,node4exit_node96source
flow_wide_node4node96_t3,node4exit_node96source
flow_wide_node4node96_t4,node4exit_node96source
flow_wide_node4node96_t5,node4exit_node96source
flow_timber_node5node4_t1,node5transit_node4exit
flow_timber_node5node4_t2,node5transit_node4exit
flow_timber_node5node4_t3,node5transit_node4exit
flow_timber_node5node4_t4,node5transit_node4exit
flow_timber_node5node4_t5,node5transit_node4exit
flow_wide_node5node4_t1,node5transit_node4exit
flow_wide_node5node4_t2,node5transit_node4exit
flow_wide_node5node4_t3,node5transit_node4exit
flow_wide_node5node4_t4,node5transit_node4exit
flow_wide_node5node4_t5,node5transit_node4exit
flow_timber_node5node30_t1,node5transit_node30transit
flow_timber_node5node30_t2,node5transit_node30transit
flow_timber_node5node30_t3,node5transit_node30transit
flow_timber_node5node30_t4,node5transit_node30transit
flow_timber_node5node30_t5,node5transit_node30transit
flow_wide_node5node30_t1,node5transit_node30transit
flow_wide_node5node30_t2,node5transit_node30transit
flow_wide_node5node30_t3,node5transit_node30transit
flow_wide_node5node30_t4,node5transit_node30transit
flow_wide_node5node30_t5,node5transit_node30transit
flow_timber_node5node50_t1,node5transit_node50transit
flow_timber_node5node50_t2,node5transit_node50transit
flow_timber_node5node50_t3,node5transit_node50transit
flow_timber_node5node50_t4,node5transit_node50transit
flow_timber_node5node50_t5,node5transit_node50transit
flow_wide_node5node50_t1,node5transit_node50transit
flow_wide_node5node50_t2,node5transit_node50transit
flow_wide_node5node50_t3,node5transit_node50transit
flow_wide_node5node50_t4,node5transit_node50transit
flow_wide_node5node50_t5,node5transit_node50transit
flow_timber_node5node81_t1,node5transit_node81source
flow_timber_node5node81_t2,node5transit_node81source
flow_timber_node5node81_t3,node5transit_node81source
flow_timber_node5node81_t4,node5transit_node81source
flow_timber_node5node81_t5,node5transit_node81source
flow_wide_node5node81_t1,node5transit_node81source
flow_wide_node5node81_t2,node5transit_node81source
flow_wide_node5node81_t3,node5transit_node81source
flow_wide_node5node81_t4,node5transit_node81source
flow_wide_node5node81_t5,node5transit_node81source
flow_timber_node5node96_t1,node5transit_node96source
flow_timber_node5node96_t2,node5transit_node96source
flow_timber_node5node96_t3,node5transit_node96source
flow_timber_node5node96_t4,node5transit_node96source
flow_timber_node5node96_t5,node5transit_node96source
flow_wide_node5node96_t1,node5transit_node96source
flow_wide_node5node96_t2,node5transit_node96source
flow_wide_node5node96_t3,node5transit_node96source
flow_wide_node5node96_t4,node5transit_node96source
flow_wide_node5node96_t5,node5transit_node96source
flow_timber_node46node4_t1,node46transit_node4exit
flow_timber_node46node4_t2,node46transit_node4exit
flow_timber_node46node4_t3,node46transit_node4exit
flow_timber_node46node4_t4,node46transit_node4exit
flow_timber_node46node4_t5,node46transit_node4exit
flow_wide_node46node4_t1,node46transit_node4exit
flow_wide_node46node4_t2,node46transit_node4exit
flow_wide_node46node4_t3,node46transit_node4exit
flow_wide_node46node4_t4,node46transit_node4exit
flow_wide_node46node4_t5,node46transit_node4exit
flow_timber_node46node27_t1,node46transit_node27transit
flow_timber_node46node27_t2,node46transit_node27transit
flow_timber_node46node27_t3,node46transit_node27transit
flow_timber_node46node27_t4,node46transit_node27transit
flow_timber_node46node27_t5,node46transit_node27transit
flow_wide_node46node27_t1,node46transit_node27transit
flow_wide_node46node27_t2,node46transit_node27transit
flow_wide_node46node27_t3,node46transit_node27transit
flow_wide_node46node27_t4,node46transit_node27transit
flow_wide_node46node27_t5,node46transit_node27transit
flow_timber_node46node54_t1,node46transit_node54transit
flow_timber_node46node54_t2,node46transit_node54transit
flow_timber_node46node54_t3,node46transit_node54transit
flow_timber_node46node54_t4,node46transit_node54transit
flow_timber_node46node54_t5,node46transit_node54transit
flow_wide_node46node54_t1,node46transit_node54transit
flow_wide_node46node54_t2,node46transit_node54transit
flow_wide_node46node54_t3,node46transit_node54transit
flow_wide_node46node54_t4,node46transit_node54transit
flow_wide_node46node54_t5,node46transit_node54transit
flow_timber_node46node95_t1,node46transit_node95source
flow_timber_node46node95_t2,node46transit_node95source
flow_timber_node46node95_t3,node46transit_node95source
flow_timber_node46node95_t4,node46transit_node95source
flow_timber_node46node95_t5,node46transit_node95source
flow_wide_node46node95_t1,node46transit_node95source
flow_wide_node46node95_t2,node46transit_node95source
flow_wide_node46node95_t3,node46transit_node95source
flow_wide_node46node95_t4,node46transit_node95source
flow_wide_node46node95_t5,node46transit_node95source
flow_timber_node46node96_t1,node46transit_node96source
flow_timber_node46node96_t2,node46transit_node96source
flow_timber_node46node96_t3,node46transit_node96source
flow_timber_node46node96_t4,node46transit_node96source
flow_timber_node46node96_t5,node46transit_node96source
flow_wide_node46node96_t1,node46transit_node96source
flow_wide_node46node96_t2,node46transit_node96source
flow_wide_node46node96_t3,node46transit_node96source
flow_wide_node46node96_t4,node46transit_node96source
flow_wide_node46node96_t5,node46transit_node96source
flow_timber_node96node4_t1,node96source_node4exit
flow_timber_node96node4_t2,node96source_node4exit
flow_timber_node96node4_t3,node96source_node4exit
flow_timber_node96node4_t4,node96source_node4exit
flow_timber_node96node4_t5,node96source_node4exit
flow_wide_node96node4_t1,node96source_node4exit
flow_wide_node96node4_t2,node96source_node4exit
flow_wide_node96node4_t3,node96source_node4exit
flow_wide_node96node4_t4,node96source_node4exit
flow_wide_node96node4_t5,node96source_node4exit
flow_timber_node96node5_t1,node96source_node5transit
flow_timber_node96node5_t2,node96source_node5transit
flow_timber_node96node5_t3,node96source_node5transit
flow_timber_node96node5_t4,node96source_node5transit
flow_timber_node96node5_t5,node96source_node5transit
flow_wide_node96node5_t1,node96source_node5transit
flow_wide_node96node5_t2,node96source_node5transit
flow_wide_node96node5_t3,node96source_node5transit
flow_wide_node96node5_t4,node96source_node5transit
flow_wide_node96node5_t5,node96source_node5transit
flow_timber_node96node27_t1,node96source_node27transit
flow_timber_node96node27_t2,node96source_node27transit
flow_timber_node96node27_t3,node96source_node27transit
flow_timber_node96node27_t4,node96source_node27transit
flow_timber_node96node27_t5,node96source_node27transit
flow_wide_node96node27_t1,node96source_node27transit
flow_wide_node96node27_t2,node96source_node27transit
flow_wide_node96node27_t3,node96source_node27transit
flow_wide_node96node27_t4,node96source_node27transit
flow_wide_node96node27_t5,node96source_node27transit
flow_timber_node96node30_t1,node96source_node30transit
flow_timber_node96node30_t2,node96source_node30transit
flow_timber_node96node30_t3,node96source_node30transit
flow_timber_node96node30_t4,node96source_node30transit
flow_timber_node96node30_t5,node96source_node30transit
flow_wide_node96node30_t1,node96source_node30transit
flow_wide_node96node30_t2,node96source_node30transit
flow_wide_node96node30_t3,node96source_node30transit
flow_wide_node96node30_t4,node96source_node30transit
flow_wide_node96node30_t5,node96source_node30transit
flow_timber_node96node46_t1,node96source_node46transit
flow_timber_node96node46_t2,node96source_node46transit
flow_timber_node96node46_t3,node96source_node46transit
flow_timber_node96node46_t4,node96source_node46transit
flow_timber_node96node46_t5,node96source_node46transit
flow_wide_node96node46_t1,node96source_node46transit
flow_wide_node96node46_t2,node96source_node46transit
flow_wide_node96node46_t3,node96source_node46transit
flow_wide_node96node46_t4,node96source_node46transit
flow_wide_node96node46_t5,node96source_node46transit
flow_timber_node30node5_t1,node30transit_node5transit
flow_timber_node30node5_t2,node30transit_node5transit
flow_timber_node30node5_t3,node30transit_node5transit
flow_timber_node30node5_t4,node30transit_node5transit
flow_timber_node30node5_t5,node30transit_node5transit
flow_wide_node30node5_t1,node30transit_node5transit
flow_wide_node30node5_t2,node30transit_node5transit
flow_wide_node30node5_t3,node30transit_node5transit
flow_wide_node30node5_t4,node30transit_node5transit
flow_wide_node30node5_t5,node30transit_node5transit
flow_timber_node30node27_t1,node30transit_node27transit
flow_timber_node30node27_t2,node30transit_node27transit
flow_timber_node30node27_t3,node30transit_node27transit
flow_timber_node30node27_t4,node30transit_node27transit
flow_timber_node30node27_t5,node30transit_node27transit
flow_wide_node30node27_t1,node30transit_node27transit
flow_wide_node30node27_t2,node30transit_node27transit
flow_wide_node30node27_t3,node30transit_node27transit
flow_wide_node30node27_t4,node30transit_node27transit
flow_wide_node30node27_t5,node30transit_node27transit
flow_timber_node30node49_t1,node30transit_node49transit
flow_timber_node30node49_t2,node30transit_node49transit
flow_timber_node30node49_t3,node30transit_node49transit
flow_timber_node30node49_t4,node30transit_node49transit
flow_timber_node30node49_t5,node30transit_node49transit
flow_wide_node30node49_t1,node30transit_node49transit
flow_wide_node30node49_t2,node30transit_node49transit
flow_wide_node30node49_t3,node30transit_node49transit
flow_wide_node30node49_t4,node30transit_node49transit
flow_wide_node30node49_t5,node30transit_node49transit
flow_timber_node30node81_t1,node30transit_node81source
flow_timber_node30node81_t2,node30transit_node81source
flow_timber_node30node81_t3,node30transit_node81source
flow_timber_node30node81_t4,node30transit_node81source
flow_timber_node30node81_t5,node30transit_node81source
flow_wide_node30node81_t1,node30transit_node81source
flow_wide_node30node81_t2,node30transit_node81source
flow_wide_node30node81_t3,node30transit_node81source
flow_wide_node30node81_t4,node30transit_node81source
flow_wide_node30node81_t5,node30transit_node81source
flow_timber_node30node90_t1,node30transit_node90source
flow_timber_node30node90_t2,node30transit_node90source
flow_timber_node30node90_t3,node30transit_node90source
flow_timber_node30node90_t4,node30transit_node90source
flow_timber_node30node90_t5,node30transit_node90source
flow_wide_node30node90_t1,node30transit_node90source
flow_wide_node30node90_t2,node30transit_node90source
flow_wide_node30node90_t3,node30transit_node90source
flow_wide_node30node90_t4,node30transit_node90source
flow_wide_node30node90_t5,node30transit_node90source
flow_timber_node30node96_t1,node30transit_node96source
flow_timber_node30node96_t2,node30transit_node96source
flow_timber_node30node96_t3,node30transit_node96source
flow_timber_node30node96_t4,node30transit_node96source
flow_timber_node30node96_t5,node30transit_node96source
flow_wide_node30node96_t1,node30transit_node96source
flow_wide_node30node96_t2,node30transit_node96source
flow_wide_node30node96_t3,node30transit_node96source
flow_wide_node30node96_t4,node30transit_node96source
flow_wide_node30node96_t5,node30transit_node96source
flow_timber_node50node5_t1,node50transit_node5transit
flow_timber_node50node5_t2,node50transit_node5transit
flow_timber_node50node5_t3,node50transit_node5transit
flow_timber_node50node5_t4,node50transit_node5transit
flow_timber_node50node5_t5,node50transit_node5transit
flow_wide_node50node5_t1,node50transit_node5transit
flow_wide_node50node5_t2,node50transit_node5transit
flow_wide_node50node5_t3,node50transit_node5transit
flow_wide_node50node5_t4,node50transit_node5transit
flow_wide_node50node5_t5,node50transit_node5transit
flow_timber_node50node35_t1,node50transit_node35transit
flow_timber_node50node35_t2,node50transit_node35transit
flow_timber_node50node35_t3,node50transit_node35transit
flow_timber_node50node35_t4,node50transit_node35transit
flow_timber_node50node35_t5,node50transit_node35transit
flow_wide_node50node35_t1,node50transit_node35transit
flow_wide_node50node35_t2,node50transit_node35transit
flow_wide_node50node35_t3,node50transit_node35transit
flow_wide_node50node35_t4,node50transit_node35transit
flow_wide_node50node35_t5,node50transit_node35transit
flow_timber_node50node42_t1,node50transit_node42transit
flow_timber_node50node42_t2,node50transit_node42transit
flow_timber_node50node42_t3,node50transit_node42transit
flow_timber_node50node42_t4,node50transit_node42transit
flow_timber_node50node42_t5,node50transit_node42transit
flow_wide_node50node42_t1,node50transit_node42transit
flow_wide_node50node42_t2,node50transit_node42transit
flow_wide_node50node42_t3,node50transit_node42transit
flow_wide_node50node42_t4,node50transit_node42transit
flow_wide_node50node42_t5,node50transit_node42transit
flow_timber_node50node77_t1,node50transit_node77source
flow_timber_node50node77_t2,node50transit_node77source
flow_timber_node50node77_t3,node50transit_node77source
flow_timber_node50node77_t4,node50transit_node77source
flow_timber_node50node77_t5,node50transit_node77source
flow_wide_node50node77_t1,node50transit_node77source
flow_wide_node50node77_t2,node50transit_node77source
flow_wide_node50node77_t3,node50transit_node77source
flow_wide_node50node77_t4,node50transit_node77source
flow_wide_node50node77_t5,node50transit_node77source
flow_timber_node50node81_t1,node50transit_node81source
flow_timber_node50node81_t2,node50transit_node81source
flow_timber_node50node81_t3,node50transit_node81source
flow_timber_node50node81_t4,node50transit_node81source
flow_timber_node50node81_t5,node50transit_node81source
flow_wide_node50node81_t1,node50transit_node81source
flow_wide_node50node81_t2,node50transit_node81source
flow_wide_node50node81_t3,node50transit_node81source
flow_wide_node50node81_t4,node50transit_node81source
flow_wide_node50node81_t5,node50transit_node81source
flow_timber_node81node5_t1,node81source_node5transit
flow_timber_node81node5_t2,node81source_node5transit
flow_timber_node81node5_t3,node81source_node5transit
flow_timber_node81node5_t4,node81source_node5transit
flow_timber_node81node5_t5,node81source_node5transit
flow_wide_node81node5_t1,node81source_node5transit
flow_wide_node81node5_t2,node81source_node5transit
flow_wide_node81node5_t3,node81source_node5transit
flow_wide_node81node5_t4,node81source_node5transit
flow_wide_node81node5_t5,node81source_node5transit
flow_timber_node81node19_t1,node81source_node19transit
flow_timber_node81node19_t2,node81source_node19transit
flow_timber_node81node19_t3,node81source_node19transit
flow_timber_node81node19_t4,node81source_node19transit
flow_timber_node81node19_t5,node81source_node19transit
flow_wide_node81node19_t1,node81source_node19transit
flow_wide_node81node19_t2,node81source_node19transit
flow_wide_node81node19_t3,node81source_node19transit
flow_wide_node81node19_t4,node81source_node19transit
flow_wide_node81node19_t5,node81source_node19transit
flow_timber_node81node25_t1,node81source_node25transit
flow_timber_node81node25_t2,node81source_node25transit
flow_timber_node81node25_t3,node81source_node25transit
flow_timber_node81node25_t4,node81source_node25transit
flow_timber_node81node25_t5,node81source_node25transit
flow_wide_node81node25_t1,node81source_node25transit
flow_wide_node81node25_t2,node81source_node25transit
flow_wide_node81node25_t3,node81source_node25transit
flow_wide_node81node25_t4,node81source_node25transit
flow_wide_node81node25_t5,node81source_node25transit
flow_timber_node81node30_t1,node81source_node30transit
flow_timber_node81node30_t2,node81source_node30transit
flow_timber_node81node30_t3,node81source_node30transit
flow_timber_node81node30_t4,node81source_node30transit
flow_timber_node81node30_t5,node81source_node30transit
flow_wide_node81node30_t1,node81source_node30transit
flow_wide_node81node30_t2,node81source_node30transit
flow_wide_node81node30_t3,node81source_node30transit
flow_wide_node81node30_t4,node81source_node30transit
flow_wide_node81node30_t5,node81source_node30transit
flow_timber_node81node35_t1,node81source_node35transit
flow_timber_node81node35_t2,node81source_node35transit
flow_timber_node81node35_t3,node81source_node35transit
flow_timber_node81node35_t4,node81source_node35transit
flow_timber_node81node35_t5,node81source_node35transit
flow_wide_node81node35_t1,node81source_node35transit
flow_wide_node81node35_t2,node81source_node35transit
flow_wide_node81node35_t3,node81source_node35transit
flow_wide_node81node35_t4,node81source_node35transit
flow_wide_node81node35_t5,node81source_node35transit
flow_timber_node81node43_t1,node81source_node43transit
flow_timber_node81node43_t2,node81source_node43transit
flow_timber_node81node43_t3,node81source_node43transit
flow_timber_node81node43_t4,node81source_node43transit
flow_timber_node81node43_t5,node81source_node43transit
flow_wide_node81node43_t1,node81source_node43transit
flow_wide_node81node43_t2,node81source_node43transit
flow_wide_node81node43_t3,node81source_node43transit
flow_wide_node81node43_t4,node81source_node43transit
flow_wide_node81node43_t5,node81source_node43transit
flow_timber_node81node49_t1,node81source_node49transit
flow_timber_node81node49_t2,node81source_node49transit
flow_timber_node81node49_t3,node81source_node49transit
flow_timber_node81node49_t4,node81source_node49transit
flow_timber_node81node49_t5,node81source_node49transit
flow_wide_node81node49_t1,node81source_node49transit
flow_wide_node81node49_t2,node81source_node49transit
flow_wide_node81node49_t3,node81source_node49transit
flow_wide_node81node49_t4,node81source_node49transit
flow_wide_node81node49_t5,node81source_node49transit
flow_timber_node81node50_t1,node81source_node50transit
flow_timber_node81node50_t2,node81source_node50transit
flow_timber_node81node50_t3,node81source_node50transit
flow_timber_node81node50_t4,node81source_node50transit
flow_timber_node81node50_t5,node81source_node50transit
flow_wide_node81node50_t1,node81source_node50transit
flow_wide_node81node50_t2,node81source_node50transit
flow_wide_node81node50_t3,node81source_node50transit
flow_wide_node81node50_t4,node81source_node50transit
flow_wide_node81node50_t5,node81source_node50transit
flow_timber_node6node51_t1,node6transit_node51transit
flow_timber_node6node51_t2,node6transit_node51transit
flow_timber_node6node51_t3,node6transit_node51transit
flow_timber_node6node51_t4,node6transit_node51transit
flow_timber_node6node51_t5,node6transit_node51transit
flow_wide_node6node51_t1,node6transit_node51transit
flow_wide_node6node51_t2,node6transit_node51transit
flow_wide_node6node51_t3,node6transit_node51transit
flow_wide_node6node51_t4,node6transit_node51transit
flow_wide_node6node51_t5,node6transit_node51transit
flow_timber_node6node15_t1,node6transit_node15transit
flow_timber_node6node15_t2,node6transit_node15transit
flow_timber_node6node15_t3,node6transit_node15transit
flow_timber_node6node15_t4,node6transit_node15transit
flow_timber_node6node15_t5,node6transit_node15transit
flow_wide_node6node15_t1,node6transit_node15transit
flow_wide_node6node15_t2,node6transit_node15transit
flow_wide_node6node15_t3,node6transit_node15transit
flow_wide_node6node15_t4,node6transit_node15transit
flow_wide_node6node15_t5,node6transit_node15transit
flow_timber_node6node56_t1,node6transit_node56exit
flow_timber_node6node56_t2,node6transit_node56exit
flow_timber_node6node56_t3,node6transit_node56exit
flow_timber_node6node56_t4,node6transit_node56exit
flow_timber_node6node56_t5,node6transit_node56exit
flow_wide_node6node56_t1,node6transit_node56exit
flow_wide_node6node56_t2,node6transit_node56exit
flow_wide_node6node56_t3,node6transit_node56exit
flow_wide_node6node56_t4,node6transit_node56exit
flow_wide_node6node56_t5,node6transit_node56exit
flow_timber_node6node75_t1,node6transit_node75source
flow_timber_node6node75_t2,node6transit_node75source
flow_timber_node6node75_t3,node6transit_node75source
flow_timber_node6node75_t4,node6transit_node75source
flow_timber_node6node75_t5,node6transit_node75source
flow_wide_node6node75_t1,node6transit_node75source
flow_wide_node6node75_t2,node6transit_node75source
flow_wide_node6node75_t3,node6transit_node75source
flow_wide_node6node75_t4,node6transit_node75source
flow_wide_node6node75_t5,node6transit_node75source
flow_timber_node6node76_t1,node6transit_node76source
flow_timber_node6node76_t2,node6transit_node76source
flow_timber_node6node76_t3,node6transit_node76source
flow_timber_node6node76_t4,node6transit_node76source
flow_timber_node6node76_t5,node6transit_node76source
flow_wide_node6node76_t1,node6transit_node76source
flow_wide_node6node76_t2,node6transit_node76source
flow_wide_node6node76_t3,node6transit_node76source
flow_wide_node6node76_t4,node6transit_node76source
flow_wide_node6node76_t5,node6transit_node76source
flow_timber_node6node80_t1,node6transit_node80source
flow_timber_node6node80_t2,node6transit_node80source
flow_timber_node6node80_t3,node6transit_node80source
flow_timber_node6node80_t4,node6transit_node80source
flow_timber_node6node80_t5,node6transit_node80source
flow_wide_node6node80_t1,node6transit_node80source
flow_wide_node6node80_t2,node6transit_node80source
flow_wide_node6node80_t3,node6transit_node80source
flow_wide_node6node80_t4,node6transit_node80source
flow_wide_node6node80_t5,node6transit_node80source
flow_timber_node51node6_t1,node51transit_node6transit
flow_timber_node51node6_t2,node51transit_node6transit
flow_timber_node51node6_t3,node51transit_node6transit
flow_timber_node51node6_t4,node51transit_node6transit
flow_timber_node51node6_t5,node51transit_node6transit
flow_wide_node51node6_t1,node51transit_node6transit
flow_wide_node51node6_t2,node51transit_node6transit
flow_wide_node51node6_t3,node51transit_node6transit
flow_wide_node51node6_t4,node51transit_node6transit
flow_wide_node51node6_t5,node51transit_node6transit
flow_timber_node51node39_t1,node51transit_node39transit
flow_timber_node51node39_t2,node51transit_node39transit
flow_timber_node51node39_t3,node51transit_node39transit
flow_timber_node51node39_t4,node51transit_node39transit
flow_timber_node51node39_t5,node51transit_node39transit
flow_wide_node51node39_t1,node51transit_node39transit
flow_wide_node51node39_t2,node51transit_node39transit
flow_wide_node51node39_t3,node51transit_node39transit
flow_wide_node51node39_t4,node51transit_node39transit
flow_wide_node51node39_t5,node51transit_node39transit
flow_timber_node51node62_t1,node51transit_node62exit
flow_timber_node51node62_t2,node51transit_node62exit
flow_timber_node51node62_t3,node51transit_node62exit
flow_timber_node51node62_t4,node51transit_node62exit
flow_timber_node51node62_t5,node51transit_node62exit
flow_wide_node51node62_t1,node51transit_node62exit
flow_wide_node51node62_t2,node51transit_node62exit
flow_wide_node51node62_t3,node51transit_node62exit
flow_wide_node51node62_t4,node51transit_node62exit
flow_wide_node51node62_t5,node51transit_node62exit
flow_timber_node51node60_t1,node51transit_node60exit
flow_timber_node51node60_t2,node51transit_node60exit
flow_timber_node51node60_t3,node51transit_node60exit
flow_timber_node51node60_t4,node51transit_node60exit
flow_timber_node51node60_t5,node51transit_node60exit
flow_wide_node51node60_t1,node51transit_node60exit
flow_wide_node51node60_t2,node51transit_node60exit
flow_wide_node51node60_t3,node51transit_node60exit
flow_wide_node51node60_t4,node51transit_node60exit
flow_wide_node51node60_t5,node51transit_node60exit
flow_timber_node51node76_t1,node51transit_node76source
flow_timber_node51node76_t2,node51transit_node76source
flow_timber_node51node76_t3,node51transit_node76source
flow_timber_node51node76_t4,node51transit_node76source
flow_timber_node51node76_t5,node51transit_node76source
flow_wide_node51node76_t1,node51transit_node76source
flow_wide_node51node76_t2,node51transit_node76source
flow_wide_node51node76_t3,node51transit_node76source
flow_wide_node51node76_t4,node51transit_node76source
flow_wide_node51node76_t5,node51transit_node76source
flow_timber_node51node78_t1,node51transit_node78source
flow_timber_node51node78_t2,node51transit_node78source
flow_timber_node51node78_t3,node51transit_node78source
flow_timber_node51node78_t4,node51transit_node78source
flow_timber_node51node78_t5,node51transit_node78source
flow_wide_node51node78_t1,node51transit_node78source
flow_wide_node51node78_t2,node51transit_node78source
flow_wide_node51node78_t3,node51transit_node78source
flow_wide_node51node78_t4,node51transit_node78source
flow_wide_node51node78_t5,node51transit_node78source
flow_timber_node51node80_t1,node51transit_node80source
flow_timber_node51node80_t2,node51transit_node80source
flow_timber_node51node80_t3,node51transit_node80source
flow_timber_node51node80_t4,node51transit_node80source
flow_timber_node51node80_t5,node51transit_node80source
flow_wide_node51node80_t1,node51transit_node80source
flow_wide_node51node80_t2,node51transit_node80source
flow_wide_node51node80_t3,node51transit_node80source
flow_wide_node51node80_t4,node51transit_node80source
flow_wide_node51node80_t5,node51transit_node80source
flow_timber_node51node88_t1,node51transit_node88source
flow_timber_node51node88_t2,node51transit_node88source
flow_timber_node51node88_t3,node51transit_node88source
flow_timber_node51node88_t4,node51transit_node88source
flow_timber_node51node88_t5,node51transit_node88source
flow_wide_node51node88_t1,node51transit_node88source
flow_wide_node51node88_t2,node51transit_node88source
flow_wide_node51node88_t3,node51transit_node88source
flow_wide_node51node88_t4,node51transit_node88source
flow_wide_node51node88_t5,node51transit_node88source
flow_timber_node15node6_t1,node15transit_node6transit
flow_timber_node15node6_t2,node15transit_node6transit
flow_timber_node15node6_t3,node15transit_node6transit
flow_timber_node15node6_t4,node15transit_node6transit
flow_timber_node15node6_t5,node15transit_node6transit
flow_wide_node15node6_t1,node15transit_node6transit
flow_wide_node15node6_t2,node15transit_node6transit
flow_wide_node15node6_t3,node15transit_node6transit
flow_wide_node15node6_t4,node15transit_node6transit
flow_wide_node15node6_t5,node15transit_node6transit
flow_timber_node15node55_t1,node15transit_node55exit
flow_timber_node15node55_t2,node15transit_node55exit
flow_timber_node15node55_t3,node15transit_node55exit
flow_timber_node15node55_t4,node15transit_node55exit
flow_timber_node15node55_t5,node15transit_node55exit
flow_wide_node15node55_t1,node15transit_node55exit
flow_wide_node15node55_t2,node15transit_node55exit
flow_wide_node15node55_t3,node15transit_node55exit
flow_wide_node15node55_t4,node15transit_node55exit
flow_wide_node15node55_t5,node15transit_node55exit
flow_timber_node15node16_t1,node15transit_node16transit
flow_timber_node15node16_t2,node15transit_node16transit
flow_timber_node15node16_t3,node15transit_node16transit
flow_timber_node15node16_t4,node15transit_node16transit
flow_timber_node15node16_t5,node15transit_node16transit
flow_wide_node15node16_t1,node15transit_node16transit
flow_wide_node15node16_t2,node15transit_node16transit
flow_wide_node15node16_t3,node15transit_node16transit
flow_wide_node15node16_t4,node15transit_node16transit
flow_wide_node15node16_t5,node15transit_node16transit
flow_timber_node15node75_t1,node15transit_node75source
flow_timber_node15node75_t2,node15transit_node75source
flow_timber_node15node75_t3,node15transit_node75source
flow_timber_node15node75_t4,node15transit_node75source
flow_timber_node15node75_t5,node15transit_node75source
flow_wide_node15node75_t1,node15transit_node75source
flow_wide_node15node75_t2,node15transit_node75source
flow_wide_node15node75_t3,node15transit_node75source
flow_wide_node15node75_t4,node15transit_node75source
flow_wide_node15node75_t5,node15transit_node75source
flow_timber_node15node79_t1,node15transit_node79source
flow_timber_node15node79_t2,node15transit_node79source
flow_timber_node15node79_t3,node15transit_node79source
flow_timber_node15node79_t4,node15transit_node79source
flow_timber_node15node79_t5,node15transit_node79source
flow_wide_node15node79_t1,node15transit_node79source
flow_wide_node15node79_t2,node15transit_node79source
flow_wide_node15node79_t3,node15transit_node79source
flow_wide_node15node79_t4,node15transit_node79source
flow_wide_node15node79_t5,node15transit_node79source
flow_timber_node15node80_t1,node15transit_node80source
flow_timber_node15node80_t2,node15transit_node80source
flow_timber_node15node80_t3,node15transit_node80source
flow_timber_node15node80_t4,node15transit_node80source
flow_timber_node15node80_t5,node15transit_node80source
flow_wide_node15node80_t1,node15transit_node80source
flow_wide_node15node80_t2,node15transit_node80source
flow_wide_node15node80_t3,node15transit_node80source
flow_wide_node15node80_t4,node15transit_node80source
flow_wide_node15node80_t5,node15transit_node80source
flow_timber_node56node6_t1,node56exit_node6transit
flow_timber_node56node6_t2,node56exit_node6transit
flow_timber_node56node6_t3,node56exit_node6transit
flow_timber_node56node6_t4,node56exit_node6transit
flow_timber_node56node6_t5,node56exit_node6transit
flow_wide_node56node6_t1,node56exit_node6transit
flow_wide_node56node6_t2,node56exit_node6transit
flow_wide_node56node6_t3,node56exit_node6transit
flow_wide_node56node6_t4,node56exit_node6transit
flow_wide_node56node6_t5,node56exit_node6transit
flow_timber_node56node33_t1,node56exit_node33exit
flow_timber_node56node33_t2,node56exit_node33exit
flow_timber_node56node33_t3,node56exit_node33exit
flow_timber_node56node33_t4,node56exit_node33exit
flow_timber_node56node33_t5,node56exit_node33exit
flow_wide_node56node33_t1,node56exit_node33exit
flow_wide_node56node33_t2,node56exit_node33exit
flow_wide_node56node33_t3,node56exit_node33exit
flow_wide_node56node33_t4,node56exit_node33exit
flow_wide_node56node33_t5,node56exit_node33exit
flow_timber_node56node75_t1,node56exit_node75source
flow_timber_node56node75_t2,node56exit_node75source
flow_timber_node56node75_t3,node56exit_node75source
flow_timber_node56node75_t4,node56exit_node75source
flow_timber_node56node75_t5,node56exit_node75source
flow_wide_node56node75_t1,node56exit_node75source
flow_wide_node56node75_t2,node56exit_node75source
flow_wide_node56node75_t3,node56exit_node75source
flow_wide_node56node75_t4,node56exit_node75source
flow_wide_node56node75_t5,node56exit_node75source
flow_timber_node56node76_t1,node56exit_node76source
flow_timber_node56node76_t2,node56exit_node76source
flow_timber_node56node76_t3,node56exit_node76source
flow_timber_node56node76_t4,node56exit_node76source
flow_timber_node56node76_t5,node56exit_node76source
flow_wide_node56node76_t1,node56exit_node76source
flow_wide_node56node76_t2,node56exit_node76source
flow_wide_node56node76_t3,node56exit_node76source
flow_wide_node56node76_t4,node56exit_node76source
flow_wide_node56node76_t5,node56exit_node76source
flow_timber_node75node6_t1,node75source_node6transit
flow_timber_node75node6_t2,node75source_node6transit
flow_timber_node75node6_t3,node75source_node6transit
flow_timber_node75node6_t4,node75source_node6transit
flow_timber_node75node6_t5,node75source_node6transit
flow_wide_node75node6_t1,node75source_node6transit
flow_wide_node75node6_t2,node75source_node6transit
flow_wide_node75node6_t3,node75source_node6transit
flow_wide_node75node6_t4,node75source_node6transit
flow_wide_node75node6_t5,node75source_node6transit
flow_timber_node75node10_t1,node75source_node10transit
flow_timber_node75node10_t2,node75source_node10transit
flow_timber_node75node10_t3,node75source_node10transit
flow_timber_node75node10_t4,node75source_node10transit
flow_timber_node75node10_t5,node75source_node10transit
flow_wide_node75node10_t1,node75source_node10transit
flow_wide_node75node10_t2,node75source_node10transit
flow_wide_node75node10_t3,node75source_node10transit
flow_wide_node75node10_t4,node75source_node10transit
flow_wide_node75node10_t5,node75source_node10transit
flow_timber_node75node15_t1,node75source_node15transit
flow_timber_node75node15_t2,node75source_node15transit
flow_timber_node75node15_t3,node75source_node15transit
flow_timber_node75node15_t4,node75source_node15transit
flow_timber_node75node15_t5,node75source_node15transit
flow_wide_node75node15_t1,node75source_node15transit
flow_wide_node75node15_t2,node75source_node15transit
flow_wide_node75node15_t3,node75source_node15transit
flow_wide_node75node15_t4,node75source_node15transit
flow_wide_node75node15_t5,node75source_node15transit
flow_timber_node75node18_t1,node75source_node18transit
flow_timber_node75node18_t2,node75source_node18transit
flow_timber_node75node18_t3,node75source_node18transit
flow_timber_node75node18_t4,node75source_node18transit
flow_timber_node75node18_t5,node75source_node18transit
flow_wide_node75node18_t1,node75source_node18transit
flow_wide_node75node18_t2,node75source_node18transit
flow_wide_node75node18_t3,node75source_node18transit
flow_wide_node75node18_t4,node75source_node18transit
flow_wide_node75node18_t5,node75source_node18transit
flow_timber_node75node29_t1,node75source_node29exit
flow_timber_node75node29_t2,node75source_node29exit
flow_timber_node75node29_t3,node75source_node29exit
flow_timber_node75node29_t4,node75source_node29exit
flow_timber_node75node29_t5,node75source_node29exit
flow_wide_node75node29_t1,node75source_node29exit
flow_wide_node75node29_t2,node75source_node29exit
flow_wide_node75node29_t3,node75source_node29exit
flow_wide_node75node29_t4,node75source_node29exit
flow_wide_node75node29_t5,node75source_node29exit
flow_timber_node75node33_t1,node75source_node33exit
flow_timber_node75node33_t2,node75source_node33exit
flow_timber_node75node33_t3,node75source_node33exit
flow_timber_node75node33_t4,node75source_node33exit
flow_timber_node75node33_t5,node75source_node33exit
flow_wide_node75node33_t1,node75source_node33exit
flow_wide_node75node33_t2,node75source_node33exit
flow_wide_node75node33_t3,node75source_node33exit
flow_wide_node75node33_t4,node75source_node33exit
flow_wide_node75node33_t5,node75source_node33exit
flow_timber_node75node55_t1,node75source_node55exit
flow_timber_node75node55_t2,node75source_node55exit
flow_timber_node75node55_t3,node75source_node55exit
flow_timber_node75node55_t4,node75source_node55exit
flow_timber_node75node55_t5,node75source_node55exit
flow_wide_node75node55_t1,node75source_node55exit
flow_wide_node75node55_t2,node75source_node55exit
flow_wide_node75node55_t3,node75source_node55exit
flow_wide_node75node55_t4,node75source_node55exit
flow_wide_node75node55_t5,node75source_node55exit
flow_timber_node75node56_t1,node75source_node56exit
flow_timber_node75node56_t2,node75source_node56exit
flow_timber_node75node56_t3,node75source_node56exit
flow_timber_node75node56_t4,node75source_node56exit
flow_timber_node75node56_t5,node75source_node56exit
flow_wide_node75node56_t1,node75source_node56exit
flow_wide_node75node56_t2,node75source_node56exit
flow_wide_node75node56_t3,node75source_node56exit
flow_wide_node75node56_t4,node75source_node56exit
flow_wide_node75node56_t5,node75source_node56exit
flow_timber_node75node57_t1,node75source_node57exit
flow_timber_node75node57_t2,node75source_node57exit
flow_timber_node75node57_t3,node75source_node57exit
flow_timber_node75node57_t4,node75source_node57exit
flow_timber_node75node57_t5,node75source_node57exit
flow_wide_node75node57_t1,node75source_node57exit
flow_wide_node75node57_t2,node75source_node57exit
flow_wide_node75node57_t3,node75source_node57exit
flow_wide_node75node57_t4,node75source_node57exit
flow_wide_node75node57_t5,node75source_node57exit
flow_timber_node75node58_t1,node75source_node58exit
flow_timber_node75node58_t2,node75source_node58exit
flow_timber_node75node58_t3,node75source_node58exit
flow_timber_node75node58_t4,node75source_node58exit
flow_timber_node75node58_t5,node75source_node58exit
flow_wide_node75node58_t1,node75source_node58exit
flow_wide_node75node58_t2,node75source_node58exit
flow_wide_node75node58_t3,node75source_node58exit
flow_wide_node75node58_t4,node75source_node58exit
flow_wide_node75node58_t5,node75source_node58exit
flow_timber_node75node59_t1,node75source_node59exit
flow_timber_node75node59_t2,node75source_node59exit
flow_timber_node75node59_t3,node75source_node59exit
flow_timber_node75node59_t4,node75source_node59exit
flow_timber_node75node59_t5,node75source_node59exit
flow_wide_node75node59_t1,node75source_node59exit
flow_wide_node75node59_t2,node75source_node59exit
flow_wide_node75node59_t3,node75source_node59exit
flow_wide_node75node59_t4,node75source_node59exit
flow_wide_node75node59_t5,node75source_node59exit
flow_timber_node76node6_t1,node76source_node6transit
flow_timber_node76node6_t2,node76source_node6transit
flow_timber_node76node6_t3,node76source_node6transit
flow_timber_node76node6_t4,node76source_node6transit
flow_timber_node76node6_t5,node76source_node6transit
flow_wide_node76node6_t1,node76source_node6transit
flow_wide_node76node6_t2,node76source_node6transit
flow_wide_node76node6_t3,node76source_node6transit
flow_wide_node76node6_t4,node76source_node6transit
flow_wide_node76node6_t5,node76source_node6transit
flow_timber_node76node17_t1,node76source_node17transit
flow_timber_node76node17_t2,node76source_node17transit
flow_timber_node76node17_t3,node76source_node17transit
flow_timber_node76node17_t4,node76source_node17transit
flow_timber_node76node17_t5,node76source_node17transit
flow_wide_node76node17_t1,node76source_node17transit
flow_wide_node76node17_t2,node76source_node17transit
flow_wide_node76node17_t3,node76source_node17transit
flow_wide_node76node17_t4,node76source_node17transit
flow_wide_node76node17_t5,node76source_node17transit
flow_timber_node76node33_t1,node76source_node33exit
flow_timber_node76node33_t2,node76source_node33exit
flow_timber_node76node33_t3,node76source_node33exit
flow_timber_node76node33_t4,node76source_node33exit
flow_timber_node76node33_t5,node76source_node33exit
flow_wide_node76node33_t1,node76source_node33exit
flow_wide_node76node33_t2,node76source_node33exit
flow_wide_node76node33_t3,node76source_node33exit
flow_wide_node76node33_t4,node76source_node33exit
flow_wide_node76node33_t5,node76source_node33exit
flow_timber_node76node51_t1,node76source_node51transit
flow_timber_node76node51_t2,node76source_node51transit
flow_timber_node76node51_t3,node76source_node51transit
flow_timber_node76node51_t4,node76source_node51transit
flow_timber_node76node51_t5,node76source_node51transit
flow_wide_node76node51_t1,node76source_node51transit
flow_wide_node76node51_t2,node76source_node51transit
flow_wide_node76node51_t3,node76source_node51transit
flow_wide_node76node51_t4,node76source_node51transit
flow_wide_node76node51_t5,node76source_node51transit
flow_timber_node76node56_t1,node76source_node56exit
flow_timber_node76node56_t2,node76source_node56exit
flow_timber_node76node56_t3,node76source_node56exit
flow_timber_node76node56_t4,node76source_node56exit
flow_timber_node76node56_t5,node76source_node56exit
flow_wide_node76node56_t1,node76source_node56exit
flow_wide_node76node56_t2,node76source_node56exit
flow_wide_node76node56_t3,node76source_node56exit
flow_wide_node76node56_t4,node76source_node56exit
flow_wide_node76node56_t5,node76source_node56exit
flow_timber_node76node60_t1,node76source_node60exit
flow_timber_node76node60_t2,node76source_node60exit
flow_timber_node76node60_t3,node76source_node60exit
flow_timber_node76node60_t4,node76source_node60exit
flow_timber_node76node60_t5,node76source_node60exit
flow_wide_node76node60_t1,node76source_node60exit
flow_wide_node76node60_t2,node76source_node60exit
flow_wide_node76node60_t3,node76source_node60exit
flow_wide_node76node60_t4,node76source_node60exit
flow_wide_node76node60_t5,node76source_node60exit
flow_timber_node80node6_t1,node80source_node6transit
flow_timber_node80node6_t2,node80source_node6transit
flow_timber_node80node6_t3,node80source_node6transit
flow_timber_node80node6_t4,node80source_node6transit
flow_timber_node80node6_t5,node80source_node6transit
flow_wide_node80node6_t1,node80source_node6transit
flow_wide_node80node6_t2,node80source_node6transit
flow_wide_node80node6_t3,node80source_node6transit
flow_wide_node80node6_t4,node80source_node6transit
flow_wide_node80node6_t5,node80source_node6transit
flow_timber_node80node15_t1,node80source_node15transit
flow_timber_node80node15_t2,node80source_node15transit
flow_timber_node80node15_t3,node80source_node15transit
flow_timber_node80node15_t4,node80source_node15transit
flow_timber_node80node15_t5,node80source_node15transit
flow_wide_node80node15_t1,node80source_node15transit
flow_wide_node80node15_t2,node80source_node15transit
flow_wide_node80node15_t3,node80source_node15transit
flow_wide_node80node15_t4,node80source_node15transit
flow_wide_node80node15_t5,node80source_node15transit
flow_timber_node80node16_t1,node80source_node16transit
flow_timber_node80node16_t2,node80source_node16transit
flow_timber_node80node16_t3,node80source_node16transit
flow_timber_node80node16_t4,node80source_node16transit
flow_timber_node80node16_t5,node80source_node16transit
flow_wide_node80node16_t1,node80source_node16transit
flow_wide_node80node16_t2,node80source_node16transit
flow_wide_node80node16_t3,node80source_node16transit
flow_wide_node80node16_t4,node80source_node16transit
flow_wide_node80node16_t5,node80source_node16transit
flow_timber_node80node22_t1,node80source_node22transit
flow_timber_node80node22_t2,node80source_node22transit
flow_timber_node80node22_t3,node80source_node22transit
flow_timber_node80node22_t4,node80source_node22transit
flow_timber_node80node22_t5,node80source_node22transit
flow_wide_node80node22_t1,node80source_node22transit
flow_wide_node80node22_t2,node80source_node22transit
flow_wide_node80node22_t3,node80source_node22transit
flow_wide_node80node22_t4,node80source_node22transit
flow_wide_node80node22_t5,node80source_node22transit
flow_timber_node80node39_t1,node80source_node39transit
flow_timber_node80node39_t2,node80source_node39transit
flow_timber_node80node39_t3,node80source_node39transit
flow_timber_node80node39_t4,node80source_node39transit
flow_timber_node80node39_t5,node80source_node39transit
flow_wide_node80node39_t1,node80source_node39transit
flow_wide_node80node39_t2,node80source_node39transit
flow_wide_node80node39_t3,node80source_node39transit
flow_wide_node80node39_t4,node80source_node39transit
flow_wide_node80node39_t5,node80source_node39transit
flow_timber_node80node51_t1,node80source_node51transit
flow_timber_node80node51_t2,node80source_node51transit
flow_timber_node80node51_t3,node80source_node51transit
flow_timber_node80node51_t4,node80source_node51transit
flow_timber_node80node51_t5,node80source_node51transit
flow_wide_node80node51_t1,node80source_node51transit
flow_wide_node80node51_t2,node80source_node51transit
flow_wide_node80node51_t3,node80source_node51transit
flow_wide_node80node51_t4,node80source_node51transit
flow_wide_node80node51_t5,node80source_node51transit
flow_timber_node7node10_t1,node7transit_node10transit
flow_timber_node7node10_t2,node7transit_node10transit
flow_timber_node7node10_t3,node7transit_node10transit
flow_timber_node7node10_t4,node7transit_node10transit
flow_timber_node7node10_t5,node7transit_node10transit
flow_wide_node7node10_t1,node7transit_node10transit
flow_wide_node7node10_t2,node7transit_node10transit
flow_wide_node7node10_t3,node7transit_node10transit
flow_wide_node7node10_t4,node7transit_node10transit
flow_wide_node7node10_t5,node7transit_node10transit
flow_timber_node7node42_t1,node7transit_node42transit
flow_timber_node7node42_t2,node7transit_node42transit
flow_timber_node7node42_t3,node7transit_node42transit
flow_timber_node7node42_t4,node7transit_node42transit
flow_timber_node7node42_t5,node7transit_node42transit
flow_wide_node7node42_t1,node7transit_node42transit
flow_wide_node7node42_t2,node7transit_node42transit
flow_wide_node7node42_t3,node7transit_node42transit
flow_wide_node7node42_t4,node7transit_node42transit
flow_wide_node7node42_t5,node7transit_node42transit
flow_timber_node7node33_t1,node7transit_node33exit
flow_timber_node7node33_t2,node7transit_node33exit
flow_timber_node7node33_t3,node7transit_node33exit
flow_timber_node7node33_t4,node7transit_node33exit
flow_timber_node7node33_t5,node7transit_node33exit
flow_wide_node7node33_t1,node7transit_node33exit
flow_wide_node7node33_t2,node7transit_node33exit
flow_wide_node7node33_t3,node7transit_node33exit
flow_wide_node7node33_t4,node7transit_node33exit
flow_wide_node7node33_t5,node7transit_node33exit
flow_timber_node7node73_t1,node7transit_node73source
flow_timber_node7node73_t2,node7transit_node73source
flow_timber_node7node73_t3,node7transit_node73source
flow_timber_node7node73_t4,node7transit_node73source
flow_timber_node7node73_t5,node7transit_node73source
flow_wide_node7node73_t1,node7transit_node73source
flow_wide_node7node73_t2,node7transit_node73source
flow_wide_node7node73_t3,node7transit_node73source
flow_wide_node7node73_t4,node7transit_node73source
flow_wide_node7node73_t5,node7transit_node73source
flow_timber_node7node74_t1,node7transit_node74source
flow_timber_node7node74_t2,node7transit_node74source
flow_timber_node7node74_t3,node7transit_node74source
flow_timber_node7node74_t4,node7transit_node74source
flow_timber_node7node74_t5,node7transit_node74source
flow_wide_node7node74_t1,node7transit_node74source
flow_wide_node7node74_t2,node7transit_node74source
flow_wide_node7node74_t3,node7transit_node74source
flow_wide_node7node74_t4,node7transit_node74source
flow_wide_node7node74_t5,node7transit_node74source
flow_timber_node10node7_t1,node10transit_node7transit
flow_timber_node10node7_t2,node10transit_node7transit
flow_timber_node10node7_t3,node10transit_node7transit
flow_timber_node10node7_t4,node10transit_node7transit
flow_timber_node10node7_t5,node10transit_node7transit
flow_wide_node10node7_t1,node10transit_node7transit
flow_wide_node10node7_t2,node10transit_node7transit
flow_wide_node10node7_t3,node10transit_node7transit
flow_wide_node10node7_t4,node10transit_node7transit
flow_wide_node10node7_t5,node10transit_node7transit
flow_timber_node10node58_t1,node10transit_node58exit
flow_timber_node10node58_t2,node10transit_node58exit
flow_timber_node10node58_t3,node10transit_node58exit
flow_timber_node10node58_t4,node10transit_node58exit
flow_timber_node10node58_t5,node10transit_node58exit
flow_wide_node10node58_t1,node10transit_node58exit
flow_wide_node10node58_t2,node10transit_node58exit
flow_wide_node10node58_t3,node10transit_node58exit
flow_wide_node10node58_t4,node10transit_node58exit
flow_wide_node10node58_t5,node10transit_node58exit
flow_timber_node10node33_t1,node10transit_node33exit
flow_timber_node10node33_t2,node10transit_node33exit
flow_timber_node10node33_t3,node10transit_node33exit
flow_timber_node10node33_t4,node10transit_node33exit
flow_timber_node10node33_t5,node10transit_node33exit
flow_wide_node10node33_t1,node10transit_node33exit
flow_wide_node10node33_t2,node10transit_node33exit
flow_wide_node10node33_t3,node10transit_node33exit
flow_wide_node10node33_t4,node10transit_node33exit
flow_wide_node10node33_t5,node10transit_node33exit
flow_timber_node10node42_t1,node10transit_node42transit
flow_timber_node10node42_t2,node10transit_node42transit
flow_timber_node10node42_t3,node10transit_node42transit
flow_timber_node10node42_t4,node10transit_node42transit
flow_timber_node10node42_t5,node10transit_node42transit
flow_wide_node10node42_t1,node10transit_node42transit
flow_wide_node10node42_t2,node10transit_node42transit
flow_wide_node10node42_t3,node10transit_node42transit
flow_wide_node10node42_t4,node10transit_node42transit
flow_wide_node10node42_t5,node10transit_node42transit
flow_timber_node10node73_t1,node10transit_node73source
flow_timber_node10node73_t2,node10transit_node73source
flow_timber_node10node73_t3,node10transit_node73source
flow_timber_node10node73_t4,node10transit_node73source
flow_timber_node10node73_t5,node10transit_node73source
flow_wide_node10node73_t1,node10transit_node73source
flow_wide_node10node73_t2,node10transit_node73source
flow_wide_node10node73_t3,node10transit_node73source
flow_wide_node10node73_t4,node10transit_node73source
flow_wide_node10node73_t5,node10transit_node73source
flow_timber_node10node74_t1,node10transit_node74source
flow_timber_node10node74_t2,node10transit_node74source
flow_timber_node10node74_t3,node10transit_node74source
flow_timber_node10node74_t4,node10transit_node74source
flow_timber_node10node74_t5,node10transit_node74source
flow_wide_node10node74_t1,node10transit_node74source
flow_wide_node10node74_t2,node10transit_node74source
flow_wide_node10node74_t3,node10transit_node74source
flow_wide_node10node74_t4,node10transit_node74source
flow_wide_node10node74_t5,node10transit_node74source
flow_timber_node10node75_t1,node10transit_node75source
flow_timber_node10node75_t2,node10transit_node75source
flow_timber_node10node75_t3,node10transit_node75source
flow_timber_node10node75_t4,node10transit_node75source
flow_timber_node10node75_t5,node10transit_node75source
flow_wide_node10node75_t1,node10transit_node75source
flow_wide_node10node75_t2,node10transit_node75source
flow_wide_node10node75_t3,node10transit_node75source
flow_wide_node10node75_t4,node10transit_node75source
flow_wide_node10node75_t5,node10transit_node75source
flow_timber_node10node77_t1,node10transit_node77source
flow_timber_node10node77_t2,node10transit_node77source
flow_timber_node10node77_t3,node10transit_node77source
flow_timber_node10node77_t4,node10transit_node77source
flow_timber_node10node77_t5,node10transit_node77source
flow_wide_node10node77_t1,node10transit_node77source
flow_wide_node10node77_t2,node10transit_node77source
flow_wide_node10node77_t3,node10transit_node77source
flow_wide_node10node77_t4,node10transit_node77source
flow_wide_node10node77_t5,node10transit_node77source
flow_timber_node42node7_t1,node42transit_node7transit
flow_timber_node42node7_t2,node42transit_node7transit
flow_timber_node42node7_t3,node42transit_node7transit
flow_timber_node42node7_t4,node42transit_node7transit
flow_timber_node42node7_t5,node42transit_node7transit
flow_wide_node42node7_t1,node42transit_node7transit
flow_wide_node42node7_t2,node42transit_node7transit
flow_wide_node42node7_t3,node42transit_node7transit
flow_wide_node42node7_t4,node42transit_node7transit
flow_wide_node42node7_t5,node42transit_node7transit
flow_timber_node42node10_t1,node42transit_node10transit
flow_timber_node42node10_t2,node42transit_node10transit
flow_timber_node42node10_t3,node42transit_node10transit
flow_timber_node42node10_t4,node42transit_node10transit
flow_timber_node42node10_t5,node42transit_node10transit
flow_wide_node42node10_t1,node42transit_node10transit
flow_wide_node42node10_t2,node42transit_node10transit
flow_wide_node42node10_t3,node42transit_node10transit
flow_wide_node42node10_t4,node42transit_node10transit
flow_wide_node42node10_t5,node42transit_node10transit
flow_timber_node42node50_t1,node42transit_node50transit
flow_timber_node42node50_t2,node42transit_node50transit
flow_timber_node42node50_t3,node42transit_node50transit
flow_timber_node42node50_t4,node42transit_node50transit
flow_timber_node42node50_t5,node42transit_node50transit
flow_wide_node42node50_t1,node42transit_node50transit
flow_wide_node42node50_t2,node42transit_node50transit
flow_wide_node42node50_t3,node42transit_node50transit
flow_wide_node42node50_t4,node42transit_node50transit
flow_wide_node42node50_t5,node42transit_node50transit
flow_timber_node42node74_t1,node42transit_node74source
flow_timber_node42node74_t2,node42transit_node74source
flow_timber_node42node74_t3,node42transit_node74source
flow_timber_node42node74_t4,node42transit_node74source
flow_timber_node42node74_t5,node42transit_node74source
flow_wide_node42node74_t1,node42transit_node74source
flow_wide_node42node74_t2,node42transit_node74source
flow_wide_node42node74_t3,node42transit_node74source
flow_wide_node42node74_t4,node42transit_node74source
flow_wide_node42node74_t5,node42transit_node74source
flow_timber_node42node77_t1,node42transit_node77source
flow_timber_node42node77_t2,node42transit_node77source
flow_timber_node42node77_t3,node42transit_node77source
flow_timber_node42node77_t4,node42transit_node77source
flow_timber_node42node77_t5,node42transit_node77source
flow_wide_node42node77_t1,node42transit_node77source
flow_wide_node42node77_t2,node42transit_node77source
flow_wide_node42node77_t3,node42transit_node77source
flow_wide_node42node77_t4,node42transit_node77source
flow_wide_node42node77_t5,node42transit_node77source
flow_timber_node33node7_t1,node33exit_node7transit
flow_timber_node33node7_t2,node33exit_node7transit
flow_timber_node33node7_t3,node33exit_node7transit
flow_timber_node33node7_t4,node33exit_node7transit
flow_timber_node33node7_t5,node33exit_node7transit
flow_wide_node33node7_t1,node33exit_node7transit
flow_wide_node33node7_t2,node33exit_node7transit
flow_wide_node33node7_t3,node33exit_node7transit
flow_wide_node33node7_t4,node33exit_node7transit
flow_wide_node33node7_t5,node33exit_node7transit
flow_timber_node33node10_t1,node33exit_node10transit
flow_timber_node33node10_t2,node33exit_node10transit
flow_timber_node33node10_t3,node33exit_node10transit
flow_timber_node33node10_t4,node33exit_node10transit
flow_timber_node33node10_t5,node33exit_node10transit
flow_wide_node33node10_t1,node33exit_node10transit
flow_wide_node33node10_t2,node33exit_node10transit
flow_wide_node33node10_t3,node33exit_node10transit
flow_wide_node33node10_t4,node33exit_node10transit
flow_wide_node33node10_t5,node33exit_node10transit
flow_timber_node33node17_t1,node33exit_node17transit
flow_timber_node33node17_t2,node33exit_node17transit
flow_timber_node33node17_t3,node33exit_node17transit
flow_timber_node33node17_t4,node33exit_node17transit
flow_timber_node33node17_t5,node33exit_node17transit
flow_wide_node33node17_t1,node33exit_node17transit
flow_wide_node33node17_t2,node33exit_node17transit
flow_wide_node33node17_t3,node33exit_node17transit
flow_wide_node33node17_t4,node33exit_node17transit
flow_wide_node33node17_t5,node33exit_node17transit
flow_timber_node33node56_t1,node33exit_node56exit
flow_timber_node33node56_t2,node33exit_node56exit
flow_timber_node33node56_t3,node33exit_node56exit
flow_timber_node33node56_t4,node33exit_node56exit
flow_timber_node33node56_t5,node33exit_node56exit
flow_wide_node33node56_t1,node33exit_node56exit
flow_wide_node33node56_t2,node33exit_node56exit
flow_wide_node33node56_t3,node33exit_node56exit
flow_wide_node33node56_t4,node33exit_node56exit
flow_wide_node33node56_t5,node33exit_node56exit
flow_timber_node33node73_t1,node33exit_node73source
flow_timber_node33node73_t2,node33exit_node73source
flow_timber_node33node73_t3,node33exit_node73source
flow_timber_node33node73_t4,node33exit_node73source
flow_timber_node33node73_t5,node33exit_node73source
flow_wide_node33node73_t1,node33exit_node73source
flow_wide_node33node73_t2,node33exit_node73source
flow_wide_node33node73_t3,node33exit_node73source
flow_wide_node33node73_t4,node33exit_node73source
flow_wide_node33node73_t5,node33exit_node73source
flow_timber_node33node75_t1,node33exit_node75source
flow_timber_node33node75_t2,node33exit_node75source
flow_timber_node33node75_t3,node33exit_node75source
flow_timber_node33node75_t4,node33exit_node75source
flow_timber_node33node75_t5,node33exit_node75source
flow_wide_node33node75_t1,node33exit_node75source
flow_wide_node33node75_t2,node33exit_node75source
flow_wide_node33node75_t3,node33exit_node75source
flow_wide_node33node75_t4,node33exit_node75source
flow_wide_node33node75_t5,node33exit_node75source
flow_timber_node33node76_t1,node33exit_node76source
flow_timber_node33node76_t2,node33exit_node76source
flow_timber_node33node76_t3,node33exit_node76source
flow_timber_node33node76_t4,node33exit_node76source
flow_timber_node33node76_t5,node33exit_node76source
flow_wide_node33node76_t1,node33exit_node76source
flow_wide_node33node76_t2,node33exit_node76source
flow_wide_node33node76_t3,node33exit_node76source
flow_wide_node33node76_t4,node33exit_node76source
flow_wide_node33node76_t5,node33exit_node76source
flow_timber_node73node7_t1,node73source_node7transit
flow_timber_node73node7_t2,node73source_node7transit
flow_timber_node73node7_t3,node73source_node7transit
flow_timber_node73node7_t4,node73source_node7transit
flow_timber_node73node7_t5,node73source_node7transit
flow_wide_node73node7_t1,node73source_node7transit
flow_wide_node73node7_t2,node73source_node7transit
flow_wide_node73node7_t3,node73source_node7transit
flow_wide_node73node7_t4,node73source_node7transit
flow_wide_node73node7_t5,node73source_node7transit
flow_timber_node73node10_t1,node73source_node10transit
flow_timber_node73node10_t2,node73source_node10transit
flow_timber_node73node10_t3,node73source_node10transit
flow_timber_node73node10_t4,node73source_node10transit
flow_timber_node73node10_t5,node73source_node10transit
flow_wide_node73node10_t1,node73source_node10transit
flow_wide_node73node10_t2,node73source_node10transit
flow_wide_node73node10_t3,node73source_node10transit
flow_wide_node73node10_t4,node73source_node10transit
flow_wide_node73node10_t5,node73source_node10transit
flow_timber_node73node33_t1,node73source_node33exit
flow_timber_node73node33_t2,node73source_node33exit
flow_timber_node73node33_t3,node73source_node33exit
flow_timber_node73node33_t4,node73source_node33exit
flow_timber_node73node33_t5,node73source_node33exit
flow_wide_node73node33_t1,node73source_node33exit
flow_wide_node73node33_t2,node73source_node33exit
flow_wide_node73node33_t3,node73source_node33exit
flow_wide_node73node33_t4,node73source_node33exit
flow_wide_node73node33_t5,node73source_node33exit
flow_timber_node74node7_t1,node74source_node7transit
flow_timber_node74node7_t2,node74source_node7transit
flow_timber_node74node7_t3,node74source_node7transit
flow_timber_node74node7_t4,node74source_node7transit
flow_timber_node74node7_t5,node74source_node7transit
flow_wide_node74node7_t1,node74source_node7transit
flow_wide_node74node7_t2,node74source_node7transit
flow_wide_node74node7_t3,node74source_node7transit
flow_wide_node74node7_t4,node74source_node7transit
flow_wide_node74node7_t5,node74source_node7transit
flow_timber_node74node10_t1,node74source_node10transit
flow_timber_node74node10_t2,node74source_node10transit
flow_timber_node74node10_t3,node74source_node10transit
flow_timber_node74node10_t4,node74source_node10transit
flow_timber_node74node10_t5,node74source_node10transit
flow_wide_node74node10_t1,node74source_node10transit
flow_wide_node74node10_t2,node74source_node10transit
flow_wide_node74node10_t3,node74source_node10transit
flow_wide_node74node10_t4,node74source_node10transit
flow_wide_node74node10_t5,node74source_node10transit
flow_timber_node74node42_t1,node74source_node42transit
flow_timber_node74node42_t2,node74source_node42transit
flow_timber_node74node42_t3,node74source_node42transit
flow_timber_node74node42_t4,node74source_node42transit
flow_timber_node74node42_t5,node74source_node42transit
flow_wide_node74node42_t1,node74source_node42transit
flow_wide_node74node42_t2,node74source_node42transit
flow_wide_node74node42_t3,node74source_node42transit
flow_wide_node74node42_t4,node74source_node42transit
flow_wide_node74node42_t5,node74source_node42transit
flow_timber_node44node8_t1,node44transit_node8exit
flow_timber_node44node8_t2,node44transit_node8exit
flow_timber_node44node8_t3,node44transit_node8exit
flow_timber_node44node8_t4,node44transit_node8exit
flow_timber_node44node8_t5,node44transit_node8exit
flow_wide_node44node8_t1,node44transit_node8exit
flow_wide_node44node8_t2,node44transit_node8exit
flow_wide_node44node8_t3,node44transit_node8exit
flow_wide_node44node8_t4,node44transit_node8exit
flow_wide_node44node8_t5,node44transit_node8exit
flow_timber_node44node45_t1,node44transit_node45exit
flow_timber_node44node45_t2,node44transit_node45exit
flow_timber_node44node45_t3,node44transit_node45exit
flow_timber_node44node45_t4,node44transit_node45exit
flow_timber_node44node45_t5,node44transit_node45exit
flow_wide_node44node45_t1,node44transit_node45exit
flow_wide_node44node45_t2,node44transit_node45exit
flow_wide_node44node45_t3,node44transit_node45exit
flow_wide_node44node45_t4,node44transit_node45exit
flow_wide_node44node45_t5,node44transit_node45exit
flow_timber_node44node66_t1,node44transit_node66exit
flow_timber_node44node66_t2,node44transit_node66exit
flow_timber_node44node66_t3,node44transit_node66exit
flow_timber_node44node66_t4,node44transit_node66exit
flow_timber_node44node66_t5,node44transit_node66exit
flow_wide_node44node66_t1,node44transit_node66exit
flow_wide_node44node66_t2,node44transit_node66exit
flow_wide_node44node66_t3,node44transit_node66exit
flow_wide_node44node66_t4,node44transit_node66exit
flow_wide_node44node66_t5,node44transit_node66exit
flow_timber_node44node84_t1,node44transit_node84source
flow_timber_node44node84_t2,node44transit_node84source
flow_timber_node44node84_t3,node44transit_node84source
flow_timber_node44node84_t4,node44transit_node84source
flow_timber_node44node84_t5,node44transit_node84source
flow_wide_node44node84_t1,node44transit_node84source
flow_wide_node44node84_t2,node44transit_node84source
flow_wide_node44node84_t3,node44transit_node84source
flow_wide_node44node84_t4,node44transit_node84source
flow_wide_node44node84_t5,node44transit_node84source
flow_timber_node44node88_t1,node44transit_node88source
flow_timber_node44node88_t2,node44transit_node88source
flow_timber_node44node88_t3,node44transit_node88source
flow_timber_node44node88_t4,node44transit_node88source
flow_timber_node44node88_t5,node44transit_node88source
flow_wide_node44node88_t1,node44transit_node88source
flow_wide_node44node88_t2,node44transit_node88source
flow_wide_node44node88_t3,node44transit_node88source
flow_wide_node44node88_t4,node44transit_node88source
flow_wide_node44node88_t5,node44transit_node88source
flow_timber_node44node91_t1,node44transit_node91source
flow_timber_node44node91_t2,node44transit_node91source
flow_timber_node44node91_t3,node44transit_node91source
flow_timber_node44node91_t4,node44transit_node91source
flow_timber_node44node91_t5,node44transit_node91source
flow_wide_node44node91_t1,node44transit_node91source
flow_wide_node44node91_t2,node44transit_node91source
flow_wide_node44node91_t3,node44transit_node91source
flow_wide_node44node91_t4,node44transit_node91source
flow_wide_node44node91_t5,node44transit_node91source
flow_timber_node27node9_t1,node27transit_node9transit
flow_timber_node27node9_t2,node27transit_node9transit
flow_timber_node27node9_t3,node27transit_node9transit
flow_timber_node27node9_t4,node27transit_node9transit
flow_timber_node27node9_t5,node27transit_node9transit
flow_wide_node27node9_t1,node27transit_node9transit
flow_wide_node27node9_t2,node27transit_node9transit
flow_wide_node27node9_t3,node27transit_node9transit
flow_wide_node27node9_t4,node27transit_node9transit
flow_wide_node27node9_t5,node27transit_node9transit
flow_timber_node27node46_t1,node27transit_node46transit
flow_timber_node27node46_t2,node27transit_node46transit
flow_timber_node27node46_t3,node27transit_node46transit
flow_timber_node27node46_t4,node27transit_node46transit
flow_timber_node27node46_t5,node27transit_node46transit
flow_wide_node27node46_t1,node27transit_node46transit
flow_wide_node27node46_t2,node27transit_node46transit
flow_wide_node27node46_t3,node27transit_node46transit
flow_wide_node27node46_t4,node27transit_node46transit
flow_wide_node27node46_t5,node27transit_node46transit
flow_timber_node27node30_t1,node27transit_node30transit
flow_timber_node27node30_t2,node27transit_node30transit
flow_timber_node27node30_t3,node27transit_node30transit
flow_timber_node27node30_t4,node27transit_node30transit
flow_timber_node27node30_t5,node27transit_node30transit
flow_wide_node27node30_t1,node27transit_node30transit
flow_wide_node27node30_t2,node27transit_node30transit
flow_wide_node27node30_t3,node27transit_node30transit
flow_wide_node27node30_t4,node27transit_node30transit
flow_wide_node27node30_t5,node27transit_node30transit
flow_timber_node27node90_t1,node27transit_node90source
flow_timber_node27node90_t2,node27transit_node90source
flow_timber_node27node90_t3,node27transit_node90source
flow_timber_node27node90_t4,node27transit_node90source
flow_timber_node27node90_t5,node27transit_node90source
flow_wide_node27node90_t1,node27transit_node90source
flow_wide_node27node90_t2,node27transit_node90source
flow_wide_node27node90_t3,node27transit_node90source
flow_wide_node27node90_t4,node27transit_node90source
flow_wide_node27node90_t5,node27transit_node90source
flow_timber_node27node95_t1,node27transit_node95source
flow_timber_node27node95_t2,node27transit_node95source
flow_timber_node27node95_t3,node27transit_node95source
flow_timber_node27node95_t4,node27transit_node95source
flow_timber_node27node95_t5,node27transit_node95source
flow_wide_node27node95_t1,node27transit_node95source
flow_wide_node27node95_t2,node27transit_node95source
flow_wide_node27node95_t3,node27transit_node95source
flow_wide_node27node95_t4,node27transit_node95source
flow_wide_node27node95_t5,node27transit_node95source
flow_timber_node27node96_t1,node27transit_node96source
flow_timber_node27node96_t2,node27transit_node96source
flow_timber_node27node96_t3,node27transit_node96source
flow_timber_node27node96_t4,node27transit_node96source
flow_timber_node27node96_t5,node27transit_node96source
flow_wide_node27node96_t1,node27transit_node96source
flow_wide_node27node96_t2,node27transit_node96source
flow_wide_node27node96_t3,node27transit_node96source
flow_wide_node27node96_t4,node27transit_node96source
flow_wide_node27node96_t5,node27transit_node96source
flow_timber_node95node9_t1,node95source_node9transit
flow_timber_node95node9_t2,node95source_node9transit
flow_timber_node95node9_t3,node95source_node9transit
flow_timber_node95node9_t4,node95source_node9transit
flow_timber_node95node9_t5,node95source_node9transit
flow_wide_node95node9_t1,node95source_node9transit
flow_wide_node95node9_t2,node95source_node9transit
flow_wide_node95node9_t3,node95source_node9transit
flow_wide_node95node9_t4,node95source_node9transit
flow_wide_node95node9_t5,node95source_node9transit
flow_timber_node95node21_t1,node95source_node21transit
flow_timber_node95node21_t2,node95source_node21transit
flow_timber_node95node21_t3,node95source_node21transit
flow_timber_node95node21_t4,node95source_node21transit
flow_timber_node95node21_t5,node95source_node21transit
flow_wide_node95node21_t1,node95source_node21transit
flow_wide_node95node21_t2,node95source_node21transit
flow_wide_node95node21_t3,node95source_node21transit
flow_wide_node95node21_t4,node95source_node21transit
flow_wide_node95node21_t5,node95source_node21transit
flow_timber_node95node27_t1,node95source_node27transit
flow_timber_node95node27_t2,node95source_node27transit
flow_timber_node95node27_t3,node95source_node27transit
flow_timber_node95node27_t4,node95source_node27transit
flow_timber_node95node27_t5,node95source_node27transit
flow_wide_node95node27_t1,node95source_node27transit
flow_wide_node95node27_t2,node95source_node27transit
flow_wide_node95node27_t3,node95source_node27transit
flow_wide_node95node27_t4,node95source_node27transit
flow_wide_node95node27_t5,node95source_node27transit
flow_timber_node95node38_t1,node95source_node38transit
flow_timber_node95node38_t2,node95source_node38transit
flow_timber_node95node38_t3,node95source_node38transit
flow_timber_node95node38_t4,node95source_node38transit
flow_timber_node95node38_t5,node95source_node38transit
flow_wide_node95node38_t1,node95source_node38transit
flow_wide_node95node38_t2,node95source_node38transit
flow_wide_node95node38_t3,node95source_node38transit
flow_wide_node95node38_t4,node95source_node38transit
flow_wide_node95node38_t5,node95source_node38transit
flow_timber_node95node46_t1,node95source_node46transit
flow_timber_node95node46_t2,node95source_node46transit
flow_timber_node95node46_t3,node95source_node46transit
flow_timber_node95node46_t4,node95source_node46transit
flow_timber_node95node46_t5,node95source_node46transit
flow_wide_node95node46_t1,node95source_node46transit
flow_wide_node95node46_t2,node95source_node46transit
flow_wide_node95node46_t3,node95source_node46transit
flow_wide_node95node46_t4,node95source_node46transit
flow_wide_node95node46_t5,node95source_node46transit
flow_timber_node95node54_t1,node95source_node54transit
flow_timber_node95node54_t2,node95source_node54transit
flow_timber_node95node54_t3,node95source_node54transit
flow_timber_node95node54_t4,node95source_node54transit
flow_timber_node95node54_t5,node95source_node54transit
flow_wide_node95node54_t1,node95source_node54transit
flow_wide_node95node54_t2,node95source_node54transit
flow_wide_node95node54_t3,node95source_node54transit
flow_wide_node95node54_t4,node95source_node54transit
flow_wide_node95node54_t5,node95source_node54transit
flow_timber_node58node10_t1,node58exit_node10transit
flow_timber_node58node10_t2,node58exit_node10transit
flow_timber_node58node10_t3,node58exit_node10transit
flow_timber_node58node10_t4,node58exit_node10transit
flow_timber_node58node10_t5,node58exit_node10transit
flow_wide_node58node10_t1,node58exit_node10transit
flow_wide_node58node10_t2,node58exit_node10transit
flow_wide_node58node10_t3,node58exit_node10transit
flow_wide_node58node10_t4,node58exit_node10transit
flow_wide_node58node10_t5,node58exit_node10transit
flow_timber_node58node57_t1,node58exit_node57exit
flow_timber_node58node57_t2,node58exit_node57exit
flow_timber_node58node57_t3,node58exit_node57exit
flow_timber_node58node57_t4,node58exit_node57exit
flow_timber_node58node57_t5,node58exit_node57exit
flow_wide_node58node57_t1,node58exit_node57exit
flow_wide_node58node57_t2,node58exit_node57exit
flow_wide_node58node57_t3,node58exit_node57exit
flow_wide_node58node57_t4,node58exit_node57exit
flow_wide_node58node57_t5,node58exit_node57exit
flow_timber_node58node75_t1,node58exit_node75source
flow_timber_node58node75_t2,node58exit_node75source
flow_timber_node58node75_t3,node58exit_node75source
flow_timber_node58node75_t4,node58exit_node75source
flow_timber_node58node75_t5,node58exit_node75source
flow_wide_node58node75_t1,node58exit_node75source
flow_wide_node58node75_t2,node58exit_node75source
flow_wide_node58node75_t3,node58exit_node75source
flow_wide_node58node75_t4,node58exit_node75source
flow_wide_node58node75_t5,node58exit_node75source
flow_timber_node58node77_t1,node58exit_node77source
flow_timber_node58node77_t2,node58exit_node77source
flow_timber_node58node77_t3,node58exit_node77source
flow_timber_node58node77_t4,node58exit_node77source
flow_timber_node58node77_t5,node58exit_node77source
flow_wide_node58node77_t1,node58exit_node77source
flow_wide_node58node77_t2,node58exit_node77source
flow_wide_node58node77_t3,node58exit_node77source
flow_wide_node58node77_t4,node58exit_node77source
flow_wide_node58node77_t5,node58exit_node77source
flow_timber_node77node10_t1,node77source_node10transit
flow_timber_node77node10_t2,node77source_node10transit
flow_timber_node77node10_t3,node77source_node10transit
flow_timber_node77node10_t4,node77source_node10transit
flow_timber_node77node10_t5,node77source_node10transit
flow_wide_node77node10_t1,node77source_node10transit
flow_wide_node77node10_t2,node77source_node10transit
flow_wide_node77node10_t3,node77source_node10transit
flow_wide_node77node10_t4,node77source_node10transit
flow_wide_node77node10_t5,node77source_node10transit
flow_timber_node77node18_t1,node77source_node18transit
flow_timber_node77node18_t2,node77source_node18transit
flow_timber_node77node18_t3,node77source_node18transit
flow_timber_node77node18_t4,node77source_node18transit
flow_timber_node77node18_t5,node77source_node18transit
flow_wide_node77node18_t1,node77source_node18transit
flow_wide_node77node18_t2,node77source_node18transit
flow_wide_node77node18_t3,node77source_node18transit
flow_wide_node77node18_t4,node77source_node18transit
flow_wide_node77node18_t5,node77source_node18transit
flow_timber_node77node35_t1,node77source_node35transit
flow_timber_node77node35_t2,node77source_node35transit
flow_timber_node77node35_t3,node77source_node35transit
flow_timber_node77node35_t4,node77source_node35transit
flow_timber_node77node35_t5,node77source_node35transit
flow_wide_node77node35_t1,node77source_node35transit
flow_wide_node77node35_t2,node77source_node35transit
flow_wide_node77node35_t3,node77source_node35transit
flow_wide_node77node35_t4,node77source_node35transit
flow_wide_node77node35_t5,node77source_node35transit
flow_timber_node77node42_t1,node77source_node42transit
flow_timber_node77node42_t2,node77source_node42transit
flow_timber_node77node42_t3,node77source_node42transit
flow_timber_node77node42_t4,node77source_node42transit
flow_timber_node77node42_t5,node77source_node42transit
flow_wide_node77node42_t1,node77source_node42transit
flow_wide_node77node42_t2,node77source_node42transit
flow_wide_node77node42_t3,node77source_node42transit
flow_wide_node77node42_t4,node77source_node42transit
flow_wide_node77node42_t5,node77source_node42transit
flow_timber_node77node50_t1,node77source_node50transit
flow_timber_node77node50_t2,node77source_node50transit
flow_timber_node77node50_t3,node77source_node50transit
flow_timber_node77node50_t4,node77source_node50transit
flow_timber_node77node50_t5,node77source_node50transit
flow_wide_node77node50_t1,node77source_node50transit
flow_wide_node77node50_t2,node77source_node50transit
flow_wide_node77node50_t3,node77source_node50transit
flow_wide_node77node50_t4,node77source_node50transit
flow_wide_node77node50_t5,node77source_node50transit
flow_timber_node77node57_t1,node77source_node57exit
flow_timber_node77node57_t2,node77source_node57exit
flow_timber_node77node57_t3,node77source_node57exit
flow_timber_node77node57_t4,node77source_node57exit
flow_timber_node77node57_t5,node77source_node57exit
flow_wide_node77node57_t1,node77source_node57exit
flow_wide_node77node57_t2,node77source_node57exit
flow_wide_node77node57_t3,node77source_node57exit
flow_wide_node77node57_t4,node77source_node57exit
flow_wide_node77node57_t5,node77source_node57exit
flow_timber_node77node58_t1,node77source_node58exit
flow_timber_node77node58_t2,node77source_node58exit
flow_timber_node77node58_t3,node77source_node58exit
flow_timber_node77node58_t4,node77source_node58exit
flow_timber_node77node58_t5,node77source_node58exit
flow_wide_node77node58_t1,node77source_node58exit
flow_wide_node77node58_t2,node77source_node58exit
flow_wide_node77node58_t3,node77source_node58exit
flow_wide_node77node58_t4,node77source_node58exit
flow_wide_node77node58_t5,node77source_node58exit
flow_timber_node11node69_t1,node11transit_node69exit
flow_timber_node11node69_t2,node11transit_node69exit
flow_timber_node11node69_t3,node11transit_node69exit
flow_timber_node11node69_t4,node11transit_node69exit
flow_timber_node11node69_t5,node11transit_node69exit
flow_wide_node11node69_t1,node11transit_node69exit
flow_wide_node11node69_t2,node11transit_node69exit
flow_wide_node11node69_t3,node11transit_node69exit
flow_wide_node11node69_t4,node11transit_node69exit
flow_wide_node11node69_t5,node11transit_node69exit
flow_timber_node11node34_t1,node11transit_node34exit
flow_timber_node11node34_t2,node11transit_node34exit
flow_timber_node11node34_t3,node11transit_node34exit
flow_timber_node11node34_t4,node11transit_node34exit
flow_timber_node11node34_t5,node11transit_node34exit
flow_wide_node11node34_t1,node11transit_node34exit
flow_wide_node11node34_t2,node11transit_node34exit
flow_wide_node11node34_t3,node11transit_node34exit
flow_wide_node11node34_t4,node11transit_node34exit
flow_wide_node11node34_t5,node11transit_node34exit
flow_timber_node11node41_t1,node11transit_node41transit
flow_timber_node11node41_t2,node11transit_node41transit
flow_timber_node11node41_t3,node11transit_node41transit
flow_timber_node11node41_t4,node11transit_node41transit
flow_timber_node11node41_t5,node11transit_node41transit
flow_wide_node11node41_t1,node11transit_node41transit
flow_wide_node11node41_t2,node11transit_node41transit
flow_wide_node11node41_t3,node11transit_node41transit
flow_wide_node11node41_t4,node11transit_node41transit
flow_wide_node11node41_t5,node11transit_node41transit
flow_timber_node11node88_t1,node11transit_node88source
flow_timber_node11node88_t2,node11transit_node88source
flow_timber_node11node88_t3,node11transit_node88source
flow_timber_node11node88_t4,node11transit_node88source
flow_timber_node11node88_t5,node11transit_node88source
flow_wide_node11node88_t1,node11transit_node88source
flow_wide_node11node88_t2,node11transit_node88source
flow_wide_node11node88_t3,node11transit_node88source
flow_wide_node11node88_t4,node11transit_node88source
flow_wide_node11node88_t5,node11transit_node88source
flow_timber_node11node93_t1,node11transit_node93source
flow_timber_node11node93_t2,node11transit_node93source
flow_timber_node11node93_t3,node11transit_node93source
flow_timber_node11node93_t4,node11transit_node93source
flow_timber_node11node93_t5,node11transit_node93source
flow_wide_node11node93_t1,node11transit_node93source
flow_wide_node11node93_t2,node11transit_node93source
flow_wide_node11node93_t3,node11transit_node93source
flow_wide_node11node93_t4,node11transit_node93source
flow_wide_node11node93_t5,node11transit_node93source
flow_timber_node69node11_t1,node69exit_node11transit
flow_timber_node69node11_t2,node69exit_node11transit
flow_timber_node69node11_t3,node69exit_node11transit
flow_timber_node69node11_t4,node69exit_node11transit
flow_timber_node69node11_t5,node69exit_node11transit
flow_wide_node69node11_t1,node69exit_node11transit
flow_wide_node69node11_t2,node69exit_node11transit
flow_wide_node69node11_t3,node69exit_node11transit
flow_wide_node69node11_t4,node69exit_node11transit
flow_wide_node69node11_t5,node69exit_node11transit
flow_timber_node69node71_t1,node69exit_node71exit
flow_timber_node69node71_t2,node69exit_node71exit
flow_timber_node69node71_t3,node69exit_node71exit
flow_timber_node69node71_t4,node69exit_node71exit
flow_timber_node69node71_t5,node69exit_node71exit
flow_wide_node69node71_t1,node69exit_node71exit
flow_wide_node69node71_t2,node69exit_node71exit
flow_wide_node69node71_t3,node69exit_node71exit
flow_wide_node69node71_t4,node69exit_node71exit
flow_wide_node69node71_t5,node69exit_node71exit
flow_timber_node69node88_t1,node69exit_node88source
flow_timber_node69node88_t2,node69exit_node88source
flow_timber_node69node88_t3,node69exit_node88source
flow_timber_node69node88_t4,node69exit_node88source
flow_timber_node69node88_t5,node69exit_node88source
flow_wide_node69node88_t1,node69exit_node88source
flow_wide_node69node88_t2,node69exit_node88source
flow_wide_node69node88_t3,node69exit_node88source
flow_wide_node69node88_t4,node69exit_node88source
flow_wide_node69node88_t5,node69exit_node88source
flow_timber_node69node93_t1,node69exit_node93source
flow_timber_node69node93_t2,node69exit_node93source
flow_timber_node69node93_t3,node69exit_node93source
flow_timber_node69node93_t4,node69exit_node93source
flow_timber_node69node93_t5,node69exit_node93source
flow_wide_node69node93_t1,node69exit_node93source
flow_wide_node69node93_t2,node69exit_node93source
flow_wide_node69node93_t3,node69exit_node93source
flow_wide_node69node93_t4,node69exit_node93source
flow_wide_node69node93_t5,node69exit_node93source
flow_timber_node34node11_t1,node34exit_node11transit
flow_timber_node34node11_t2,node34exit_node11transit
flow_timber_node34node11_t3,node34exit_node11transit
flow_timber_node34node11_t4,node34exit_node11transit
flow_timber_node34node11_t5,node34exit_node11transit
flow_wide_node34node11_t1,node34exit_node11transit
flow_wide_node34node11_t2,node34exit_node11transit
flow_wide_node34node11_t3,node34exit_node11transit
flow_wide_node34node11_t4,node34exit_node11transit
flow_wide_node34node11_t5,node34exit_node11transit
flow_timber_node34node14_t1,node34exit_node14exit
flow_timber_node34node14_t2,node34exit_node14exit
flow_timber_node34node14_t3,node34exit_node14exit
flow_timber_node34node14_t4,node34exit_node14exit
flow_timber_node34node14_t5,node34exit_node14exit
flow_wide_node34node14_t1,node34exit_node14exit
flow_wide_node34node14_t2,node34exit_node14exit
flow_wide_node34node14_t3,node34exit_node14exit
flow_wide_node34node14_t4,node34exit_node14exit
flow_wide_node34node14_t5,node34exit_node14exit
flow_timber_node34node93_t1,node34exit_node93source
flow_timber_node34node93_t2,node34exit_node93source
flow_timber_node34node93_t3,node34exit_node93source
flow_timber_node34node93_t4,node34exit_node93source
flow_timber_node34node93_t5,node34exit_node93source
flow_wide_node34node93_t1,node34exit_node93source
flow_wide_node34node93_t2,node34exit_node93source
flow_wide_node34node93_t3,node34exit_node93source
flow_wide_node34node93_t4,node34exit_node93source
flow_wide_node34node93_t5,node34exit_node93source
flow_timber_node41node11_t1,node41transit_node11transit
flow_timber_node41node11_t2,node41transit_node11transit
flow_timber_node41node11_t3,node41transit_node11transit
flow_timber_node41node11_t4,node41transit_node11transit
flow_timber_node41node11_t5,node41transit_node11transit
flow_wide_node41node11_t1,node41transit_node11transit
flow_wide_node41node11_t2,node41transit_node11transit
flow_wide_node41node11_t3,node41transit_node11transit
flow_wide_node41node11_t4,node41transit_node11transit
flow_wide_node41node11_t5,node41transit_node11transit
flow_timber_node41node68_t1,node41transit_node68exit
flow_timber_node41node68_t2,node41transit_node68exit
flow_timber_node41node68_t3,node41transit_node68exit
flow_timber_node41node68_t4,node41transit_node68exit
flow_timber_node41node68_t5,node41transit_node68exit
flow_wide_node41node68_t1,node41transit_node68exit
flow_wide_node41node68_t2,node41transit_node68exit
flow_wide_node41node68_t3,node41transit_node68exit
flow_wide_node41node68_t4,node41transit_node68exit
flow_wide_node41node68_t5,node41transit_node68exit
flow_timber_node41node72_t1,node41transit_node72exit
flow_timber_node41node72_t2,node41transit_node72exit
flow_timber_node41node72_t3,node41transit_node72exit
flow_timber_node41node72_t4,node41transit_node72exit
flow_timber_node41node72_t5,node41transit_node72exit
flow_wide_node41node72_t1,node41transit_node72exit
flow_wide_node41node72_t2,node41transit_node72exit
flow_wide_node41node72_t3,node41transit_node72exit
flow_wide_node41node72_t4,node41transit_node72exit
flow_wide_node41node72_t5,node41transit_node72exit
flow_timber_node41node88_t1,node41transit_node88source
flow_timber_node41node88_t2,node41transit_node88source
flow_timber_node41node88_t3,node41transit_node88source
flow_timber_node41node88_t4,node41transit_node88source
flow_timber_node41node88_t5,node41transit_node88source
flow_wide_node41node88_t1,node41transit_node88source
flow_wide_node41node88_t2,node41transit_node88source
flow_wide_node41node88_t3,node41transit_node88source
flow_wide_node41node88_t4,node41transit_node88source
flow_wide_node41node88_t5,node41transit_node88source
flow_timber_node41node94_t1,node41transit_node94source
flow_timber_node41node94_t2,node41transit_node94source
flow_timber_node41node94_t3,node41transit_node94source
flow_timber_node41node94_t4,node41transit_node94source
flow_timber_node41node94_t5,node41transit_node94source
flow_wide_node41node94_t1,node41transit_node94source
flow_wide_node41node94_t2,node41transit_node94source
flow_wide_node41node94_t3,node41transit_node94source
flow_wide_node41node94_t4,node41transit_node94source
flow_wide_node41node94_t5,node41transit_node94source
flow_timber_node93node11_t1,node93source_node11transit
flow_timber_node93node11_t2,node93source_node11transit
flow_timber_node93node11_t3,node93source_node11transit
flow_timber_node93node11_t4,node93source_node11transit
flow_timber_node93node11_t5,node93source_node11transit
flow_wide_node93node11_t1,node93source_node11transit
flow_wide_node93node11_t2,node93source_node11transit
flow_wide_node93node11_t3,node93source_node11transit
flow_wide_node93node11_t4,node93source_node11transit
flow_wide_node93node11_t5,node93source_node11transit
flow_timber_node93node14_t1,node93source_node14exit
flow_timber_node93node14_t2,node93source_node14exit
flow_timber_node93node14_t3,node93source_node14exit
flow_timber_node93node14_t4,node93source_node14exit
flow_timber_node93node14_t5,node93source_node14exit
flow_wide_node93node14_t1,node93source_node14exit
flow_wide_node93node14_t2,node93source_node14exit
flow_wide_node93node14_t3,node93source_node14exit
flow_wide_node93node14_t4,node93source_node14exit
flow_wide_node93node14_t5,node93source_node14exit
flow_timber_node93node24_t1,node93source_node24exit
flow_timber_node93node24_t2,node93source_node24exit
flow_timber_node93node24_t3,node93source_node24exit
flow_timber_node93node24_t4,node93source_node24exit
flow_timber_node93node24_t5,node93source_node24exit
flow_wide_node93node24_t1,node93source_node24exit
flow_wide_node93node24_t2,node93source_node24exit
flow_wide_node93node24_t3,node93source_node24exit
flow_wide_node93node24_t4,node93source_node24exit
flow_wide_node93node24_t5,node93source_node24exit
flow_timber_node93node32_t1,node93source_node32transit
flow_timber_node93node32_t2,node93source_node32transit
flow_timber_node93node32_t3,node93source_node32transit
flow_timber_node93node32_t4,node93source_node32transit
flow_timber_node93node32_t5,node93source_node32transit
flow_wide_node93node32_t1,node93source_node32transit
flow_wide_node93node32_t2,node93source_node32transit
flow_wide_node93node32_t3,node93source_node32transit
flow_wide_node93node32_t4,node93source_node32transit
flow_wide_node93node32_t5,node93source_node32transit
flow_timber_node93node34_t1,node93source_node34exit
flow_timber_node93node34_t2,node93source_node34exit
flow_timber_node93node34_t3,node93source_node34exit
flow_timber_node93node34_t4,node93source_node34exit
flow_timber_node93node34_t5,node93source_node34exit
flow_wide_node93node34_t1,node93source_node34exit
flow_wide_node93node34_t2,node93source_node34exit
flow_wide_node93node34_t3,node93source_node34exit
flow_wide_node93node34_t4,node93source_node34exit
flow_wide_node93node34_t5,node93source_node34exit
flow_timber_node93node48_t1,node93source_node48transit
flow_timber_node93node48_t2,node93source_node48transit
flow_timber_node93node48_t3,node93source_node48transit
flow_timber_node93node48_t4,node93source_node48transit
flow_timber_node93node48_t5,node93source_node48transit
flow_wide_node93node48_t1,node93source_node48transit
flow_wide_node93node48_t2,node93source_node48transit
flow_wide_node93node48_t3,node93source_node48transit
flow_wide_node93node48_t4,node93source_node48transit
flow_wide_node93node48_t5,node93source_node48transit
flow_timber_node93node67_t1,node93source_node67exit
flow_timber_node93node67_t2,node93source_node67exit
flow_timber_node93node67_t3,node93source_node67exit
flow_timber_node93node67_t4,node93source_node67exit
flow_timber_node93node67_t5,node93source_node67exit
flow_wide_node93node67_t1,node93source_node67exit
flow_wide_node93node67_t2,node93source_node67exit
flow_wide_node93node67_t3,node93source_node67exit
flow_wide_node93node67_t4,node93source_node67exit
flow_wide_node93node67_t5,node93source_node67exit
flow_timber_node93node69_t1,node93source_node69exit
flow_timber_node93node69_t2,node93source_node69exit
flow_timber_node93node69_t3,node93source_node69exit
flow_timber_node93node69_t4,node93source_node69exit
flow_timber_node93node69_t5,node93source_node69exit
flow_wide_node93node69_t1,node93source_node69exit
flow_wide_node93node69_t2,node93source_node69exit
flow_wide_node93node69_t3,node93source_node69exit
flow_wide_node93node69_t4,node93source_node69exit
flow_wide_node93node69_t5,node93source_node69exit
flow_timber_node93node71_t1,node93source_node71exit
flow_timber_node93node71_t2,node93source_node71exit
flow_timber_node93node71_t3,node93source_node71exit
flow_timber_node93node71_t4,node93source_node71exit
flow_timber_node93node71_t5,node93source_node71exit
flow_wide_node93node71_t1,node93source_node71exit
flow_wide_node93node71_t2,node93source_node71exit
flow_wide_node93node71_t3,node93source_node71exit
flow_wide_node93node71_t4,node93source_node71exit
flow_wide_node93node71_t5,node93source_node71exit
flow_timber_node12node47_t1,node12exit_node47exit
flow_timber_node12node47_t2,node12exit_node47exit
flow_timber_node12node47_t3,node12exit_node47exit
flow_timber_node12node47_t4,node12exit_node47exit
flow_timber_node12node47_t5,node12exit_node47exit
flow_wide_node12node47_t1,node12exit_node47exit
flow_wide_node12node47_t2,node12exit_node47exit
flow_wide_node12node47_t3,node12exit_node47exit
flow_wide_node12node47_t4,node12exit_node47exit
flow_wide_node12node47_t5,node12exit_node47exit
flow_timber_node12node66_t1,node12exit_node66exit
flow_timber_node12node66_t2,node12exit_node66exit
flow_timber_node12node66_t3,node12exit_node66exit
flow_timber_node12node66_t4,node12exit_node66exit
flow_timber_node12node66_t5,node12exit_node66exit
flow_wide_node12node66_t1,node12exit_node66exit
flow_wide_node12node66_t2,node12exit_node66exit
flow_wide_node12node66_t3,node12exit_node66exit
flow_wide_node12node66_t4,node12exit_node66exit
flow_wide_node12node66_t5,node12exit_node66exit
flow_timber_node12node26_t1,node12exit_node26transit
flow_timber_node12node26_t2,node12exit_node26transit
flow_timber_node12node26_t3,node12exit_node26transit
flow_timber_node12node26_t4,node12exit_node26transit
flow_timber_node12node26_t5,node12exit_node26transit
flow_wide_node12node26_t1,node12exit_node26transit
flow_wide_node12node26_t2,node12exit_node26transit
flow_wide_node12node26_t3,node12exit_node26transit
flow_wide_node12node26_t4,node12exit_node26transit
flow_wide_node12node26_t5,node12exit_node26transit
flow_timber_node12node84_t1,node12exit_node84source
flow_timber_node12node84_t2,node12exit_node84source
flow_timber_node12node84_t3,node12exit_node84source
flow_timber_node12node84_t4,node12exit_node84source
flow_timber_node12node84_t5,node12exit_node84source
flow_wide_node12node84_t1,node12exit_node84source
flow_wide_node12node84_t2,node12exit_node84source
flow_wide_node12node84_t3,node12exit_node84source
flow_wide_node12node84_t4,node12exit_node84source
flow_wide_node12node84_t5,node12exit_node84source
flow_timber_node12node89_t1,node12exit_node89source
flow_timber_node12node89_t2,node12exit_node89source
flow_timber_node12node89_t3,node12exit_node89source
flow_timber_node12node89_t4,node12exit_node89source
flow_timber_node12node89_t5,node12exit_node89source
flow_wide_node12node89_t1,node12exit_node89source
flow_wide_node12node89_t2,node12exit_node89source
flow_wide_node12node89_t3,node12exit_node89source
flow_wide_node12node89_t4,node12exit_node89source
flow_wide_node12node89_t5,node12exit_node89source
flow_timber_node12node91_t1,node12exit_node91source
flow_timber_node12node91_t2,node12exit_node91source
flow_timber_node12node91_t3,node12exit_node91source
flow_timber_node12node91_t4,node12exit_node91source
flow_timber_node12node91_t5,node12exit_node91source
flow_wide_node12node91_t1,node12exit_node91source
flow_wide_node12node91_t2,node12exit_node91source
flow_wide_node12node91_t3,node12exit_node91source
flow_wide_node12node91_t4,node12exit_node91source
flow_wide_node12node91_t5,node12exit_node91source
flow_timber_node47node12_t1,node47exit_node12exit
flow_timber_node47node12_t2,node47exit_node12exit
flow_timber_node47node12_t3,node47exit_node12exit
flow_timber_node47node12_t4,node47exit_node12exit
flow_timber_node47node12_t5,node47exit_node12exit
flow_wide_node47node12_t1,node47exit_node12exit
flow_wide_node47node12_t2,node47exit_node12exit
flow_wide_node47node12_t3,node47exit_node12exit
flow_wide_node47node12_t4,node47exit_node12exit
flow_wide_node47node12_t5,node47exit_node12exit
flow_timber_node47node13_t1,node47exit_node13exit
flow_timber_node47node13_t2,node47exit_node13exit
flow_timber_node47node13_t3,node47exit_node13exit
flow_timber_node47node13_t4,node47exit_node13exit
flow_timber_node47node13_t5,node47exit_node13exit
flow_wide_node47node13_t1,node47exit_node13exit
flow_wide_node47node13_t2,node47exit_node13exit
flow_wide_node47node13_t3,node47exit_node13exit
flow_wide_node47node13_t4,node47exit_node13exit
flow_wide_node47node13_t5,node47exit_node13exit
flow_timber_node47node84_t1,node47exit_node84source
flow_timber_node47node84_t2,node47exit_node84source
flow_timber_node47node84_t3,node47exit_node84source
flow_timber_node47node84_t4,node47exit_node84source
flow_timber_node47node84_t5,node47exit_node84source
flow_wide_node47node84_t1,node47exit_node84source
flow_wide_node47node84_t2,node47exit_node84source
flow_wide_node47node84_t3,node47exit_node84source
flow_wide_node47node84_t4,node47exit_node84source
flow_wide_node47node84_t5,node47exit_node84source
flow_timber_node47node89_t1,node47exit_node89source
flow_timber_node47node89_t2,node47exit_node89source
flow_timber_node47node89_t3,node47exit_node89source
flow_timber_node47node89_t4,node47exit_node89source
flow_timber_node47node89_t5,node47exit_node89source
flow_wide_node47node89_t1,node47exit_node89source
flow_wide_node47node89_t2,node47exit_node89source
flow_wide_node47node89_t3,node47exit_node89source
flow_wide_node47node89_t4,node47exit_node89source
flow_wide_node47node89_t5,node47exit_node89source
flow_timber_node66node12_t1,node66exit_node12exit
flow_timber_node66node12_t2,node66exit_node12exit
flow_timber_node66node12_t3,node66exit_node12exit
flow_timber_node66node12_t4,node66exit_node12exit
flow_timber_node66node12_t5,node66exit_node12exit
flow_wide_node66node12_t1,node66exit_node12exit
flow_wide_node66node12_t2,node66exit_node12exit
flow_wide_node66node12_t3,node66exit_node12exit
flow_wide_node66node12_t4,node66exit_node12exit
flow_wide_node66node12_t5,node66exit_node12exit
flow_timber_node66node44_t1,node66exit_node44transit
flow_timber_node66node44_t2,node66exit_node44transit
flow_timber_node66node44_t3,node66exit_node44transit
flow_timber_node66node44_t4,node66exit_node44transit
flow_timber_node66node44_t5,node66exit_node44transit
flow_wide_node66node44_t1,node66exit_node44transit
flow_wide_node66node44_t2,node66exit_node44transit
flow_wide_node66node44_t3,node66exit_node44transit
flow_wide_node66node44_t4,node66exit_node44transit
flow_wide_node66node44_t5,node66exit_node44transit
flow_timber_node66node84_t1,node66exit_node84source
flow_timber_node66node84_t2,node66exit_node84source
flow_timber_node66node84_t3,node66exit_node84source
flow_timber_node66node84_t4,node66exit_node84source
flow_timber_node66node84_t5,node66exit_node84source
flow_wide_node66node84_t1,node66exit_node84source
flow_wide_node66node84_t2,node66exit_node84source
flow_wide_node66node84_t3,node66exit_node84source
flow_wide_node66node84_t4,node66exit_node84source
flow_wide_node66node84_t5,node66exit_node84source
flow_timber_node66node91_t1,node66exit_node91source
flow_timber_node66node91_t2,node66exit_node91source
flow_timber_node66node91_t3,node66exit_node91source
flow_timber_node66node91_t4,node66exit_node91source
flow_timber_node66node91_t5,node66exit_node91source
flow_wide_node66node91_t1,node66exit_node91source
flow_wide_node66node91_t2,node66exit_node91source
flow_wide_node66node91_t3,node66exit_node91source
flow_wide_node66node91_t4,node66exit_node91source
flow_wide_node66node91_t5,node66exit_node91source
flow_timber_node26node12_t1,node26transit_node12exit
flow_timber_node26node12_t2,node26transit_node12exit
flow_timber_node26node12_t3,node26transit_node12exit
flow_timber_node26node12_t4,node26transit_node12exit
flow_timber_node26node12_t5,node26transit_node12exit
flow_wide_node26node12_t1,node26transit_node12exit
flow_wide_node26node12_t2,node26transit_node12exit
flow_wide_node26node12_t3,node26transit_node12exit
flow_wide_node26node12_t4,node26transit_node12exit
flow_wide_node26node12_t5,node26transit_node12exit
flow_timber_node26node21_t1,node26transit_node21transit
flow_timber_node26node21_t2,node26transit_node21transit
flow_timber_node26node21_t3,node26transit_node21transit
flow_timber_node26node21_t4,node26transit_node21transit
flow_timber_node26node21_t5,node26transit_node21transit
flow_wide_node26node21_t1,node26transit_node21transit
flow_wide_node26node21_t2,node26transit_node21transit
flow_wide_node26node21_t3,node26transit_node21transit
flow_wide_node26node21_t4,node26transit_node21transit
flow_wide_node26node21_t5,node26transit_node21transit
flow_timber_node26node40_t1,node26transit_node40exit
flow_timber_node26node40_t2,node26transit_node40exit
flow_timber_node26node40_t3,node26transit_node40exit
flow_timber_node26node40_t4,node26transit_node40exit
flow_timber_node26node40_t5,node26transit_node40exit
flow_wide_node26node40_t1,node26transit_node40exit
flow_wide_node26node40_t2,node26transit_node40exit
flow_wide_node26node40_t3,node26transit_node40exit
flow_wide_node26node40_t4,node26transit_node40exit
flow_wide_node26node40_t5,node26transit_node40exit
flow_timber_node26node89_t1,node26transit_node89source
flow_timber_node26node89_t2,node26transit_node89source
flow_timber_node26node89_t3,node26transit_node89source
flow_timber_node26node89_t4,node26transit_node89source
flow_timber_node26node89_t5,node26transit_node89source
flow_wide_node26node89_t1,node26transit_node89source
flow_wide_node26node89_t2,node26transit_node89source
flow_wide_node26node89_t3,node26transit_node89source
flow_wide_node26node89_t4,node26transit_node89source
flow_wide_node26node89_t5,node26transit_node89source
flow_timber_node26node91_t1,node26transit_node91source
flow_timber_node26node91_t2,node26transit_node91source
flow_timber_node26node91_t3,node26transit_node91source
flow_timber_node26node91_t4,node26transit_node91source
flow_timber_node26node91_t5,node26transit_node91source
flow_wide_node26node91_t1,node26transit_node91source
flow_wide_node26node91_t2,node26transit_node91source
flow_wide_node26node91_t3,node26transit_node91source
flow_wide_node26node91_t4,node26transit_node91source
flow_wide_node26node91_t5,node26transit_node91source
flow_timber_node26node94_t1,node26transit_node94source
flow_timber_node26node94_t2,node26transit_node94source
flow_timber_node26node94_t3,node26transit_node94source
flow_timber_node26node94_t4,node26transit_node94source
flow_timber_node26node94_t5,node26transit_node94source
flow_wide_node26node94_t1,node26transit_node94source
flow_wide_node26node94_t2,node26transit_node94source
flow_wide_node26node94_t3,node26transit_node94source
flow_wide_node26node94_t4,node26transit_node94source
flow_wide_node26node94_t5,node26transit_node94source
flow_timber_node84node12_t1,node84source_node12exit
flow_timber_node84node12_t2,node84source_node12exit
flow_timber_node84node12_t3,node84source_node12exit
flow_timber_node84node12_t4,node84source_node12exit
flow_timber_node84node12_t5,node84source_node12exit
flow_wide_node84node12_t1,node84source_node12exit
flow_wide_node84node12_t2,node84source_node12exit
flow_wide_node84node12_t3,node84source_node12exit
flow_wide_node84node12_t4,node84source_node12exit
flow_wide_node84node12_t5,node84source_node12exit
flow_timber_node84node13_t1,node84source_node13exit
flow_timber_node84node13_t2,node84source_node13exit
flow_timber_node84node13_t3,node84source_node13exit
flow_timber_node84node13_t4,node84source_node13exit
flow_timber_node84node13_t5,node84source_node13exit
flow_wide_node84node13_t1,node84source_node13exit
flow_wide_node84node13_t2,node84source_node13exit
flow_wide_node84node13_t3,node84source_node13exit
flow_wide_node84node13_t4,node84source_node13exit
flow_wide_node84node13_t5,node84source_node13exit
flow_timber_node84node22_t1,node84source_node22transit
flow_timber_node84node22_t2,node84source_node22transit
flow_timber_node84node22_t3,node84source_node22transit
flow_timber_node84node22_t4,node84source_node22transit
flow_timber_node84node22_t5,node84source_node22transit
flow_wide_node84node22_t1,node84source_node22transit
flow_wide_node84node22_t2,node84source_node22transit
flow_wide_node84node22_t3,node84source_node22transit
flow_wide_node84node22_t4,node84source_node22transit
flow_wide_node84node22_t5,node84source_node22transit
flow_timber_node84node31_t1,node84source_node31transit
flow_timber_node84node31_t2,node84source_node31transit
flow_timber_node84node31_t3,node84source_node31transit
flow_timber_node84node31_t4,node84source_node31transit
flow_timber_node84node31_t5,node84source_node31transit
flow_wide_node84node31_t1,node84source_node31transit
flow_wide_node84node31_t2,node84source_node31transit
flow_wide_node84node31_t3,node84source_node31transit
flow_wide_node84node31_t4,node84source_node31transit
flow_wide_node84node31_t5,node84source_node31transit
flow_timber_node84node39_t1,node84source_node39transit
flow_timber_node84node39_t2,node84source_node39transit
flow_timber_node84node39_t3,node84source_node39transit
flow_timber_node84node39_t4,node84source_node39transit
flow_timber_node84node39_t5,node84source_node39transit
flow_wide_node84node39_t1,node84source_node39transit
flow_wide_node84node39_t2,node84source_node39transit
flow_wide_node84node39_t3,node84source_node39transit
flow_wide_node84node39_t4,node84source_node39transit
flow_wide_node84node39_t5,node84source_node39transit
flow_timber_node84node44_t1,node84source_node44transit
flow_timber_node84node44_t2,node84source_node44transit
flow_timber_node84node44_t3,node84source_node44transit
flow_timber_node84node44_t4,node84source_node44transit
flow_timber_node84node44_t5,node84source_node44transit
flow_wide_node84node44_t1,node84source_node44transit
flow_wide_node84node44_t2,node84source_node44transit
flow_wide_node84node44_t3,node84source_node44transit
flow_wide_node84node44_t4,node84source_node44transit
flow_wide_node84node44_t5,node84source_node44transit
flow_timber_node84node45_t1,node84source_node45exit
flow_timber_node84node45_t2,node84source_node45exit
flow_timber_node84node45_t3,node84source_node45exit
flow_timber_node84node45_t4,node84source_node45exit
flow_timber_node84node45_t5,node84source_node45exit
flow_wide_node84node45_t1,node84source_node45exit
flow_wide_node84node45_t2,node84source_node45exit
flow_wide_node84node45_t3,node84source_node45exit
flow_wide_node84node45_t4,node84source_node45exit
flow_wide_node84node45_t5,node84source_node45exit
flow_timber_node84node47_t1,node84source_node47exit
flow_timber_node84node47_t2,node84source_node47exit
flow_timber_node84node47_t3,node84source_node47exit
flow_timber_node84node47_t4,node84source_node47exit
flow_timber_node84node47_t5,node84source_node47exit
flow_wide_node84node47_t1,node84source_node47exit
flow_wide_node84node47_t2,node84source_node47exit
flow_wide_node84node47_t3,node84source_node47exit
flow_wide_node84node47_t4,node84source_node47exit
flow_wide_node84node47_t5,node84source_node47exit
flow_timber_node84node66_t1,node84source_node66exit
flow_timber_node84node66_t2,node84source_node66exit
flow_timber_node84node66_t3,node84source_node66exit
flow_timber_node84node66_t4,node84source_node66exit
flow_timber_node84node66_t5,node84source_node66exit
flow_wide_node84node66_t1,node84source_node66exit
flow_wide_node84node66_t2,node84source_node66exit
flow_wide_node84node66_t3,node84source_node66exit
flow_wide_node84node66_t4,node84source_node66exit
flow_wide_node84node66_t5,node84source_node66exit
flow_timber_node31node13_t1,node31transit_node13exit
flow_timber_node31node13_t2,node31transit_node13exit
flow_timber_node31node13_t3,node31transit_node13exit
flow_timber_node31node13_t4,node31transit_node13exit
flow_timber_node31node13_t5,node31transit_node13exit
flow_wide_node31node13_t1,node31transit_node13exit
flow_wide_node31node13_t2,node31transit_node13exit
flow_wide_node31node13_t3,node31transit_node13exit
flow_wide_node31node13_t4,node31transit_node13exit
flow_wide_node31node13_t5,node31transit_node13exit
flow_timber_node31node22_t1,node31transit_node22transit
flow_timber_node31node22_t2,node31transit_node22transit
flow_timber_node31node22_t3,node31transit_node22transit
flow_timber_node31node22_t4,node31transit_node22transit
flow_timber_node31node22_t5,node31transit_node22transit
flow_wide_node31node22_t1,node31transit_node22transit
flow_wide_node31node22_t2,node31transit_node22transit
flow_wide_node31node22_t3,node31transit_node22transit
flow_wide_node31node22_t4,node31transit_node22transit
flow_wide_node31node22_t5,node31transit_node22transit
flow_timber_node31node53_t1,node31transit_node53exit
flow_timber_node31node53_t2,node31transit_node53exit
flow_timber_node31node53_t3,node31transit_node53exit
flow_timber_node31node53_t4,node31transit_node53exit
flow_timber_node31node53_t5,node31transit_node53exit
flow_wide_node31node53_t1,node31transit_node53exit
flow_wide_node31node53_t2,node31transit_node53exit
flow_wide_node31node53_t3,node31transit_node53exit
flow_wide_node31node53_t4,node31transit_node53exit
flow_wide_node31node53_t5,node31transit_node53exit
flow_timber_node31node84_t1,node31transit_node84source
flow_timber_node31node84_t2,node31transit_node84source
flow_timber_node31node84_t3,node31transit_node84source
flow_timber_node31node84_t4,node31transit_node84source
flow_timber_node31node84_t5,node31transit_node84source
flow_wide_node31node84_t1,node31transit_node84source
flow_wide_node31node84_t2,node31transit_node84source
flow_wide_node31node84_t3,node31transit_node84source
flow_wide_node31node84_t4,node31transit_node84source
flow_wide_node31node84_t5,node31transit_node84source
flow_timber_node31node85_t1,node31transit_node85source
flow_timber_node31node85_t2,node31transit_node85source
flow_timber_node31node85_t3,node31transit_node85source
flow_timber_node31node85_t4,node31transit_node85source
flow_timber_node31node85_t5,node31transit_node85source
flow_wide_node31node85_t1,node31transit_node85source
flow_wide_node31node85_t2,node31transit_node85source
flow_wide_node31node85_t3,node31transit_node85source
flow_wide_node31node85_t4,node31transit_node85source
flow_wide_node31node85_t5,node31transit_node85source
flow_timber_node31node90_t1,node31transit_node90source
flow_timber_node31node90_t2,node31transit_node90source
flow_timber_node31node90_t3,node31transit_node90source
flow_timber_node31node90_t4,node31transit_node90source
flow_timber_node31node90_t5,node31transit_node90source
flow_wide_node31node90_t1,node31transit_node90source
flow_wide_node31node90_t2,node31transit_node90source
flow_wide_node31node90_t3,node31transit_node90source
flow_wide_node31node90_t4,node31transit_node90source
flow_wide_node31node90_t5,node31transit_node90source
flow_timber_node14node34_t1,node14exit_node34exit
flow_timber_node14node34_t2,node14exit_node34exit
flow_timber_node14node34_t3,node14exit_node34exit
flow_timber_node14node34_t4,node14exit_node34exit
flow_timber_node14node34_t5,node14exit_node34exit
flow_wide_node14node34_t1,node14exit_node34exit
flow_wide_node14node34_t2,node14exit_node34exit
flow_wide_node14node34_t3,node14exit_node34exit
flow_wide_node14node34_t4,node14exit_node34exit
flow_wide_node14node34_t5,node14exit_node34exit
flow_timber_node14node48_t1,node14exit_node48transit
flow_timber_node14node48_t2,node14exit_node48transit
flow_timber_node14node48_t3,node14exit_node48transit
flow_timber_node14node48_t4,node14exit_node48transit
flow_timber_node14node48_t5,node14exit_node48transit
flow_wide_node14node48_t1,node14exit_node48transit
flow_wide_node14node48_t2,node14exit_node48transit
flow_wide_node14node48_t3,node14exit_node48transit
flow_wide_node14node48_t4,node14exit_node48transit
flow_wide_node14node48_t5,node14exit_node48transit
flow_timber_node14node93_t1,node14exit_node93source
flow_timber_node14node93_t2,node14exit_node93source
flow_timber_node14node93_t3,node14exit_node93source
flow_timber_node14node93_t4,node14exit_node93source
flow_timber_node14node93_t5,node14exit_node93source
flow_wide_node14node93_t1,node14exit_node93source
flow_wide_node14node93_t2,node14exit_node93source
flow_wide_node14node93_t3,node14exit_node93source
flow_wide_node14node93_t4,node14exit_node93source
flow_wide_node14node93_t5,node14exit_node93source
flow_timber_node48node14_t1,node48transit_node14exit
flow_timber_node48node14_t2,node48transit_node14exit
flow_timber_node48node14_t3,node48transit_node14exit
flow_timber_node48node14_t4,node48transit_node14exit
flow_timber_node48node14_t5,node48transit_node14exit
flow_wide_node48node14_t1,node48transit_node14exit
flow_wide_node48node14_t2,node48transit_node14exit
flow_wide_node48node14_t3,node48transit_node14exit
flow_wide_node48node14_t4,node48transit_node14exit
flow_wide_node48node14_t5,node48transit_node14exit
flow_timber_node48node17_t1,node48transit_node17transit
flow_timber_node48node17_t2,node48transit_node17transit
flow_timber_node48node17_t3,node48transit_node17transit
flow_timber_node48node17_t4,node48transit_node17transit
flow_timber_node48node17_t5,node48transit_node17transit
flow_wide_node48node17_t1,node48transit_node17transit
flow_wide_node48node17_t2,node48transit_node17transit
flow_wide_node48node17_t3,node48transit_node17transit
flow_wide_node48node17_t4,node48transit_node17transit
flow_wide_node48node17_t5,node48transit_node17transit
flow_timber_node48node32_t1,node48transit_node32transit
flow_timber_node48node32_t2,node48transit_node32transit
flow_timber_node48node32_t3,node48transit_node32transit
flow_timber_node48node32_t4,node48transit_node32transit
flow_timber_node48node32_t5,node48transit_node32transit
flow_wide_node48node32_t1,node48transit_node32transit
flow_wide_node48node32_t2,node48transit_node32transit
flow_wide_node48node32_t3,node48transit_node32transit
flow_wide_node48node32_t4,node48transit_node32transit
flow_wide_node48node32_t5,node48transit_node32transit
flow_timber_node48node78_t1,node48transit_node78source
flow_timber_node48node78_t2,node48transit_node78source
flow_timber_node48node78_t3,node48transit_node78source
flow_timber_node48node78_t4,node48transit_node78source
flow_timber_node48node78_t5,node48transit_node78source
flow_wide_node48node78_t1,node48transit_node78source
flow_wide_node48node78_t2,node48transit_node78source
flow_wide_node48node78_t3,node48transit_node78source
flow_wide_node48node78_t4,node48transit_node78source
flow_wide_node48node78_t5,node48transit_node78source
flow_timber_node48node93_t1,node48transit_node93source
flow_timber_node48node93_t2,node48transit_node93source
flow_timber_node48node93_t3,node48transit_node93source
flow_timber_node48node93_t4,node48transit_node93source
flow_timber_node48node93_t5,node48transit_node93source
flow_wide_node48node93_t1,node48transit_node93source
flow_wide_node48node93_t2,node48transit_node93source
flow_wide_node48node93_t3,node48transit_node93source
flow_wide_node48node93_t4,node48transit_node93source
flow_wide_node48node93_t5,node48transit_node93source
flow_timber_node55node15_t1,node55exit_node15transit
flow_timber_node55node15_t2,node55exit_node15transit
flow_timber_node55node15_t3,node55exit_node15transit
flow_timber_node55node15_t4,node55exit_node15transit
flow_timber_node55node15_t5,node55exit_node15transit
flow_wide_node55node15_t1,node55exit_node15transit
flow_wide_node55node15_t2,node55exit_node15transit
flow_wide_node55node15_t3,node55exit_node15transit
flow_wide_node55node15_t4,node55exit_node15transit
flow_wide_node55node15_t5,node55exit_node15transit
flow_timber_node55node59_t1,node55exit_node59exit
flow_timber_node55node59_t2,node55exit_node59exit
flow_timber_node55node59_t3,node55exit_node59exit
flow_timber_node55node59_t4,node55exit_node59exit
flow_timber_node55node59_t5,node55exit_node59exit
flow_wide_node55node59_t1,node55exit_node59exit
flow_wide_node55node59_t2,node55exit_node59exit
flow_wide_node55node59_t3,node55exit_node59exit
flow_wide_node55node59_t4,node55exit_node59exit
flow_wide_node55node59_t5,node55exit_node59exit
flow_timber_node55node75_t1,node55exit_node75source
flow_timber_node55node75_t2,node55exit_node75source
flow_timber_node55node75_t3,node55exit_node75source
flow_timber_node55node75_t4,node55exit_node75source
flow_timber_node55node75_t5,node55exit_node75source
flow_wide_node55node75_t1,node55exit_node75source
flow_wide_node55node75_t2,node55exit_node75source
flow_wide_node55node75_t3,node55exit_node75source
flow_wide_node55node75_t4,node55exit_node75source
flow_wide_node55node75_t5,node55exit_node75source
flow_timber_node55node79_t1,node55exit_node79source
flow_timber_node55node79_t2,node55exit_node79source
flow_timber_node55node79_t3,node55exit_node79source
flow_timber_node55node79_t4,node55exit_node79source
flow_timber_node55node79_t5,node55exit_node79source
flow_wide_node55node79_t1,node55exit_node79source
flow_wide_node55node79_t2,node55exit_node79source
flow_wide_node55node79_t3,node55exit_node79source
flow_wide_node55node79_t4,node55exit_node79source
flow_wide_node55node79_t5,node55exit_node79source
flow_timber_node16node15_t1,node16transit_node15transit
flow_timber_node16node15_t2,node16transit_node15transit
flow_timber_node16node15_t3,node16transit_node15transit
flow_timber_node16node15_t4,node16transit_node15transit
flow_timber_node16node15_t5,node16transit_node15transit
flow_wide_node16node15_t1,node16transit_node15transit
flow_wide_node16node15_t2,node16transit_node15transit
flow_wide_node16node15_t3,node16transit_node15transit
flow_wide_node16node15_t4,node16transit_node15transit
flow_wide_node16node15_t5,node16transit_node15transit
flow_timber_node16node22_t1,node16transit_node22transit
flow_timber_node16node22_t2,node16transit_node22transit
flow_timber_node16node22_t3,node16transit_node22transit
flow_timber_node16node22_t4,node16transit_node22transit
flow_timber_node16node22_t5,node16transit_node22transit
flow_wide_node16node22_t1,node16transit_node22transit
flow_wide_node16node22_t2,node16transit_node22transit
flow_wide_node16node22_t3,node16transit_node22transit
flow_wide_node16node22_t4,node16transit_node22transit
flow_wide_node16node22_t5,node16transit_node22transit
flow_timber_node16node37_t1,node16transit_node37transit
flow_timber_node16node37_t2,node16transit_node37transit
flow_timber_node16node37_t3,node16transit_node37transit
flow_timber_node16node37_t4,node16transit_node37transit
flow_timber_node16node37_t5,node16transit_node37transit
flow_wide_node16node37_t1,node16transit_node37transit
flow_wide_node16node37_t2,node16transit_node37transit
flow_wide_node16node37_t3,node16transit_node37transit
flow_wide_node16node37_t4,node16transit_node37transit
flow_wide_node16node37_t5,node16transit_node37transit
flow_timber_node16node79_t1,node16transit_node79source
flow_timber_node16node79_t2,node16transit_node79source
flow_timber_node16node79_t3,node16transit_node79source
flow_timber_node16node79_t4,node16transit_node79source
flow_timber_node16node79_t5,node16transit_node79source
flow_wide_node16node79_t1,node16transit_node79source
flow_wide_node16node79_t2,node16transit_node79source
flow_wide_node16node79_t3,node16transit_node79source
flow_wide_node16node79_t4,node16transit_node79source
flow_wide_node16node79_t5,node16transit_node79source
flow_timber_node16node80_t1,node16transit_node80source
flow_timber_node16node80_t2,node16transit_node80source
flow_timber_node16node80_t3,node16transit_node80source
flow_timber_node16node80_t4,node16transit_node80source
flow_timber_node16node80_t5,node16transit_node80source
flow_wide_node16node80_t1,node16transit_node80source
flow_wide_node16node80_t2,node16transit_node80source
flow_wide_node16node80_t3,node16transit_node80source
flow_wide_node16node80_t4,node16transit_node80source
flow_wide_node16node80_t5,node16transit_node80source
flow_timber_node16node90_t1,node16transit_node90source
flow_timber_node16node90_t2,node16transit_node90source
flow_timber_node16node90_t3,node16transit_node90source
flow_timber_node16node90_t4,node16transit_node90source
flow_timber_node16node90_t5,node16transit_node90source
flow_wide_node16node90_t1,node16transit_node90source
flow_wide_node16node90_t2,node16transit_node90source
flow_wide_node16node90_t3,node16transit_node90source
flow_wide_node16node90_t4,node16transit_node90source
flow_wide_node16node90_t5,node16transit_node90source
flow_timber_node79node15_t1,node79source_node15transit
flow_timber_node79node15_t2,node79source_node15transit
flow_timber_node79node15_t3,node79source_node15transit
flow_timber_node79node15_t4,node79source_node15transit
flow_timber_node79node15_t5,node79source_node15transit
flow_wide_node79node15_t1,node79source_node15transit
flow_wide_node79node15_t2,node79source_node15transit
flow_wide_node79node15_t3,node79source_node15transit
flow_wide_node79node15_t4,node79source_node15transit
flow_wide_node79node15_t5,node79source_node15transit
flow_timber_node79node16_t1,node79source_node16transit
flow_timber_node79node16_t2,node79source_node16transit
flow_timber_node79node16_t3,node79source_node16transit
flow_timber_node79node16_t4,node79source_node16transit
flow_timber_node79node16_t5,node79source_node16transit
flow_wide_node79node16_t1,node79source_node16transit
flow_wide_node79node16_t2,node79source_node16transit
flow_wide_node79node16_t3,node79source_node16transit
flow_wide_node79node16_t4,node79source_node16transit
flow_wide_node79node16_t5,node79source_node16transit
flow_timber_node79node18_t1,node79source_node18transit
flow_timber_node79node18_t2,node79source_node18transit
flow_timber_node79node18_t3,node79source_node18transit
flow_timber_node79node18_t4,node79source_node18transit
flow_timber_node79node18_t5,node79source_node18transit
flow_wide_node79node18_t1,node79source_node18transit
flow_wide_node79node18_t2,node79source_node18transit
flow_wide_node79node18_t3,node79source_node18transit
flow_wide_node79node18_t4,node79source_node18transit
flow_wide_node79node18_t5,node79source_node18transit
flow_timber_node79node23_t1,node79source_node23transit
flow_timber_node79node23_t2,node79source_node23transit
flow_timber_node79node23_t3,node79source_node23transit
flow_timber_node79node23_t4,node79source_node23transit
flow_timber_node79node23_t5,node79source_node23transit
flow_wide_node79node23_t1,node79source_node23transit
flow_wide_node79node23_t2,node79source_node23transit
flow_wide_node79node23_t3,node79source_node23transit
flow_wide_node79node23_t4,node79source_node23transit
flow_wide_node79node23_t5,node79source_node23transit
flow_timber_node79node29_t1,node79source_node29exit
flow_timber_node79node29_t2,node79source_node29exit
flow_timber_node79node29_t3,node79source_node29exit
flow_timber_node79node29_t4,node79source_node29exit
flow_timber_node79node29_t5,node79source_node29exit
flow_wide_node79node29_t1,node79source_node29exit
flow_wide_node79node29_t2,node79source_node29exit
flow_wide_node79node29_t3,node79source_node29exit
flow_wide_node79node29_t4,node79source_node29exit
flow_wide_node79node29_t5,node79source_node29exit
flow_timber_node79node35_t1,node79source_node35transit
flow_timber_node79node35_t2,node79source_node35transit
flow_timber_node79node35_t3,node79source_node35transit
flow_timber_node79node35_t4,node79source_node35transit
flow_timber_node79node35_t5,node79source_node35transit
flow_wide_node79node35_t1,node79source_node35transit
flow_wide_node79node35_t2,node79source_node35transit
flow_wide_node79node35_t3,node79source_node35transit
flow_wide_node79node35_t4,node79source_node35transit
flow_wide_node79node35_t5,node79source_node35transit
flow_timber_node79node37_t1,node79source_node37transit
flow_timber_node79node37_t2,node79source_node37transit
flow_timber_node79node37_t3,node79source_node37transit
flow_timber_node79node37_t4,node79source_node37transit
flow_timber_node79node37_t5,node79source_node37transit
flow_wide_node79node37_t1,node79source_node37transit
flow_wide_node79node37_t2,node79source_node37transit
flow_wide_node79node37_t3,node79source_node37transit
flow_wide_node79node37_t4,node79source_node37transit
flow_wide_node79node37_t5,node79source_node37transit
flow_timber_node79node43_t1,node79source_node43transit
flow_timber_node79node43_t2,node79source_node43transit
flow_timber_node79node43_t3,node79source_node43transit
flow_timber_node79node43_t4,node79source_node43transit
flow_timber_node79node43_t5,node79source_node43transit
flow_wide_node79node43_t1,node79source_node43transit
flow_wide_node79node43_t2,node79source_node43transit
flow_wide_node79node43_t3,node79source_node43transit
flow_wide_node79node43_t4,node79source_node43transit
flow_wide_node79node43_t5,node79source_node43transit
flow_timber_node79node55_t1,node79source_node55exit
flow_timber_node79node55_t2,node79source_node55exit
flow_timber_node79node55_t3,node79source_node55exit
flow_timber_node79node55_t4,node79source_node55exit
flow_timber_node79node55_t5,node79source_node55exit
flow_wide_node79node55_t1,node79source_node55exit
flow_wide_node79node55_t2,node79source_node55exit
flow_wide_node79node55_t3,node79source_node55exit
flow_wide_node79node55_t4,node79source_node55exit
flow_wide_node79node55_t5,node79source_node55exit
flow_timber_node79node59_t1,node79source_node59exit
flow_timber_node79node59_t2,node79source_node59exit
flow_timber_node79node59_t3,node79source_node59exit
flow_timber_node79node59_t4,node79source_node59exit
flow_timber_node79node59_t5,node79source_node59exit
flow_wide_node79node59_t1,node79source_node59exit
flow_wide_node79node59_t2,node79source_node59exit
flow_wide_node79node59_t3,node79source_node59exit
flow_wide_node79node59_t4,node79source_node59exit
flow_wide_node79node59_t5,node79source_node59exit
flow_timber_node79node63_t1,node79source_node63exit
flow_timber_node79node63_t2,node79source_node63exit
flow_timber_node79node63_t3,node79source_node63exit
flow_timber_node79node63_t4,node79source_node63exit
flow_timber_node79node63_t5,node79source_node63exit
flow_wide_node79node63_t1,node79source_node63exit
flow_wide_node79node63_t2,node79source_node63exit
flow_wide_node79node63_t3,node79source_node63exit
flow_wide_node79node63_t4,node79source_node63exit
flow_wide_node79node63_t5,node79source_node63exit
flow_timber_node22node16_t1,node22transit_node16transit
flow_timber_node22node16_t2,node22transit_node16transit
flow_timber_node22node16_t3,node22transit_node16transit
flow_timber_node22node16_t4,node22transit_node16transit
flow_timber_node22node16_t5,node22transit_node16transit
flow_wide_node22node16_t1,node22transit_node16transit
flow_wide_node22node16_t2,node22transit_node16transit
flow_wide_node22node16_t3,node22transit_node16transit
flow_wide_node22node16_t4,node22transit_node16transit
flow_wide_node22node16_t5,node22transit_node16transit
flow_timber_node22node39_t1,node22transit_node39transit
flow_timber_node22node39_t2,node22transit_node39transit
flow_timber_node22node39_t3,node22transit_node39transit
flow_timber_node22node39_t4,node22transit_node39transit
flow_timber_node22node39_t5,node22transit_node39transit
flow_wide_node22node39_t1,node22transit_node39transit
flow_wide_node22node39_t2,node22transit_node39transit
flow_wide_node22node39_t3,node22transit_node39transit
flow_wide_node22node39_t4,node22transit_node39transit
flow_wide_node22node39_t5,node22transit_node39transit
flow_timber_node22node31_t1,node22transit_node31transit
flow_timber_node22node31_t2,node22transit_node31transit
flow_timber_node22node31_t3,node22transit_node31transit
flow_timber_node22node31_t4,node22transit_node31transit
flow_timber_node22node31_t5,node22transit_node31transit
flow_wide_node22node31_t1,node22transit_node31transit
flow_wide_node22node31_t2,node22transit_node31transit
flow_wide_node22node31_t3,node22transit_node31transit
flow_wide_node22node31_t4,node22transit_node31transit
flow_wide_node22node31_t5,node22transit_node31transit
flow_timber_node22node80_t1,node22transit_node80source
flow_timber_node22node80_t2,node22transit_node80source
flow_timber_node22node80_t3,node22transit_node80source
flow_timber_node22node80_t4,node22transit_node80source
flow_timber_node22node80_t5,node22transit_node80source
flow_wide_node22node80_t1,node22transit_node80source
flow_wide_node22node80_t2,node22transit_node80source
flow_wide_node22node80_t3,node22transit_node80source
flow_wide_node22node80_t4,node22transit_node80source
flow_wide_node22node80_t5,node22transit_node80source
flow_timber_node22node84_t1,node22transit_node84source
flow_timber_node22node84_t2,node22transit_node84source
flow_timber_node22node84_t3,node22transit_node84source
flow_timber_node22node84_t4,node22transit_node84source
flow_timber_node22node84_t5,node22transit_node84source
flow_wide_node22node84_t1,node22transit_node84source
flow_wide_node22node84_t2,node22transit_node84source
flow_wide_node22node84_t3,node22transit_node84source
flow_wide_node22node84_t4,node22transit_node84source
flow_wide_node22node84_t5,node22transit_node84source
flow_timber_node22node90_t1,node22transit_node90source
flow_timber_node22node90_t2,node22transit_node90source
flow_timber_node22node90_t3,node22transit_node90source
flow_timber_node22node90_t4,node22transit_node90source
flow_timber_node22node90_t5,node22transit_node90source
flow_wide_node22node90_t1,node22transit_node90source
flow_wide_node22node90_t2,node22transit_node90source
flow_wide_node22node90_t3,node22transit_node90source
flow_wide_node22node90_t4,node22transit_node90source
flow_wide_node22node90_t5,node22transit_node90source
flow_timber_node37node16_t1,node37transit_node16transit
flow_timber_node37node16_t2,node37transit_node16transit
flow_timber_node37node16_t3,node37transit_node16transit
flow_timber_node37node16_t4,node37transit_node16transit
flow_timber_node37node16_t5,node37transit_node16transit
flow_wide_node37node16_t1,node37transit_node16transit
flow_wide_node37node16_t2,node37transit_node16transit
flow_wide_node37node16_t3,node37transit_node16transit
flow_wide_node37node16_t4,node37transit_node16transit
flow_wide_node37node16_t5,node37transit_node16transit
flow_timber_node37node20_t1,node37transit_node20exit
flow_timber_node37node20_t2,node37transit_node20exit
flow_timber_node37node20_t3,node37transit_node20exit
flow_timber_node37node20_t4,node37transit_node20exit
flow_timber_node37node20_t5,node37transit_node20exit
flow_wide_node37node20_t1,node37transit_node20exit
flow_wide_node37node20_t2,node37transit_node20exit
flow_wide_node37node20_t3,node37transit_node20exit
flow_wide_node37node20_t4,node37transit_node20exit
flow_wide_node37node20_t5,node37transit_node20exit
flow_timber_node37node23_t1,node37transit_node23transit
flow_timber_node37node23_t2,node37transit_node23transit
flow_timber_node37node23_t3,node37transit_node23transit
flow_timber_node37node23_t4,node37transit_node23transit
flow_timber_node37node23_t5,node37transit_node23transit
flow_wide_node37node23_t1,node37transit_node23transit
flow_wide_node37node23_t2,node37transit_node23transit
flow_wide_node37node23_t3,node37transit_node23transit
flow_wide_node37node23_t4,node37transit_node23transit
flow_wide_node37node23_t5,node37transit_node23transit
flow_timber_node37node79_t1,node37transit_node79source
flow_timber_node37node79_t2,node37transit_node79source
flow_timber_node37node79_t3,node37transit_node79source
flow_timber_node37node79_t4,node37transit_node79source
flow_timber_node37node79_t5,node37transit_node79source
flow_wide_node37node79_t1,node37transit_node79source
flow_wide_node37node79_t2,node37transit_node79source
flow_wide_node37node79_t3,node37transit_node79source
flow_wide_node37node79_t4,node37transit_node79source
flow_wide_node37node79_t5,node37transit_node79source
flow_timber_node37node83_t1,node37transit_node83source
flow_timber_node37node83_t2,node37transit_node83source
flow_timber_node37node83_t3,node37transit_node83source
flow_timber_node37node83_t4,node37transit_node83source
flow_timber_node37node83_t5,node37transit_node83source
flow_wide_node37node83_t1,node37transit_node83source
flow_wide_node37node83_t2,node37transit_node83source
flow_wide_node37node83_t3,node37transit_node83source
flow_wide_node37node83_t4,node37transit_node83source
flow_wide_node37node83_t5,node37transit_node83source
flow_timber_node37node90_t1,node37transit_node90source
flow_timber_node37node90_t2,node37transit_node90source
flow_timber_node37node90_t3,node37transit_node90source
flow_timber_node37node90_t4,node37transit_node90source
flow_timber_node37node90_t5,node37transit_node90source
flow_wide_node37node90_t1,node37transit_node90source
flow_wide_node37node90_t2,node37transit_node90source
flow_wide_node37node90_t3,node37transit_node90source
flow_wide_node37node90_t4,node37transit_node90source
flow_wide_node37node90_t5,node37transit_node90source
flow_timber_node17node33_t1,node17transit_node33exit
flow_timber_node17node33_t2,node17transit_node33exit
flow_timber_node17node33_t3,node17transit_node33exit
flow_timber_node17node33_t4,node17transit_node33exit
flow_timber_node17node33_t5,node17transit_node33exit
flow_wide_node17node33_t1,node17transit_node33exit
flow_wide_node17node33_t2,node17transit_node33exit
flow_wide_node17node33_t3,node17transit_node33exit
flow_wide_node17node33_t4,node17transit_node33exit
flow_wide_node17node33_t5,node17transit_node33exit
flow_timber_node17node48_t1,node17transit_node48transit
flow_timber_node17node48_t2,node17transit_node48transit
flow_timber_node17node48_t3,node17transit_node48transit
flow_timber_node17node48_t4,node17transit_node48transit
flow_timber_node17node48_t5,node17transit_node48transit
flow_wide_node17node48_t1,node17transit_node48transit
flow_wide_node17node48_t2,node17transit_node48transit
flow_wide_node17node48_t3,node17transit_node48transit
flow_wide_node17node48_t4,node17transit_node48transit
flow_wide_node17node48_t5,node17transit_node48transit
flow_timber_node17node60_t1,node17transit_node60exit
flow_timber_node17node60_t2,node17transit_node60exit
flow_timber_node17node60_t3,node17transit_node60exit
flow_timber_node17node60_t4,node17transit_node60exit
flow_timber_node17node60_t5,node17transit_node60exit
flow_wide_node17node60_t1,node17transit_node60exit
flow_wide_node17node60_t2,node17transit_node60exit
flow_wide_node17node60_t3,node17transit_node60exit
flow_wide_node17node60_t4,node17transit_node60exit
flow_wide_node17node60_t5,node17transit_node60exit
flow_timber_node17node76_t1,node17transit_node76source
flow_timber_node17node76_t2,node17transit_node76source
flow_timber_node17node76_t3,node17transit_node76source
flow_timber_node17node76_t4,node17transit_node76source
flow_timber_node17node76_t5,node17transit_node76source
flow_wide_node17node76_t1,node17transit_node76source
flow_wide_node17node76_t2,node17transit_node76source
flow_wide_node17node76_t3,node17transit_node76source
flow_wide_node17node76_t4,node17transit_node76source
flow_wide_node17node76_t5,node17transit_node76source
flow_timber_node17node78_t1,node17transit_node78source
flow_timber_node17node78_t2,node17transit_node78source
flow_timber_node17node78_t3,node17transit_node78source
flow_timber_node17node78_t4,node17transit_node78source
flow_timber_node17node78_t5,node17transit_node78source
flow_wide_node17node78_t1,node17transit_node78source
flow_wide_node17node78_t2,node17transit_node78source
flow_wide_node17node78_t3,node17transit_node78source
flow_wide_node17node78_t4,node17transit_node78source
flow_wide_node17node78_t5,node17transit_node78source
flow_timber_node60node17_t1,node60exit_node17transit
flow_timber_node60node17_t2,node60exit_node17transit
flow_timber_node60node17_t3,node60exit_node17transit
flow_timber_node60node17_t4,node60exit_node17transit
flow_timber_node60node17_t5,node60exit_node17transit
flow_wide_node60node17_t1,node60exit_node17transit
flow_wide_node60node17_t2,node60exit_node17transit
flow_wide_node60node17_t3,node60exit_node17transit
flow_wide_node60node17_t4,node60exit_node17transit
flow_wide_node60node17_t5,node60exit_node17transit
flow_timber_node60node51_t1,node60exit_node51transit
flow_timber_node60node51_t2,node60exit_node51transit
flow_timber_node60node51_t3,node60exit_node51transit
flow_timber_node60node51_t4,node60exit_node51transit
flow_timber_node60node51_t5,node60exit_node51transit
flow_wide_node60node51_t1,node60exit_node51transit
flow_wide_node60node51_t2,node60exit_node51transit
flow_wide_node60node51_t3,node60exit_node51transit
flow_wide_node60node51_t4,node60exit_node51transit
flow_wide_node60node51_t5,node60exit_node51transit
flow_timber_node60node76_t1,node60exit_node76source
flow_timber_node60node76_t2,node60exit_node76source
flow_timber_node60node76_t3,node60exit_node76source
flow_timber_node60node76_t4,node60exit_node76source
flow_timber_node60node76_t5,node60exit_node76source
flow_wide_node60node76_t1,node60exit_node76source
flow_wide_node60node76_t2,node60exit_node76source
flow_wide_node60node76_t3,node60exit_node76source
flow_wide_node60node76_t4,node60exit_node76source
flow_wide_node60node76_t5,node60exit_node76source
flow_timber_node60node78_t1,node60exit_node78source
flow_timber_node60node78_t2,node60exit_node78source
flow_timber_node60node78_t3,node60exit_node78source
flow_timber_node60node78_t4,node60exit_node78source
flow_timber_node60node78_t5,node60exit_node78source
flow_wide_node60node78_t1,node60exit_node78source
flow_wide_node60node78_t2,node60exit_node78source
flow_wide_node60node78_t3,node60exit_node78source
flow_wide_node60node78_t4,node60exit_node78source
flow_wide_node60node78_t5,node60exit_node78source
flow_timber_node78node17_t1,node78source_node17transit
flow_timber_node78node17_t2,node78source_node17transit
flow_timber_node78node17_t3,node78source_node17transit
flow_timber_node78node17_t4,node78source_node17transit
flow_timber_node78node17_t5,node78source_node17transit
flow_wide_node78node17_t1,node78source_node17transit
flow_wide_node78node17_t2,node78source_node17transit
flow_wide_node78node17_t3,node78source_node17transit
flow_wide_node78node17_t4,node78source_node17transit
flow_wide_node78node17_t5,node78source_node17transit
flow_timber_node78node32_t1,node78source_node32transit
flow_timber_node78node32_t2,node78source_node32transit
flow_timber_node78node32_t3,node78source_node32transit
flow_timber_node78node32_t4,node78source_node32transit
flow_timber_node78node32_t5,node78source_node32transit
flow_wide_node78node32_t1,node78source_node32transit
flow_wide_node78node32_t2,node78source_node32transit
flow_wide_node78node32_t3,node78source_node32transit
flow_wide_node78node32_t4,node78source_node32transit
flow_wide_node78node32_t5,node78source_node32transit
flow_timber_node78node48_t1,node78source_node48transit
flow_timber_node78node48_t2,node78source_node48transit
flow_timber_node78node48_t3,node78source_node48transit
flow_timber_node78node48_t4,node78source_node48transit
flow_timber_node78node48_t5,node78source_node48transit
flow_wide_node78node48_t1,node78source_node48transit
flow_wide_node78node48_t2,node78source_node48transit
flow_wide_node78node48_t3,node78source_node48transit
flow_wide_node78node48_t4,node78source_node48transit
flow_wide_node78node48_t5,node78source_node48transit
flow_timber_node78node51_t1,node78source_node51transit
flow_timber_node78node51_t2,node78source_node51transit
flow_timber_node78node51_t3,node78source_node51transit
flow_timber_node78node51_t4,node78source_node51transit
flow_timber_node78node51_t5,node78source_node51transit
flow_wide_node78node51_t1,node78source_node51transit
flow_wide_node78node51_t2,node78source_node51transit
flow_wide_node78node51_t3,node78source_node51transit
flow_wide_node78node51_t4,node78source_node51transit
flow_wide_node78node51_t5,node78source_node51transit
flow_timber_node78node60_t1,node78source_node60exit
flow_timber_node78node60_t2,node78source_node60exit
flow_timber_node78node60_t3,node78source_node60exit
flow_timber_node78node60_t4,node78source_node60exit
flow_timber_node78node60_t5,node78source_node60exit
flow_wide_node78node60_t1,node78source_node60exit
flow_wide_node78node60_t2,node78source_node60exit
flow_wide_node78node60_t3,node78source_node60exit
flow_wide_node78node60_t4,node78source_node60exit
flow_wide_node78node60_t5,node78source_node60exit
flow_timber_node78node61_t1,node78source_node61exit
flow_timber_node78node61_t2,node78source_node61exit
flow_timber_node78node61_t3,node78source_node61exit
flow_timber_node78node61_t4,node78source_node61exit
flow_timber_node78node61_t5,node78source_node61exit
flow_wide_node78node61_t1,node78source_node61exit
flow_wide_node78node61_t2,node78source_node61exit
flow_wide_node78node61_t3,node78source_node61exit
flow_wide_node78node61_t4,node78source_node61exit
flow_wide_node78node61_t5,node78source_node61exit
flow_timber_node78node62_t1,node78source_node62exit
flow_timber_node78node62_t2,node78source_node62exit
flow_timber_node78node62_t3,node78source_node62exit
flow_timber_node78node62_t4,node78source_node62exit
flow_timber_node78node62_t5,node78source_node62exit
flow_wide_node78node62_t1,node78source_node62exit
flow_wide_node78node62_t2,node78source_node62exit
flow_wide_node78node62_t3,node78source_node62exit
flow_wide_node78node62_t4,node78source_node62exit
flow_wide_node78node62_t5,node78source_node62exit
flow_timber_node18node29_t1,node18transit_node29exit
flow_timber_node18node29_t2,node18transit_node29exit
flow_timber_node18node29_t3,node18transit_node29exit
flow_timber_node18node29_t4,node18transit_node29exit
flow_timber_node18node29_t5,node18transit_node29exit
flow_wide_node18node29_t1,node18transit_node29exit
flow_wide_node18node29_t2,node18transit_node29exit
flow_wide_node18node29_t3,node18transit_node29exit
flow_wide_node18node29_t4,node18transit_node29exit
flow_wide_node18node29_t5,node18transit_node29exit
flow_timber_node18node57_t1,node18transit_node57exit
flow_timber_node18node57_t2,node18transit_node57exit
flow_timber_node18node57_t3,node18transit_node57exit
flow_timber_node18node57_t4,node18transit_node57exit
flow_timber_node18node57_t5,node18transit_node57exit
flow_wide_node18node57_t1,node18transit_node57exit
flow_wide_node18node57_t2,node18transit_node57exit
flow_wide_node18node57_t3,node18transit_node57exit
flow_wide_node18node57_t4,node18transit_node57exit
flow_wide_node18node57_t5,node18transit_node57exit
flow_timber_node18node35_t1,node18transit_node35transit
flow_timber_node18node35_t2,node18transit_node35transit
flow_timber_node18node35_t3,node18transit_node35transit
flow_timber_node18node35_t4,node18transit_node35transit
flow_timber_node18node35_t5,node18transit_node35transit
flow_wide_node18node35_t1,node18transit_node35transit
flow_wide_node18node35_t2,node18transit_node35transit
flow_wide_node18node35_t3,node18transit_node35transit
flow_wide_node18node35_t4,node18transit_node35transit
flow_wide_node18node35_t5,node18transit_node35transit
flow_timber_node18node75_t1,node18transit_node75source
flow_timber_node18node75_t2,node18transit_node75source
flow_timber_node18node75_t3,node18transit_node75source
flow_timber_node18node75_t4,node18transit_node75source
flow_timber_node18node75_t5,node18transit_node75source
flow_wide_node18node75_t1,node18transit_node75source
flow_wide_node18node75_t2,node18transit_node75source
flow_wide_node18node75_t3,node18transit_node75source
flow_wide_node18node75_t4,node18transit_node75source
flow_wide_node18node75_t5,node18transit_node75source
flow_timber_node18node77_t1,node18transit_node77source
flow_timber_node18node77_t2,node18transit_node77source
flow_timber_node18node77_t3,node18transit_node77source
flow_timber_node18node77_t4,node18transit_node77source
flow_timber_node18node77_t5,node18transit_node77source
flow_wide_node18node77_t1,node18transit_node77source
flow_wide_node18node77_t2,node18transit_node77source
flow_wide_node18node77_t3,node18transit_node77source
flow_wide_node18node77_t4,node18transit_node77source
flow_wide_node18node77_t5,node18transit_node77source
flow_timber_node18node79_t1,node18transit_node79source
flow_timber_node18node79_t2,node18transit_node79source
flow_timber_node18node79_t3,node18transit_node79source
flow_timber_node18node79_t4,node18transit_node79source
flow_timber_node18node79_t5,node18transit_node79source
flow_wide_node18node79_t1,node18transit_node79source
flow_wide_node18node79_t2,node18transit_node79source
flow_wide_node18node79_t3,node18transit_node79source
flow_wide_node18node79_t4,node18transit_node79source
flow_wide_node18node79_t5,node18transit_node79source
flow_timber_node29node18_t1,node29exit_node18transit
flow_timber_node29node18_t2,node29exit_node18transit
flow_timber_node29node18_t3,node29exit_node18transit
flow_timber_node29node18_t4,node29exit_node18transit
flow_timber_node29node18_t5,node29exit_node18transit
flow_wide_node29node18_t1,node29exit_node18transit
flow_wide_node29node18_t2,node29exit_node18transit
flow_wide_node29node18_t3,node29exit_node18transit
flow_wide_node29node18_t4,node29exit_node18transit
flow_wide_node29node18_t5,node29exit_node18transit
flow_timber_node29node59_t1,node29exit_node59exit
flow_timber_node29node59_t2,node29exit_node59exit
flow_timber_node29node59_t3,node29exit_node59exit
flow_timber_node29node59_t4,node29exit_node59exit
flow_timber_node29node59_t5,node29exit_node59exit
flow_wide_node29node59_t1,node29exit_node59exit
flow_wide_node29node59_t2,node29exit_node59exit
flow_wide_node29node59_t3,node29exit_node59exit
flow_wide_node29node59_t4,node29exit_node59exit
flow_wide_node29node59_t5,node29exit_node59exit
flow_timber_node29node75_t1,node29exit_node75source
flow_timber_node29node75_t2,node29exit_node75source
flow_timber_node29node75_t3,node29exit_node75source
flow_timber_node29node75_t4,node29exit_node75source
flow_timber_node29node75_t5,node29exit_node75source
flow_wide_node29node75_t1,node29exit_node75source
flow_wide_node29node75_t2,node29exit_node75source
flow_wide_node29node75_t3,node29exit_node75source
flow_wide_node29node75_t4,node29exit_node75source
flow_wide_node29node75_t5,node29exit_node75source
flow_timber_node29node79_t1,node29exit_node79source
flow_timber_node29node79_t2,node29exit_node79source
flow_timber_node29node79_t3,node29exit_node79source
flow_timber_node29node79_t4,node29exit_node79source
flow_timber_node29node79_t5,node29exit_node79source
flow_wide_node29node79_t1,node29exit_node79source
flow_wide_node29node79_t2,node29exit_node79source
flow_wide_node29node79_t3,node29exit_node79source
flow_wide_node29node79_t4,node29exit_node79source
flow_wide_node29node79_t5,node29exit_node79source
flow_timber_node57node18_t1,node57exit_node18transit
flow_timber_node57node18_t2,node57exit_node18transit
flow_timber_node57node18_t3,node57exit_node18transit
flow_timber_node57node18_t4,node57exit_node18transit
flow_timber_node57node18_t5,node57exit_node18transit
flow_wide_node57node18_t1,node57exit_node18transit
flow_wide_node57node18_t2,node57exit_node18transit
flow_wide_node57node18_t3,node57exit_node18transit
flow_wide_node57node18_t4,node57exit_node18transit
flow_wide_node57node18_t5,node57exit_node18transit
flow_timber_node57node58_t1,node57exit_node58exit
flow_timber_node57node58_t2,node57exit_node58exit
flow_timber_node57node58_t3,node57exit_node58exit
flow_timber_node57node58_t4,node57exit_node58exit
flow_timber_node57node58_t5,node57exit_node58exit
flow_wide_node57node58_t1,node57exit_node58exit
flow_wide_node57node58_t2,node57exit_node58exit
flow_wide_node57node58_t3,node57exit_node58exit
flow_wide_node57node58_t4,node57exit_node58exit
flow_wide_node57node58_t5,node57exit_node58exit
flow_timber_node57node75_t1,node57exit_node75source
flow_timber_node57node75_t2,node57exit_node75source
flow_timber_node57node75_t3,node57exit_node75source
flow_timber_node57node75_t4,node57exit_node75source
flow_timber_node57node75_t5,node57exit_node75source
flow_wide_node57node75_t1,node57exit_node75source
flow_wide_node57node75_t2,node57exit_node75source
flow_wide_node57node75_t3,node57exit_node75source
flow_wide_node57node75_t4,node57exit_node75source
flow_wide_node57node75_t5,node57exit_node75source
flow_timber_node57node77_t1,node57exit_node77source
flow_timber_node57node77_t2,node57exit_node77source
flow_timber_node57node77_t3,node57exit_node77source
flow_timber_node57node77_t4,node57exit_node77source
flow_timber_node57node77_t5,node57exit_node77source
flow_wide_node57node77_t1,node57exit_node77source
flow_wide_node57node77_t2,node57exit_node77source
flow_wide_node57node77_t3,node57exit_node77source
flow_wide_node57node77_t4,node57exit_node77source
flow_wide_node57node77_t5,node57exit_node77source
flow_timber_node35node18_t1,node35transit_node18transit
flow_timber_node35node18_t2,node35transit_node18transit
flow_timber_node35node18_t3,node35transit_node18transit
flow_timber_node35node18_t4,node35transit_node18transit
flow_timber_node35node18_t5,node35transit_node18transit
flow_wide_node35node18_t1,node35transit_node18transit
flow_wide_node35node18_t2,node35transit_node18transit
flow_wide_node35node18_t3,node35transit_node18transit
flow_wide_node35node18_t4,node35transit_node18transit
flow_wide_node35node18_t5,node35transit_node18transit
flow_timber_node35node50_t1,node35transit_node50transit
flow_timber_node35node50_t2,node35transit_node50transit
flow_timber_node35node50_t3,node35transit_node50transit
flow_timber_node35node50_t4,node35transit_node50transit
flow_timber_node35node50_t5,node35transit_node50transit
flow_wide_node35node50_t1,node35transit_node50transit
flow_wide_node35node50_t2,node35transit_node50transit
flow_wide_node35node50_t3,node35transit_node50transit
flow_wide_node35node50_t4,node35transit_node50transit
flow_wide_node35node50_t5,node35transit_node50transit
flow_timber_node35node43_t1,node35transit_node43transit
flow_timber_node35node43_t2,node35transit_node43transit
flow_timber_node35node43_t3,node35transit_node43transit
flow_timber_node35node43_t4,node35transit_node43transit
flow_timber_node35node43_t5,node35transit_node43transit
flow_wide_node35node43_t1,node35transit_node43transit
flow_wide_node35node43_t2,node35transit_node43transit
flow_wide_node35node43_t3,node35transit_node43transit
flow_wide_node35node43_t4,node35transit_node43transit
flow_wide_node35node43_t5,node35transit_node43transit
flow_timber_node35node77_t1,node35transit_node77source
flow_timber_node35node77_t2,node35transit_node77source
flow_timber_node35node77_t3,node35transit_node77source
flow_timber_node35node77_t4,node35transit_node77source
flow_timber_node35node77_t5,node35transit_node77source
flow_wide_node35node77_t1,node35transit_node77source
flow_wide_node35node77_t2,node35transit_node77source
flow_wide_node35node77_t3,node35transit_node77source
flow_wide_node35node77_t4,node35transit_node77source
flow_wide_node35node77_t5,node35transit_node77source
flow_timber_node35node79_t1,node35transit_node79source
flow_timber_node35node79_t2,node35transit_node79source
flow_timber_node35node79_t3,node35transit_node79source
flow_timber_node35node79_t4,node35transit_node79source
flow_timber_node35node79_t5,node35transit_node79source
flow_wide_node35node79_t1,node35transit_node79source
flow_wide_node35node79_t2,node35transit_node79source
flow_wide_node35node79_t3,node35transit_node79source
flow_wide_node35node79_t4,node35transit_node79source
flow_wide_node35node79_t5,node35transit_node79source
flow_timber_node35node81_t1,node35transit_node81source
flow_timber_node35node81_t2,node35transit_node81source
flow_timber_node35node81_t3,node35transit_node81source
flow_timber_node35node81_t4,node35transit_node81source
flow_timber_node35node81_t5,node35transit_node81source
flow_wide_node35node81_t1,node35transit_node81source
flow_wide_node35node81_t2,node35transit_node81source
flow_wide_node35node81_t3,node35transit_node81source
flow_wide_node35node81_t4,node35transit_node81source
flow_wide_node35node81_t5,node35transit_node81source
flow_timber_node19node25_t1,node19transit_node25transit
flow_timber_node19node25_t2,node19transit_node25transit
flow_timber_node19node25_t3,node19transit_node25transit
flow_timber_node19node25_t4,node19transit_node25transit
flow_timber_node19node25_t5,node19transit_node25transit
flow_wide_node19node25_t1,node19transit_node25transit
flow_wide_node19node25_t2,node19transit_node25transit
flow_wide_node19node25_t3,node19transit_node25transit
flow_wide_node19node25_t4,node19transit_node25transit
flow_wide_node19node25_t5,node19transit_node25transit
flow_timber_node19node64_t1,node19transit_node64exit
flow_timber_node19node64_t2,node19transit_node64exit
flow_timber_node19node64_t3,node19transit_node64exit
flow_timber_node19node64_t4,node19transit_node64exit
flow_timber_node19node64_t5,node19transit_node64exit
flow_wide_node19node64_t1,node19transit_node64exit
flow_wide_node19node64_t2,node19transit_node64exit
flow_wide_node19node64_t3,node19transit_node64exit
flow_wide_node19node64_t4,node19transit_node64exit
flow_wide_node19node64_t5,node19transit_node64exit
flow_timber_node19node49_t1,node19transit_node49transit
flow_timber_node19node49_t2,node19transit_node49transit
flow_timber_node19node49_t3,node19transit_node49transit
flow_timber_node19node49_t4,node19transit_node49transit
flow_timber_node19node49_t5,node19transit_node49transit
flow_wide_node19node49_t1,node19transit_node49transit
flow_wide_node19node49_t2,node19transit_node49transit
flow_wide_node19node49_t3,node19transit_node49transit
flow_wide_node19node49_t4,node19transit_node49transit
flow_wide_node19node49_t5,node19transit_node49transit
flow_timber_node19node81_t1,node19transit_node81source
flow_timber_node19node81_t2,node19transit_node81source
flow_timber_node19node81_t3,node19transit_node81source
flow_timber_node19node81_t4,node19transit_node81source
flow_timber_node19node81_t5,node19transit_node81source
flow_wide_node19node81_t1,node19transit_node81source
flow_wide_node19node81_t2,node19transit_node81source
flow_wide_node19node81_t3,node19transit_node81source
flow_wide_node19node81_t4,node19transit_node81source
flow_wide_node19node81_t5,node19transit_node81source
flow_timber_node19node83_t1,node19transit_node83source
flow_timber_node19node83_t2,node19transit_node83source
flow_timber_node19node83_t3,node19transit_node83source
flow_timber_node19node83_t4,node19transit_node83source
flow_timber_node19node83_t5,node19transit_node83source
flow_wide_node19node83_t1,node19transit_node83source
flow_wide_node19node83_t2,node19transit_node83source
flow_wide_node19node83_t3,node19transit_node83source
flow_wide_node19node83_t4,node19transit_node83source
flow_wide_node19node83_t5,node19transit_node83source
flow_timber_node19node87_t1,node19transit_node87source
flow_timber_node19node87_t2,node19transit_node87source
flow_timber_node19node87_t3,node19transit_node87source
flow_timber_node19node87_t4,node19transit_node87source
flow_timber_node19node87_t5,node19transit_node87source
flow_wide_node19node87_t1,node19transit_node87source
flow_wide_node19node87_t2,node19transit_node87source
flow_wide_node19node87_t3,node19transit_node87source
flow_wide_node19node87_t4,node19transit_node87source
flow_wide_node19node87_t5,node19transit_node87source
flow_timber_node25node19_t1,node25transit_node19transit
flow_timber_node25node19_t2,node25transit_node19transit
flow_timber_node25node19_t3,node25transit_node19transit
flow_timber_node25node19_t4,node25transit_node19transit
flow_timber_node25node19_t5,node25transit_node19transit
flow_wide_node25node19_t1,node25transit_node19transit
flow_wide_node25node19_t2,node25transit_node19transit
flow_wide_node25node19_t3,node25transit_node19transit
flow_wide_node25node19_t4,node25transit_node19transit
flow_wide_node25node19_t5,node25transit_node19transit
flow_timber_node25node28_t1,node25transit_node28exit
flow_timber_node25node28_t2,node25transit_node28exit
flow_timber_node25node28_t3,node25transit_node28exit
flow_timber_node25node28_t4,node25transit_node28exit
flow_timber_node25node28_t5,node25transit_node28exit
flow_wide_node25node28_t1,node25transit_node28exit
flow_wide_node25node28_t2,node25transit_node28exit
flow_wide_node25node28_t3,node25transit_node28exit
flow_wide_node25node28_t4,node25transit_node28exit
flow_wide_node25node28_t5,node25transit_node28exit
flow_timber_node25node43_t1,node25transit_node43transit
flow_timber_node25node43_t2,node25transit_node43transit
flow_timber_node25node43_t3,node25transit_node43transit
flow_timber_node25node43_t4,node25transit_node43transit
flow_timber_node25node43_t5,node25transit_node43transit
flow_wide_node25node43_t1,node25transit_node43transit
flow_wide_node25node43_t2,node25transit_node43transit
flow_wide_node25node43_t3,node25transit_node43transit
flow_wide_node25node43_t4,node25transit_node43transit
flow_wide_node25node43_t5,node25transit_node43transit
flow_timber_node25node81_t1,node25transit_node81source
flow_timber_node25node81_t2,node25transit_node81source
flow_timber_node25node81_t3,node25transit_node81source
flow_timber_node25node81_t4,node25transit_node81source
flow_timber_node25node81_t5,node25transit_node81source
flow_wide_node25node81_t1,node25transit_node81source
flow_wide_node25node81_t2,node25transit_node81source
flow_wide_node25node81_t3,node25transit_node81source
flow_wide_node25node81_t4,node25transit_node81source
flow_wide_node25node81_t5,node25transit_node81source
flow_timber_node25node82_t1,node25transit_node82source
flow_timber_node25node82_t2,node25transit_node82source
flow_timber_node25node82_t3,node25transit_node82source
flow_timber_node25node82_t4,node25transit_node82source
flow_timber_node25node82_t5,node25transit_node82source
flow_wide_node25node82_t1,node25transit_node82source
flow_wide_node25node82_t2,node25transit_node82source
flow_wide_node25node82_t3,node25transit_node82source
flow_wide_node25node82_t4,node25transit_node82source
flow_wide_node25node82_t5,node25transit_node82source
flow_timber_node25node83_t1,node25transit_node83source
flow_timber_node25node83_t2,node25transit_node83source
flow_timber_node25node83_t3,node25transit_node83source
flow_timber_node25node83_t4,node25transit_node83source
flow_timber_node25node83_t5,node25transit_node83source
flow_wide_node25node83_t1,node25transit_node83source
flow_wide_node25node83_t2,node25transit_node83source
flow_wide_node25node83_t3,node25transit_node83source
flow_wide_node25node83_t4,node25transit_node83source
flow_wide_node25node83_t5,node25transit_node83source
flow_timber_node64node19_t1,node64exit_node19transit
flow_timber_node64node19_t2,node64exit_node19transit
flow_timber_node64node19_t3,node64exit_node19transit
flow_timber_node64node19_t4,node64exit_node19transit
flow_timber_node64node19_t5,node64exit_node19transit
flow_wide_node64node19_t1,node64exit_node19transit
flow_wide_node64node19_t2,node64exit_node19transit
flow_wide_node64node19_t3,node64exit_node19transit
flow_wide_node64node19_t4,node64exit_node19transit
flow_wide_node64node19_t5,node64exit_node19transit
flow_timber_node64node65_t1,node64exit_node65exit
flow_timber_node64node65_t2,node64exit_node65exit
flow_timber_node64node65_t3,node64exit_node65exit
flow_timber_node64node65_t4,node64exit_node65exit
flow_timber_node64node65_t5,node64exit_node65exit
flow_wide_node64node65_t1,node64exit_node65exit
flow_wide_node64node65_t2,node64exit_node65exit
flow_wide_node64node65_t3,node64exit_node65exit
flow_wide_node64node65_t4,node64exit_node65exit
flow_wide_node64node65_t5,node64exit_node65exit
flow_timber_node64node83_t1,node64exit_node83source
flow_timber_node64node83_t2,node64exit_node83source
flow_timber_node64node83_t3,node64exit_node83source
flow_timber_node64node83_t4,node64exit_node83source
flow_timber_node64node83_t5,node64exit_node83source
flow_wide_node64node83_t1,node64exit_node83source
flow_wide_node64node83_t2,node64exit_node83source
flow_wide_node64node83_t3,node64exit_node83source
flow_wide_node64node83_t4,node64exit_node83source
flow_wide_node64node83_t5,node64exit_node83source
flow_timber_node64node87_t1,node64exit_node87source
flow_timber_node64node87_t2,node64exit_node87source
flow_timber_node64node87_t3,node64exit_node87source
flow_timber_node64node87_t4,node64exit_node87source
flow_timber_node64node87_t5,node64exit_node87source
flow_wide_node64node87_t1,node64exit_node87source
flow_wide_node64node87_t2,node64exit_node87source
flow_wide_node64node87_t3,node64exit_node87source
flow_wide_node64node87_t4,node64exit_node87source
flow_wide_node64node87_t5,node64exit_node87source
flow_timber_node49node19_t1,node49transit_node19transit
flow_timber_node49node19_t2,node49transit_node19transit
flow_timber_node49node19_t3,node49transit_node19transit
flow_timber_node49node19_t4,node49transit_node19transit
flow_timber_node49node19_t5,node49transit_node19transit
flow_wide_node49node19_t1,node49transit_node19transit
flow_wide_node49node19_t2,node49transit_node19transit
flow_wide_node49node19_t3,node49transit_node19transit
flow_wide_node49node19_t4,node49transit_node19transit
flow_wide_node49node19_t5,node49transit_node19transit
flow_timber_node49node20_t1,node49transit_node20exit
flow_timber_node49node20_t2,node49transit_node20exit
flow_timber_node49node20_t3,node49transit_node20exit
flow_timber_node49node20_t4,node49transit_node20exit
flow_timber_node49node20_t5,node49transit_node20exit
flow_wide_node49node20_t1,node49transit_node20exit
flow_wide_node49node20_t2,node49transit_node20exit
flow_wide_node49node20_t3,node49transit_node20exit
flow_wide_node49node20_t4,node49transit_node20exit
flow_wide_node49node20_t5,node49transit_node20exit
flow_timber_node49node30_t1,node49transit_node30transit
flow_timber_node49node30_t2,node49transit_node30transit
flow_timber_node49node30_t3,node49transit_node30transit
flow_timber_node49node30_t4,node49transit_node30transit
flow_timber_node49node30_t5,node49transit_node30transit
flow_wide_node49node30_t1,node49transit_node30transit
flow_wide_node49node30_t2,node49transit_node30transit
flow_wide_node49node30_t3,node49transit_node30transit
flow_wide_node49node30_t4,node49transit_node30transit
flow_wide_node49node30_t5,node49transit_node30transit
flow_timber_node49node81_t1,node49transit_node81source
flow_timber_node49node81_t2,node49transit_node81source
flow_timber_node49node81_t3,node49transit_node81source
flow_timber_node49node81_t4,node49transit_node81source
flow_timber_node49node81_t5,node49transit_node81source
flow_wide_node49node81_t1,node49transit_node81source
flow_wide_node49node81_t2,node49transit_node81source
flow_wide_node49node81_t3,node49transit_node81source
flow_wide_node49node81_t4,node49transit_node81source
flow_wide_node49node81_t5,node49transit_node81source
flow_timber_node49node87_t1,node49transit_node87source
flow_timber_node49node87_t2,node49transit_node87source
flow_timber_node49node87_t3,node49transit_node87source
flow_timber_node49node87_t4,node49transit_node87source
flow_timber_node49node87_t5,node49transit_node87source
flow_wide_node49node87_t1,node49transit_node87source
flow_wide_node49node87_t2,node49transit_node87source
flow_wide_node49node87_t3,node49transit_node87source
flow_wide_node49node87_t4,node49transit_node87source
flow_wide_node49node87_t5,node49transit_node87source
flow_timber_node49node90_t1,node49transit_node90source
flow_timber_node49node90_t2,node49transit_node90source
flow_timber_node49node90_t3,node49transit_node90source
flow_timber_node49node90_t4,node49transit_node90source
flow_timber_node49node90_t5,node49transit_node90source
flow_wide_node49node90_t1,node49transit_node90source
flow_wide_node49node90_t2,node49transit_node90source
flow_wide_node49node90_t3,node49transit_node90source
flow_wide_node49node90_t4,node49transit_node90source
flow_wide_node49node90_t5,node49transit_node90source
flow_timber_node83node19_t1,node83source_node19transit
flow_timber_node83node19_t2,node83source_node19transit
flow_timber_node83node19_t3,node83source_node19transit
flow_timber_node83node19_t4,node83source_node19transit
flow_timber_node83node19_t5,node83source_node19transit
flow_wide_node83node19_t1,node83source_node19transit
flow_wide_node83node19_t2,node83source_node19transit
flow_wide_node83node19_t3,node83source_node19transit
flow_wide_node83node19_t4,node83source_node19transit
flow_wide_node83node19_t5,node83source_node19transit
flow_timber_node83node20_t1,node83source_node20exit
flow_timber_node83node20_t2,node83source_node20exit
flow_timber_node83node20_t3,node83source_node20exit
flow_timber_node83node20_t4,node83source_node20exit
flow_timber_node83node20_t5,node83source_node20exit
flow_wide_node83node20_t1,node83source_node20exit
flow_wide_node83node20_t2,node83source_node20exit
flow_wide_node83node20_t3,node83source_node20exit
flow_wide_node83node20_t4,node83source_node20exit
flow_wide_node83node20_t5,node83source_node20exit
flow_timber_node83node23_t1,node83source_node23transit
flow_timber_node83node23_t2,node83source_node23transit
flow_timber_node83node23_t3,node83source_node23transit
flow_timber_node83node23_t4,node83source_node23transit
flow_timber_node83node23_t5,node83source_node23transit
flow_wide_node83node23_t1,node83source_node23transit
flow_wide_node83node23_t2,node83source_node23transit
flow_wide_node83node23_t3,node83source_node23transit
flow_wide_node83node23_t4,node83source_node23transit
flow_wide_node83node23_t5,node83source_node23transit
flow_timber_node83node25_t1,node83source_node25transit
flow_timber_node83node25_t2,node83source_node25transit
flow_timber_node83node25_t3,node83source_node25transit
flow_timber_node83node25_t4,node83source_node25transit
flow_timber_node83node25_t5,node83source_node25transit
flow_wide_node83node25_t1,node83source_node25transit
flow_wide_node83node25_t2,node83source_node25transit
flow_wide_node83node25_t3,node83source_node25transit
flow_wide_node83node25_t4,node83source_node25transit
flow_wide_node83node25_t5,node83source_node25transit
flow_timber_node83node28_t1,node83source_node28exit
flow_timber_node83node28_t2,node83source_node28exit
flow_timber_node83node28_t3,node83source_node28exit
flow_timber_node83node28_t4,node83source_node28exit
flow_timber_node83node28_t5,node83source_node28exit
flow_wide_node83node28_t1,node83source_node28exit
flow_wide_node83node28_t2,node83source_node28exit
flow_wide_node83node28_t3,node83source_node28exit
flow_wide_node83node28_t4,node83source_node28exit
flow_wide_node83node28_t5,node83source_node28exit
flow_timber_node83node37_t1,node83source_node37transit
flow_timber_node83node37_t2,node83source_node37transit
flow_timber_node83node37_t3,node83source_node37transit
flow_timber_node83node37_t4,node83source_node37transit
flow_timber_node83node37_t5,node83source_node37transit
flow_wide_node83node37_t1,node83source_node37transit
flow_wide_node83node37_t2,node83source_node37transit
flow_wide_node83node37_t3,node83source_node37transit
flow_wide_node83node37_t4,node83source_node37transit
flow_wide_node83node37_t5,node83source_node37transit
flow_timber_node83node52_t1,node83source_node52exit
flow_timber_node83node52_t2,node83source_node52exit
flow_timber_node83node52_t3,node83source_node52exit
flow_timber_node83node52_t4,node83source_node52exit
flow_timber_node83node52_t5,node83source_node52exit
flow_wide_node83node52_t1,node83source_node52exit
flow_wide_node83node52_t2,node83source_node52exit
flow_wide_node83node52_t3,node83source_node52exit
flow_wide_node83node52_t4,node83source_node52exit
flow_wide_node83node52_t5,node83source_node52exit
flow_timber_node83node64_t1,node83source_node64exit
flow_timber_node83node64_t2,node83source_node64exit
flow_timber_node83node64_t3,node83source_node64exit
flow_timber_node83node64_t4,node83source_node64exit
flow_timber_node83node64_t5,node83source_node64exit
flow_wide_node83node64_t1,node83source_node64exit
flow_wide_node83node64_t2,node83source_node64exit
flow_wide_node83node64_t3,node83source_node64exit
flow_wide_node83node64_t4,node83source_node64exit
flow_wide_node83node64_t5,node83source_node64exit
flow_timber_node83node65_t1,node83source_node65exit
flow_timber_node83node65_t2,node83source_node65exit
flow_timber_node83node65_t3,node83source_node65exit
flow_timber_node83node65_t4,node83source_node65exit
flow_timber_node83node65_t5,node83source_node65exit
flow_wide_node83node65_t1,node83source_node65exit
flow_wide_node83node65_t2,node83source_node65exit
flow_wide_node83node65_t3,node83source_node65exit
flow_wide_node83node65_t4,node83source_node65exit
flow_wide_node83node65_t5,node83source_node65exit
flow_timber_node87node19_t1,node87source_node19transit
flow_timber_node87node19_t2,node87source_node19transit
flow_timber_node87node19_t3,node87source_node19transit
flow_timber_node87node19_t4,node87source_node19transit
flow_timber_node87node19_t5,node87source_node19transit
flow_wide_node87node19_t1,node87source_node19transit
flow_wide_node87node19_t2,node87source_node19transit
flow_wide_node87node19_t3,node87source_node19transit
flow_wide_node87node19_t4,node87source_node19transit
flow_wide_node87node19_t5,node87source_node19transit
flow_timber_node87node20_t1,node87source_node20exit
flow_timber_node87node20_t2,node87source_node20exit
flow_timber_node87node20_t3,node87source_node20exit
flow_timber_node87node20_t4,node87source_node20exit
flow_timber_node87node20_t5,node87source_node20exit
flow_wide_node87node20_t1,node87source_node20exit
flow_wide_node87node20_t2,node87source_node20exit
flow_wide_node87node20_t3,node87source_node20exit
flow_wide_node87node20_t4,node87source_node20exit
flow_wide_node87node20_t5,node87source_node20exit
flow_timber_node87node49_t1,node87source_node49transit
flow_timber_node87node49_t2,node87source_node49transit
flow_timber_node87node49_t3,node87source_node49transit
flow_timber_node87node49_t4,node87source_node49transit
flow_timber_node87node49_t5,node87source_node49transit
flow_wide_node87node49_t1,node87source_node49transit
flow_wide_node87node49_t2,node87source_node49transit
flow_wide_node87node49_t3,node87source_node49transit
flow_wide_node87node49_t4,node87source_node49transit
flow_wide_node87node49_t5,node87source_node49transit
flow_timber_node87node52_t1,node87source_node52exit
flow_timber_node87node52_t2,node87source_node52exit
flow_timber_node87node52_t3,node87source_node52exit
flow_timber_node87node52_t4,node87source_node52exit
flow_timber_node87node52_t5,node87source_node52exit
flow_wide_node87node52_t1,node87source_node52exit
flow_wide_node87node52_t2,node87source_node52exit
flow_wide_node87node52_t3,node87source_node52exit
flow_wide_node87node52_t4,node87source_node52exit
flow_wide_node87node52_t5,node87source_node52exit
flow_timber_node87node64_t1,node87source_node64exit
flow_timber_node87node64_t2,node87source_node64exit
flow_timber_node87node64_t3,node87source_node64exit
flow_timber_node87node64_t4,node87source_node64exit
flow_timber_node87node64_t5,node87source_node64exit
flow_wide_node87node64_t1,node87source_node64exit
flow_wide_node87node64_t2,node87source_node64exit
flow_wide_node87node64_t3,node87source_node64exit
flow_wide_node87node64_t4,node87source_node64exit
flow_wide_node87node64_t5,node87source_node64exit
flow_timber_node87node65_t1,node87source_node65exit
flow_timber_node87node65_t2,node87source_node65exit
flow_timber_node87node65_t3,node87source_node65exit
flow_timber_node87node65_t4,node87source_node65exit
flow_timber_node87node65_t5,node87source_node65exit
flow_wide_node87node65_t1,node87source_node65exit
flow_wide_node87node65_t2,node87source_node65exit
flow_wide_node87node65_t3,node87source_node65exit
flow_wide_node87node65_t4,node87source_node65exit
flow_wide_node87node65_t5,node87source_node65exit
flow_timber_node20node52_t1,node20exit_node52exit
flow_timber_node20node52_t2,node20exit_node52exit
flow_timber_node20node52_t3,node20exit_node52exit
flow_timber_node20node52_t4,node20exit_node52exit
flow_timber_node20node52_t5,node20exit_node52exit
flow_wide_node20node52_t1,node20exit_node52exit
flow_wide_node20node52_t2,node20exit_node52exit
flow_wide_node20node52_t3,node20exit_node52exit
flow_wide_node20node52_t4,node20exit_node52exit
flow_wide_node20node52_t5,node20exit_node52exit
flow_timber_node20node49_t1,node20exit_node49transit
flow_timber_node20node49_t2,node20exit_node49transit
flow_timber_node20node49_t3,node20exit_node49transit
flow_timber_node20node49_t4,node20exit_node49transit
flow_timber_node20node49_t5,node20exit_node49transit
flow_wide_node20node49_t1,node20exit_node49transit
flow_wide_node20node49_t2,node20exit_node49transit
flow_wide_node20node49_t3,node20exit_node49transit
flow_wide_node20node49_t4,node20exit_node49transit
flow_wide_node20node49_t5,node20exit_node49transit
flow_timber_node20node37_t1,node20exit_node37transit
flow_timber_node20node37_t2,node20exit_node37transit
flow_timber_node20node37_t3,node20exit_node37transit
flow_timber_node20node37_t4,node20exit_node37transit
flow_timber_node20node37_t5,node20exit_node37transit
flow_wide_node20node37_t1,node20exit_node37transit
flow_wide_node20node37_t2,node20exit_node37transit
flow_wide_node20node37_t3,node20exit_node37transit
flow_wide_node20node37_t4,node20exit_node37transit
flow_wide_node20node37_t5,node20exit_node37transit
flow_timber_node20node83_t1,node20exit_node83source
flow_timber_node20node83_t2,node20exit_node83source
flow_timber_node20node83_t3,node20exit_node83source
flow_timber_node20node83_t4,node20exit_node83source
flow_timber_node20node83_t5,node20exit_node83source
flow_wide_node20node83_t1,node20exit_node83source
flow_wide_node20node83_t2,node20exit_node83source
flow_wide_node20node83_t3,node20exit_node83source
flow_wide_node20node83_t4,node20exit_node83source
flow_wide_node20node83_t5,node20exit_node83source
flow_timber_node20node87_t1,node20exit_node87source
flow_timber_node20node87_t2,node20exit_node87source
flow_timber_node20node87_t3,node20exit_node87source
flow_timber_node20node87_t4,node20exit_node87source
flow_timber_node20node87_t5,node20exit_node87source
flow_wide_node20node87_t1,node20exit_node87source
flow_wide_node20node87_t2,node20exit_node87source
flow_wide_node20node87_t3,node20exit_node87source
flow_wide_node20node87_t4,node20exit_node87source
flow_wide_node20node87_t5,node20exit_node87source
flow_timber_node20node90_t1,node20exit_node90source
flow_timber_node20node90_t2,node20exit_node90source
flow_timber_node20node90_t3,node20exit_node90source
flow_timber_node20node90_t4,node20exit_node90source
flow_timber_node20node90_t5,node20exit_node90source
flow_wide_node20node90_t1,node20exit_node90source
flow_wide_node20node90_t2,node20exit_node90source
flow_wide_node20node90_t3,node20exit_node90source
flow_wide_node20node90_t4,node20exit_node90source
flow_wide_node20node90_t5,node20exit_node90source
flow_timber_node52node20_t1,node52exit_node20exit
flow_timber_node52node20_t2,node52exit_node20exit
flow_timber_node52node20_t3,node52exit_node20exit
flow_timber_node52node20_t4,node52exit_node20exit
flow_timber_node52node20_t5,node52exit_node20exit
flow_wide_node52node20_t1,node52exit_node20exit
flow_wide_node52node20_t2,node52exit_node20exit
flow_wide_node52node20_t3,node52exit_node20exit
flow_wide_node52node20_t4,node52exit_node20exit
flow_wide_node52node20_t5,node52exit_node20exit
flow_timber_node52node65_t1,node52exit_node65exit
flow_timber_node52node65_t2,node52exit_node65exit
flow_timber_node52node65_t3,node52exit_node65exit
flow_timber_node52node65_t4,node52exit_node65exit
flow_timber_node52node65_t5,node52exit_node65exit
flow_wide_node52node65_t1,node52exit_node65exit
flow_wide_node52node65_t2,node52exit_node65exit
flow_wide_node52node65_t3,node52exit_node65exit
flow_wide_node52node65_t4,node52exit_node65exit
flow_wide_node52node65_t5,node52exit_node65exit
flow_timber_node52node83_t1,node52exit_node83source
flow_timber_node52node83_t2,node52exit_node83source
flow_timber_node52node83_t3,node52exit_node83source
flow_timber_node52node83_t4,node52exit_node83source
flow_timber_node52node83_t5,node52exit_node83source
flow_wide_node52node83_t1,node52exit_node83source
flow_wide_node52node83_t2,node52exit_node83source
flow_wide_node52node83_t3,node52exit_node83source
flow_wide_node52node83_t4,node52exit_node83source
flow_wide_node52node83_t5,node52exit_node83source
flow_timber_node52node87_t1,node52exit_node87source
flow_timber_node52node87_t2,node52exit_node87source
flow_timber_node52node87_t3,node52exit_node87source
flow_timber_node52node87_t4,node52exit_node87source
flow_timber_node52node87_t5,node52exit_node87source
flow_wide_node52node87_t1,node52exit_node87source
flow_wide_node52node87_t2,node52exit_node87source
flow_wide_node52node87_t3,node52exit_node87source
flow_wide_node52node87_t4,node52exit_node87source
flow_wide_node52node87_t5,node52exit_node87source
flow_timber_node21node26_t1,node21transit_node26transit
flow_timber_node21node26_t2,node21transit_node26transit
flow_timber_node21node26_t3,node21transit_node26transit
flow_timber_node21node26_t4,node21transit_node26transit
flow_timber_node21node26_t5,node21transit_node26transit
flow_wide_node21node26_t1,node21transit_node26transit
flow_wide_node21node26_t2,node21transit_node26transit
flow_wide_node21node26_t3,node21transit_node26transit
flow_wide_node21node26_t4,node21transit_node26transit
flow_wide_node21node26_t5,node21transit_node26transit
flow_timber_node21node38_t1,node21transit_node38transit
flow_timber_node21node38_t2,node21transit_node38transit
flow_timber_node21node38_t3,node21transit_node38transit
flow_timber_node21node38_t4,node21transit_node38transit
flow_timber_node21node38_t5,node21transit_node38transit
flow_wide_node21node38_t1,node21transit_node38transit
flow_wide_node21node38_t2,node21transit_node38transit
flow_wide_node21node38_t3,node21transit_node38transit
flow_wide_node21node38_t4,node21transit_node38transit
flow_wide_node21node38_t5,node21transit_node38transit
flow_timber_node21node54_t1,node21transit_node54transit
flow_timber_node21node54_t2,node21transit_node54transit
flow_timber_node21node54_t3,node21transit_node54transit
flow_timber_node21node54_t4,node21transit_node54transit
flow_timber_node21node54_t5,node21transit_node54transit
flow_wide_node21node54_t1,node21transit_node54transit
flow_wide_node21node54_t2,node21transit_node54transit
flow_wide_node21node54_t3,node21transit_node54transit
flow_wide_node21node54_t4,node21transit_node54transit
flow_wide_node21node54_t5,node21transit_node54transit
flow_timber_node21node89_t1,node21transit_node89source
flow_timber_node21node89_t2,node21transit_node89source
flow_timber_node21node89_t3,node21transit_node89source
flow_timber_node21node89_t4,node21transit_node89source
flow_timber_node21node89_t5,node21transit_node89source
flow_wide_node21node89_t1,node21transit_node89source
flow_wide_node21node89_t2,node21transit_node89source
flow_wide_node21node89_t3,node21transit_node89source
flow_wide_node21node89_t4,node21transit_node89source
flow_wide_node21node89_t5,node21transit_node89source
flow_timber_node21node94_t1,node21transit_node94source
flow_timber_node21node94_t2,node21transit_node94source
flow_timber_node21node94_t3,node21transit_node94source
flow_timber_node21node94_t4,node21transit_node94source
flow_timber_node21node94_t5,node21transit_node94source
flow_wide_node21node94_t1,node21transit_node94source
flow_wide_node21node94_t2,node21transit_node94source
flow_wide_node21node94_t3,node21transit_node94source
flow_wide_node21node94_t4,node21transit_node94source
flow_wide_node21node94_t5,node21transit_node94source
flow_timber_node21node95_t1,node21transit_node95source
flow_timber_node21node95_t2,node21transit_node95source
flow_timber_node21node95_t3,node21transit_node95source
flow_timber_node21node95_t4,node21transit_node95source
flow_timber_node21node95_t5,node21transit_node95source
flow_wide_node21node95_t1,node21transit_node95source
flow_wide_node21node95_t2,node21transit_node95source
flow_wide_node21node95_t3,node21transit_node95source
flow_wide_node21node95_t4,node21transit_node95source
flow_wide_node21node95_t5,node21transit_node95source
flow_timber_node54node21_t1,node54transit_node21transit
flow_timber_node54node21_t2,node54transit_node21transit
flow_timber_node54node21_t3,node54transit_node21transit
flow_timber_node54node21_t4,node54transit_node21transit
flow_timber_node54node21_t5,node54transit_node21transit
flow_wide_node54node21_t1,node54transit_node21transit
flow_wide_node54node21_t2,node54transit_node21transit
flow_wide_node54node21_t3,node54transit_node21transit
flow_wide_node54node21_t4,node54transit_node21transit
flow_wide_node54node21_t5,node54transit_node21transit
flow_timber_node54node46_t1,node54transit_node46transit
flow_timber_node54node46_t2,node54transit_node46transit
flow_timber_node54node46_t3,node54transit_node46transit
flow_timber_node54node46_t4,node54transit_node46transit
flow_timber_node54node46_t5,node54transit_node46transit
flow_wide_node54node46_t1,node54transit_node46transit
flow_wide_node54node46_t2,node54transit_node46transit
flow_wide_node54node46_t3,node54transit_node46transit
flow_wide_node54node46_t4,node54transit_node46transit
flow_wide_node54node46_t5,node54transit_node46transit
flow_timber_node54node72_t1,node54transit_node72exit
flow_timber_node54node72_t2,node54transit_node72exit
flow_timber_node54node72_t3,node54transit_node72exit
flow_timber_node54node72_t4,node54transit_node72exit
flow_timber_node54node72_t5,node54transit_node72exit
flow_wide_node54node72_t1,node54transit_node72exit
flow_wide_node54node72_t2,node54transit_node72exit
flow_wide_node54node72_t3,node54transit_node72exit
flow_wide_node54node72_t4,node54transit_node72exit
flow_wide_node54node72_t5,node54transit_node72exit
flow_timber_node54node94_t1,node54transit_node94source
flow_timber_node54node94_t2,node54transit_node94source
flow_timber_node54node94_t3,node54transit_node94source
flow_timber_node54node94_t4,node54transit_node94source
flow_timber_node54node94_t5,node54transit_node94source
flow_wide_node54node94_t1,node54transit_node94source
flow_wide_node54node94_t2,node54transit_node94source
flow_wide_node54node94_t3,node54transit_node94source
flow_wide_node54node94_t4,node54transit_node94source
flow_wide_node54node94_t5,node54transit_node94source
flow_timber_node54node95_t1,node54transit_node95source
flow_timber_node54node95_t2,node54transit_node95source
flow_timber_node54node95_t3,node54transit_node95source
flow_timber_node54node95_t4,node54transit_node95source
flow_timber_node54node95_t5,node54transit_node95source
flow_wide_node54node95_t1,node54transit_node95source
flow_wide_node54node95_t2,node54transit_node95source
flow_wide_node54node95_t3,node54transit_node95source
flow_wide_node54node95_t4,node54transit_node95source
flow_wide_node54node95_t5,node54transit_node95source
flow_timber_node39node22_t1,node39transit_node22transit
flow_timber_node39node22_t2,node39transit_node22transit
flow_timber_node39node22_t3,node39transit_node22transit
flow_timber_node39node22_t4,node39transit_node22transit
flow_timber_node39node22_t5,node39transit_node22transit
flow_wide_node39node22_t1,node39transit_node22transit
flow_wide_node39node22_t2,node39transit_node22transit
flow_wide_node39node22_t3,node39transit_node22transit
flow_wide_node39node22_t4,node39transit_node22transit
flow_wide_node39node22_t5,node39transit_node22transit
flow_timber_node39node45_t1,node39transit_node45exit
flow_timber_node39node45_t2,node39transit_node45exit
flow_timber_node39node45_t3,node39transit_node45exit
flow_timber_node39node45_t4,node39transit_node45exit
flow_timber_node39node45_t5,node39transit_node45exit
flow_wide_node39node45_t1,node39transit_node45exit
flow_wide_node39node45_t2,node39transit_node45exit
flow_wide_node39node45_t3,node39transit_node45exit
flow_wide_node39node45_t4,node39transit_node45exit
flow_wide_node39node45_t5,node39transit_node45exit
flow_timber_node39node51_t1,node39transit_node51transit
flow_timber_node39node51_t2,node39transit_node51transit
flow_timber_node39node51_t3,node39transit_node51transit
flow_timber_node39node51_t4,node39transit_node51transit
flow_timber_node39node51_t5,node39transit_node51transit
flow_wide_node39node51_t1,node39transit_node51transit
flow_wide_node39node51_t2,node39transit_node51transit
flow_wide_node39node51_t3,node39transit_node51transit
flow_wide_node39node51_t4,node39transit_node51transit
flow_wide_node39node51_t5,node39transit_node51transit
flow_timber_node39node80_t1,node39transit_node80source
flow_timber_node39node80_t2,node39transit_node80source
flow_timber_node39node80_t3,node39transit_node80source
flow_timber_node39node80_t4,node39transit_node80source
flow_timber_node39node80_t5,node39transit_node80source
flow_wide_node39node80_t1,node39transit_node80source
flow_wide_node39node80_t2,node39transit_node80source
flow_wide_node39node80_t3,node39transit_node80source
flow_wide_node39node80_t4,node39transit_node80source
flow_wide_node39node80_t5,node39transit_node80source
flow_timber_node39node84_t1,node39transit_node84source
flow_timber_node39node84_t2,node39transit_node84source
flow_timber_node39node84_t3,node39transit_node84source
flow_timber_node39node84_t4,node39transit_node84source
flow_timber_node39node84_t5,node39transit_node84source
flow_wide_node39node84_t1,node39transit_node84source
flow_wide_node39node84_t2,node39transit_node84source
flow_wide_node39node84_t3,node39transit_node84source
flow_wide_node39node84_t4,node39transit_node84source
flow_wide_node39node84_t5,node39transit_node84source
flow_timber_node39node88_t1,node39transit_node88source
flow_timber_node39node88_t2,node39transit_node88source
flow_timber_node39node88_t3,node39transit_node88source
flow_timber_node39node88_t4,node39transit_node88source
flow_timber_node39node88_t5,node39transit_node88source
flow_wide_node39node88_t1,node39transit_node88source
flow_wide_node39node88_t2,node39transit_node88source
flow_wide_node39node88_t3,node39transit_node88source
flow_wide_node39node88_t4,node39transit_node88source
flow_wide_node39node88_t5,node39transit_node88source
flow_timber_node23node28_t1,node23transit_node28exit
flow_timber_node23node28_t2,node23transit_node28exit
flow_timber_node23node28_t3,node23transit_node28exit
flow_timber_node23node28_t4,node23transit_node28exit
flow_timber_node23node28_t5,node23transit_node28exit
flow_wide_node23node28_t1,node23transit_node28exit
flow_wide_node23node28_t2,node23transit_node28exit
flow_wide_node23node28_t3,node23transit_node28exit
flow_wide_node23node28_t4,node23transit_node28exit
flow_wide_node23node28_t5,node23transit_node28exit
flow_timber_node23node37_t1,node23transit_node37transit
flow_timber_node23node37_t2,node23transit_node37transit
flow_timber_node23node37_t3,node23transit_node37transit
flow_timber_node23node37_t4,node23transit_node37transit
flow_timber_node23node37_t5,node23transit_node37transit
flow_wide_node23node37_t1,node23transit_node37transit
flow_wide_node23node37_t2,node23transit_node37transit
flow_wide_node23node37_t3,node23transit_node37transit
flow_wide_node23node37_t4,node23transit_node37transit
flow_wide_node23node37_t5,node23transit_node37transit
flow_timber_node23node63_t1,node23transit_node63exit
flow_timber_node23node63_t2,node23transit_node63exit
flow_timber_node23node63_t3,node23transit_node63exit
flow_timber_node23node63_t4,node23transit_node63exit
flow_timber_node23node63_t5,node23transit_node63exit
flow_wide_node23node63_t1,node23transit_node63exit
flow_wide_node23node63_t2,node23transit_node63exit
flow_wide_node23node63_t3,node23transit_node63exit
flow_wide_node23node63_t4,node23transit_node63exit
flow_wide_node23node63_t5,node23transit_node63exit
flow_timber_node23node79_t1,node23transit_node79source
flow_timber_node23node79_t2,node23transit_node79source
flow_timber_node23node79_t3,node23transit_node79source
flow_timber_node23node79_t4,node23transit_node79source
flow_timber_node23node79_t5,node23transit_node79source
flow_wide_node23node79_t1,node23transit_node79source
flow_wide_node23node79_t2,node23transit_node79source
flow_wide_node23node79_t3,node23transit_node79source
flow_wide_node23node79_t4,node23transit_node79source
flow_wide_node23node79_t5,node23transit_node79source
flow_timber_node23node82_t1,node23transit_node82source
flow_timber_node23node82_t2,node23transit_node82source
flow_timber_node23node82_t3,node23transit_node82source
flow_timber_node23node82_t4,node23transit_node82source
flow_timber_node23node82_t5,node23transit_node82source
flow_wide_node23node82_t1,node23transit_node82source
flow_wide_node23node82_t2,node23transit_node82source
flow_wide_node23node82_t3,node23transit_node82source
flow_wide_node23node82_t4,node23transit_node82source
flow_wide_node23node82_t5,node23transit_node82source
flow_timber_node23node83_t1,node23transit_node83source
flow_timber_node23node83_t2,node23transit_node83source
flow_timber_node23node83_t3,node23transit_node83source
flow_timber_node23node83_t4,node23transit_node83source
flow_timber_node23node83_t5,node23transit_node83source
flow_wide_node23node83_t1,node23transit_node83source
flow_wide_node23node83_t2,node23transit_node83source
flow_wide_node23node83_t3,node23transit_node83source
flow_wide_node23node83_t4,node23transit_node83source
flow_wide_node23node83_t5,node23transit_node83source
flow_timber_node28node23_t1,node28exit_node23transit
flow_timber_node28node23_t2,node28exit_node23transit
flow_timber_node28node23_t3,node28exit_node23transit
flow_timber_node28node23_t4,node28exit_node23transit
flow_timber_node28node23_t5,node28exit_node23transit
flow_wide_node28node23_t1,node28exit_node23transit
flow_wide_node28node23_t2,node28exit_node23transit
flow_wide_node28node23_t3,node28exit_node23transit
flow_wide_node28node23_t4,node28exit_node23transit
flow_wide_node28node23_t5,node28exit_node23transit
flow_timber_node28node25_t1,node28exit_node25transit
flow_timber_node28node25_t2,node28exit_node25transit
flow_timber_node28node25_t3,node28exit_node25transit
flow_timber_node28node25_t4,node28exit_node25transit
flow_timber_node28node25_t5,node28exit_node25transit
flow_wide_node28node25_t1,node28exit_node25transit
flow_wide_node28node25_t2,node28exit_node25transit
flow_wide_node28node25_t3,node28exit_node25transit
flow_wide_node28node25_t4,node28exit_node25transit
flow_wide_node28node25_t5,node28exit_node25transit
flow_timber_node28node82_t1,node28exit_node82source
flow_timber_node28node82_t2,node28exit_node82source
flow_timber_node28node82_t3,node28exit_node82source
flow_timber_node28node82_t4,node28exit_node82source
flow_timber_node28node82_t5,node28exit_node82source
flow_wide_node28node82_t1,node28exit_node82source
flow_wide_node28node82_t2,node28exit_node82source
flow_wide_node28node82_t3,node28exit_node82source
flow_wide_node28node82_t4,node28exit_node82source
flow_wide_node28node82_t5,node28exit_node82source
flow_timber_node28node83_t1,node28exit_node83source
flow_timber_node28node83_t2,node28exit_node83source
flow_timber_node28node83_t3,node28exit_node83source
flow_timber_node28node83_t4,node28exit_node83source
flow_timber_node28node83_t5,node28exit_node83source
flow_wide_node28node83_t1,node28exit_node83source
flow_wide_node28node83_t2,node28exit_node83source
flow_wide_node28node83_t3,node28exit_node83source
flow_wide_node28node83_t4,node28exit_node83source
flow_wide_node28node83_t5,node28exit_node83source
flow_timber_node63node23_t1,node63exit_node23transit
flow_timber_node63node23_t2,node63exit_node23transit
flow_timber_node63node23_t3,node63exit_node23transit
flow_timber_node63node23_t4,node63exit_node23transit
flow_timber_node63node23_t5,node63exit_node23transit
flow_wide_node63node23_t1,node63exit_node23transit
flow_wide_node63node23_t2,node63exit_node23transit
flow_wide_node63node23_t3,node63exit_node23transit
flow_wide_node63node23_t4,node63exit_node23transit
flow_wide_node63node23_t5,node63exit_node23transit
flow_timber_node63node43_t1,node63exit_node43transit
flow_timber_node63node43_t2,node63exit_node43transit
flow_timber_node63node43_t3,node63exit_node43transit
flow_timber_node63node43_t4,node63exit_node43transit
flow_timber_node63node43_t5,node63exit_node43transit
flow_wide_node63node43_t1,node63exit_node43transit
flow_wide_node63node43_t2,node63exit_node43transit
flow_wide_node63node43_t3,node63exit_node43transit
flow_wide_node63node43_t4,node63exit_node43transit
flow_wide_node63node43_t5,node63exit_node43transit
flow_timber_node63node79_t1,node63exit_node79source
flow_timber_node63node79_t2,node63exit_node79source
flow_timber_node63node79_t3,node63exit_node79source
flow_timber_node63node79_t4,node63exit_node79source
flow_timber_node63node79_t5,node63exit_node79source
flow_wide_node63node79_t1,node63exit_node79source
flow_wide_node63node79_t2,node63exit_node79source
flow_wide_node63node79_t3,node63exit_node79source
flow_wide_node63node79_t4,node63exit_node79source
flow_wide_node63node79_t5,node63exit_node79source
flow_timber_node63node82_t1,node63exit_node82source
flow_timber_node63node82_t2,node63exit_node82source
flow_timber_node63node82_t3,node63exit_node82source
flow_timber_node63node82_t4,node63exit_node82source
flow_timber_node63node82_t5,node63exit_node82source
flow_wide_node63node82_t1,node63exit_node82source
flow_wide_node63node82_t2,node63exit_node82source
flow_wide_node63node82_t3,node63exit_node82source
flow_wide_node63node82_t4,node63exit_node82source
flow_wide_node63node82_t5,node63exit_node82source
flow_timber_node82node23_t1,node82source_node23transit
flow_timber_node82node23_t2,node82source_node23transit
flow_timber_node82node23_t3,node82source_node23transit
flow_timber_node82node23_t4,node82source_node23transit
flow_timber_node82node23_t5,node82source_node23transit
flow_wide_node82node23_t1,node82source_node23transit
flow_wide_node82node23_t2,node82source_node23transit
flow_wide_node82node23_t3,node82source_node23transit
flow_wide_node82node23_t4,node82source_node23transit
flow_wide_node82node23_t5,node82source_node23transit
flow_timber_node82node25_t1,node82source_node25transit
flow_timber_node82node25_t2,node82source_node25transit
flow_timber_node82node25_t3,node82source_node25transit
flow_timber_node82node25_t4,node82source_node25transit
flow_timber_node82node25_t5,node82source_node25transit
flow_wide_node82node25_t1,node82source_node25transit
flow_wide_node82node25_t2,node82source_node25transit
flow_wide_node82node25_t3,node82source_node25transit
flow_wide_node82node25_t4,node82source_node25transit
flow_wide_node82node25_t5,node82source_node25transit
flow_timber_node82node28_t1,node82source_node28exit
flow_timber_node82node28_t2,node82source_node28exit
flow_timber_node82node28_t3,node82source_node28exit
flow_timber_node82node28_t4,node82source_node28exit
flow_timber_node82node28_t5,node82source_node28exit
flow_wide_node82node28_t1,node82source_node28exit
flow_wide_node82node28_t2,node82source_node28exit
flow_wide_node82node28_t3,node82source_node28exit
flow_wide_node82node28_t4,node82source_node28exit
flow_wide_node82node28_t5,node82source_node28exit
flow_timber_node82node43_t1,node82source_node43transit
flow_timber_node82node43_t2,node82source_node43transit
flow_timber_node82node43_t3,node82source_node43transit
flow_timber_node82node43_t4,node82source_node43transit
flow_timber_node82node43_t5,node82source_node43transit
flow_wide_node82node43_t1,node82source_node43transit
flow_wide_node82node43_t2,node82source_node43transit
flow_wide_node82node43_t3,node82source_node43transit
flow_wide_node82node43_t4,node82source_node43transit
flow_wide_node82node43_t5,node82source_node43transit
flow_timber_node82node63_t1,node82source_node63exit
flow_timber_node82node63_t2,node82source_node63exit
flow_timber_node82node63_t3,node82source_node63exit
flow_timber_node82node63_t4,node82source_node63exit
flow_timber_node82node63_t5,node82source_node63exit
flow_wide_node82node63_t1,node82source_node63exit
flow_wide_node82node63_t2,node82source_node63exit
flow_wide_node82node63_t3,node82source_node63exit
flow_wide_node82node63_t4,node82source_node63exit
flow_wide_node82node63_t5,node82source_node63exit
flow_timber_node24node71_t1,node24exit_node71exit
flow_timber_node24node71_t2,node24exit_node71exit
flow_timber_node24node71_t3,node24exit_node71exit
flow_timber_node24node71_t4,node24exit_node71exit
flow_timber_node24node71_t5,node24exit_node71exit
flow_wide_node24node71_t1,node24exit_node71exit
flow_wide_node24node71_t2,node24exit_node71exit
flow_wide_node24node71_t3,node24exit_node71exit
flow_wide_node24node71_t4,node24exit_node71exit
flow_wide_node24node71_t5,node24exit_node71exit
flow_timber_node24node67_t1,node24exit_node67exit
flow_timber_node24node67_t2,node24exit_node67exit
flow_timber_node24node67_t3,node24exit_node67exit
flow_timber_node24node67_t4,node24exit_node67exit
flow_timber_node24node67_t5,node24exit_node67exit
flow_wide_node24node67_t1,node24exit_node67exit
flow_wide_node24node67_t2,node24exit_node67exit
flow_wide_node24node67_t3,node24exit_node67exit
flow_wide_node24node67_t4,node24exit_node67exit
flow_wide_node24node67_t5,node24exit_node67exit
flow_timber_node24node88_t1,node24exit_node88source
flow_timber_node24node88_t2,node24exit_node88source
flow_timber_node24node88_t3,node24exit_node88source
flow_timber_node24node88_t4,node24exit_node88source
flow_timber_node24node88_t5,node24exit_node88source
flow_wide_node24node88_t1,node24exit_node88source
flow_wide_node24node88_t2,node24exit_node88source
flow_wide_node24node88_t3,node24exit_node88source
flow_wide_node24node88_t4,node24exit_node88source
flow_wide_node24node88_t5,node24exit_node88source
flow_timber_node24node93_t1,node24exit_node93source
flow_timber_node24node93_t2,node24exit_node93source
flow_timber_node24node93_t3,node24exit_node93source
flow_timber_node24node93_t4,node24exit_node93source
flow_timber_node24node93_t5,node24exit_node93source
flow_wide_node24node93_t1,node24exit_node93source
flow_wide_node24node93_t2,node24exit_node93source
flow_wide_node24node93_t3,node24exit_node93source
flow_wide_node24node93_t4,node24exit_node93source
flow_wide_node24node93_t5,node24exit_node93source
flow_timber_node71node24_t1,node71exit_node24exit
flow_timber_node71node24_t2,node71exit_node24exit
flow_timber_node71node24_t3,node71exit_node24exit
flow_timber_node71node24_t4,node71exit_node24exit
flow_timber_node71node24_t5,node71exit_node24exit
flow_wide_node71node24_t1,node71exit_node24exit
flow_wide_node71node24_t2,node71exit_node24exit
flow_wide_node71node24_t3,node71exit_node24exit
flow_wide_node71node24_t4,node71exit_node24exit
flow_wide_node71node24_t5,node71exit_node24exit
flow_timber_node71node69_t1,node71exit_node69exit
flow_timber_node71node69_t2,node71exit_node69exit
flow_timber_node71node69_t3,node71exit_node69exit
flow_timber_node71node69_t4,node71exit_node69exit
flow_timber_node71node69_t5,node71exit_node69exit
flow_wide_node71node69_t1,node71exit_node69exit
flow_wide_node71node69_t2,node71exit_node69exit
flow_wide_node71node69_t3,node71exit_node69exit
flow_wide_node71node69_t4,node71exit_node69exit
flow_wide_node71node69_t5,node71exit_node69exit
flow_timber_node71node88_t1,node71exit_node88source
flow_timber_node71node88_t2,node71exit_node88source
flow_timber_node71node88_t3,node71exit_node88source
flow_timber_node71node88_t4,node71exit_node88source
flow_timber_node71node88_t5,node71exit_node88source
flow_wide_node71node88_t1,node71exit_node88source
flow_wide_node71node88_t2,node71exit_node88source
flow_wide_node71node88_t3,node71exit_node88source
flow_wide_node71node88_t4,node71exit_node88source
flow_wide_node71node88_t5,node71exit_node88source
flow_timber_node71node93_t1,node71exit_node93source
flow_timber_node71node93_t2,node71exit_node93source
flow_timber_node71node93_t3,node71exit_node93source
flow_timber_node71node93_t4,node71exit_node93source
flow_timber_node71node93_t5,node71exit_node93source
flow_wide_node71node93_t1,node71exit_node93source
flow_wide_node71node93_t2,node71exit_node93source
flow_wide_node71node93_t3,node71exit_node93source
flow_wide_node71node93_t4,node71exit_node93source
flow_wide_node71node93_t5,node71exit_node93source
flow_timber_node67node24_t1,node67exit_node24exit
flow_timber_node67node24_t2,node67exit_node24exit
flow_timber_node67node24_t3,node67exit_node24exit
flow_timber_node67node24_t4,node67exit_node24exit
flow_timber_node67node24_t5,node67exit_node24exit
flow_wide_node67node24_t1,node67exit_node24exit
flow_wide_node67node24_t2,node67exit_node24exit
flow_wide_node67node24_t3,node67exit_node24exit
flow_wide_node67node24_t4,node67exit_node24exit
flow_wide_node67node24_t5,node67exit_node24exit
flow_timber_node67node32_t1,node67exit_node32transit
flow_timber_node67node32_t2,node67exit_node32transit
flow_timber_node67node32_t3,node67exit_node32transit
flow_timber_node67node32_t4,node67exit_node32transit
flow_timber_node67node32_t5,node67exit_node32transit
flow_wide_node67node32_t1,node67exit_node32transit
flow_wide_node67node32_t2,node67exit_node32transit
flow_wide_node67node32_t3,node67exit_node32transit
flow_wide_node67node32_t4,node67exit_node32transit
flow_wide_node67node32_t5,node67exit_node32transit
flow_timber_node67node88_t1,node67exit_node88source
flow_timber_node67node88_t2,node67exit_node88source
flow_timber_node67node88_t3,node67exit_node88source
flow_timber_node67node88_t4,node67exit_node88source
flow_timber_node67node88_t5,node67exit_node88source
flow_wide_node67node88_t1,node67exit_node88source
flow_wide_node67node88_t2,node67exit_node88source
flow_wide_node67node88_t3,node67exit_node88source
flow_wide_node67node88_t4,node67exit_node88source
flow_wide_node67node88_t5,node67exit_node88source
flow_timber_node67node93_t1,node67exit_node93source
flow_timber_node67node93_t2,node67exit_node93source
flow_timber_node67node93_t3,node67exit_node93source
flow_timber_node67node93_t4,node67exit_node93source
flow_timber_node67node93_t5,node67exit_node93source
flow_wide_node67node93_t1,node67exit_node93source
flow_wide_node67node93_t2,node67exit_node93source
flow_wide_node67node93_t3,node67exit_node93source
flow_wide_node67node93_t4,node67exit_node93source
flow_wide_node67node93_t5,node67exit_node93source
flow_timber_node43node25_t1,node43transit_node25transit
flow_timber_node43node25_t2,node43transit_node25transit
flow_timber_node43node25_t3,node43transit_node25transit
flow_timber_node43node25_t4,node43transit_node25transit
flow_timber_node43node25_t5,node43transit_node25transit
flow_wide_node43node25_t1,node43transit_node25transit
flow_wide_node43node25_t2,node43transit_node25transit
flow_wide_node43node25_t3,node43transit_node25transit
flow_wide_node43node25_t4,node43transit_node25transit
flow_wide_node43node25_t5,node43transit_node25transit
flow_timber_node43node35_t1,node43transit_node35transit
flow_timber_node43node35_t2,node43transit_node35transit
flow_timber_node43node35_t3,node43transit_node35transit
flow_timber_node43node35_t4,node43transit_node35transit
flow_timber_node43node35_t5,node43transit_node35transit
flow_wide_node43node35_t1,node43transit_node35transit
flow_wide_node43node35_t2,node43transit_node35transit
flow_wide_node43node35_t3,node43transit_node35transit
flow_wide_node43node35_t4,node43transit_node35transit
flow_wide_node43node35_t5,node43transit_node35transit
flow_timber_node43node63_t1,node43transit_node63exit
flow_timber_node43node63_t2,node43transit_node63exit
flow_timber_node43node63_t3,node43transit_node63exit
flow_timber_node43node63_t4,node43transit_node63exit
flow_timber_node43node63_t5,node43transit_node63exit
flow_wide_node43node63_t1,node43transit_node63exit
flow_wide_node43node63_t2,node43transit_node63exit
flow_wide_node43node63_t3,node43transit_node63exit
flow_wide_node43node63_t4,node43transit_node63exit
flow_wide_node43node63_t5,node43transit_node63exit
flow_timber_node43node79_t1,node43transit_node79source
flow_timber_node43node79_t2,node43transit_node79source
flow_timber_node43node79_t3,node43transit_node79source
flow_timber_node43node79_t4,node43transit_node79source
flow_timber_node43node79_t5,node43transit_node79source
flow_wide_node43node79_t1,node43transit_node79source
flow_wide_node43node79_t2,node43transit_node79source
flow_wide_node43node79_t3,node43transit_node79source
flow_wide_node43node79_t4,node43transit_node79source
flow_wide_node43node79_t5,node43transit_node79source
flow_timber_node43node81_t1,node43transit_node81source
flow_timber_node43node81_t2,node43transit_node81source
flow_timber_node43node81_t3,node43transit_node81source
flow_timber_node43node81_t4,node43transit_node81source
flow_timber_node43node81_t5,node43transit_node81source
flow_wide_node43node81_t1,node43transit_node81source
flow_wide_node43node81_t2,node43transit_node81source
flow_wide_node43node81_t3,node43transit_node81source
flow_wide_node43node81_t4,node43transit_node81source
flow_wide_node43node81_t5,node43transit_node81source
flow_timber_node43node82_t1,node43transit_node82source
flow_timber_node43node82_t2,node43transit_node82source
flow_timber_node43node82_t3,node43transit_node82source
flow_timber_node43node82_t4,node43transit_node82source
flow_timber_node43node82_t5,node43transit_node82source
flow_wide_node43node82_t1,node43transit_node82source
flow_wide_node43node82_t2,node43transit_node82source
flow_wide_node43node82_t3,node43transit_node82source
flow_wide_node43node82_t4,node43transit_node82source
flow_wide_node43node82_t5,node43transit_node82source
flow_timber_node59node29_t1,node59exit_node29exit
flow_timber_node59node29_t2,node59exit_node29exit
flow_timber_node59node29_t3,node59exit_node29exit
flow_timber_node59node29_t4,node59exit_node29exit
flow_timber_node59node29_t5,node59exit_node29exit
flow_wide_node59node29_t1,node59exit_node29exit
flow_wide_node59node29_t2,node59exit_node29exit
flow_wide_node59node29_t3,node59exit_node29exit
flow_wide_node59node29_t4,node59exit_node29exit
flow_wide_node59node29_t5,node59exit_node29exit
flow_timber_node59node55_t1,node59exit_node55exit
flow_timber_node59node55_t2,node59exit_node55exit
flow_timber_node59node55_t3,node59exit_node55exit
flow_timber_node59node55_t4,node59exit_node55exit
flow_timber_node59node55_t5,node59exit_node55exit
flow_wide_node59node55_t1,node59exit_node55exit
flow_wide_node59node55_t2,node59exit_node55exit
flow_wide_node59node55_t3,node59exit_node55exit
flow_wide_node59node55_t4,node59exit_node55exit
flow_wide_node59node55_t5,node59exit_node55exit
flow_timber_node59node75_t1,node59exit_node75source
flow_timber_node59node75_t2,node59exit_node75source
flow_timber_node59node75_t3,node59exit_node75source
flow_timber_node59node75_t4,node59exit_node75source
flow_timber_node59node75_t5,node59exit_node75source
flow_wide_node59node75_t1,node59exit_node75source
flow_wide_node59node75_t2,node59exit_node75source
flow_wide_node59node75_t3,node59exit_node75source
flow_wide_node59node75_t4,node59exit_node75source
flow_wide_node59node75_t5,node59exit_node75source
flow_timber_node59node79_t1,node59exit_node79source
flow_timber_node59node79_t2,node59exit_node79source
flow_timber_node59node79_t3,node59exit_node79source
flow_timber_node59node79_t4,node59exit_node79source
flow_timber_node59node79_t5,node59exit_node79source
flow_wide_node59node79_t1,node59exit_node79source
flow_wide_node59node79_t2,node59exit_node79source
flow_wide_node59node79_t3,node59exit_node79source
flow_wide_node59node79_t4,node59exit_node79source
flow_wide_node59node79_t5,node59exit_node79source
flow_timber_node32node48_t1,node32transit_node48transit
flow_timber_node32node48_t2,node32transit_node48transit
flow_timber_node32node48_t3,node32transit_node48transit
flow_timber_node32node48_t4,node32transit_node48transit
flow_timber_node32node48_t5,node32transit_node48transit
flow_wide_node32node48_t1,node32transit_node48transit
flow_wide_node32node48_t2,node32transit_node48transit
flow_wide_node32node48_t3,node32transit_node48transit
flow_wide_node32node48_t4,node32transit_node48transit
flow_wide_node32node48_t5,node32transit_node48transit
flow_timber_node32node67_t1,node32transit_node67exit
flow_timber_node32node67_t2,node32transit_node67exit
flow_timber_node32node67_t3,node32transit_node67exit
flow_timber_node32node67_t4,node32transit_node67exit
flow_timber_node32node67_t5,node32transit_node67exit
flow_wide_node32node67_t1,node32transit_node67exit
flow_wide_node32node67_t2,node32transit_node67exit
flow_wide_node32node67_t3,node32transit_node67exit
flow_wide_node32node67_t4,node32transit_node67exit
flow_wide_node32node67_t5,node32transit_node67exit
flow_timber_node32node61_t1,node32transit_node61exit
flow_timber_node32node61_t2,node32transit_node61exit
flow_timber_node32node61_t3,node32transit_node61exit
flow_timber_node32node61_t4,node32transit_node61exit
flow_timber_node32node61_t5,node32transit_node61exit
flow_wide_node32node61_t1,node32transit_node61exit
flow_wide_node32node61_t2,node32transit_node61exit
flow_wide_node32node61_t3,node32transit_node61exit
flow_wide_node32node61_t4,node32transit_node61exit
flow_wide_node32node61_t5,node32transit_node61exit
flow_timber_node32node78_t1,node32transit_node78source
flow_timber_node32node78_t2,node32transit_node78source
flow_timber_node32node78_t3,node32transit_node78source
flow_timber_node32node78_t4,node32transit_node78source
flow_timber_node32node78_t5,node32transit_node78source
flow_wide_node32node78_t1,node32transit_node78source
flow_wide_node32node78_t2,node32transit_node78source
flow_wide_node32node78_t3,node32transit_node78source
flow_wide_node32node78_t4,node32transit_node78source
flow_wide_node32node78_t5,node32transit_node78source
flow_timber_node32node88_t1,node32transit_node88source
flow_timber_node32node88_t2,node32transit_node88source
flow_timber_node32node88_t3,node32transit_node88source
flow_timber_node32node88_t4,node32transit_node88source
flow_timber_node32node88_t5,node32transit_node88source
flow_wide_node32node88_t1,node32transit_node88source
flow_wide_node32node88_t2,node32transit_node88source
flow_wide_node32node88_t3,node32transit_node88source
flow_wide_node32node88_t4,node32transit_node88source
flow_wide_node32node88_t5,node32transit_node88source
flow_timber_node32node93_t1,node32transit_node93source
flow_timber_node32node93_t2,node32transit_node93source
flow_timber_node32node93_t3,node32transit_node93source
flow_timber_node32node93_t4,node32transit_node93source
flow_timber_node32node93_t5,node32transit_node93source
flow_wide_node32node93_t1,node32transit_node93source
flow_wide_node32node93_t2,node32transit_node93source
flow_wide_node32node93_t3,node32transit_node93source
flow_wide_node32node93_t4,node32transit_node93source
flow_wide_node32node93_t5,node32transit_node93source
flow_timber_node61node32_t1,node61exit_node32transit
flow_timber_node61node32_t2,node61exit_node32transit
flow_timber_node61node32_t3,node61exit_node32transit
flow_timber_node61node32_t4,node61exit_node32transit
flow_timber_node61node32_t5,node61exit_node32transit
flow_wide_node61node32_t1,node61exit_node32transit
flow_wide_node61node32_t2,node61exit_node32transit
flow_wide_node61node32_t3,node61exit_node32transit
flow_wide_node61node32_t4,node61exit_node32transit
flow_wide_node61node32_t5,node61exit_node32transit
flow_timber_node61node62_t1,node61exit_node62exit
flow_timber_node61node62_t2,node61exit_node62exit
flow_timber_node61node62_t3,node61exit_node62exit
flow_timber_node61node62_t4,node61exit_node62exit
flow_timber_node61node62_t5,node61exit_node62exit
flow_wide_node61node62_t1,node61exit_node62exit
flow_wide_node61node62_t2,node61exit_node62exit
flow_wide_node61node62_t3,node61exit_node62exit
flow_wide_node61node62_t4,node61exit_node62exit
flow_wide_node61node62_t5,node61exit_node62exit
flow_timber_node61node78_t1,node61exit_node78source
flow_timber_node61node78_t2,node61exit_node78source
flow_timber_node61node78_t3,node61exit_node78source
flow_timber_node61node78_t4,node61exit_node78source
flow_timber_node61node78_t5,node61exit_node78source
flow_wide_node61node78_t1,node61exit_node78source
flow_wide_node61node78_t2,node61exit_node78source
flow_wide_node61node78_t3,node61exit_node78source
flow_wide_node61node78_t4,node61exit_node78source
flow_wide_node61node78_t5,node61exit_node78source
flow_timber_node61node88_t1,node61exit_node88source
flow_timber_node61node88_t2,node61exit_node88source
flow_timber_node61node88_t3,node61exit_node88source
flow_timber_node61node88_t4,node61exit_node88source
flow_timber_node61node88_t5,node61exit_node88source
flow_wide_node61node88_t1,node61exit_node88source
flow_wide_node61node88_t2,node61exit_node88source
flow_wide_node61node88_t3,node61exit_node88source
flow_wide_node61node88_t4,node61exit_node88source
flow_wide_node61node88_t5,node61exit_node88source
flow_timber_node45node39_t1,node45exit_node39transit
flow_timber_node45node39_t2,node45exit_node39transit
flow_timber_node45node39_t3,node45exit_node39transit
flow_timber_node45node39_t4,node45exit_node39transit
flow_timber_node45node39_t5,node45exit_node39transit
flow_wide_node45node39_t1,node45exit_node39transit
flow_wide_node45node39_t2,node45exit_node39transit
flow_wide_node45node39_t3,node45exit_node39transit
flow_wide_node45node39_t4,node45exit_node39transit
flow_wide_node45node39_t5,node45exit_node39transit
flow_timber_node45node44_t1,node45exit_node44transit
flow_timber_node45node44_t2,node45exit_node44transit
flow_timber_node45node44_t3,node45exit_node44transit
flow_timber_node45node44_t4,node45exit_node44transit
flow_timber_node45node44_t5,node45exit_node44transit
flow_wide_node45node44_t1,node45exit_node44transit
flow_wide_node45node44_t2,node45exit_node44transit
flow_wide_node45node44_t3,node45exit_node44transit
flow_wide_node45node44_t4,node45exit_node44transit
flow_wide_node45node44_t5,node45exit_node44transit
flow_timber_node45node84_t1,node45exit_node84source
flow_timber_node45node84_t2,node45exit_node84source
flow_timber_node45node84_t3,node45exit_node84source
flow_timber_node45node84_t4,node45exit_node84source
flow_timber_node45node84_t5,node45exit_node84source
flow_wide_node45node84_t1,node45exit_node84source
flow_wide_node45node84_t2,node45exit_node84source
flow_wide_node45node84_t3,node45exit_node84source
flow_wide_node45node84_t4,node45exit_node84source
flow_wide_node45node84_t5,node45exit_node84source
flow_timber_node45node88_t1,node45exit_node88source
flow_timber_node45node88_t2,node45exit_node88source
flow_timber_node45node88_t3,node45exit_node88source
flow_timber_node45node88_t4,node45exit_node88source
flow_timber_node45node88_t5,node45exit_node88source
flow_wide_node45node88_t1,node45exit_node88source
flow_wide_node45node88_t2,node45exit_node88source
flow_wide_node45node88_t3,node45exit_node88source
flow_wide_node45node88_t4,node45exit_node88source
flow_wide_node45node88_t5,node45exit_node88source
flow_timber_node68node41_t1,node68exit_node41transit
flow_timber_node68node41_t2,node68exit_node41transit
flow_timber_node68node41_t3,node68exit_node41transit
flow_timber_node68node41_t4,node68exit_node41transit
flow_timber_node68node41_t5,node68exit_node41transit
flow_wide_node68node41_t1,node68exit_node41transit
flow_wide_node68node41_t2,node68exit_node41transit
flow_wide_node68node41_t3,node68exit_node41transit
flow_wide_node68node41_t4,node68exit_node41transit
flow_wide_node68node41_t5,node68exit_node41transit
flow_timber_node68node70_t1,node68exit_node70exit
flow_timber_node68node70_t2,node68exit_node70exit
flow_timber_node68node70_t3,node68exit_node70exit
flow_timber_node68node70_t4,node68exit_node70exit
flow_timber_node68node70_t5,node68exit_node70exit
flow_wide_node68node70_t1,node68exit_node70exit
flow_wide_node68node70_t2,node68exit_node70exit
flow_wide_node68node70_t3,node68exit_node70exit
flow_wide_node68node70_t4,node68exit_node70exit
flow_wide_node68node70_t5,node68exit_node70exit
flow_timber_node68node88_t1,node68exit_node88source
flow_timber_node68node88_t2,node68exit_node88source
flow_timber_node68node88_t3,node68exit_node88source
flow_timber_node68node88_t4,node68exit_node88source
flow_timber_node68node88_t5,node68exit_node88source
flow_wide_node68node88_t1,node68exit_node88source
flow_wide_node68node88_t2,node68exit_node88source
flow_wide_node68node88_t3,node68exit_node88source
flow_wide_node68node88_t4,node68exit_node88source
flow_wide_node68node88_t5,node68exit_node88source
flow_timber_node68node94_t1,node68exit_node94source
flow_timber_node68node94_t2,node68exit_node94source
flow_timber_node68node94_t3,node68exit_node94source
flow_timber_node68node94_t4,node68exit_node94source
flow_timber_node68node94_t5,node68exit_node94source
flow_wide_node68node94_t1,node68exit_node94source
flow_wide_node68node94_t2,node68exit_node94source
flow_wide_node68node94_t3,node68exit_node94source
flow_wide_node68node94_t4,node68exit_node94source
flow_wide_node68node94_t5,node68exit_node94source
flow_timber_node72node41_t1,node72exit_node41transit
flow_timber_node72node41_t2,node72exit_node41transit
flow_timber_node72node41_t3,node72exit_node41transit
flow_timber_node72node41_t4,node72exit_node41transit
flow_timber_node72node41_t5,node72exit_node41transit
flow_wide_node72node41_t1,node72exit_node41transit
flow_wide_node72node41_t2,node72exit_node41transit
flow_wide_node72node41_t3,node72exit_node41transit
flow_wide_node72node41_t4,node72exit_node41transit
flow_wide_node72node41_t5,node72exit_node41transit
flow_timber_node72node54_t1,node72exit_node54transit
flow_timber_node72node54_t2,node72exit_node54transit
flow_timber_node72node54_t3,node72exit_node54transit
flow_timber_node72node54_t4,node72exit_node54transit
flow_timber_node72node54_t5,node72exit_node54transit
flow_wide_node72node54_t1,node72exit_node54transit
flow_wide_node72node54_t2,node72exit_node54transit
flow_wide_node72node54_t3,node72exit_node54transit
flow_wide_node72node54_t4,node72exit_node54transit
flow_wide_node72node54_t5,node72exit_node54transit
flow_timber_node72node94_t1,node72exit_node94source
flow_timber_node72node94_t2,node72exit_node94source
flow_timber_node72node94_t3,node72exit_node94source
flow_timber_node72node94_t4,node72exit_node94source
flow_timber_node72node94_t5,node72exit_node94source
flow_wide_node72node94_t1,node72exit_node94source
flow_wide_node72node94_t2,node72exit_node94source
flow_wide_node72node94_t3,node72exit_node94source
flow_wide_node72node94_t4,node72exit_node94source
flow_wide_node72node94_t5,node72exit_node94source
flow_timber_node62node51_t1,node62exit_node51transit
flow_timber_node62node51_t2,node62exit_node51transit
flow_timber_node62node51_t3,node62exit_node51transit
flow_timber_node62node51_t4,node62exit_node51transit
flow_timber_node62node51_t5,node62exit_node51transit
flow_wide_node62node51_t1,node62exit_node51transit
flow_wide_node62node51_t2,node62exit_node51transit
flow_wide_node62node51_t3,node62exit_node51transit
flow_wide_node62node51_t4,node62exit_node51transit
flow_wide_node62node51_t5,node62exit_node51transit
flow_timber_node62node61_t1,node62exit_node61exit
flow_timber_node62node61_t2,node62exit_node61exit
flow_timber_node62node61_t3,node62exit_node61exit
flow_timber_node62node61_t4,node62exit_node61exit
flow_timber_node62node61_t5,node62exit_node61exit
flow_wide_node62node61_t1,node62exit_node61exit
flow_wide_node62node61_t2,node62exit_node61exit
flow_wide_node62node61_t3,node62exit_node61exit
flow_wide_node62node61_t4,node62exit_node61exit
flow_wide_node62node61_t5,node62exit_node61exit
flow_timber_node62node78_t1,node62exit_node78source
flow_timber_node62node78_t2,node62exit_node78source
flow_timber_node62node78_t3,node62exit_node78source
flow_timber_node62node78_t4,node62exit_node78source
flow_timber_node62node78_t5,node62exit_node78source
flow_wide_node62node78_t1,node62exit_node78source
flow_wide_node62node78_t2,node62exit_node78source
flow_wide_node62node78_t3,node62exit_node78source
flow_wide_node62node78_t4,node62exit_node78source
flow_wide_node62node78_t5,node62exit_node78source
flow_timber_node62node88_t1,node62exit_node88source
flow_timber_node62node88_t2,node62exit_node88source
flow_timber_node62node88_t3,node62exit_node88source
flow_timber_node62node88_t4,node62exit_node88source
flow_timber_node62node88_t5,node62exit_node88source
flow_wide_node62node88_t1,node62exit_node88source
flow_wide_node62node88_t2,node62exit_node88source
flow_wide_node62node88_t3,node62exit_node88source
flow_wide_node62node88_t4,node62exit_node88source
flow_wide_node62node88_t5,node62exit_node88source
flow_timber_node65node52_t1,node65exit_node52exit
flow_timber_node65node52_t2,node65exit_node52exit
flow_timber_node65node52_t3,node65exit_node52exit
flow_timber_node65node52_t4,node65exit_node52exit
flow_timber_node65node52_t5,node65exit_node52exit
flow_wide_node65node52_t1,node65exit_node52exit
flow_wide_node65node52_t2,node65exit_node52exit
flow_wide_node65node52_t3,node65exit_node52exit
flow_wide_node65node52_t4,node65exit_node52exit
flow_wide_node65node52_t5,node65exit_node52exit
flow_timber_node65node64_t1,node65exit_node64exit
flow_timber_node65node64_t2,node65exit_node64exit
flow_timber_node65node64_t3,node65exit_node64exit
flow_timber_node65node64_t4,node65exit_node64exit
flow_timber_node65node64_t5,node65exit_node64exit
flow_wide_node65node64_t1,node65exit_node64exit
flow_wide_node65node64_t2,node65exit_node64exit
flow_wide_node65node64_t3,node65exit_node64exit
flow_wide_node65node64_t4,node65exit_node64exit
flow_wide_node65node64_t5,node65exit_node64exit
flow_timber_node65node83_t1,node65exit_node83source
flow_timber_node65node83_t2,node65exit_node83source
flow_timber_node65node83_t3,node65exit_node83source
flow_timber_node65node83_t4,node65exit_node83source
flow_timber_node65node83_t5,node65exit_node83source
flow_wide_node65node83_t1,node65exit_node83source
flow_wide_node65node83_t2,node65exit_node83source
flow_wide_node65node83_t3,node65exit_node83source
flow_wide_node65node83_t4,node65exit_node83source
flow_wide_node65node83_t5,node65exit_node83source
flow_timber_node65node87_t1,node65exit_node87source
flow_timber_node65node87_t2,node65exit_node87source
flow_timber_node65node87_t3,node65exit_node87source
flow_timber_node65node87_t4,node65exit_node87source
flow_timber_node65node87_t5,node65exit_node87source
flow_wide_node65node87_t1,node65exit_node87source
flow_wide_node65node87_t2,node65exit_node87source
flow_wide_node65node87_t3,node65exit_node87source
flow_wide_node65node87_t4,node65exit_node87source
flow_wide_node65node87_t5,node65exit_node87source
