variable,lb,ub,type,var_type_letter,road_type,edge,period,discounted_cost
C_node1node42_timber_t0,0.0,0.0,B,C,timber,node1node42,0,1842.0
C_node1node42_timber_t1,0.0,1.0,B,C,timber,node1node42,1,1550.91
C_node1node42_timber_t2,0.0,1.0,B,C,timber,node1node42,2,1099.47
C_node1node42_timber_t3,0.0,1.0,B,C,timber,node1node42,3,779.44
C_node1node42_timber_t4,0.0,1.0,B,C,timber,node1node42,4,552.56
C_node1node42_timber_t5,0.0,1.0,B,C,timber,node1node42,5,391.72
C_node1node42_wide_t0,0.0,0.0,B,C,wide,node1node42,0,2763.0
C_node1node42_wide_t1,0.0,1.0,B,C,wide,node1node42,1,2326.37
C_node1node42_wide_t2,0.0,1.0,B,C,wide,node1node42,2,1649.21
C_node1node42_wide_t3,0.0,1.0,B,C,wide,node1node42,3,1169.16
C_node1node42_wide_t4,0.0,1.0,B,C,wide,node1node42,4,828.84
C_node1node42_wide_t5,0.0,1.0,B,C,wide,node1node42,5,587.58
C_node1node4_timber_t0,0.0,0.0,B,C,timber,node1node4,0,1389.0
C_node1node4_timber_t1,0.0,1.0,B,C,timber,node1node4,1,1169.5
C_node1node4_timber_t2,0.0,1.0,B,C,timber,node1node4,2,829.08
C_node1node4_timber_t3,0.0,1.0,B,C,timber,node1node4,3,587.75
C_node1node4_timber_t4,0.0,1.0,B,C,timber,node1node4,4,416.67
C_node1node4_timber_t5,0.0,1.0,B,C,timber,node1node4,5,295.38
C_node1node4_wide_t0,0.0,0.0,B,C,wide,node1node4,0,2082.0
C_node1node4_wide_t1,0.0,1.0,B,C,wide,node1node4,1,1752.99
C_node1node4_wide_t2,0.0,1.0,B,C,wide,node1node4,2,1242.73
C_node1node4_wide_t3,0.0,1.0,B,C,wide,node1node4,3,880.99
C_node1node4_wide_t4,0.0,1.0,B,C,wide,node1node4,4,624.55
C_node1node4_wide_t5,0.0,1.0,B,C,wide,node1node4,5,442.76
C_node1node39_timber_t0,0.0,0.0,B,C,timber,node1node39,0,1375.0
C_node1node39_timber_t1,0.0,1.0,B,C,timber,node1node39,1,1157.71
C_node1node39_timber_t2,0.0,1.0,B,C,timber,node1node39,2,820.72
C_node1node39_timber_t3,0.0,1.0,B,C,timber,node1node39,3,581.83
C_node1node39_timber_t4,0.0,1.0,B,C,timber,node1node39,4,412.47
C_node1node39_timber_t5,0.0,1.0,B,C,timber,node1node39,5,292.41
C_node1node39_wide_t0,0.0,0.0,B,C,wide,node1node39,0,2062.0
C_node1node39_wide_t1,0.0,1.0,B,C,wide,node1node39,1,1736.15
C_node1node39_wide_t2,0.0,1.0,B,C,wide,node1node39,2,1230.79
C_node1node39_wide_t3,0.0,1.0,B,C,wide,node1node39,3,872.53
C_node1node39_wide_t4,0.0,1.0,B,C,wide,node1node39,4,618.55
C_node1node39_wide_t5,0.0,1.0,B,C,wide,node1node39,5,438.5
C_node1node92_timber_t0,0.0,0.0,B,C,timber,node1node92,0,0.0
C_node1node92_timber_t1,0.0,1.0,B,C,timber,node1node92,1,0.0
C_node1node92_timber_t2,0.0,1.0,B,C,timber,node1node92,2,0.0
C_node1node92_timber_t3,0.0,1.0,B,C,timber,node1node92,3,0.0
C_node1node92_timber_t4,0.0,1.0,B,C,timber,node1node92,4,0.0
C_node1node92_timber_t5,0.0,1.0,B,C,timber,node1node92,5,0.0
C_node1node92_wide_t0,0.0,0.0,B,C,wide,node1node92,0,0.0
C_node1node92_wide_t1,0.0,1.0,B,C,wide,node1node92,1,0.0
C_node1node92_wide_t2,0.0,1.0,B,C,wide,node1node92,2,0.0
C_node1node92_wide_t3,0.0,1.0,B,C,wide,node1node92,3,0.0
C_node1node92_wide_t4,0.0,1.0,B,C,wide,node1node92,4,0.0
C_node1node92_wide_t5,0.0,1.0,B,C,wide,node1node92,5,0.0
C_node1node93_timber_t0,0.0,0.0,B,C,timber,node1node93,0,0.0
C_node1node93_timber_t1,0.0,1.0,B,C,timber,node1node93,1,0.0
C_node1node93_timber_t2,0.0,1.0,B,C,timber,node1node93,2,0.0
C_node1node93_timber_t3,0.0,1.0,B,C,timber,node1node93,3,0.0
C_node1node93_timber_t4,0.0,1.0,B,C,timber,node1node93,4,0.0
C_node1node93_timber_t5,0.0,1.0,B,C,timber,node1node93,5,0.0
C_node1node93_wide_t0,0.0,0.0,B,C,wide,node1node93,0,0.0
C_node1node93_wide_t1,0.0,1.0,B,C,wide,node1node93,1,0.0
C_node1node93_wide_t2,0.0,1.0,B,C,wide,node1node93,2,0.0
C_node1node93_wide_t3,0.0,1.0,B,C,wide,node1node93,3,0.0
C_node1node93_wide_t4,0.0,1.0,B,C,wide,node1node93,4,0.0
C_node1node93_wide_t5,0.0,1.0,B,C,wide,node1node93,5,0.0
C_node1node94_timber_t0,0.0,0.0,B,C,timber,node1node94,0,0.0
C_node1node94_timber_t1,0.0,1.0,B,C,timber,node1node94,1,0.0
C_node1node94_timber_t2,0.0,1.0,B,C,timber,node1node94,2,0.0
C_node1node94_timber_t3,0.0,1.0,B,C,timber,node1node94,3,0.0
C_node1node94_timber_t4,0.0,1.0,B,C,timber,node1node94,4,0.0
C_node1node94_timber_t5,0.0,1.0,B,C,timber,node1node94,5,0.0
C_node1node94_wide_t0,0.0,0.0,B,C,wide,node1node94,0,0.0
C_node1node94_wide_t1,0.0,1.0,B,C,wide,node1node94,1,0.0
C_node1node94_wide_t2,0.0,1.0,B,C,wide,node1node94,2,0.0
C_node1node94_wide_t3,0.0,1.0,B,C,wide,node1node94,3,0.0
C_node1node94_wide_t4,0.0,1.0,B,C,wide,node1node94,4,0.0
C_node1node94_wide_t5,0.0,1.0,B,C,wide,node1node94,5,0.0
C_node2node74_timber_t0,0.0,0.0,B,C,timber,node2node74,0,541.0
C_node2node74_timber_t1,0.0,1.0,B,C,timber,node2node74,1,455.51
C_node2node74_timber_t2,0.0,1.0,B,C,timber,node2node74,2,322.92
C_node2node74_timber_t3,0.0,1.0,B,C,timber,node2node74,3,228.92
C_node2node74_timber_t4,0.0,1.0,B,C,timber,node2node74,4,162.29
C_node2node74_timber_t5,0.0,1.0,B,C,timber,node2node74,5,115.05
C_node2node74_wide_t0,0.0,0.0,B,C,wide,node2node74,0,812.0
C_node2node74_wide_t1,0.0,1.0,B,C,wide,node2node74,1,683.68
C_node2node74_wide_t2,0.0,1.0,B,C,wide,node2node74,2,484.68
C_node2node74_wide_t3,0.0,1.0,B,C,wide,node2node74,3,343.6
C_node2node74_wide_t4,0.0,1.0,B,C,wide,node2node74,4,243.58
C_node2node74_wide_t5,0.0,1.0,B,C,wide,node2node74,5,172.68
C_node2node79_timber_t0,0.0,0.0,B,C,timber,node2node79,0,665.0
C_node2node79_timber_t1,0.0,1.0,B,C,timber,node2node79,1,559.91
C_node2node79_timber_t2,0.0,1.0,B,C,timber,node2node79,2,396.93
C_node2node79_timber_t3,0.0,1.0,B,C,timber,node2node79,3,281.39
C_node2node79_timber_t4,0.0,1.0,B,C,timber,node2node79,4,199.48
C_node2node79_timber_t5,0.0,1.0,B,C,timber,node2node79,5,141.42
C_node2node79_wide_t0,0.0,0.0,B,C,wide,node2node79,0,998.0
C_node2node79_wide_t1,0.0,1.0,B,C,wide,node2node79,1,840.29
C_node2node79_wide_t2,0.0,1.0,B,C,wide,node2node79,2,595.7
C_node2node79_wide_t3,0.0,1.0,B,C,wide,node2node79,3,422.3
C_node2node79_wide_t4,0.0,1.0,B,C,wide,node2node79,4,299.38
C_node2node79_wide_t5,0.0,1.0,B,C,wide,node2node79,5,212.23
C_node2node50_timber_t0,0.0,0.0,B,C,timber,node2node50,0,1915.0
C_node2node50_timber_t1,0.0,1.0,B,C,timber,node2node50,1,1612.38
C_node2node50_timber_t2,0.0,1.0,B,C,timber,node2node50,2,1143.05
C_node2node50_timber_t3,0.0,1.0,B,C,timber,node2node50,3,810.33
C_node2node50_timber_t4,0.0,1.0,B,C,timber,node2node50,4,574.46
C_node2node50_timber_t5,0.0,1.0,B,C,timber,node2node50,5,407.24
C_node2node50_wide_t0,0.0,0.0,B,C,wide,node2node50,0,2870.0
C_node2node50_wide_t1,0.0,1.0,B,C,wide,node2node50,1,2416.46
C_node2node50_wide_t2,0.0,1.0,B,C,wide,node2node50,2,1713.08
C_node2node50_wide_t3,0.0,1.0,B,C,wide,node2node50,3,1214.43
C_node2node50_wide_t4,0.0,1.0,B,C,wide,node2node50,4,860.93
C_node2node50_wide_t5,0.0,1.0,B,C,wide,node2node50,5,610.33
C_node2node98_timber_t0,0.0,0.0,B,C,timber,node2node98,0,0.0
C_node2node98_timber_t1,0.0,1.0,B,C,timber,node2node98,1,0.0
C_node2node98_timber_t2,0.0,1.0,B,C,timber,node2node98,2,0.0
C_node2node98_timber_t3,0.0,1.0,B,C,timber,node2node98,3,0.0
C_node2node98_timber_t4,0.0,1.0,B,C,timber,node2node98,4,0.0
C_node2node98_timber_t5,0.0,1.0,B,C,timber,node2node98,5,0.0
C_node2node98_wide_t0,0.0,0.0,B,C,wide,node2node98,0,0.0
C_node2node98_wide_t1,0.0,1.0,B,C,wide,node2node98,1,0.0
C_node2node98_wide_t2,0.0,1.0,B,C,wide,node2node98,2,0.0
C_node2node98_wide_t3,0.0,1.0,B,C,wide,node2node98,3,0.0
C_node2node98_wide_t4,0.0,1.0,B,C,wide,node2node98,4,0.0
C_node2node98_wide_t5,0.0,1.0,B,C,wide,node2node98,5,0.0
C_node2node100_timber_t0,0.0,0.0,B,C,timber,node2node100,0,0.0
C_node2node100_timber_t1,0.0,1.0,B,C,timber,node2node100,1,0.0
C_node2node100_timber_t2,0.0,1.0,B,C,timber,node2node100,2,0.0
C_node2node100_timber_t3,0.0,1.0,B,C,timber,node2node100,3,0.0
C_node2node100_timber_t4,0.0,1.0,B,C,timber,node2node100,4,0.0
C_node2node100_timber_t5,0.0,1.0,B,C,timber,node2node100,5,0.0
C_node2node100_wide_t0,0.0,0.0,B,C,wide,node2node100,0,0.0
C_node2node100_wide_t1,0.0,1.0,B,C,wide,node2node100,1,0.0
C_node2node100_wide_t2,0.0,1.0,B,C,wide,node2node100,2,0.0
C_node2node100_wide_t3,0.0,1.0,B,C,wide,node2node100,3,0.0
C_node2node100_wide_t4,0.0,1.0,B,C,wide,node2node100,4,0.0
C_node2node100_wide_t5,0.0,1.0,B,C,wide,node2node100,5,0.0
C_node3node54_timber_t0,0.0,0.0,B,C,timber,node3node54,0,477.0
C_node3node54_timber_t1,0.0,1.0,B,C,timber,node3node54,1,401.62
C_node3node54_timber_t2,0.0,1.0,B,C,timber,node3node54,2,284.72
C_node3node54_timber_t3,0.0,1.0,B,C,timber,node3node54,3,201.84
C_node3node54_timber_t4,0.0,1.0,B,C,timber,node3node54,4,143.09
C_node3node54_timber_t5,0.0,1.0,B,C,timber,node3node54,5,101.44
C_node3node54_wide_t0,0.0,0.0,B,C,wide,node3node54,0,715.0
C_node3node54_wide_t1,0.0,1.0,B,C,wide,node3node54,1,602.01
C_node3node54_wide_t2,0.0,1.0,B,C,wide,node3node54,2,426.78
C_node3node54_wide_t3,0.0,1.0,B,C,wide,node3node54,3,302.55
C_node3node54_wide_t4,0.0,1.0,B,C,wide,node3node54,4,214.48
C_node3node54_wide_t5,0.0,1.0,B,C,wide,node3node54,5,152.05
C_node3node18_timber_t0,0.0,0.0,B,C,timber,node3node18,0,1013.0
C_node3node18_timber_t1,0.0,1.0,B,C,timber,node3node18,1,852.92
C_node3node18_timber_t2,0.0,1.0,B,C,timber,node3node18,2,604.65
C_node3node18_timber_t3,0.0,1.0,B,C,timber,node3node18,3,428.65
C_node3node18_timber_t4,0.0,1.0,B,C,timber,node3node18,4,303.88
C_node3node18_timber_t5,0.0,1.0,B,C,timber,node3node18,5,215.42
C_node3node18_wide_t0,0.0,0.0,B,C,wide,node3node18,0,1519.0
C_node3node18_wide_t1,0.0,1.0,B,C,wide,node3node18,1,1278.96
C_node3node18_wide_t2,0.0,1.0,B,C,wide,node3node18,2,906.68
C_node3node18_wide_t3,0.0,1.0,B,C,wide,node3node18,3,642.76
C_node3node18_wide_t4,0.0,1.0,B,C,wide,node3node18,4,455.66
C_node3node18_wide_t5,0.0,1.0,B,C,wide,node3node18,5,323.03
C_node3node59_timber_t0,0.0,0.0,B,C,timber,node3node59,0,1773.0
C_node3node59_timber_t1,0.0,1.0,B,C,timber,node3node59,1,1492.82
C_node3node59_timber_t2,0.0,1.0,B,C,timber,node3node59,2,1058.29
C_node3node59_timber_t3,0.0,1.0,B,C,timber,node3node59,3,750.24
C_node3node59_timber_t4,0.0,1.0,B,C,timber,node3node59,4,531.86
C_node3node59_timber_t5,0.0,1.0,B,C,timber,node3node59,5,377.04
C_node3node59_wide_t0,0.0,0.0,B,C,wide,node3node59,0,2660.0
C_node3node59_wide_t1,0.0,1.0,B,C,wide,node3node59,1,2239.65
C_node3node59_wide_t2,0.0,1.0,B,C,wide,node3node59,2,1587.73
C_node3node59_wide_t3,0.0,1.0,B,C,wide,node3node59,3,1125.57
C_node3node59_wide_t4,0.0,1.0,B,C,wide,node3node59,4,797.94
C_node3node59_wide_t5,0.0,1.0,B,C,wide,node3node59,5,565.67
C_node3node96_timber_t0,0.0,0.0,B,C,timber,node3node96,0,0.0
C_node3node96_timber_t1,0.0,1.0,B,C,timber,node3node96,1,0.0
C_node3node96_timber_t2,0.0,1.0,B,C,timber,node3node96,2,0.0
C_node3node96_timber_t3,0.0,1.0,B,C,timber,node3node96,3,0.0
C_node3node96_timber_t4,0.0,1.0,B,C,timber,node3node96,4,0.0
C_node3node96_timber_t5,0.0,1.0,B,C,timber,node3node96,5,0.0
C_node3node96_wide_t0,0.0,0.0,B,C,wide,node3node96,0,0.0
C_node3node96_wide_t1,0.0,1.0,B,C,wide,node3node96,1,0.0
C_node3node96_wide_t2,0.0,1.0,B,C,wide,node3node96,2,0.0
C_node3node96_wide_t3,0.0,1.0,B,C,wide,node3node96,3,0.0
C_node3node96_wide_t4,0.0,1.0,B,C,wide,node3node96,4,0.0
C_node3node96_wide_t5,0.0,1.0,B,C,wide,node3node96,5,0.0
C_node3node101_timber_t0,0.0,0.0,B,C,timber,node3node101,0,0.0
C_node3node101_timber_t1,0.0,1.0,B,C,timber,node3node101,1,0.0
C_node3node101_timber_t2,0.0,1.0,B,C,timber,node3node101,2,0.0
C_node3node101_timber_t3,0.0,1.0,B,C,timber,node3node101,3,0.0
C_node3node101_timber_t4,0.0,1.0,B,C,timber,node3node101,4,0.0
C_node3node101_timber_t5,0.0,1.0,B,C,timber,node3node101,5,0.0
C_node3node101_wide_t0,0.0,0.0,B,C,wide,node3node101,0,0.0
C_node3node101_wide_t1,0.0,1.0,B,C,wide,node3node101,1,0.0
C_node3node101_wide_t2,0.0,1.0,B,C,wide,node3node101,2,0.0
C_node3node101_wide_t3,0.0,1.0,B,C,wide,node3node101,3,0.0
C_node3node101_wide_t4,0.0,1.0,B,C,wide,node3node101,4,0.0
C_node3node101_wide_t5,0.0,1.0,B,C,wide,node3node101,5,0.0
C_node4node46_timber_t0,0.0,0.0,B,C,timber,node4node46,0,1133.0
C_node4node46_timber_t1,0.0,1.0,B,C,timber,node4node46,1,953.96
C_node4node46_timber_t2,0.0,1.0,B,C,timber,node4node46,2,676.28
C_node4node46_timber_t3,0.0,1.0,B,C,timber,node4node46,3,479.43
C_node4node46_timber_t4,0.0,1.0,B,C,timber,node4node46,4,339.87
C_node4node46_timber_t5,0.0,1.0,B,C,timber,node4node46,5,240.94
C_node4node46_wide_t0,0.0,0.0,B,C,wide,node4node46,0,1699.0
C_node4node46_wide_t1,0.0,1.0,B,C,wide,node4node46,1,1430.51
C_node4node46_wide_t2,0.0,1.0,B,C,wide,node4node46,2,1014.12
C_node4node46_wide_t3,0.0,1.0,B,C,wide,node4node46,3,718.93
C_node4node46_wide_t4,0.0,1.0,B,C,wide,node4node46,4,509.66
C_node4node46_wide_t5,0.0,1.0,B,C,wide,node4node46,5,361.31
C_node4node24_timber_t0,0.0,0.0,B,C,timber,node4node24,0,3389.0
C_node4node24_timber_t1,0.0,1.0,B,C,timber,node4node24,1,2853.45
C_node4node24_timber_t2,0.0,1.0,B,C,timber,node4node24,2,2022.86
C_node4node24_timber_t3,0.0,1.0,B,C,timber,node4node24,3,1434.05
C_node4node24_timber_t4,0.0,1.0,B,C,timber,node4node24,4,1016.62
C_node4node24_timber_t5,0.0,1.0,B,C,timber,node4node24,5,720.7
C_node4node24_wide_t0,0.0,0.0,B,C,wide,node4node24,0,5084.0
C_node4node24_wide_t1,0.0,1.0,B,C,wide,node4node24,1,4280.59
C_node4node24_wide_t2,0.0,1.0,B,C,wide,node4node24,2,3034.59
C_node4node24_wide_t3,0.0,1.0,B,C,wide,node4node24,3,2151.28
C_node4node24_wide_t4,0.0,1.0,B,C,wide,node4node24,4,1525.08
C_node4node24_wide_t5,0.0,1.0,B,C,wide,node4node24,5,1081.16
C_node4node93_timber_t0,0.0,0.0,B,C,timber,node4node93,0,0.0
C_node4node93_timber_t1,0.0,1.0,B,C,timber,node4node93,1,0.0
C_node4node93_timber_t2,0.0,1.0,B,C,timber,node4node93,2,0.0
C_node4node93_timber_t3,0.0,1.0,B,C,timber,node4node93,3,0.0
C_node4node93_timber_t4,0.0,1.0,B,C,timber,node4node93,4,0.0
C_node4node93_timber_t5,0.0,1.0,B,C,timber,node4node93,5,0.0
C_node4node93_wide_t0,0.0,0.0,B,C,wide,node4node93,0,0.0
C_node4node93_wide_t1,0.0,1.0,B,C,wide,node4node93,1,0.0
C_node4node93_wide_t2,0.0,1.0,B,C,wide,node4node93,2,0.0
C_node4node93_wide_t3,0.0,1.0,B,C,wide,node4node93,3,0.0
C_node4node93_wide_t4,0.0,1.0,B,C,wide,node4node93,4,0.0
C_node4node93_wide_t5,0.0,1.0,B,C,wide,node4node93,5,0.0
C_node4node94_timber_t0,0.0,0.0,B,C,timber,node4node94,0,0.0
C_node4node94_timber_t1,0.0,1.0,B,C,timber,node4node94,1,0.0
C_node4node94_timber_t2,0.0,1.0,B,C,timber,node4node94,2,0.0
C_node4node94_timber_t3,0.0,1.0,B,C,timber,node4node94,3,0.0
C_node4node94_timber_t4,0.0,1.0,B,C,timber,node4node94,4,0.0
C_node4node94_timber_t5,0.0,1.0,B,C,timber,node4node94,5,0.0
C_node4node94_wide_t0,0.0,0.0,B,C,wide,node4node94,0,0.0
C_node4node94_wide_t1,0.0,1.0,B,C,wide,node4node94,1,0.0
C_node4node94_wide_t2,0.0,1.0,B,C,wide,node4node94,2,0.0
C_node4node94_wide_t3,0.0,1.0,B,C,wide,node4node94,3,0.0
C_node4node94_wide_t4,0.0,1.0,B,C,wide,node4node94,4,0.0
C_node4node94_wide_t5,0.0,1.0,B,C,wide,node4node94,5,0.0
C_node4node95_timber_t0,0.0,0.0,B,C,timber,node4node95,0,0.0
C_node4node95_timber_t1,0.0,1.0,B,C,timber,node4node95,1,0.0
C_node4node95_timber_t2,0.0,1.0,B,C,timber,node4node95,2,0.0
C_node4node95_timber_t3,0.0,1.0,B,C,timber,node4node95,3,0.0
C_node4node95_timber_t4,0.0,1.0,B,C,timber,node4node95,4,0.0
C_node4node95_timber_t5,0.0,1.0,B,C,timber,node4node95,5,0.0
C_node4node95_wide_t0,0.0,0.0,B,C,wide,node4node95,0,0.0
C_node4node95_wide_t1,0.0,1.0,B,C,wide,node4node95,1,0.0
C_node4node95_wide_t2,0.0,1.0,B,C,wide,node4node95,2,0.0
C_node4node95_wide_t3,0.0,1.0,B,C,wide,node4node95,3,0.0
C_node4node95_wide_t4,0.0,1.0,B,C,wide,node4node95,4,0.0
C_node4node95_wide_t5,0.0,1.0,B,C,wide,node4node95,5,0.0
C_node5node43_timber_t0,0.0,0.0,B,C,timber,node5node43,0,850.0
C_node5node43_timber_t1,0.0,1.0,B,C,timber,node5node43,1,715.68
C_node5node43_timber_t2,0.0,1.0,B,C,timber,node5node43,2,507.36
C_node5node43_timber_t3,0.0,1.0,B,C,timber,node5node43,3,359.67
C_node5node43_timber_t4,0.0,1.0,B,C,timber,node5node43,4,254.98
C_node5node43_timber_t5,0.0,1.0,B,C,timber,node5node43,5,180.76
C_node5node43_wide_t0,0.0,0.0,B,C,wide,node5node43,0,1275.0
C_node5node43_wide_t1,0.0,1.0,B,C,wide,node5node43,1,1073.52
C_node5node43_wide_t2,0.0,1.0,B,C,wide,node5node43,2,761.04
C_node5node43_wide_t3,0.0,1.0,B,C,wide,node5node43,3,539.51
C_node5node43_wide_t4,0.0,1.0,B,C,wide,node5node43,4,382.47
C_node5node43_wide_t5,0.0,1.0,B,C,wide,node5node43,5,271.14
C_node5node11_timber_t0,0.0,0.0,B,C,timber,node5node11,0,492.0
C_node5node11_timber_t1,0.0,1.0,B,C,timber,node5node11,1,414.25
C_node5node11_timber_t2,0.0,1.0,B,C,timber,node5node11,2,293.67
C_node5node11_timber_t3,0.0,1.0,B,C,timber,node5node11,3,208.19
C_node5node11_timber_t4,0.0,1.0,B,C,timber,node5node11,4,147.59
C_node5node11_timber_t5,0.0,1.0,B,C,timber,node5node11,5,104.63
C_node5node11_wide_t0,0.0,0.0,B,C,wide,node5node11,0,739.0
C_node5node11_wide_t1,0.0,1.0,B,C,wide,node5node11,1,622.22
C_node5node11_wide_t2,0.0,1.0,B,C,wide,node5node11,2,441.1
C_node5node11_wide_t3,0.0,1.0,B,C,wide,node5node11,3,312.71
C_node5node11_wide_t4,0.0,1.0,B,C,wide,node5node11,4,221.68
C_node5node11_wide_t5,0.0,1.0,B,C,wide,node5node11,5,157.16
C_node5node57_timber_t0,0.0,0.0,B,C,timber,node5node57,0,5101.0
C_node5node57_timber_t1,0.0,1.0,B,C,timber,node5node57,1,4294.91
C_node5node57_timber_t2,0.0,1.0,B,C,timber,node5node57,2,3044.74
C_node5node57_timber_t3,0.0,1.0,B,C,timber,node5node57,3,2158.47
C_node5node57_timber_t4,0.0,1.0,B,C,timber,node5node57,4,1530.18
C_node5node57_timber_t5,0.0,1.0,B,C,timber,node5node57,5,1084.77
C_node5node57_wide_t0,0.0,0.0,B,C,wide,node5node57,0,7658.0
C_node5node57_wide_t1,0.0,1.0,B,C,wide,node5node57,1,6447.83
C_node5node57_wide_t2,0.0,1.0,B,C,wide,node5node57,2,4570.99
C_node5node57_wide_t3,0.0,1.0,B,C,wide,node5node57,3,3240.46
C_node5node57_wide_t4,0.0,1.0,B,C,wide,node5node57,4,2297.22
C_node5node57_wide_t5,0.0,1.0,B,C,wide,node5node57,5,1628.54
C_node5node91_timber_t0,0.0,0.0,B,C,timber,node5node91,0,0.0
C_node5node91_timber_t1,0.0,1.0,B,C,timber,node5node91,1,0.0
C_node5node91_timber_t2,0.0,1.0,B,C,timber,node5node91,2,0.0
C_node5node91_timber_t3,0.0,1.0,B,C,timber,node5node91,3,0.0
C_node5node91_timber_t4,0.0,1.0,B,C,timber,node5node91,4,0.0
C_node5node91_timber_t5,0.0,1.0,B,C,timber,node5node91,5,0.0
C_node5node91_wide_t0,0.0,0.0,B,C,wide,node5node91,0,0.0
C_node5node91_wide_t1,0.0,1.0,B,C,wide,node5node91,1,0.0
C_node5node91_wide_t2,0.0,1.0,B,C,wide,node5node91,2,0.0
C_node5node91_wide_t3,0.0,1.0,B,C,wide,node5node91,3,0.0
C_node5node91_wide_t4,0.0,1.0,B,C,wide,node5node91,4,0.0
C_node5node91_wide_t5,0.0,1.0,B,C,wide,node5node91,5,0.0
C_node5node99_timber_t0,0.0,0.0,B,C,timber,node5node99,0,0.0
C_node5node99_timber_t1,0.0,1.0,B,C,timber,node5node99,1,0.0
C_node5node99_timber_t2,0.0,1.0,B,C,timber,node5node99,2,0.0
C_node5node99_timber_t3,0.0,1.0,B,C,timber,node5node99,3,0.0
C_node5node99_timber_t4,0.0,1.0,B,C,timber,node5node99,4,0.0
C_node5node99_timber_t5,0.0,1.0,B,C,timber,node5node99,5,0.0
C_node5node99_wide_t0,0.0,0.0,B,C,wide,node5node99,0,0.0
C_node5node99_wide_t1,0.0,1.0,B,C,wide,node5node99,1,0.0
C_node5node99_wide_t2,0.0,1.0,B,C,wide,node5node99,2,0.0
C_node5node99_wide_t3,0.0,1.0,B,C,wide,node5node99,3,0.0
C_node5node99_wide_t4,0.0,1.0,B,C,wide,node5node99,4,0.0
C_node5node99_wide_t5,0.0,1.0,B,C,wide,node5node99,5,0.0
C_node6node22_timber_t0,0.0,0.0,B,C,timber,node6node22,0,1140.0
C_node6node22_timber_t1,0.0,1.0,B,C,timber,node6node22,1,959.85
C_node6node22_timber_t2,0.0,1.0,B,C,timber,node6node22,2,680.46
C_node6node22_timber_t3,0.0,1.0,B,C,timber,node6node22,3,482.39
C_node6node22_timber_t4,0.0,1.0,B,C,timber,node6node22,4,341.97
C_node6node22_timber_t5,0.0,1.0,B,C,timber,node6node22,5,242.43
C_node6node22_wide_t0,0.0,0.0,B,C,wide,node6node22,0,1711.0
C_node6node22_wide_t1,0.0,1.0,B,C,wide,node6node22,1,1440.62
C_node6node22_wide_t2,0.0,1.0,B,C,wide,node6node22,2,1021.28
C_node6node22_wide_t3,0.0,1.0,B,C,wide,node6node22,3,724.0
C_node6node22_wide_t4,0.0,1.0,B,C,wide,node6node22,4,513.26
C_node6node22_wide_t5,0.0,1.0,B,C,wide,node6node22,5,363.86
C_node6node25_timber_t0,0.0,0.0,B,C,timber,node6node25,0,1443.0
C_node6node25_timber_t1,0.0,1.0,B,C,timber,node6node25,1,1214.97
C_node6node25_timber_t2,0.0,1.0,B,C,timber,node6node25,2,861.31
C_node6node25_timber_t3,0.0,1.0,B,C,timber,node6node25,3,610.6
C_node6node25_timber_t4,0.0,1.0,B,C,timber,node6node25,4,432.87
C_node6node25_timber_t5,0.0,1.0,B,C,timber,node6node25,5,306.87
C_node6node25_wide_t0,0.0,0.0,B,C,wide,node6node25,0,2164.0
C_node6node25_wide_t1,0.0,1.0,B,C,wide,node6node25,1,1822.03
C_node6node25_wide_t2,0.0,1.0,B,C,wide,node6node25,2,1291.67
C_node6node25_wide_t3,0.0,1.0,B,C,wide,node6node25,3,915.69
C_node6node25_wide_t4,0.0,1.0,B,C,wide,node6node25,4,649.15
C_node6node25_wide_t5,0.0,1.0,B,C,wide,node6node25,5,460.19
C_node6node54_timber_t0,0.0,0.0,B,C,timber,node6node54,0,2832.0
C_node6node54_timber_t1,0.0,1.0,B,C,timber,node6node54,1,2384.47
C_node6node54_timber_t2,0.0,1.0,B,C,timber,node6node54,2,1690.39
C_node6node54_timber_t3,0.0,1.0,B,C,timber,node6node54,3,1198.35
C_node6node54_timber_t4,0.0,1.0,B,C,timber,node6node54,4,849.53
C_node6node54_timber_t5,0.0,1.0,B,C,timber,node6node54,5,602.25
C_node6node54_wide_t0,0.0,0.0,B,C,wide,node6node54,0,4246.0
C_node6node54_wide_t1,0.0,1.0,B,C,wide,node6node54,1,3575.02
C_node6node54_wide_t2,0.0,1.0,B,C,wide,node6node54,2,2534.4
C_node6node54_wide_t3,0.0,1.0,B,C,wide,node6node54,3,1796.68
C_node6node54_wide_t4,0.0,1.0,B,C,wide,node6node54,4,1273.7
C_node6node54_wide_t5,0.0,1.0,B,C,wide,node6node54,5,902.95
C_node6node96_timber_t0,0.0,0.0,B,C,timber,node6node96,0,0.0
C_node6node96_timber_t1,0.0,1.0,B,C,timber,node6node96,1,0.0
C_node6node96_timber_t2,0.0,1.0,B,C,timber,node6node96,2,0.0
C_node6node96_timber_t3,0.0,1.0,B,C,timber,node6node96,3,0.0
C_node6node96_timber_t4,0.0,1.0,B,C,timber,node6node96,4,0.0
C_node6node96_timber_t5,0.0,1.0,B,C,timber,node6node96,5,0.0
C_node6node96_wide_t0,0.0,0.0,B,C,wide,node6node96,0,0.0
C_node6node96_wide_t1,0.0,1.0,B,C,wide,node6node96,1,0.0
C_node6node96_wide_t2,0.0,1.0,B,C,wide,node6node96,2,0.0
C_node6node96_wide_t3,0.0,1.0,B,C,wide,node6node96,3,0.0
C_node6node96_wide_t4,0.0,1.0,B,C,wide,node6node96,4,0.0
C_node6node96_wide_t5,0.0,1.0,B,C,wide,node6node96,5,0.0
C_node6node102_timber_t0,0.0,0.0,B,C,timber,node6node102,0,0.0
C_node6node102_timber_t1,0.0,1.0,B,C,timber,node6node102,1,0.0
C_node6node102_timber_t2,0.0,1.0,B,C,timber,node6node102,2,0.0
C_node6node102_timber_t3,0.0,1.0,B,C,timber,node6node102,3,0.0
C_node6node102_timber_t4,0.0,1.0,B,C,timber,node6node102,4,0.0
C_node6node102_timber_t5,0.0,1.0,B,C,timber,node6node102,5,0.0
C_node6node102_wide_t0,0.0,0.0,B,C,wide,node6node102,0,0.0
C_node6node102_wide_t1,0.0,1.0,B,C,wide,node6node102,1,0.0
C_node6node102_wide_t2,0.0,1.0,B,C,wide,node6node102,2,0.0
C_node6node102_wide_t3,0.0,1.0,B,C,wide,node6node102,3,0.0
C_node6node102_wide_t4,0.0,1.0,B,C,wide,node6node102,4,0.0
C_node6node102_wide_t5,0.0,1.0,B,C,wide,node6node102,5,0.0
C_node6node108_timber_t0,0.0,0.0,B,C,timber,node6node108,0,0.0
C_node6node108_timber_t1,0.0,1.0,B,C,timber,node6node108,1,0.0
C_node6node108_timber_t2,0.0,1.0,B,C,timber,node6node108,2,0.0
C_node6node108_timber_t3,0.0,1.0,B,C,timber,node6node108,3,0.0
C_node6node108_timber_t4,0.0,1.0,B,C,timber,node6node108,4,0.0
C_node6node108_timber_t5,0.0,1.0,B,C,timber,node6node108,5,0.0
C_node6node108_wide_t0,0.0,0.0,B,C,wide,node6node108,0,0.0
C_node6node108_wide_t1,0.0,1.0,B,C,wide,node6node108,1,0.0
C_node6node108_wide_t2,0.0,1.0,B,C,wide,node6node108,2,0.0
C_node6node108_wide_t3,0.0,1.0,B,C,wide,node6node108,3,0.0
C_node6node108_wide_t4,0.0,1.0,B,C,wide,node6node108,4,0.0
C_node6node108_wide_t5,0.0,1.0,B,C,wide,node6node108,5,0.0
C_node7node23_timber_t0,0.0,0.0,B,C,timber,node7node23,0,2003.0
C_node7node23_timber_t1,0.0,1.0,B,C,timber,node7node23,1,1686.47
C_node7node23_timber_t2,0.0,1.0,B,C,timber,node7node23,2,1195.57
C_node7node23_timber_t3,0.0,1.0,B,C,timber,node7node23,3,847.56
C_node7node23_timber_t4,0.0,1.0,B,C,timber,node7node23,4,600.85
C_node7node23_timber_t5,0.0,1.0,B,C,timber,node7node23,5,425.96
C_node7node23_wide_t0,0.0,0.0,B,C,wide,node7node23,0,3006.0
C_node7node23_wide_t1,0.0,1.0,B,C,wide,node7node23,1,2530.97
C_node7node23_wide_t2,0.0,1.0,B,C,wide,node7node23,2,1794.25
C_node7node23_wide_t3,0.0,1.0,B,C,wide,node7node23,3,1271.98
C_node7node23_wide_t4,0.0,1.0,B,C,wide,node7node23,4,901.73
C_node7node23_wide_t5,0.0,1.0,B,C,wide,node7node23,5,639.25
C_node7node15_timber_t0,0.0,0.0,B,C,timber,node7node15,0,2117.0
C_node7node15_timber_t1,0.0,1.0,B,C,timber,node7node15,1,1782.46
C_node7node15_timber_t2,0.0,1.0,B,C,timber,node7node15,2,1263.62
C_node7node15_timber_t3,0.0,1.0,B,C,timber,node7node15,3,895.8
C_node7node15_timber_t4,0.0,1.0,B,C,timber,node7node15,4,635.05
C_node7node15_timber_t5,0.0,1.0,B,C,timber,node7node15,5,450.2
C_node7node15_wide_t0,0.0,0.0,B,C,wide,node7node15,0,3174.0
C_node7node15_wide_t1,0.0,1.0,B,C,wide,node7node15,1,2672.42
C_node7node15_wide_t2,0.0,1.0,B,C,wide,node7node15,2,1894.53
C_node7node15_wide_t3,0.0,1.0,B,C,wide,node7node15,3,1343.07
C_node7node15_wide_t4,0.0,1.0,B,C,wide,node7node15,4,952.13
C_node7node15_wide_t5,0.0,1.0,B,C,wide,node7node15,5,674.98
C_node7node34_timber_t0,0.0,0.0,B,C,timber,node7node34,0,7743.0
C_node7node34_timber_t1,0.0,1.0,B,C,timber,node7node34,1,6519.4
C_node7node34_timber_t2,0.0,1.0,B,C,timber,node7node34,2,4621.72
C_node7node34_timber_t3,0.0,1.0,B,C,timber,node7node34,3,3276.43
C_node7node34_timber_t4,0.0,1.0,B,C,timber,node7node34,4,2322.72
C_node7node34_timber_t5,0.0,1.0,B,C,timber,node7node34,5,1646.62
C_node7node34_wide_t0,0.0,0.0,B,C,wide,node7node34,0,11612.0
C_node7node34_wide_t1,0.0,1.0,B,C,wide,node7node34,1,9776.99
C_node7node34_wide_t2,0.0,1.0,B,C,wide,node7node34,2,6931.09
C_node7node34_wide_t3,0.0,1.0,B,C,wide,node7node34,3,4913.58
C_node7node34_wide_t4,0.0,1.0,B,C,wide,node7node34,4,3483.33
C_node7node34_wide_t5,0.0,1.0,B,C,wide,node7node34,5,2469.4
C_node7node105_timber_t0,0.0,0.0,B,C,timber,node7node105,0,0.0
C_node7node105_timber_t1,0.0,1.0,B,C,timber,node7node105,1,0.0
C_node7node105_timber_t2,0.0,1.0,B,C,timber,node7node105,2,0.0
C_node7node105_timber_t3,0.0,1.0,B,C,timber,node7node105,3,0.0
C_node7node105_timber_t4,0.0,1.0,B,C,timber,node7node105,4,0.0
C_node7node105_timber_t5,0.0,1.0,B,C,timber,node7node105,5,0.0
C_node7node105_wide_t0,0.0,0.0,B,C,wide,node7node105,0,0.0
C_node7node105_wide_t1,0.0,1.0,B,C,wide,node7node105,1,0.0
C_node7node105_wide_t2,0.0,1.0,B,C,wide,node7node105,2,0.0
C_node7node105_wide_t3,0.0,1.0,B,C,wide,node7node105,3,0.0
C_node7node105_wide_t4,0.0,1.0,B,C,wide,node7node105,4,0.0
C_node7node105_wide_t5,0.0,1.0,B,C,wide,node7node105,5,0.0
C_node7node106_timber_t0,0.0,0.0,B,C,timber,node7node106,0,0.0
C_node7node106_timber_t1,0.0,1.0,B,C,timber,node7node106,1,0.0
C_node7node106_timber_t2,0.0,1.0,B,C,timber,node7node106,2,0.0
C_node7node106_timber_t3,0.0,1.0,B,C,timber,node7node106,3,0.0
C_node7node106_timber_t4,0.0,1.0,B,C,timber,node7node106,4,0.0
C_node7node106_timber_t5,0.0,1.0,B,C,timber,node7node106,5,0.0
C_node7node106_wide_t0,0.0,0.0,B,C,wide,node7node106,0,0.0
C_node7node106_wide_t1,0.0,1.0,B,C,wide,node7node106,1,0.0
C_node7node106_wide_t2,0.0,1.0,B,C,wide,node7node106,2,0.0
C_node7node106_wide_t3,0.0,1.0,B,C,wide,node7node106,3,0.0
C_node7node106_wide_t4,0.0,1.0,B,C,wide,node7node106,4,0.0
C_node7node106_wide_t5,0.0,1.0,B,C,wide,node7node106,5,0.0
C_node8node51_timber_t0,0.0,0.0,B,C,timber,node8node51,0,460.0
C_node8node51_timber_t1,0.0,1.0,B,C,timber,node8node51,1,387.31
C_node8node51_timber_t2,0.0,1.0,B,C,timber,node8node51,2,274.57
C_node8node51_timber_t3,0.0,1.0,B,C,timber,node8node51,3,194.65
C_node8node51_timber_t4,0.0,1.0,B,C,timber,node8node51,4,137.99
C_node8node51_timber_t5,0.0,1.0,B,C,timber,node8node51,5,97.82
C_node8node51_wide_t0,0.0,0.0,B,C,wide,node8node51,0,689.0
C_node8node51_wide_t1,0.0,1.0,B,C,wide,node8node51,1,580.12
C_node8node51_wide_t2,0.0,1.0,B,C,wide,node8node51,2,411.26
C_node8node51_wide_t3,0.0,1.0,B,C,wide,node8node51,3,291.55
C_node8node51_wide_t4,0.0,1.0,B,C,wide,node8node51,4,206.68
C_node8node51_wide_t5,0.0,1.0,B,C,wide,node8node51,5,146.52
C_node8node30_timber_t0,0.0,0.0,B,C,timber,node8node30,0,1331.0
C_node8node30_timber_t1,0.0,1.0,B,C,timber,node8node30,1,1120.67
C_node8node30_timber_t2,0.0,1.0,B,C,timber,node8node30,2,794.46
C_node8node30_timber_t3,0.0,1.0,B,C,timber,node8node30,3,563.21
C_node8node30_timber_t4,0.0,1.0,B,C,timber,node8node30,4,399.27
C_node8node30_timber_t5,0.0,1.0,B,C,timber,node8node30,5,283.05
C_node8node30_wide_t0,0.0,0.0,B,C,wide,node8node30,0,1996.0
C_node8node30_wide_t1,0.0,1.0,B,C,wide,node8node30,1,1680.58
C_node8node30_wide_t2,0.0,1.0,B,C,wide,node8node30,2,1191.39
C_node8node30_wide_t3,0.0,1.0,B,C,wide,node8node30,3,844.6
C_node8node30_wide_t4,0.0,1.0,B,C,wide,node8node30,4,598.75
C_node8node30_wide_t5,0.0,1.0,B,C,wide,node8node30,5,424.47
C_node8node52_timber_t0,0.0,0.0,B,C,timber,node8node52,0,1734.0
C_node8node52_timber_t1,0.0,1.0,B,C,timber,node8node52,1,1459.98
C_node8node52_timber_t2,0.0,1.0,B,C,timber,node8node52,2,1035.01
C_node8node52_timber_t3,0.0,1.0,B,C,timber,node8node52,3,733.74
C_node8node52_timber_t4,0.0,1.0,B,C,timber,node8node52,4,520.16
C_node8node52_timber_t5,0.0,1.0,B,C,timber,node8node52,5,368.75
C_node8node52_wide_t0,0.0,0.0,B,C,wide,node8node52,0,2602.0
C_node8node52_wide_t1,0.0,1.0,B,C,wide,node8node52,1,2190.81
C_node8node52_wide_t2,0.0,1.0,B,C,wide,node8node52,2,1553.11
C_node8node52_wide_t3,0.0,1.0,B,C,wide,node8node52,3,1101.03
C_node8node52_wide_t4,0.0,1.0,B,C,wide,node8node52,4,780.54
C_node8node52_wide_t5,0.0,1.0,B,C,wide,node8node52,5,553.34
C_node8node107_timber_t0,0.0,0.0,B,C,timber,node8node107,0,0.0
C_node8node107_timber_t1,0.0,1.0,B,C,timber,node8node107,1,0.0
C_node8node107_timber_t2,0.0,1.0,B,C,timber,node8node107,2,0.0
C_node8node107_timber_t3,0.0,1.0,B,C,timber,node8node107,3,0.0
C_node8node107_timber_t4,0.0,1.0,B,C,timber,node8node107,4,0.0
C_node8node107_timber_t5,0.0,1.0,B,C,timber,node8node107,5,0.0
C_node8node107_wide_t0,0.0,0.0,B,C,wide,node8node107,0,0.0
C_node8node107_wide_t1,0.0,1.0,B,C,wide,node8node107,1,0.0
C_node8node107_wide_t2,0.0,1.0,B,C,wide,node8node107,2,0.0
C_node8node107_wide_t3,0.0,1.0,B,C,wide,node8node107,3,0.0
C_node8node107_wide_t4,0.0,1.0,B,C,wide,node8node107,4,0.0
C_node8node107_wide_t5,0.0,1.0,B,C,wide,node8node107,5,0.0
C_node8node109_timber_t0,0.0,0.0,B,C,timber,node8node109,0,0.0
C_node8node109_timber_t1,0.0,1.0,B,C,timber,node8node109,1,0.0
C_node8node109_timber_t2,0.0,1.0,B,C,timber,node8node109,2,0.0
C_node8node109_timber_t3,0.0,1.0,B,C,timber,node8node109,3,0.0
C_node8node109_timber_t4,0.0,1.0,B,C,timber,node8node109,4,0.0
C_node8node109_timber_t5,0.0,1.0,B,C,timber,node8node109,5,0.0
C_node8node109_wide_t0,0.0,0.0,B,C,wide,node8node109,0,0.0
C_node8node109_wide_t1,0.0,1.0,B,C,wide,node8node109,1,0.0
C_node8node109_wide_t2,0.0,1.0,B,C,wide,node8node109,2,0.0
C_node8node109_wide_t3,0.0,1.0,B,C,wide,node8node109,3,0.0
C_node8node109_wide_t4,0.0,1.0,B,C,wide,node8node109,4,0.0
C_node8node109_wide_t5,0.0,1.0,B,C,wide,node8node109,5,0.0
C_node9node33_timber_t0,0.0,0.0,B,C,timber,node9node33,0,423.0
C_node9node33_timber_t1,0.0,1.0,B,C,timber,node9node33,1,356.15
C_node9node33_timber_t2,0.0,1.0,B,C,timber,node9node33,2,252.48
C_node9node33_timber_t3,0.0,1.0,B,C,timber,node9node33,3,178.99
C_node9node33_timber_t4,0.0,1.0,B,C,timber,node9node33,4,126.89
C_node9node33_timber_t5,0.0,1.0,B,C,timber,node9node33,5,89.95
C_node9node33_wide_t0,0.0,0.0,B,C,wide,node9node33,0,635.0
C_node9node33_wide_t1,0.0,1.0,B,C,wide,node9node33,1,534.65
C_node9node33_wide_t2,0.0,1.0,B,C,wide,node9node33,2,379.03
C_node9node33_wide_t3,0.0,1.0,B,C,wide,node9node33,3,268.7
C_node9node33_wide_t4,0.0,1.0,B,C,wide,node9node33,4,190.49
C_node9node33_wide_t5,0.0,1.0,B,C,wide,node9node33,5,135.04
C_node9node34_timber_t0,0.0,0.0,B,C,timber,node9node34,0,2568.0
C_node9node34_timber_t1,0.0,1.0,B,C,timber,node9node34,1,2162.19
C_node9node34_timber_t2,0.0,1.0,B,C,timber,node9node34,2,1532.82
C_node9node34_timber_t3,0.0,1.0,B,C,timber,node9node34,3,1086.64
C_node9node34_timber_t4,0.0,1.0,B,C,timber,node9node34,4,770.34
C_node9node34_timber_t5,0.0,1.0,B,C,timber,node9node34,5,546.11
C_node9node34_wide_t0,0.0,0.0,B,C,wide,node9node34,0,3852.0
C_node9node34_wide_t1,0.0,1.0,B,C,wide,node9node34,1,3243.28
C_node9node34_wide_t2,0.0,1.0,B,C,wide,node9node34,2,2299.22
C_node9node34_wide_t3,0.0,1.0,B,C,wide,node9node34,3,1629.96
C_node9node34_wide_t4,0.0,1.0,B,C,wide,node9node34,4,1155.51
C_node9node34_wide_t5,0.0,1.0,B,C,wide,node9node34,5,819.16
C_node9node38_timber_t0,0.0,0.0,B,C,timber,node9node38,0,2663.0
C_node9node38_timber_t1,0.0,1.0,B,C,timber,node9node38,1,2242.17
C_node9node38_timber_t2,0.0,1.0,B,C,timber,node9node38,2,1589.52
C_node9node38_timber_t3,0.0,1.0,B,C,timber,node9node38,3,1126.84
C_node9node38_timber_t4,0.0,1.0,B,C,timber,node9node38,4,798.84
C_node9node38_timber_t5,0.0,1.0,B,C,timber,node9node38,5,566.31
C_node9node38_wide_t0,0.0,0.0,B,C,wide,node9node38,0,3996.0
C_node9node38_wide_t1,0.0,1.0,B,C,wide,node9node38,1,3364.52
C_node9node38_wide_t2,0.0,1.0,B,C,wide,node9node38,2,2385.17
C_node9node38_wide_t3,0.0,1.0,B,C,wide,node9node38,3,1690.9
C_node9node38_wide_t4,0.0,1.0,B,C,wide,node9node38,4,1198.71
C_node9node38_wide_t5,0.0,1.0,B,C,wide,node9node38,5,849.79
C_node9node111_timber_t0,0.0,0.0,B,C,timber,node9node111,0,0.0
C_node9node111_timber_t1,0.0,1.0,B,C,timber,node9node111,1,0.0
C_node9node111_timber_t2,0.0,1.0,B,C,timber,node9node111,2,0.0
C_node9node111_timber_t3,0.0,1.0,B,C,timber,node9node111,3,0.0
C_node9node111_timber_t4,0.0,1.0,B,C,timber,node9node111,4,0.0
C_node9node111_timber_t5,0.0,1.0,B,C,timber,node9node111,5,0.0
C_node9node111_wide_t0,0.0,0.0,B,C,wide,node9node111,0,0.0
C_node9node111_wide_t1,0.0,1.0,B,C,wide,node9node111,1,0.0
C_node9node111_wide_t2,0.0,1.0,B,C,wide,node9node111,2,0.0
C_node9node111_wide_t3,0.0,1.0,B,C,wide,node9node111,3,0.0
C_node9node111_wide_t4,0.0,1.0,B,C,wide,node9node111,4,0.0
C_node9node111_wide_t5,0.0,1.0,B,C,wide,node9node111,5,0.0
C_node9node113_timber_t0,0.0,0.0,B,C,timber,node9node113,0,0.0
C_node9node113_timber_t1,0.0,1.0,B,C,timber,node9node113,1,0.0
C_node9node113_timber_t2,0.0,1.0,B,C,timber,node9node113,2,0.0
C_node9node113_timber_t3,0.0,1.0,B,C,timber,node9node113,3,0.0
C_node9node113_timber_t4,0.0,1.0,B,C,timber,node9node113,4,0.0
C_node9node113_timber_t5,0.0,1.0,B,C,timber,node9node113,5,0.0
C_node9node113_wide_t0,0.0,0.0,B,C,wide,node9node113,0,0.0
C_node9node113_wide_t1,0.0,1.0,B,C,wide,node9node113,1,0.0
C_node9node113_wide_t2,0.0,1.0,B,C,wide,node9node113,2,0.0
C_node9node113_wide_t3,0.0,1.0,B,C,wide,node9node113,3,0.0
C_node9node113_wide_t4,0.0,1.0,B,C,wide,node9node113,4,0.0
C_node9node113_wide_t5,0.0,1.0,B,C,wide,node9node113,5,0.0
C_node10node87_timber_t0,0.0,0.0,B,C,timber,node10node87,0,120.0
C_node10node87_timber_t1,0.0,1.0,B,C,timber,node10node87,1,101.04
C_node10node87_timber_t2,0.0,1.0,B,C,timber,node10node87,2,71.63
C_node10node87_timber_t3,0.0,1.0,B,C,timber,node10node87,3,50.78
C_node10node87_timber_t4,0.0,1.0,B,C,timber,node10node87,4,36.0
C_node10node87_timber_t5,0.0,1.0,B,C,timber,node10node87,5,25.52
C_node10node87_wide_t0,0.0,0.0,B,C,wide,node10node87,0,180.0
C_node10node87_wide_t1,0.0,1.0,B,C,wide,node10node87,1,151.56
C_node10node87_wide_t2,0.0,1.0,B,C,wide,node10node87,2,107.44
C_node10node87_wide_t3,0.0,1.0,B,C,wide,node10node87,3,76.17
C_node10node87_wide_t4,0.0,1.0,B,C,wide,node10node87,4,54.0
C_node10node87_wide_t5,0.0,1.0,B,C,wide,node10node87,5,38.28
C_node10node85_timber_t0,0.0,0.0,B,C,timber,node10node85,0,243.0
C_node10node85_timber_t1,0.0,1.0,B,C,timber,node10node85,1,204.6
C_node10node85_timber_t2,0.0,1.0,B,C,timber,node10node85,2,145.04
C_node10node85_timber_t3,0.0,1.0,B,C,timber,node10node85,3,102.82
C_node10node85_timber_t4,0.0,1.0,B,C,timber,node10node85,4,72.89
C_node10node85_timber_t5,0.0,1.0,B,C,timber,node10node85,5,51.68
C_node10node85_wide_t0,0.0,0.0,B,C,wide,node10node85,0,365.0
C_node10node85_wide_t1,0.0,1.0,B,C,wide,node10node85,1,307.32
C_node10node85_wide_t2,0.0,1.0,B,C,wide,node10node85,2,217.87
C_node10node85_wide_t3,0.0,1.0,B,C,wide,node10node85,3,154.45
C_node10node85_wide_t4,0.0,1.0,B,C,wide,node10node85,4,109.49
C_node10node85_wide_t5,0.0,1.0,B,C,wide,node10node85,5,77.62
C_node10node33_timber_t0,0.0,0.0,B,C,timber,node10node33,0,2247.0
C_node10node33_timber_t1,0.0,1.0,B,C,timber,node10node33,1,1891.91
C_node10node33_timber_t2,0.0,1.0,B,C,timber,node10node33,2,1341.21
C_node10node33_timber_t3,0.0,1.0,B,C,timber,node10node33,3,950.81
C_node10node33_timber_t4,0.0,1.0,B,C,timber,node10node33,4,674.05
C_node10node33_timber_t5,0.0,1.0,B,C,timber,node10node33,5,477.85
C_node10node33_wide_t0,0.0,0.0,B,C,wide,node10node33,0,3369.0
C_node10node33_wide_t1,0.0,1.0,B,C,wide,node10node33,1,2836.61
C_node10node33_wide_t2,0.0,1.0,B,C,wide,node10node33,2,2010.92
C_node10node33_wide_t3,0.0,1.0,B,C,wide,node10node33,3,1425.58
C_node10node33_wide_t4,0.0,1.0,B,C,wide,node10node33,4,1010.62
C_node10node33_wide_t5,0.0,1.0,B,C,wide,node10node33,5,716.45
C_node10node109_timber_t0,0.0,0.0,B,C,timber,node10node109,0,0.0
C_node10node109_timber_t1,0.0,1.0,B,C,timber,node10node109,1,0.0
C_node10node109_timber_t2,0.0,1.0,B,C,timber,node10node109,2,0.0
C_node10node109_timber_t3,0.0,1.0,B,C,timber,node10node109,3,0.0
C_node10node109_timber_t4,0.0,1.0,B,C,timber,node10node109,4,0.0
C_node10node109_timber_t5,0.0,1.0,B,C,timber,node10node109,5,0.0
C_node10node109_wide_t0,0.0,0.0,B,C,wide,node10node109,0,0.0
C_node10node109_wide_t1,0.0,1.0,B,C,wide,node10node109,1,0.0
C_node10node109_wide_t2,0.0,1.0,B,C,wide,node10node109,2,0.0
C_node10node109_wide_t3,0.0,1.0,B,C,wide,node10node109,3,0.0
C_node10node109_wide_t4,0.0,1.0,B,C,wide,node10node109,4,0.0
C_node10node109_wide_t5,0.0,1.0,B,C,wide,node10node109,5,0.0
C_node10node111_timber_t0,0.0,0.0,B,C,timber,node10node111,0,0.0
C_node10node111_timber_t1,0.0,1.0,B,C,timber,node10node111,1,0.0
C_node10node111_timber_t2,0.0,1.0,B,C,timber,node10node111,2,0.0
C_node10node111_timber_t3,0.0,1.0,B,C,timber,node10node111,3,0.0
C_node10node111_timber_t4,0.0,1.0,B,C,timber,node10node111,4,0.0
C_node10node111_timber_t5,0.0,1.0,B,C,timber,node10node111,5,0.0
C_node10node111_wide_t0,0.0,0.0,B,C,wide,node10node111,0,0.0
C_node10node111_wide_t1,0.0,1.0,B,C,wide,node10node111,1,0.0
C_node10node111_wide_t2,0.0,1.0,B,C,wide,node10node111,2,0.0
C_node10node111_wide_t3,0.0,1.0,B,C,wide,node10node111,3,0.0
C_node10node111_wide_t4,0.0,1.0,B,C,wide,node10node111,4,0.0
C_node10node111_wide_t5,0.0,1.0,B,C,wide,node10node111,5,0.0
C_node10node112_timber_t0,0.0,0.0,B,C,timber,node10node112,0,0.0
C_node10node112_timber_t1,0.0,1.0,B,C,timber,node10node112,1,0.0
C_node10node112_timber_t2,0.0,1.0,B,C,timber,node10node112,2,0.0
C_node10node112_timber_t3,0.0,1.0,B,C,timber,node10node112,3,0.0
C_node10node112_timber_t4,0.0,1.0,B,C,timber,node10node112,4,0.0
C_node10node112_timber_t5,0.0,1.0,B,C,timber,node10node112,5,0.0
C_node10node112_wide_t0,0.0,0.0,B,C,wide,node10node112,0,0.0
C_node10node112_wide_t1,0.0,1.0,B,C,wide,node10node112,1,0.0
C_node10node112_wide_t2,0.0,1.0,B,C,wide,node10node112,2,0.0
C_node10node112_wide_t3,0.0,1.0,B,C,wide,node10node112,3,0.0
C_node10node112_wide_t4,0.0,1.0,B,C,wide,node10node112,4,0.0
C_node10node112_wide_t5,0.0,1.0,B,C,wide,node10node112,5,0.0
C_node11node78_timber_t0,0.0,0.0,B,C,timber,node11node78,0,61.0
C_node11node78_timber_t1,0.0,1.0,B,C,timber,node11node78,1,51.36
C_node11node78_timber_t2,0.0,1.0,B,C,timber,node11node78,2,36.41
C_node11node78_timber_t3,0.0,1.0,B,C,timber,node11node78,3,25.81
C_node11node78_timber_t4,0.0,1.0,B,C,timber,node11node78,4,18.3
C_node11node78_timber_t5,0.0,1.0,B,C,timber,node11node78,5,12.97
C_node11node78_wide_t0,0.0,0.0,B,C,wide,node11node78,0,92.0
C_node11node78_wide_t1,0.0,1.0,B,C,wide,node11node78,1,77.46
C_node11node78_wide_t2,0.0,1.0,B,C,wide,node11node78,2,54.91
C_node11node78_wide_t3,0.0,1.0,B,C,wide,node11node78,3,38.93
C_node11node78_wide_t4,0.0,1.0,B,C,wide,node11node78,4,27.6
C_node11node78_wide_t5,0.0,1.0,B,C,wide,node11node78,5,19.56
C_node11node75_timber_t0,0.0,0.0,B,C,timber,node11node75,0,1125.0
C_node11node75_timber_t1,0.0,1.0,B,C,timber,node11node75,1,947.22
C_node11node75_timber_t2,0.0,1.0,B,C,timber,node11node75,2,671.5
C_node11node75_timber_t3,0.0,1.0,B,C,timber,node11node75,3,476.04
C_node11node75_timber_t4,0.0,1.0,B,C,timber,node11node75,4,337.47
C_node11node75_timber_t5,0.0,1.0,B,C,timber,node11node75,5,239.24
C_node11node75_wide_t0,0.0,0.0,B,C,wide,node11node75,0,1689.0
C_node11node75_wide_t1,0.0,1.0,B,C,wide,node11node75,1,1422.09
C_node11node75_wide_t2,0.0,1.0,B,C,wide,node11node75,2,1008.15
C_node11node75_wide_t3,0.0,1.0,B,C,wide,node11node75,3,714.7
C_node11node75_wide_t4,0.0,1.0,B,C,wide,node11node75,4,506.66
C_node11node75_wide_t5,0.0,1.0,B,C,wide,node11node75,5,359.18
C_node11node99_timber_t0,0.0,0.0,B,C,timber,node11node99,0,0.0
C_node11node99_timber_t1,0.0,1.0,B,C,timber,node11node99,1,0.0
C_node11node99_timber_t2,0.0,1.0,B,C,timber,node11node99,2,0.0
C_node11node99_timber_t3,0.0,1.0,B,C,timber,node11node99,3,0.0
C_node11node99_timber_t4,0.0,1.0,B,C,timber,node11node99,4,0.0
C_node11node99_timber_t5,0.0,1.0,B,C,timber,node11node99,5,0.0
C_node11node99_wide_t0,0.0,0.0,B,C,wide,node11node99,0,0.0
C_node11node99_wide_t1,0.0,1.0,B,C,wide,node11node99,1,0.0
C_node11node99_wide_t2,0.0,1.0,B,C,wide,node11node99,2,0.0
C_node11node99_wide_t3,0.0,1.0,B,C,wide,node11node99,3,0.0
C_node11node99_wide_t4,0.0,1.0,B,C,wide,node11node99,4,0.0
C_node11node99_wide_t5,0.0,1.0,B,C,wide,node11node99,5,0.0
C_node11node100_timber_t0,0.0,0.0,B,C,timber,node11node100,0,0.0
C_node11node100_timber_t1,0.0,1.0,B,C,timber,node11node100,1,0.0
C_node11node100_timber_t2,0.0,1.0,B,C,timber,node11node100,2,0.0
C_node11node100_timber_t3,0.0,1.0,B,C,timber,node11node100,3,0.0
C_node11node100_timber_t4,0.0,1.0,B,C,timber,node11node100,4,0.0
C_node11node100_timber_t5,0.0,1.0,B,C,timber,node11node100,5,0.0
C_node11node100_wide_t0,0.0,0.0,B,C,wide,node11node100,0,0.0
C_node11node100_wide_t1,0.0,1.0,B,C,wide,node11node100,1,0.0
C_node11node100_wide_t2,0.0,1.0,B,C,wide,node11node100,2,0.0
C_node11node100_wide_t3,0.0,1.0,B,C,wide,node11node100,3,0.0
C_node11node100_wide_t4,0.0,1.0,B,C,wide,node11node100,4,0.0
C_node11node100_wide_t5,0.0,1.0,B,C,wide,node11node100,5,0.0
C_node12node47_timber_t0,0.0,0.0,B,C,timber,node12node47,0,115.0
C_node12node47_timber_t1,0.0,1.0,B,C,timber,node12node47,1,96.83
C_node12node47_timber_t2,0.0,1.0,B,C,timber,node12node47,2,68.64
C_node12node47_timber_t3,0.0,1.0,B,C,timber,node12node47,3,48.66
C_node12node47_timber_t4,0.0,1.0,B,C,timber,node12node47,4,34.5
C_node12node47_timber_t5,0.0,1.0,B,C,timber,node12node47,5,24.46
C_node12node47_wide_t0,0.0,0.0,B,C,wide,node12node47,0,172.0
C_node12node47_wide_t1,0.0,1.0,B,C,wide,node12node47,1,144.82
C_node12node47_wide_t2,0.0,1.0,B,C,wide,node12node47,2,102.67
C_node12node47_wide_t3,0.0,1.0,B,C,wide,node12node47,3,72.78
C_node12node47_wide_t4,0.0,1.0,B,C,wide,node12node47,4,51.6
C_node12node47_wide_t5,0.0,1.0,B,C,wide,node12node47,5,36.58
C_node12node35_timber_t0,0.0,0.0,B,C,timber,node12node35,0,188.0
C_node12node35_timber_t1,0.0,1.0,B,C,timber,node12node35,1,158.29
C_node12node35_timber_t2,0.0,1.0,B,C,timber,node12node35,2,112.22
C_node12node35_timber_t3,0.0,1.0,B,C,timber,node12node35,3,79.55
C_node12node35_timber_t4,0.0,1.0,B,C,timber,node12node35,4,56.4
C_node12node35_timber_t5,0.0,1.0,B,C,timber,node12node35,5,39.98
C_node12node35_wide_t0,0.0,0.0,B,C,wide,node12node35,0,282.0
C_node12node35_wide_t1,0.0,1.0,B,C,wide,node12node35,1,237.44
C_node12node35_wide_t2,0.0,1.0,B,C,wide,node12node35,2,168.32
C_node12node35_wide_t3,0.0,1.0,B,C,wide,node12node35,3,119.33
C_node12node35_wide_t4,0.0,1.0,B,C,wide,node12node35,4,84.59
C_node12node35_wide_t5,0.0,1.0,B,C,wide,node12node35,5,59.97
C_node12node114_timber_t0,0.0,0.0,B,C,timber,node12node114,0,0.0
C_node12node114_timber_t1,0.0,1.0,B,C,timber,node12node114,1,0.0
C_node12node114_timber_t2,0.0,1.0,B,C,timber,node12node114,2,0.0
C_node12node114_timber_t3,0.0,1.0,B,C,timber,node12node114,3,0.0
C_node12node114_timber_t4,0.0,1.0,B,C,timber,node12node114,4,0.0
C_node12node114_timber_t5,0.0,1.0,B,C,timber,node12node114,5,0.0
C_node12node114_wide_t0,0.0,0.0,B,C,wide,node12node114,0,0.0
C_node12node114_wide_t1,0.0,1.0,B,C,wide,node12node114,1,0.0
C_node12node114_wide_t2,0.0,1.0,B,C,wide,node12node114,2,0.0
C_node12node114_wide_t3,0.0,1.0,B,C,wide,node12node114,3,0.0
C_node12node114_wide_t4,0.0,1.0,B,C,wide,node12node114,4,0.0
C_node12node114_wide_t5,0.0,1.0,B,C,wide,node12node114,5,0.0
C_node13node46_timber_t0,0.0,0.0,B,C,timber,node13node46,0,624.0
C_node13node46_timber_t1,0.0,1.0,B,C,timber,node13node46,1,525.39
C_node13node46_timber_t2,0.0,1.0,B,C,timber,node13node46,2,372.46
C_node13node46_timber_t3,0.0,1.0,B,C,timber,node13node46,3,264.04
C_node13node46_timber_t4,0.0,1.0,B,C,timber,node13node46,4,187.19
C_node13node46_timber_t5,0.0,1.0,B,C,timber,node13node46,5,132.7
C_node13node46_wide_t0,0.0,0.0,B,C,wide,node13node46,0,936.0
C_node13node46_wide_t1,0.0,1.0,B,C,wide,node13node46,1,788.09
C_node13node46_wide_t2,0.0,1.0,B,C,wide,node13node46,2,558.69
C_node13node46_wide_t3,0.0,1.0,B,C,wide,node13node46,3,396.07
C_node13node46_wide_t4,0.0,1.0,B,C,wide,node13node46,4,280.78
C_node13node46_wide_t5,0.0,1.0,B,C,wide,node13node46,5,199.05
C_node13node25_timber_t0,0.0,0.0,B,C,timber,node13node25,0,2505.0
C_node13node25_timber_t1,0.0,1.0,B,C,timber,node13node25,1,2109.14
C_node13node25_timber_t2,0.0,1.0,B,C,timber,node13node25,2,1495.21
C_node13node25_timber_t3,0.0,1.0,B,C,timber,node13node25,3,1059.98
C_node13node25_timber_t4,0.0,1.0,B,C,timber,node13node25,4,751.44
C_node13node25_timber_t5,0.0,1.0,B,C,timber,node13node25,5,532.71
C_node13node25_wide_t0,0.0,0.0,B,C,wide,node13node25,0,3758.0
C_node13node25_wide_t1,0.0,1.0,B,C,wide,node13node25,1,3164.14
C_node13node25_wide_t2,0.0,1.0,B,C,wide,node13node25,2,2243.11
C_node13node25_wide_t3,0.0,1.0,B,C,wide,node13node25,3,1590.19
C_node13node25_wide_t4,0.0,1.0,B,C,wide,node13node25,4,1127.31
C_node13node25_wide_t5,0.0,1.0,B,C,wide,node13node25,5,799.17
C_node13node49_timber_t0,0.0,0.0,B,C,timber,node13node49,0,4013.0
C_node13node49_timber_t1,0.0,1.0,B,C,timber,node13node49,1,3378.84
C_node13node49_timber_t2,0.0,1.0,B,C,timber,node13node49,2,2395.32
C_node13node49_timber_t3,0.0,1.0,B,C,timber,node13node49,3,1698.09
C_node13node49_timber_t4,0.0,1.0,B,C,timber,node13node49,4,1203.81
C_node13node49_timber_t5,0.0,1.0,B,C,timber,node13node49,5,853.4
C_node13node49_wide_t0,0.0,0.0,B,C,wide,node13node49,0,6019.0
C_node13node49_wide_t1,0.0,1.0,B,C,wide,node13node49,1,5067.84
C_node13node49_wide_t2,0.0,1.0,B,C,wide,node13node49,2,3592.68
C_node13node49_wide_t3,0.0,1.0,B,C,wide,node13node49,3,2546.92
C_node13node49_wide_t4,0.0,1.0,B,C,wide,node13node49,4,1805.56
C_node13node49_wide_t5,0.0,1.0,B,C,wide,node13node49,5,1280.0
C_node13node36_timber_t0,0.0,0.0,B,C,timber,node13node36,0,2639.0
C_node13node36_timber_t1,0.0,1.0,B,C,timber,node13node36,1,2221.97
C_node13node36_timber_t2,0.0,1.0,B,C,timber,node13node36,2,1575.19
C_node13node36_timber_t3,0.0,1.0,B,C,timber,node13node36,3,1116.68
C_node13node36_timber_t4,0.0,1.0,B,C,timber,node13node36,4,791.64
C_node13node36_timber_t5,0.0,1.0,B,C,timber,node13node36,5,561.21
C_node13node36_wide_t0,0.0,0.0,B,C,wide,node13node36,0,3957.0
C_node13node36_wide_t1,0.0,1.0,B,C,wide,node13node36,1,3331.69
C_node13node36_wide_t2,0.0,1.0,B,C,wide,node13node36,2,2361.9
C_node13node36_wide_t3,0.0,1.0,B,C,wide,node13node36,3,1674.39
C_node13node36_wide_t4,0.0,1.0,B,C,wide,node13node36,4,1187.01
C_node13node36_wide_t5,0.0,1.0,B,C,wide,node13node36,5,841.49
C_node13node95_timber_t0,0.0,0.0,B,C,timber,node13node95,0,0.0
C_node13node95_timber_t1,0.0,1.0,B,C,timber,node13node95,1,0.0
C_node13node95_timber_t2,0.0,1.0,B,C,timber,node13node95,2,0.0
C_node13node95_timber_t3,0.0,1.0,B,C,timber,node13node95,3,0.0
C_node13node95_timber_t4,0.0,1.0,B,C,timber,node13node95,4,0.0
C_node13node95_timber_t5,0.0,1.0,B,C,timber,node13node95,5,0.0
C_node13node95_wide_t0,0.0,0.0,B,C,wide,node13node95,0,0.0
C_node13node95_wide_t1,0.0,1.0,B,C,wide,node13node95,1,0.0
C_node13node95_wide_t2,0.0,1.0,B,C,wide,node13node95,2,0.0
C_node13node95_wide_t3,0.0,1.0,B,C,wide,node13node95,3,0.0
C_node13node95_wide_t4,0.0,1.0,B,C,wide,node13node95,4,0.0
C_node13node95_wide_t5,0.0,1.0,B,C,wide,node13node95,5,0.0
C_node13node97_timber_t0,0.0,0.0,B,C,timber,node13node97,0,0.0
C_node13node97_timber_t1,0.0,1.0,B,C,timber,node13node97,1,0.0
C_node13node97_timber_t2,0.0,1.0,B,C,timber,node13node97,2,0.0
C_node13node97_timber_t3,0.0,1.0,B,C,timber,node13node97,3,0.0
C_node13node97_timber_t4,0.0,1.0,B,C,timber,node13node97,4,0.0
C_node13node97_timber_t5,0.0,1.0,B,C,timber,node13node97,5,0.0
C_node13node97_wide_t0,0.0,0.0,B,C,wide,node13node97,0,0.0
C_node13node97_wide_t1,0.0,1.0,B,C,wide,node13node97,1,0.0
C_node13node97_wide_t2,0.0,1.0,B,C,wide,node13node97,2,0.0
C_node13node97_wide_t3,0.0,1.0,B,C,wide,node13node97,3,0.0
C_node13node97_wide_t4,0.0,1.0,B,C,wide,node13node97,4,0.0
C_node13node97_wide_t5,0.0,1.0,B,C,wide,node13node97,5,0.0
C_node13node107_timber_t0,0.0,0.0,B,C,timber,node13node107,0,0.0
C_node13node107_timber_t1,0.0,1.0,B,C,timber,node13node107,1,0.0
C_node13node107_timber_t2,0.0,1.0,B,C,timber,node13node107,2,0.0
C_node13node107_timber_t3,0.0,1.0,B,C,timber,node13node107,3,0.0
C_node13node107_timber_t4,0.0,1.0,B,C,timber,node13node107,4,0.0
C_node13node107_timber_t5,0.0,1.0,B,C,timber,node13node107,5,0.0
C_node13node107_wide_t0,0.0,0.0,B,C,wide,node13node107,0,0.0
C_node13node107_wide_t1,0.0,1.0,B,C,wide,node13node107,1,0.0
C_node13node107_wide_t2,0.0,1.0,B,C,wide,node13node107,2,0.0
C_node13node107_wide_t3,0.0,1.0,B,C,wide,node13node107,3,0.0
C_node13node107_wide_t4,0.0,1.0,B,C,wide,node13node107,4,0.0
C_node13node107_wide_t5,0.0,1.0,B,C,wide,node13node107,5,0.0
C_node13node108_timber_t0,0.0,0.0,B,C,timber,node13node108,0,0.0
C_node13node108_timber_t1,0.0,1.0,B,C,timber,node13node108,1,0.0
C_node13node108_timber_t2,0.0,1.0,B,C,timber,node13node108,2,0.0
C_node13node108_timber_t3,0.0,1.0,B,C,timber,node13node108,3,0.0
C_node13node108_timber_t4,0.0,1.0,B,C,timber,node13node108,4,0.0
C_node13node108_timber_t5,0.0,1.0,B,C,timber,node13node108,5,0.0
C_node13node108_wide_t0,0.0,0.0,B,C,wide,node13node108,0,0.0
C_node13node108_wide_t1,0.0,1.0,B,C,wide,node13node108,1,0.0
C_node13node108_wide_t2,0.0,1.0,B,C,wide,node13node108,2,0.0
C_node13node108_wide_t3,0.0,1.0,B,C,wide,node13node108,3,0.0
C_node13node108_wide_t4,0.0,1.0,B,C,wide,node13node108,4,0.0
C_node13node108_wide_t5,0.0,1.0,B,C,wide,node13node108,5,0.0
C_node14node89_timber_t0,0.0,0.0,B,C,timber,node14node89,0,648.0
C_node14node89_timber_t1,0.0,1.0,B,C,timber,node14node89,1,545.6
C_node14node89_timber_t2,0.0,1.0,B,C,timber,node14node89,2,386.79
C_node14node89_timber_t3,0.0,1.0,B,C,timber,node14node89,3,274.2
C_node14node89_timber_t4,0.0,1.0,B,C,timber,node14node89,4,194.39
C_node14node89_timber_t5,0.0,1.0,B,C,timber,node14node89,5,137.8
C_node14node89_wide_t0,0.0,0.0,B,C,wide,node14node89,0,972.0
C_node14node89_wide_t1,0.0,1.0,B,C,wide,node14node89,1,818.4
C_node14node89_wide_t2,0.0,1.0,B,C,wide,node14node89,2,580.18
C_node14node89_wide_t3,0.0,1.0,B,C,wide,node14node89,3,411.3
C_node14node89_wide_t4,0.0,1.0,B,C,wide,node14node89,4,291.58
C_node14node89_wide_t5,0.0,1.0,B,C,wide,node14node89,5,206.7
C_node14node51_timber_t0,0.0,0.0,B,C,timber,node14node51,0,1906.0
C_node14node51_timber_t1,0.0,1.0,B,C,timber,node14node51,1,1604.8
C_node14node51_timber_t2,0.0,1.0,B,C,timber,node14node51,2,1137.67
C_node14node51_timber_t3,0.0,1.0,B,C,timber,node14node51,3,806.52
C_node14node51_timber_t4,0.0,1.0,B,C,timber,node14node51,4,571.76
C_node14node51_timber_t5,0.0,1.0,B,C,timber,node14node51,5,405.33
C_node14node51_wide_t0,0.0,0.0,B,C,wide,node14node51,0,2861.0
C_node14node51_wide_t1,0.0,1.0,B,C,wide,node14node51,1,2408.89
C_node14node51_wide_t2,0.0,1.0,B,C,wide,node14node51,2,1707.7
C_node14node51_wide_t3,0.0,1.0,B,C,wide,node14node51,3,1210.62
C_node14node51_wide_t4,0.0,1.0,B,C,wide,node14node51,4,858.23
C_node14node51_wide_t5,0.0,1.0,B,C,wide,node14node51,5,608.42
C_node14node19_timber_t0,0.0,0.0,B,C,timber,node14node19,0,2004.0
C_node14node19_timber_t1,0.0,1.0,B,C,timber,node14node19,1,1687.31
C_node14node19_timber_t2,0.0,1.0,B,C,timber,node14node19,2,1196.17
C_node14node19_timber_t3,0.0,1.0,B,C,timber,node14node19,3,847.99
C_node14node19_timber_t4,0.0,1.0,B,C,timber,node14node19,4,601.15
C_node14node19_timber_t5,0.0,1.0,B,C,timber,node14node19,5,426.17
C_node14node19_wide_t0,0.0,0.0,B,C,wide,node14node19,0,3005.0
C_node14node19_wide_t1,0.0,1.0,B,C,wide,node14node19,1,2530.13
C_node14node19_wide_t2,0.0,1.0,B,C,wide,node14node19,2,1793.66
C_node14node19_wide_t3,0.0,1.0,B,C,wide,node14node19,3,1271.56
C_node14node19_wide_t4,0.0,1.0,B,C,wide,node14node19,4,901.43
C_node14node19_wide_t5,0.0,1.0,B,C,wide,node14node19,5,639.04
C_node14node112_timber_t0,0.0,0.0,B,C,timber,node14node112,0,0.0
C_node14node112_timber_t1,0.0,1.0,B,C,timber,node14node112,1,0.0
C_node14node112_timber_t2,0.0,1.0,B,C,timber,node14node112,2,0.0
C_node14node112_timber_t3,0.0,1.0,B,C,timber,node14node112,3,0.0
C_node14node112_timber_t4,0.0,1.0,B,C,timber,node14node112,4,0.0
C_node14node112_timber_t5,0.0,1.0,B,C,timber,node14node112,5,0.0
C_node14node112_wide_t0,0.0,0.0,B,C,wide,node14node112,0,0.0
C_node14node112_wide_t1,0.0,1.0,B,C,wide,node14node112,1,0.0
C_node14node112_wide_t2,0.0,1.0,B,C,wide,node14node112,2,0.0
C_node14node112_wide_t3,0.0,1.0,B,C,wide,node14node112,3,0.0
C_node14node112_wide_t4,0.0,1.0,B,C,wide,node14node112,4,0.0
C_node14node112_wide_t5,0.0,1.0,B,C,wide,node14node112,5,0.0
C_node14node114_timber_t0,0.0,0.0,B,C,timber,node14node114,0,0.0
C_node14node114_timber_t1,0.0,1.0,B,C,timber,node14node114,1,0.0
C_node14node114_timber_t2,0.0,1.0,B,C,timber,node14node114,2,0.0
C_node14node114_timber_t3,0.0,1.0,B,C,timber,node14node114,3,0.0
C_node14node114_timber_t4,0.0,1.0,B,C,timber,node14node114,4,0.0
C_node14node114_timber_t5,0.0,1.0,B,C,timber,node14node114,5,0.0
C_node14node114_wide_t0,0.0,0.0,B,C,wide,node14node114,0,0.0
C_node14node114_wide_t1,0.0,1.0,B,C,wide,node14node114,1,0.0
C_node14node114_wide_t2,0.0,1.0,B,C,wide,node14node114,2,0.0
C_node14node114_wide_t3,0.0,1.0,B,C,wide,node14node114,3,0.0
C_node14node114_wide_t4,0.0,1.0,B,C,wide,node14node114,4,0.0
C_node14node114_wide_t5,0.0,1.0,B,C,wide,node14node114,5,0.0
C_node15node55_timber_t0,0.0,0.0,B,C,timber,node15node55,0,1191.0
C_node15node55_timber_t1,0.0,1.0,B,C,timber,node15node55,1,1002.79
C_node15node55_timber_t2,0.0,1.0,B,C,timber,node15node55,2,710.9
C_node15node55_timber_t3,0.0,1.0,B,C,timber,node15node55,3,503.97
C_node15node55_timber_t4,0.0,1.0,B,C,timber,node15node55,4,357.27
C_node15node55_timber_t5,0.0,1.0,B,C,timber,node15node55,5,253.28
C_node15node55_wide_t0,0.0,0.0,B,C,wide,node15node55,0,1785.0
C_node15node55_wide_t1,0.0,1.0,B,C,wide,node15node55,1,1502.92
C_node15node55_wide_t2,0.0,1.0,B,C,wide,node15node55,2,1065.45
C_node15node55_wide_t3,0.0,1.0,B,C,wide,node15node55,3,755.32
C_node15node55_wide_t4,0.0,1.0,B,C,wide,node15node55,4,535.46
C_node15node55_wide_t5,0.0,1.0,B,C,wide,node15node55,5,379.6
C_node15node34_timber_t0,0.0,0.0,B,C,timber,node15node34,0,2825.0
C_node15node34_timber_t1,0.0,1.0,B,C,timber,node15node34,1,2378.57
C_node15node34_timber_t2,0.0,1.0,B,C,timber,node15node34,2,1686.22
C_node15node34_timber_t3,0.0,1.0,B,C,timber,node15node34,3,1195.39
C_node15node34_timber_t4,0.0,1.0,B,C,timber,node15node34,4,847.43
C_node15node34_timber_t5,0.0,1.0,B,C,timber,node15node34,5,600.76
C_node15node34_wide_t0,0.0,0.0,B,C,wide,node15node34,0,4238.0
C_node15node34_wide_t1,0.0,1.0,B,C,wide,node15node34,1,3568.28
C_node15node34_wide_t2,0.0,1.0,B,C,wide,node15node34,2,2529.62
C_node15node34_wide_t3,0.0,1.0,B,C,wide,node15node34,3,1793.3
C_node15node34_wide_t4,0.0,1.0,B,C,wide,node15node34,4,1271.3
C_node15node34_wide_t5,0.0,1.0,B,C,wide,node15node34,5,901.25
C_node15node23_timber_t0,0.0,0.0,B,C,timber,node15node23,0,1856.0
C_node15node23_timber_t1,0.0,1.0,B,C,timber,node15node23,1,1562.7
C_node15node23_timber_t2,0.0,1.0,B,C,timber,node15node23,2,1107.83
C_node15node23_timber_t3,0.0,1.0,B,C,timber,node15node23,3,785.36
C_node15node23_timber_t4,0.0,1.0,B,C,timber,node15node23,4,556.76
C_node15node23_timber_t5,0.0,1.0,B,C,timber,node15node23,5,394.7
C_node15node23_wide_t0,0.0,0.0,B,C,wide,node15node23,0,2784.0
C_node15node23_wide_t1,0.0,1.0,B,C,wide,node15node23,1,2344.05
C_node15node23_wide_t2,0.0,1.0,B,C,wide,node15node23,2,1661.74
C_node15node23_wide_t3,0.0,1.0,B,C,wide,node15node23,3,1178.04
C_node15node23_wide_t4,0.0,1.0,B,C,wide,node15node23,4,835.14
C_node15node23_wide_t5,0.0,1.0,B,C,wide,node15node23,5,592.04
C_node15node104_timber_t0,0.0,0.0,B,C,timber,node15node104,0,0.0
C_node15node104_timber_t1,0.0,1.0,B,C,timber,node15node104,1,0.0
C_node15node104_timber_t2,0.0,1.0,B,C,timber,node15node104,2,0.0
C_node15node104_timber_t3,0.0,1.0,B,C,timber,node15node104,3,0.0
C_node15node104_timber_t4,0.0,1.0,B,C,timber,node15node104,4,0.0
C_node15node104_timber_t5,0.0,1.0,B,C,timber,node15node104,5,0.0
C_node15node104_wide_t0,0.0,0.0,B,C,wide,node15node104,0,0.0
C_node15node104_wide_t1,0.0,1.0,B,C,wide,node15node104,1,0.0
C_node15node104_wide_t2,0.0,1.0,B,C,wide,node15node104,2,0.0
C_node15node104_wide_t3,0.0,1.0,B,C,wide,node15node104,3,0.0
C_node15node104_wide_t4,0.0,1.0,B,C,wide,node15node104,4,0.0
C_node15node104_wide_t5,0.0,1.0,B,C,wide,node15node104,5,0.0
C_node15node105_timber_t0,0.0,0.0,B,C,timber,node15node105,0,0.0
C_node15node105_timber_t1,0.0,1.0,B,C,timber,node15node105,1,0.0
C_node15node105_timber_t2,0.0,1.0,B,C,timber,node15node105,2,0.0
C_node15node105_timber_t3,0.0,1.0,B,C,timber,node15node105,3,0.0
C_node15node105_timber_t4,0.0,1.0,B,C,timber,node15node105,4,0.0
C_node15node105_timber_t5,0.0,1.0,B,C,timber,node15node105,5,0.0
C_node15node105_wide_t0,0.0,0.0,B,C,wide,node15node105,0,0.0
C_node15node105_wide_t1,0.0,1.0,B,C,wide,node15node105,1,0.0
C_node15node105_wide_t2,0.0,1.0,B,C,wide,node15node105,2,0.0
C_node15node105_wide_t3,0.0,1.0,B,C,wide,node15node105,3,0.0
C_node15node105_wide_t4,0.0,1.0,B,C,wide,node15node105,4,0.0
C_node15node105_wide_t5,0.0,1.0,B,C,wide,node15node105,5,0.0
C_node15node106_timber_t0,0.0,0.0,B,C,timber,node15node106,0,0.0
C_node15node106_timber_t1,0.0,1.0,B,C,timber,node15node106,1,0.0
C_node15node106_timber_t2,0.0,1.0,B,C,timber,node15node106,2,0.0
C_node15node106_timber_t3,0.0,1.0,B,C,timber,node15node106,3,0.0
C_node15node106_timber_t4,0.0,1.0,B,C,timber,node15node106,4,0.0
C_node15node106_timber_t5,0.0,1.0,B,C,timber,node15node106,5,0.0
C_node15node106_wide_t0,0.0,0.0,B,C,wide,node15node106,0,0.0
C_node15node106_wide_t1,0.0,1.0,B,C,wide,node15node106,1,0.0
C_node15node106_wide_t2,0.0,1.0,B,C,wide,node15node106,2,0.0
C_node15node106_wide_t3,0.0,1.0,B,C,wide,node15node106,3,0.0
C_node15node106_wide_t4,0.0,1.0,B,C,wide,node15node106,4,0.0
C_node15node106_wide_t5,0.0,1.0,B,C,wide,node15node106,5,0.0
C_node15node110_timber_t0,0.0,0.0,B,C,timber,node15node110,0,0.0
C_node15node110_timber_t1,0.0,1.0,B,C,timber,node15node110,1,0.0
C_node15node110_timber_t2,0.0,1.0,B,C,timber,node15node110,2,0.0
C_node15node110_timber_t3,0.0,1.0,B,C,timber,node15node110,3,0.0
C_node15node110_timber_t4,0.0,1.0,B,C,timber,node15node110,4,0.0
C_node15node110_timber_t5,0.0,1.0,B,C,timber,node15node110,5,0.0
C_node15node110_wide_t0,0.0,0.0,B,C,wide,node15node110,0,0.0
C_node15node110_wide_t1,0.0,1.0,B,C,wide,node15node110,1,0.0
C_node15node110_wide_t2,0.0,1.0,B,C,wide,node15node110,2,0.0
C_node15node110_wide_t3,0.0,1.0,B,C,wide,node15node110,3,0.0
C_node15node110_wide_t4,0.0,1.0,B,C,wide,node15node110,4,0.0
C_node15node110_wide_t5,0.0,1.0,B,C,wide,node15node110,5,0.0
C_node16node55_timber_t0,0.0,0.0,B,C,timber,node16node55,0,623.0
C_node16node55_timber_t1,0.0,1.0,B,C,timber,node16node55,1,524.55
C_node16node55_timber_t2,0.0,1.0,B,C,timber,node16node55,2,371.86
C_node16node55_timber_t3,0.0,1.0,B,C,timber,node16node55,3,263.62
C_node16node55_timber_t4,0.0,1.0,B,C,timber,node16node55,4,186.89
C_node16node55_timber_t5,0.0,1.0,B,C,timber,node16node55,5,132.49
C_node16node55_wide_t0,0.0,0.0,B,C,wide,node16node55,0,934.0
C_node16node55_wide_t1,0.0,1.0,B,C,wide,node16node55,1,786.4
C_node16node55_wide_t2,0.0,1.0,B,C,wide,node16node55,2,557.5
C_node16node55_wide_t3,0.0,1.0,B,C,wide,node16node55,3,395.22
C_node16node55_wide_t4,0.0,1.0,B,C,wide,node16node55,4,280.18
C_node16node55_wide_t5,0.0,1.0,B,C,wide,node16node55,5,198.62
C_node16node17_timber_t0,0.0,0.0,B,C,timber,node16node17,0,2137.0
C_node16node17_timber_t1,0.0,1.0,B,C,timber,node16node17,1,1799.3
C_node16node17_timber_t2,0.0,1.0,B,C,timber,node16node17,2,1275.56
C_node16node17_timber_t3,0.0,1.0,B,C,timber,node16node17,3,904.27
C_node16node17_timber_t4,0.0,1.0,B,C,timber,node16node17,4,641.05
C_node16node17_timber_t5,0.0,1.0,B,C,timber,node16node17,5,454.45
C_node16node17_wide_t0,0.0,0.0,B,C,wide,node16node17,0,3205.0
C_node16node17_wide_t1,0.0,1.0,B,C,wide,node16node17,1,2698.52
C_node16node17_wide_t2,0.0,1.0,B,C,wide,node16node17,2,1913.03
C_node16node17_wide_t3,0.0,1.0,B,C,wide,node16node17,3,1356.19
C_node16node17_wide_t4,0.0,1.0,B,C,wide,node16node17,4,961.43
C_node16node17_wide_t5,0.0,1.0,B,C,wide,node16node17,5,681.57
C_node16node22_timber_t0,0.0,0.0,B,C,timber,node16node22,0,2255.0
C_node16node22_timber_t1,0.0,1.0,B,C,timber,node16node22,1,1898.65
C_node16node22_timber_t2,0.0,1.0,B,C,timber,node16node22,2,1345.99
C_node16node22_timber_t3,0.0,1.0,B,C,timber,node16node22,3,954.2
C_node16node22_timber_t4,0.0,1.0,B,C,timber,node16node22,4,676.45
C_node16node22_timber_t5,0.0,1.0,B,C,timber,node16node22,5,479.55
C_node16node22_wide_t0,0.0,0.0,B,C,wide,node16node22,0,3383.0
C_node16node22_wide_t1,0.0,1.0,B,C,wide,node16node22,1,2848.4
C_node16node22_wide_t2,0.0,1.0,B,C,wide,node16node22,2,2019.28
C_node16node22_wide_t3,0.0,1.0,B,C,wide,node16node22,3,1431.51
C_node16node22_wide_t4,0.0,1.0,B,C,wide,node16node22,4,1014.82
C_node16node22_wide_t5,0.0,1.0,B,C,wide,node16node22,5,719.43
C_node16node102_timber_t0,0.0,0.0,B,C,timber,node16node102,0,0.0
C_node16node102_timber_t1,0.0,1.0,B,C,timber,node16node102,1,0.0
C_node16node102_timber_t2,0.0,1.0,B,C,timber,node16node102,2,0.0
C_node16node102_timber_t3,0.0,1.0,B,C,timber,node16node102,3,0.0
C_node16node102_timber_t4,0.0,1.0,B,C,timber,node16node102,4,0.0
C_node16node102_timber_t5,0.0,1.0,B,C,timber,node16node102,5,0.0
C_node16node102_wide_t0,0.0,0.0,B,C,wide,node16node102,0,0.0
C_node16node102_wide_t1,0.0,1.0,B,C,wide,node16node102,1,0.0
C_node16node102_wide_t2,0.0,1.0,B,C,wide,node16node102,2,0.0
C_node16node102_wide_t3,0.0,1.0,B,C,wide,node16node102,3,0.0
C_node16node102_wide_t4,0.0,1.0,B,C,wide,node16node102,4,0.0
C_node16node102_wide_t5,0.0,1.0,B,C,wide,node16node102,5,0.0
C_node16node103_timber_t0,0.0,0.0,B,C,timber,node16node103,0,0.0
C_node16node103_timber_t1,0.0,1.0,B,C,timber,node16node103,1,0.0
C_node16node103_timber_t2,0.0,1.0,B,C,timber,node16node103,2,0.0
C_node16node103_timber_t3,0.0,1.0,B,C,timber,node16node103,3,0.0
C_node16node103_timber_t4,0.0,1.0,B,C,timber,node16node103,4,0.0
C_node16node103_timber_t5,0.0,1.0,B,C,timber,node16node103,5,0.0
C_node16node103_wide_t0,0.0,0.0,B,C,wide,node16node103,0,0.0
C_node16node103_wide_t1,0.0,1.0,B,C,wide,node16node103,1,0.0
C_node16node103_wide_t2,0.0,1.0,B,C,wide,node16node103,2,0.0
C_node16node103_wide_t3,0.0,1.0,B,C,wide,node16node103,3,0.0
C_node16node103_wide_t4,0.0,1.0,B,C,wide,node16node103,4,0.0
C_node16node103_wide_t5,0.0,1.0,B,C,wide,node16node103,5,0.0
C_node16node110_timber_t0,0.0,0.0,B,C,timber,node16node110,0,0.0
C_node16node110_timber_t1,0.0,1.0,B,C,timber,node16node110,1,0.0
C_node16node110_timber_t2,0.0,1.0,B,C,timber,node16node110,2,0.0
C_node16node110_timber_t3,0.0,1.0,B,C,timber,node16node110,3,0.0
C_node16node110_timber_t4,0.0,1.0,B,C,timber,node16node110,4,0.0
C_node16node110_timber_t5,0.0,1.0,B,C,timber,node16node110,5,0.0
C_node16node110_wide_t0,0.0,0.0,B,C,wide,node16node110,0,0.0
C_node16node110_wide_t1,0.0,1.0,B,C,wide,node16node110,1,0.0
C_node16node110_wide_t2,0.0,1.0,B,C,wide,node16node110,2,0.0
C_node16node110_wide_t3,0.0,1.0,B,C,wide,node16node110,3,0.0
C_node16node110_wide_t4,0.0,1.0,B,C,wide,node16node110,4,0.0
C_node16node110_wide_t5,0.0,1.0,B,C,wide,node16node110,5,0.0
C_node17node54_timber_t0,0.0,0.0,B,C,timber,node17node54,0,658.0
C_node17node54_timber_t1,0.0,1.0,B,C,timber,node17node54,1,554.02
C_node17node54_timber_t2,0.0,1.0,B,C,timber,node17node54,2,392.75
C_node17node54_timber_t3,0.0,1.0,B,C,timber,node17node54,3,278.43
C_node17node54_timber_t4,0.0,1.0,B,C,timber,node17node54,4,197.38
C_node17node54_timber_t5,0.0,1.0,B,C,timber,node17node54,5,139.93
C_node17node54_wide_t0,0.0,0.0,B,C,wide,node17node54,0,988.0
C_node17node54_wide_t1,0.0,1.0,B,C,wide,node17node54,1,831.87
C_node17node54_wide_t2,0.0,1.0,B,C,wide,node17node54,2,589.73
C_node17node54_wide_t3,0.0,1.0,B,C,wide,node17node54,3,418.07
C_node17node54_wide_t4,0.0,1.0,B,C,wide,node17node54,4,296.38
C_node17node54_wide_t5,0.0,1.0,B,C,wide,node17node54,5,210.11
C_node17node40_timber_t0,0.0,0.0,B,C,timber,node17node40,0,516.0
C_node17node40_timber_t1,0.0,1.0,B,C,timber,node17node40,1,434.46
C_node17node40_timber_t2,0.0,1.0,B,C,timber,node17node40,2,308.0
C_node17node40_timber_t3,0.0,1.0,B,C,timber,node17node40,3,218.34
C_node17node40_timber_t4,0.0,1.0,B,C,timber,node17node40,4,154.79
C_node17node40_timber_t5,0.0,1.0,B,C,timber,node17node40,5,109.73
C_node17node40_wide_t0,0.0,0.0,B,C,wide,node17node40,0,773.0
C_node17node40_wide_t1,0.0,1.0,B,C,wide,node17node40,1,650.85
C_node17node40_wide_t2,0.0,1.0,B,C,wide,node17node40,2,461.4
C_node17node40_wide_t3,0.0,1.0,B,C,wide,node17node40,3,327.09
C_node17node40_wide_t4,0.0,1.0,B,C,wide,node17node40,4,231.88
C_node17node40_wide_t5,0.0,1.0,B,C,wide,node17node40,5,164.39
C_node17node102_timber_t0,0.0,0.0,B,C,timber,node17node102,0,0.0
C_node17node102_timber_t1,0.0,1.0,B,C,timber,node17node102,1,0.0
C_node17node102_timber_t2,0.0,1.0,B,C,timber,node17node102,2,0.0
C_node17node102_timber_t3,0.0,1.0,B,C,timber,node17node102,3,0.0
C_node17node102_timber_t4,0.0,1.0,B,C,timber,node17node102,4,0.0
C_node17node102_timber_t5,0.0,1.0,B,C,timber,node17node102,5,0.0
C_node17node102_wide_t0,0.0,0.0,B,C,wide,node17node102,0,0.0
C_node17node102_wide_t1,0.0,1.0,B,C,wide,node17node102,1,0.0
C_node17node102_wide_t2,0.0,1.0,B,C,wide,node17node102,2,0.0
C_node17node102_wide_t3,0.0,1.0,B,C,wide,node17node102,3,0.0
C_node17node102_wide_t4,0.0,1.0,B,C,wide,node17node102,4,0.0
C_node17node102_wide_t5,0.0,1.0,B,C,wide,node17node102,5,0.0
C_node17node103_timber_t0,0.0,0.0,B,C,timber,node17node103,0,0.0
C_node17node103_timber_t1,0.0,1.0,B,C,timber,node17node103,1,0.0
C_node17node103_timber_t2,0.0,1.0,B,C,timber,node17node103,2,0.0
C_node17node103_timber_t3,0.0,1.0,B,C,timber,node17node103,3,0.0
C_node17node103_timber_t4,0.0,1.0,B,C,timber,node17node103,4,0.0
C_node17node103_timber_t5,0.0,1.0,B,C,timber,node17node103,5,0.0
C_node17node103_wide_t0,0.0,0.0,B,C,wide,node17node103,0,0.0
C_node17node103_wide_t1,0.0,1.0,B,C,wide,node17node103,1,0.0
C_node17node103_wide_t2,0.0,1.0,B,C,wide,node17node103,2,0.0
C_node17node103_wide_t3,0.0,1.0,B,C,wide,node17node103,3,0.0
C_node17node103_wide_t4,0.0,1.0,B,C,wide,node17node103,4,0.0
C_node17node103_wide_t5,0.0,1.0,B,C,wide,node17node103,5,0.0
C_node18node32_timber_t0,0.0,0.0,B,C,timber,node18node32,0,848.0
C_node18node32_timber_t1,0.0,1.0,B,C,timber,node18node32,1,713.99
C_node18node32_timber_t2,0.0,1.0,B,C,timber,node18node32,2,506.16
C_node18node32_timber_t3,0.0,1.0,B,C,timber,node18node32,3,358.83
C_node18node32_timber_t4,0.0,1.0,B,C,timber,node18node32,4,254.38
C_node18node32_timber_t5,0.0,1.0,B,C,timber,node18node32,5,180.34
C_node18node32_wide_t0,0.0,0.0,B,C,wide,node18node32,0,1273.0
C_node18node32_wide_t1,0.0,1.0,B,C,wide,node18node32,1,1071.83
C_node18node32_wide_t2,0.0,1.0,B,C,wide,node18node32,2,759.84
C_node18node32_wide_t3,0.0,1.0,B,C,wide,node18node32,3,538.67
C_node18node32_wide_t4,0.0,1.0,B,C,wide,node18node32,4,381.87
C_node18node32_wide_t5,0.0,1.0,B,C,wide,node18node32,5,270.72
C_node18node20_timber_t0,0.0,0.0,B,C,timber,node18node20,0,2364.0
C_node18node20_timber_t1,0.0,1.0,B,C,timber,node18node20,1,1990.42
C_node18node20_timber_t2,0.0,1.0,B,C,timber,node18node20,2,1411.05
C_node18node20_timber_t3,0.0,1.0,B,C,timber,node18node20,3,1000.32
C_node18node20_timber_t4,0.0,1.0,B,C,timber,node18node20,4,709.15
C_node18node20_timber_t5,0.0,1.0,B,C,timber,node18node20,5,502.73
C_node18node20_wide_t0,0.0,0.0,B,C,wide,node18node20,0,3546.0
C_node18node20_wide_t1,0.0,1.0,B,C,wide,node18node20,1,2985.64
C_node18node20_wide_t2,0.0,1.0,B,C,wide,node18node20,2,2116.57
C_node18node20_wide_t3,0.0,1.0,B,C,wide,node18node20,3,1500.48
C_node18node20_wide_t4,0.0,1.0,B,C,wide,node18node20,4,1063.72
C_node18node20_wide_t5,0.0,1.0,B,C,wide,node18node20,5,754.09
C_node18node96_timber_t0,0.0,0.0,B,C,timber,node18node96,0,0.0
C_node18node96_timber_t1,0.0,1.0,B,C,timber,node18node96,1,0.0
C_node18node96_timber_t2,0.0,1.0,B,C,timber,node18node96,2,0.0
C_node18node96_timber_t3,0.0,1.0,B,C,timber,node18node96,3,0.0
C_node18node96_timber_t4,0.0,1.0,B,C,timber,node18node96,4,0.0
C_node18node96_timber_t5,0.0,1.0,B,C,timber,node18node96,5,0.0
C_node18node96_wide_t0,0.0,0.0,B,C,wide,node18node96,0,0.0
C_node18node96_wide_t1,0.0,1.0,B,C,wide,node18node96,1,0.0
C_node18node96_wide_t2,0.0,1.0,B,C,wide,node18node96,2,0.0
C_node18node96_wide_t3,0.0,1.0,B,C,wide,node18node96,3,0.0
C_node18node96_wide_t4,0.0,1.0,B,C,wide,node18node96,4,0.0
C_node18node96_wide_t5,0.0,1.0,B,C,wide,node18node96,5,0.0
C_node18node101_timber_t0,0.0,0.0,B,C,timber,node18node101,0,0.0
C_node18node101_timber_t1,0.0,1.0,B,C,timber,node18node101,1,0.0
C_node18node101_timber_t2,0.0,1.0,B,C,timber,node18node101,2,0.0
C_node18node101_timber_t3,0.0,1.0,B,C,timber,node18node101,3,0.0
C_node18node101_timber_t4,0.0,1.0,B,C,timber,node18node101,4,0.0
C_node18node101_timber_t5,0.0,1.0,B,C,timber,node18node101,5,0.0
C_node18node101_wide_t0,0.0,0.0,B,C,wide,node18node101,0,0.0
C_node18node101_wide_t1,0.0,1.0,B,C,wide,node18node101,1,0.0
C_node18node101_wide_t2,0.0,1.0,B,C,wide,node18node101,2,0.0
C_node18node101_wide_t3,0.0,1.0,B,C,wide,node18node101,3,0.0
C_node18node101_wide_t4,0.0,1.0,B,C,wide,node18node101,4,0.0
C_node18node101_wide_t5,0.0,1.0,B,C,wide,node18node101,5,0.0
C_node19node72_timber_t0,0.0,0.0,B,C,timber,node19node72,0,142.0
C_node19node72_timber_t1,0.0,1.0,B,C,timber,node19node72,1,119.56
C_node19node72_timber_t2,0.0,1.0,B,C,timber,node19node72,2,84.76
C_node19node72_timber_t3,0.0,1.0,B,C,timber,node19node72,3,60.09
C_node19node72_timber_t4,0.0,1.0,B,C,timber,node19node72,4,42.6
C_node19node72_timber_t5,0.0,1.0,B,C,timber,node19node72,5,30.2
C_node19node72_wide_t0,0.0,0.0,B,C,wide,node19node72,0,213.0
C_node19node72_wide_t1,0.0,1.0,B,C,wide,node19node72,1,179.34
C_node19node72_wide_t2,0.0,1.0,B,C,wide,node19node72,2,127.14
C_node19node72_wide_t3,0.0,1.0,B,C,wide,node19node72,3,90.13
C_node19node72_wide_t4,0.0,1.0,B,C,wide,node19node72,4,63.9
C_node19node72_wide_t5,0.0,1.0,B,C,wide,node19node72,5,45.3
C_node19node49_timber_t0,0.0,0.0,B,C,timber,node19node49,0,691.0
C_node19node49_timber_t1,0.0,1.0,B,C,timber,node19node49,1,581.8
C_node19node49_timber_t2,0.0,1.0,B,C,timber,node19node49,2,412.45
C_node19node49_timber_t3,0.0,1.0,B,C,timber,node19node49,3,292.39
C_node19node49_timber_t4,0.0,1.0,B,C,timber,node19node49,4,207.28
C_node19node49_timber_t5,0.0,1.0,B,C,timber,node19node49,5,146.95
C_node19node49_wide_t0,0.0,0.0,B,C,wide,node19node49,0,1036.0
C_node19node49_wide_t1,0.0,1.0,B,C,wide,node19node49,1,872.28
C_node19node49_wide_t2,0.0,1.0,B,C,wide,node19node49,2,618.38
C_node19node49_wide_t3,0.0,1.0,B,C,wide,node19node49,3,438.38
C_node19node49_wide_t4,0.0,1.0,B,C,wide,node19node49,4,310.78
C_node19node49_wide_t5,0.0,1.0,B,C,wide,node19node49,5,220.31
C_node19node97_timber_t0,0.0,0.0,B,C,timber,node19node97,0,0.0
C_node19node97_timber_t1,0.0,1.0,B,C,timber,node19node97,1,0.0
C_node19node97_timber_t2,0.0,1.0,B,C,timber,node19node97,2,0.0
C_node19node97_timber_t3,0.0,1.0,B,C,timber,node19node97,3,0.0
C_node19node97_timber_t4,0.0,1.0,B,C,timber,node19node97,4,0.0
C_node19node97_timber_t5,0.0,1.0,B,C,timber,node19node97,5,0.0
C_node19node97_wide_t0,0.0,0.0,B,C,wide,node19node97,0,0.0
C_node19node97_wide_t1,0.0,1.0,B,C,wide,node19node97,1,0.0
C_node19node97_wide_t2,0.0,1.0,B,C,wide,node19node97,2,0.0
C_node19node97_wide_t3,0.0,1.0,B,C,wide,node19node97,3,0.0
C_node19node97_wide_t4,0.0,1.0,B,C,wide,node19node97,4,0.0
C_node19node97_wide_t5,0.0,1.0,B,C,wide,node19node97,5,0.0
C_node19node114_timber_t0,0.0,0.0,B,C,timber,node19node114,0,0.0
C_node19node114_timber_t1,0.0,1.0,B,C,timber,node19node114,1,0.0
C_node19node114_timber_t2,0.0,1.0,B,C,timber,node19node114,2,0.0
C_node19node114_timber_t3,0.0,1.0,B,C,timber,node19node114,3,0.0
C_node19node114_timber_t4,0.0,1.0,B,C,timber,node19node114,4,0.0
C_node19node114_timber_t5,0.0,1.0,B,C,timber,node19node114,5,0.0
C_node19node114_wide_t0,0.0,0.0,B,C,wide,node19node114,0,0.0
C_node19node114_wide_t1,0.0,1.0,B,C,wide,node19node114,1,0.0
C_node19node114_wide_t2,0.0,1.0,B,C,wide,node19node114,2,0.0
C_node19node114_wide_t3,0.0,1.0,B,C,wide,node19node114,3,0.0
C_node19node114_wide_t4,0.0,1.0,B,C,wide,node19node114,4,0.0
C_node19node114_wide_t5,0.0,1.0,B,C,wide,node19node114,5,0.0
C_node20node37_timber_t0,0.0,0.0,B,C,timber,node20node37,0,475.0
C_node20node37_timber_t1,0.0,1.0,B,C,timber,node20node37,1,399.94
C_node20node37_timber_t2,0.0,1.0,B,C,timber,node20node37,2,283.52
C_node20node37_timber_t3,0.0,1.0,B,C,timber,node20node37,3,200.99
C_node20node37_timber_t4,0.0,1.0,B,C,timber,node20node37,4,142.49
C_node20node37_timber_t5,0.0,1.0,B,C,timber,node20node37,5,101.01
C_node20node37_wide_t0,0.0,0.0,B,C,wide,node20node37,0,712.0
C_node20node37_wide_t1,0.0,1.0,B,C,wide,node20node37,1,599.48
C_node20node37_wide_t2,0.0,1.0,B,C,wide,node20node37,2,424.99
C_node20node37_wide_t3,0.0,1.0,B,C,wide,node20node37,3,301.28
C_node20node37_wide_t4,0.0,1.0,B,C,wide,node20node37,4,213.58
C_node20node37_wide_t5,0.0,1.0,B,C,wide,node20node37,5,151.41
C_node20node24_timber_t0,0.0,0.0,B,C,timber,node20node24,0,1541.0
C_node20node24_timber_t1,0.0,1.0,B,C,timber,node20node24,1,1297.48
C_node20node24_timber_t2,0.0,1.0,B,C,timber,node20node24,2,919.81
C_node20node24_timber_t3,0.0,1.0,B,C,timber,node20node24,3,652.07
C_node20node24_timber_t4,0.0,1.0,B,C,timber,node20node24,4,462.26
C_node20node24_timber_t5,0.0,1.0,B,C,timber,node20node24,5,327.71
C_node20node24_wide_t0,0.0,0.0,B,C,wide,node20node24,0,2311.0
C_node20node24_wide_t1,0.0,1.0,B,C,wide,node20node24,1,1945.8
C_node20node24_wide_t2,0.0,1.0,B,C,wide,node20node24,2,1379.41
C_node20node24_wide_t3,0.0,1.0,B,C,wide,node20node24,3,977.89
C_node20node24_wide_t4,0.0,1.0,B,C,wide,node20node24,4,693.25
C_node20node24_wide_t5,0.0,1.0,B,C,wide,node20node24,5,491.46
C_node20node93_timber_t0,0.0,0.0,B,C,timber,node20node93,0,0.0
C_node20node93_timber_t1,0.0,1.0,B,C,timber,node20node93,1,0.0
C_node20node93_timber_t2,0.0,1.0,B,C,timber,node20node93,2,0.0
C_node20node93_timber_t3,0.0,1.0,B,C,timber,node20node93,3,0.0
C_node20node93_timber_t4,0.0,1.0,B,C,timber,node20node93,4,0.0
C_node20node93_timber_t5,0.0,1.0,B,C,timber,node20node93,5,0.0
C_node20node93_wide_t0,0.0,0.0,B,C,wide,node20node93,0,0.0
C_node20node93_wide_t1,0.0,1.0,B,C,wide,node20node93,1,0.0
C_node20node93_wide_t2,0.0,1.0,B,C,wide,node20node93,2,0.0
C_node20node93_wide_t3,0.0,1.0,B,C,wide,node20node93,3,0.0
C_node20node93_wide_t4,0.0,1.0,B,C,wide,node20node93,4,0.0
C_node20node93_wide_t5,0.0,1.0,B,C,wide,node20node93,5,0.0
C_node20node96_timber_t0,0.0,0.0,B,C,timber,node20node96,0,0.0
C_node20node96_timber_t1,0.0,1.0,B,C,timber,node20node96,1,0.0
C_node20node96_timber_t2,0.0,1.0,B,C,timber,node20node96,2,0.0
C_node20node96_timber_t3,0.0,1.0,B,C,timber,node20node96,3,0.0
C_node20node96_timber_t4,0.0,1.0,B,C,timber,node20node96,4,0.0
C_node20node96_timber_t5,0.0,1.0,B,C,timber,node20node96,5,0.0
C_node20node96_wide_t0,0.0,0.0,B,C,wide,node20node96,0,0.0
C_node20node96_wide_t1,0.0,1.0,B,C,wide,node20node96,1,0.0
C_node20node96_wide_t2,0.0,1.0,B,C,wide,node20node96,2,0.0
C_node20node96_wide_t3,0.0,1.0,B,C,wide,node20node96,3,0.0
C_node20node96_wide_t4,0.0,1.0,B,C,wide,node20node96,4,0.0
C_node20node96_wide_t5,0.0,1.0,B,C,wide,node20node96,5,0.0
C_node21node80_timber_t0,0.0,0.0,B,C,timber,node21node80,0,533.0
C_node21node80_timber_t1,0.0,1.0,B,C,timber,node21node80,1,448.77
C_node21node80_timber_t2,0.0,1.0,B,C,timber,node21node80,2,318.14
C_node21node80_timber_t3,0.0,1.0,B,C,timber,node21node80,3,225.54
C_node21node80_timber_t4,0.0,1.0,B,C,timber,node21node80,4,159.89
C_node21node80_timber_t5,0.0,1.0,B,C,timber,node21node80,5,113.35
C_node21node80_wide_t0,0.0,0.0,B,C,wide,node21node80,0,801.0
C_node21node80_wide_t1,0.0,1.0,B,C,wide,node21node80,1,674.42
C_node21node80_wide_t2,0.0,1.0,B,C,wide,node21node80,2,478.11
C_node21node80_wide_t3,0.0,1.0,B,C,wide,node21node80,3,338.94
C_node21node80_wide_t4,0.0,1.0,B,C,wide,node21node80,4,240.28
C_node21node80_wide_t5,0.0,1.0,B,C,wide,node21node80,5,170.34
C_node21node37_timber_t0,0.0,0.0,B,C,timber,node21node37,0,811.0
C_node21node37_timber_t1,0.0,1.0,B,C,timber,node21node37,1,682.84
C_node21node37_timber_t2,0.0,1.0,B,C,timber,node21node37,2,484.08
C_node21node37_timber_t3,0.0,1.0,B,C,timber,node21node37,3,343.17
C_node21node37_timber_t4,0.0,1.0,B,C,timber,node21node37,4,243.28
C_node21node37_timber_t5,0.0,1.0,B,C,timber,node21node37,5,172.47
C_node21node37_wide_t0,0.0,0.0,B,C,wide,node21node37,0,1216.0
C_node21node37_wide_t1,0.0,1.0,B,C,wide,node21node37,1,1023.84
C_node21node37_wide_t2,0.0,1.0,B,C,wide,node21node37,2,725.82
C_node21node37_wide_t3,0.0,1.0,B,C,wide,node21node37,3,514.55
C_node21node37_wide_t4,0.0,1.0,B,C,wide,node21node37,4,364.77
C_node21node37_wide_t5,0.0,1.0,B,C,wide,node21node37,5,258.59
C_node21node53_timber_t0,0.0,0.0,B,C,timber,node21node53,0,1091.0
C_node21node53_timber_t1,0.0,1.0,B,C,timber,node21node53,1,918.59
C_node21node53_timber_t2,0.0,1.0,B,C,timber,node21node53,2,651.21
C_node21node53_timber_t3,0.0,1.0,B,C,timber,node21node53,3,461.65
C_node21node53_timber_t4,0.0,1.0,B,C,timber,node21node53,4,327.27
C_node21node53_timber_t5,0.0,1.0,B,C,timber,node21node53,5,232.01
C_node21node53_wide_t0,0.0,0.0,B,C,wide,node21node53,0,1636.0
C_node21node53_wide_t1,0.0,1.0,B,C,wide,node21node53,1,1377.47
C_node21node53_wide_t2,0.0,1.0,B,C,wide,node21node53,2,976.51
C_node21node53_wide_t3,0.0,1.0,B,C,wide,node21node53,3,692.27
C_node21node53_wide_t4,0.0,1.0,B,C,wide,node21node53,4,490.76
C_node21node53_wide_t5,0.0,1.0,B,C,wide,node21node53,5,347.91
C_node21node93_timber_t0,0.0,0.0,B,C,timber,node21node93,0,0.0
C_node21node93_timber_t1,0.0,1.0,B,C,timber,node21node93,1,0.0
C_node21node93_timber_t2,0.0,1.0,B,C,timber,node21node93,2,0.0
C_node21node93_timber_t3,0.0,1.0,B,C,timber,node21node93,3,0.0
C_node21node93_timber_t4,0.0,1.0,B,C,timber,node21node93,4,0.0
C_node21node93_timber_t5,0.0,1.0,B,C,timber,node21node93,5,0.0
C_node21node93_wide_t0,0.0,0.0,B,C,wide,node21node93,0,0.0
C_node21node93_wide_t1,0.0,1.0,B,C,wide,node21node93,1,0.0
C_node21node93_wide_t2,0.0,1.0,B,C,wide,node21node93,2,0.0
C_node21node93_wide_t3,0.0,1.0,B,C,wide,node21node93,3,0.0
C_node21node93_wide_t4,0.0,1.0,B,C,wide,node21node93,4,0.0
C_node21node93_wide_t5,0.0,1.0,B,C,wide,node21node93,5,0.0
C_node21node100_timber_t0,0.0,0.0,B,C,timber,node21node100,0,0.0
C_node21node100_timber_t1,0.0,1.0,B,C,timber,node21node100,1,0.0
C_node21node100_timber_t2,0.0,1.0,B,C,timber,node21node100,2,0.0
C_node21node100_timber_t3,0.0,1.0,B,C,timber,node21node100,3,0.0
C_node21node100_timber_t4,0.0,1.0,B,C,timber,node21node100,4,0.0
C_node21node100_timber_t5,0.0,1.0,B,C,timber,node21node100,5,0.0
C_node21node100_wide_t0,0.0,0.0,B,C,wide,node21node100,0,0.0
C_node21node100_wide_t1,0.0,1.0,B,C,wide,node21node100,1,0.0
C_node21node100_wide_t2,0.0,1.0,B,C,wide,node21node100,2,0.0
C_node21node100_wide_t3,0.0,1.0,B,C,wide,node21node100,3,0.0
C_node21node100_wide_t4,0.0,1.0,B,C,wide,node21node100,4,0.0
C_node21node100_wide_t5,0.0,1.0,B,C,wide,node21node100,5,0.0
C_node22node45_timber_t0,0.0,0.0,B,C,timber,node22node45,0,490.0
C_node22node45_timber_t1,0.0,1.0,B,C,timber,node22node45,1,412.57
C_node22node45_timber_t2,0.0,1.0,B,C,timber,node22node45,2,292.48
C_node22node45_timber_t3,0.0,1.0,B,C,timber,node22node45,3,207.34
C_node22node45_timber_t4,0.0,1.0,B,C,timber,node22node45,4,146.99
C_node22node45_timber_t5,0.0,1.0,B,C,timber,node22node45,5,104.2
C_node22node45_wide_t0,0.0,0.0,B,C,wide,node22node45,0,735.0
C_node22node45_wide_t1,0.0,1.0,B,C,wide,node22node45,1,618.85
C_node22node45_wide_t2,0.0,1.0,B,C,wide,node22node45,2,438.71
C_node22node45_wide_t3,0.0,1.0,B,C,wide,node22node45,3,311.01
C_node22node45_wide_t4,0.0,1.0,B,C,wide,node22node45,4,220.48
C_node22node45_wide_t5,0.0,1.0,B,C,wide,node22node45,5,156.3
C_node22node102_timber_t0,0.0,0.0,B,C,timber,node22node102,0,0.0
C_node22node102_timber_t1,0.0,1.0,B,C,timber,node22node102,1,0.0
C_node22node102_timber_t2,0.0,1.0,B,C,timber,node22node102,2,0.0
C_node22node102_timber_t3,0.0,1.0,B,C,timber,node22node102,3,0.0
C_node22node102_timber_t4,0.0,1.0,B,C,timber,node22node102,4,0.0
C_node22node102_timber_t5,0.0,1.0,B,C,timber,node22node102,5,0.0
C_node22node102_wide_t0,0.0,0.0,B,C,wide,node22node102,0,0.0
C_node22node102_wide_t1,0.0,1.0,B,C,wide,node22node102,1,0.0
C_node22node102_wide_t2,0.0,1.0,B,C,wide,node22node102,2,0.0
C_node22node102_wide_t3,0.0,1.0,B,C,wide,node22node102,3,0.0
C_node22node102_wide_t4,0.0,1.0,B,C,wide,node22node102,4,0.0
C_node22node102_wide_t5,0.0,1.0,B,C,wide,node22node102,5,0.0
C_node22node108_timber_t0,0.0,0.0,B,C,timber,node22node108,0,0.0
C_node22node108_timber_t1,0.0,1.0,B,C,timber,node22node108,1,0.0
C_node22node108_timber_t2,0.0,1.0,B,C,timber,node22node108,2,0.0
C_node22node108_timber_t3,0.0,1.0,B,C,timber,node22node108,3,0.0
C_node22node108_timber_t4,0.0,1.0,B,C,timber,node22node108,4,0.0
C_node22node108_timber_t5,0.0,1.0,B,C,timber,node22node108,5,0.0
C_node22node108_wide_t0,0.0,0.0,B,C,wide,node22node108,0,0.0
C_node22node108_wide_t1,0.0,1.0,B,C,wide,node22node108,1,0.0
C_node22node108_wide_t2,0.0,1.0,B,C,wide,node22node108,2,0.0
C_node22node108_wide_t3,0.0,1.0,B,C,wide,node22node108,3,0.0
C_node22node108_wide_t4,0.0,1.0,B,C,wide,node22node108,4,0.0
C_node22node108_wide_t5,0.0,1.0,B,C,wide,node22node108,5,0.0
C_node22node110_timber_t0,0.0,0.0,B,C,timber,node22node110,0,0.0
C_node22node110_timber_t1,0.0,1.0,B,C,timber,node22node110,1,0.0
C_node22node110_timber_t2,0.0,1.0,B,C,timber,node22node110,2,0.0
C_node22node110_timber_t3,0.0,1.0,B,C,timber,node22node110,3,0.0
C_node22node110_timber_t4,0.0,1.0,B,C,timber,node22node110,4,0.0
C_node22node110_timber_t5,0.0,1.0,B,C,timber,node22node110,5,0.0
C_node22node110_wide_t0,0.0,0.0,B,C,wide,node22node110,0,0.0
C_node22node110_wide_t1,0.0,1.0,B,C,wide,node22node110,1,0.0
C_node22node110_wide_t2,0.0,1.0,B,C,wide,node22node110,2,0.0
C_node22node110_wide_t3,0.0,1.0,B,C,wide,node22node110,3,0.0
C_node22node110_wide_t4,0.0,1.0,B,C,wide,node22node110,4,0.0
C_node22node110_wide_t5,0.0,1.0,B,C,wide,node22node110,5,0.0
C_node23node40_timber_t0,0.0,0.0,B,C,timber,node23node40,0,1976.0
C_node23node40_timber_t1,0.0,1.0,B,C,timber,node23node40,1,1663.74
C_node23node40_timber_t2,0.0,1.0,B,C,timber,node23node40,2,1179.46
C_node23node40_timber_t3,0.0,1.0,B,C,timber,node23node40,3,836.14
C_node23node40_timber_t4,0.0,1.0,B,C,timber,node23node40,4,592.75
C_node23node40_timber_t5,0.0,1.0,B,C,timber,node23node40,5,420.21
C_node23node40_wide_t0,0.0,0.0,B,C,wide,node23node40,0,2963.0
C_node23node40_wide_t1,0.0,1.0,B,C,wide,node23node40,1,2494.77
C_node23node40_wide_t2,0.0,1.0,B,C,wide,node23node40,2,1768.59
C_node23node40_wide_t3,0.0,1.0,B,C,wide,node23node40,3,1253.78
C_node23node40_wide_t4,0.0,1.0,B,C,wide,node23node40,4,888.83
C_node23node40_wide_t5,0.0,1.0,B,C,wide,node23node40,5,630.11
C_node23node104_timber_t0,0.0,0.0,B,C,timber,node23node104,0,0.0
C_node23node104_timber_t1,0.0,1.0,B,C,timber,node23node104,1,0.0
C_node23node104_timber_t2,0.0,1.0,B,C,timber,node23node104,2,0.0
C_node23node104_timber_t3,0.0,1.0,B,C,timber,node23node104,3,0.0
C_node23node104_timber_t4,0.0,1.0,B,C,timber,node23node104,4,0.0
C_node23node104_timber_t5,0.0,1.0,B,C,timber,node23node104,5,0.0
C_node23node104_wide_t0,0.0,0.0,B,C,wide,node23node104,0,0.0
C_node23node104_wide_t1,0.0,1.0,B,C,wide,node23node104,1,0.0
C_node23node104_wide_t2,0.0,1.0,B,C,wide,node23node104,2,0.0
C_node23node104_wide_t3,0.0,1.0,B,C,wide,node23node104,3,0.0
C_node23node104_wide_t4,0.0,1.0,B,C,wide,node23node104,4,0.0
C_node23node104_wide_t5,0.0,1.0,B,C,wide,node23node104,5,0.0
C_node23node105_timber_t0,0.0,0.0,B,C,timber,node23node105,0,0.0
C_node23node105_timber_t1,0.0,1.0,B,C,timber,node23node105,1,0.0
C_node23node105_timber_t2,0.0,1.0,B,C,timber,node23node105,2,0.0
C_node23node105_timber_t3,0.0,1.0,B,C,timber,node23node105,3,0.0
C_node23node105_timber_t4,0.0,1.0,B,C,timber,node23node105,4,0.0
C_node23node105_timber_t5,0.0,1.0,B,C,timber,node23node105,5,0.0
C_node23node105_wide_t0,0.0,0.0,B,C,wide,node23node105,0,0.0
C_node23node105_wide_t1,0.0,1.0,B,C,wide,node23node105,1,0.0
C_node23node105_wide_t2,0.0,1.0,B,C,wide,node23node105,2,0.0
C_node23node105_wide_t3,0.0,1.0,B,C,wide,node23node105,3,0.0
C_node23node105_wide_t4,0.0,1.0,B,C,wide,node23node105,4,0.0
C_node23node105_wide_t5,0.0,1.0,B,C,wide,node23node105,5,0.0
C_node24node25_timber_t0,0.0,0.0,B,C,timber,node24node25,0,996.0
C_node24node25_timber_t1,0.0,1.0,B,C,timber,node24node25,1,838.61
C_node24node25_timber_t2,0.0,1.0,B,C,timber,node24node25,2,594.5
C_node24node25_timber_t3,0.0,1.0,B,C,timber,node24node25,3,421.45
C_node24node25_timber_t4,0.0,1.0,B,C,timber,node24node25,4,298.78
C_node24node25_timber_t5,0.0,1.0,B,C,timber,node24node25,5,211.81
C_node24node25_wide_t0,0.0,0.0,B,C,wide,node24node25,0,1494.0
C_node24node25_wide_t1,0.0,1.0,B,C,wide,node24node25,1,1257.91
C_node24node25_wide_t2,0.0,1.0,B,C,wide,node24node25,2,891.75
C_node24node25_wide_t3,0.0,1.0,B,C,wide,node24node25,3,632.18
C_node24node25_wide_t4,0.0,1.0,B,C,wide,node24node25,4,448.17
C_node24node25_wide_t5,0.0,1.0,B,C,wide,node24node25,5,317.71
C_node24node93_timber_t0,0.0,0.0,B,C,timber,node24node93,0,0.0
C_node24node93_timber_t1,0.0,1.0,B,C,timber,node24node93,1,0.0
C_node24node93_timber_t2,0.0,1.0,B,C,timber,node24node93,2,0.0
C_node24node93_timber_t3,0.0,1.0,B,C,timber,node24node93,3,0.0
C_node24node93_timber_t4,0.0,1.0,B,C,timber,node24node93,4,0.0
C_node24node93_timber_t5,0.0,1.0,B,C,timber,node24node93,5,0.0
C_node24node93_wide_t0,0.0,0.0,B,C,wide,node24node93,0,0.0
C_node24node93_wide_t1,0.0,1.0,B,C,wide,node24node93,1,0.0
C_node24node93_wide_t2,0.0,1.0,B,C,wide,node24node93,2,0.0
C_node24node93_wide_t3,0.0,1.0,B,C,wide,node24node93,3,0.0
C_node24node93_wide_t4,0.0,1.0,B,C,wide,node24node93,4,0.0
C_node24node93_wide_t5,0.0,1.0,B,C,wide,node24node93,5,0.0
C_node24node95_timber_t0,0.0,0.0,B,C,timber,node24node95,0,0.0
C_node24node95_timber_t1,0.0,1.0,B,C,timber,node24node95,1,0.0
C_node24node95_timber_t2,0.0,1.0,B,C,timber,node24node95,2,0.0
C_node24node95_timber_t3,0.0,1.0,B,C,timber,node24node95,3,0.0
C_node24node95_timber_t4,0.0,1.0,B,C,timber,node24node95,4,0.0
C_node24node95_timber_t5,0.0,1.0,B,C,timber,node24node95,5,0.0
C_node24node95_wide_t0,0.0,0.0,B,C,wide,node24node95,0,0.0
C_node24node95_wide_t1,0.0,1.0,B,C,wide,node24node95,1,0.0
C_node24node95_wide_t2,0.0,1.0,B,C,wide,node24node95,2,0.0
C_node24node95_wide_t3,0.0,1.0,B,C,wide,node24node95,3,0.0
C_node24node95_wide_t4,0.0,1.0,B,C,wide,node24node95,4,0.0
C_node24node95_wide_t5,0.0,1.0,B,C,wide,node24node95,5,0.0
C_node24node96_timber_t0,0.0,0.0,B,C,timber,node24node96,0,0.0
C_node24node96_timber_t1,0.0,1.0,B,C,timber,node24node96,1,0.0
C_node24node96_timber_t2,0.0,1.0,B,C,timber,node24node96,2,0.0
C_node24node96_timber_t3,0.0,1.0,B,C,timber,node24node96,3,0.0
C_node24node96_timber_t4,0.0,1.0,B,C,timber,node24node96,4,0.0
C_node24node96_timber_t5,0.0,1.0,B,C,timber,node24node96,5,0.0
C_node24node96_wide_t0,0.0,0.0,B,C,wide,node24node96,0,0.0
C_node24node96_wide_t1,0.0,1.0,B,C,wide,node24node96,1,0.0
C_node24node96_wide_t2,0.0,1.0,B,C,wide,node24node96,2,0.0
C_node24node96_wide_t3,0.0,1.0,B,C,wide,node24node96,3,0.0
C_node24node96_wide_t4,0.0,1.0,B,C,wide,node24node96,4,0.0
C_node24node96_wide_t5,0.0,1.0,B,C,wide,node24node96,5,0.0
C_node25node95_timber_t0,0.0,0.0,B,C,timber,node25node95,0,0.0
C_node25node95_timber_t1,0.0,1.0,B,C,timber,node25node95,1,0.0
C_node25node95_timber_t2,0.0,1.0,B,C,timber,node25node95,2,0.0
C_node25node95_timber_t3,0.0,1.0,B,C,timber,node25node95,3,0.0
C_node25node95_timber_t4,0.0,1.0,B,C,timber,node25node95,4,0.0
C_node25node95_timber_t5,0.0,1.0,B,C,timber,node25node95,5,0.0
C_node25node95_wide_t0,0.0,0.0,B,C,wide,node25node95,0,0.0
C_node25node95_wide_t1,0.0,1.0,B,C,wide,node25node95,1,0.0
C_node25node95_wide_t2,0.0,1.0,B,C,wide,node25node95,2,0.0
C_node25node95_wide_t3,0.0,1.0,B,C,wide,node25node95,3,0.0
C_node25node95_wide_t4,0.0,1.0,B,C,wide,node25node95,4,0.0
C_node25node95_wide_t5,0.0,1.0,B,C,wide,node25node95,5,0.0
C_node25node96_timber_t0,0.0,0.0,B,C,timber,node25node96,0,0.0
C_node25node96_timber_t1,0.0,1.0,B,C,timber,node25node96,1,0.0
C_node25node96_timber_t2,0.0,1.0,B,C,timber,node25node96,2,0.0
C_node25node96_timber_t3,0.0,1.0,B,C,timber,node25node96,3,0.0
C_node25node96_timber_t4,0.0,1.0,B,C,timber,node25node96,4,0.0
C_node25node96_timber_t5,0.0,1.0,B,C,timber,node25node96,5,0.0
C_node25node96_wide_t0,0.0,0.0,B,C,wide,node25node96,0,0.0
C_node25node96_wide_t1,0.0,1.0,B,C,wide,node25node96,1,0.0
C_node25node96_wide_t2,0.0,1.0,B,C,wide,node25node96,2,0.0
C_node25node96_wide_t3,0.0,1.0,B,C,wide,node25node96,3,0.0
C_node25node96_wide_t4,0.0,1.0,B,C,wide,node25node96,4,0.0
C_node25node96_wide_t5,0.0,1.0,B,C,wide,node25node96,5,0.0
C_node25node108_timber_t0,0.0,0.0,B,C,timber,node25node108,0,0.0
C_node25node108_timber_t1,0.0,1.0,B,C,timber,node25node108,1,0.0
C_node25node108_timber_t2,0.0,1.0,B,C,timber,node25node108,2,0.0
C_node25node108_timber_t3,0.0,1.0,B,C,timber,node25node108,3,0.0
C_node25node108_timber_t4,0.0,1.0,B,C,timber,node25node108,4,0.0
C_node25node108_timber_t5,0.0,1.0,B,C,timber,node25node108,5,0.0
C_node25node108_wide_t0,0.0,0.0,B,C,wide,node25node108,0,0.0
C_node25node108_wide_t1,0.0,1.0,B,C,wide,node25node108,1,0.0
C_node25node108_wide_t2,0.0,1.0,B,C,wide,node25node108,2,0.0
C_node25node108_wide_t3,0.0,1.0,B,C,wide,node25node108,3,0.0
C_node25node108_wide_t4,0.0,1.0,B,C,wide,node25node108,4,0.0
C_node25node108_wide_t5,0.0,1.0,B,C,wide,node25node108,5,0.0
C_node26node39_timber_t0,0.0,0.0,B,C,timber,node26node39,0,17.0
C_node26node39_timber_t1,0.0,1.0,B,C,timber,node26node39,1,14.31
C_node26node39_timber_t2,0.0,1.0,B,C,timber,node26node39,2,10.15
C_node26node39_timber_t3,0.0,1.0,B,C,timber,node26node39,3,7.19
C_node26node39_timber_t4,0.0,1.0,B,C,timber,node26node39,4,5.1
C_node26node39_timber_t5,0.0,1.0,B,C,timber,node26node39,5,3.62
C_node26node39_wide_t0,0.0,0.0,B,C,wide,node26node39,0,25.0
C_node26node39_wide_t1,0.0,1.0,B,C,wide,node26node39,1,21.05
C_node26node39_wide_t2,0.0,1.0,B,C,wide,node26node39,2,14.92
C_node26node39_wide_t3,0.0,1.0,B,C,wide,node26node39,3,10.58
C_node26node39_wide_t4,0.0,1.0,B,C,wide,node26node39,4,7.5
C_node26node39_wide_t5,0.0,1.0,B,C,wide,node26node39,5,5.32
C_node26node42_timber_t0,0.0,0.0,B,C,timber,node26node42,0,260.0
C_node26node42_timber_t1,0.0,1.0,B,C,timber,node26node42,1,218.91
C_node26node42_timber_t2,0.0,1.0,B,C,timber,node26node42,2,155.19
C_node26node42_timber_t3,0.0,1.0,B,C,timber,node26node42,3,110.02
C_node26node42_timber_t4,0.0,1.0,B,C,timber,node26node42,4,77.99
C_node26node42_timber_t5,0.0,1.0,B,C,timber,node26node42,5,55.29
C_node26node42_wide_t0,0.0,0.0,B,C,wide,node26node42,0,390.0
C_node26node42_wide_t1,0.0,1.0,B,C,wide,node26node42,1,328.37
C_node26node42_wide_t2,0.0,1.0,B,C,wide,node26node42,2,232.79
C_node26node42_wide_t3,0.0,1.0,B,C,wide,node26node42,3,165.03
C_node26node42_wide_t4,0.0,1.0,B,C,wide,node26node42,4,116.99
C_node26node42_wide_t5,0.0,1.0,B,C,wide,node26node42,5,82.94
C_node26node53_timber_t0,0.0,0.0,B,C,timber,node26node53,0,2286.0
C_node26node53_timber_t1,0.0,1.0,B,C,timber,node26node53,1,1924.75
C_node26node53_timber_t2,0.0,1.0,B,C,timber,node26node53,2,1364.49
C_node26node53_timber_t3,0.0,1.0,B,C,timber,node26node53,3,967.31
C_node26node53_timber_t4,0.0,1.0,B,C,timber,node26node53,4,685.75
C_node26node53_timber_t5,0.0,1.0,B,C,timber,node26node53,5,486.14
C_node26node53_wide_t0,0.0,0.0,B,C,wide,node26node53,0,3429.0
C_node26node53_wide_t1,0.0,1.0,B,C,wide,node26node53,1,2887.13
C_node26node53_wide_t2,0.0,1.0,B,C,wide,node26node53,2,2046.74
C_node26node53_wide_t3,0.0,1.0,B,C,wide,node26node53,3,1450.97
C_node26node53_wide_t4,0.0,1.0,B,C,wide,node26node53,4,1028.62
C_node26node53_wide_t5,0.0,1.0,B,C,wide,node26node53,5,729.21
C_node26node92_timber_t0,0.0,0.0,B,C,timber,node26node92,0,0.0
C_node26node92_timber_t1,0.0,1.0,B,C,timber,node26node92,1,0.0
C_node26node92_timber_t2,0.0,1.0,B,C,timber,node26node92,2,0.0
C_node26node92_timber_t3,0.0,1.0,B,C,timber,node26node92,3,0.0
C_node26node92_timber_t4,0.0,1.0,B,C,timber,node26node92,4,0.0
C_node26node92_timber_t5,0.0,1.0,B,C,timber,node26node92,5,0.0
C_node26node92_wide_t0,0.0,0.0,B,C,wide,node26node92,0,0.0
C_node26node92_wide_t1,0.0,1.0,B,C,wide,node26node92,1,0.0
C_node26node92_wide_t2,0.0,1.0,B,C,wide,node26node92,2,0.0
C_node26node92_wide_t3,0.0,1.0,B,C,wide,node26node92,3,0.0
C_node26node92_wide_t4,0.0,1.0,B,C,wide,node26node92,4,0.0
C_node26node92_wide_t5,0.0,1.0,B,C,wide,node26node92,5,0.0
C_node26node93_timber_t0,0.0,0.0,B,C,timber,node26node93,0,0.0
C_node26node93_timber_t1,0.0,1.0,B,C,timber,node26node93,1,0.0
C_node26node93_timber_t2,0.0,1.0,B,C,timber,node26node93,2,0.0
C_node26node93_timber_t3,0.0,1.0,B,C,timber,node26node93,3,0.0
C_node26node93_timber_t4,0.0,1.0,B,C,timber,node26node93,4,0.0
C_node26node93_timber_t5,0.0,1.0,B,C,timber,node26node93,5,0.0
C_node26node93_wide_t0,0.0,0.0,B,C,wide,node26node93,0,0.0
C_node26node93_wide_t1,0.0,1.0,B,C,wide,node26node93,1,0.0
C_node26node93_wide_t2,0.0,1.0,B,C,wide,node26node93,2,0.0
C_node26node93_wide_t3,0.0,1.0,B,C,wide,node26node93,3,0.0
C_node26node93_wide_t4,0.0,1.0,B,C,wide,node26node93,4,0.0
C_node26node93_wide_t5,0.0,1.0,B,C,wide,node26node93,5,0.0
C_node27node81_timber_t0,0.0,0.0,B,C,timber,node27node81,0,1799.0
C_node27node81_timber_t1,0.0,1.0,B,C,timber,node27node81,1,1514.71
C_node27node81_timber_t2,0.0,1.0,B,C,timber,node27node81,2,1073.81
C_node27node81_timber_t3,0.0,1.0,B,C,timber,node27node81,3,761.24
C_node27node81_timber_t4,0.0,1.0,B,C,timber,node27node81,4,539.66
C_node27node81_timber_t5,0.0,1.0,B,C,timber,node27node81,5,382.57
C_node27node81_wide_t0,0.0,0.0,B,C,wide,node27node81,0,2699.0
C_node27node81_wide_t1,0.0,1.0,B,C,wide,node27node81,1,2272.49
C_node27node81_wide_t2,0.0,1.0,B,C,wide,node27node81,2,1611.01
C_node27node81_wide_t3,0.0,1.0,B,C,wide,node27node81,3,1142.07
C_node27node81_wide_t4,0.0,1.0,B,C,wide,node27node81,4,809.64
C_node27node81_wide_t5,0.0,1.0,B,C,wide,node27node81,5,573.97
C_node27node79_timber_t0,0.0,0.0,B,C,timber,node27node79,0,4013.0
C_node27node79_timber_t1,0.0,1.0,B,C,timber,node27node79,1,3378.84
C_node27node79_timber_t2,0.0,1.0,B,C,timber,node27node79,2,2395.32
C_node27node79_timber_t3,0.0,1.0,B,C,timber,node27node79,3,1698.09
C_node27node79_timber_t4,0.0,1.0,B,C,timber,node27node79,4,1203.81
C_node27node79_timber_t5,0.0,1.0,B,C,timber,node27node79,5,853.4
C_node27node79_wide_t0,0.0,0.0,B,C,wide,node27node79,0,6016.0
C_node27node79_wide_t1,0.0,1.0,B,C,wide,node27node79,1,5065.31
C_node27node79_wide_t2,0.0,1.0,B,C,wide,node27node79,2,3590.89
C_node27node79_wide_t3,0.0,1.0,B,C,wide,node27node79,3,2545.65
C_node27node79_wide_t4,0.0,1.0,B,C,wide,node27node79,4,1804.66
C_node27node79_wide_t5,0.0,1.0,B,C,wide,node27node79,5,1279.36
C_node27node100_timber_t0,0.0,0.0,B,C,timber,node27node100,0,0.0
C_node27node100_timber_t1,0.0,1.0,B,C,timber,node27node100,1,0.0
C_node27node100_timber_t2,0.0,1.0,B,C,timber,node27node100,2,0.0
C_node27node100_timber_t3,0.0,1.0,B,C,timber,node27node100,3,0.0
C_node27node100_timber_t4,0.0,1.0,B,C,timber,node27node100,4,0.0
C_node27node100_timber_t5,0.0,1.0,B,C,timber,node27node100,5,0.0
C_node27node100_wide_t0,0.0,0.0,B,C,wide,node27node100,0,0.0
C_node27node100_wide_t1,0.0,1.0,B,C,wide,node27node100,1,0.0
C_node27node100_wide_t2,0.0,1.0,B,C,wide,node27node100,2,0.0
C_node27node100_wide_t3,0.0,1.0,B,C,wide,node27node100,3,0.0
C_node27node100_wide_t4,0.0,1.0,B,C,wide,node27node100,4,0.0
C_node27node100_wide_t5,0.0,1.0,B,C,wide,node27node100,5,0.0
C_node28node46_timber_t0,0.0,0.0,B,C,timber,node28node46,0,1215.0
C_node28node46_timber_t1,0.0,1.0,B,C,timber,node28node46,1,1023.0
C_node28node46_timber_t2,0.0,1.0,B,C,timber,node28node46,2,725.22
C_node28node46_timber_t3,0.0,1.0,B,C,timber,node28node46,3,514.12
C_node28node46_timber_t4,0.0,1.0,B,C,timber,node28node46,4,364.47
C_node28node46_timber_t5,0.0,1.0,B,C,timber,node28node46,5,258.38
C_node28node46_wide_t0,0.0,0.0,B,C,wide,node28node46,0,1822.0
C_node28node46_wide_t1,0.0,1.0,B,C,wide,node28node46,1,1534.08
C_node28node46_wide_t2,0.0,1.0,B,C,wide,node28node46,2,1087.53
C_node28node46_wide_t3,0.0,1.0,B,C,wide,node28node46,3,770.97
C_node28node46_wide_t4,0.0,1.0,B,C,wide,node28node46,4,546.56
C_node28node46_wide_t5,0.0,1.0,B,C,wide,node28node46,5,387.47
C_node28node56_timber_t0,0.0,0.0,B,C,timber,node28node56,0,4260.0
C_node28node56_timber_t1,0.0,1.0,B,C,timber,node28node56,1,3586.81
C_node28node56_timber_t2,0.0,1.0,B,C,timber,node28node56,2,2542.75
C_node28node56_timber_t3,0.0,1.0,B,C,timber,node28node56,3,1802.61
C_node28node56_timber_t4,0.0,1.0,B,C,timber,node28node56,4,1277.9
C_node28node56_timber_t5,0.0,1.0,B,C,timber,node28node56,5,905.93
C_node28node56_wide_t0,0.0,0.0,B,C,wide,node28node56,0,6390.0
C_node28node56_wide_t1,0.0,1.0,B,C,wide,node28node56,1,5380.21
C_node28node56_wide_t2,0.0,1.0,B,C,wide,node28node56,2,3814.13
C_node28node56_wide_t3,0.0,1.0,B,C,wide,node28node56,3,2703.91
C_node28node56_wide_t4,0.0,1.0,B,C,wide,node28node56,4,1916.85
C_node28node56_wide_t5,0.0,1.0,B,C,wide,node28node56,5,1358.89
C_node28node48_timber_t0,0.0,0.0,B,C,timber,node28node48,0,4061.0
C_node28node48_timber_t1,0.0,1.0,B,C,timber,node28node48,1,3419.25
C_node28node48_timber_t2,0.0,1.0,B,C,timber,node28node48,2,2423.97
C_node28node48_timber_t3,0.0,1.0,B,C,timber,node28node48,3,1718.4
C_node28node48_timber_t4,0.0,1.0,B,C,timber,node28node48,4,1218.21
C_node28node48_timber_t5,0.0,1.0,B,C,timber,node28node48,5,863.61
C_node28node48_wide_t0,0.0,0.0,B,C,wide,node28node48,0,6092.0
C_node28node48_wide_t1,0.0,1.0,B,C,wide,node28node48,1,5129.3
C_node28node48_wide_t2,0.0,1.0,B,C,wide,node28node48,2,3636.26
C_node28node48_wide_t3,0.0,1.0,B,C,wide,node28node48,3,2577.81
C_node28node48_wide_t4,0.0,1.0,B,C,wide,node28node48,4,1827.46
C_node28node48_wide_t5,0.0,1.0,B,C,wide,node28node48,5,1295.52
C_node28node90_timber_t0,0.0,0.0,B,C,timber,node28node90,0,0.0
C_node28node90_timber_t1,0.0,1.0,B,C,timber,node28node90,1,0.0
C_node28node90_timber_t2,0.0,1.0,B,C,timber,node28node90,2,0.0
C_node28node90_timber_t3,0.0,1.0,B,C,timber,node28node90,3,0.0
C_node28node90_timber_t4,0.0,1.0,B,C,timber,node28node90,4,0.0
C_node28node90_timber_t5,0.0,1.0,B,C,timber,node28node90,5,0.0
C_node28node90_wide_t0,0.0,0.0,B,C,wide,node28node90,0,0.0
C_node28node90_wide_t1,0.0,1.0,B,C,wide,node28node90,1,0.0
C_node28node90_wide_t2,0.0,1.0,B,C,wide,node28node90,2,0.0
C_node28node90_wide_t3,0.0,1.0,B,C,wide,node28node90,3,0.0
C_node28node90_wide_t4,0.0,1.0,B,C,wide,node28node90,4,0.0
C_node28node90_wide_t5,0.0,1.0,B,C,wide,node28node90,5,0.0
C_node28node94_timber_t0,0.0,0.0,B,C,timber,node28node94,0,0.0
C_node28node94_timber_t1,0.0,1.0,B,C,timber,node28node94,1,0.0
C_node28node94_timber_t2,0.0,1.0,B,C,timber,node28node94,2,0.0
C_node28node94_timber_t3,0.0,1.0,B,C,timber,node28node94,3,0.0
C_node28node94_timber_t4,0.0,1.0,B,C,timber,node28node94,4,0.0
C_node28node94_timber_t5,0.0,1.0,B,C,timber,node28node94,5,0.0
C_node28node94_wide_t0,0.0,0.0,B,C,wide,node28node94,0,0.0
C_node28node94_wide_t1,0.0,1.0,B,C,wide,node28node94,1,0.0
C_node28node94_wide_t2,0.0,1.0,B,C,wide,node28node94,2,0.0
C_node28node94_wide_t3,0.0,1.0,B,C,wide,node28node94,3,0.0
C_node28node94_wide_t4,0.0,1.0,B,C,wide,node28node94,4,0.0
C_node28node94_wide_t5,0.0,1.0,B,C,wide,node28node94,5,0.0
C_node28node97_timber_t0,0.0,0.0,B,C,timber,node28node97,0,0.0
C_node28node97_timber_t1,0.0,1.0,B,C,timber,node28node97,1,0.0
C_node28node97_timber_t2,0.0,1.0,B,C,timber,node28node97,2,0.0
C_node28node97_timber_t3,0.0,1.0,B,C,timber,node28node97,3,0.0
C_node28node97_timber_t4,0.0,1.0,B,C,timber,node28node97,4,0.0
C_node28node97_timber_t5,0.0,1.0,B,C,timber,node28node97,5,0.0
C_node28node97_wide_t0,0.0,0.0,B,C,wide,node28node97,0,0.0
C_node28node97_wide_t1,0.0,1.0,B,C,wide,node28node97,1,0.0
C_node28node97_wide_t2,0.0,1.0,B,C,wide,node28node97,2,0.0
C_node28node97_wide_t3,0.0,1.0,B,C,wide,node28node97,3,0.0
C_node28node97_wide_t4,0.0,1.0,B,C,wide,node28node97,4,0.0
C_node28node97_wide_t5,0.0,1.0,B,C,wide,node28node97,5,0.0
C_node29node47_timber_t0,0.0,0.0,B,C,timber,node29node47,0,48.0
C_node29node47_timber_t1,0.0,1.0,B,C,timber,node29node47,1,40.41
C_node29node47_timber_t2,0.0,1.0,B,C,timber,node29node47,2,28.65
C_node29node47_timber_t3,0.0,1.0,B,C,timber,node29node47,3,20.31
C_node29node47_timber_t4,0.0,1.0,B,C,timber,node29node47,4,14.4
C_node29node47_timber_t5,0.0,1.0,B,C,timber,node29node47,5,10.21
C_node29node47_wide_t0,0.0,0.0,B,C,wide,node29node47,0,72.0
C_node29node47_wide_t1,0.0,1.0,B,C,wide,node29node47,1,60.62
C_node29node47_wide_t2,0.0,1.0,B,C,wide,node29node47,2,42.98
C_node29node47_wide_t3,0.0,1.0,B,C,wide,node29node47,3,30.47
C_node29node47_wide_t4,0.0,1.0,B,C,wide,node29node47,4,21.6
C_node29node47_wide_t5,0.0,1.0,B,C,wide,node29node47,5,15.31
C_node29node44_timber_t0,0.0,0.0,B,C,timber,node29node44,0,723.0
C_node29node44_timber_t1,0.0,1.0,B,C,timber,node29node44,1,608.75
C_node29node44_timber_t2,0.0,1.0,B,C,timber,node29node44,2,431.55
C_node29node44_timber_t3,0.0,1.0,B,C,timber,node29node44,3,305.94
C_node29node44_timber_t4,0.0,1.0,B,C,timber,node29node44,4,216.88
C_node29node44_timber_t5,0.0,1.0,B,C,timber,node29node44,5,153.75
C_node29node44_wide_t0,0.0,0.0,B,C,wide,node29node44,0,1085.0
C_node29node44_wide_t1,0.0,1.0,B,C,wide,node29node44,1,913.54
C_node29node44_wide_t2,0.0,1.0,B,C,wide,node29node44,2,647.63
C_node29node44_wide_t3,0.0,1.0,B,C,wide,node29node44,3,459.11
C_node29node44_wide_t4,0.0,1.0,B,C,wide,node29node44,4,325.47
C_node29node44_wide_t5,0.0,1.0,B,C,wide,node29node44,5,230.74
C_node29node107_timber_t0,0.0,0.0,B,C,timber,node29node107,0,0.0
C_node29node107_timber_t1,0.0,1.0,B,C,timber,node29node107,1,0.0
C_node29node107_timber_t2,0.0,1.0,B,C,timber,node29node107,2,0.0
C_node29node107_timber_t3,0.0,1.0,B,C,timber,node29node107,3,0.0
C_node29node107_timber_t4,0.0,1.0,B,C,timber,node29node107,4,0.0
C_node29node107_timber_t5,0.0,1.0,B,C,timber,node29node107,5,0.0
C_node29node107_wide_t0,0.0,0.0,B,C,wide,node29node107,0,0.0
C_node29node107_wide_t1,0.0,1.0,B,C,wide,node29node107,1,0.0
C_node29node107_wide_t2,0.0,1.0,B,C,wide,node29node107,2,0.0
C_node29node107_wide_t3,0.0,1.0,B,C,wide,node29node107,3,0.0
C_node29node107_wide_t4,0.0,1.0,B,C,wide,node29node107,4,0.0
C_node29node107_wide_t5,0.0,1.0,B,C,wide,node29node107,5,0.0
C_node30node36_timber_t0,0.0,0.0,B,C,timber,node30node36,0,1540.0
C_node30node36_timber_t1,0.0,1.0,B,C,timber,node30node36,1,1296.64
C_node30node36_timber_t2,0.0,1.0,B,C,timber,node30node36,2,919.21
C_node30node36_timber_t3,0.0,1.0,B,C,timber,node30node36,3,651.65
C_node30node36_timber_t4,0.0,1.0,B,C,timber,node30node36,4,461.96
C_node30node36_timber_t5,0.0,1.0,B,C,timber,node30node36,5,327.5
C_node30node36_wide_t0,0.0,0.0,B,C,wide,node30node36,0,2312.0
C_node30node36_wide_t1,0.0,1.0,B,C,wide,node30node36,1,1946.64
C_node30node36_wide_t2,0.0,1.0,B,C,wide,node30node36,2,1380.01
C_node30node36_wide_t3,0.0,1.0,B,C,wide,node30node36,3,978.32
C_node30node36_wide_t4,0.0,1.0,B,C,wide,node30node36,4,693.55
C_node30node36_wide_t5,0.0,1.0,B,C,wide,node30node36,5,491.67
C_node30node45_timber_t0,0.0,0.0,B,C,timber,node30node45,0,4832.0
C_node30node45_timber_t1,0.0,1.0,B,C,timber,node30node45,1,4068.41
C_node30node45_timber_t2,0.0,1.0,B,C,timber,node30node45,2,2884.18
C_node30node45_timber_t3,0.0,1.0,B,C,timber,node30node45,3,2044.65
C_node30node45_timber_t4,0.0,1.0,B,C,timber,node30node45,4,1449.49
C_node30node45_timber_t5,0.0,1.0,B,C,timber,node30node45,5,1027.57
C_node30node45_wide_t0,0.0,0.0,B,C,wide,node30node45,0,7245.0
C_node30node45_wide_t1,0.0,1.0,B,C,wide,node30node45,1,6100.1
C_node30node45_wide_t2,0.0,1.0,B,C,wide,node30node45,2,4324.47
C_node30node45_wide_t3,0.0,1.0,B,C,wide,node30node45,3,3065.7
C_node30node45_wide_t4,0.0,1.0,B,C,wide,node30node45,4,2173.33
C_node30node45_wide_t5,0.0,1.0,B,C,wide,node30node45,5,1540.72
C_node30node107_timber_t0,0.0,0.0,B,C,timber,node30node107,0,0.0
C_node30node107_timber_t1,0.0,1.0,B,C,timber,node30node107,1,0.0
C_node30node107_timber_t2,0.0,1.0,B,C,timber,node30node107,2,0.0
C_node30node107_timber_t3,0.0,1.0,B,C,timber,node30node107,3,0.0
C_node30node107_timber_t4,0.0,1.0,B,C,timber,node30node107,4,0.0
C_node30node107_timber_t5,0.0,1.0,B,C,timber,node30node107,5,0.0
C_node30node107_wide_t0,0.0,0.0,B,C,wide,node30node107,0,0.0
C_node30node107_wide_t1,0.0,1.0,B,C,wide,node30node107,1,0.0
C_node30node107_wide_t2,0.0,1.0,B,C,wide,node30node107,2,0.0
C_node30node107_wide_t3,0.0,1.0,B,C,wide,node30node107,3,0.0
C_node30node107_wide_t4,0.0,1.0,B,C,wide,node30node107,4,0.0
C_node30node107_wide_t5,0.0,1.0,B,C,wide,node30node107,5,0.0
C_node30node108_timber_t0,0.0,0.0,B,C,timber,node30node108,0,0.0
C_node30node108_timber_t1,0.0,1.0,B,C,timber,node30node108,1,0.0
C_node30node108_timber_t2,0.0,1.0,B,C,timber,node30node108,2,0.0
C_node30node108_timber_t3,0.0,1.0,B,C,timber,node30node108,3,0.0
C_node30node108_timber_t4,0.0,1.0,B,C,timber,node30node108,4,0.0
C_node30node108_timber_t5,0.0,1.0,B,C,timber,node30node108,5,0.0
C_node30node108_wide_t0,0.0,0.0,B,C,wide,node30node108,0,0.0
C_node30node108_wide_t1,0.0,1.0,B,C,wide,node30node108,1,0.0
C_node30node108_wide_t2,0.0,1.0,B,C,wide,node30node108,2,0.0
C_node30node108_wide_t3,0.0,1.0,B,C,wide,node30node108,3,0.0
C_node30node108_wide_t4,0.0,1.0,B,C,wide,node30node108,4,0.0
C_node30node108_wide_t5,0.0,1.0,B,C,wide,node30node108,5,0.0
C_node30node109_timber_t0,0.0,0.0,B,C,timber,node30node109,0,0.0
C_node30node109_timber_t1,0.0,1.0,B,C,timber,node30node109,1,0.0
C_node30node109_timber_t2,0.0,1.0,B,C,timber,node30node109,2,0.0
C_node30node109_timber_t3,0.0,1.0,B,C,timber,node30node109,3,0.0
C_node30node109_timber_t4,0.0,1.0,B,C,timber,node30node109,4,0.0
C_node30node109_timber_t5,0.0,1.0,B,C,timber,node30node109,5,0.0
C_node30node109_wide_t0,0.0,0.0,B,C,wide,node30node109,0,0.0
C_node30node109_wide_t1,0.0,1.0,B,C,wide,node30node109,1,0.0
C_node30node109_wide_t2,0.0,1.0,B,C,wide,node30node109,2,0.0
C_node30node109_wide_t3,0.0,1.0,B,C,wide,node30node109,3,0.0
C_node30node109_wide_t4,0.0,1.0,B,C,wide,node30node109,4,0.0
C_node30node109_wide_t5,0.0,1.0,B,C,wide,node30node109,5,0.0
C_node31node45_timber_t0,0.0,0.0,B,C,timber,node31node45,0,640.0
C_node31node45_timber_t1,0.0,1.0,B,C,timber,node31node45,1,538.86
C_node31node45_timber_t2,0.0,1.0,B,C,timber,node31node45,2,382.01
C_node31node45_timber_t3,0.0,1.0,B,C,timber,node31node45,3,270.81
C_node31node45_timber_t4,0.0,1.0,B,C,timber,node31node45,4,191.99
C_node31node45_timber_t5,0.0,1.0,B,C,timber,node31node45,5,136.1
C_node31node45_wide_t0,0.0,0.0,B,C,wide,node31node45,0,959.0
C_node31node45_wide_t1,0.0,1.0,B,C,wide,node31node45,1,807.45
C_node31node45_wide_t2,0.0,1.0,B,C,wide,node31node45,2,572.42
C_node31node45_wide_t3,0.0,1.0,B,C,wide,node31node45,3,405.8
C_node31node45_wide_t4,0.0,1.0,B,C,wide,node31node45,4,287.68
C_node31node45_wide_t5,0.0,1.0,B,C,wide,node31node45,5,203.94
C_node31node84_timber_t0,0.0,0.0,B,C,timber,node31node84,0,4817.0
C_node31node84_timber_t1,0.0,1.0,B,C,timber,node31node84,1,4055.78
C_node31node84_timber_t2,0.0,1.0,B,C,timber,node31node84,2,2875.22
C_node31node84_timber_t3,0.0,1.0,B,C,timber,node31node84,3,2038.3
C_node31node84_timber_t4,0.0,1.0,B,C,timber,node31node84,4,1444.99
C_node31node84_timber_t5,0.0,1.0,B,C,timber,node31node84,5,1024.38
C_node31node84_wide_t0,0.0,0.0,B,C,wide,node31node84,0,7224.0
C_node31node84_wide_t1,0.0,1.0,B,C,wide,node31node84,1,6082.41
C_node31node84_wide_t2,0.0,1.0,B,C,wide,node31node84,2,4311.94
C_node31node84_wide_t3,0.0,1.0,B,C,wide,node31node84,3,3056.81
C_node31node84_wide_t4,0.0,1.0,B,C,wide,node31node84,4,2167.03
C_node31node84_wide_t5,0.0,1.0,B,C,wide,node31node84,5,1536.25
C_node31node34_timber_t0,0.0,0.0,B,C,timber,node31node34,0,4941.0
C_node31node34_timber_t1,0.0,1.0,B,C,timber,node31node34,1,4160.19
C_node31node34_timber_t2,0.0,1.0,B,C,timber,node31node34,2,2949.24
C_node31node34_timber_t3,0.0,1.0,B,C,timber,node31node34,3,2090.77
C_node31node34_timber_t4,0.0,1.0,B,C,timber,node31node34,4,1482.19
C_node31node34_timber_t5,0.0,1.0,B,C,timber,node31node34,5,1050.75
C_node31node34_wide_t0,0.0,0.0,B,C,wide,node31node34,0,7412.0
C_node31node34_wide_t1,0.0,1.0,B,C,wide,node31node34,1,6240.71
C_node31node34_wide_t2,0.0,1.0,B,C,wide,node31node34,2,4424.15
C_node31node34_wide_t3,0.0,1.0,B,C,wide,node31node34,3,3136.37
C_node31node34_wide_t4,0.0,1.0,B,C,wide,node31node34,4,2223.43
C_node31node34_wide_t5,0.0,1.0,B,C,wide,node31node34,5,1576.23
C_node31node109_timber_t0,0.0,0.0,B,C,timber,node31node109,0,0.0
C_node31node109_timber_t1,0.0,1.0,B,C,timber,node31node109,1,0.0
C_node31node109_timber_t2,0.0,1.0,B,C,timber,node31node109,2,0.0
C_node31node109_timber_t3,0.0,1.0,B,C,timber,node31node109,3,0.0
C_node31node109_timber_t4,0.0,1.0,B,C,timber,node31node109,4,0.0
C_node31node109_timber_t5,0.0,1.0,B,C,timber,node31node109,5,0.0
C_node31node109_wide_t0,0.0,0.0,B,C,wide,node31node109,0,0.0
C_node31node109_wide_t1,0.0,1.0,B,C,wide,node31node109,1,0.0
C_node31node109_wide_t2,0.0,1.0,B,C,wide,node31node109,2,0.0
C_node31node109_wide_t3,0.0,1.0,B,C,wide,node31node109,3,0.0
C_node31node109_wide_t4,0.0,1.0,B,C,wide,node31node109,4,0.0
C_node31node109_wide_t5,0.0,1.0,B,C,wide,node31node109,5,0.0
C_node31node110_timber_t0,0.0,0.0,B,C,timber,node31node110,0,0.0
C_node31node110_timber_t1,0.0,1.0,B,C,timber,node31node110,1,0.0
C_node31node110_timber_t2,0.0,1.0,B,C,timber,node31node110,2,0.0
C_node31node110_timber_t3,0.0,1.0,B,C,timber,node31node110,3,0.0
C_node31node110_timber_t4,0.0,1.0,B,C,timber,node31node110,4,0.0
C_node31node110_timber_t5,0.0,1.0,B,C,timber,node31node110,5,0.0
C_node31node110_wide_t0,0.0,0.0,B,C,wide,node31node110,0,0.0
C_node31node110_wide_t1,0.0,1.0,B,C,wide,node31node110,1,0.0
C_node31node110_wide_t2,0.0,1.0,B,C,wide,node31node110,2,0.0
C_node31node110_wide_t3,0.0,1.0,B,C,wide,node31node110,3,0.0
C_node31node110_wide_t4,0.0,1.0,B,C,wide,node31node110,4,0.0
C_node31node110_wide_t5,0.0,1.0,B,C,wide,node31node110,5,0.0
C_node31node111_timber_t0,0.0,0.0,B,C,timber,node31node111,0,0.0
C_node31node111_timber_t1,0.0,1.0,B,C,timber,node31node111,1,0.0
C_node31node111_timber_t2,0.0,1.0,B,C,timber,node31node111,2,0.0
C_node31node111_timber_t3,0.0,1.0,B,C,timber,node31node111,3,0.0
C_node31node111_timber_t4,0.0,1.0,B,C,timber,node31node111,4,0.0
C_node31node111_timber_t5,0.0,1.0,B,C,timber,node31node111,5,0.0
C_node31node111_wide_t0,0.0,0.0,B,C,wide,node31node111,0,0.0
C_node31node111_wide_t1,0.0,1.0,B,C,wide,node31node111,1,0.0
C_node31node111_wide_t2,0.0,1.0,B,C,wide,node31node111,2,0.0
C_node31node111_wide_t3,0.0,1.0,B,C,wide,node31node111,3,0.0
C_node31node111_wide_t4,0.0,1.0,B,C,wide,node31node111,4,0.0
C_node31node111_wide_t5,0.0,1.0,B,C,wide,node31node111,5,0.0
C_node32node37_timber_t0,0.0,0.0,B,C,timber,node32node37,0,304.0
C_node32node37_timber_t1,0.0,1.0,B,C,timber,node32node37,1,255.96
C_node32node37_timber_t2,0.0,1.0,B,C,timber,node32node37,2,181.45
C_node32node37_timber_t3,0.0,1.0,B,C,timber,node32node37,3,128.64
C_node32node37_timber_t4,0.0,1.0,B,C,timber,node32node37,4,91.19
C_node32node37_timber_t5,0.0,1.0,B,C,timber,node32node37,5,64.65
C_node32node37_wide_t0,0.0,0.0,B,C,wide,node32node37,0,456.0
C_node32node37_wide_t1,0.0,1.0,B,C,wide,node32node37,1,383.94
C_node32node37_wide_t2,0.0,1.0,B,C,wide,node32node37,2,272.18
C_node32node37_wide_t3,0.0,1.0,B,C,wide,node32node37,3,192.96
C_node32node37_wide_t4,0.0,1.0,B,C,wide,node32node37,4,136.79
C_node32node37_wide_t5,0.0,1.0,B,C,wide,node32node37,5,96.97
C_node32node59_timber_t0,0.0,0.0,B,C,timber,node32node59,0,3439.0
C_node32node59_timber_t1,0.0,1.0,B,C,timber,node32node59,1,2895.55
C_node32node59_timber_t2,0.0,1.0,B,C,timber,node32node59,2,2052.71
C_node32node59_timber_t3,0.0,1.0,B,C,timber,node32node59,3,1455.2
C_node32node59_timber_t4,0.0,1.0,B,C,timber,node32node59,4,1031.62
C_node32node59_timber_t5,0.0,1.0,B,C,timber,node32node59,5,731.34
C_node32node59_wide_t0,0.0,0.0,B,C,wide,node32node59,0,5157.0
C_node32node59_wide_t1,0.0,1.0,B,C,wide,node32node59,1,4342.06
C_node32node59_wide_t2,0.0,1.0,B,C,wide,node32node59,2,3078.16
C_node32node59_wide_t3,0.0,1.0,B,C,wide,node32node59,3,2182.17
C_node32node59_wide_t4,0.0,1.0,B,C,wide,node32node59,4,1546.98
C_node32node59_wide_t5,0.0,1.0,B,C,wide,node32node59,5,1096.68
C_node32node100_timber_t0,0.0,0.0,B,C,timber,node32node100,0,0.0
C_node32node100_timber_t1,0.0,1.0,B,C,timber,node32node100,1,0.0
C_node32node100_timber_t2,0.0,1.0,B,C,timber,node32node100,2,0.0
C_node32node100_timber_t3,0.0,1.0,B,C,timber,node32node100,3,0.0
C_node32node100_timber_t4,0.0,1.0,B,C,timber,node32node100,4,0.0
C_node32node100_timber_t5,0.0,1.0,B,C,timber,node32node100,5,0.0
C_node32node100_wide_t0,0.0,0.0,B,C,wide,node32node100,0,0.0
C_node32node100_wide_t1,0.0,1.0,B,C,wide,node32node100,1,0.0
C_node32node100_wide_t2,0.0,1.0,B,C,wide,node32node100,2,0.0
C_node32node100_wide_t3,0.0,1.0,B,C,wide,node32node100,3,0.0
C_node32node100_wide_t4,0.0,1.0,B,C,wide,node32node100,4,0.0
C_node32node100_wide_t5,0.0,1.0,B,C,wide,node32node100,5,0.0
C_node32node101_timber_t0,0.0,0.0,B,C,timber,node32node101,0,0.0
C_node32node101_timber_t1,0.0,1.0,B,C,timber,node32node101,1,0.0
C_node32node101_timber_t2,0.0,1.0,B,C,timber,node32node101,2,0.0
C_node32node101_timber_t3,0.0,1.0,B,C,timber,node32node101,3,0.0
C_node32node101_timber_t4,0.0,1.0,B,C,timber,node32node101,4,0.0
C_node32node101_timber_t5,0.0,1.0,B,C,timber,node32node101,5,0.0
C_node32node101_wide_t0,0.0,0.0,B,C,wide,node32node101,0,0.0
C_node32node101_wide_t1,0.0,1.0,B,C,wide,node32node101,1,0.0
C_node32node101_wide_t2,0.0,1.0,B,C,wide,node32node101,2,0.0
C_node32node101_wide_t3,0.0,1.0,B,C,wide,node32node101,3,0.0
C_node32node101_wide_t4,0.0,1.0,B,C,wide,node32node101,4,0.0
C_node32node101_wide_t5,0.0,1.0,B,C,wide,node32node101,5,0.0
C_node33node88_timber_t0,0.0,0.0,B,C,timber,node33node88,0,4868.0
C_node33node88_timber_t1,0.0,1.0,B,C,timber,node33node88,1,4098.73
C_node33node88_timber_t2,0.0,1.0,B,C,timber,node33node88,2,2905.66
C_node33node88_timber_t3,0.0,1.0,B,C,timber,node33node88,3,2059.88
C_node33node88_timber_t4,0.0,1.0,B,C,timber,node33node88,4,1460.29
C_node33node88_timber_t5,0.0,1.0,B,C,timber,node33node88,5,1035.23
C_node33node88_wide_t0,0.0,0.0,B,C,wide,node33node88,0,7300.0
C_node33node88_wide_t1,0.0,1.0,B,C,wide,node33node88,1,6146.4
C_node33node88_wide_t2,0.0,1.0,B,C,wide,node33node88,2,4357.3
C_node33node88_wide_t3,0.0,1.0,B,C,wide,node33node88,3,3088.97
C_node33node88_wide_t4,0.0,1.0,B,C,wide,node33node88,4,2189.83
C_node33node88_wide_t5,0.0,1.0,B,C,wide,node33node88,5,1552.41
C_node33node111_timber_t0,0.0,0.0,B,C,timber,node33node111,0,0.0
C_node33node111_timber_t1,0.0,1.0,B,C,timber,node33node111,1,0.0
C_node33node111_timber_t2,0.0,1.0,B,C,timber,node33node111,2,0.0
C_node33node111_timber_t3,0.0,1.0,B,C,timber,node33node111,3,0.0
C_node33node111_timber_t4,0.0,1.0,B,C,timber,node33node111,4,0.0
C_node33node111_timber_t5,0.0,1.0,B,C,timber,node33node111,5,0.0
C_node33node111_wide_t0,0.0,0.0,B,C,wide,node33node111,0,0.0
C_node33node111_wide_t1,0.0,1.0,B,C,wide,node33node111,1,0.0
C_node33node111_wide_t2,0.0,1.0,B,C,wide,node33node111,2,0.0
C_node33node111_wide_t3,0.0,1.0,B,C,wide,node33node111,3,0.0
C_node33node111_wide_t4,0.0,1.0,B,C,wide,node33node111,4,0.0
C_node33node111_wide_t5,0.0,1.0,B,C,wide,node33node111,5,0.0
C_node33node112_timber_t0,0.0,0.0,B,C,timber,node33node112,0,0.0
C_node33node112_timber_t1,0.0,1.0,B,C,timber,node33node112,1,0.0
C_node33node112_timber_t2,0.0,1.0,B,C,timber,node33node112,2,0.0
C_node33node112_timber_t3,0.0,1.0,B,C,timber,node33node112,3,0.0
C_node33node112_timber_t4,0.0,1.0,B,C,timber,node33node112,4,0.0
C_node33node112_timber_t5,0.0,1.0,B,C,timber,node33node112,5,0.0
C_node33node112_wide_t0,0.0,0.0,B,C,wide,node33node112,0,0.0
C_node33node112_wide_t1,0.0,1.0,B,C,wide,node33node112,1,0.0
C_node33node112_wide_t2,0.0,1.0,B,C,wide,node33node112,2,0.0
C_node33node112_wide_t3,0.0,1.0,B,C,wide,node33node112,3,0.0
C_node33node112_wide_t4,0.0,1.0,B,C,wide,node33node112,4,0.0
C_node33node112_wide_t5,0.0,1.0,B,C,wide,node33node112,5,0.0
C_node34node38_timber_t0,0.0,0.0,B,C,timber,node34node38,0,27.0
C_node34node38_timber_t1,0.0,1.0,B,C,timber,node34node38,1,22.73
C_node34node38_timber_t2,0.0,1.0,B,C,timber,node34node38,2,16.12
C_node34node38_timber_t3,0.0,1.0,B,C,timber,node34node38,3,11.42
C_node34node38_timber_t4,0.0,1.0,B,C,timber,node34node38,4,8.1
C_node34node38_timber_t5,0.0,1.0,B,C,timber,node34node38,5,5.74
C_node34node38_wide_t0,0.0,0.0,B,C,wide,node34node38,0,40.0
C_node34node38_wide_t1,0.0,1.0,B,C,wide,node34node38,1,33.68
C_node34node38_wide_t2,0.0,1.0,B,C,wide,node34node38,2,23.88
C_node34node38_wide_t3,0.0,1.0,B,C,wide,node34node38,3,16.93
C_node34node38_wide_t4,0.0,1.0,B,C,wide,node34node38,4,12.0
C_node34node38_wide_t5,0.0,1.0,B,C,wide,node34node38,5,8.51
C_node34node106_timber_t0,0.0,0.0,B,C,timber,node34node106,0,0.0
C_node34node106_timber_t1,0.0,1.0,B,C,timber,node34node106,1,0.0
C_node34node106_timber_t2,0.0,1.0,B,C,timber,node34node106,2,0.0
C_node34node106_timber_t3,0.0,1.0,B,C,timber,node34node106,3,0.0
C_node34node106_timber_t4,0.0,1.0,B,C,timber,node34node106,4,0.0
C_node34node106_timber_t5,0.0,1.0,B,C,timber,node34node106,5,0.0
C_node34node106_wide_t0,0.0,0.0,B,C,wide,node34node106,0,0.0
C_node34node106_wide_t1,0.0,1.0,B,C,wide,node34node106,1,0.0
C_node34node106_wide_t2,0.0,1.0,B,C,wide,node34node106,2,0.0
C_node34node106_wide_t3,0.0,1.0,B,C,wide,node34node106,3,0.0
C_node34node106_wide_t4,0.0,1.0,B,C,wide,node34node106,4,0.0
C_node34node106_wide_t5,0.0,1.0,B,C,wide,node34node106,5,0.0
C_node34node110_timber_t0,0.0,0.0,B,C,timber,node34node110,0,0.0
C_node34node110_timber_t1,0.0,1.0,B,C,timber,node34node110,1,0.0
C_node34node110_timber_t2,0.0,1.0,B,C,timber,node34node110,2,0.0
C_node34node110_timber_t3,0.0,1.0,B,C,timber,node34node110,3,0.0
C_node34node110_timber_t4,0.0,1.0,B,C,timber,node34node110,4,0.0
C_node34node110_timber_t5,0.0,1.0,B,C,timber,node34node110,5,0.0
C_node34node110_wide_t0,0.0,0.0,B,C,wide,node34node110,0,0.0
C_node34node110_wide_t1,0.0,1.0,B,C,wide,node34node110,1,0.0
C_node34node110_wide_t2,0.0,1.0,B,C,wide,node34node110,2,0.0
C_node34node110_wide_t3,0.0,1.0,B,C,wide,node34node110,3,0.0
C_node34node110_wide_t4,0.0,1.0,B,C,wide,node34node110,4,0.0
C_node34node110_wide_t5,0.0,1.0,B,C,wide,node34node110,5,0.0
C_node34node111_timber_t0,0.0,0.0,B,C,timber,node34node111,0,0.0
C_node34node111_timber_t1,0.0,1.0,B,C,timber,node34node111,1,0.0
C_node34node111_timber_t2,0.0,1.0,B,C,timber,node34node111,2,0.0
C_node34node111_timber_t3,0.0,1.0,B,C,timber,node34node111,3,0.0
C_node34node111_timber_t4,0.0,1.0,B,C,timber,node34node111,4,0.0
C_node34node111_timber_t5,0.0,1.0,B,C,timber,node34node111,5,0.0
C_node34node111_wide_t0,0.0,0.0,B,C,wide,node34node111,0,0.0
C_node34node111_wide_t1,0.0,1.0,B,C,wide,node34node111,1,0.0
C_node34node111_wide_t2,0.0,1.0,B,C,wide,node34node111,2,0.0
C_node34node111_wide_t3,0.0,1.0,B,C,wide,node34node111,3,0.0
C_node34node111_wide_t4,0.0,1.0,B,C,wide,node34node111,4,0.0
C_node34node111_wide_t5,0.0,1.0,B,C,wide,node34node111,5,0.0
C_node34node113_timber_t0,0.0,0.0,B,C,timber,node34node113,0,0.0
C_node34node113_timber_t1,0.0,1.0,B,C,timber,node34node113,1,0.0
C_node34node113_timber_t2,0.0,1.0,B,C,timber,node34node113,2,0.0
C_node34node113_timber_t3,0.0,1.0,B,C,timber,node34node113,3,0.0
C_node34node113_timber_t4,0.0,1.0,B,C,timber,node34node113,4,0.0
C_node34node113_timber_t5,0.0,1.0,B,C,timber,node34node113,5,0.0
C_node34node113_wide_t0,0.0,0.0,B,C,wide,node34node113,0,0.0
C_node34node113_wide_t1,0.0,1.0,B,C,wide,node34node113,1,0.0
C_node34node113_wide_t2,0.0,1.0,B,C,wide,node34node113,2,0.0
C_node34node113_wide_t3,0.0,1.0,B,C,wide,node34node113,3,0.0
C_node34node113_wide_t4,0.0,1.0,B,C,wide,node34node113,4,0.0
C_node34node113_wide_t5,0.0,1.0,B,C,wide,node34node113,5,0.0
C_node35node51_timber_t0,0.0,0.0,B,C,timber,node35node51,0,140.0
C_node35node51_timber_t1,0.0,1.0,B,C,timber,node35node51,1,117.88
C_node35node51_timber_t2,0.0,1.0,B,C,timber,node35node51,2,83.56
C_node35node51_timber_t3,0.0,1.0,B,C,timber,node35node51,3,59.24
C_node35node51_timber_t4,0.0,1.0,B,C,timber,node35node51,4,42.0
C_node35node51_timber_t5,0.0,1.0,B,C,timber,node35node51,5,29.77
C_node35node51_wide_t0,0.0,0.0,B,C,wide,node35node51,0,211.0
C_node35node51_wide_t1,0.0,1.0,B,C,wide,node35node51,1,177.66
C_node35node51_wide_t2,0.0,1.0,B,C,wide,node35node51,2,125.94
C_node35node51_wide_t3,0.0,1.0,B,C,wide,node35node51,3,89.28
C_node35node51_wide_t4,0.0,1.0,B,C,wide,node35node51,4,63.3
C_node35node51_wide_t5,0.0,1.0,B,C,wide,node35node51,5,44.87
C_node35node114_timber_t0,0.0,0.0,B,C,timber,node35node114,0,0.0
C_node35node114_timber_t1,0.0,1.0,B,C,timber,node35node114,1,0.0
C_node35node114_timber_t2,0.0,1.0,B,C,timber,node35node114,2,0.0
C_node35node114_timber_t3,0.0,1.0,B,C,timber,node35node114,3,0.0
C_node35node114_timber_t4,0.0,1.0,B,C,timber,node35node114,4,0.0
C_node35node114_timber_t5,0.0,1.0,B,C,timber,node35node114,5,0.0
C_node35node114_wide_t0,0.0,0.0,B,C,wide,node35node114,0,0.0
C_node35node114_wide_t1,0.0,1.0,B,C,wide,node35node114,1,0.0
C_node35node114_wide_t2,0.0,1.0,B,C,wide,node35node114,2,0.0
C_node35node114_wide_t3,0.0,1.0,B,C,wide,node35node114,3,0.0
C_node35node114_wide_t4,0.0,1.0,B,C,wide,node35node114,4,0.0
C_node35node114_wide_t5,0.0,1.0,B,C,wide,node35node114,5,0.0
C_node36node107_timber_t0,0.0,0.0,B,C,timber,node36node107,0,0.0
C_node36node107_timber_t1,0.0,1.0,B,C,timber,node36node107,1,0.0
C_node36node107_timber_t2,0.0,1.0,B,C,timber,node36node107,2,0.0
C_node36node107_timber_t3,0.0,1.0,B,C,timber,node36node107,3,0.0
C_node36node107_timber_t4,0.0,1.0,B,C,timber,node36node107,4,0.0
C_node36node107_timber_t5,0.0,1.0,B,C,timber,node36node107,5,0.0
C_node36node107_wide_t0,0.0,0.0,B,C,wide,node36node107,0,0.0
C_node36node107_wide_t1,0.0,1.0,B,C,wide,node36node107,1,0.0
C_node36node107_wide_t2,0.0,1.0,B,C,wide,node36node107,2,0.0
C_node36node107_wide_t3,0.0,1.0,B,C,wide,node36node107,3,0.0
C_node36node107_wide_t4,0.0,1.0,B,C,wide,node36node107,4,0.0
C_node36node107_wide_t5,0.0,1.0,B,C,wide,node36node107,5,0.0
C_node36node108_timber_t0,0.0,0.0,B,C,timber,node36node108,0,0.0
C_node36node108_timber_t1,0.0,1.0,B,C,timber,node36node108,1,0.0
C_node36node108_timber_t2,0.0,1.0,B,C,timber,node36node108,2,0.0
C_node36node108_timber_t3,0.0,1.0,B,C,timber,node36node108,3,0.0
C_node36node108_timber_t4,0.0,1.0,B,C,timber,node36node108,4,0.0
C_node36node108_timber_t5,0.0,1.0,B,C,timber,node36node108,5,0.0
C_node36node108_wide_t0,0.0,0.0,B,C,wide,node36node108,0,0.0
C_node36node108_wide_t1,0.0,1.0,B,C,wide,node36node108,1,0.0
C_node36node108_wide_t2,0.0,1.0,B,C,wide,node36node108,2,0.0
C_node36node108_wide_t3,0.0,1.0,B,C,wide,node36node108,3,0.0
C_node36node108_wide_t4,0.0,1.0,B,C,wide,node36node108,4,0.0
C_node36node108_wide_t5,0.0,1.0,B,C,wide,node36node108,5,0.0
C_node37node93_timber_t0,0.0,0.0,B,C,timber,node37node93,0,0.0
C_node37node93_timber_t1,0.0,1.0,B,C,timber,node37node93,1,0.0
C_node37node93_timber_t2,0.0,1.0,B,C,timber,node37node93,2,0.0
C_node37node93_timber_t3,0.0,1.0,B,C,timber,node37node93,3,0.0
C_node37node93_timber_t4,0.0,1.0,B,C,timber,node37node93,4,0.0
C_node37node93_timber_t5,0.0,1.0,B,C,timber,node37node93,5,0.0
C_node37node93_wide_t0,0.0,0.0,B,C,wide,node37node93,0,0.0
C_node37node93_wide_t1,0.0,1.0,B,C,wide,node37node93,1,0.0
C_node37node93_wide_t2,0.0,1.0,B,C,wide,node37node93,2,0.0
C_node37node93_wide_t3,0.0,1.0,B,C,wide,node37node93,3,0.0
C_node37node93_wide_t4,0.0,1.0,B,C,wide,node37node93,4,0.0
C_node37node93_wide_t5,0.0,1.0,B,C,wide,node37node93,5,0.0
C_node37node100_timber_t0,0.0,0.0,B,C,timber,node37node100,0,0.0
C_node37node100_timber_t1,0.0,1.0,B,C,timber,node37node100,1,0.0
C_node37node100_timber_t2,0.0,1.0,B,C,timber,node37node100,2,0.0
C_node37node100_timber_t3,0.0,1.0,B,C,timber,node37node100,3,0.0
C_node37node100_timber_t4,0.0,1.0,B,C,timber,node37node100,4,0.0
C_node37node100_timber_t5,0.0,1.0,B,C,timber,node37node100,5,0.0
C_node37node100_wide_t0,0.0,0.0,B,C,wide,node37node100,0,0.0
C_node37node100_wide_t1,0.0,1.0,B,C,wide,node37node100,1,0.0
C_node37node100_wide_t2,0.0,1.0,B,C,wide,node37node100,2,0.0
C_node37node100_wide_t3,0.0,1.0,B,C,wide,node37node100,3,0.0
C_node37node100_wide_t4,0.0,1.0,B,C,wide,node37node100,4,0.0
C_node37node100_wide_t5,0.0,1.0,B,C,wide,node37node100,5,0.0
C_node38node111_timber_t0,0.0,0.0,B,C,timber,node38node111,0,0.0
C_node38node111_timber_t1,0.0,1.0,B,C,timber,node38node111,1,0.0
C_node38node111_timber_t2,0.0,1.0,B,C,timber,node38node111,2,0.0
C_node38node111_timber_t3,0.0,1.0,B,C,timber,node38node111,3,0.0
C_node38node111_timber_t4,0.0,1.0,B,C,timber,node38node111,4,0.0
C_node38node111_timber_t5,0.0,1.0,B,C,timber,node38node111,5,0.0
C_node38node111_wide_t0,0.0,0.0,B,C,wide,node38node111,0,0.0
C_node38node111_wide_t1,0.0,1.0,B,C,wide,node38node111,1,0.0
C_node38node111_wide_t2,0.0,1.0,B,C,wide,node38node111,2,0.0
C_node38node111_wide_t3,0.0,1.0,B,C,wide,node38node111,3,0.0
C_node38node111_wide_t4,0.0,1.0,B,C,wide,node38node111,4,0.0
C_node38node111_wide_t5,0.0,1.0,B,C,wide,node38node111,5,0.0
C_node38node113_timber_t0,0.0,0.0,B,C,timber,node38node113,0,0.0
C_node38node113_timber_t1,0.0,1.0,B,C,timber,node38node113,1,0.0
C_node38node113_timber_t2,0.0,1.0,B,C,timber,node38node113,2,0.0
C_node38node113_timber_t3,0.0,1.0,B,C,timber,node38node113,3,0.0
C_node38node113_timber_t4,0.0,1.0,B,C,timber,node38node113,4,0.0
C_node38node113_timber_t5,0.0,1.0,B,C,timber,node38node113,5,0.0
C_node38node113_wide_t0,0.0,0.0,B,C,wide,node38node113,0,0.0
C_node38node113_wide_t1,0.0,1.0,B,C,wide,node38node113,1,0.0
C_node38node113_wide_t2,0.0,1.0,B,C,wide,node38node113,2,0.0
C_node38node113_wide_t3,0.0,1.0,B,C,wide,node38node113,3,0.0
C_node38node113_wide_t4,0.0,1.0,B,C,wide,node38node113,4,0.0
C_node38node113_wide_t5,0.0,1.0,B,C,wide,node38node113,5,0.0
C_node39node92_timber_t0,0.0,0.0,B,C,timber,node39node92,0,0.0
C_node39node92_timber_t1,0.0,1.0,B,C,timber,node39node92,1,0.0
C_node39node92_timber_t2,0.0,1.0,B,C,timber,node39node92,2,0.0
C_node39node92_timber_t3,0.0,1.0,B,C,timber,node39node92,3,0.0
C_node39node92_timber_t4,0.0,1.0,B,C,timber,node39node92,4,0.0
C_node39node92_timber_t5,0.0,1.0,B,C,timber,node39node92,5,0.0
C_node39node92_wide_t0,0.0,0.0,B,C,wide,node39node92,0,0.0
C_node39node92_wide_t1,0.0,1.0,B,C,wide,node39node92,1,0.0
C_node39node92_wide_t2,0.0,1.0,B,C,wide,node39node92,2,0.0
C_node39node92_wide_t3,0.0,1.0,B,C,wide,node39node92,3,0.0
C_node39node92_wide_t4,0.0,1.0,B,C,wide,node39node92,4,0.0
C_node39node92_wide_t5,0.0,1.0,B,C,wide,node39node92,5,0.0
C_node39node93_timber_t0,0.0,0.0,B,C,timber,node39node93,0,0.0
C_node39node93_timber_t1,0.0,1.0,B,C,timber,node39node93,1,0.0
C_node39node93_timber_t2,0.0,1.0,B,C,timber,node39node93,2,0.0
C_node39node93_timber_t3,0.0,1.0,B,C,timber,node39node93,3,0.0
C_node39node93_timber_t4,0.0,1.0,B,C,timber,node39node93,4,0.0
C_node39node93_timber_t5,0.0,1.0,B,C,timber,node39node93,5,0.0
C_node39node93_wide_t0,0.0,0.0,B,C,wide,node39node93,0,0.0
C_node39node93_wide_t1,0.0,1.0,B,C,wide,node39node93,1,0.0
C_node39node93_wide_t2,0.0,1.0,B,C,wide,node39node93,2,0.0
C_node39node93_wide_t3,0.0,1.0,B,C,wide,node39node93,3,0.0
C_node39node93_wide_t4,0.0,1.0,B,C,wide,node39node93,4,0.0
C_node39node93_wide_t5,0.0,1.0,B,C,wide,node39node93,5,0.0
C_node40node55_timber_t0,0.0,0.0,B,C,timber,node40node55,0,1699.0
C_node40node55_timber_t1,0.0,1.0,B,C,timber,node40node55,1,1430.51
C_node40node55_timber_t2,0.0,1.0,B,C,timber,node40node55,2,1014.12
C_node40node55_timber_t3,0.0,1.0,B,C,timber,node40node55,3,718.93
C_node40node55_timber_t4,0.0,1.0,B,C,timber,node40node55,4,509.66
C_node40node55_timber_t5,0.0,1.0,B,C,timber,node40node55,5,361.31
C_node40node55_wide_t0,0.0,0.0,B,C,wide,node40node55,0,2547.0
C_node40node55_wide_t1,0.0,1.0,B,C,wide,node40node55,1,2144.51
C_node40node55_wide_t2,0.0,1.0,B,C,wide,node40node55,2,1520.28
C_node40node55_wide_t3,0.0,1.0,B,C,wide,node40node55,3,1077.76
C_node40node55_wide_t4,0.0,1.0,B,C,wide,node40node55,4,764.04
C_node40node55_wide_t5,0.0,1.0,B,C,wide,node40node55,5,541.64
C_node40node103_timber_t0,0.0,0.0,B,C,timber,node40node103,0,0.0
C_node40node103_timber_t1,0.0,1.0,B,C,timber,node40node103,1,0.0
C_node40node103_timber_t2,0.0,1.0,B,C,timber,node40node103,2,0.0
C_node40node103_timber_t3,0.0,1.0,B,C,timber,node40node103,3,0.0
C_node40node103_timber_t4,0.0,1.0,B,C,timber,node40node103,4,0.0
C_node40node103_timber_t5,0.0,1.0,B,C,timber,node40node103,5,0.0
C_node40node103_wide_t0,0.0,0.0,B,C,wide,node40node103,0,0.0
C_node40node103_wide_t1,0.0,1.0,B,C,wide,node40node103,1,0.0
C_node40node103_wide_t2,0.0,1.0,B,C,wide,node40node103,2,0.0
C_node40node103_wide_t3,0.0,1.0,B,C,wide,node40node103,3,0.0
C_node40node103_wide_t4,0.0,1.0,B,C,wide,node40node103,4,0.0
C_node40node103_wide_t5,0.0,1.0,B,C,wide,node40node103,5,0.0
C_node40node104_timber_t0,0.0,0.0,B,C,timber,node40node104,0,0.0
C_node40node104_timber_t1,0.0,1.0,B,C,timber,node40node104,1,0.0
C_node40node104_timber_t2,0.0,1.0,B,C,timber,node40node104,2,0.0
C_node40node104_timber_t3,0.0,1.0,B,C,timber,node40node104,3,0.0
C_node40node104_timber_t4,0.0,1.0,B,C,timber,node40node104,4,0.0
C_node40node104_timber_t5,0.0,1.0,B,C,timber,node40node104,5,0.0
C_node40node104_wide_t0,0.0,0.0,B,C,wide,node40node104,0,0.0
C_node40node104_wide_t1,0.0,1.0,B,C,wide,node40node104,1,0.0
C_node40node104_wide_t2,0.0,1.0,B,C,wide,node40node104,2,0.0
C_node40node104_wide_t3,0.0,1.0,B,C,wide,node40node104,3,0.0
C_node40node104_wide_t4,0.0,1.0,B,C,wide,node40node104,4,0.0
C_node40node104_wide_t5,0.0,1.0,B,C,wide,node40node104,5,0.0
C_node41node82_timber_t0,0.0,0.0,B,C,timber,node41node82,0,1802.0
C_node41node82_timber_t1,0.0,1.0,B,C,timber,node41node82,1,1517.24
C_node41node82_timber_t2,0.0,1.0,B,C,timber,node41node82,2,1075.6
C_node41node82_timber_t3,0.0,1.0,B,C,timber,node41node82,3,762.51
C_node41node82_timber_t4,0.0,1.0,B,C,timber,node41node82,4,540.56
C_node41node82_timber_t5,0.0,1.0,B,C,timber,node41node82,5,383.21
C_node41node82_wide_t0,0.0,0.0,B,C,wide,node41node82,0,2703.0
C_node41node82_wide_t1,0.0,1.0,B,C,wide,node41node82,1,2275.85
C_node41node82_wide_t2,0.0,1.0,B,C,wide,node41node82,2,1613.4
C_node41node82_wide_t3,0.0,1.0,B,C,wide,node41node82,3,1143.77
C_node41node82_wide_t4,0.0,1.0,B,C,wide,node41node82,4,810.84
C_node41node82_wide_t5,0.0,1.0,B,C,wide,node41node82,5,574.82
C_node41node59_timber_t0,0.0,0.0,B,C,timber,node41node59,0,2833.0
C_node41node59_timber_t1,0.0,1.0,B,C,timber,node41node59,1,2385.31
C_node41node59_timber_t2,0.0,1.0,B,C,timber,node41node59,2,1690.99
C_node41node59_timber_t3,0.0,1.0,B,C,timber,node41node59,3,1198.78
C_node41node59_timber_t4,0.0,1.0,B,C,timber,node41node59,4,849.83
C_node41node59_timber_t5,0.0,1.0,B,C,timber,node41node59,5,602.46
C_node41node59_wide_t0,0.0,0.0,B,C,wide,node41node59,0,4247.0
C_node41node59_wide_t1,0.0,1.0,B,C,wide,node41node59,1,3575.86
C_node41node59_wide_t2,0.0,1.0,B,C,wide,node41node59,2,2534.99
C_node41node59_wide_t3,0.0,1.0,B,C,wide,node41node59,3,1797.11
C_node41node59_wide_t4,0.0,1.0,B,C,wide,node41node59,4,1274.0
C_node41node59_wide_t5,0.0,1.0,B,C,wide,node41node59,5,903.16
C_node41node100_timber_t0,0.0,0.0,B,C,timber,node41node100,0,0.0
C_node41node100_timber_t1,0.0,1.0,B,C,timber,node41node100,1,0.0
C_node41node100_timber_t2,0.0,1.0,B,C,timber,node41node100,2,0.0
C_node41node100_timber_t3,0.0,1.0,B,C,timber,node41node100,3,0.0
C_node41node100_timber_t4,0.0,1.0,B,C,timber,node41node100,4,0.0
C_node41node100_timber_t5,0.0,1.0,B,C,timber,node41node100,5,0.0
C_node41node100_wide_t0,0.0,0.0,B,C,wide,node41node100,0,0.0
C_node41node100_wide_t1,0.0,1.0,B,C,wide,node41node100,1,0.0
C_node41node100_wide_t2,0.0,1.0,B,C,wide,node41node100,2,0.0
C_node41node100_wide_t3,0.0,1.0,B,C,wide,node41node100,3,0.0
C_node41node100_wide_t4,0.0,1.0,B,C,wide,node41node100,4,0.0
C_node41node100_wide_t5,0.0,1.0,B,C,wide,node41node100,5,0.0
C_node42node70_timber_t0,0.0,0.0,B,C,timber,node42node70,0,1603.0
C_node42node70_timber_t1,0.0,1.0,B,C,timber,node42node70,1,1349.68
C_node42node70_timber_t2,0.0,1.0,B,C,timber,node42node70,2,956.82
C_node42node70_timber_t3,0.0,1.0,B,C,timber,node42node70,3,678.3
C_node42node70_timber_t4,0.0,1.0,B,C,timber,node42node70,4,480.86
C_node42node70_timber_t5,0.0,1.0,B,C,timber,node42node70,5,340.89
C_node42node70_wide_t0,0.0,0.0,B,C,wide,node42node70,0,2403.0
C_node42node70_wide_t1,0.0,1.0,B,C,wide,node42node70,1,2023.26
C_node42node70_wide_t2,0.0,1.0,B,C,wide,node42node70,2,1434.33
C_node42node70_wide_t3,0.0,1.0,B,C,wide,node42node70,3,1016.82
C_node42node70_wide_t4,0.0,1.0,B,C,wide,node42node70,4,720.84
C_node42node70_wide_t5,0.0,1.0,B,C,wide,node42node70,5,511.02
C_node42node92_timber_t0,0.0,0.0,B,C,timber,node42node92,0,0.0
C_node42node92_timber_t1,0.0,1.0,B,C,timber,node42node92,1,0.0
C_node42node92_timber_t2,0.0,1.0,B,C,timber,node42node92,2,0.0
C_node42node92_timber_t3,0.0,1.0,B,C,timber,node42node92,3,0.0
C_node42node92_timber_t4,0.0,1.0,B,C,timber,node42node92,4,0.0
C_node42node92_timber_t5,0.0,1.0,B,C,timber,node42node92,5,0.0
C_node42node92_wide_t0,0.0,0.0,B,C,wide,node42node92,0,0.0
C_node42node92_wide_t1,0.0,1.0,B,C,wide,node42node92,1,0.0
C_node42node92_wide_t2,0.0,1.0,B,C,wide,node42node92,2,0.0
C_node42node92_wide_t3,0.0,1.0,B,C,wide,node42node92,3,0.0
C_node42node92_wide_t4,0.0,1.0,B,C,wide,node42node92,4,0.0
C_node42node92_wide_t5,0.0,1.0,B,C,wide,node42node92,5,0.0
C_node42node94_timber_t0,0.0,0.0,B,C,timber,node42node94,0,0.0
C_node42node94_timber_t1,0.0,1.0,B,C,timber,node42node94,1,0.0
C_node42node94_timber_t2,0.0,1.0,B,C,timber,node42node94,2,0.0
C_node42node94_timber_t3,0.0,1.0,B,C,timber,node42node94,3,0.0
C_node42node94_timber_t4,0.0,1.0,B,C,timber,node42node94,4,0.0
C_node42node94_timber_t5,0.0,1.0,B,C,timber,node42node94,5,0.0
C_node42node94_wide_t0,0.0,0.0,B,C,wide,node42node94,0,0.0
C_node42node94_wide_t1,0.0,1.0,B,C,wide,node42node94,1,0.0
C_node42node94_wide_t2,0.0,1.0,B,C,wide,node42node94,2,0.0
C_node42node94_wide_t3,0.0,1.0,B,C,wide,node42node94,3,0.0
C_node42node94_wide_t4,0.0,1.0,B,C,wide,node42node94,4,0.0
C_node42node94_wide_t5,0.0,1.0,B,C,wide,node42node94,5,0.0
C_node43node76_timber_t0,0.0,0.0,B,C,timber,node43node76,0,1042.0
C_node43node76_timber_t1,0.0,1.0,B,C,timber,node43node76,1,877.34
C_node43node76_timber_t2,0.0,1.0,B,C,timber,node43node76,2,621.96
C_node43node76_timber_t3,0.0,1.0,B,C,timber,node43node76,3,440.92
C_node43node76_timber_t4,0.0,1.0,B,C,timber,node43node76,4,312.58
C_node43node76_timber_t5,0.0,1.0,B,C,timber,node43node76,5,221.59
C_node43node76_wide_t0,0.0,0.0,B,C,wide,node43node76,0,1565.0
C_node43node76_wide_t1,0.0,1.0,B,C,wide,node43node76,1,1317.69
C_node43node76_wide_t2,0.0,1.0,B,C,wide,node43node76,2,934.13
C_node43node76_wide_t3,0.0,1.0,B,C,wide,node43node76,3,662.23
C_node43node76_wide_t4,0.0,1.0,B,C,wide,node43node76,4,469.46
C_node43node76_wide_t5,0.0,1.0,B,C,wide,node43node76,5,332.81
C_node43node50_timber_t0,0.0,0.0,B,C,timber,node43node50,0,787.0
C_node43node50_timber_t1,0.0,1.0,B,C,timber,node43node50,1,662.63
C_node43node50_timber_t2,0.0,1.0,B,C,timber,node43node50,2,469.75
C_node43node50_timber_t3,0.0,1.0,B,C,timber,node43node50,3,333.02
C_node43node50_timber_t4,0.0,1.0,B,C,timber,node43node50,4,236.08
C_node43node50_timber_t5,0.0,1.0,B,C,timber,node43node50,5,167.36
C_node43node50_wide_t0,0.0,0.0,B,C,wide,node43node50,0,1181.0
C_node43node50_wide_t1,0.0,1.0,B,C,wide,node43node50,1,994.37
C_node43node50_wide_t2,0.0,1.0,B,C,wide,node43node50,2,704.93
C_node43node50_wide_t3,0.0,1.0,B,C,wide,node43node50,3,499.74
C_node43node50_wide_t4,0.0,1.0,B,C,wide,node43node50,4,354.27
C_node43node50_wide_t5,0.0,1.0,B,C,wide,node43node50,5,251.15
C_node43node91_timber_t0,0.0,0.0,B,C,timber,node43node91,0,0.0
C_node43node91_timber_t1,0.0,1.0,B,C,timber,node43node91,1,0.0
C_node43node91_timber_t2,0.0,1.0,B,C,timber,node43node91,2,0.0
C_node43node91_timber_t3,0.0,1.0,B,C,timber,node43node91,3,0.0
C_node43node91_timber_t4,0.0,1.0,B,C,timber,node43node91,4,0.0
C_node43node91_timber_t5,0.0,1.0,B,C,timber,node43node91,5,0.0
C_node43node91_wide_t0,0.0,0.0,B,C,wide,node43node91,0,0.0
C_node43node91_wide_t1,0.0,1.0,B,C,wide,node43node91,1,0.0
C_node43node91_wide_t2,0.0,1.0,B,C,wide,node43node91,2,0.0
C_node43node91_wide_t3,0.0,1.0,B,C,wide,node43node91,3,0.0
C_node43node91_wide_t4,0.0,1.0,B,C,wide,node43node91,4,0.0
C_node43node91_wide_t5,0.0,1.0,B,C,wide,node43node91,5,0.0
C_node43node99_timber_t0,0.0,0.0,B,C,timber,node43node99,0,0.0
C_node43node99_timber_t1,0.0,1.0,B,C,timber,node43node99,1,0.0
C_node43node99_timber_t2,0.0,1.0,B,C,timber,node43node99,2,0.0
C_node43node99_timber_t3,0.0,1.0,B,C,timber,node43node99,3,0.0
C_node43node99_timber_t4,0.0,1.0,B,C,timber,node43node99,4,0.0
C_node43node99_timber_t5,0.0,1.0,B,C,timber,node43node99,5,0.0
C_node43node99_wide_t0,0.0,0.0,B,C,wide,node43node99,0,0.0
C_node43node99_wide_t1,0.0,1.0,B,C,wide,node43node99,1,0.0
C_node43node99_wide_t2,0.0,1.0,B,C,wide,node43node99,2,0.0
C_node43node99_wide_t3,0.0,1.0,B,C,wide,node43node99,3,0.0
C_node43node99_wide_t4,0.0,1.0,B,C,wide,node43node99,4,0.0
C_node43node99_wide_t5,0.0,1.0,B,C,wide,node43node99,5,0.0
C_node43node100_timber_t0,0.0,0.0,B,C,timber,node43node100,0,0.0
C_node43node100_timber_t1,0.0,1.0,B,C,timber,node43node100,1,0.0
C_node43node100_timber_t2,0.0,1.0,B,C,timber,node43node100,2,0.0
C_node43node100_timber_t3,0.0,1.0,B,C,timber,node43node100,3,0.0
C_node43node100_timber_t4,0.0,1.0,B,C,timber,node43node100,4,0.0
C_node43node100_timber_t5,0.0,1.0,B,C,timber,node43node100,5,0.0
C_node43node100_wide_t0,0.0,0.0,B,C,wide,node43node100,0,0.0
C_node43node100_wide_t1,0.0,1.0,B,C,wide,node43node100,1,0.0
C_node43node100_wide_t2,0.0,1.0,B,C,wide,node43node100,2,0.0
C_node43node100_wide_t3,0.0,1.0,B,C,wide,node43node100,3,0.0
C_node43node100_wide_t4,0.0,1.0,B,C,wide,node43node100,4,0.0
C_node43node100_wide_t5,0.0,1.0,B,C,wide,node43node100,5,0.0
C_node44node83_timber_t0,0.0,0.0,B,C,timber,node44node83,0,523.0
C_node44node83_timber_t1,0.0,1.0,B,C,timber,node44node83,1,440.35
C_node44node83_timber_t2,0.0,1.0,B,C,timber,node44node83,2,312.17
C_node44node83_timber_t3,0.0,1.0,B,C,timber,node44node83,3,221.31
C_node44node83_timber_t4,0.0,1.0,B,C,timber,node44node83,4,156.89
C_node44node83_timber_t5,0.0,1.0,B,C,timber,node44node83,5,111.22
C_node44node83_wide_t0,0.0,0.0,B,C,wide,node44node83,0,784.0
C_node44node83_wide_t1,0.0,1.0,B,C,wide,node44node83,1,660.11
C_node44node83_wide_t2,0.0,1.0,B,C,wide,node44node83,2,467.96
C_node44node83_wide_t3,0.0,1.0,B,C,wide,node44node83,3,331.75
C_node44node83_wide_t4,0.0,1.0,B,C,wide,node44node83,4,235.18
C_node44node83_wide_t5,0.0,1.0,B,C,wide,node44node83,5,166.72
C_node44node107_timber_t0,0.0,0.0,B,C,timber,node44node107,0,0.0
C_node44node107_timber_t1,0.0,1.0,B,C,timber,node44node107,1,0.0
C_node44node107_timber_t2,0.0,1.0,B,C,timber,node44node107,2,0.0
C_node44node107_timber_t3,0.0,1.0,B,C,timber,node44node107,3,0.0
C_node44node107_timber_t4,0.0,1.0,B,C,timber,node44node107,4,0.0
C_node44node107_timber_t5,0.0,1.0,B,C,timber,node44node107,5,0.0
C_node44node107_wide_t0,0.0,0.0,B,C,wide,node44node107,0,0.0
C_node44node107_wide_t1,0.0,1.0,B,C,wide,node44node107,1,0.0
C_node44node107_wide_t2,0.0,1.0,B,C,wide,node44node107,2,0.0
C_node44node107_wide_t3,0.0,1.0,B,C,wide,node44node107,3,0.0
C_node44node107_wide_t4,0.0,1.0,B,C,wide,node44node107,4,0.0
C_node44node107_wide_t5,0.0,1.0,B,C,wide,node44node107,5,0.0
C_node45node108_timber_t0,0.0,0.0,B,C,timber,node45node108,0,0.0
C_node45node108_timber_t1,0.0,1.0,B,C,timber,node45node108,1,0.0
C_node45node108_timber_t2,0.0,1.0,B,C,timber,node45node108,2,0.0
C_node45node108_timber_t3,0.0,1.0,B,C,timber,node45node108,3,0.0
C_node45node108_timber_t4,0.0,1.0,B,C,timber,node45node108,4,0.0
C_node45node108_timber_t5,0.0,1.0,B,C,timber,node45node108,5,0.0
C_node45node108_wide_t0,0.0,0.0,B,C,wide,node45node108,0,0.0
C_node45node108_wide_t1,0.0,1.0,B,C,wide,node45node108,1,0.0
C_node45node108_wide_t2,0.0,1.0,B,C,wide,node45node108,2,0.0
C_node45node108_wide_t3,0.0,1.0,B,C,wide,node45node108,3,0.0
C_node45node108_wide_t4,0.0,1.0,B,C,wide,node45node108,4,0.0
C_node45node108_wide_t5,0.0,1.0,B,C,wide,node45node108,5,0.0
C_node45node109_timber_t0,0.0,0.0,B,C,timber,node45node109,0,0.0
C_node45node109_timber_t1,0.0,1.0,B,C,timber,node45node109,1,0.0
C_node45node109_timber_t2,0.0,1.0,B,C,timber,node45node109,2,0.0
C_node45node109_timber_t3,0.0,1.0,B,C,timber,node45node109,3,0.0
C_node45node109_timber_t4,0.0,1.0,B,C,timber,node45node109,4,0.0
C_node45node109_timber_t5,0.0,1.0,B,C,timber,node45node109,5,0.0
C_node45node109_wide_t0,0.0,0.0,B,C,wide,node45node109,0,0.0
C_node45node109_wide_t1,0.0,1.0,B,C,wide,node45node109,1,0.0
C_node45node109_wide_t2,0.0,1.0,B,C,wide,node45node109,2,0.0
C_node45node109_wide_t3,0.0,1.0,B,C,wide,node45node109,3,0.0
C_node45node109_wide_t4,0.0,1.0,B,C,wide,node45node109,4,0.0
C_node45node109_wide_t5,0.0,1.0,B,C,wide,node45node109,5,0.0
C_node45node110_timber_t0,0.0,0.0,B,C,timber,node45node110,0,0.0
C_node45node110_timber_t1,0.0,1.0,B,C,timber,node45node110,1,0.0
C_node45node110_timber_t2,0.0,1.0,B,C,timber,node45node110,2,0.0
C_node45node110_timber_t3,0.0,1.0,B,C,timber,node45node110,3,0.0
C_node45node110_timber_t4,0.0,1.0,B,C,timber,node45node110,4,0.0
C_node45node110_timber_t5,0.0,1.0,B,C,timber,node45node110,5,0.0
C_node45node110_wide_t0,0.0,0.0,B,C,wide,node45node110,0,0.0
C_node45node110_wide_t1,0.0,1.0,B,C,wide,node45node110,1,0.0
C_node45node110_wide_t2,0.0,1.0,B,C,wide,node45node110,2,0.0
C_node45node110_wide_t3,0.0,1.0,B,C,wide,node45node110,3,0.0
C_node45node110_wide_t4,0.0,1.0,B,C,wide,node45node110,4,0.0
C_node45node110_wide_t5,0.0,1.0,B,C,wide,node45node110,5,0.0
C_node46node94_timber_t0,0.0,0.0,B,C,timber,node46node94,0,0.0
C_node46node94_timber_t1,0.0,1.0,B,C,timber,node46node94,1,0.0
C_node46node94_timber_t2,0.0,1.0,B,C,timber,node46node94,2,0.0
C_node46node94_timber_t3,0.0,1.0,B,C,timber,node46node94,3,0.0
C_node46node94_timber_t4,0.0,1.0,B,C,timber,node46node94,4,0.0
C_node46node94_timber_t5,0.0,1.0,B,C,timber,node46node94,5,0.0
C_node46node94_wide_t0,0.0,0.0,B,C,wide,node46node94,0,0.0
C_node46node94_wide_t1,0.0,1.0,B,C,wide,node46node94,1,0.0
C_node46node94_wide_t2,0.0,1.0,B,C,wide,node46node94,2,0.0
C_node46node94_wide_t3,0.0,1.0,B,C,wide,node46node94,3,0.0
C_node46node94_wide_t4,0.0,1.0,B,C,wide,node46node94,4,0.0
C_node46node94_wide_t5,0.0,1.0,B,C,wide,node46node94,5,0.0
C_node46node95_timber_t0,0.0,0.0,B,C,timber,node46node95,0,0.0
C_node46node95_timber_t1,0.0,1.0,B,C,timber,node46node95,1,0.0
C_node46node95_timber_t2,0.0,1.0,B,C,timber,node46node95,2,0.0
C_node46node95_timber_t3,0.0,1.0,B,C,timber,node46node95,3,0.0
C_node46node95_timber_t4,0.0,1.0,B,C,timber,node46node95,4,0.0
C_node46node95_timber_t5,0.0,1.0,B,C,timber,node46node95,5,0.0
C_node46node95_wide_t0,0.0,0.0,B,C,wide,node46node95,0,0.0
C_node46node95_wide_t1,0.0,1.0,B,C,wide,node46node95,1,0.0
C_node46node95_wide_t2,0.0,1.0,B,C,wide,node46node95,2,0.0
C_node46node95_wide_t3,0.0,1.0,B,C,wide,node46node95,3,0.0
C_node46node95_wide_t4,0.0,1.0,B,C,wide,node46node95,4,0.0
C_node46node95_wide_t5,0.0,1.0,B,C,wide,node46node95,5,0.0
C_node46node97_timber_t0,0.0,0.0,B,C,timber,node46node97,0,0.0
C_node46node97_timber_t1,0.0,1.0,B,C,timber,node46node97,1,0.0
C_node46node97_timber_t2,0.0,1.0,B,C,timber,node46node97,2,0.0
C_node46node97_timber_t3,0.0,1.0,B,C,timber,node46node97,3,0.0
C_node46node97_timber_t4,0.0,1.0,B,C,timber,node46node97,4,0.0
C_node46node97_timber_t5,0.0,1.0,B,C,timber,node46node97,5,0.0
C_node46node97_wide_t0,0.0,0.0,B,C,wide,node46node97,0,0.0
C_node46node97_wide_t1,0.0,1.0,B,C,wide,node46node97,1,0.0
C_node46node97_wide_t2,0.0,1.0,B,C,wide,node46node97,2,0.0
C_node46node97_wide_t3,0.0,1.0,B,C,wide,node46node97,3,0.0
C_node46node97_wide_t4,0.0,1.0,B,C,wide,node46node97,4,0.0
C_node46node97_wide_t5,0.0,1.0,B,C,wide,node46node97,5,0.0
C_node47node49_timber_t0,0.0,0.0,B,C,timber,node47node49,0,1174.0
C_node47node49_timber_t1,0.0,1.0,B,C,timber,node47node49,1,988.48
C_node47node49_timber_t2,0.0,1.0,B,C,timber,node47node49,2,700.75
C_node47node49_timber_t3,0.0,1.0,B,C,timber,node47node49,3,496.77
C_node47node49_timber_t4,0.0,1.0,B,C,timber,node47node49,4,352.17
C_node47node49_timber_t5,0.0,1.0,B,C,timber,node47node49,5,249.66
C_node47node49_wide_t0,0.0,0.0,B,C,wide,node47node49,0,1761.0
C_node47node49_wide_t1,0.0,1.0,B,C,wide,node47node49,1,1482.71
C_node47node49_wide_t2,0.0,1.0,B,C,wide,node47node49,2,1051.12
C_node47node49_wide_t3,0.0,1.0,B,C,wide,node47node49,3,745.16
C_node47node49_wide_t4,0.0,1.0,B,C,wide,node47node49,4,528.26
C_node47node49_wide_t5,0.0,1.0,B,C,wide,node47node49,5,374.49
C_node47node107_timber_t0,0.0,0.0,B,C,timber,node47node107,0,0.0
C_node47node107_timber_t1,0.0,1.0,B,C,timber,node47node107,1,0.0
C_node47node107_timber_t2,0.0,1.0,B,C,timber,node47node107,2,0.0
C_node47node107_timber_t3,0.0,1.0,B,C,timber,node47node107,3,0.0
C_node47node107_timber_t4,0.0,1.0,B,C,timber,node47node107,4,0.0
C_node47node107_timber_t5,0.0,1.0,B,C,timber,node47node107,5,0.0
C_node47node107_wide_t0,0.0,0.0,B,C,wide,node47node107,0,0.0
C_node47node107_wide_t1,0.0,1.0,B,C,wide,node47node107,1,0.0
C_node47node107_wide_t2,0.0,1.0,B,C,wide,node47node107,2,0.0
C_node47node107_wide_t3,0.0,1.0,B,C,wide,node47node107,3,0.0
C_node47node107_wide_t4,0.0,1.0,B,C,wide,node47node107,4,0.0
C_node47node107_wide_t5,0.0,1.0,B,C,wide,node47node107,5,0.0
C_node47node114_timber_t0,0.0,0.0,B,C,timber,node47node114,0,0.0
C_node47node114_timber_t1,0.0,1.0,B,C,timber,node47node114,1,0.0
C_node47node114_timber_t2,0.0,1.0,B,C,timber,node47node114,2,0.0
C_node47node114_timber_t3,0.0,1.0,B,C,timber,node47node114,3,0.0
C_node47node114_timber_t4,0.0,1.0,B,C,timber,node47node114,4,0.0
C_node47node114_timber_t5,0.0,1.0,B,C,timber,node47node114,5,0.0
C_node47node114_wide_t0,0.0,0.0,B,C,wide,node47node114,0,0.0
C_node47node114_wide_t1,0.0,1.0,B,C,wide,node47node114,1,0.0
C_node47node114_wide_t2,0.0,1.0,B,C,wide,node47node114,2,0.0
C_node47node114_wide_t3,0.0,1.0,B,C,wide,node47node114,3,0.0
C_node47node114_wide_t4,0.0,1.0,B,C,wide,node47node114,4,0.0
C_node47node114_wide_t5,0.0,1.0,B,C,wide,node47node114,5,0.0
C_node48node67_timber_t0,0.0,0.0,B,C,timber,node48node67,0,225.0
C_node48node67_timber_t1,0.0,1.0,B,C,timber,node48node67,1,189.44
C_node48node67_timber_t2,0.0,1.0,B,C,timber,node48node67,2,134.3
C_node48node67_timber_t3,0.0,1.0,B,C,timber,node48node67,3,95.21
C_node48node67_timber_t4,0.0,1.0,B,C,timber,node48node67,4,67.49
C_node48node67_timber_t5,0.0,1.0,B,C,timber,node48node67,5,47.85
C_node48node67_wide_t0,0.0,0.0,B,C,wide,node48node67,0,337.0
C_node48node67_wide_t1,0.0,1.0,B,C,wide,node48node67,1,283.74
C_node48node67_wide_t2,0.0,1.0,B,C,wide,node48node67,2,201.15
C_node48node67_wide_t3,0.0,1.0,B,C,wide,node48node67,3,142.6
C_node48node67_wide_t4,0.0,1.0,B,C,wide,node48node67,4,101.09
C_node48node67_wide_t5,0.0,1.0,B,C,wide,node48node67,5,71.67
C_node48node63_timber_t0,0.0,0.0,B,C,timber,node48node63,0,437.0
C_node48node63_timber_t1,0.0,1.0,B,C,timber,node48node63,1,367.94
C_node48node63_timber_t2,0.0,1.0,B,C,timber,node48node63,2,260.84
C_node48node63_timber_t3,0.0,1.0,B,C,timber,node48node63,3,184.92
C_node48node63_timber_t4,0.0,1.0,B,C,timber,node48node63,4,131.09
C_node48node63_timber_t5,0.0,1.0,B,C,timber,node48node63,5,92.93
C_node48node63_wide_t0,0.0,0.0,B,C,wide,node48node63,0,654.0
C_node48node63_wide_t1,0.0,1.0,B,C,wide,node48node63,1,550.65
C_node48node63_wide_t2,0.0,1.0,B,C,wide,node48node63,2,390.37
C_node48node63_wide_t3,0.0,1.0,B,C,wide,node48node63,3,276.74
C_node48node63_wide_t4,0.0,1.0,B,C,wide,node48node63,4,196.18
C_node48node63_wide_t5,0.0,1.0,B,C,wide,node48node63,5,139.08
C_node48node90_timber_t0,0.0,0.0,B,C,timber,node48node90,0,0.0
C_node48node90_timber_t1,0.0,1.0,B,C,timber,node48node90,1,0.0
C_node48node90_timber_t2,0.0,1.0,B,C,timber,node48node90,2,0.0
C_node48node90_timber_t3,0.0,1.0,B,C,timber,node48node90,3,0.0
C_node48node90_timber_t4,0.0,1.0,B,C,timber,node48node90,4,0.0
C_node48node90_timber_t5,0.0,1.0,B,C,timber,node48node90,5,0.0
C_node48node90_wide_t0,0.0,0.0,B,C,wide,node48node90,0,0.0
C_node48node90_wide_t1,0.0,1.0,B,C,wide,node48node90,1,0.0
C_node48node90_wide_t2,0.0,1.0,B,C,wide,node48node90,2,0.0
C_node48node90_wide_t3,0.0,1.0,B,C,wide,node48node90,3,0.0
C_node48node90_wide_t4,0.0,1.0,B,C,wide,node48node90,4,0.0
C_node48node90_wide_t5,0.0,1.0,B,C,wide,node48node90,5,0.0
C_node48node94_timber_t0,0.0,0.0,B,C,timber,node48node94,0,0.0
C_node48node94_timber_t1,0.0,1.0,B,C,timber,node48node94,1,0.0
C_node48node94_timber_t2,0.0,1.0,B,C,timber,node48node94,2,0.0
C_node48node94_timber_t3,0.0,1.0,B,C,timber,node48node94,3,0.0
C_node48node94_timber_t4,0.0,1.0,B,C,timber,node48node94,4,0.0
C_node48node94_timber_t5,0.0,1.0,B,C,timber,node48node94,5,0.0
C_node48node94_wide_t0,0.0,0.0,B,C,wide,node48node94,0,0.0
C_node48node94_wide_t1,0.0,1.0,B,C,wide,node48node94,1,0.0
C_node48node94_wide_t2,0.0,1.0,B,C,wide,node48node94,2,0.0
C_node48node94_wide_t3,0.0,1.0,B,C,wide,node48node94,3,0.0
C_node48node94_wide_t4,0.0,1.0,B,C,wide,node48node94,4,0.0
C_node48node94_wide_t5,0.0,1.0,B,C,wide,node48node94,5,0.0
C_node49node97_timber_t0,0.0,0.0,B,C,timber,node49node97,0,0.0
C_node49node97_timber_t1,0.0,1.0,B,C,timber,node49node97,1,0.0
C_node49node97_timber_t2,0.0,1.0,B,C,timber,node49node97,2,0.0
C_node49node97_timber_t3,0.0,1.0,B,C,timber,node49node97,3,0.0
C_node49node97_timber_t4,0.0,1.0,B,C,timber,node49node97,4,0.0
C_node49node97_timber_t5,0.0,1.0,B,C,timber,node49node97,5,0.0
C_node49node97_wide_t0,0.0,0.0,B,C,wide,node49node97,0,0.0
C_node49node97_wide_t1,0.0,1.0,B,C,wide,node49node97,1,0.0
C_node49node97_wide_t2,0.0,1.0,B,C,wide,node49node97,2,0.0
C_node49node97_wide_t3,0.0,1.0,B,C,wide,node49node97,3,0.0
C_node49node97_wide_t4,0.0,1.0,B,C,wide,node49node97,4,0.0
C_node49node97_wide_t5,0.0,1.0,B,C,wide,node49node97,5,0.0
C_node49node107_timber_t0,0.0,0.0,B,C,timber,node49node107,0,0.0
C_node49node107_timber_t1,0.0,1.0,B,C,timber,node49node107,1,0.0
C_node49node107_timber_t2,0.0,1.0,B,C,timber,node49node107,2,0.0
C_node49node107_timber_t3,0.0,1.0,B,C,timber,node49node107,3,0.0
C_node49node107_timber_t4,0.0,1.0,B,C,timber,node49node107,4,0.0
C_node49node107_timber_t5,0.0,1.0,B,C,timber,node49node107,5,0.0
C_node49node107_wide_t0,0.0,0.0,B,C,wide,node49node107,0,0.0
C_node49node107_wide_t1,0.0,1.0,B,C,wide,node49node107,1,0.0
C_node49node107_wide_t2,0.0,1.0,B,C,wide,node49node107,2,0.0
C_node49node107_wide_t3,0.0,1.0,B,C,wide,node49node107,3,0.0
C_node49node107_wide_t4,0.0,1.0,B,C,wide,node49node107,4,0.0
C_node49node107_wide_t5,0.0,1.0,B,C,wide,node49node107,5,0.0
C_node49node114_timber_t0,0.0,0.0,B,C,timber,node49node114,0,0.0
C_node49node114_timber_t1,0.0,1.0,B,C,timber,node49node114,1,0.0
C_node49node114_timber_t2,0.0,1.0,B,C,timber,node49node114,2,0.0
C_node49node114_timber_t3,0.0,1.0,B,C,timber,node49node114,3,0.0
C_node49node114_timber_t4,0.0,1.0,B,C,timber,node49node114,4,0.0
C_node49node114_timber_t5,0.0,1.0,B,C,timber,node49node114,5,0.0
C_node49node114_wide_t0,0.0,0.0,B,C,wide,node49node114,0,0.0
C_node49node114_wide_t1,0.0,1.0,B,C,wide,node49node114,1,0.0
C_node49node114_wide_t2,0.0,1.0,B,C,wide,node49node114,2,0.0
C_node49node114_wide_t3,0.0,1.0,B,C,wide,node49node114,3,0.0
C_node49node114_wide_t4,0.0,1.0,B,C,wide,node49node114,4,0.0
C_node49node114_wide_t5,0.0,1.0,B,C,wide,node49node114,5,0.0
C_node50node58_timber_t0,0.0,0.0,B,C,timber,node50node58,0,830.0
C_node50node58_timber_t1,0.0,1.0,B,C,timber,node50node58,1,698.84
C_node50node58_timber_t2,0.0,1.0,B,C,timber,node50node58,2,495.42
C_node50node58_timber_t3,0.0,1.0,B,C,timber,node50node58,3,351.21
C_node50node58_timber_t4,0.0,1.0,B,C,timber,node50node58,4,248.98
C_node50node58_timber_t5,0.0,1.0,B,C,timber,node50node58,5,176.51
C_node50node58_wide_t0,0.0,0.0,B,C,wide,node50node58,0,1246.0
C_node50node58_wide_t1,0.0,1.0,B,C,wide,node50node58,1,1049.1
C_node50node58_wide_t2,0.0,1.0,B,C,wide,node50node58,2,743.73
C_node50node58_wide_t3,0.0,1.0,B,C,wide,node50node58,3,527.24
C_node50node58_wide_t4,0.0,1.0,B,C,wide,node50node58,4,373.77
C_node50node58_wide_t5,0.0,1.0,B,C,wide,node50node58,5,264.97
C_node50node91_timber_t0,0.0,0.0,B,C,timber,node50node91,0,0.0
C_node50node91_timber_t1,0.0,1.0,B,C,timber,node50node91,1,0.0
C_node50node91_timber_t2,0.0,1.0,B,C,timber,node50node91,2,0.0
C_node50node91_timber_t3,0.0,1.0,B,C,timber,node50node91,3,0.0
C_node50node91_timber_t4,0.0,1.0,B,C,timber,node50node91,4,0.0
C_node50node91_timber_t5,0.0,1.0,B,C,timber,node50node91,5,0.0
C_node50node91_wide_t0,0.0,0.0,B,C,wide,node50node91,0,0.0
C_node50node91_wide_t1,0.0,1.0,B,C,wide,node50node91,1,0.0
C_node50node91_wide_t2,0.0,1.0,B,C,wide,node50node91,2,0.0
C_node50node91_wide_t3,0.0,1.0,B,C,wide,node50node91,3,0.0
C_node50node91_wide_t4,0.0,1.0,B,C,wide,node50node91,4,0.0
C_node50node91_wide_t5,0.0,1.0,B,C,wide,node50node91,5,0.0
C_node50node98_timber_t0,0.0,0.0,B,C,timber,node50node98,0,0.0
C_node50node98_timber_t1,0.0,1.0,B,C,timber,node50node98,1,0.0
C_node50node98_timber_t2,0.0,1.0,B,C,timber,node50node98,2,0.0
C_node50node98_timber_t3,0.0,1.0,B,C,timber,node50node98,3,0.0
C_node50node98_timber_t4,0.0,1.0,B,C,timber,node50node98,4,0.0
C_node50node98_timber_t5,0.0,1.0,B,C,timber,node50node98,5,0.0
C_node50node98_wide_t0,0.0,0.0,B,C,wide,node50node98,0,0.0
C_node50node98_wide_t1,0.0,1.0,B,C,wide,node50node98,1,0.0
C_node50node98_wide_t2,0.0,1.0,B,C,wide,node50node98,2,0.0
C_node50node98_wide_t3,0.0,1.0,B,C,wide,node50node98,3,0.0
C_node50node98_wide_t4,0.0,1.0,B,C,wide,node50node98,4,0.0
C_node50node98_wide_t5,0.0,1.0,B,C,wide,node50node98,5,0.0
C_node50node100_timber_t0,0.0,0.0,B,C,timber,node50node100,0,0.0
C_node50node100_timber_t1,0.0,1.0,B,C,timber,node50node100,1,0.0
C_node50node100_timber_t2,0.0,1.0,B,C,timber,node50node100,2,0.0
C_node50node100_timber_t3,0.0,1.0,B,C,timber,node50node100,3,0.0
C_node50node100_timber_t4,0.0,1.0,B,C,timber,node50node100,4,0.0
C_node50node100_timber_t5,0.0,1.0,B,C,timber,node50node100,5,0.0
C_node50node100_wide_t0,0.0,0.0,B,C,wide,node50node100,0,0.0
C_node50node100_wide_t1,0.0,1.0,B,C,wide,node50node100,1,0.0
C_node50node100_wide_t2,0.0,1.0,B,C,wide,node50node100,2,0.0
C_node50node100_wide_t3,0.0,1.0,B,C,wide,node50node100,3,0.0
C_node50node100_wide_t4,0.0,1.0,B,C,wide,node50node100,4,0.0
C_node50node100_wide_t5,0.0,1.0,B,C,wide,node50node100,5,0.0
C_node51node85_timber_t0,0.0,0.0,B,C,timber,node51node85,0,56.0
C_node51node85_timber_t1,0.0,1.0,B,C,timber,node51node85,1,47.15
C_node51node85_timber_t2,0.0,1.0,B,C,timber,node51node85,2,33.43
C_node51node85_timber_t3,0.0,1.0,B,C,timber,node51node85,3,23.7
C_node51node85_timber_t4,0.0,1.0,B,C,timber,node51node85,4,16.8
C_node51node85_timber_t5,0.0,1.0,B,C,timber,node51node85,5,11.91
C_node51node85_wide_t0,0.0,0.0,B,C,wide,node51node85,0,84.0
C_node51node85_wide_t1,0.0,1.0,B,C,wide,node51node85,1,70.73
C_node51node85_wide_t2,0.0,1.0,B,C,wide,node51node85,2,50.14
C_node51node85_wide_t3,0.0,1.0,B,C,wide,node51node85,3,35.54
C_node51node85_wide_t4,0.0,1.0,B,C,wide,node51node85,4,25.2
C_node51node85_wide_t5,0.0,1.0,B,C,wide,node51node85,5,17.86
C_node51node109_timber_t0,0.0,0.0,B,C,timber,node51node109,0,0.0
C_node51node109_timber_t1,0.0,1.0,B,C,timber,node51node109,1,0.0
C_node51node109_timber_t2,0.0,1.0,B,C,timber,node51node109,2,0.0
C_node51node109_timber_t3,0.0,1.0,B,C,timber,node51node109,3,0.0
C_node51node109_timber_t4,0.0,1.0,B,C,timber,node51node109,4,0.0
C_node51node109_timber_t5,0.0,1.0,B,C,timber,node51node109,5,0.0
C_node51node109_wide_t0,0.0,0.0,B,C,wide,node51node109,0,0.0
C_node51node109_wide_t1,0.0,1.0,B,C,wide,node51node109,1,0.0
C_node51node109_wide_t2,0.0,1.0,B,C,wide,node51node109,2,0.0
C_node51node109_wide_t3,0.0,1.0,B,C,wide,node51node109,3,0.0
C_node51node109_wide_t4,0.0,1.0,B,C,wide,node51node109,4,0.0
C_node51node109_wide_t5,0.0,1.0,B,C,wide,node51node109,5,0.0
C_node51node112_timber_t0,0.0,0.0,B,C,timber,node51node112,0,0.0
C_node51node112_timber_t1,0.0,1.0,B,C,timber,node51node112,1,0.0
C_node51node112_timber_t2,0.0,1.0,B,C,timber,node51node112,2,0.0
C_node51node112_timber_t3,0.0,1.0,B,C,timber,node51node112,3,0.0
C_node51node112_timber_t4,0.0,1.0,B,C,timber,node51node112,4,0.0
C_node51node112_timber_t5,0.0,1.0,B,C,timber,node51node112,5,0.0
C_node51node112_wide_t0,0.0,0.0,B,C,wide,node51node112,0,0.0
C_node51node112_wide_t1,0.0,1.0,B,C,wide,node51node112,1,0.0
C_node51node112_wide_t2,0.0,1.0,B,C,wide,node51node112,2,0.0
C_node51node112_wide_t3,0.0,1.0,B,C,wide,node51node112,3,0.0
C_node51node112_wide_t4,0.0,1.0,B,C,wide,node51node112,4,0.0
C_node51node112_wide_t5,0.0,1.0,B,C,wide,node51node112,5,0.0
C_node51node114_timber_t0,0.0,0.0,B,C,timber,node51node114,0,0.0
C_node51node114_timber_t1,0.0,1.0,B,C,timber,node51node114,1,0.0
C_node51node114_timber_t2,0.0,1.0,B,C,timber,node51node114,2,0.0
C_node51node114_timber_t3,0.0,1.0,B,C,timber,node51node114,3,0.0
C_node51node114_timber_t4,0.0,1.0,B,C,timber,node51node114,4,0.0
C_node51node114_timber_t5,0.0,1.0,B,C,timber,node51node114,5,0.0
C_node51node114_wide_t0,0.0,0.0,B,C,wide,node51node114,0,0.0
C_node51node114_wide_t1,0.0,1.0,B,C,wide,node51node114,1,0.0
C_node51node114_wide_t2,0.0,1.0,B,C,wide,node51node114,2,0.0
C_node51node114_wide_t3,0.0,1.0,B,C,wide,node51node114,3,0.0
C_node51node114_wide_t4,0.0,1.0,B,C,wide,node51node114,4,0.0
C_node51node114_wide_t5,0.0,1.0,B,C,wide,node51node114,5,0.0
C_node52node83_timber_t0,0.0,0.0,B,C,timber,node52node83,0,234.0
C_node52node83_timber_t1,0.0,1.0,B,C,timber,node52node83,1,197.02
C_node52node83_timber_t2,0.0,1.0,B,C,timber,node52node83,2,139.67
C_node52node83_timber_t3,0.0,1.0,B,C,timber,node52node83,3,99.02
C_node52node83_timber_t4,0.0,1.0,B,C,timber,node52node83,4,70.19
C_node52node83_timber_t5,0.0,1.0,B,C,timber,node52node83,5,49.76
C_node52node83_wide_t0,0.0,0.0,B,C,wide,node52node83,0,351.0
C_node52node83_wide_t1,0.0,1.0,B,C,wide,node52node83,1,295.53
C_node52node83_wide_t2,0.0,1.0,B,C,wide,node52node83,2,209.51
C_node52node83_wide_t3,0.0,1.0,B,C,wide,node52node83,3,148.52
C_node52node83_wide_t4,0.0,1.0,B,C,wide,node52node83,4,105.29
C_node52node83_wide_t5,0.0,1.0,B,C,wide,node52node83,5,74.64
C_node52node107_timber_t0,0.0,0.0,B,C,timber,node52node107,0,0.0
C_node52node107_timber_t1,0.0,1.0,B,C,timber,node52node107,1,0.0
C_node52node107_timber_t2,0.0,1.0,B,C,timber,node52node107,2,0.0
C_node52node107_timber_t3,0.0,1.0,B,C,timber,node52node107,3,0.0
C_node52node107_timber_t4,0.0,1.0,B,C,timber,node52node107,4,0.0
C_node52node107_timber_t5,0.0,1.0,B,C,timber,node52node107,5,0.0
C_node52node107_wide_t0,0.0,0.0,B,C,wide,node52node107,0,0.0
C_node52node107_wide_t1,0.0,1.0,B,C,wide,node52node107,1,0.0
C_node52node107_wide_t2,0.0,1.0,B,C,wide,node52node107,2,0.0
C_node52node107_wide_t3,0.0,1.0,B,C,wide,node52node107,3,0.0
C_node52node107_wide_t4,0.0,1.0,B,C,wide,node52node107,4,0.0
C_node52node107_wide_t5,0.0,1.0,B,C,wide,node52node107,5,0.0
C_node53node93_timber_t0,0.0,0.0,B,C,timber,node53node93,0,0.0
C_node53node93_timber_t1,0.0,1.0,B,C,timber,node53node93,1,0.0
C_node53node93_timber_t2,0.0,1.0,B,C,timber,node53node93,2,0.0
C_node53node93_timber_t3,0.0,1.0,B,C,timber,node53node93,3,0.0
C_node53node93_timber_t4,0.0,1.0,B,C,timber,node53node93,4,0.0
C_node53node93_timber_t5,0.0,1.0,B,C,timber,node53node93,5,0.0
C_node53node93_wide_t0,0.0,0.0,B,C,wide,node53node93,0,0.0
C_node53node93_wide_t1,0.0,1.0,B,C,wide,node53node93,1,0.0
C_node53node93_wide_t2,0.0,1.0,B,C,wide,node53node93,2,0.0
C_node53node93_wide_t3,0.0,1.0,B,C,wide,node53node93,3,0.0
C_node53node93_wide_t4,0.0,1.0,B,C,wide,node53node93,4,0.0
C_node53node93_wide_t5,0.0,1.0,B,C,wide,node53node93,5,0.0
C_node54node96_timber_t0,0.0,0.0,B,C,timber,node54node96,0,0.0
C_node54node96_timber_t1,0.0,1.0,B,C,timber,node54node96,1,0.0
C_node54node96_timber_t2,0.0,1.0,B,C,timber,node54node96,2,0.0
C_node54node96_timber_t3,0.0,1.0,B,C,timber,node54node96,3,0.0
C_node54node96_timber_t4,0.0,1.0,B,C,timber,node54node96,4,0.0
C_node54node96_timber_t5,0.0,1.0,B,C,timber,node54node96,5,0.0
C_node54node96_wide_t0,0.0,0.0,B,C,wide,node54node96,0,0.0
C_node54node96_wide_t1,0.0,1.0,B,C,wide,node54node96,1,0.0
C_node54node96_wide_t2,0.0,1.0,B,C,wide,node54node96,2,0.0
C_node54node96_wide_t3,0.0,1.0,B,C,wide,node54node96,3,0.0
C_node54node96_wide_t4,0.0,1.0,B,C,wide,node54node96,4,0.0
C_node54node96_wide_t5,0.0,1.0,B,C,wide,node54node96,5,0.0
C_node54node102_timber_t0,0.0,0.0,B,C,timber,node54node102,0,0.0
C_node54node102_timber_t1,0.0,1.0,B,C,timber,node54node102,1,0.0
C_node54node102_timber_t2,0.0,1.0,B,C,timber,node54node102,2,0.0
C_node54node102_timber_t3,0.0,1.0,B,C,timber,node54node102,3,0.0
C_node54node102_timber_t4,0.0,1.0,B,C,timber,node54node102,4,0.0
C_node54node102_timber_t5,0.0,1.0,B,C,timber,node54node102,5,0.0
C_node54node102_wide_t0,0.0,0.0,B,C,wide,node54node102,0,0.0
C_node54node102_wide_t1,0.0,1.0,B,C,wide,node54node102,1,0.0
C_node54node102_wide_t2,0.0,1.0,B,C,wide,node54node102,2,0.0
C_node54node102_wide_t3,0.0,1.0,B,C,wide,node54node102,3,0.0
C_node54node102_wide_t4,0.0,1.0,B,C,wide,node54node102,4,0.0
C_node54node102_wide_t5,0.0,1.0,B,C,wide,node54node102,5,0.0
C_node55node103_timber_t0,0.0,0.0,B,C,timber,node55node103,0,0.0
C_node55node103_timber_t1,0.0,1.0,B,C,timber,node55node103,1,0.0
C_node55node103_timber_t2,0.0,1.0,B,C,timber,node55node103,2,0.0
C_node55node103_timber_t3,0.0,1.0,B,C,timber,node55node103,3,0.0
C_node55node103_timber_t4,0.0,1.0,B,C,timber,node55node103,4,0.0
C_node55node103_timber_t5,0.0,1.0,B,C,timber,node55node103,5,0.0
C_node55node103_wide_t0,0.0,0.0,B,C,wide,node55node103,0,0.0
C_node55node103_wide_t1,0.0,1.0,B,C,wide,node55node103,1,0.0
C_node55node103_wide_t2,0.0,1.0,B,C,wide,node55node103,2,0.0
C_node55node103_wide_t3,0.0,1.0,B,C,wide,node55node103,3,0.0
C_node55node103_wide_t4,0.0,1.0,B,C,wide,node55node103,4,0.0
C_node55node103_wide_t5,0.0,1.0,B,C,wide,node55node103,5,0.0
C_node55node104_timber_t0,0.0,0.0,B,C,timber,node55node104,0,0.0
C_node55node104_timber_t1,0.0,1.0,B,C,timber,node55node104,1,0.0
C_node55node104_timber_t2,0.0,1.0,B,C,timber,node55node104,2,0.0
C_node55node104_timber_t3,0.0,1.0,B,C,timber,node55node104,3,0.0
C_node55node104_timber_t4,0.0,1.0,B,C,timber,node55node104,4,0.0
C_node55node104_timber_t5,0.0,1.0,B,C,timber,node55node104,5,0.0
C_node55node104_wide_t0,0.0,0.0,B,C,wide,node55node104,0,0.0
C_node55node104_wide_t1,0.0,1.0,B,C,wide,node55node104,1,0.0
C_node55node104_wide_t2,0.0,1.0,B,C,wide,node55node104,2,0.0
C_node55node104_wide_t3,0.0,1.0,B,C,wide,node55node104,3,0.0
C_node55node104_wide_t4,0.0,1.0,B,C,wide,node55node104,4,0.0
C_node55node104_wide_t5,0.0,1.0,B,C,wide,node55node104,5,0.0
C_node55node110_timber_t0,0.0,0.0,B,C,timber,node55node110,0,0.0
C_node55node110_timber_t1,0.0,1.0,B,C,timber,node55node110,1,0.0
C_node55node110_timber_t2,0.0,1.0,B,C,timber,node55node110,2,0.0
C_node55node110_timber_t3,0.0,1.0,B,C,timber,node55node110,3,0.0
C_node55node110_timber_t4,0.0,1.0,B,C,timber,node55node110,4,0.0
C_node55node110_timber_t5,0.0,1.0,B,C,timber,node55node110,5,0.0
C_node55node110_wide_t0,0.0,0.0,B,C,wide,node55node110,0,0.0
C_node55node110_wide_t1,0.0,1.0,B,C,wide,node55node110,1,0.0
C_node55node110_wide_t2,0.0,1.0,B,C,wide,node55node110,2,0.0
C_node55node110_wide_t3,0.0,1.0,B,C,wide,node55node110,3,0.0
C_node55node110_wide_t4,0.0,1.0,B,C,wide,node55node110,4,0.0
C_node55node110_wide_t5,0.0,1.0,B,C,wide,node55node110,5,0.0
C_node56node71_timber_t0,0.0,0.0,B,C,timber,node56node71,0,316.0
C_node56node71_timber_t1,0.0,1.0,B,C,timber,node56node71,1,266.06
C_node56node71_timber_t2,0.0,1.0,B,C,timber,node56node71,2,188.62
C_node56node71_timber_t3,0.0,1.0,B,C,timber,node56node71,3,133.71
C_node56node71_timber_t4,0.0,1.0,B,C,timber,node56node71,4,94.79
C_node56node71_timber_t5,0.0,1.0,B,C,timber,node56node71,5,67.2
C_node56node71_wide_t0,0.0,0.0,B,C,wide,node56node71,0,474.0
C_node56node71_wide_t1,0.0,1.0,B,C,wide,node56node71,1,399.1
C_node56node71_wide_t2,0.0,1.0,B,C,wide,node56node71,2,282.93
C_node56node71_wide_t3,0.0,1.0,B,C,wide,node56node71,3,200.57
C_node56node71_wide_t4,0.0,1.0,B,C,wide,node56node71,4,142.19
C_node56node71_wide_t5,0.0,1.0,B,C,wide,node56node71,5,100.8
C_node56node64_timber_t0,0.0,0.0,B,C,timber,node56node64,0,495.0
C_node56node64_timber_t1,0.0,1.0,B,C,timber,node56node64,1,416.78
C_node56node64_timber_t2,0.0,1.0,B,C,timber,node56node64,2,295.46
C_node56node64_timber_t3,0.0,1.0,B,C,timber,node56node64,3,209.46
C_node56node64_timber_t4,0.0,1.0,B,C,timber,node56node64,4,148.49
C_node56node64_timber_t5,0.0,1.0,B,C,timber,node56node64,5,105.27
C_node56node64_wide_t0,0.0,0.0,B,C,wide,node56node64,0,741.0
C_node56node64_wide_t1,0.0,1.0,B,C,wide,node56node64,1,623.9
C_node56node64_wide_t2,0.0,1.0,B,C,wide,node56node64,2,442.3
C_node56node64_wide_t3,0.0,1.0,B,C,wide,node56node64,3,313.55
C_node56node64_wide_t4,0.0,1.0,B,C,wide,node56node64,4,222.28
C_node56node64_wide_t5,0.0,1.0,B,C,wide,node56node64,5,157.58
C_node56node90_timber_t0,0.0,0.0,B,C,timber,node56node90,0,0.0
C_node56node90_timber_t1,0.0,1.0,B,C,timber,node56node90,1,0.0
C_node56node90_timber_t2,0.0,1.0,B,C,timber,node56node90,2,0.0
C_node56node90_timber_t3,0.0,1.0,B,C,timber,node56node90,3,0.0
C_node56node90_timber_t4,0.0,1.0,B,C,timber,node56node90,4,0.0
C_node56node90_timber_t5,0.0,1.0,B,C,timber,node56node90,5,0.0
C_node56node90_wide_t0,0.0,0.0,B,C,wide,node56node90,0,0.0
C_node56node90_wide_t1,0.0,1.0,B,C,wide,node56node90,1,0.0
C_node56node90_wide_t2,0.0,1.0,B,C,wide,node56node90,2,0.0
C_node56node90_wide_t3,0.0,1.0,B,C,wide,node56node90,3,0.0
C_node56node90_wide_t4,0.0,1.0,B,C,wide,node56node90,4,0.0
C_node56node90_wide_t5,0.0,1.0,B,C,wide,node56node90,5,0.0
C_node56node97_timber_t0,0.0,0.0,B,C,timber,node56node97,0,0.0
C_node56node97_timber_t1,0.0,1.0,B,C,timber,node56node97,1,0.0
C_node56node97_timber_t2,0.0,1.0,B,C,timber,node56node97,2,0.0
C_node56node97_timber_t3,0.0,1.0,B,C,timber,node56node97,3,0.0
C_node56node97_timber_t4,0.0,1.0,B,C,timber,node56node97,4,0.0
C_node56node97_timber_t5,0.0,1.0,B,C,timber,node56node97,5,0.0
C_node56node97_wide_t0,0.0,0.0,B,C,wide,node56node97,0,0.0
C_node56node97_wide_t1,0.0,1.0,B,C,wide,node56node97,1,0.0
C_node56node97_wide_t2,0.0,1.0,B,C,wide,node56node97,2,0.0
C_node56node97_wide_t3,0.0,1.0,B,C,wide,node56node97,3,0.0
C_node56node97_wide_t4,0.0,1.0,B,C,wide,node56node97,4,0.0
C_node56node97_wide_t5,0.0,1.0,B,C,wide,node56node97,5,0.0
C_node57node65_timber_t0,0.0,0.0,B,C,timber,node57node65,0,1018.0
C_node57node65_timber_t1,0.0,1.0,B,C,timber,node57node65,1,857.13
C_node57node65_timber_t2,0.0,1.0,B,C,timber,node57node65,2,607.63
C_node57node65_timber_t3,0.0,1.0,B,C,timber,node57node65,3,430.76
C_node57node65_timber_t4,0.0,1.0,B,C,timber,node57node65,4,305.38
C_node57node65_timber_t5,0.0,1.0,B,C,timber,node57node65,5,216.49
C_node57node65_wide_t0,0.0,0.0,B,C,wide,node57node65,0,1527.0
C_node57node65_wide_t1,0.0,1.0,B,C,wide,node57node65,1,1285.69
C_node57node65_wide_t2,0.0,1.0,B,C,wide,node57node65,2,911.45
C_node57node65_wide_t3,0.0,1.0,B,C,wide,node57node65,3,646.15
C_node57node65_wide_t4,0.0,1.0,B,C,wide,node57node65,4,458.06
C_node57node65_wide_t5,0.0,1.0,B,C,wide,node57node65,5,324.73
C_node57node91_timber_t0,0.0,0.0,B,C,timber,node57node91,0,0.0
C_node57node91_timber_t1,0.0,1.0,B,C,timber,node57node91,1,0.0
C_node57node91_timber_t2,0.0,1.0,B,C,timber,node57node91,2,0.0
C_node57node91_timber_t3,0.0,1.0,B,C,timber,node57node91,3,0.0
C_node57node91_timber_t4,0.0,1.0,B,C,timber,node57node91,4,0.0
C_node57node91_timber_t5,0.0,1.0,B,C,timber,node57node91,5,0.0
C_node57node91_wide_t0,0.0,0.0,B,C,wide,node57node91,0,0.0
C_node57node91_wide_t1,0.0,1.0,B,C,wide,node57node91,1,0.0
C_node57node91_wide_t2,0.0,1.0,B,C,wide,node57node91,2,0.0
C_node57node91_wide_t3,0.0,1.0,B,C,wide,node57node91,3,0.0
C_node57node91_wide_t4,0.0,1.0,B,C,wide,node57node91,4,0.0
C_node57node91_wide_t5,0.0,1.0,B,C,wide,node57node91,5,0.0
C_node58node65_timber_t0,0.0,0.0,B,C,timber,node58node65,0,5209.0
C_node58node65_timber_t1,0.0,1.0,B,C,timber,node58node65,1,4385.84
C_node58node65_timber_t2,0.0,1.0,B,C,timber,node58node65,2,3109.2
C_node58node65_timber_t3,0.0,1.0,B,C,timber,node58node65,3,2204.17
C_node58node65_timber_t4,0.0,1.0,B,C,timber,node58node65,4,1562.58
C_node58node65_timber_t5,0.0,1.0,B,C,timber,node58node65,5,1107.74
C_node58node65_wide_t0,0.0,0.0,B,C,wide,node58node65,0,7814.0
C_node58node65_wide_t1,0.0,1.0,B,C,wide,node58node65,1,6579.18
C_node58node65_wide_t2,0.0,1.0,B,C,wide,node58node65,2,4664.1
C_node58node65_wide_t3,0.0,1.0,B,C,wide,node58node65,3,3306.47
C_node58node65_wide_t4,0.0,1.0,B,C,wide,node58node65,4,2344.02
C_node58node65_wide_t5,0.0,1.0,B,C,wide,node58node65,5,1661.72
C_node58node73_timber_t0,0.0,0.0,B,C,timber,node58node73,0,420.0
C_node58node73_timber_t1,0.0,1.0,B,C,timber,node58node73,1,353.63
C_node58node73_timber_t2,0.0,1.0,B,C,timber,node58node73,2,250.69
C_node58node73_timber_t3,0.0,1.0,B,C,timber,node58node73,3,177.72
C_node58node73_timber_t4,0.0,1.0,B,C,timber,node58node73,4,125.99
C_node58node73_timber_t5,0.0,1.0,B,C,timber,node58node73,5,89.32
C_node58node73_wide_t0,0.0,0.0,B,C,wide,node58node73,0,630.0
C_node58node73_wide_t1,0.0,1.0,B,C,wide,node58node73,1,530.44
C_node58node73_wide_t2,0.0,1.0,B,C,wide,node58node73,2,376.04
C_node58node73_wide_t3,0.0,1.0,B,C,wide,node58node73,3,266.58
C_node58node73_wide_t4,0.0,1.0,B,C,wide,node58node73,4,188.99
C_node58node73_wide_t5,0.0,1.0,B,C,wide,node58node73,5,133.98
C_node58node91_timber_t0,0.0,0.0,B,C,timber,node58node91,0,0.0
C_node58node91_timber_t1,0.0,1.0,B,C,timber,node58node91,1,0.0
C_node58node91_timber_t2,0.0,1.0,B,C,timber,node58node91,2,0.0
C_node58node91_timber_t3,0.0,1.0,B,C,timber,node58node91,3,0.0
C_node58node91_timber_t4,0.0,1.0,B,C,timber,node58node91,4,0.0
C_node58node91_timber_t5,0.0,1.0,B,C,timber,node58node91,5,0.0
C_node58node91_wide_t0,0.0,0.0,B,C,wide,node58node91,0,0.0
C_node58node91_wide_t1,0.0,1.0,B,C,wide,node58node91,1,0.0
C_node58node91_wide_t2,0.0,1.0,B,C,wide,node58node91,2,0.0
C_node58node91_wide_t3,0.0,1.0,B,C,wide,node58node91,3,0.0
C_node58node91_wide_t4,0.0,1.0,B,C,wide,node58node91,4,0.0
C_node58node91_wide_t5,0.0,1.0,B,C,wide,node58node91,5,0.0
C_node58node98_timber_t0,0.0,0.0,B,C,timber,node58node98,0,0.0
C_node58node98_timber_t1,0.0,1.0,B,C,timber,node58node98,1,0.0
C_node58node98_timber_t2,0.0,1.0,B,C,timber,node58node98,2,0.0
C_node58node98_timber_t3,0.0,1.0,B,C,timber,node58node98,3,0.0
C_node58node98_timber_t4,0.0,1.0,B,C,timber,node58node98,4,0.0
C_node58node98_timber_t5,0.0,1.0,B,C,timber,node58node98,5,0.0
C_node58node98_wide_t0,0.0,0.0,B,C,wide,node58node98,0,0.0
C_node58node98_wide_t1,0.0,1.0,B,C,wide,node58node98,1,0.0
C_node58node98_wide_t2,0.0,1.0,B,C,wide,node58node98,2,0.0
C_node58node98_wide_t3,0.0,1.0,B,C,wide,node58node98,3,0.0
C_node58node98_wide_t4,0.0,1.0,B,C,wide,node58node98,4,0.0
C_node58node98_wide_t5,0.0,1.0,B,C,wide,node58node98,5,0.0
C_node59node100_timber_t0,0.0,0.0,B,C,timber,node59node100,0,0.0
C_node59node100_timber_t1,0.0,1.0,B,C,timber,node59node100,1,0.0
C_node59node100_timber_t2,0.0,1.0,B,C,timber,node59node100,2,0.0
C_node59node100_timber_t3,0.0,1.0,B,C,timber,node59node100,3,0.0
C_node59node100_timber_t4,0.0,1.0,B,C,timber,node59node100,4,0.0
C_node59node100_timber_t5,0.0,1.0,B,C,timber,node59node100,5,0.0
C_node59node100_wide_t0,0.0,0.0,B,C,wide,node59node100,0,0.0
C_node59node100_wide_t1,0.0,1.0,B,C,wide,node59node100,1,0.0
C_node59node100_wide_t2,0.0,1.0,B,C,wide,node59node100,2,0.0
C_node59node100_wide_t3,0.0,1.0,B,C,wide,node59node100,3,0.0
C_node59node100_wide_t4,0.0,1.0,B,C,wide,node59node100,4,0.0
C_node59node100_wide_t5,0.0,1.0,B,C,wide,node59node100,5,0.0
C_node59node101_timber_t0,0.0,0.0,B,C,timber,node59node101,0,0.0
C_node59node101_timber_t1,0.0,1.0,B,C,timber,node59node101,1,0.0
C_node59node101_timber_t2,0.0,1.0,B,C,timber,node59node101,2,0.0
C_node59node101_timber_t3,0.0,1.0,B,C,timber,node59node101,3,0.0
C_node59node101_timber_t4,0.0,1.0,B,C,timber,node59node101,4,0.0
C_node59node101_timber_t5,0.0,1.0,B,C,timber,node59node101,5,0.0
C_node59node101_wide_t0,0.0,0.0,B,C,wide,node59node101,0,0.0
C_node59node101_wide_t1,0.0,1.0,B,C,wide,node59node101,1,0.0
C_node59node101_wide_t2,0.0,1.0,B,C,wide,node59node101,2,0.0
C_node59node101_wide_t3,0.0,1.0,B,C,wide,node59node101,3,0.0
C_node59node101_wide_t4,0.0,1.0,B,C,wide,node59node101,4,0.0
C_node59node101_wide_t5,0.0,1.0,B,C,wide,node59node101,5,0.0
C_node60node84_timber_t0,0.0,0.0,B,C,timber,node60node84,0,93.0
C_node60node84_timber_t1,0.0,1.0,B,C,timber,node60node84,1,78.3
C_node60node84_timber_t2,0.0,1.0,B,C,timber,node60node84,2,55.51
C_node60node84_timber_t3,0.0,1.0,B,C,timber,node60node84,3,39.35
C_node60node84_timber_t4,0.0,1.0,B,C,timber,node60node84,4,27.9
C_node60node84_timber_t5,0.0,1.0,B,C,timber,node60node84,5,19.78
C_node60node84_wide_t0,0.0,0.0,B,C,wide,node60node84,0,140.0
C_node60node84_wide_t1,0.0,1.0,B,C,wide,node60node84,1,117.88
C_node60node84_wide_t2,0.0,1.0,B,C,wide,node60node84,2,83.56
C_node60node84_wide_t3,0.0,1.0,B,C,wide,node60node84,3,59.24
C_node60node84_wide_t4,0.0,1.0,B,C,wide,node60node84,4,42.0
C_node60node84_wide_t5,0.0,1.0,B,C,wide,node60node84,5,29.77
C_node60node86_timber_t0,0.0,0.0,B,C,timber,node60node86,0,622.0
C_node60node86_timber_t1,0.0,1.0,B,C,timber,node60node86,1,523.71
C_node60node86_timber_t2,0.0,1.0,B,C,timber,node60node86,2,371.27
C_node60node86_timber_t3,0.0,1.0,B,C,timber,node60node86,3,263.2
C_node60node86_timber_t4,0.0,1.0,B,C,timber,node60node86,4,186.59
C_node60node86_timber_t5,0.0,1.0,B,C,timber,node60node86,5,132.27
C_node60node86_wide_t0,0.0,0.0,B,C,wide,node60node86,0,933.0
C_node60node86_wide_t1,0.0,1.0,B,C,wide,node60node86,1,785.56
C_node60node86_wide_t2,0.0,1.0,B,C,wide,node60node86,2,556.9
C_node60node86_wide_t3,0.0,1.0,B,C,wide,node60node86,3,394.8
C_node60node86_wide_t4,0.0,1.0,B,C,wide,node60node86,4,279.88
C_node60node86_wide_t5,0.0,1.0,B,C,wide,node60node86,5,198.41
C_node60node109_timber_t0,0.0,0.0,B,C,timber,node60node109,0,0.0
C_node60node109_timber_t1,0.0,1.0,B,C,timber,node60node109,1,0.0
C_node60node109_timber_t2,0.0,1.0,B,C,timber,node60node109,2,0.0
C_node60node109_timber_t3,0.0,1.0,B,C,timber,node60node109,3,0.0
C_node60node109_timber_t4,0.0,1.0,B,C,timber,node60node109,4,0.0
C_node60node109_timber_t5,0.0,1.0,B,C,timber,node60node109,5,0.0
C_node60node109_wide_t0,0.0,0.0,B,C,wide,node60node109,0,0.0
C_node60node109_wide_t1,0.0,1.0,B,C,wide,node60node109,1,0.0
C_node60node109_wide_t2,0.0,1.0,B,C,wide,node60node109,2,0.0
C_node60node109_wide_t3,0.0,1.0,B,C,wide,node60node109,3,0.0
C_node60node109_wide_t4,0.0,1.0,B,C,wide,node60node109,4,0.0
C_node60node109_wide_t5,0.0,1.0,B,C,wide,node60node109,5,0.0
C_node60node111_timber_t0,0.0,0.0,B,C,timber,node60node111,0,0.0
C_node60node111_timber_t1,0.0,1.0,B,C,timber,node60node111,1,0.0
C_node60node111_timber_t2,0.0,1.0,B,C,timber,node60node111,2,0.0
C_node60node111_timber_t3,0.0,1.0,B,C,timber,node60node111,3,0.0
C_node60node111_timber_t4,0.0,1.0,B,C,timber,node60node111,4,0.0
C_node60node111_timber_t5,0.0,1.0,B,C,timber,node60node111,5,0.0
C_node60node111_wide_t0,0.0,0.0,B,C,wide,node60node111,0,0.0
C_node60node111_wide_t1,0.0,1.0,B,C,wide,node60node111,1,0.0
C_node60node111_wide_t2,0.0,1.0,B,C,wide,node60node111,2,0.0
C_node60node111_wide_t3,0.0,1.0,B,C,wide,node60node111,3,0.0
C_node60node111_wide_t4,0.0,1.0,B,C,wide,node60node111,4,0.0
C_node60node111_wide_t5,0.0,1.0,B,C,wide,node60node111,5,0.0
C_node61node75_timber_t0,0.0,0.0,B,C,timber,node61node75,0,328.0
C_node61node75_timber_t1,0.0,1.0,B,C,timber,node61node75,1,276.17
C_node61node75_timber_t2,0.0,1.0,B,C,timber,node61node75,2,195.78
C_node61node75_timber_t3,0.0,1.0,B,C,timber,node61node75,3,138.79
C_node61node75_timber_t4,0.0,1.0,B,C,timber,node61node75,4,98.39
C_node61node75_timber_t5,0.0,1.0,B,C,timber,node61node75,5,69.75
C_node61node75_wide_t0,0.0,0.0,B,C,wide,node61node75,0,492.0
C_node61node75_wide_t1,0.0,1.0,B,C,wide,node61node75,1,414.25
C_node61node75_wide_t2,0.0,1.0,B,C,wide,node61node75,2,293.67
C_node61node75_wide_t3,0.0,1.0,B,C,wide,node61node75,3,208.19
C_node61node75_wide_t4,0.0,1.0,B,C,wide,node61node75,4,147.59
C_node61node75_wide_t5,0.0,1.0,B,C,wide,node61node75,5,104.63
C_node61node77_timber_t0,0.0,0.0,B,C,timber,node61node77,0,2062.0
C_node61node77_timber_t1,0.0,1.0,B,C,timber,node61node77,1,1736.15
C_node61node77_timber_t2,0.0,1.0,B,C,timber,node61node77,2,1230.79
C_node61node77_timber_t3,0.0,1.0,B,C,timber,node61node77,3,872.53
C_node61node77_timber_t4,0.0,1.0,B,C,timber,node61node77,4,618.55
C_node61node77_timber_t5,0.0,1.0,B,C,timber,node61node77,5,438.5
C_node61node77_wide_t0,0.0,0.0,B,C,wide,node61node77,0,3092.0
C_node61node77_wide_t1,0.0,1.0,B,C,wide,node61node77,1,2603.38
C_node61node77_wide_t2,0.0,1.0,B,C,wide,node61node77,2,1845.59
C_node61node77_wide_t3,0.0,1.0,B,C,wide,node61node77,3,1308.37
C_node61node77_wide_t4,0.0,1.0,B,C,wide,node61node77,4,927.53
C_node61node77_wide_t5,0.0,1.0,B,C,wide,node61node77,5,657.54
C_node61node99_timber_t0,0.0,0.0,B,C,timber,node61node99,0,0.0
C_node61node99_timber_t1,0.0,1.0,B,C,timber,node61node99,1,0.0
C_node61node99_timber_t2,0.0,1.0,B,C,timber,node61node99,2,0.0
C_node61node99_timber_t3,0.0,1.0,B,C,timber,node61node99,3,0.0
C_node61node99_timber_t4,0.0,1.0,B,C,timber,node61node99,4,0.0
C_node61node99_timber_t5,0.0,1.0,B,C,timber,node61node99,5,0.0
C_node61node99_wide_t0,0.0,0.0,B,C,wide,node61node99,0,0.0
C_node61node99_wide_t1,0.0,1.0,B,C,wide,node61node99,1,0.0
C_node61node99_wide_t2,0.0,1.0,B,C,wide,node61node99,2,0.0
C_node61node99_wide_t3,0.0,1.0,B,C,wide,node61node99,3,0.0
C_node61node99_wide_t4,0.0,1.0,B,C,wide,node61node99,4,0.0
C_node61node99_wide_t5,0.0,1.0,B,C,wide,node61node99,5,0.0
C_node61node100_timber_t0,0.0,0.0,B,C,timber,node61node100,0,0.0
C_node61node100_timber_t1,0.0,1.0,B,C,timber,node61node100,1,0.0
C_node61node100_timber_t2,0.0,1.0,B,C,timber,node61node100,2,0.0
C_node61node100_timber_t3,0.0,1.0,B,C,timber,node61node100,3,0.0
C_node61node100_timber_t4,0.0,1.0,B,C,timber,node61node100,4,0.0
C_node61node100_timber_t5,0.0,1.0,B,C,timber,node61node100,5,0.0
C_node61node100_wide_t0,0.0,0.0,B,C,wide,node61node100,0,0.0
C_node61node100_wide_t1,0.0,1.0,B,C,wide,node61node100,1,0.0
C_node61node100_wide_t2,0.0,1.0,B,C,wide,node61node100,2,0.0
C_node61node100_wide_t3,0.0,1.0,B,C,wide,node61node100,3,0.0
C_node61node100_wide_t4,0.0,1.0,B,C,wide,node61node100,4,0.0
C_node61node100_wide_t5,0.0,1.0,B,C,wide,node61node100,5,0.0
C_node62node64_timber_t0,0.0,0.0,B,C,timber,node62node64,0,1354.0
C_node62node64_timber_t1,0.0,1.0,B,C,timber,node62node64,1,1140.03
C_node62node64_timber_t2,0.0,1.0,B,C,timber,node62node64,2,808.19
C_node62node64_timber_t3,0.0,1.0,B,C,timber,node62node64,3,572.94
C_node62node64_timber_t4,0.0,1.0,B,C,timber,node62node64,4,406.17
C_node62node64_timber_t5,0.0,1.0,B,C,timber,node62node64,5,287.94
C_node62node64_wide_t0,0.0,0.0,B,C,wide,node62node64,0,2029.0
C_node62node64_wide_t1,0.0,1.0,B,C,wide,node62node64,1,1708.36
C_node62node64_wide_t2,0.0,1.0,B,C,wide,node62node64,2,1211.09
C_node62node64_wide_t3,0.0,1.0,B,C,wide,node62node64,3,858.57
C_node62node64_wide_t4,0.0,1.0,B,C,wide,node62node64,4,608.65
C_node62node64_wide_t5,0.0,1.0,B,C,wide,node62node64,5,431.49
C_node62node63_timber_t0,0.0,0.0,B,C,timber,node62node63,0,7583.0
C_node62node63_timber_t1,0.0,1.0,B,C,timber,node62node63,1,6384.68
C_node62node63_timber_t2,0.0,1.0,B,C,timber,node62node63,2,4526.22
C_node62node63_timber_t3,0.0,1.0,B,C,timber,node62node63,3,3208.72
C_node62node63_timber_t4,0.0,1.0,B,C,timber,node62node63,4,2274.72
C_node62node63_timber_t5,0.0,1.0,B,C,timber,node62node63,5,1612.6
C_node62node63_wide_t0,0.0,0.0,B,C,wide,node62node63,0,11376.0
C_node62node63_wide_t1,0.0,1.0,B,C,wide,node62node63,1,9578.29
C_node62node63_wide_t2,0.0,1.0,B,C,wide,node62node63,2,6790.23
C_node62node63_wide_t3,0.0,1.0,B,C,wide,node62node63,3,4813.72
C_node62node63_wide_t4,0.0,1.0,B,C,wide,node62node63,4,3412.54
C_node62node63_wide_t5,0.0,1.0,B,C,wide,node62node63,5,2419.21
C_node62node90_timber_t0,0.0,0.0,B,C,timber,node62node90,0,0.0
C_node62node90_timber_t1,0.0,1.0,B,C,timber,node62node90,1,0.0
C_node62node90_timber_t2,0.0,1.0,B,C,timber,node62node90,2,0.0
C_node62node90_timber_t3,0.0,1.0,B,C,timber,node62node90,3,0.0
C_node62node90_timber_t4,0.0,1.0,B,C,timber,node62node90,4,0.0
C_node62node90_timber_t5,0.0,1.0,B,C,timber,node62node90,5,0.0
C_node62node90_wide_t0,0.0,0.0,B,C,wide,node62node90,0,0.0
C_node62node90_wide_t1,0.0,1.0,B,C,wide,node62node90,1,0.0
C_node62node90_wide_t2,0.0,1.0,B,C,wide,node62node90,2,0.0
C_node62node90_wide_t3,0.0,1.0,B,C,wide,node62node90,3,0.0
C_node62node90_wide_t4,0.0,1.0,B,C,wide,node62node90,4,0.0
C_node62node90_wide_t5,0.0,1.0,B,C,wide,node62node90,5,0.0
C_node63node90_timber_t0,0.0,0.0,B,C,timber,node63node90,0,0.0
C_node63node90_timber_t1,0.0,1.0,B,C,timber,node63node90,1,0.0
C_node63node90_timber_t2,0.0,1.0,B,C,timber,node63node90,2,0.0
C_node63node90_timber_t3,0.0,1.0,B,C,timber,node63node90,3,0.0
C_node63node90_timber_t4,0.0,1.0,B,C,timber,node63node90,4,0.0
C_node63node90_timber_t5,0.0,1.0,B,C,timber,node63node90,5,0.0
C_node63node90_wide_t0,0.0,0.0,B,C,wide,node63node90,0,0.0
C_node63node90_wide_t1,0.0,1.0,B,C,wide,node63node90,1,0.0
C_node63node90_wide_t2,0.0,1.0,B,C,wide,node63node90,2,0.0
C_node63node90_wide_t3,0.0,1.0,B,C,wide,node63node90,3,0.0
C_node63node90_wide_t4,0.0,1.0,B,C,wide,node63node90,4,0.0
C_node63node90_wide_t5,0.0,1.0,B,C,wide,node63node90,5,0.0
C_node64node90_timber_t0,0.0,0.0,B,C,timber,node64node90,0,0.0
C_node64node90_timber_t1,0.0,1.0,B,C,timber,node64node90,1,0.0
C_node64node90_timber_t2,0.0,1.0,B,C,timber,node64node90,2,0.0
C_node64node90_timber_t3,0.0,1.0,B,C,timber,node64node90,3,0.0
C_node64node90_timber_t4,0.0,1.0,B,C,timber,node64node90,4,0.0
C_node64node90_timber_t5,0.0,1.0,B,C,timber,node64node90,5,0.0
C_node64node90_wide_t0,0.0,0.0,B,C,wide,node64node90,0,0.0
C_node64node90_wide_t1,0.0,1.0,B,C,wide,node64node90,1,0.0
C_node64node90_wide_t2,0.0,1.0,B,C,wide,node64node90,2,0.0
C_node64node90_wide_t3,0.0,1.0,B,C,wide,node64node90,3,0.0
C_node64node90_wide_t4,0.0,1.0,B,C,wide,node64node90,4,0.0
C_node64node90_wide_t5,0.0,1.0,B,C,wide,node64node90,5,0.0
C_node65node91_timber_t0,0.0,0.0,B,C,timber,node65node91,0,0.0
C_node65node91_timber_t1,0.0,1.0,B,C,timber,node65node91,1,0.0
C_node65node91_timber_t2,0.0,1.0,B,C,timber,node65node91,2,0.0
C_node65node91_timber_t3,0.0,1.0,B,C,timber,node65node91,3,0.0
C_node65node91_timber_t4,0.0,1.0,B,C,timber,node65node91,4,0.0
C_node65node91_timber_t5,0.0,1.0,B,C,timber,node65node91,5,0.0
C_node65node91_wide_t0,0.0,0.0,B,C,wide,node65node91,0,0.0
C_node65node91_wide_t1,0.0,1.0,B,C,wide,node65node91,1,0.0
C_node65node91_wide_t2,0.0,1.0,B,C,wide,node65node91,2,0.0
C_node65node91_wide_t3,0.0,1.0,B,C,wide,node65node91,3,0.0
C_node65node91_wide_t4,0.0,1.0,B,C,wide,node65node91,4,0.0
C_node65node91_wide_t5,0.0,1.0,B,C,wide,node65node91,5,0.0
C_node66node69_timber_t0,0.0,0.0,B,C,timber,node66node69,0,360.0
C_node66node69_timber_t1,0.0,1.0,B,C,timber,node66node69,1,303.11
C_node66node69_timber_t2,0.0,1.0,B,C,timber,node66node69,2,214.88
C_node66node69_timber_t3,0.0,1.0,B,C,timber,node66node69,3,152.33
C_node66node69_timber_t4,0.0,1.0,B,C,timber,node66node69,4,107.99
C_node66node69_timber_t5,0.0,1.0,B,C,timber,node66node69,5,76.56
C_node66node69_wide_t0,0.0,0.0,B,C,wide,node66node69,0,541.0
C_node66node69_wide_t1,0.0,1.0,B,C,wide,node66node69,1,455.51
C_node66node69_wide_t2,0.0,1.0,B,C,wide,node66node69,2,322.92
C_node66node69_wide_t3,0.0,1.0,B,C,wide,node66node69,3,228.92
C_node66node69_wide_t4,0.0,1.0,B,C,wide,node66node69,4,162.29
C_node66node69_wide_t5,0.0,1.0,B,C,wide,node66node69,5,115.05
C_node66node68_timber_t0,0.0,0.0,B,C,timber,node66node68,0,432.0
C_node66node68_timber_t1,0.0,1.0,B,C,timber,node66node68,1,363.73
C_node66node68_timber_t2,0.0,1.0,B,C,timber,node66node68,2,257.86
C_node66node68_timber_t3,0.0,1.0,B,C,timber,node66node68,3,182.8
C_node66node68_timber_t4,0.0,1.0,B,C,timber,node66node68,4,129.59
C_node66node68_timber_t5,0.0,1.0,B,C,timber,node66node68,5,91.87
C_node66node68_wide_t0,0.0,0.0,B,C,wide,node66node68,0,649.0
C_node66node68_wide_t1,0.0,1.0,B,C,wide,node66node68,1,546.44
C_node66node68_wide_t2,0.0,1.0,B,C,wide,node66node68,2,387.38
C_node66node68_wide_t3,0.0,1.0,B,C,wide,node66node68,3,274.62
C_node66node68_wide_t4,0.0,1.0,B,C,wide,node66node68,4,194.68
C_node66node68_wide_t5,0.0,1.0,B,C,wide,node66node68,5,138.02
C_node66node94_timber_t0,0.0,0.0,B,C,timber,node66node94,0,0.0
C_node66node94_timber_t1,0.0,1.0,B,C,timber,node66node94,1,0.0
C_node66node94_timber_t2,0.0,1.0,B,C,timber,node66node94,2,0.0
C_node66node94_timber_t3,0.0,1.0,B,C,timber,node66node94,3,0.0
C_node66node94_timber_t4,0.0,1.0,B,C,timber,node66node94,4,0.0
C_node66node94_timber_t5,0.0,1.0,B,C,timber,node66node94,5,0.0
C_node66node94_wide_t0,0.0,0.0,B,C,wide,node66node94,0,0.0
C_node66node94_wide_t1,0.0,1.0,B,C,wide,node66node94,1,0.0
C_node66node94_wide_t2,0.0,1.0,B,C,wide,node66node94,2,0.0
C_node66node94_wide_t3,0.0,1.0,B,C,wide,node66node94,3,0.0
C_node66node94_wide_t4,0.0,1.0,B,C,wide,node66node94,4,0.0
C_node66node94_wide_t5,0.0,1.0,B,C,wide,node66node94,5,0.0
C_node67node68_timber_t0,0.0,0.0,B,C,timber,node67node68,0,432.0
C_node67node68_timber_t1,0.0,1.0,B,C,timber,node67node68,1,363.73
C_node67node68_timber_t2,0.0,1.0,B,C,timber,node67node68,2,257.86
C_node67node68_timber_t3,0.0,1.0,B,C,timber,node67node68,3,182.8
C_node67node68_timber_t4,0.0,1.0,B,C,timber,node67node68,4,129.59
C_node67node68_timber_t5,0.0,1.0,B,C,timber,node67node68,5,91.87
C_node67node68_wide_t0,0.0,0.0,B,C,wide,node67node68,0,648.0
C_node67node68_wide_t1,0.0,1.0,B,C,wide,node67node68,1,545.6
C_node67node68_wide_t2,0.0,1.0,B,C,wide,node67node68,2,386.79
C_node67node68_wide_t3,0.0,1.0,B,C,wide,node67node68,3,274.2
C_node67node68_wide_t4,0.0,1.0,B,C,wide,node67node68,4,194.39
C_node67node68_wide_t5,0.0,1.0,B,C,wide,node67node68,5,137.8
C_node67node94_timber_t0,0.0,0.0,B,C,timber,node67node94,0,0.0
C_node67node94_timber_t1,0.0,1.0,B,C,timber,node67node94,1,0.0
C_node67node94_timber_t2,0.0,1.0,B,C,timber,node67node94,2,0.0
C_node67node94_timber_t3,0.0,1.0,B,C,timber,node67node94,3,0.0
C_node67node94_timber_t4,0.0,1.0,B,C,timber,node67node94,4,0.0
C_node67node94_timber_t5,0.0,1.0,B,C,timber,node67node94,5,0.0
C_node67node94_wide_t0,0.0,0.0,B,C,wide,node67node94,0,0.0
C_node67node94_wide_t1,0.0,1.0,B,C,wide,node67node94,1,0.0
C_node67node94_wide_t2,0.0,1.0,B,C,wide,node67node94,2,0.0
C_node67node94_wide_t3,0.0,1.0,B,C,wide,node67node94,3,0.0
C_node67node94_wide_t4,0.0,1.0,B,C,wide,node67node94,4,0.0
C_node67node94_wide_t5,0.0,1.0,B,C,wide,node67node94,5,0.0
C_node68node94_timber_t0,0.0,0.0,B,C,timber,node68node94,0,0.0
C_node68node94_timber_t1,0.0,1.0,B,C,timber,node68node94,1,0.0
C_node68node94_timber_t2,0.0,1.0,B,C,timber,node68node94,2,0.0
C_node68node94_timber_t3,0.0,1.0,B,C,timber,node68node94,3,0.0
C_node68node94_timber_t4,0.0,1.0,B,C,timber,node68node94,4,0.0
C_node68node94_timber_t5,0.0,1.0,B,C,timber,node68node94,5,0.0
C_node68node94_wide_t0,0.0,0.0,B,C,wide,node68node94,0,0.0
C_node68node94_wide_t1,0.0,1.0,B,C,wide,node68node94,1,0.0
C_node68node94_wide_t2,0.0,1.0,B,C,wide,node68node94,2,0.0
C_node68node94_wide_t3,0.0,1.0,B,C,wide,node68node94,3,0.0
C_node68node94_wide_t4,0.0,1.0,B,C,wide,node68node94,4,0.0
C_node68node94_wide_t5,0.0,1.0,B,C,wide,node68node94,5,0.0
C_node69node70_timber_t0,0.0,0.0,B,C,timber,node69node70,0,1385.0
C_node69node70_timber_t1,0.0,1.0,B,C,timber,node69node70,1,1166.13
C_node69node70_timber_t2,0.0,1.0,B,C,timber,node69node70,2,826.69
C_node69node70_timber_t3,0.0,1.0,B,C,timber,node69node70,3,586.06
C_node69node70_timber_t4,0.0,1.0,B,C,timber,node69node70,4,415.47
C_node69node70_timber_t5,0.0,1.0,B,C,timber,node69node70,5,294.53
C_node69node70_wide_t0,0.0,0.0,B,C,wide,node69node70,0,2078.0
C_node69node70_wide_t1,0.0,1.0,B,C,wide,node69node70,1,1749.62
C_node69node70_wide_t2,0.0,1.0,B,C,wide,node69node70,2,1240.34
C_node69node70_wide_t3,0.0,1.0,B,C,wide,node69node70,3,879.3
C_node69node70_wide_t4,0.0,1.0,B,C,wide,node69node70,4,623.35
C_node69node70_wide_t5,0.0,1.0,B,C,wide,node69node70,5,441.91
C_node69node94_timber_t0,0.0,0.0,B,C,timber,node69node94,0,0.0
C_node69node94_timber_t1,0.0,1.0,B,C,timber,node69node94,1,0.0
C_node69node94_timber_t2,0.0,1.0,B,C,timber,node69node94,2,0.0
C_node69node94_timber_t3,0.0,1.0,B,C,timber,node69node94,3,0.0
C_node69node94_timber_t4,0.0,1.0,B,C,timber,node69node94,4,0.0
C_node69node94_timber_t5,0.0,1.0,B,C,timber,node69node94,5,0.0
C_node69node94_wide_t0,0.0,0.0,B,C,wide,node69node94,0,0.0
C_node69node94_wide_t1,0.0,1.0,B,C,wide,node69node94,1,0.0
C_node69node94_wide_t2,0.0,1.0,B,C,wide,node69node94,2,0.0
C_node69node94_wide_t3,0.0,1.0,B,C,wide,node69node94,3,0.0
C_node69node94_wide_t4,0.0,1.0,B,C,wide,node69node94,4,0.0
C_node69node94_wide_t5,0.0,1.0,B,C,wide,node69node94,5,0.0
C_node70node94_timber_t0,0.0,0.0,B,C,timber,node70node94,0,0.0
C_node70node94_timber_t1,0.0,1.0,B,C,timber,node70node94,1,0.0
C_node70node94_timber_t2,0.0,1.0,B,C,timber,node70node94,2,0.0
C_node70node94_timber_t3,0.0,1.0,B,C,timber,node70node94,3,0.0
C_node70node94_timber_t4,0.0,1.0,B,C,timber,node70node94,4,0.0
C_node70node94_timber_t5,0.0,1.0,B,C,timber,node70node94,5,0.0
C_node70node94_wide_t0,0.0,0.0,B,C,wide,node70node94,0,0.0
C_node70node94_wide_t1,0.0,1.0,B,C,wide,node70node94,1,0.0
C_node70node94_wide_t2,0.0,1.0,B,C,wide,node70node94,2,0.0
C_node70node94_wide_t3,0.0,1.0,B,C,wide,node70node94,3,0.0
C_node70node94_wide_t4,0.0,1.0,B,C,wide,node70node94,4,0.0
C_node70node94_wide_t5,0.0,1.0,B,C,wide,node70node94,5,0.0
C_node71node72_timber_t0,0.0,0.0,B,C,timber,node71node72,0,375.0
C_node71node72_timber_t1,0.0,1.0,B,C,timber,node71node72,1,315.74
C_node71node72_timber_t2,0.0,1.0,B,C,timber,node71node72,2,223.83
C_node71node72_timber_t3,0.0,1.0,B,C,timber,node71node72,3,158.68
C_node71node72_timber_t4,0.0,1.0,B,C,timber,node71node72,4,112.49
C_node71node72_timber_t5,0.0,1.0,B,C,timber,node71node72,5,79.75
C_node71node72_wide_t0,0.0,0.0,B,C,wide,node71node72,0,562.0
C_node71node72_wide_t1,0.0,1.0,B,C,wide,node71node72,1,473.19
C_node71node72_wide_t2,0.0,1.0,B,C,wide,node71node72,2,335.45
C_node71node72_wide_t3,0.0,1.0,B,C,wide,node71node72,3,237.81
C_node71node72_wide_t4,0.0,1.0,B,C,wide,node71node72,4,168.59
C_node71node72_wide_t5,0.0,1.0,B,C,wide,node71node72,5,119.51
C_node71node97_timber_t0,0.0,0.0,B,C,timber,node71node97,0,0.0
C_node71node97_timber_t1,0.0,1.0,B,C,timber,node71node97,1,0.0
C_node71node97_timber_t2,0.0,1.0,B,C,timber,node71node97,2,0.0
C_node71node97_timber_t3,0.0,1.0,B,C,timber,node71node97,3,0.0
C_node71node97_timber_t4,0.0,1.0,B,C,timber,node71node97,4,0.0
C_node71node97_timber_t5,0.0,1.0,B,C,timber,node71node97,5,0.0
C_node71node97_wide_t0,0.0,0.0,B,C,wide,node71node97,0,0.0
C_node71node97_wide_t1,0.0,1.0,B,C,wide,node71node97,1,0.0
C_node71node97_wide_t2,0.0,1.0,B,C,wide,node71node97,2,0.0
C_node71node97_wide_t3,0.0,1.0,B,C,wide,node71node97,3,0.0
C_node71node97_wide_t4,0.0,1.0,B,C,wide,node71node97,4,0.0
C_node71node97_wide_t5,0.0,1.0,B,C,wide,node71node97,5,0.0
C_node72node97_timber_t0,0.0,0.0,B,C,timber,node72node97,0,0.0
C_node72node97_timber_t1,0.0,1.0,B,C,timber,node72node97,1,0.0
C_node72node97_timber_t2,0.0,1.0,B,C,timber,node72node97,2,0.0
C_node72node97_timber_t3,0.0,1.0,B,C,timber,node72node97,3,0.0
C_node72node97_timber_t4,0.0,1.0,B,C,timber,node72node97,4,0.0
C_node72node97_timber_t5,0.0,1.0,B,C,timber,node72node97,5,0.0
C_node72node97_wide_t0,0.0,0.0,B,C,wide,node72node97,0,0.0
C_node72node97_wide_t1,0.0,1.0,B,C,wide,node72node97,1,0.0
C_node72node97_wide_t2,0.0,1.0,B,C,wide,node72node97,2,0.0
C_node72node97_wide_t3,0.0,1.0,B,C,wide,node72node97,3,0.0
C_node72node97_wide_t4,0.0,1.0,B,C,wide,node72node97,4,0.0
C_node72node97_wide_t5,0.0,1.0,B,C,wide,node72node97,5,0.0
C_node73node74_timber_t0,0.0,0.0,B,C,timber,node73node74,0,1501.0
C_node73node74_timber_t1,0.0,1.0,B,C,timber,node73node74,1,1263.8
C_node73node74_timber_t2,0.0,1.0,B,C,timber,node73node74,2,895.93
C_node73node74_timber_t3,0.0,1.0,B,C,timber,node73node74,3,635.14
C_node73node74_timber_t4,0.0,1.0,B,C,timber,node73node74,4,450.27
C_node73node74_timber_t5,0.0,1.0,B,C,timber,node73node74,5,319.2
C_node73node74_wide_t0,0.0,0.0,B,C,wide,node73node74,0,2250.0
C_node73node74_wide_t1,0.0,1.0,B,C,wide,node73node74,1,1894.44
C_node73node74_wide_t2,0.0,1.0,B,C,wide,node73node74,2,1343.0
C_node73node74_wide_t3,0.0,1.0,B,C,wide,node73node74,3,952.08
C_node73node74_wide_t4,0.0,1.0,B,C,wide,node73node74,4,674.95
C_node73node74_wide_t5,0.0,1.0,B,C,wide,node73node74,5,478.48
C_node73node98_timber_t0,0.0,0.0,B,C,timber,node73node98,0,0.0
C_node73node98_timber_t1,0.0,1.0,B,C,timber,node73node98,1,0.0
C_node73node98_timber_t2,0.0,1.0,B,C,timber,node73node98,2,0.0
C_node73node98_timber_t3,0.0,1.0,B,C,timber,node73node98,3,0.0
C_node73node98_timber_t4,0.0,1.0,B,C,timber,node73node98,4,0.0
C_node73node98_timber_t5,0.0,1.0,B,C,timber,node73node98,5,0.0
C_node73node98_wide_t0,0.0,0.0,B,C,wide,node73node98,0,0.0
C_node73node98_wide_t1,0.0,1.0,B,C,wide,node73node98,1,0.0
C_node73node98_wide_t2,0.0,1.0,B,C,wide,node73node98,2,0.0
C_node73node98_wide_t3,0.0,1.0,B,C,wide,node73node98,3,0.0
C_node73node98_wide_t4,0.0,1.0,B,C,wide,node73node98,4,0.0
C_node73node98_wide_t5,0.0,1.0,B,C,wide,node73node98,5,0.0
C_node74node98_timber_t0,0.0,0.0,B,C,timber,node74node98,0,0.0
C_node74node98_timber_t1,0.0,1.0,B,C,timber,node74node98,1,0.0
C_node74node98_timber_t2,0.0,1.0,B,C,timber,node74node98,2,0.0
C_node74node98_timber_t3,0.0,1.0,B,C,timber,node74node98,3,0.0
C_node74node98_timber_t4,0.0,1.0,B,C,timber,node74node98,4,0.0
C_node74node98_timber_t5,0.0,1.0,B,C,timber,node74node98,5,0.0
C_node74node98_wide_t0,0.0,0.0,B,C,wide,node74node98,0,0.0
C_node74node98_wide_t1,0.0,1.0,B,C,wide,node74node98,1,0.0
C_node74node98_wide_t2,0.0,1.0,B,C,wide,node74node98,2,0.0
C_node74node98_wide_t3,0.0,1.0,B,C,wide,node74node98,3,0.0
C_node74node98_wide_t4,0.0,1.0,B,C,wide,node74node98,4,0.0
C_node74node98_wide_t5,0.0,1.0,B,C,wide,node74node98,5,0.0
C_node75node99_timber_t0,0.0,0.0,B,C,timber,node75node99,0,0.0
C_node75node99_timber_t1,0.0,1.0,B,C,timber,node75node99,1,0.0
C_node75node99_timber_t2,0.0,1.0,B,C,timber,node75node99,2,0.0
C_node75node99_timber_t3,0.0,1.0,B,C,timber,node75node99,3,0.0
C_node75node99_timber_t4,0.0,1.0,B,C,timber,node75node99,4,0.0
C_node75node99_timber_t5,0.0,1.0,B,C,timber,node75node99,5,0.0
C_node75node99_wide_t0,0.0,0.0,B,C,wide,node75node99,0,0.0
C_node75node99_wide_t1,0.0,1.0,B,C,wide,node75node99,1,0.0
C_node75node99_wide_t2,0.0,1.0,B,C,wide,node75node99,2,0.0
C_node75node99_wide_t3,0.0,1.0,B,C,wide,node75node99,3,0.0
C_node75node99_wide_t4,0.0,1.0,B,C,wide,node75node99,4,0.0
C_node75node99_wide_t5,0.0,1.0,B,C,wide,node75node99,5,0.0
C_node75node100_timber_t0,0.0,0.0,B,C,timber,node75node100,0,0.0
C_node75node100_timber_t1,0.0,1.0,B,C,timber,node75node100,1,0.0
C_node75node100_timber_t2,0.0,1.0,B,C,timber,node75node100,2,0.0
C_node75node100_timber_t3,0.0,1.0,B,C,timber,node75node100,3,0.0
C_node75node100_timber_t4,0.0,1.0,B,C,timber,node75node100,4,0.0
C_node75node100_timber_t5,0.0,1.0,B,C,timber,node75node100,5,0.0
C_node75node100_wide_t0,0.0,0.0,B,C,wide,node75node100,0,0.0
C_node75node100_wide_t1,0.0,1.0,B,C,wide,node75node100,1,0.0
C_node75node100_wide_t2,0.0,1.0,B,C,wide,node75node100,2,0.0
C_node75node100_wide_t3,0.0,1.0,B,C,wide,node75node100,3,0.0
C_node75node100_wide_t4,0.0,1.0,B,C,wide,node75node100,4,0.0
C_node75node100_wide_t5,0.0,1.0,B,C,wide,node75node100,5,0.0
C_node76node77_timber_t0,0.0,0.0,B,C,timber,node76node77,0,527.0
C_node76node77_timber_t1,0.0,1.0,B,C,timber,node76node77,1,443.72
C_node76node77_timber_t2,0.0,1.0,B,C,timber,node76node77,2,314.56
C_node76node77_timber_t3,0.0,1.0,B,C,timber,node76node77,3,223.0
C_node76node77_timber_t4,0.0,1.0,B,C,timber,node76node77,4,158.09
C_node76node77_timber_t5,0.0,1.0,B,C,timber,node76node77,5,112.07
C_node76node77_wide_t0,0.0,0.0,B,C,wide,node76node77,0,791.0
C_node76node77_wide_t1,0.0,1.0,B,C,wide,node76node77,1,666.0
C_node76node77_wide_t2,0.0,1.0,B,C,wide,node76node77,2,472.14
C_node76node77_wide_t3,0.0,1.0,B,C,wide,node76node77,3,334.71
C_node76node77_wide_t4,0.0,1.0,B,C,wide,node76node77,4,237.28
C_node76node77_wide_t5,0.0,1.0,B,C,wide,node76node77,5,168.21
C_node76node99_timber_t0,0.0,0.0,B,C,timber,node76node99,0,0.0
C_node76node99_timber_t1,0.0,1.0,B,C,timber,node76node99,1,0.0
C_node76node99_timber_t2,0.0,1.0,B,C,timber,node76node99,2,0.0
C_node76node99_timber_t3,0.0,1.0,B,C,timber,node76node99,3,0.0
C_node76node99_timber_t4,0.0,1.0,B,C,timber,node76node99,4,0.0
C_node76node99_timber_t5,0.0,1.0,B,C,timber,node76node99,5,0.0
C_node76node99_wide_t0,0.0,0.0,B,C,wide,node76node99,0,0.0
C_node76node99_wide_t1,0.0,1.0,B,C,wide,node76node99,1,0.0
C_node76node99_wide_t2,0.0,1.0,B,C,wide,node76node99,2,0.0
C_node76node99_wide_t3,0.0,1.0,B,C,wide,node76node99,3,0.0
C_node76node99_wide_t4,0.0,1.0,B,C,wide,node76node99,4,0.0
C_node76node99_wide_t5,0.0,1.0,B,C,wide,node76node99,5,0.0
C_node76node100_timber_t0,0.0,0.0,B,C,timber,node76node100,0,0.0
C_node76node100_timber_t1,0.0,1.0,B,C,timber,node76node100,1,0.0
C_node76node100_timber_t2,0.0,1.0,B,C,timber,node76node100,2,0.0
C_node76node100_timber_t3,0.0,1.0,B,C,timber,node76node100,3,0.0
C_node76node100_timber_t4,0.0,1.0,B,C,timber,node76node100,4,0.0
C_node76node100_timber_t5,0.0,1.0,B,C,timber,node76node100,5,0.0
C_node76node100_wide_t0,0.0,0.0,B,C,wide,node76node100,0,0.0
C_node76node100_wide_t1,0.0,1.0,B,C,wide,node76node100,1,0.0
C_node76node100_wide_t2,0.0,1.0,B,C,wide,node76node100,2,0.0
C_node76node100_wide_t3,0.0,1.0,B,C,wide,node76node100,3,0.0
C_node76node100_wide_t4,0.0,1.0,B,C,wide,node76node100,4,0.0
C_node76node100_wide_t5,0.0,1.0,B,C,wide,node76node100,5,0.0
C_node77node99_timber_t0,0.0,0.0,B,C,timber,node77node99,0,0.0
C_node77node99_timber_t1,0.0,1.0,B,C,timber,node77node99,1,0.0
C_node77node99_timber_t2,0.0,1.0,B,C,timber,node77node99,2,0.0
C_node77node99_timber_t3,0.0,1.0,B,C,timber,node77node99,3,0.0
C_node77node99_timber_t4,0.0,1.0,B,C,timber,node77node99,4,0.0
C_node77node99_timber_t5,0.0,1.0,B,C,timber,node77node99,5,0.0
C_node77node99_wide_t0,0.0,0.0,B,C,wide,node77node99,0,0.0
C_node77node99_wide_t1,0.0,1.0,B,C,wide,node77node99,1,0.0
C_node77node99_wide_t2,0.0,1.0,B,C,wide,node77node99,2,0.0
C_node77node99_wide_t3,0.0,1.0,B,C,wide,node77node99,3,0.0
C_node77node99_wide_t4,0.0,1.0,B,C,wide,node77node99,4,0.0
C_node77node99_wide_t5,0.0,1.0,B,C,wide,node77node99,5,0.0
C_node77node100_timber_t0,0.0,0.0,B,C,timber,node77node100,0,0.0
C_node77node100_timber_t1,0.0,1.0,B,C,timber,node77node100,1,0.0
C_node77node100_timber_t2,0.0,1.0,B,C,timber,node77node100,2,0.0
C_node77node100_timber_t3,0.0,1.0,B,C,timber,node77node100,3,0.0
C_node77node100_timber_t4,0.0,1.0,B,C,timber,node77node100,4,0.0
C_node77node100_timber_t5,0.0,1.0,B,C,timber,node77node100,5,0.0
C_node77node100_wide_t0,0.0,0.0,B,C,wide,node77node100,0,0.0
C_node77node100_wide_t1,0.0,1.0,B,C,wide,node77node100,1,0.0
C_node77node100_wide_t2,0.0,1.0,B,C,wide,node77node100,2,0.0
C_node77node100_wide_t3,0.0,1.0,B,C,wide,node77node100,3,0.0
C_node77node100_wide_t4,0.0,1.0,B,C,wide,node77node100,4,0.0
C_node77node100_wide_t5,0.0,1.0,B,C,wide,node77node100,5,0.0
C_node78node80_timber_t0,0.0,0.0,B,C,timber,node78node80,0,135.0
C_node78node80_timber_t1,0.0,1.0,B,C,timber,node78node80,1,113.67
C_node78node80_timber_t2,0.0,1.0,B,C,timber,node78node80,2,80.58
C_node78node80_timber_t3,0.0,1.0,B,C,timber,node78node80,3,57.12
C_node78node80_timber_t4,0.0,1.0,B,C,timber,node78node80,4,40.5
C_node78node80_timber_t5,0.0,1.0,B,C,timber,node78node80,5,28.71
C_node78node80_wide_t0,0.0,0.0,B,C,wide,node78node80,0,203.0
C_node78node80_wide_t1,0.0,1.0,B,C,wide,node78node80,1,170.92
C_node78node80_wide_t2,0.0,1.0,B,C,wide,node78node80,2,121.17
C_node78node80_wide_t3,0.0,1.0,B,C,wide,node78node80,3,85.9
C_node78node80_wide_t4,0.0,1.0,B,C,wide,node78node80,4,60.9
C_node78node80_wide_t5,0.0,1.0,B,C,wide,node78node80,5,43.17
C_node78node100_timber_t0,0.0,0.0,B,C,timber,node78node100,0,0.0
C_node78node100_timber_t1,0.0,1.0,B,C,timber,node78node100,1,0.0
C_node78node100_timber_t2,0.0,1.0,B,C,timber,node78node100,2,0.0
C_node78node100_timber_t3,0.0,1.0,B,C,timber,node78node100,3,0.0
C_node78node100_timber_t4,0.0,1.0,B,C,timber,node78node100,4,0.0
C_node78node100_timber_t5,0.0,1.0,B,C,timber,node78node100,5,0.0
C_node78node100_wide_t0,0.0,0.0,B,C,wide,node78node100,0,0.0
C_node78node100_wide_t1,0.0,1.0,B,C,wide,node78node100,1,0.0
C_node78node100_wide_t2,0.0,1.0,B,C,wide,node78node100,2,0.0
C_node78node100_wide_t3,0.0,1.0,B,C,wide,node78node100,3,0.0
C_node78node100_wide_t4,0.0,1.0,B,C,wide,node78node100,4,0.0
C_node78node100_wide_t5,0.0,1.0,B,C,wide,node78node100,5,0.0
C_node79node100_timber_t0,0.0,0.0,B,C,timber,node79node100,0,0.0
C_node79node100_timber_t1,0.0,1.0,B,C,timber,node79node100,1,0.0
C_node79node100_timber_t2,0.0,1.0,B,C,timber,node79node100,2,0.0
C_node79node100_timber_t3,0.0,1.0,B,C,timber,node79node100,3,0.0
C_node79node100_timber_t4,0.0,1.0,B,C,timber,node79node100,4,0.0
C_node79node100_timber_t5,0.0,1.0,B,C,timber,node79node100,5,0.0
C_node79node100_wide_t0,0.0,0.0,B,C,wide,node79node100,0,0.0
C_node79node100_wide_t1,0.0,1.0,B,C,wide,node79node100,1,0.0
C_node79node100_wide_t2,0.0,1.0,B,C,wide,node79node100,2,0.0
C_node79node100_wide_t3,0.0,1.0,B,C,wide,node79node100,3,0.0
C_node79node100_wide_t4,0.0,1.0,B,C,wide,node79node100,4,0.0
C_node79node100_wide_t5,0.0,1.0,B,C,wide,node79node100,5,0.0
C_node80node100_timber_t0,0.0,0.0,B,C,timber,node80node100,0,0.0
C_node80node100_timber_t1,0.0,1.0,B,C,timber,node80node100,1,0.0
C_node80node100_timber_t2,0.0,1.0,B,C,timber,node80node100,2,0.0
C_node80node100_timber_t3,0.0,1.0,B,C,timber,node80node100,3,0.0
C_node80node100_timber_t4,0.0,1.0,B,C,timber,node80node100,4,0.0
C_node80node100_timber_t5,0.0,1.0,B,C,timber,node80node100,5,0.0
C_node80node100_wide_t0,0.0,0.0,B,C,wide,node80node100,0,0.0
C_node80node100_wide_t1,0.0,1.0,B,C,wide,node80node100,1,0.0
C_node80node100_wide_t2,0.0,1.0,B,C,wide,node80node100,2,0.0
C_node80node100_wide_t3,0.0,1.0,B,C,wide,node80node100,3,0.0
C_node80node100_wide_t4,0.0,1.0,B,C,wide,node80node100,4,0.0
C_node80node100_wide_t5,0.0,1.0,B,C,wide,node80node100,5,0.0
C_node81node82_timber_t0,0.0,0.0,B,C,timber,node81node82,0,994.0
C_node81node82_timber_t1,0.0,1.0,B,C,timber,node81node82,1,836.92
C_node81node82_timber_t2,0.0,1.0,B,C,timber,node81node82,2,593.31
C_node81node82_timber_t3,0.0,1.0,B,C,timber,node81node82,3,420.61
C_node81node82_timber_t4,0.0,1.0,B,C,timber,node81node82,4,298.18
C_node81node82_timber_t5,0.0,1.0,B,C,timber,node81node82,5,211.38
C_node81node82_wide_t0,0.0,0.0,B,C,wide,node81node82,0,1491.0
C_node81node82_wide_t1,0.0,1.0,B,C,wide,node81node82,1,1255.38
C_node81node82_wide_t2,0.0,1.0,B,C,wide,node81node82,2,889.96
C_node81node82_wide_t3,0.0,1.0,B,C,wide,node81node82,3,630.91
C_node81node82_wide_t4,0.0,1.0,B,C,wide,node81node82,4,447.27
C_node81node82_wide_t5,0.0,1.0,B,C,wide,node81node82,5,317.07
C_node81node100_timber_t0,0.0,0.0,B,C,timber,node81node100,0,0.0
C_node81node100_timber_t1,0.0,1.0,B,C,timber,node81node100,1,0.0
C_node81node100_timber_t2,0.0,1.0,B,C,timber,node81node100,2,0.0
C_node81node100_timber_t3,0.0,1.0,B,C,timber,node81node100,3,0.0
C_node81node100_timber_t4,0.0,1.0,B,C,timber,node81node100,4,0.0
C_node81node100_timber_t5,0.0,1.0,B,C,timber,node81node100,5,0.0
C_node81node100_wide_t0,0.0,0.0,B,C,wide,node81node100,0,0.0
C_node81node100_wide_t1,0.0,1.0,B,C,wide,node81node100,1,0.0
C_node81node100_wide_t2,0.0,1.0,B,C,wide,node81node100,2,0.0
C_node81node100_wide_t3,0.0,1.0,B,C,wide,node81node100,3,0.0
C_node81node100_wide_t4,0.0,1.0,B,C,wide,node81node100,4,0.0
C_node81node100_wide_t5,0.0,1.0,B,C,wide,node81node100,5,0.0
C_node82node100_timber_t0,0.0,0.0,B,C,timber,node82node100,0,0.0
C_node82node100_timber_t1,0.0,1.0,B,C,timber,node82node100,1,0.0
C_node82node100_timber_t2,0.0,1.0,B,C,timber,node82node100,2,0.0
C_node82node100_timber_t3,0.0,1.0,B,C,timber,node82node100,3,0.0
C_node82node100_timber_t4,0.0,1.0,B,C,timber,node82node100,4,0.0
C_node82node100_timber_t5,0.0,1.0,B,C,timber,node82node100,5,0.0
C_node82node100_wide_t0,0.0,0.0,B,C,wide,node82node100,0,0.0
C_node82node100_wide_t1,0.0,1.0,B,C,wide,node82node100,1,0.0
C_node82node100_wide_t2,0.0,1.0,B,C,wide,node82node100,2,0.0
C_node82node100_wide_t3,0.0,1.0,B,C,wide,node82node100,3,0.0
C_node82node100_wide_t4,0.0,1.0,B,C,wide,node82node100,4,0.0
C_node82node100_wide_t5,0.0,1.0,B,C,wide,node82node100,5,0.0
C_node83node107_timber_t0,0.0,0.0,B,C,timber,node83node107,0,0.0
C_node83node107_timber_t1,0.0,1.0,B,C,timber,node83node107,1,0.0
C_node83node107_timber_t2,0.0,1.0,B,C,timber,node83node107,2,0.0
C_node83node107_timber_t3,0.0,1.0,B,C,timber,node83node107,3,0.0
C_node83node107_timber_t4,0.0,1.0,B,C,timber,node83node107,4,0.0
C_node83node107_timber_t5,0.0,1.0,B,C,timber,node83node107,5,0.0
C_node83node107_wide_t0,0.0,0.0,B,C,wide,node83node107,0,0.0
C_node83node107_wide_t1,0.0,1.0,B,C,wide,node83node107,1,0.0
C_node83node107_wide_t2,0.0,1.0,B,C,wide,node83node107,2,0.0
C_node83node107_wide_t3,0.0,1.0,B,C,wide,node83node107,3,0.0
C_node83node107_wide_t4,0.0,1.0,B,C,wide,node83node107,4,0.0
C_node83node107_wide_t5,0.0,1.0,B,C,wide,node83node107,5,0.0
C_node84node109_timber_t0,0.0,0.0,B,C,timber,node84node109,0,0.0
C_node84node109_timber_t1,0.0,1.0,B,C,timber,node84node109,1,0.0
C_node84node109_timber_t2,0.0,1.0,B,C,timber,node84node109,2,0.0
C_node84node109_timber_t3,0.0,1.0,B,C,timber,node84node109,3,0.0
C_node84node109_timber_t4,0.0,1.0,B,C,timber,node84node109,4,0.0
C_node84node109_timber_t5,0.0,1.0,B,C,timber,node84node109,5,0.0
C_node84node109_wide_t0,0.0,0.0,B,C,wide,node84node109,0,0.0
C_node84node109_wide_t1,0.0,1.0,B,C,wide,node84node109,1,0.0
C_node84node109_wide_t2,0.0,1.0,B,C,wide,node84node109,2,0.0
C_node84node109_wide_t3,0.0,1.0,B,C,wide,node84node109,3,0.0
C_node84node109_wide_t4,0.0,1.0,B,C,wide,node84node109,4,0.0
C_node84node109_wide_t5,0.0,1.0,B,C,wide,node84node109,5,0.0
C_node84node111_timber_t0,0.0,0.0,B,C,timber,node84node111,0,0.0
C_node84node111_timber_t1,0.0,1.0,B,C,timber,node84node111,1,0.0
C_node84node111_timber_t2,0.0,1.0,B,C,timber,node84node111,2,0.0
C_node84node111_timber_t3,0.0,1.0,B,C,timber,node84node111,3,0.0
C_node84node111_timber_t4,0.0,1.0,B,C,timber,node84node111,4,0.0
C_node84node111_timber_t5,0.0,1.0,B,C,timber,node84node111,5,0.0
C_node84node111_wide_t0,0.0,0.0,B,C,wide,node84node111,0,0.0
C_node84node111_wide_t1,0.0,1.0,B,C,wide,node84node111,1,0.0
C_node84node111_wide_t2,0.0,1.0,B,C,wide,node84node111,2,0.0
C_node84node111_wide_t3,0.0,1.0,B,C,wide,node84node111,3,0.0
C_node84node111_wide_t4,0.0,1.0,B,C,wide,node84node111,4,0.0
C_node84node111_wide_t5,0.0,1.0,B,C,wide,node84node111,5,0.0
C_node85node109_timber_t0,0.0,0.0,B,C,timber,node85node109,0,0.0
C_node85node109_timber_t1,0.0,1.0,B,C,timber,node85node109,1,0.0
C_node85node109_timber_t2,0.0,1.0,B,C,timber,node85node109,2,0.0
C_node85node109_timber_t3,0.0,1.0,B,C,timber,node85node109,3,0.0
C_node85node109_timber_t4,0.0,1.0,B,C,timber,node85node109,4,0.0
C_node85node109_timber_t5,0.0,1.0,B,C,timber,node85node109,5,0.0
C_node85node109_wide_t0,0.0,0.0,B,C,wide,node85node109,0,0.0
C_node85node109_wide_t1,0.0,1.0,B,C,wide,node85node109,1,0.0
C_node85node109_wide_t2,0.0,1.0,B,C,wide,node85node109,2,0.0
C_node85node109_wide_t3,0.0,1.0,B,C,wide,node85node109,3,0.0
C_node85node109_wide_t4,0.0,1.0,B,C,wide,node85node109,4,0.0
C_node85node109_wide_t5,0.0,1.0,B,C,wide,node85node109,5,0.0
C_node85node112_timber_t0,0.0,0.0,B,C,timber,node85node112,0,0.0
C_node85node112_timber_t1,0.0,1.0,B,C,timber,node85node112,1,0.0
C_node85node112_timber_t2,0.0,1.0,B,C,timber,node85node112,2,0.0
C_node85node112_timber_t3,0.0,1.0,B,C,timber,node85node112,3,0.0
C_node85node112_timber_t4,0.0,1.0,B,C,timber,node85node112,4,0.0
C_node85node112_timber_t5,0.0,1.0,B,C,timber,node85node112,5,0.0
C_node85node112_wide_t0,0.0,0.0,B,C,wide,node85node112,0,0.0
C_node85node112_wide_t1,0.0,1.0,B,C,wide,node85node112,1,0.0
C_node85node112_wide_t2,0.0,1.0,B,C,wide,node85node112,2,0.0
C_node85node112_wide_t3,0.0,1.0,B,C,wide,node85node112,3,0.0
C_node85node112_wide_t4,0.0,1.0,B,C,wide,node85node112,4,0.0
C_node85node112_wide_t5,0.0,1.0,B,C,wide,node85node112,5,0.0
C_node86node87_timber_t0,0.0,0.0,B,C,timber,node86node87,0,1336.0
C_node86node87_timber_t1,0.0,1.0,B,C,timber,node86node87,1,1124.88
C_node86node87_timber_t2,0.0,1.0,B,C,timber,node86node87,2,797.45
C_node86node87_timber_t3,0.0,1.0,B,C,timber,node86node87,3,565.32
C_node86node87_timber_t4,0.0,1.0,B,C,timber,node86node87,4,400.77
C_node86node87_timber_t5,0.0,1.0,B,C,timber,node86node87,5,284.11
C_node86node87_wide_t0,0.0,0.0,B,C,wide,node86node87,0,2005.0
C_node86node87_wide_t1,0.0,1.0,B,C,wide,node86node87,1,1688.16
C_node86node87_wide_t2,0.0,1.0,B,C,wide,node86node87,2,1196.77
C_node86node87_wide_t3,0.0,1.0,B,C,wide,node86node87,3,848.41
C_node86node87_wide_t4,0.0,1.0,B,C,wide,node86node87,4,601.45
C_node86node87_wide_t5,0.0,1.0,B,C,wide,node86node87,5,426.38
C_node86node109_timber_t0,0.0,0.0,B,C,timber,node86node109,0,0.0
C_node86node109_timber_t1,0.0,1.0,B,C,timber,node86node109,1,0.0
C_node86node109_timber_t2,0.0,1.0,B,C,timber,node86node109,2,0.0
C_node86node109_timber_t3,0.0,1.0,B,C,timber,node86node109,3,0.0
C_node86node109_timber_t4,0.0,1.0,B,C,timber,node86node109,4,0.0
C_node86node109_timber_t5,0.0,1.0,B,C,timber,node86node109,5,0.0
C_node86node109_wide_t0,0.0,0.0,B,C,wide,node86node109,0,0.0
C_node86node109_wide_t1,0.0,1.0,B,C,wide,node86node109,1,0.0
C_node86node109_wide_t2,0.0,1.0,B,C,wide,node86node109,2,0.0
C_node86node109_wide_t3,0.0,1.0,B,C,wide,node86node109,3,0.0
C_node86node109_wide_t4,0.0,1.0,B,C,wide,node86node109,4,0.0
C_node86node109_wide_t5,0.0,1.0,B,C,wide,node86node109,5,0.0
C_node86node111_timber_t0,0.0,0.0,B,C,timber,node86node111,0,0.0
C_node86node111_timber_t1,0.0,1.0,B,C,timber,node86node111,1,0.0
C_node86node111_timber_t2,0.0,1.0,B,C,timber,node86node111,2,0.0
C_node86node111_timber_t3,0.0,1.0,B,C,timber,node86node111,3,0.0
C_node86node111_timber_t4,0.0,1.0,B,C,timber,node86node111,4,0.0
C_node86node111_timber_t5,0.0,1.0,B,C,timber,node86node111,5,0.0
C_node86node111_wide_t0,0.0,0.0,B,C,wide,node86node111,0,0.0
C_node86node111_wide_t1,0.0,1.0,B,C,wide,node86node111,1,0.0
C_node86node111_wide_t2,0.0,1.0,B,C,wide,node86node111,2,0.0
C_node86node111_wide_t3,0.0,1.0,B,C,wide,node86node111,3,0.0
C_node86node111_wide_t4,0.0,1.0,B,C,wide,node86node111,4,0.0
C_node86node111_wide_t5,0.0,1.0,B,C,wide,node86node111,5,0.0
C_node87node109_timber_t0,0.0,0.0,B,C,timber,node87node109,0,0.0
C_node87node109_timber_t1,0.0,1.0,B,C,timber,node87node109,1,0.0
C_node87node109_timber_t2,0.0,1.0,B,C,timber,node87node109,2,0.0
C_node87node109_timber_t3,0.0,1.0,B,C,timber,node87node109,3,0.0
C_node87node109_timber_t4,0.0,1.0,B,C,timber,node87node109,4,0.0
C_node87node109_timber_t5,0.0,1.0,B,C,timber,node87node109,5,0.0
C_node87node109_wide_t0,0.0,0.0,B,C,wide,node87node109,0,0.0
C_node87node109_wide_t1,0.0,1.0,B,C,wide,node87node109,1,0.0
C_node87node109_wide_t2,0.0,1.0,B,C,wide,node87node109,2,0.0
C_node87node109_wide_t3,0.0,1.0,B,C,wide,node87node109,3,0.0
C_node87node109_wide_t4,0.0,1.0,B,C,wide,node87node109,4,0.0
C_node87node109_wide_t5,0.0,1.0,B,C,wide,node87node109,5,0.0
C_node87node111_timber_t0,0.0,0.0,B,C,timber,node87node111,0,0.0
C_node87node111_timber_t1,0.0,1.0,B,C,timber,node87node111,1,0.0
C_node87node111_timber_t2,0.0,1.0,B,C,timber,node87node111,2,0.0
C_node87node111_timber_t3,0.0,1.0,B,C,timber,node87node111,3,0.0
C_node87node111_timber_t4,0.0,1.0,B,C,timber,node87node111,4,0.0
C_node87node111_timber_t5,0.0,1.0,B,C,timber,node87node111,5,0.0
C_node87node111_wide_t0,0.0,0.0,B,C,wide,node87node111,0,0.0
C_node87node111_wide_t1,0.0,1.0,B,C,wide,node87node111,1,0.0
C_node87node111_wide_t2,0.0,1.0,B,C,wide,node87node111,2,0.0
C_node87node111_wide_t3,0.0,1.0,B,C,wide,node87node111,3,0.0
C_node87node111_wide_t4,0.0,1.0,B,C,wide,node87node111,4,0.0
C_node87node111_wide_t5,0.0,1.0,B,C,wide,node87node111,5,0.0
C_node88node89_timber_t0,0.0,0.0,B,C,timber,node88node89,0,356.0
C_node88node89_timber_t1,0.0,1.0,B,C,timber,node88node89,1,299.74
C_node88node89_timber_t2,0.0,1.0,B,C,timber,node88node89,2,212.49
C_node88node89_timber_t3,0.0,1.0,B,C,timber,node88node89,3,150.64
C_node88node89_timber_t4,0.0,1.0,B,C,timber,node88node89,4,106.79
C_node88node89_timber_t5,0.0,1.0,B,C,timber,node88node89,5,75.71
C_node88node89_wide_t0,0.0,0.0,B,C,wide,node88node89,0,533.0
C_node88node89_wide_t1,0.0,1.0,B,C,wide,node88node89,1,448.77
C_node88node89_wide_t2,0.0,1.0,B,C,wide,node88node89,2,318.14
C_node88node89_wide_t3,0.0,1.0,B,C,wide,node88node89,3,225.54
C_node88node89_wide_t4,0.0,1.0,B,C,wide,node88node89,4,159.89
C_node88node89_wide_t5,0.0,1.0,B,C,wide,node88node89,5,113.35
C_node88node112_timber_t0,0.0,0.0,B,C,timber,node88node112,0,0.0
C_node88node112_timber_t1,0.0,1.0,B,C,timber,node88node112,1,0.0
C_node88node112_timber_t2,0.0,1.0,B,C,timber,node88node112,2,0.0
C_node88node112_timber_t3,0.0,1.0,B,C,timber,node88node112,3,0.0
C_node88node112_timber_t4,0.0,1.0,B,C,timber,node88node112,4,0.0
C_node88node112_timber_t5,0.0,1.0,B,C,timber,node88node112,5,0.0
C_node88node112_wide_t0,0.0,0.0,B,C,wide,node88node112,0,0.0
C_node88node112_wide_t1,0.0,1.0,B,C,wide,node88node112,1,0.0
C_node88node112_wide_t2,0.0,1.0,B,C,wide,node88node112,2,0.0
C_node88node112_wide_t3,0.0,1.0,B,C,wide,node88node112,3,0.0
C_node88node112_wide_t4,0.0,1.0,B,C,wide,node88node112,4,0.0
C_node88node112_wide_t5,0.0,1.0,B,C,wide,node88node112,5,0.0
C_node89node112_timber_t0,0.0,0.0,B,C,timber,node89node112,0,0.0
C_node89node112_timber_t1,0.0,1.0,B,C,timber,node89node112,1,0.0
C_node89node112_timber_t2,0.0,1.0,B,C,timber,node89node112,2,0.0
C_node89node112_timber_t3,0.0,1.0,B,C,timber,node89node112,3,0.0
C_node89node112_timber_t4,0.0,1.0,B,C,timber,node89node112,4,0.0
C_node89node112_timber_t5,0.0,1.0,B,C,timber,node89node112,5,0.0
C_node89node112_wide_t0,0.0,0.0,B,C,wide,node89node112,0,0.0
C_node89node112_wide_t1,0.0,1.0,B,C,wide,node89node112,1,0.0
C_node89node112_wide_t2,0.0,1.0,B,C,wide,node89node112,2,0.0
C_node89node112_wide_t3,0.0,1.0,B,C,wide,node89node112,3,0.0
C_node89node112_wide_t4,0.0,1.0,B,C,wide,node89node112,4,0.0
C_node89node112_wide_t5,0.0,1.0,B,C,wide,node89node112,5,0.0
M_node1node42_timber_t0,0.0,0.0,B,M,timber,node1node42,0,658.0
M_node1node42_timber_t1,0.0,1.0,B,M,timber,node1node42,1,554.02
M_node1node42_timber_t2,0.0,1.0,B,M,timber,node1node42,2,392.75
M_node1node42_timber_t3,0.0,1.0,B,M,timber,node1node42,3,278.43
M_node1node42_timber_t4,0.0,1.0,B,M,timber,node1node42,4,197.38
M_node1node42_timber_t5,0.0,1.0,B,M,timber,node1node42,5,139.93
M_node1node42_wide_t0,0.0,0.0,B,M,wide,node1node42,0,658.0
M_node1node42_wide_t1,0.0,1.0,B,M,wide,node1node42,1,554.02
M_node1node42_wide_t2,0.0,1.0,B,M,wide,node1node42,2,392.75
M_node1node42_wide_t3,0.0,1.0,B,M,wide,node1node42,3,278.43
M_node1node42_wide_t4,0.0,1.0,B,M,wide,node1node42,4,197.38
M_node1node42_wide_t5,0.0,1.0,B,M,wide,node1node42,5,139.93
M_node1node4_timber_t0,0.0,0.0,B,M,timber,node1node4,0,495.0
M_node1node4_timber_t1,0.0,1.0,B,M,timber,node1node4,1,416.78
M_node1node4_timber_t2,0.0,1.0,B,M,timber,node1node4,2,295.46
M_node1node4_timber_t3,0.0,1.0,B,M,timber,node1node4,3,209.46
M_node1node4_timber_t4,0.0,1.0,B,M,timber,node1node4,4,148.49
M_node1node4_timber_t5,0.0,1.0,B,M,timber,node1node4,5,105.27
M_node1node4_wide_t0,0.0,0.0,B,M,wide,node1node4,0,495.0
M_node1node4_wide_t1,0.0,1.0,B,M,wide,node1node4,1,416.78
M_node1node4_wide_t2,0.0,1.0,B,M,wide,node1node4,2,295.46
M_node1node4_wide_t3,0.0,1.0,B,M,wide,node1node4,3,209.46
M_node1node4_wide_t4,0.0,1.0,B,M,wide,node1node4,4,148.49
M_node1node4_wide_t5,0.0,1.0,B,M,wide,node1node4,5,105.27
M_node1node39_timber_t0,0.0,0.0,B,M,timber,node1node39,0,535.0
M_node1node39_timber_t1,0.0,1.0,B,M,timber,node1node39,1,450.46
M_node1node39_timber_t2,0.0,1.0,B,M,timber,node1node39,2,319.34
M_node1node39_timber_t3,0.0,1.0,B,M,timber,node1node39,3,226.38
M_node1node39_timber_t4,0.0,1.0,B,M,timber,node1node39,4,160.49
M_node1node39_timber_t5,0.0,1.0,B,M,timber,node1node39,5,113.77
M_node1node39_wide_t0,0.0,0.0,B,M,wide,node1node39,0,535.0
M_node1node39_wide_t1,0.0,1.0,B,M,wide,node1node39,1,450.46
M_node1node39_wide_t2,0.0,1.0,B,M,wide,node1node39,2,319.34
M_node1node39_wide_t3,0.0,1.0,B,M,wide,node1node39,3,226.38
M_node1node39_wide_t4,0.0,1.0,B,M,wide,node1node39,4,160.49
M_node1node39_wide_t5,0.0,1.0,B,M,wide,node1node39,5,113.77
M_node1node92_timber_t0,0.0,0.0,B,M,timber,node1node92,0,0.0
M_node1node92_timber_t1,0.0,1.0,B,M,timber,node1node92,1,0.0
M_node1node92_timber_t2,0.0,1.0,B,M,timber,node1node92,2,0.0
M_node1node92_timber_t3,0.0,1.0,B,M,timber,node1node92,3,0.0
M_node1node92_timber_t4,0.0,1.0,B,M,timber,node1node92,4,0.0
M_node1node92_timber_t5,0.0,1.0,B,M,timber,node1node92,5,0.0
M_node1node92_wide_t0,0.0,0.0,B,M,wide,node1node92,0,0.0
M_node1node92_wide_t1,0.0,1.0,B,M,wide,node1node92,1,0.0
M_node1node92_wide_t2,0.0,1.0,B,M,wide,node1node92,2,0.0
M_node1node92_wide_t3,0.0,1.0,B,M,wide,node1node92,3,0.0
M_node1node92_wide_t4,0.0,1.0,B,M,wide,node1node92,4,0.0
M_node1node92_wide_t5,0.0,1.0,B,M,wide,node1node92,5,0.0
M_node1node93_timber_t0,0.0,0.0,B,M,timber,node1node93,0,0.0
M_node1node93_timber_t1,0.0,1.0,B,M,timber,node1node93,1,0.0
M_node1node93_timber_t2,0.0,1.0,B,M,timber,node1node93,2,0.0
M_node1node93_timber_t3,0.0,1.0,B,M,timber,node1node93,3,0.0
M_node1node93_timber_t4,0.0,1.0,B,M,timber,node1node93,4,0.0
M_node1node93_timber_t5,0.0,1.0,B,M,timber,node1node93,5,0.0
M_node1node93_wide_t0,0.0,0.0,B,M,wide,node1node93,0,0.0
M_node1node93_wide_t1,0.0,1.0,B,M,wide,node1node93,1,0.0
M_node1node93_wide_t2,0.0,1.0,B,M,wide,node1node93,2,0.0
M_node1node93_wide_t3,0.0,1.0,B,M,wide,node1node93,3,0.0
M_node1node93_wide_t4,0.0,1.0,B,M,wide,node1node93,4,0.0
M_node1node93_wide_t5,0.0,1.0,B,M,wide,node1node93,5,0.0
M_node1node94_timber_t0,0.0,0.0,B,M,timber,node1node94,0,0.0
M_node1node94_timber_t1,0.0,1.0,B,M,timber,node1node94,1,0.0
M_node1node94_timber_t2,0.0,1.0,B,M,timber,node1node94,2,0.0
M_node1node94_timber_t3,0.0,1.0,B,M,timber,node1node94,3,0.0
M_node1node94_timber_t4,0.0,1.0,B,M,timber,node1node94,4,0.0
M_node1node94_timber_t5,0.0,1.0,B,M,timber,node1node94,5,0.0
M_node1node94_wide_t0,0.0,0.0,B,M,wide,node1node94,0,0.0
M_node1node94_wide_t1,0.0,1.0,B,M,wide,node1node94,1,0.0
M_node1node94_wide_t2,0.0,1.0,B,M,wide,node1node94,2,0.0
M_node1node94_wide_t3,0.0,1.0,B,M,wide,node1node94,3,0.0
M_node1node94_wide_t4,0.0,1.0,B,M,wide,node1node94,4,0.0
M_node1node94_wide_t5,0.0,1.0,B,M,wide,node1node94,5,0.0
M_node2node74_timber_t0,0.0,0.0,B,M,timber,node2node74,0,211.0
M_node2node74_timber_t1,0.0,1.0,B,M,timber,node2node74,1,177.66
M_node2node74_timber_t2,0.0,1.0,B,M,timber,node2node74,2,125.94
M_node2node74_timber_t3,0.0,1.0,B,M,timber,node2node74,3,89.28
M_node2node74_timber_t4,0.0,1.0,B,M,timber,node2node74,4,63.3
M_node2node74_timber_t5,0.0,1.0,B,M,timber,node2node74,5,44.87
M_node2node74_wide_t0,0.0,0.0,B,M,wide,node2node74,0,211.0
M_node2node74_wide_t1,0.0,1.0,B,M,wide,node2node74,1,177.66
M_node2node74_wide_t2,0.0,1.0,B,M,wide,node2node74,2,125.94
M_node2node74_wide_t3,0.0,1.0,B,M,wide,node2node74,3,89.28
M_node2node74_wide_t4,0.0,1.0,B,M,wide,node2node74,4,63.3
M_node2node74_wide_t5,0.0,1.0,B,M,wide,node2node74,5,44.87
M_node2node79_timber_t0,0.0,0.0,B,M,timber,node2node79,0,259.0
M_node2node79_timber_t1,0.0,1.0,B,M,timber,node2node79,1,218.07
M_node2node79_timber_t2,0.0,1.0,B,M,timber,node2node79,2,154.59
M_node2node79_timber_t3,0.0,1.0,B,M,timber,node2node79,3,109.6
M_node2node79_timber_t4,0.0,1.0,B,M,timber,node2node79,4,77.69
M_node2node79_timber_t5,0.0,1.0,B,M,timber,node2node79,5,55.08
M_node2node79_wide_t0,0.0,0.0,B,M,wide,node2node79,0,259.0
M_node2node79_wide_t1,0.0,1.0,B,M,wide,node2node79,1,218.07
M_node2node79_wide_t2,0.0,1.0,B,M,wide,node2node79,2,154.59
M_node2node79_wide_t3,0.0,1.0,B,M,wide,node2node79,3,109.6
M_node2node79_wide_t4,0.0,1.0,B,M,wide,node2node79,4,77.69
M_node2node79_wide_t5,0.0,1.0,B,M,wide,node2node79,5,55.08
M_node2node50_timber_t0,0.0,0.0,B,M,timber,node2node50,0,744.0
M_node2node50_timber_t1,0.0,1.0,B,M,timber,node2node50,1,626.43
M_node2node50_timber_t2,0.0,1.0,B,M,timber,node2node50,2,444.09
M_node2node50_timber_t3,0.0,1.0,B,M,timber,node2node50,3,314.82
M_node2node50_timber_t4,0.0,1.0,B,M,timber,node2node50,4,223.18
M_node2node50_timber_t5,0.0,1.0,B,M,timber,node2node50,5,158.22
M_node2node50_wide_t0,0.0,0.0,B,M,wide,node2node50,0,744.0
M_node2node50_wide_t1,0.0,1.0,B,M,wide,node2node50,1,626.43
M_node2node50_wide_t2,0.0,1.0,B,M,wide,node2node50,2,444.09
M_node2node50_wide_t3,0.0,1.0,B,M,wide,node2node50,3,314.82
M_node2node50_wide_t4,0.0,1.0,B,M,wide,node2node50,4,223.18
M_node2node50_wide_t5,0.0,1.0,B,M,wide,node2node50,5,158.22
M_node2node98_timber_t0,0.0,0.0,B,M,timber,node2node98,0,0.0
M_node2node98_timber_t1,0.0,1.0,B,M,timber,node2node98,1,0.0
M_node2node98_timber_t2,0.0,1.0,B,M,timber,node2node98,2,0.0
M_node2node98_timber_t3,0.0,1.0,B,M,timber,node2node98,3,0.0
M_node2node98_timber_t4,0.0,1.0,B,M,timber,node2node98,4,0.0
M_node2node98_timber_t5,0.0,1.0,B,M,timber,node2node98,5,0.0
M_node2node98_wide_t0,0.0,0.0,B,M,wide,node2node98,0,0.0
M_node2node98_wide_t1,0.0,1.0,B,M,wide,node2node98,1,0.0
M_node2node98_wide_t2,0.0,1.0,B,M,wide,node2node98,2,0.0
M_node2node98_wide_t3,0.0,1.0,B,M,wide,node2node98,3,0.0
M_node2node98_wide_t4,0.0,1.0,B,M,wide,node2node98,4,0.0
M_node2node98_wide_t5,0.0,1.0,B,M,wide,node2node98,5,0.0
M_node2node100_timber_t0,0.0,0.0,B,M,timber,node2node100,0,0.0
M_node2node100_timber_t1,0.0,1.0,B,M,timber,node2node100,1,0.0
M_node2node100_timber_t2,0.0,1.0,B,M,timber,node2node100,2,0.0
M_node2node100_timber_t3,0.0,1.0,B,M,timber,node2node100,3,0.0
M_node2node100_timber_t4,0.0,1.0,B,M,timber,node2node100,4,0.0
M_node2node100_timber_t5,0.0,1.0,B,M,timber,node2node100,5,0.0
M_node2node100_wide_t0,0.0,0.0,B,M,wide,node2node100,0,0.0
M_node2node100_wide_t1,0.0,1.0,B,M,wide,node2node100,1,0.0
M_node2node100_wide_t2,0.0,1.0,B,M,wide,node2node100,2,0.0
M_node2node100_wide_t3,0.0,1.0,B,M,wide,node2node100,3,0.0
M_node2node100_wide_t4,0.0,1.0,B,M,wide,node2node100,4,0.0
M_node2node100_wide_t5,0.0,1.0,B,M,wide,node2node100,5,0.0
M_node3node54_timber_t0,0.0,0.0,B,M,timber,node3node54,0,170.0
M_node3node54_timber_t1,0.0,1.0,B,M,timber,node3node54,1,143.14
M_node3node54_timber_t2,0.0,1.0,B,M,timber,node3node54,2,101.47
M_node3node54_timber_t3,0.0,1.0,B,M,timber,node3node54,3,71.93
M_node3node54_timber_t4,0.0,1.0,B,M,timber,node3node54,4,51.0
M_node3node54_timber_t5,0.0,1.0,B,M,timber,node3node54,5,36.15
M_node3node54_wide_t0,0.0,0.0,B,M,wide,node3node54,0,170.0
M_node3node54_wide_t1,0.0,1.0,B,M,wide,node3node54,1,143.14
M_node3node54_wide_t2,0.0,1.0,B,M,wide,node3node54,2,101.47
M_node3node54_wide_t3,0.0,1.0,B,M,wide,node3node54,3,71.93
M_node3node54_wide_t4,0.0,1.0,B,M,wide,node3node54,4,51.0
M_node3node54_wide_t5,0.0,1.0,B,M,wide,node3node54,5,36.15
M_node3node18_timber_t0,0.0,0.0,B,M,timber,node3node18,0,393.0
M_node3node18_timber_t1,0.0,1.0,B,M,timber,node3node18,1,330.9
M_node3node18_timber_t2,0.0,1.0,B,M,timber,node3node18,2,234.58
M_node3node18_timber_t3,0.0,1.0,B,M,timber,node3node18,3,166.3
M_node3node18_timber_t4,0.0,1.0,B,M,timber,node3node18,4,117.89
M_node3node18_timber_t5,0.0,1.0,B,M,timber,node3node18,5,83.58
M_node3node18_wide_t0,0.0,0.0,B,M,wide,node3node18,0,393.0
M_node3node18_wide_t1,0.0,1.0,B,M,wide,node3node18,1,330.9
M_node3node18_wide_t2,0.0,1.0,B,M,wide,node3node18,2,234.58
M_node3node18_wide_t3,0.0,1.0,B,M,wide,node3node18,3,166.3
M_node3node18_wide_t4,0.0,1.0,B,M,wide,node3node18,4,117.89
M_node3node18_wide_t5,0.0,1.0,B,M,wide,node3node18,5,83.58
M_node3node59_timber_t0,0.0,0.0,B,M,timber,node3node59,0,689.0
M_node3node59_timber_t1,0.0,1.0,B,M,timber,node3node59,1,580.12
M_node3node59_timber_t2,0.0,1.0,B,M,timber,node3node59,2,411.26
M_node3node59_timber_t3,0.0,1.0,B,M,timber,node3node59,3,291.55
M_node3node59_timber_t4,0.0,1.0,B,M,timber,node3node59,4,206.68
M_node3node59_timber_t5,0.0,1.0,B,M,timber,node3node59,5,146.52
M_node3node59_wide_t0,0.0,0.0,B,M,wide,node3node59,0,689.0
M_node3node59_wide_t1,0.0,1.0,B,M,wide,node3node59,1,580.12
M_node3node59_wide_t2,0.0,1.0,B,M,wide,node3node59,2,411.26
M_node3node59_wide_t3,0.0,1.0,B,M,wide,node3node59,3,291.55
M_node3node59_wide_t4,0.0,1.0,B,M,wide,node3node59,4,206.68
M_node3node59_wide_t5,0.0,1.0,B,M,wide,node3node59,5,146.52
M_node3node96_timber_t0,0.0,0.0,B,M,timber,node3node96,0,0.0
M_node3node96_timber_t1,0.0,1.0,B,M,timber,node3node96,1,0.0
M_node3node96_timber_t2,0.0,1.0,B,M,timber,node3node96,2,0.0
M_node3node96_timber_t3,0.0,1.0,B,M,timber,node3node96,3,0.0
M_node3node96_timber_t4,0.0,1.0,B,M,timber,node3node96,4,0.0
M_node3node96_timber_t5,0.0,1.0,B,M,timber,node3node96,5,0.0
M_node3node96_wide_t0,0.0,0.0,B,M,wide,node3node96,0,0.0
M_node3node96_wide_t1,0.0,1.0,B,M,wide,node3node96,1,0.0
M_node3node96_wide_t2,0.0,1.0,B,M,wide,node3node96,2,0.0
M_node3node96_wide_t3,0.0,1.0,B,M,wide,node3node96,3,0.0
M_node3node96_wide_t4,0.0,1.0,B,M,wide,node3node96,4,0.0
M_node3node96_wide_t5,0.0,1.0,B,M,wide,node3node96,5,0.0
M_node3node101_timber_t0,0.0,0.0,B,M,timber,node3node101,0,0.0
M_node3node101_timber_t1,0.0,1.0,B,M,timber,node3node101,1,0.0
M_node3node101_timber_t2,0.0,1.0,B,M,timber,node3node101,2,0.0
M_node3node101_timber_t3,0.0,1.0,B,M,timber,node3node101,3,0.0
M_node3node101_timber_t4,0.0,1.0,B,M,timber,node3node101,4,0.0
M_node3node101_timber_t5,0.0,1.0,B,M,timber,node3node101,5,0.0
M_node3node101_wide_t0,0.0,0.0,B,M,wide,node3node101,0,0.0
M_node3node101_wide_t1,0.0,1.0,B,M,wide,node3node101,1,0.0
M_node3node101_wide_t2,0.0,1.0,B,M,wide,node3node101,2,0.0
M_node3node101_wide_t3,0.0,1.0,B,M,wide,node3node101,3,0.0
M_node3node101_wide_t4,0.0,1.0,B,M,wide,node3node101,4,0.0
M_node3node101_wide_t5,0.0,1.0,B,M,wide,node3node101,5,0.0
M_node4node46_timber_t0,0.0,0.0,B,M,timber,node4node46,0,404.0
M_node4node46_timber_t1,0.0,1.0,B,M,timber,node4node46,1,340.16
M_node4node46_timber_t2,0.0,1.0,B,M,timber,node4node46,2,241.14
M_node4node46_timber_t3,0.0,1.0,B,M,timber,node4node46,3,170.95
M_node4node46_timber_t4,0.0,1.0,B,M,timber,node4node46,4,121.19
M_node4node46_timber_t5,0.0,1.0,B,M,timber,node4node46,5,85.91
M_node4node46_wide_t0,0.0,0.0,B,M,wide,node4node46,0,404.0
M_node4node46_wide_t1,0.0,1.0,B,M,wide,node4node46,1,340.16
M_node4node46_wide_t2,0.0,1.0,B,M,wide,node4node46,2,241.14
M_node4node46_wide_t3,0.0,1.0,B,M,wide,node4node46,3,170.95
M_node4node46_wide_t4,0.0,1.0,B,M,wide,node4node46,4,121.19
M_node4node46_wide_t5,0.0,1.0,B,M,wide,node4node46,5,85.91
M_node4node24_timber_t0,0.0,0.0,B,M,timber,node4node24,0,1210.0
M_node4node24_timber_t1,0.0,1.0,B,M,timber,node4node24,1,1018.79
M_node4node24_timber_t2,0.0,1.0,B,M,timber,node4node24,2,722.24
M_node4node24_timber_t3,0.0,1.0,B,M,timber,node4node24,3,512.01
M_node4node24_timber_t4,0.0,1.0,B,M,timber,node4node24,4,362.97
M_node4node24_timber_t5,0.0,1.0,B,M,timber,node4node24,5,257.32
M_node4node24_wide_t0,0.0,0.0,B,M,wide,node4node24,0,1210.0
M_node4node24_wide_t1,0.0,1.0,B,M,wide,node4node24,1,1018.79
M_node4node24_wide_t2,0.0,1.0,B,M,wide,node4node24,2,722.24
M_node4node24_wide_t3,0.0,1.0,B,M,wide,node4node24,3,512.01
M_node4node24_wide_t4,0.0,1.0,B,M,wide,node4node24,4,362.97
M_node4node24_wide_t5,0.0,1.0,B,M,wide,node4node24,5,257.32
M_node4node93_timber_t0,0.0,0.0,B,M,timber,node4node93,0,0.0
M_node4node93_timber_t1,0.0,1.0,B,M,timber,node4node93,1,0.0
M_node4node93_timber_t2,0.0,1.0,B,M,timber,node4node93,2,0.0
M_node4node93_timber_t3,0.0,1.0,B,M,timber,node4node93,3,0.0
M_node4node93_timber_t4,0.0,1.0,B,M,timber,node4node93,4,0.0
M_node4node93_timber_t5,0.0,1.0,B,M,timber,node4node93,5,0.0
M_node4node93_wide_t0,0.0,0.0,B,M,wide,node4node93,0,0.0
M_node4node93_wide_t1,0.0,1.0,B,M,wide,node4node93,1,0.0
M_node4node93_wide_t2,0.0,1.0,B,M,wide,node4node93,2,0.0
M_node4node93_wide_t3,0.0,1.0,B,M,wide,node4node93,3,0.0
M_node4node93_wide_t4,0.0,1.0,B,M,wide,node4node93,4,0.0
M_node4node93_wide_t5,0.0,1.0,B,M,wide,node4node93,5,0.0
M_node4node94_timber_t0,0.0,0.0,B,M,timber,node4node94,0,0.0
M_node4node94_timber_t1,0.0,1.0,B,M,timber,node4node94,1,0.0
M_node4node94_timber_t2,0.0,1.0,B,M,timber,node4node94,2,0.0
M_node4node94_timber_t3,0.0,1.0,B,M,timber,node4node94,3,0.0
M_node4node94_timber_t4,0.0,1.0,B,M,timber,node4node94,4,0.0
M_node4node94_timber_t5,0.0,1.0,B,M,timber,node4node94,5,0.0
M_node4node94_wide_t0,0.0,0.0,B,M,wide,node4node94,0,0.0
M_node4node94_wide_t1,0.0,1.0,B,M,wide,node4node94,1,0.0
M_node4node94_wide_t2,0.0,1.0,B,M,wide,node4node94,2,0.0
M_node4node94_wide_t3,0.0,1.0,B,M,wide,node4node94,3,0.0
M_node4node94_wide_t4,0.0,1.0,B,M,wide,node4node94,4,0.0
M_node4node94_wide_t5,0.0,1.0,B,M,wide,node4node94,5,0.0
M_node4node95_timber_t0,0.0,0.0,B,M,timber,node4node95,0,0.0
M_node4node95_timber_t1,0.0,1.0,B,M,timber,node4node95,1,0.0
M_node4node95_timber_t2,0.0,1.0,B,M,timber,node4node95,2,0.0
M_node4node95_timber_t3,0.0,1.0,B,M,timber,node4node95,3,0.0
M_node4node95_timber_t4,0.0,1.0,B,M,timber,node4node95,4,0.0
M_node4node95_timber_t5,0.0,1.0,B,M,timber,node4node95,5,0.0
M_node4node95_wide_t0,0.0,0.0,B,M,wide,node4node95,0,0.0
M_node4node95_wide_t1,0.0,1.0,B,M,wide,node4node95,1,0.0
M_node4node95_wide_t2,0.0,1.0,B,M,wide,node4node95,2,0.0
M_node4node95_wide_t3,0.0,1.0,B,M,wide,node4node95,3,0.0
M_node4node95_wide_t4,0.0,1.0,B,M,wide,node4node95,4,0.0
M_node4node95_wide_t5,0.0,1.0,B,M,wide,node4node95,5,0.0
M_node5node43_timber_t0,0.0,0.0,B,M,timber,node5node43,0,331.0
M_node5node43_timber_t1,0.0,1.0,B,M,timber,node5node43,1,278.69
M_node5node43_timber_t2,0.0,1.0,B,M,timber,node5node43,2,197.57
M_node5node43_timber_t3,0.0,1.0,B,M,timber,node5node43,3,140.06
M_node5node43_timber_t4,0.0,1.0,B,M,timber,node5node43,4,99.29
M_node5node43_timber_t5,0.0,1.0,B,M,timber,node5node43,5,70.39
M_node5node43_wide_t0,0.0,0.0,B,M,wide,node5node43,0,331.0
M_node5node43_wide_t1,0.0,1.0,B,M,wide,node5node43,1,278.69
M_node5node43_wide_t2,0.0,1.0,B,M,wide,node5node43,2,197.57
M_node5node43_wide_t3,0.0,1.0,B,M,wide,node5node43,3,140.06
M_node5node43_wide_t4,0.0,1.0,B,M,wide,node5node43,4,99.29
M_node5node43_wide_t5,0.0,1.0,B,M,wide,node5node43,5,70.39
M_node5node11_timber_t0,0.0,0.0,B,M,timber,node5node11,0,192.0
M_node5node11_timber_t1,0.0,1.0,B,M,timber,node5node11,1,161.66
M_node5node11_timber_t2,0.0,1.0,B,M,timber,node5node11,2,114.6
M_node5node11_timber_t3,0.0,1.0,B,M,timber,node5node11,3,81.24
M_node5node11_timber_t4,0.0,1.0,B,M,timber,node5node11,4,57.6
M_node5node11_timber_t5,0.0,1.0,B,M,timber,node5node11,5,40.83
M_node5node11_wide_t0,0.0,0.0,B,M,wide,node5node11,0,192.0
M_node5node11_wide_t1,0.0,1.0,B,M,wide,node5node11,1,161.66
M_node5node11_wide_t2,0.0,1.0,B,M,wide,node5node11,2,114.6
M_node5node11_wide_t3,0.0,1.0,B,M,wide,node5node11,3,81.24
M_node5node11_wide_t4,0.0,1.0,B,M,wide,node5node11,4,57.6
M_node5node11_wide_t5,0.0,1.0,B,M,wide,node5node11,5,40.83
M_node5node57_timber_t0,0.0,0.0,B,M,timber,node5node57,0,1985.0
M_node5node57_timber_t1,0.0,1.0,B,M,timber,node5node57,1,1671.32
M_node5node57_timber_t2,0.0,1.0,B,M,timber,node5node57,2,1184.83
M_node5node57_timber_t3,0.0,1.0,B,M,timber,node5node57,3,839.95
M_node5node57_timber_t4,0.0,1.0,B,M,timber,node5node57,4,595.45
M_node5node57_timber_t5,0.0,1.0,B,M,timber,node5node57,5,422.13
M_node5node57_wide_t0,0.0,0.0,B,M,wide,node5node57,0,1985.0
M_node5node57_wide_t1,0.0,1.0,B,M,wide,node5node57,1,1671.32
M_node5node57_wide_t2,0.0,1.0,B,M,wide,node5node57,2,1184.83
M_node5node57_wide_t3,0.0,1.0,B,M,wide,node5node57,3,839.95
M_node5node57_wide_t4,0.0,1.0,B,M,wide,node5node57,4,595.45
M_node5node57_wide_t5,0.0,1.0,B,M,wide,node5node57,5,422.13
M_node5node91_timber_t0,0.0,0.0,B,M,timber,node5node91,0,0.0
M_node5node91_timber_t1,0.0,1.0,B,M,timber,node5node91,1,0.0
M_node5node91_timber_t2,0.0,1.0,B,M,timber,node5node91,2,0.0
M_node5node91_timber_t3,0.0,1.0,B,M,timber,node5node91,3,0.0
M_node5node91_timber_t4,0.0,1.0,B,M,timber,node5node91,4,0.0
M_node5node91_timber_t5,0.0,1.0,B,M,timber,node5node91,5,0.0
M_node5node91_wide_t0,0.0,0.0,B,M,wide,node5node91,0,0.0
M_node5node91_wide_t1,0.0,1.0,B,M,wide,node5node91,1,0.0
M_node5node91_wide_t2,0.0,1.0,B,M,wide,node5node91,2,0.0
M_node5node91_wide_t3,0.0,1.0,B,M,wide,node5node91,3,0.0
M_node5node91_wide_t4,0.0,1.0,B,M,wide,node5node91,4,0.0
M_node5node91_wide_t5,0.0,1.0,B,M,wide,node5node91,5,0.0
M_node5node99_timber_t0,0.0,0.0,B,M,timber,node5node99,0,0.0
M_node5node99_timber_t1,0.0,1.0,B,M,timber,node5node99,1,0.0
M_node5node99_timber_t2,0.0,1.0,B,M,timber,node5node99,2,0.0
M_node5node99_timber_t3,0.0,1.0,B,M,timber,node5node99,3,0.0
M_node5node99_timber_t4,0.0,1.0,B,M,timber,node5node99,4,0.0
M_node5node99_timber_t5,0.0,1.0,B,M,timber,node5node99,5,0.0
M_node5node99_wide_t0,0.0,0.0,B,M,wide,node5node99,0,0.0
M_node5node99_wide_t1,0.0,1.0,B,M,wide,node5node99,1,0.0
M_node5node99_wide_t2,0.0,1.0,B,M,wide,node5node99,2,0.0
M_node5node99_wide_t3,0.0,1.0,B,M,wide,node5node99,3,0.0
M_node5node99_wide_t4,0.0,1.0,B,M,wide,node5node99,4,0.0
M_node5node99_wide_t5,0.0,1.0,B,M,wide,node5node99,5,0.0
M_node6node22_timber_t0,0.0,0.0,B,M,timber,node6node22,0,408.0
M_node6node22_timber_t1,0.0,1.0,B,M,timber,node6node22,1,343.53
M_node6node22_timber_t2,0.0,1.0,B,M,timber,node6node22,2,243.53
M_node6node22_timber_t3,0.0,1.0,B,M,timber,node6node22,3,172.64
M_node6node22_timber_t4,0.0,1.0,B,M,timber,node6node22,4,122.39
M_node6node22_timber_t5,0.0,1.0,B,M,timber,node6node22,5,86.76
M_node6node22_wide_t0,0.0,0.0,B,M,wide,node6node22,0,408.0
M_node6node22_wide_t1,0.0,1.0,B,M,wide,node6node22,1,343.53
M_node6node22_wide_t2,0.0,1.0,B,M,wide,node6node22,2,243.53
M_node6node22_wide_t3,0.0,1.0,B,M,wide,node6node22,3,172.64
M_node6node22_wide_t4,0.0,1.0,B,M,wide,node6node22,4,122.39
M_node6node22_wide_t5,0.0,1.0,B,M,wide,node6node22,5,86.76
M_node6node25_timber_t0,0.0,0.0,B,M,timber,node6node25,0,515.0
M_node6node25_timber_t1,0.0,1.0,B,M,timber,node6node25,1,433.62
M_node6node25_timber_t2,0.0,1.0,B,M,timber,node6node25,2,307.4
M_node6node25_timber_t3,0.0,1.0,B,M,timber,node6node25,3,217.92
M_node6node25_timber_t4,0.0,1.0,B,M,timber,node6node25,4,154.49
M_node6node25_timber_t5,0.0,1.0,B,M,timber,node6node25,5,109.52
M_node6node25_wide_t0,0.0,0.0,B,M,wide,node6node25,0,515.0
M_node6node25_wide_t1,0.0,1.0,B,M,wide,node6node25,1,433.62
M_node6node25_wide_t2,0.0,1.0,B,M,wide,node6node25,2,307.4
M_node6node25_wide_t3,0.0,1.0,B,M,wide,node6node25,3,217.92
M_node6node25_wide_t4,0.0,1.0,B,M,wide,node6node25,4,154.49
M_node6node25_wide_t5,0.0,1.0,B,M,wide,node6node25,5,109.52
M_node6node54_timber_t0,0.0,0.0,B,M,timber,node6node54,0,1100.0
M_node6node54_timber_t1,0.0,1.0,B,M,timber,node6node54,1,926.17
M_node6node54_timber_t2,0.0,1.0,B,M,timber,node6node54,2,656.58
M_node6node54_timber_t3,0.0,1.0,B,M,timber,node6node54,3,465.46
M_node6node54_timber_t4,0.0,1.0,B,M,timber,node6node54,4,329.97
M_node6node54_timber_t5,0.0,1.0,B,M,timber,node6node54,5,233.93
M_node6node54_wide_t0,0.0,0.0,B,M,wide,node6node54,0,1100.0
M_node6node54_wide_t1,0.0,1.0,B,M,wide,node6node54,1,926.17
M_node6node54_wide_t2,0.0,1.0,B,M,wide,node6node54,2,656.58
M_node6node54_wide_t3,0.0,1.0,B,M,wide,node6node54,3,465.46
M_node6node54_wide_t4,0.0,1.0,B,M,wide,node6node54,4,329.97
M_node6node54_wide_t5,0.0,1.0,B,M,wide,node6node54,5,233.93
M_node6node96_timber_t0,0.0,0.0,B,M,timber,node6node96,0,0.0
M_node6node96_timber_t1,0.0,1.0,B,M,timber,node6node96,1,0.0
M_node6node96_timber_t2,0.0,1.0,B,M,timber,node6node96,2,0.0
M_node6node96_timber_t3,0.0,1.0,B,M,timber,node6node96,3,0.0
M_node6node96_timber_t4,0.0,1.0,B,M,timber,node6node96,4,0.0
M_node6node96_timber_t5,0.0,1.0,B,M,timber,node6node96,5,0.0
M_node6node96_wide_t0,0.0,0.0,B,M,wide,node6node96,0,0.0
M_node6node96_wide_t1,0.0,1.0,B,M,wide,node6node96,1,0.0
M_node6node96_wide_t2,0.0,1.0,B,M,wide,node6node96,2,0.0
M_node6node96_wide_t3,0.0,1.0,B,M,wide,node6node96,3,0.0
M_node6node96_wide_t4,0.0,1.0,B,M,wide,node6node96,4,0.0
M_node6node96_wide_t5,0.0,1.0,B,M,wide,node6node96,5,0.0
M_node6node102_timber_t0,0.0,0.0,B,M,timber,node6node102,0,0.0
M_node6node102_timber_t1,0.0,1.0,B,M,timber,node6node102,1,0.0
M_node6node102_timber_t2,0.0,1.0,B,M,timber,node6node102,2,0.0
M_node6node102_timber_t3,0.0,1.0,B,M,timber,node6node102,3,0.0
M_node6node102_timber_t4,0.0,1.0,B,M,timber,node6node102,4,0.0
M_node6node102_timber_t5,0.0,1.0,B,M,timber,node6node102,5,0.0
M_node6node102_wide_t0,0.0,0.0,B,M,wide,node6node102,0,0.0
M_node6node102_wide_t1,0.0,1.0,B,M,wide,node6node102,1,0.0
M_node6node102_wide_t2,0.0,1.0,B,M,wide,node6node102,2,0.0
M_node6node102_wide_t3,0.0,1.0,B,M,wide,node6node102,3,0.0
M_node6node102_wide_t4,0.0,1.0,B,M,wide,node6node102,4,0.0
M_node6node102_wide_t5,0.0,1.0,B,M,wide,node6node102,5,0.0
M_node6node108_timber_t0,0.0,0.0,B,M,timber,node6node108,0,0.0
M_node6node108_timber_t1,0.0,1.0,B,M,timber,node6node108,1,0.0
M_node6node108_timber_t2,0.0,1.0,B,M,timber,node6node108,2,0.0
M_node6node108_timber_t3,0.0,1.0,B,M,timber,node6node108,3,0.0
M_node6node108_timber_t4,0.0,1.0,B,M,timber,node6node108,4,0.0
M_node6node108_timber_t5,0.0,1.0,B,M,timber,node6node108,5,0.0
M_node6node108_wide_t0,0.0,0.0,B,M,wide,node6node108,0,0.0
M_node6node108_wide_t1,0.0,1.0,B,M,wide,node6node108,1,0.0
M_node6node108_wide_t2,0.0,1.0,B,M,wide,node6node108,2,0.0
M_node6node108_wide_t3,0.0,1.0,B,M,wide,node6node108,3,0.0
M_node6node108_wide_t4,0.0,1.0,B,M,wide,node6node108,4,0.0
M_node6node108_wide_t5,0.0,1.0,B,M,wide,node6node108,5,0.0
M_node7node23_timber_t0,0.0,0.0,B,M,timber,node7node23,0,778.0
M_node7node23_timber_t1,0.0,1.0,B,M,timber,node7node23,1,655.06
M_node7node23_timber_t2,0.0,1.0,B,M,timber,node7node23,2,464.38
M_node7node23_timber_t3,0.0,1.0,B,M,timber,node7node23,3,329.21
M_node7node23_timber_t4,0.0,1.0,B,M,timber,node7node23,4,233.38
M_node7node23_timber_t5,0.0,1.0,B,M,timber,node7node23,5,165.45
M_node7node23_wide_t0,0.0,0.0,B,M,wide,node7node23,0,778.0
M_node7node23_wide_t1,0.0,1.0,B,M,wide,node7node23,1,655.06
M_node7node23_wide_t2,0.0,1.0,B,M,wide,node7node23,2,464.38
M_node7node23_wide_t3,0.0,1.0,B,M,wide,node7node23,3,329.21
M_node7node23_wide_t4,0.0,1.0,B,M,wide,node7node23,4,233.38
M_node7node23_wide_t5,0.0,1.0,B,M,wide,node7node23,5,165.45
M_node7node15_timber_t0,0.0,0.0,B,M,timber,node7node15,0,756.0
M_node7node15_timber_t1,0.0,1.0,B,M,timber,node7node15,1,636.53
M_node7node15_timber_t2,0.0,1.0,B,M,timber,node7node15,2,451.25
M_node7node15_timber_t3,0.0,1.0,B,M,timber,node7node15,3,319.9
M_node7node15_timber_t4,0.0,1.0,B,M,timber,node7node15,4,226.78
M_node7node15_timber_t5,0.0,1.0,B,M,timber,node7node15,5,160.77
M_node7node15_wide_t0,0.0,0.0,B,M,wide,node7node15,0,756.0
M_node7node15_wide_t1,0.0,1.0,B,M,wide,node7node15,1,636.53
M_node7node15_wide_t2,0.0,1.0,B,M,wide,node7node15,2,451.25
M_node7node15_wide_t3,0.0,1.0,B,M,wide,node7node15,3,319.9
M_node7node15_wide_t4,0.0,1.0,B,M,wide,node7node15,4,226.78
M_node7node15_wide_t5,0.0,1.0,B,M,wide,node7node15,5,160.77
M_node7node34_timber_t0,0.0,0.0,B,M,timber,node7node34,0,2766.0
M_node7node34_timber_t1,0.0,1.0,B,M,timber,node7node34,1,2328.9
M_node7node34_timber_t2,0.0,1.0,B,M,timber,node7node34,2,1651.0
M_node7node34_timber_t3,0.0,1.0,B,M,timber,node7node34,3,1170.42
M_node7node34_timber_t4,0.0,1.0,B,M,timber,node7node34,4,829.74
M_node7node34_timber_t5,0.0,1.0,B,M,timber,node7node34,5,588.22
M_node7node34_wide_t0,0.0,0.0,B,M,wide,node7node34,0,2766.0
M_node7node34_wide_t1,0.0,1.0,B,M,wide,node7node34,1,2328.9
M_node7node34_wide_t2,0.0,1.0,B,M,wide,node7node34,2,1651.0
M_node7node34_wide_t3,0.0,1.0,B,M,wide,node7node34,3,1170.42
M_node7node34_wide_t4,0.0,1.0,B,M,wide,node7node34,4,829.74
M_node7node34_wide_t5,0.0,1.0,B,M,wide,node7node34,5,588.22
M_node7node105_timber_t0,0.0,0.0,B,M,timber,node7node105,0,0.0
M_node7node105_timber_t1,0.0,1.0,B,M,timber,node7node105,1,0.0
M_node7node105_timber_t2,0.0,1.0,B,M,timber,node7node105,2,0.0
M_node7node105_timber_t3,0.0,1.0,B,M,timber,node7node105,3,0.0
M_node7node105_timber_t4,0.0,1.0,B,M,timber,node7node105,4,0.0
M_node7node105_timber_t5,0.0,1.0,B,M,timber,node7node105,5,0.0
M_node7node105_wide_t0,0.0,0.0,B,M,wide,node7node105,0,0.0
M_node7node105_wide_t1,0.0,1.0,B,M,wide,node7node105,1,0.0
M_node7node105_wide_t2,0.0,1.0,B,M,wide,node7node105,2,0.0
M_node7node105_wide_t3,0.0,1.0,B,M,wide,node7node105,3,0.0
M_node7node105_wide_t4,0.0,1.0,B,M,wide,node7node105,4,0.0
M_node7node105_wide_t5,0.0,1.0,B,M,wide,node7node105,5,0.0
M_node7node106_timber_t0,0.0,0.0,B,M,timber,node7node106,0,0.0
M_node7node106_timber_t1,0.0,1.0,B,M,timber,node7node106,1,0.0
M_node7node106_timber_t2,0.0,1.0,B,M,timber,node7node106,2,0.0
M_node7node106_timber_t3,0.0,1.0,B,M,timber,node7node106,3,0.0
M_node7node106_timber_t4,0.0,1.0,B,M,timber,node7node106,4,0.0
M_node7node106_timber_t5,0.0,1.0,B,M,timber,node7node106,5,0.0
M_node7node106_wide_t0,0.0,0.0,B,M,wide,node7node106,0,0.0
M_node7node106_wide_t1,0.0,1.0,B,M,wide,node7node106,1,0.0
M_node7node106_wide_t2,0.0,1.0,B,M,wide,node7node106,2,0.0
M_node7node106_wide_t3,0.0,1.0,B,M,wide,node7node106,3,0.0
M_node7node106_wide_t4,0.0,1.0,B,M,wide,node7node106,4,0.0
M_node7node106_wide_t5,0.0,1.0,B,M,wide,node7node106,5,0.0
M_node8node51_timber_t0,0.0,0.0,B,M,timber,node8node51,0,164.0
M_node8node51_timber_t1,0.0,1.0,B,M,timber,node8node51,1,138.08
M_node8node51_timber_t2,0.0,1.0,B,M,timber,node8node51,2,97.89
M_node8node51_timber_t3,0.0,1.0,B,M,timber,node8node51,3,69.4
M_node8node51_timber_t4,0.0,1.0,B,M,timber,node8node51,4,49.2
M_node8node51_timber_t5,0.0,1.0,B,M,timber,node8node51,5,34.88
M_node8node51_wide_t0,0.0,0.0,B,M,wide,node8node51,0,164.0
M_node8node51_wide_t1,0.0,1.0,B,M,wide,node8node51,1,138.08
M_node8node51_wide_t2,0.0,1.0,B,M,wide,node8node51,2,97.89
M_node8node51_wide_t3,0.0,1.0,B,M,wide,node8node51,3,69.4
M_node8node51_wide_t4,0.0,1.0,B,M,wide,node8node51,4,49.2
M_node8node51_wide_t5,0.0,1.0,B,M,wide,node8node51,5,34.88
M_node8node30_timber_t0,0.0,0.0,B,M,timber,node8node30,0,476.0
M_node8node30_timber_t1,0.0,1.0,B,M,timber,node8node30,1,400.78
M_node8node30_timber_t2,0.0,1.0,B,M,timber,node8node30,2,284.12
M_node8node30_timber_t3,0.0,1.0,B,M,timber,node8node30,3,201.42
M_node8node30_timber_t4,0.0,1.0,B,M,timber,node8node30,4,142.79
M_node8node30_timber_t5,0.0,1.0,B,M,timber,node8node30,5,101.23
M_node8node30_wide_t0,0.0,0.0,B,M,wide,node8node30,0,476.0
M_node8node30_wide_t1,0.0,1.0,B,M,wide,node8node30,1,400.78
M_node8node30_wide_t2,0.0,1.0,B,M,wide,node8node30,2,284.12
M_node8node30_wide_t3,0.0,1.0,B,M,wide,node8node30,3,201.42
M_node8node30_wide_t4,0.0,1.0,B,M,wide,node8node30,4,142.79
M_node8node30_wide_t5,0.0,1.0,B,M,wide,node8node30,5,101.23
M_node8node52_timber_t0,0.0,0.0,B,M,timber,node8node52,0,618.0
M_node8node52_timber_t1,0.0,1.0,B,M,timber,node8node52,1,520.34
M_node8node52_timber_t2,0.0,1.0,B,M,timber,node8node52,2,368.88
M_node8node52_timber_t3,0.0,1.0,B,M,timber,node8node52,3,261.5
M_node8node52_timber_t4,0.0,1.0,B,M,timber,node8node52,4,185.39
M_node8node52_timber_t5,0.0,1.0,B,M,timber,node8node52,5,131.42
M_node8node52_wide_t0,0.0,0.0,B,M,wide,node8node52,0,618.0
M_node8node52_wide_t1,0.0,1.0,B,M,wide,node8node52,1,520.34
M_node8node52_wide_t2,0.0,1.0,B,M,wide,node8node52,2,368.88
M_node8node52_wide_t3,0.0,1.0,B,M,wide,node8node52,3,261.5
M_node8node52_wide_t4,0.0,1.0,B,M,wide,node8node52,4,185.39
M_node8node52_wide_t5,0.0,1.0,B,M,wide,node8node52,5,131.42
M_node8node107_timber_t0,0.0,0.0,B,M,timber,node8node107,0,0.0
M_node8node107_timber_t1,0.0,1.0,B,M,timber,node8node107,1,0.0
M_node8node107_timber_t2,0.0,1.0,B,M,timber,node8node107,2,0.0
M_node8node107_timber_t3,0.0,1.0,B,M,timber,node8node107,3,0.0
M_node8node107_timber_t4,0.0,1.0,B,M,timber,node8node107,4,0.0
M_node8node107_timber_t5,0.0,1.0,B,M,timber,node8node107,5,0.0
M_node8node107_wide_t0,0.0,0.0,B,M,wide,node8node107,0,0.0
M_node8node107_wide_t1,0.0,1.0,B,M,wide,node8node107,1,0.0
M_node8node107_wide_t2,0.0,1.0,B,M,wide,node8node107,2,0.0
M_node8node107_wide_t3,0.0,1.0,B,M,wide,node8node107,3,0.0
M_node8node107_wide_t4,0.0,1.0,B,M,wide,node8node107,4,0.0
M_node8node107_wide_t5,0.0,1.0,B,M,wide,node8node107,5,0.0
M_node8node109_timber_t0,0.0,0.0,B,M,timber,node8node109,0,0.0
M_node8node109_timber_t1,0.0,1.0,B,M,timber,node8node109,1,0.0
M_node8node109_timber_t2,0.0,1.0,B,M,timber,node8node109,2,0.0
M_node8node109_timber_t3,0.0,1.0,B,M,timber,node8node109,3,0.0
M_node8node109_timber_t4,0.0,1.0,B,M,timber,node8node109,4,0.0
M_node8node109_timber_t5,0.0,1.0,B,M,timber,node8node109,5,0.0
M_node8node109_wide_t0,0.0,0.0,B,M,wide,node8node109,0,0.0
M_node8node109_wide_t1,0.0,1.0,B,M,wide,node8node109,1,0.0
M_node8node109_wide_t2,0.0,1.0,B,M,wide,node8node109,2,0.0
M_node8node109_wide_t3,0.0,1.0,B,M,wide,node8node109,3,0.0
M_node8node109_wide_t4,0.0,1.0,B,M,wide,node8node109,4,0.0
M_node8node109_wide_t5,0.0,1.0,B,M,wide,node8node109,5,0.0
M_node9node33_timber_t0,0.0,0.0,B,M,timber,node9node33,0,151.0
M_node9node33_timber_t1,0.0,1.0,B,M,timber,node9node33,1,127.14
M_node9node33_timber_t2,0.0,1.0,B,M,timber,node9node33,2,90.13
M_node9node33_timber_t3,0.0,1.0,B,M,timber,node9node33,3,63.9
M_node9node33_timber_t4,0.0,1.0,B,M,timber,node9node33,4,45.3
M_node9node33_timber_t5,0.0,1.0,B,M,timber,node9node33,5,32.11
M_node9node33_wide_t0,0.0,0.0,B,M,wide,node9node33,0,151.0
M_node9node33_wide_t1,0.0,1.0,B,M,wide,node9node33,1,127.14
M_node9node33_wide_t2,0.0,1.0,B,M,wide,node9node33,2,90.13
M_node9node33_wide_t3,0.0,1.0,B,M,wide,node9node33,3,63.9
M_node9node33_wide_t4,0.0,1.0,B,M,wide,node9node33,4,45.3
M_node9node33_wide_t5,0.0,1.0,B,M,wide,node9node33,5,32.11
M_node9node34_timber_t0,0.0,0.0,B,M,timber,node9node34,0,918.0
M_node9node34_timber_t1,0.0,1.0,B,M,timber,node9node34,1,772.93
M_node9node34_timber_t2,0.0,1.0,B,M,timber,node9node34,2,547.95
M_node9node34_timber_t3,0.0,1.0,B,M,timber,node9node34,3,388.45
M_node9node34_timber_t4,0.0,1.0,B,M,timber,node9node34,4,275.38
M_node9node34_timber_t5,0.0,1.0,B,M,timber,node9node34,5,195.22
M_node9node34_wide_t0,0.0,0.0,B,M,wide,node9node34,0,918.0
M_node9node34_wide_t1,0.0,1.0,B,M,wide,node9node34,1,772.93
M_node9node34_wide_t2,0.0,1.0,B,M,wide,node9node34,2,547.95
M_node9node34_wide_t3,0.0,1.0,B,M,wide,node9node34,3,388.45
M_node9node34_wide_t4,0.0,1.0,B,M,wide,node9node34,4,275.38
M_node9node34_wide_t5,0.0,1.0,B,M,wide,node9node34,5,195.22
M_node9node38_timber_t0,0.0,0.0,B,M,timber,node9node38,0,950.0
M_node9node38_timber_t1,0.0,1.0,B,M,timber,node9node38,1,799.87
M_node9node38_timber_t2,0.0,1.0,B,M,timber,node9node38,2,567.05
M_node9node38_timber_t3,0.0,1.0,B,M,timber,node9node38,3,401.99
M_node9node38_timber_t4,0.0,1.0,B,M,timber,node9node38,4,284.98
M_node9node38_timber_t5,0.0,1.0,B,M,timber,node9node38,5,202.03
M_node9node38_wide_t0,0.0,0.0,B,M,wide,node9node38,0,950.0
M_node9node38_wide_t1,0.0,1.0,B,M,wide,node9node38,1,799.87
M_node9node38_wide_t2,0.0,1.0,B,M,wide,node9node38,2,567.05
M_node9node38_wide_t3,0.0,1.0,B,M,wide,node9node38,3,401.99
M_node9node38_wide_t4,0.0,1.0,B,M,wide,node9node38,4,284.98
M_node9node38_wide_t5,0.0,1.0,B,M,wide,node9node38,5,202.03
M_node9node111_timber_t0,0.0,0.0,B,M,timber,node9node111,0,0.0
M_node9node111_timber_t1,0.0,1.0,B,M,timber,node9node111,1,0.0
M_node9node111_timber_t2,0.0,1.0,B,M,timber,node9node111,2,0.0
M_node9node111_timber_t3,0.0,1.0,B,M,timber,node9node111,3,0.0
M_node9node111_timber_t4,0.0,1.0,B,M,timber,node9node111,4,0.0
M_node9node111_timber_t5,0.0,1.0,B,M,timber,node9node111,5,0.0
M_node9node111_wide_t0,0.0,0.0,B,M,wide,node9node111,0,0.0
M_node9node111_wide_t1,0.0,1.0,B,M,wide,node9node111,1,0.0
M_node9node111_wide_t2,0.0,1.0,B,M,wide,node9node111,2,0.0
M_node9node111_wide_t3,0.0,1.0,B,M,wide,node9node111,3,0.0
M_node9node111_wide_t4,0.0,1.0,B,M,wide,node9node111,4,0.0
M_node9node111_wide_t5,0.0,1.0,B,M,wide,node9node111,5,0.0
M_node9node113_timber_t0,0.0,0.0,B,M,timber,node9node113,0,0.0
M_node9node113_timber_t1,0.0,1.0,B,M,timber,node9node113,1,0.0
M_node9node113_timber_t2,0.0,1.0,B,M,timber,node9node113,2,0.0
M_node9node113_timber_t3,0.0,1.0,B,M,timber,node9node113,3,0.0
M_node9node113_timber_t4,0.0,1.0,B,M,timber,node9node113,4,0.0
M_node9node113_timber_t5,0.0,1.0,B,M,timber,node9node113,5,0.0
M_node9node113_wide_t0,0.0,0.0,B,M,wide,node9node113,0,0.0
M_node9node113_wide_t1,0.0,1.0,B,M,wide,node9node113,1,0.0
M_node9node113_wide_t2,0.0,1.0,B,M,wide,node9node113,2,0.0
M_node9node113_wide_t3,0.0,1.0,B,M,wide,node9node113,3,0.0
M_node9node113_wide_t4,0.0,1.0,B,M,wide,node9node113,4,0.0
M_node9node113_wide_t5,0.0,1.0,B,M,wide,node9node113,5,0.0
M_node10node87_timber_t0,0.0,0.0,B,M,timber,node10node87,0,43.0
M_node10node87_timber_t1,0.0,1.0,B,M,timber,node10node87,1,36.2
M_node10node87_timber_t2,0.0,1.0,B,M,timber,node10node87,2,25.67
M_node10node87_timber_t3,0.0,1.0,B,M,timber,node10node87,3,18.2
M_node10node87_timber_t4,0.0,1.0,B,M,timber,node10node87,4,12.9
M_node10node87_timber_t5,0.0,1.0,B,M,timber,node10node87,5,9.14
M_node10node87_wide_t0,0.0,0.0,B,M,wide,node10node87,0,43.0
M_node10node87_wide_t1,0.0,1.0,B,M,wide,node10node87,1,36.2
M_node10node87_wide_t2,0.0,1.0,B,M,wide,node10node87,2,25.67
M_node10node87_wide_t3,0.0,1.0,B,M,wide,node10node87,3,18.2
M_node10node87_wide_t4,0.0,1.0,B,M,wide,node10node87,4,12.9
M_node10node87_wide_t5,0.0,1.0,B,M,wide,node10node87,5,9.14
M_node10node85_timber_t0,0.0,0.0,B,M,timber,node10node85,0,95.0
M_node10node85_timber_t1,0.0,1.0,B,M,timber,node10node85,1,79.99
M_node10node85_timber_t2,0.0,1.0,B,M,timber,node10node85,2,56.7
M_node10node85_timber_t3,0.0,1.0,B,M,timber,node10node85,3,40.2
M_node10node85_timber_t4,0.0,1.0,B,M,timber,node10node85,4,28.5
M_node10node85_timber_t5,0.0,1.0,B,M,timber,node10node85,5,20.2
M_node10node85_wide_t0,0.0,0.0,B,M,wide,node10node85,0,95.0
M_node10node85_wide_t1,0.0,1.0,B,M,wide,node10node85,1,79.99
M_node10node85_wide_t2,0.0,1.0,B,M,wide,node10node85,2,56.7
M_node10node85_wide_t3,0.0,1.0,B,M,wide,node10node85,3,40.2
M_node10node85_wide_t4,0.0,1.0,B,M,wide,node10node85,4,28.5
M_node10node85_wide_t5,0.0,1.0,B,M,wide,node10node85,5,20.2
M_node10node33_timber_t0,0.0,0.0,B,M,timber,node10node33,0,874.0
M_node10node33_timber_t1,0.0,1.0,B,M,timber,node10node33,1,735.88
M_node10node33_timber_t2,0.0,1.0,B,M,timber,node10node33,2,521.68
M_node10node33_timber_t3,0.0,1.0,B,M,timber,node10node33,3,369.83
M_node10node33_timber_t4,0.0,1.0,B,M,timber,node10node33,4,262.18
M_node10node33_timber_t5,0.0,1.0,B,M,timber,node10node33,5,185.86
M_node10node33_wide_t0,0.0,0.0,B,M,wide,node10node33,0,874.0
M_node10node33_wide_t1,0.0,1.0,B,M,wide,node10node33,1,735.88
M_node10node33_wide_t2,0.0,1.0,B,M,wide,node10node33,2,521.68
M_node10node33_wide_t3,0.0,1.0,B,M,wide,node10node33,3,369.83
M_node10node33_wide_t4,0.0,1.0,B,M,wide,node10node33,4,262.18
M_node10node33_wide_t5,0.0,1.0,B,M,wide,node10node33,5,185.86
M_node10node109_timber_t0,0.0,0.0,B,M,timber,node10node109,0,0.0
M_node10node109_timber_t1,0.0,1.0,B,M,timber,node10node109,1,0.0
M_node10node109_timber_t2,0.0,1.0,B,M,timber,node10node109,2,0.0
M_node10node109_timber_t3,0.0,1.0,B,M,timber,node10node109,3,0.0
M_node10node109_timber_t4,0.0,1.0,B,M,timber,node10node109,4,0.0
M_node10node109_timber_t5,0.0,1.0,B,M,timber,node10node109,5,0.0
M_node10node109_wide_t0,0.0,0.0,B,M,wide,node10node109,0,0.0
M_node10node109_wide_t1,0.0,1.0,B,M,wide,node10node109,1,0.0
M_node10node109_wide_t2,0.0,1.0,B,M,wide,node10node109,2,0.0
M_node10node109_wide_t3,0.0,1.0,B,M,wide,node10node109,3,0.0
M_node10node109_wide_t4,0.0,1.0,B,M,wide,node10node109,4,0.0
M_node10node109_wide_t5,0.0,1.0,B,M,wide,node10node109,5,0.0
M_node10node111_timber_t0,0.0,0.0,B,M,timber,node10node111,0,0.0
M_node10node111_timber_t1,0.0,1.0,B,M,timber,node10node111,1,0.0
M_node10node111_timber_t2,0.0,1.0,B,M,timber,node10node111,2,0.0
M_node10node111_timber_t3,0.0,1.0,B,M,timber,node10node111,3,0.0
M_node10node111_timber_t4,0.0,1.0,B,M,timber,node10node111,4,0.0
M_node10node111_timber_t5,0.0,1.0,B,M,timber,node10node111,5,0.0
M_node10node111_wide_t0,0.0,0.0,B,M,wide,node10node111,0,0.0
M_node10node111_wide_t1,0.0,1.0,B,M,wide,node10node111,1,0.0
M_node10node111_wide_t2,0.0,1.0,B,M,wide,node10node111,2,0.0
M_node10node111_wide_t3,0.0,1.0,B,M,wide,node10node111,3,0.0
M_node10node111_wide_t4,0.0,1.0,B,M,wide,node10node111,4,0.0
M_node10node111_wide_t5,0.0,1.0,B,M,wide,node10node111,5,0.0
M_node10node112_timber_t0,0.0,0.0,B,M,timber,node10node112,0,0.0
M_node10node112_timber_t1,0.0,1.0,B,M,timber,node10node112,1,0.0
M_node10node112_timber_t2,0.0,1.0,B,M,timber,node10node112,2,0.0
M_node10node112_timber_t3,0.0,1.0,B,M,timber,node10node112,3,0.0
M_node10node112_timber_t4,0.0,1.0,B,M,timber,node10node112,4,0.0
M_node10node112_timber_t5,0.0,1.0,B,M,timber,node10node112,5,0.0
M_node10node112_wide_t0,0.0,0.0,B,M,wide,node10node112,0,0.0
M_node10node112_wide_t1,0.0,1.0,B,M,wide,node10node112,1,0.0
M_node10node112_wide_t2,0.0,1.0,B,M,wide,node10node112,2,0.0
M_node10node112_wide_t3,0.0,1.0,B,M,wide,node10node112,3,0.0
M_node10node112_wide_t4,0.0,1.0,B,M,wide,node10node112,4,0.0
M_node10node112_wide_t5,0.0,1.0,B,M,wide,node10node112,5,0.0
M_node11node78_timber_t0,0.0,0.0,B,M,timber,node11node78,0,24.0
M_node11node78_timber_t1,0.0,1.0,B,M,timber,node11node78,1,20.21
M_node11node78_timber_t2,0.0,1.0,B,M,timber,node11node78,2,14.33
M_node11node78_timber_t3,0.0,1.0,B,M,timber,node11node78,3,10.16
M_node11node78_timber_t4,0.0,1.0,B,M,timber,node11node78,4,7.2
M_node11node78_timber_t5,0.0,1.0,B,M,timber,node11node78,5,5.1
M_node11node78_wide_t0,0.0,0.0,B,M,wide,node11node78,0,24.0
M_node11node78_wide_t1,0.0,1.0,B,M,wide,node11node78,1,20.21
M_node11node78_wide_t2,0.0,1.0,B,M,wide,node11node78,2,14.33
M_node11node78_wide_t3,0.0,1.0,B,M,wide,node11node78,3,10.16
M_node11node78_wide_t4,0.0,1.0,B,M,wide,node11node78,4,7.2
M_node11node78_wide_t5,0.0,1.0,B,M,wide,node11node78,5,5.1
M_node11node75_timber_t0,0.0,0.0,B,M,timber,node11node75,0,438.0
M_node11node75_timber_t1,0.0,1.0,B,M,timber,node11node75,1,368.78
M_node11node75_timber_t2,0.0,1.0,B,M,timber,node11node75,2,261.44
M_node11node75_timber_t3,0.0,1.0,B,M,timber,node11node75,3,185.34
M_node11node75_timber_t4,0.0,1.0,B,M,timber,node11node75,4,131.39
M_node11node75_timber_t5,0.0,1.0,B,M,timber,node11node75,5,93.14
M_node11node75_wide_t0,0.0,0.0,B,M,wide,node11node75,0,438.0
M_node11node75_wide_t1,0.0,1.0,B,M,wide,node11node75,1,368.78
M_node11node75_wide_t2,0.0,1.0,B,M,wide,node11node75,2,261.44
M_node11node75_wide_t3,0.0,1.0,B,M,wide,node11node75,3,185.34
M_node11node75_wide_t4,0.0,1.0,B,M,wide,node11node75,4,131.39
M_node11node75_wide_t5,0.0,1.0,B,M,wide,node11node75,5,93.14
M_node11node99_timber_t0,0.0,0.0,B,M,timber,node11node99,0,0.0
M_node11node99_timber_t1,0.0,1.0,B,M,timber,node11node99,1,0.0
M_node11node99_timber_t2,0.0,1.0,B,M,timber,node11node99,2,0.0
M_node11node99_timber_t3,0.0,1.0,B,M,timber,node11node99,3,0.0
M_node11node99_timber_t4,0.0,1.0,B,M,timber,node11node99,4,0.0
M_node11node99_timber_t5,0.0,1.0,B,M,timber,node11node99,5,0.0
M_node11node99_wide_t0,0.0,0.0,B,M,wide,node11node99,0,0.0
M_node11node99_wide_t1,0.0,1.0,B,M,wide,node11node99,1,0.0
M_node11node99_wide_t2,0.0,1.0,B,M,wide,node11node99,2,0.0
M_node11node99_wide_t3,0.0,1.0,B,M,wide,node11node99,3,0.0
M_node11node99_wide_t4,0.0,1.0,B,M,wide,node11node99,4,0.0
M_node11node99_wide_t5,0.0,1.0,B,M,wide,node11node99,5,0.0
M_node11node100_timber_t0,0.0,0.0,B,M,timber,node11node100,0,0.0
M_node11node100_timber_t1,0.0,1.0,B,M,timber,node11node100,1,0.0
M_node11node100_timber_t2,0.0,1.0,B,M,timber,node11node100,2,0.0
M_node11node100_timber_t3,0.0,1.0,B,M,timber,node11node100,3,0.0
M_node11node100_timber_t4,0.0,1.0,B,M,timber,node11node100,4,0.0
M_node11node100_timber_t5,0.0,1.0,B,M,timber,node11node100,5,0.0
M_node11node100_wide_t0,0.0,0.0,B,M,wide,node11node100,0,0.0
M_node11node100_wide_t1,0.0,1.0,B,M,wide,node11node100,1,0.0
M_node11node100_wide_t2,0.0,1.0,B,M,wide,node11node100,2,0.0
M_node11node100_wide_t3,0.0,1.0,B,M,wide,node11node100,3,0.0
M_node11node100_wide_t4,0.0,1.0,B,M,wide,node11node100,4,0.0
M_node11node100_wide_t5,0.0,1.0,B,M,wide,node11node100,5,0.0
M_node12node47_timber_t0,0.0,0.0,B,M,timber,node12node47,0,45.0
M_node12node47_timber_t1,0.0,1.0,B,M,timber,node12node47,1,37.89
M_node12node47_timber_t2,0.0,1.0,B,M,timber,node12node47,2,26.86
M_node12node47_timber_t3,0.0,1.0,B,M,timber,node12node47,3,19.04
M_node12node47_timber_t4,0.0,1.0,B,M,timber,node12node47,4,13.5
M_node12node47_timber_t5,0.0,1.0,B,M,timber,node12node47,5,9.57
M_node12node47_wide_t0,0.0,0.0,B,M,wide,node12node47,0,45.0
M_node12node47_wide_t1,0.0,1.0,B,M,wide,node12node47,1,37.89
M_node12node47_wide_t2,0.0,1.0,B,M,wide,node12node47,2,26.86
M_node12node47_wide_t3,0.0,1.0,B,M,wide,node12node47,3,19.04
M_node12node47_wide_t4,0.0,1.0,B,M,wide,node12node47,4,13.5
M_node12node47_wide_t5,0.0,1.0,B,M,wide,node12node47,5,9.57
M_node12node35_timber_t0,0.0,0.0,B,M,timber,node12node35,0,73.0
M_node12node35_timber_t1,0.0,1.0,B,M,timber,node12node35,1,61.46
M_node12node35_timber_t2,0.0,1.0,B,M,timber,node12node35,2,43.57
M_node12node35_timber_t3,0.0,1.0,B,M,timber,node12node35,3,30.89
M_node12node35_timber_t4,0.0,1.0,B,M,timber,node12node35,4,21.9
M_node12node35_timber_t5,0.0,1.0,B,M,timber,node12node35,5,15.52
M_node12node35_wide_t0,0.0,0.0,B,M,wide,node12node35,0,73.0
M_node12node35_wide_t1,0.0,1.0,B,M,wide,node12node35,1,61.46
M_node12node35_wide_t2,0.0,1.0,B,M,wide,node12node35,2,43.57
M_node12node35_wide_t3,0.0,1.0,B,M,wide,node12node35,3,30.89
M_node12node35_wide_t4,0.0,1.0,B,M,wide,node12node35,4,21.9
M_node12node35_wide_t5,0.0,1.0,B,M,wide,node12node35,5,15.52
M_node12node114_timber_t0,0.0,0.0,B,M,timber,node12node114,0,0.0
M_node12node114_timber_t1,0.0,1.0,B,M,timber,node12node114,1,0.0
M_node12node114_timber_t2,0.0,1.0,B,M,timber,node12node114,2,0.0
M_node12node114_timber_t3,0.0,1.0,B,M,timber,node12node114,3,0.0
M_node12node114_timber_t4,0.0,1.0,B,M,timber,node12node114,4,0.0
M_node12node114_timber_t5,0.0,1.0,B,M,timber,node12node114,5,0.0
M_node12node114_wide_t0,0.0,0.0,B,M,wide,node12node114,0,0.0
M_node12node114_wide_t1,0.0,1.0,B,M,wide,node12node114,1,0.0
M_node12node114_wide_t2,0.0,1.0,B,M,wide,node12node114,2,0.0
M_node12node114_wide_t3,0.0,1.0,B,M,wide,node12node114,3,0.0
M_node12node114_wide_t4,0.0,1.0,B,M,wide,node12node114,4,0.0
M_node12node114_wide_t5,0.0,1.0,B,M,wide,node12node114,5,0.0
M_node13node46_timber_t0,0.0,0.0,B,M,timber,node13node46,0,223.0
M_node13node46_timber_t1,0.0,1.0,B,M,timber,node13node46,1,187.76
M_node13node46_timber_t2,0.0,1.0,B,M,timber,node13node46,2,133.11
M_node13node46_timber_t3,0.0,1.0,B,M,timber,node13node46,3,94.36
M_node13node46_timber_t4,0.0,1.0,B,M,timber,node13node46,4,66.89
M_node13node46_timber_t5,0.0,1.0,B,M,timber,node13node46,5,47.42
M_node13node46_wide_t0,0.0,0.0,B,M,wide,node13node46,0,223.0
M_node13node46_wide_t1,0.0,1.0,B,M,wide,node13node46,1,187.76
M_node13node46_wide_t2,0.0,1.0,B,M,wide,node13node46,2,133.11
M_node13node46_wide_t3,0.0,1.0,B,M,wide,node13node46,3,94.36
M_node13node46_wide_t4,0.0,1.0,B,M,wide,node13node46,4,66.89
M_node13node46_wide_t5,0.0,1.0,B,M,wide,node13node46,5,47.42
M_node13node25_timber_t0,0.0,0.0,B,M,timber,node13node25,0,894.0
M_node13node25_timber_t1,0.0,1.0,B,M,timber,node13node25,1,752.72
M_node13node25_timber_t2,0.0,1.0,B,M,timber,node13node25,2,533.62
M_node13node25_timber_t3,0.0,1.0,B,M,timber,node13node25,3,378.29
M_node13node25_timber_t4,0.0,1.0,B,M,timber,node13node25,4,268.18
M_node13node25_timber_t5,0.0,1.0,B,M,timber,node13node25,5,190.12
M_node13node25_wide_t0,0.0,0.0,B,M,wide,node13node25,0,894.0
M_node13node25_wide_t1,0.0,1.0,B,M,wide,node13node25,1,752.72
M_node13node25_wide_t2,0.0,1.0,B,M,wide,node13node25,2,533.62
M_node13node25_wide_t3,0.0,1.0,B,M,wide,node13node25,3,378.29
M_node13node25_wide_t4,0.0,1.0,B,M,wide,node13node25,4,268.18
M_node13node25_wide_t5,0.0,1.0,B,M,wide,node13node25,5,190.12
M_node13node49_timber_t0,0.0,0.0,B,M,timber,node13node49,0,1434.0
M_node13node49_timber_t1,0.0,1.0,B,M,timber,node13node49,1,1207.39
M_node13node49_timber_t2,0.0,1.0,B,M,timber,node13node49,2,855.94
M_node13node49_timber_t3,0.0,1.0,B,M,timber,node13node49,3,606.79
M_node13node49_timber_t4,0.0,1.0,B,M,timber,node13node49,4,430.17
M_node13node49_timber_t5,0.0,1.0,B,M,timber,node13node49,5,304.95
M_node13node49_wide_t0,0.0,0.0,B,M,wide,node13node49,0,1434.0
M_node13node49_wide_t1,0.0,1.0,B,M,wide,node13node49,1,1207.39
M_node13node49_wide_t2,0.0,1.0,B,M,wide,node13node49,2,855.94
M_node13node49_wide_t3,0.0,1.0,B,M,wide,node13node49,3,606.79
M_node13node49_wide_t4,0.0,1.0,B,M,wide,node13node49,4,430.17
M_node13node49_wide_t5,0.0,1.0,B,M,wide,node13node49,5,304.95
M_node13node36_timber_t0,0.0,0.0,B,M,timber,node13node36,0,941.0
M_node13node36_timber_t1,0.0,1.0,B,M,timber,node13node36,1,792.3
M_node13node36_timber_t2,0.0,1.0,B,M,timber,node13node36,2,561.67
M_node13node36_timber_t3,0.0,1.0,B,M,timber,node13node36,3,398.18
M_node13node36_timber_t4,0.0,1.0,B,M,timber,node13node36,4,282.28
M_node13node36_timber_t5,0.0,1.0,B,M,timber,node13node36,5,200.11
M_node13node36_wide_t0,0.0,0.0,B,M,wide,node13node36,0,941.0
M_node13node36_wide_t1,0.0,1.0,B,M,wide,node13node36,1,792.3
M_node13node36_wide_t2,0.0,1.0,B,M,wide,node13node36,2,561.67
M_node13node36_wide_t3,0.0,1.0,B,M,wide,node13node36,3,398.18
M_node13node36_wide_t4,0.0,1.0,B,M,wide,node13node36,4,282.28
M_node13node36_wide_t5,0.0,1.0,B,M,wide,node13node36,5,200.11
M_node13node95_timber_t0,0.0,0.0,B,M,timber,node13node95,0,0.0
M_node13node95_timber_t1,0.0,1.0,B,M,timber,node13node95,1,0.0
M_node13node95_timber_t2,0.0,1.0,B,M,timber,node13node95,2,0.0
M_node13node95_timber_t3,0.0,1.0,B,M,timber,node13node95,3,0.0
M_node13node95_timber_t4,0.0,1.0,B,M,timber,node13node95,4,0.0
M_node13node95_timber_t5,0.0,1.0,B,M,timber,node13node95,5,0.0
M_node13node95_wide_t0,0.0,0.0,B,M,wide,node13node95,0,0.0
M_node13node95_wide_t1,0.0,1.0,B,M,wide,node13node95,1,0.0
M_node13node95_wide_t2,0.0,1.0,B,M,wide,node13node95,2,0.0
M_node13node95_wide_t3,0.0,1.0,B,M,wide,node13node95,3,0.0
M_node13node95_wide_t4,0.0,1.0,B,M,wide,node13node95,4,0.0
M_node13node95_wide_t5,0.0,1.0,B,M,wide,node13node95,5,0.0
M_node13node97_timber_t0,0.0,0.0,B,M,timber,node13node97,0,0.0
M_node13node97_timber_t1,0.0,1.0,B,M,timber,node13node97,1,0.0
M_node13node97_timber_t2,0.0,1.0,B,M,timber,node13node97,2,0.0
M_node13node97_timber_t3,0.0,1.0,B,M,timber,node13node97,3,0.0
M_node13node97_timber_t4,0.0,1.0,B,M,timber,node13node97,4,0.0
M_node13node97_timber_t5,0.0,1.0,B,M,timber,node13node97,5,0.0
M_node13node97_wide_t0,0.0,0.0,B,M,wide,node13node97,0,0.0
M_node13node97_wide_t1,0.0,1.0,B,M,wide,node13node97,1,0.0
M_node13node97_wide_t2,0.0,1.0,B,M,wide,node13node97,2,0.0
M_node13node97_wide_t3,0.0,1.0,B,M,wide,node13node97,3,0.0
M_node13node97_wide_t4,0.0,1.0,B,M,wide,node13node97,4,0.0
M_node13node97_wide_t5,0.0,1.0,B,M,wide,node13node97,5,0.0
M_node13node107_timber_t0,0.0,0.0,B,M,timber,node13node107,0,0.0
M_node13node107_timber_t1,0.0,1.0,B,M,timber,node13node107,1,0.0
M_node13node107_timber_t2,0.0,1.0,B,M,timber,node13node107,2,0.0
M_node13node107_timber_t3,0.0,1.0,B,M,timber,node13node107,3,0.0
M_node13node107_timber_t4,0.0,1.0,B,M,timber,node13node107,4,0.0
M_node13node107_timber_t5,0.0,1.0,B,M,timber,node13node107,5,0.0
M_node13node107_wide_t0,0.0,0.0,B,M,wide,node13node107,0,0.0
M_node13node107_wide_t1,0.0,1.0,B,M,wide,node13node107,1,0.0
M_node13node107_wide_t2,0.0,1.0,B,M,wide,node13node107,2,0.0
M_node13node107_wide_t3,0.0,1.0,B,M,wide,node13node107,3,0.0
M_node13node107_wide_t4,0.0,1.0,B,M,wide,node13node107,4,0.0
M_node13node107_wide_t5,0.0,1.0,B,M,wide,node13node107,5,0.0
M_node13node108_timber_t0,0.0,0.0,B,M,timber,node13node108,0,0.0
M_node13node108_timber_t1,0.0,1.0,B,M,timber,node13node108,1,0.0
M_node13node108_timber_t2,0.0,1.0,B,M,timber,node13node108,2,0.0
M_node13node108_timber_t3,0.0,1.0,B,M,timber,node13node108,3,0.0
M_node13node108_timber_t4,0.0,1.0,B,M,timber,node13node108,4,0.0
M_node13node108_timber_t5,0.0,1.0,B,M,timber,node13node108,5,0.0
M_node13node108_wide_t0,0.0,0.0,B,M,wide,node13node108,0,0.0
M_node13node108_wide_t1,0.0,1.0,B,M,wide,node13node108,1,0.0
M_node13node108_wide_t2,0.0,1.0,B,M,wide,node13node108,2,0.0
M_node13node108_wide_t3,0.0,1.0,B,M,wide,node13node108,3,0.0
M_node13node108_wide_t4,0.0,1.0,B,M,wide,node13node108,4,0.0
M_node13node108_wide_t5,0.0,1.0,B,M,wide,node13node108,5,0.0
M_node14node89_timber_t0,0.0,0.0,B,M,timber,node14node89,0,252.0
M_node14node89_timber_t1,0.0,1.0,B,M,timber,node14node89,1,212.18
M_node14node89_timber_t2,0.0,1.0,B,M,timber,node14node89,2,150.42
M_node14node89_timber_t3,0.0,1.0,B,M,timber,node14node89,3,106.63
M_node14node89_timber_t4,0.0,1.0,B,M,timber,node14node89,4,75.59
M_node14node89_timber_t5,0.0,1.0,B,M,timber,node14node89,5,53.59
M_node14node89_wide_t0,0.0,0.0,B,M,wide,node14node89,0,252.0
M_node14node89_wide_t1,0.0,1.0,B,M,wide,node14node89,1,212.18
M_node14node89_wide_t2,0.0,1.0,B,M,wide,node14node89,2,150.42
M_node14node89_wide_t3,0.0,1.0,B,M,wide,node14node89,3,106.63
M_node14node89_wide_t4,0.0,1.0,B,M,wide,node14node89,4,75.59
M_node14node89_wide_t5,0.0,1.0,B,M,wide,node14node89,5,53.59
M_node14node51_timber_t0,0.0,0.0,B,M,timber,node14node51,0,743.0
M_node14node51_timber_t1,0.0,1.0,B,M,timber,node14node51,1,625.59
M_node14node51_timber_t2,0.0,1.0,B,M,timber,node14node51,2,443.49
M_node14node51_timber_t3,0.0,1.0,B,M,timber,node14node51,3,314.4
M_node14node51_timber_t4,0.0,1.0,B,M,timber,node14node51,4,222.88
M_node14node51_timber_t5,0.0,1.0,B,M,timber,node14node51,5,158.01
M_node14node51_wide_t0,0.0,0.0,B,M,wide,node14node51,0,743.0
M_node14node51_wide_t1,0.0,1.0,B,M,wide,node14node51,1,625.59
M_node14node51_wide_t2,0.0,1.0,B,M,wide,node14node51,2,443.49
M_node14node51_wide_t3,0.0,1.0,B,M,wide,node14node51,3,314.4
M_node14node51_wide_t4,0.0,1.0,B,M,wide,node14node51,4,222.88
M_node14node51_wide_t5,0.0,1.0,B,M,wide,node14node51,5,158.01
M_node14node19_timber_t0,0.0,0.0,B,M,timber,node14node19,0,780.0
M_node14node19_timber_t1,0.0,1.0,B,M,timber,node14node19,1,656.74
M_node14node19_timber_t2,0.0,1.0,B,M,timber,node14node19,2,465.57
M_node14node19_timber_t3,0.0,1.0,B,M,timber,node14node19,3,330.05
M_node14node19_timber_t4,0.0,1.0,B,M,timber,node14node19,4,233.98
M_node14node19_timber_t5,0.0,1.0,B,M,timber,node14node19,5,165.87
M_node14node19_wide_t0,0.0,0.0,B,M,wide,node14node19,0,780.0
M_node14node19_wide_t1,0.0,1.0,B,M,wide,node14node19,1,656.74
M_node14node19_wide_t2,0.0,1.0,B,M,wide,node14node19,2,465.57
M_node14node19_wide_t3,0.0,1.0,B,M,wide,node14node19,3,330.05
M_node14node19_wide_t4,0.0,1.0,B,M,wide,node14node19,4,233.98
M_node14node19_wide_t5,0.0,1.0,B,M,wide,node14node19,5,165.87
M_node14node112_timber_t0,0.0,0.0,B,M,timber,node14node112,0,0.0
M_node14node112_timber_t1,0.0,1.0,B,M,timber,node14node112,1,0.0
M_node14node112_timber_t2,0.0,1.0,B,M,timber,node14node112,2,0.0
M_node14node112_timber_t3,0.0,1.0,B,M,timber,node14node112,3,0.0
M_node14node112_timber_t4,0.0,1.0,B,M,timber,node14node112,4,0.0
M_node14node112_timber_t5,0.0,1.0,B,M,timber,node14node112,5,0.0
M_node14node112_wide_t0,0.0,0.0,B,M,wide,node14node112,0,0.0
M_node14node112_wide_t1,0.0,1.0,B,M,wide,node14node112,1,0.0
M_node14node112_wide_t2,0.0,1.0,B,M,wide,node14node112,2,0.0
M_node14node112_wide_t3,0.0,1.0,B,M,wide,node14node112,3,0.0
M_node14node112_wide_t4,0.0,1.0,B,M,wide,node14node112,4,0.0
M_node14node112_wide_t5,0.0,1.0,B,M,wide,node14node112,5,0.0
M_node14node114_timber_t0,0.0,0.0,B,M,timber,node14node114,0,0.0
M_node14node114_timber_t1,0.0,1.0,B,M,timber,node14node114,1,0.0
M_node14node114_timber_t2,0.0,1.0,B,M,timber,node14node114,2,0.0
M_node14node114_timber_t3,0.0,1.0,B,M,timber,node14node114,3,0.0
M_node14node114_timber_t4,0.0,1.0,B,M,timber,node14node114,4,0.0
M_node14node114_timber_t5,0.0,1.0,B,M,timber,node14node114,5,0.0
M_node14node114_wide_t0,0.0,0.0,B,M,wide,node14node114,0,0.0
M_node14node114_wide_t1,0.0,1.0,B,M,wide,node14node114,1,0.0
M_node14node114_wide_t2,0.0,1.0,B,M,wide,node14node114,2,0.0
M_node14node114_wide_t3,0.0,1.0,B,M,wide,node14node114,3,0.0
M_node14node114_wide_t4,0.0,1.0,B,M,wide,node14node114,4,0.0
M_node14node114_wide_t5,0.0,1.0,B,M,wide,node14node114,5,0.0
M_node15node55_timber_t0,0.0,0.0,B,M,timber,node15node55,0,425.0
M_node15node55_timber_t1,0.0,1.0,B,M,timber,node15node55,1,357.84
M_node15node55_timber_t2,0.0,1.0,B,M,timber,node15node55,2,253.68
M_node15node55_timber_t3,0.0,1.0,B,M,timber,node15node55,3,179.84
M_node15node55_timber_t4,0.0,1.0,B,M,timber,node15node55,4,127.49
M_node15node55_timber_t5,0.0,1.0,B,M,timber,node15node55,5,90.38
M_node15node55_wide_t0,0.0,0.0,B,M,wide,node15node55,0,425.0
M_node15node55_wide_t1,0.0,1.0,B,M,wide,node15node55,1,357.84
M_node15node55_wide_t2,0.0,1.0,B,M,wide,node15node55,2,253.68
M_node15node55_wide_t3,0.0,1.0,B,M,wide,node15node55,3,179.84
M_node15node55_wide_t4,0.0,1.0,B,M,wide,node15node55,4,127.49
M_node15node55_wide_t5,0.0,1.0,B,M,wide,node15node55,5,90.38
M_node15node34_timber_t0,0.0,0.0,B,M,timber,node15node34,0,1009.0
M_node15node34_timber_t1,0.0,1.0,B,M,timber,node15node34,1,849.55
M_node15node34_timber_t2,0.0,1.0,B,M,timber,node15node34,2,602.26
M_node15node34_timber_t3,0.0,1.0,B,M,timber,node15node34,3,426.96
M_node15node34_timber_t4,0.0,1.0,B,M,timber,node15node34,4,302.68
M_node15node34_timber_t5,0.0,1.0,B,M,timber,node15node34,5,214.57
M_node15node34_wide_t0,0.0,0.0,B,M,wide,node15node34,0,1009.0
M_node15node34_wide_t1,0.0,1.0,B,M,wide,node15node34,1,849.55
M_node15node34_wide_t2,0.0,1.0,B,M,wide,node15node34,2,602.26
M_node15node34_wide_t3,0.0,1.0,B,M,wide,node15node34,3,426.96
M_node15node34_wide_t4,0.0,1.0,B,M,wide,node15node34,4,302.68
M_node15node34_wide_t5,0.0,1.0,B,M,wide,node15node34,5,214.57
M_node15node23_timber_t0,0.0,0.0,B,M,timber,node15node23,0,722.0
M_node15node23_timber_t1,0.0,1.0,B,M,timber,node15node23,1,607.9
M_node15node23_timber_t2,0.0,1.0,B,M,timber,node15node23,2,430.96
M_node15node23_timber_t3,0.0,1.0,B,M,timber,node15node23,3,305.51
M_node15node23_timber_t4,0.0,1.0,B,M,timber,node15node23,4,216.58
M_node15node23_timber_t5,0.0,1.0,B,M,timber,node15node23,5,153.54
M_node15node23_wide_t0,0.0,0.0,B,M,wide,node15node23,0,722.0
M_node15node23_wide_t1,0.0,1.0,B,M,wide,node15node23,1,607.9
M_node15node23_wide_t2,0.0,1.0,B,M,wide,node15node23,2,430.96
M_node15node23_wide_t3,0.0,1.0,B,M,wide,node15node23,3,305.51
M_node15node23_wide_t4,0.0,1.0,B,M,wide,node15node23,4,216.58
M_node15node23_wide_t5,0.0,1.0,B,M,wide,node15node23,5,153.54
M_node15node104_timber_t0,0.0,0.0,B,M,timber,node15node104,0,0.0
M_node15node104_timber_t1,0.0,1.0,B,M,timber,node15node104,1,0.0
M_node15node104_timber_t2,0.0,1.0,B,M,timber,node15node104,2,0.0
M_node15node104_timber_t3,0.0,1.0,B,M,timber,node15node104,3,0.0
M_node15node104_timber_t4,0.0,1.0,B,M,timber,node15node104,4,0.0
M_node15node104_timber_t5,0.0,1.0,B,M,timber,node15node104,5,0.0
M_node15node104_wide_t0,0.0,0.0,B,M,wide,node15node104,0,0.0
M_node15node104_wide_t1,0.0,1.0,B,M,wide,node15node104,1,0.0
M_node15node104_wide_t2,0.0,1.0,B,M,wide,node15node104,2,0.0
M_node15node104_wide_t3,0.0,1.0,B,M,wide,node15node104,3,0.0
M_node15node104_wide_t4,0.0,1.0,B,M,wide,node15node104,4,0.0
M_node15node104_wide_t5,0.0,1.0,B,M,wide,node15node104,5,0.0
M_node15node105_timber_t0,0.0,0.0,B,M,timber,node15node105,0,0.0
M_node15node105_timber_t1,0.0,1.0,B,M,timber,node15node105,1,0.0
M_node15node105_timber_t2,0.0,1.0,B,M,timber,node15node105,2,0.0
M_node15node105_timber_t3,0.0,1.0,B,M,timber,node15node105,3,0.0
M_node15node105_timber_t4,0.0,1.0,B,M,timber,node15node105,4,0.0
M_node15node105_timber_t5,0.0,1.0,B,M,timber,node15node105,5,0.0
M_node15node105_wide_t0,0.0,0.0,B,M,wide,node15node105,0,0.0
M_node15node105_wide_t1,0.0,1.0,B,M,wide,node15node105,1,0.0
M_node15node105_wide_t2,0.0,1.0,B,M,wide,node15node105,2,0.0
M_node15node105_wide_t3,0.0,1.0,B,M,wide,node15node105,3,0.0
M_node15node105_wide_t4,0.0,1.0,B,M,wide,node15node105,4,0.0
M_node15node105_wide_t5,0.0,1.0,B,M,wide,node15node105,5,0.0
M_node15node106_timber_t0,0.0,0.0,B,M,timber,node15node106,0,0.0
M_node15node106_timber_t1,0.0,1.0,B,M,timber,node15node106,1,0.0
M_node15node106_timber_t2,0.0,1.0,B,M,timber,node15node106,2,0.0
M_node15node106_timber_t3,0.0,1.0,B,M,timber,node15node106,3,0.0
M_node15node106_timber_t4,0.0,1.0,B,M,timber,node15node106,4,0.0
M_node15node106_timber_t5,0.0,1.0,B,M,timber,node15node106,5,0.0
M_node15node106_wide_t0,0.0,0.0,B,M,wide,node15node106,0,0.0
M_node15node106_wide_t1,0.0,1.0,B,M,wide,node15node106,1,0.0
M_node15node106_wide_t2,0.0,1.0,B,M,wide,node15node106,2,0.0
M_node15node106_wide_t3,0.0,1.0,B,M,wide,node15node106,3,0.0
M_node15node106_wide_t4,0.0,1.0,B,M,wide,node15node106,4,0.0
M_node15node106_wide_t5,0.0,1.0,B,M,wide,node15node106,5,0.0
M_node15node110_timber_t0,0.0,0.0,B,M,timber,node15node110,0,0.0
M_node15node110_timber_t1,0.0,1.0,B,M,timber,node15node110,1,0.0
M_node15node110_timber_t2,0.0,1.0,B,M,timber,node15node110,2,0.0
M_node15node110_timber_t3,0.0,1.0,B,M,timber,node15node110,3,0.0
M_node15node110_timber_t4,0.0,1.0,B,M,timber,node15node110,4,0.0
M_node15node110_timber_t5,0.0,1.0,B,M,timber,node15node110,5,0.0
M_node15node110_wide_t0,0.0,0.0,B,M,wide,node15node110,0,0.0
M_node15node110_wide_t1,0.0,1.0,B,M,wide,node15node110,1,0.0
M_node15node110_wide_t2,0.0,1.0,B,M,wide,node15node110,2,0.0
M_node15node110_wide_t3,0.0,1.0,B,M,wide,node15node110,3,0.0
M_node15node110_wide_t4,0.0,1.0,B,M,wide,node15node110,4,0.0
M_node15node110_wide_t5,0.0,1.0,B,M,wide,node15node110,5,0.0
M_node16node55_timber_t0,0.0,0.0,B,M,timber,node16node55,0,222.0
M_node16node55_timber_t1,0.0,1.0,B,M,timber,node16node55,1,186.92
M_node16node55_timber_t2,0.0,1.0,B,M,timber,node16node55,2,132.51
M_node16node55_timber_t3,0.0,1.0,B,M,timber,node16node55,3,93.94
M_node16node55_timber_t4,0.0,1.0,B,M,timber,node16node55,4,66.59
M_node16node55_timber_t5,0.0,1.0,B,M,timber,node16node55,5,47.21
M_node16node55_wide_t0,0.0,0.0,B,M,wide,node16node55,0,222.0
M_node16node55_wide_t1,0.0,1.0,B,M,wide,node16node55,1,186.92
M_node16node55_wide_t2,0.0,1.0,B,M,wide,node16node55,2,132.51
M_node16node55_wide_t3,0.0,1.0,B,M,wide,node16node55,3,93.94
M_node16node55_wide_t4,0.0,1.0,B,M,wide,node16node55,4,66.59
M_node16node55_wide_t5,0.0,1.0,B,M,wide,node16node55,5,47.21
M_node16node17_timber_t0,0.0,0.0,B,M,timber,node16node17,0,763.0
M_node16node17_timber_t1,0.0,1.0,B,M,timber,node16node17,1,642.43
M_node16node17_timber_t2,0.0,1.0,B,M,timber,node16node17,2,455.43
M_node16node17_timber_t3,0.0,1.0,B,M,timber,node16node17,3,322.86
M_node16node17_timber_t4,0.0,1.0,B,M,timber,node16node17,4,228.88
M_node16node17_timber_t5,0.0,1.0,B,M,timber,node16node17,5,162.26
M_node16node17_wide_t0,0.0,0.0,B,M,wide,node16node17,0,763.0
M_node16node17_wide_t1,0.0,1.0,B,M,wide,node16node17,1,642.43
M_node16node17_wide_t2,0.0,1.0,B,M,wide,node16node17,2,455.43
M_node16node17_wide_t3,0.0,1.0,B,M,wide,node16node17,3,322.86
M_node16node17_wide_t4,0.0,1.0,B,M,wide,node16node17,4,228.88
M_node16node17_wide_t5,0.0,1.0,B,M,wide,node16node17,5,162.26
M_node16node22_timber_t0,0.0,0.0,B,M,timber,node16node22,0,806.0
M_node16node22_timber_t1,0.0,1.0,B,M,timber,node16node22,1,678.63
M_node16node22_timber_t2,0.0,1.0,B,M,timber,node16node22,2,481.09
M_node16node22_timber_t3,0.0,1.0,B,M,timber,node16node22,3,341.06
M_node16node22_timber_t4,0.0,1.0,B,M,timber,node16node22,4,241.78
M_node16node22_timber_t5,0.0,1.0,B,M,timber,node16node22,5,171.4
M_node16node22_wide_t0,0.0,0.0,B,M,wide,node16node22,0,806.0
M_node16node22_wide_t1,0.0,1.0,B,M,wide,node16node22,1,678.63
M_node16node22_wide_t2,0.0,1.0,B,M,wide,node16node22,2,481.09
M_node16node22_wide_t3,0.0,1.0,B,M,wide,node16node22,3,341.06
M_node16node22_wide_t4,0.0,1.0,B,M,wide,node16node22,4,241.78
M_node16node22_wide_t5,0.0,1.0,B,M,wide,node16node22,5,171.4
M_node16node102_timber_t0,0.0,0.0,B,M,timber,node16node102,0,0.0
M_node16node102_timber_t1,0.0,1.0,B,M,timber,node16node102,1,0.0
M_node16node102_timber_t2,0.0,1.0,B,M,timber,node16node102,2,0.0
M_node16node102_timber_t3,0.0,1.0,B,M,timber,node16node102,3,0.0
M_node16node102_timber_t4,0.0,1.0,B,M,timber,node16node102,4,0.0
M_node16node102_timber_t5,0.0,1.0,B,M,timber,node16node102,5,0.0
M_node16node102_wide_t0,0.0,0.0,B,M,wide,node16node102,0,0.0
M_node16node102_wide_t1,0.0,1.0,B,M,wide,node16node102,1,0.0
M_node16node102_wide_t2,0.0,1.0,B,M,wide,node16node102,2,0.0
M_node16node102_wide_t3,0.0,1.0,B,M,wide,node16node102,3,0.0
M_node16node102_wide_t4,0.0,1.0,B,M,wide,node16node102,4,0.0
M_node16node102_wide_t5,0.0,1.0,B,M,wide,node16node102,5,0.0
M_node16node103_timber_t0,0.0,0.0,B,M,timber,node16node103,0,0.0
M_node16node103_timber_t1,0.0,1.0,B,M,timber,node16node103,1,0.0
M_node16node103_timber_t2,0.0,1.0,B,M,timber,node16node103,2,0.0
M_node16node103_timber_t3,0.0,1.0,B,M,timber,node16node103,3,0.0
M_node16node103_timber_t4,0.0,1.0,B,M,timber,node16node103,4,0.0
M_node16node103_timber_t5,0.0,1.0,B,M,timber,node16node103,5,0.0
M_node16node103_wide_t0,0.0,0.0,B,M,wide,node16node103,0,0.0
M_node16node103_wide_t1,0.0,1.0,B,M,wide,node16node103,1,0.0
M_node16node103_wide_t2,0.0,1.0,B,M,wide,node16node103,2,0.0
M_node16node103_wide_t3,0.0,1.0,B,M,wide,node16node103,3,0.0
M_node16node103_wide_t4,0.0,1.0,B,M,wide,node16node103,4,0.0
M_node16node103_wide_t5,0.0,1.0,B,M,wide,node16node103,5,0.0
M_node16node110_timber_t0,0.0,0.0,B,M,timber,node16node110,0,0.0
M_node16node110_timber_t1,0.0,1.0,B,M,timber,node16node110,1,0.0
M_node16node110_timber_t2,0.0,1.0,B,M,timber,node16node110,2,0.0
M_node16node110_timber_t3,0.0,1.0,B,M,timber,node16node110,3,0.0
M_node16node110_timber_t4,0.0,1.0,B,M,timber,node16node110,4,0.0
M_node16node110_timber_t5,0.0,1.0,B,M,timber,node16node110,5,0.0
M_node16node110_wide_t0,0.0,0.0,B,M,wide,node16node110,0,0.0
M_node16node110_wide_t1,0.0,1.0,B,M,wide,node16node110,1,0.0
M_node16node110_wide_t2,0.0,1.0,B,M,wide,node16node110,2,0.0
M_node16node110_wide_t3,0.0,1.0,B,M,wide,node16node110,3,0.0
M_node16node110_wide_t4,0.0,1.0,B,M,wide,node16node110,4,0.0
M_node16node110_wide_t5,0.0,1.0,B,M,wide,node16node110,5,0.0
M_node17node54_timber_t0,0.0,0.0,B,M,timber,node17node54,0,257.0
M_node17node54_timber_t1,0.0,1.0,B,M,timber,node17node54,1,216.39
M_node17node54_timber_t2,0.0,1.0,B,M,timber,node17node54,2,153.4
M_node17node54_timber_t3,0.0,1.0,B,M,timber,node17node54,3,108.75
M_node17node54_timber_t4,0.0,1.0,B,M,timber,node17node54,4,77.09
M_node17node54_timber_t5,0.0,1.0,B,M,timber,node17node54,5,54.65
M_node17node54_wide_t0,0.0,0.0,B,M,wide,node17node54,0,257.0
M_node17node54_wide_t1,0.0,1.0,B,M,wide,node17node54,1,216.39
M_node17node54_wide_t2,0.0,1.0,B,M,wide,node17node54,2,153.4
M_node17node54_wide_t3,0.0,1.0,B,M,wide,node17node54,3,108.75
M_node17node54_wide_t4,0.0,1.0,B,M,wide,node17node54,4,77.09
M_node17node54_wide_t5,0.0,1.0,B,M,wide,node17node54,5,54.65
M_node17node40_timber_t0,0.0,0.0,B,M,timber,node17node40,0,184.0
M_node17node40_timber_t1,0.0,1.0,B,M,timber,node17node40,1,154.92
M_node17node40_timber_t2,0.0,1.0,B,M,timber,node17node40,2,109.83
M_node17node40_timber_t3,0.0,1.0,B,M,timber,node17node40,3,77.86
M_node17node40_timber_t4,0.0,1.0,B,M,timber,node17node40,4,55.2
M_node17node40_timber_t5,0.0,1.0,B,M,timber,node17node40,5,39.13
M_node17node40_wide_t0,0.0,0.0,B,M,wide,node17node40,0,184.0
M_node17node40_wide_t1,0.0,1.0,B,M,wide,node17node40,1,154.92
M_node17node40_wide_t2,0.0,1.0,B,M,wide,node17node40,2,109.83
M_node17node40_wide_t3,0.0,1.0,B,M,wide,node17node40,3,77.86
M_node17node40_wide_t4,0.0,1.0,B,M,wide,node17node40,4,55.2
M_node17node40_wide_t5,0.0,1.0,B,M,wide,node17node40,5,39.13
M_node17node102_timber_t0,0.0,0.0,B,M,timber,node17node102,0,0.0
M_node17node102_timber_t1,0.0,1.0,B,M,timber,node17node102,1,0.0
M_node17node102_timber_t2,0.0,1.0,B,M,timber,node17node102,2,0.0
M_node17node102_timber_t3,0.0,1.0,B,M,timber,node17node102,3,0.0
M_node17node102_timber_t4,0.0,1.0,B,M,timber,node17node102,4,0.0
M_node17node102_timber_t5,0.0,1.0,B,M,timber,node17node102,5,0.0
M_node17node102_wide_t0,0.0,0.0,B,M,wide,node17node102,0,0.0
M_node17node102_wide_t1,0.0,1.0,B,M,wide,node17node102,1,0.0
M_node17node102_wide_t2,0.0,1.0,B,M,wide,node17node102,2,0.0
M_node17node102_wide_t3,0.0,1.0,B,M,wide,node17node102,3,0.0
M_node17node102_wide_t4,0.0,1.0,B,M,wide,node17node102,4,0.0
M_node17node102_wide_t5,0.0,1.0,B,M,wide,node17node102,5,0.0
M_node17node103_timber_t0,0.0,0.0,B,M,timber,node17node103,0,0.0
M_node17node103_timber_t1,0.0,1.0,B,M,timber,node17node103,1,0.0
M_node17node103_timber_t2,0.0,1.0,B,M,timber,node17node103,2,0.0
M_node17node103_timber_t3,0.0,1.0,B,M,timber,node17node103,3,0.0
M_node17node103_timber_t4,0.0,1.0,B,M,timber,node17node103,4,0.0
M_node17node103_timber_t5,0.0,1.0,B,M,timber,node17node103,5,0.0
M_node17node103_wide_t0,0.0,0.0,B,M,wide,node17node103,0,0.0
M_node17node103_wide_t1,0.0,1.0,B,M,wide,node17node103,1,0.0
M_node17node103_wide_t2,0.0,1.0,B,M,wide,node17node103,2,0.0
M_node17node103_wide_t3,0.0,1.0,B,M,wide,node17node103,3,0.0
M_node17node103_wide_t4,0.0,1.0,B,M,wide,node17node103,4,0.0
M_node17node103_wide_t5,0.0,1.0,B,M,wide,node17node103,5,0.0
M_node18node32_timber_t0,0.0,0.0,B,M,timber,node18node32,0,331.0
M_node18node32_timber_t1,0.0,1.0,B,M,timber,node18node32,1,278.69
M_node18node32_timber_t2,0.0,1.0,B,M,timber,node18node32,2,197.57
M_node18node32_timber_t3,0.0,1.0,B,M,timber,node18node32,3,140.06
M_node18node32_timber_t4,0.0,1.0,B,M,timber,node18node32,4,99.29
M_node18node32_timber_t5,0.0,1.0,B,M,timber,node18node32,5,70.39
M_node18node32_wide_t0,0.0,0.0,B,M,wide,node18node32,0,331.0
M_node18node32_wide_t1,0.0,1.0,B,M,wide,node18node32,1,278.69
M_node18node32_wide_t2,0.0,1.0,B,M,wide,node18node32,2,197.57
M_node18node32_wide_t3,0.0,1.0,B,M,wide,node18node32,3,140.06
M_node18node32_wide_t4,0.0,1.0,B,M,wide,node18node32,4,99.29
M_node18node32_wide_t5,0.0,1.0,B,M,wide,node18node32,5,70.39
M_node18node20_timber_t0,0.0,0.0,B,M,timber,node18node20,0,844.0
M_node18node20_timber_t1,0.0,1.0,B,M,timber,node18node20,1,710.63
M_node18node20_timber_t2,0.0,1.0,B,M,timber,node18node20,2,503.78
M_node18node20_timber_t3,0.0,1.0,B,M,timber,node18node20,3,357.14
M_node18node20_timber_t4,0.0,1.0,B,M,timber,node18node20,4,253.18
M_node18node20_timber_t5,0.0,1.0,B,M,timber,node18node20,5,179.48
M_node18node20_wide_t0,0.0,0.0,B,M,wide,node18node20,0,844.0
M_node18node20_wide_t1,0.0,1.0,B,M,wide,node18node20,1,710.63
M_node18node20_wide_t2,0.0,1.0,B,M,wide,node18node20,2,503.78
M_node18node20_wide_t3,0.0,1.0,B,M,wide,node18node20,3,357.14
M_node18node20_wide_t4,0.0,1.0,B,M,wide,node18node20,4,253.18
M_node18node20_wide_t5,0.0,1.0,B,M,wide,node18node20,5,179.48
M_node18node96_timber_t0,0.0,0.0,B,M,timber,node18node96,0,0.0
M_node18node96_timber_t1,0.0,1.0,B,M,timber,node18node96,1,0.0
M_node18node96_timber_t2,0.0,1.0,B,M,timber,node18node96,2,0.0
M_node18node96_timber_t3,0.0,1.0,B,M,timber,node18node96,3,0.0
M_node18node96_timber_t4,0.0,1.0,B,M,timber,node18node96,4,0.0
M_node18node96_timber_t5,0.0,1.0,B,M,timber,node18node96,5,0.0
M_node18node96_wide_t0,0.0,0.0,B,M,wide,node18node96,0,0.0
M_node18node96_wide_t1,0.0,1.0,B,M,wide,node18node96,1,0.0
M_node18node96_wide_t2,0.0,1.0,B,M,wide,node18node96,2,0.0
M_node18node96_wide_t3,0.0,1.0,B,M,wide,node18node96,3,0.0
M_node18node96_wide_t4,0.0,1.0,B,M,wide,node18node96,4,0.0
M_node18node96_wide_t5,0.0,1.0,B,M,wide,node18node96,5,0.0
M_node18node101_timber_t0,0.0,0.0,B,M,timber,node18node101,0,0.0
M_node18node101_timber_t1,0.0,1.0,B,M,timber,node18node101,1,0.0
M_node18node101_timber_t2,0.0,1.0,B,M,timber,node18node101,2,0.0
M_node18node101_timber_t3,0.0,1.0,B,M,timber,node18node101,3,0.0
M_node18node101_timber_t4,0.0,1.0,B,M,timber,node18node101,4,0.0
M_node18node101_timber_t5,0.0,1.0,B,M,timber,node18node101,5,0.0
M_node18node101_wide_t0,0.0,0.0,B,M,wide,node18node101,0,0.0
M_node18node101_wide_t1,0.0,1.0,B,M,wide,node18node101,1,0.0
M_node18node101_wide_t2,0.0,1.0,B,M,wide,node18node101,2,0.0
M_node18node101_wide_t3,0.0,1.0,B,M,wide,node18node101,3,0.0
M_node18node101_wide_t4,0.0,1.0,B,M,wide,node18node101,4,0.0
M_node18node101_wide_t5,0.0,1.0,B,M,wide,node18node101,5,0.0
M_node19node72_timber_t0,0.0,0.0,B,M,timber,node19node72,0,51.0
M_node19node72_timber_t1,0.0,1.0,B,M,timber,node19node72,1,42.94
M_node19node72_timber_t2,0.0,1.0,B,M,timber,node19node72,2,30.44
M_node19node72_timber_t3,0.0,1.0,B,M,timber,node19node72,3,21.58
M_node19node72_timber_t4,0.0,1.0,B,M,timber,node19node72,4,15.3
M_node19node72_timber_t5,0.0,1.0,B,M,timber,node19node72,5,10.85
M_node19node72_wide_t0,0.0,0.0,B,M,wide,node19node72,0,51.0
M_node19node72_wide_t1,0.0,1.0,B,M,wide,node19node72,1,42.94
M_node19node72_wide_t2,0.0,1.0,B,M,wide,node19node72,2,30.44
M_node19node72_wide_t3,0.0,1.0,B,M,wide,node19node72,3,21.58
M_node19node72_wide_t4,0.0,1.0,B,M,wide,node19node72,4,15.3
M_node19node72_wide_t5,0.0,1.0,B,M,wide,node19node72,5,10.85
M_node19node49_timber_t0,0.0,0.0,B,M,timber,node19node49,0,268.0
M_node19node49_timber_t1,0.0,1.0,B,M,timber,node19node49,1,225.65
M_node19node49_timber_t2,0.0,1.0,B,M,timber,node19node49,2,159.97
M_node19node49_timber_t3,0.0,1.0,B,M,timber,node19node49,3,113.4
M_node19node49_timber_t4,0.0,1.0,B,M,timber,node19node49,4,80.39
M_node19node49_timber_t5,0.0,1.0,B,M,timber,node19node49,5,56.99
M_node19node49_wide_t0,0.0,0.0,B,M,wide,node19node49,0,268.0
M_node19node49_wide_t1,0.0,1.0,B,M,wide,node19node49,1,225.65
M_node19node49_wide_t2,0.0,1.0,B,M,wide,node19node49,2,159.97
M_node19node49_wide_t3,0.0,1.0,B,M,wide,node19node49,3,113.4
M_node19node49_wide_t4,0.0,1.0,B,M,wide,node19node49,4,80.39
M_node19node49_wide_t5,0.0,1.0,B,M,wide,node19node49,5,56.99
M_node19node97_timber_t0,0.0,0.0,B,M,timber,node19node97,0,0.0
M_node19node97_timber_t1,0.0,1.0,B,M,timber,node19node97,1,0.0
M_node19node97_timber_t2,0.0,1.0,B,M,timber,node19node97,2,0.0
M_node19node97_timber_t3,0.0,1.0,B,M,timber,node19node97,3,0.0
M_node19node97_timber_t4,0.0,1.0,B,M,timber,node19node97,4,0.0
M_node19node97_timber_t5,0.0,1.0,B,M,timber,node19node97,5,0.0
M_node19node97_wide_t0,0.0,0.0,B,M,wide,node19node97,0,0.0
M_node19node97_wide_t1,0.0,1.0,B,M,wide,node19node97,1,0.0
M_node19node97_wide_t2,0.0,1.0,B,M,wide,node19node97,2,0.0
M_node19node97_wide_t3,0.0,1.0,B,M,wide,node19node97,3,0.0
M_node19node97_wide_t4,0.0,1.0,B,M,wide,node19node97,4,0.0
M_node19node97_wide_t5,0.0,1.0,B,M,wide,node19node97,5,0.0
M_node19node114_timber_t0,0.0,0.0,B,M,timber,node19node114,0,0.0
M_node19node114_timber_t1,0.0,1.0,B,M,timber,node19node114,1,0.0
M_node19node114_timber_t2,0.0,1.0,B,M,timber,node19node114,2,0.0
M_node19node114_timber_t3,0.0,1.0,B,M,timber,node19node114,3,0.0
M_node19node114_timber_t4,0.0,1.0,B,M,timber,node19node114,4,0.0
M_node19node114_timber_t5,0.0,1.0,B,M,timber,node19node114,5,0.0
M_node19node114_wide_t0,0.0,0.0,B,M,wide,node19node114,0,0.0
M_node19node114_wide_t1,0.0,1.0,B,M,wide,node19node114,1,0.0
M_node19node114_wide_t2,0.0,1.0,B,M,wide,node19node114,2,0.0
M_node19node114_wide_t3,0.0,1.0,B,M,wide,node19node114,3,0.0
M_node19node114_wide_t4,0.0,1.0,B,M,wide,node19node114,4,0.0
M_node19node114_wide_t5,0.0,1.0,B,M,wide,node19node114,5,0.0
M_node20node37_timber_t0,0.0,0.0,B,M,timber,node20node37,0,184.0
M_node20node37_timber_t1,0.0,1.0,B,M,timber,node20node37,1,154.92
M_node20node37_timber_t2,0.0,1.0,B,M,timber,node20node37,2,109.83
M_node20node37_timber_t3,0.0,1.0,B,M,timber,node20node37,3,77.86
M_node20node37_timber_t4,0.0,1.0,B,M,timber,node20node37,4,55.2
M_node20node37_timber_t5,0.0,1.0,B,M,timber,node20node37,5,39.13
M_node20node37_wide_t0,0.0,0.0,B,M,wide,node20node37,0,184.0
M_node20node37_wide_t1,0.0,1.0,B,M,wide,node20node37,1,154.92
M_node20node37_wide_t2,0.0,1.0,B,M,wide,node20node37,2,109.83
M_node20node37_wide_t3,0.0,1.0,B,M,wide,node20node37,3,77.86
M_node20node37_wide_t4,0.0,1.0,B,M,wide,node20node37,4,55.2
M_node20node37_wide_t5,0.0,1.0,B,M,wide,node20node37,5,39.13
M_node20node24_timber_t0,0.0,0.0,B,M,timber,node20node24,0,550.0
M_node20node24_timber_t1,0.0,1.0,B,M,timber,node20node24,1,463.09
M_node20node24_timber_t2,0.0,1.0,B,M,timber,node20node24,2,328.29
M_node20node24_timber_t3,0.0,1.0,B,M,timber,node20node24,3,232.73
M_node20node24_timber_t4,0.0,1.0,B,M,timber,node20node24,4,164.99
M_node20node24_timber_t5,0.0,1.0,B,M,timber,node20node24,5,116.96
M_node20node24_wide_t0,0.0,0.0,B,M,wide,node20node24,0,550.0
M_node20node24_wide_t1,0.0,1.0,B,M,wide,node20node24,1,463.09
M_node20node24_wide_t2,0.0,1.0,B,M,wide,node20node24,2,328.29
M_node20node24_wide_t3,0.0,1.0,B,M,wide,node20node24,3,232.73
M_node20node24_wide_t4,0.0,1.0,B,M,wide,node20node24,4,164.99
M_node20node24_wide_t5,0.0,1.0,B,M,wide,node20node24,5,116.96
M_node20node93_timber_t0,0.0,0.0,B,M,timber,node20node93,0,0.0
M_node20node93_timber_t1,0.0,1.0,B,M,timber,node20node93,1,0.0
M_node20node93_timber_t2,0.0,1.0,B,M,timber,node20node93,2,0.0
M_node20node93_timber_t3,0.0,1.0,B,M,timber,node20node93,3,0.0
M_node20node93_timber_t4,0.0,1.0,B,M,timber,node20node93,4,0.0
M_node20node93_timber_t5,0.0,1.0,B,M,timber,node20node93,5,0.0
M_node20node93_wide_t0,0.0,0.0,B,M,wide,node20node93,0,0.0
M_node20node93_wide_t1,0.0,1.0,B,M,wide,node20node93,1,0.0
M_node20node93_wide_t2,0.0,1.0,B,M,wide,node20node93,2,0.0
M_node20node93_wide_t3,0.0,1.0,B,M,wide,node20node93,3,0.0
M_node20node93_wide_t4,0.0,1.0,B,M,wide,node20node93,4,0.0
M_node20node93_wide_t5,0.0,1.0,B,M,wide,node20node93,5,0.0
M_node20node96_timber_t0,0.0,0.0,B,M,timber,node20node96,0,0.0
M_node20node96_timber_t1,0.0,1.0,B,M,timber,node20node96,1,0.0
M_node20node96_timber_t2,0.0,1.0,B,M,timber,node20node96,2,0.0
M_node20node96_timber_t3,0.0,1.0,B,M,timber,node20node96,3,0.0
M_node20node96_timber_t4,0.0,1.0,B,M,timber,node20node96,4,0.0
M_node20node96_timber_t5,0.0,1.0,B,M,timber,node20node96,5,0.0
M_node20node96_wide_t0,0.0,0.0,B,M,wide,node20node96,0,0.0
M_node20node96_wide_t1,0.0,1.0,B,M,wide,node20node96,1,0.0
M_node20node96_wide_t2,0.0,1.0,B,M,wide,node20node96,2,0.0
M_node20node96_wide_t3,0.0,1.0,B,M,wide,node20node96,3,0.0
M_node20node96_wide_t4,0.0,1.0,B,M,wide,node20node96,4,0.0
M_node20node96_wide_t5,0.0,1.0,B,M,wide,node20node96,5,0.0
M_node21node80_timber_t0,0.0,0.0,B,M,timber,node21node80,0,207.0
M_node21node80_timber_t1,0.0,1.0,B,M,timber,node21node80,1,174.29
M_node21node80_timber_t2,0.0,1.0,B,M,timber,node21node80,2,123.56
M_node21node80_timber_t3,0.0,1.0,B,M,timber,node21node80,3,87.59
M_node21node80_timber_t4,0.0,1.0,B,M,timber,node21node80,4,62.1
M_node21node80_timber_t5,0.0,1.0,B,M,timber,node21node80,5,44.02
M_node21node80_wide_t0,0.0,0.0,B,M,wide,node21node80,0,207.0
M_node21node80_wide_t1,0.0,1.0,B,M,wide,node21node80,1,174.29
M_node21node80_wide_t2,0.0,1.0,B,M,wide,node21node80,2,123.56
M_node21node80_wide_t3,0.0,1.0,B,M,wide,node21node80,3,87.59
M_node21node80_wide_t4,0.0,1.0,B,M,wide,node21node80,4,62.1
M_node21node80_wide_t5,0.0,1.0,B,M,wide,node21node80,5,44.02
M_node21node37_timber_t0,0.0,0.0,B,M,timber,node21node37,0,316.0
M_node21node37_timber_t1,0.0,1.0,B,M,timber,node21node37,1,266.06
M_node21node37_timber_t2,0.0,1.0,B,M,timber,node21node37,2,188.62
M_node21node37_timber_t3,0.0,1.0,B,M,timber,node21node37,3,133.71
M_node21node37_timber_t4,0.0,1.0,B,M,timber,node21node37,4,94.79
M_node21node37_timber_t5,0.0,1.0,B,M,timber,node21node37,5,67.2
M_node21node37_wide_t0,0.0,0.0,B,M,wide,node21node37,0,316.0
M_node21node37_wide_t1,0.0,1.0,B,M,wide,node21node37,1,266.06
M_node21node37_wide_t2,0.0,1.0,B,M,wide,node21node37,2,188.62
M_node21node37_wide_t3,0.0,1.0,B,M,wide,node21node37,3,133.71
M_node21node37_wide_t4,0.0,1.0,B,M,wide,node21node37,4,94.79
M_node21node37_wide_t5,0.0,1.0,B,M,wide,node21node37,5,67.2
M_node21node53_timber_t0,0.0,0.0,B,M,timber,node21node53,0,424.0
M_node21node53_timber_t1,0.0,1.0,B,M,timber,node21node53,1,357.0
M_node21node53_timber_t2,0.0,1.0,B,M,timber,node21node53,2,253.08
M_node21node53_timber_t3,0.0,1.0,B,M,timber,node21node53,3,179.41
M_node21node53_timber_t4,0.0,1.0,B,M,timber,node21node53,4,127.19
M_node21node53_timber_t5,0.0,1.0,B,M,timber,node21node53,5,90.17
M_node21node53_wide_t0,0.0,0.0,B,M,wide,node21node53,0,424.0
M_node21node53_wide_t1,0.0,1.0,B,M,wide,node21node53,1,357.0
M_node21node53_wide_t2,0.0,1.0,B,M,wide,node21node53,2,253.08
M_node21node53_wide_t3,0.0,1.0,B,M,wide,node21node53,3,179.41
M_node21node53_wide_t4,0.0,1.0,B,M,wide,node21node53,4,127.19
M_node21node53_wide_t5,0.0,1.0,B,M,wide,node21node53,5,90.17
M_node21node93_timber_t0,0.0,0.0,B,M,timber,node21node93,0,0.0
M_node21node93_timber_t1,0.0,1.0,B,M,timber,node21node93,1,0.0
M_node21node93_timber_t2,0.0,1.0,B,M,timber,node21node93,2,0.0
M_node21node93_timber_t3,0.0,1.0,B,M,timber,node21node93,3,0.0
M_node21node93_timber_t4,0.0,1.0,B,M,timber,node21node93,4,0.0
M_node21node93_timber_t5,0.0,1.0,B,M,timber,node21node93,5,0.0
M_node21node93_wide_t0,0.0,0.0,B,M,wide,node21node93,0,0.0
M_node21node93_wide_t1,0.0,1.0,B,M,wide,node21node93,1,0.0
M_node21node93_wide_t2,0.0,1.0,B,M,wide,node21node93,2,0.0
M_node21node93_wide_t3,0.0,1.0,B,M,wide,node21node93,3,0.0
M_node21node93_wide_t4,0.0,1.0,B,M,wide,node21node93,4,0.0
M_node21node93_wide_t5,0.0,1.0,B,M,wide,node21node93,5,0.0
M_node21node100_timber_t0,0.0,0.0,B,M,timber,node21node100,0,0.0
M_node21node100_timber_t1,0.0,1.0,B,M,timber,node21node100,1,0.0
M_node21node100_timber_t2,0.0,1.0,B,M,timber,node21node100,2,0.0
M_node21node100_timber_t3,0.0,1.0,B,M,timber,node21node100,3,0.0
M_node21node100_timber_t4,0.0,1.0,B,M,timber,node21node100,4,0.0
M_node21node100_timber_t5,0.0,1.0,B,M,timber,node21node100,5,0.0
M_node21node100_wide_t0,0.0,0.0,B,M,wide,node21node100,0,0.0
M_node21node100_wide_t1,0.0,1.0,B,M,wide,node21node100,1,0.0
M_node21node100_wide_t2,0.0,1.0,B,M,wide,node21node100,2,0.0
M_node21node100_wide_t3,0.0,1.0,B,M,wide,node21node100,3,0.0
M_node21node100_wide_t4,0.0,1.0,B,M,wide,node21node100,4,0.0
M_node21node100_wide_t5,0.0,1.0,B,M,wide,node21node100,5,0.0
M_node22node45_timber_t0,0.0,0.0,B,M,timber,node22node45,0,175.0
M_node22node45_timber_t1,0.0,1.0,B,M,timber,node22node45,1,147.35
M_node22node45_timber_t2,0.0,1.0,B,M,timber,node22node45,2,104.46
M_node22node45_timber_t3,0.0,1.0,B,M,timber,node22node45,3,74.05
M_node22node45_timber_t4,0.0,1.0,B,M,timber,node22node45,4,52.5
M_node22node45_timber_t5,0.0,1.0,B,M,timber,node22node45,5,37.22
M_node22node45_wide_t0,0.0,0.0,B,M,wide,node22node45,0,175.0
M_node22node45_wide_t1,0.0,1.0,B,M,wide,node22node45,1,147.35
M_node22node45_wide_t2,0.0,1.0,B,M,wide,node22node45,2,104.46
M_node22node45_wide_t3,0.0,1.0,B,M,wide,node22node45,3,74.05
M_node22node45_wide_t4,0.0,1.0,B,M,wide,node22node45,4,52.5
M_node22node45_wide_t5,0.0,1.0,B,M,wide,node22node45,5,37.22
M_node22node102_timber_t0,0.0,0.0,B,M,timber,node22node102,0,0.0
M_node22node102_timber_t1,0.0,1.0,B,M,timber,node22node102,1,0.0
M_node22node102_timber_t2,0.0,1.0,B,M,timber,node22node102,2,0.0
M_node22node102_timber_t3,0.0,1.0,B,M,timber,node22node102,3,0.0
M_node22node102_timber_t4,0.0,1.0,B,M,timber,node22node102,4,0.0
M_node22node102_timber_t5,0.0,1.0,B,M,timber,node22node102,5,0.0
M_node22node102_wide_t0,0.0,0.0,B,M,wide,node22node102,0,0.0
M_node22node102_wide_t1,0.0,1.0,B,M,wide,node22node102,1,0.0
M_node22node102_wide_t2,0.0,1.0,B,M,wide,node22node102,2,0.0
M_node22node102_wide_t3,0.0,1.0,B,M,wide,node22node102,3,0.0
M_node22node102_wide_t4,0.0,1.0,B,M,wide,node22node102,4,0.0
M_node22node102_wide_t5,0.0,1.0,B,M,wide,node22node102,5,0.0
M_node22node108_timber_t0,0.0,0.0,B,M,timber,node22node108,0,0.0
M_node22node108_timber_t1,0.0,1.0,B,M,timber,node22node108,1,0.0
M_node22node108_timber_t2,0.0,1.0,B,M,timber,node22node108,2,0.0
M_node22node108_timber_t3,0.0,1.0,B,M,timber,node22node108,3,0.0
M_node22node108_timber_t4,0.0,1.0,B,M,timber,node22node108,4,0.0
M_node22node108_timber_t5,0.0,1.0,B,M,timber,node22node108,5,0.0
M_node22node108_wide_t0,0.0,0.0,B,M,wide,node22node108,0,0.0
M_node22node108_wide_t1,0.0,1.0,B,M,wide,node22node108,1,0.0
M_node22node108_wide_t2,0.0,1.0,B,M,wide,node22node108,2,0.0
M_node22node108_wide_t3,0.0,1.0,B,M,wide,node22node108,3,0.0
M_node22node108_wide_t4,0.0,1.0,B,M,wide,node22node108,4,0.0
M_node22node108_wide_t5,0.0,1.0,B,M,wide,node22node108,5,0.0
M_node22node110_timber_t0,0.0,0.0,B,M,timber,node22node110,0,0.0
M_node22node110_timber_t1,0.0,1.0,B,M,timber,node22node110,1,0.0
M_node22node110_timber_t2,0.0,1.0,B,M,timber,node22node110,2,0.0
M_node22node110_timber_t3,0.0,1.0,B,M,timber,node22node110,3,0.0
M_node22node110_timber_t4,0.0,1.0,B,M,timber,node22node110,4,0.0
M_node22node110_timber_t5,0.0,1.0,B,M,timber,node22node110,5,0.0
M_node22node110_wide_t0,0.0,0.0,B,M,wide,node22node110,0,0.0
M_node22node110_wide_t1,0.0,1.0,B,M,wide,node22node110,1,0.0
M_node22node110_wide_t2,0.0,1.0,B,M,wide,node22node110,2,0.0
M_node22node110_wide_t3,0.0,1.0,B,M,wide,node22node110,3,0.0
M_node22node110_wide_t4,0.0,1.0,B,M,wide,node22node110,4,0.0
M_node22node110_wide_t5,0.0,1.0,B,M,wide,node22node110,5,0.0
M_node23node40_timber_t0,0.0,0.0,B,M,timber,node23node40,0,768.0
M_node23node40_timber_t1,0.0,1.0,B,M,timber,node23node40,1,646.64
M_node23node40_timber_t2,0.0,1.0,B,M,timber,node23node40,2,458.41
M_node23node40_timber_t3,0.0,1.0,B,M,timber,node23node40,3,324.98
M_node23node40_timber_t4,0.0,1.0,B,M,timber,node23node40,4,230.38
M_node23node40_timber_t5,0.0,1.0,B,M,timber,node23node40,5,163.32
M_node23node40_wide_t0,0.0,0.0,B,M,wide,node23node40,0,768.0
M_node23node40_wide_t1,0.0,1.0,B,M,wide,node23node40,1,646.64
M_node23node40_wide_t2,0.0,1.0,B,M,wide,node23node40,2,458.41
M_node23node40_wide_t3,0.0,1.0,B,M,wide,node23node40,3,324.98
M_node23node40_wide_t4,0.0,1.0,B,M,wide,node23node40,4,230.38
M_node23node40_wide_t5,0.0,1.0,B,M,wide,node23node40,5,163.32
M_node23node104_timber_t0,0.0,0.0,B,M,timber,node23node104,0,0.0
M_node23node104_timber_t1,0.0,1.0,B,M,timber,node23node104,1,0.0
M_node23node104_timber_t2,0.0,1.0,B,M,timber,node23node104,2,0.0
M_node23node104_timber_t3,0.0,1.0,B,M,timber,node23node104,3,0.0
M_node23node104_timber_t4,0.0,1.0,B,M,timber,node23node104,4,0.0
M_node23node104_timber_t5,0.0,1.0,B,M,timber,node23node104,5,0.0
M_node23node104_wide_t0,0.0,0.0,B,M,wide,node23node104,0,0.0
M_node23node104_wide_t1,0.0,1.0,B,M,wide,node23node104,1,0.0
M_node23node104_wide_t2,0.0,1.0,B,M,wide,node23node104,2,0.0
M_node23node104_wide_t3,0.0,1.0,B,M,wide,node23node104,3,0.0
M_node23node104_wide_t4,0.0,1.0,B,M,wide,node23node104,4,0.0
M_node23node104_wide_t5,0.0,1.0,B,M,wide,node23node104,5,0.0
M_node23node105_timber_t0,0.0,0.0,B,M,timber,node23node105,0,0.0
M_node23node105_timber_t1,0.0,1.0,B,M,timber,node23node105,1,0.0
M_node23node105_timber_t2,0.0,1.0,B,M,timber,node23node105,2,0.0
M_node23node105_timber_t3,0.0,1.0,B,M,timber,node23node105,3,0.0
M_node23node105_timber_t4,0.0,1.0,B,M,timber,node23node105,4,0.0
M_node23node105_timber_t5,0.0,1.0,B,M,timber,node23node105,5,0.0
M_node23node105_wide_t0,0.0,0.0,B,M,wide,node23node105,0,0.0
M_node23node105_wide_t1,0.0,1.0,B,M,wide,node23node105,1,0.0
M_node23node105_wide_t2,0.0,1.0,B,M,wide,node23node105,2,0.0
M_node23node105_wide_t3,0.0,1.0,B,M,wide,node23node105,3,0.0
M_node23node105_wide_t4,0.0,1.0,B,M,wide,node23node105,4,0.0
M_node23node105_wide_t5,0.0,1.0,B,M,wide,node23node105,5,0.0
M_node24node25_timber_t0,0.0,0.0,B,M,timber,node24node25,0,355.0
M_node24node25_timber_t1,0.0,1.0,B,M,timber,node24node25,1,298.9
M_node24node25_timber_t2,0.0,1.0,B,M,timber,node24node25,2,211.9
M_node24node25_timber_t3,0.0,1.0,B,M,timber,node24node25,3,150.22
M_node24node25_timber_t4,0.0,1.0,B,M,timber,node24node25,4,106.49
M_node24node25_timber_t5,0.0,1.0,B,M,timber,node24node25,5,75.49
M_node24node25_wide_t0,0.0,0.0,B,M,wide,node24node25,0,355.0
M_node24node25_wide_t1,0.0,1.0,B,M,wide,node24node25,1,298.9
M_node24node25_wide_t2,0.0,1.0,B,M,wide,node24node25,2,211.9
M_node24node25_wide_t3,0.0,1.0,B,M,wide,node24node25,3,150.22
M_node24node25_wide_t4,0.0,1.0,B,M,wide,node24node25,4,106.49
M_node24node25_wide_t5,0.0,1.0,B,M,wide,node24node25,5,75.49
M_node24node93_timber_t0,0.0,0.0,B,M,timber,node24node93,0,0.0
M_node24node93_timber_t1,0.0,1.0,B,M,timber,node24node93,1,0.0
M_node24node93_timber_t2,0.0,1.0,B,M,timber,node24node93,2,0.0
M_node24node93_timber_t3,0.0,1.0,B,M,timber,node24node93,3,0.0
M_node24node93_timber_t4,0.0,1.0,B,M,timber,node24node93,4,0.0
M_node24node93_timber_t5,0.0,1.0,B,M,timber,node24node93,5,0.0
M_node24node93_wide_t0,0.0,0.0,B,M,wide,node24node93,0,0.0
M_node24node93_wide_t1,0.0,1.0,B,M,wide,node24node93,1,0.0
M_node24node93_wide_t2,0.0,1.0,B,M,wide,node24node93,2,0.0
M_node24node93_wide_t3,0.0,1.0,B,M,wide,node24node93,3,0.0
M_node24node93_wide_t4,0.0,1.0,B,M,wide,node24node93,4,0.0
M_node24node93_wide_t5,0.0,1.0,B,M,wide,node24node93,5,0.0
M_node24node95_timber_t0,0.0,0.0,B,M,timber,node24node95,0,0.0
M_node24node95_timber_t1,0.0,1.0,B,M,timber,node24node95,1,0.0
M_node24node95_timber_t2,0.0,1.0,B,M,timber,node24node95,2,0.0
M_node24node95_timber_t3,0.0,1.0,B,M,timber,node24node95,3,0.0
M_node24node95_timber_t4,0.0,1.0,B,M,timber,node24node95,4,0.0
M_node24node95_timber_t5,0.0,1.0,B,M,timber,node24node95,5,0.0
M_node24node95_wide_t0,0.0,0.0,B,M,wide,node24node95,0,0.0
M_node24node95_wide_t1,0.0,1.0,B,M,wide,node24node95,1,0.0
M_node24node95_wide_t2,0.0,1.0,B,M,wide,node24node95,2,0.0
M_node24node95_wide_t3,0.0,1.0,B,M,wide,node24node95,3,0.0
M_node24node95_wide_t4,0.0,1.0,B,M,wide,node24node95,4,0.0
M_node24node95_wide_t5,0.0,1.0,B,M,wide,node24node95,5,0.0
M_node24node96_timber_t0,0.0,0.0,B,M,timber,node24node96,0,0.0
M_node24node96_timber_t1,0.0,1.0,B,M,timber,node24node96,1,0.0
M_node24node96_timber_t2,0.0,1.0,B,M,timber,node24node96,2,0.0
M_node24node96_timber_t3,0.0,1.0,B,M,timber,node24node96,3,0.0
M_node24node96_timber_t4,0.0,1.0,B,M,timber,node24node96,4,0.0
M_node24node96_timber_t5,0.0,1.0,B,M,timber,node24node96,5,0.0
M_node24node96_wide_t0,0.0,0.0,B,M,wide,node24node96,0,0.0
M_node24node96_wide_t1,0.0,1.0,B,M,wide,node24node96,1,0.0
M_node24node96_wide_t2,0.0,1.0,B,M,wide,node24node96,2,0.0
M_node24node96_wide_t3,0.0,1.0,B,M,wide,node24node96,3,0.0
M_node24node96_wide_t4,0.0,1.0,B,M,wide,node24node96,4,0.0
M_node24node96_wide_t5,0.0,1.0,B,M,wide,node24node96,5,0.0
M_node25node95_timber_t0,0.0,0.0,B,M,timber,node25node95,0,0.0
M_node25node95_timber_t1,0.0,1.0,B,M,timber,node25node95,1,0.0
M_node25node95_timber_t2,0.0,1.0,B,M,timber,node25node95,2,0.0
M_node25node95_timber_t3,0.0,1.0,B,M,timber,node25node95,3,0.0
M_node25node95_timber_t4,0.0,1.0,B,M,timber,node25node95,4,0.0
M_node25node95_timber_t5,0.0,1.0,B,M,timber,node25node95,5,0.0
M_node25node95_wide_t0,0.0,0.0,B,M,wide,node25node95,0,0.0
M_node25node95_wide_t1,0.0,1.0,B,M,wide,node25node95,1,0.0
M_node25node95_wide_t2,0.0,1.0,B,M,wide,node25node95,2,0.0
M_node25node95_wide_t3,0.0,1.0,B,M,wide,node25node95,3,0.0
M_node25node95_wide_t4,0.0,1.0,B,M,wide,node25node95,4,0.0
M_node25node95_wide_t5,0.0,1.0,B,M,wide,node25node95,5,0.0
M_node25node96_timber_t0,0.0,0.0,B,M,timber,node25node96,0,0.0
M_node25node96_timber_t1,0.0,1.0,B,M,timber,node25node96,1,0.0
M_node25node96_timber_t2,0.0,1.0,B,M,timber,node25node96,2,0.0
M_node25node96_timber_t3,0.0,1.0,B,M,timber,node25node96,3,0.0
M_node25node96_timber_t4,0.0,1.0,B,M,timber,node25node96,4,0.0
M_node25node96_timber_t5,0.0,1.0,B,M,timber,node25node96,5,0.0
M_node25node96_wide_t0,0.0,0.0,B,M,wide,node25node96,0,0.0
M_node25node96_wide_t1,0.0,1.0,B,M,wide,node25node96,1,0.0
M_node25node96_wide_t2,0.0,1.0,B,M,wide,node25node96,2,0.0
M_node25node96_wide_t3,0.0,1.0,B,M,wide,node25node96,3,0.0
M_node25node96_wide_t4,0.0,1.0,B,M,wide,node25node96,4,0.0
M_node25node96_wide_t5,0.0,1.0,B,M,wide,node25node96,5,0.0
M_node25node108_timber_t0,0.0,0.0,B,M,timber,node25node108,0,0.0
M_node25node108_timber_t1,0.0,1.0,B,M,timber,node25node108,1,0.0
M_node25node108_timber_t2,0.0,1.0,B,M,timber,node25node108,2,0.0
M_node25node108_timber_t3,0.0,1.0,B,M,timber,node25node108,3,0.0
M_node25node108_timber_t4,0.0,1.0,B,M,timber,node25node108,4,0.0
M_node25node108_timber_t5,0.0,1.0,B,M,timber,node25node108,5,0.0
M_node25node108_wide_t0,0.0,0.0,B,M,wide,node25node108,0,0.0
M_node25node108_wide_t1,0.0,1.0,B,M,wide,node25node108,1,0.0
M_node25node108_wide_t2,0.0,1.0,B,M,wide,node25node108,2,0.0
M_node25node108_wide_t3,0.0,1.0,B,M,wide,node25node108,3,0.0
M_node25node108_wide_t4,0.0,1.0,B,M,wide,node25node108,4,0.0
M_node25node108_wide_t5,0.0,1.0,B,M,wide,node25node108,5,0.0
M_node26node39_timber_t0,0.0,0.0,B,M,timber,node26node39,0,6.0
M_node26node39_timber_t1,0.0,1.0,B,M,timber,node26node39,1,5.05
M_node26node39_timber_t2,0.0,1.0,B,M,timber,node26node39,2,3.58
M_node26node39_timber_t3,0.0,1.0,B,M,timber,node26node39,3,2.54
M_node26node39_timber_t4,0.0,1.0,B,M,timber,node26node39,4,1.8
M_node26node39_timber_t5,0.0,1.0,B,M,timber,node26node39,5,1.28
M_node26node39_wide_t0,0.0,0.0,B,M,wide,node26node39,0,6.0
M_node26node39_wide_t1,0.0,1.0,B,M,wide,node26node39,1,5.05
M_node26node39_wide_t2,0.0,1.0,B,M,wide,node26node39,2,3.58
M_node26node39_wide_t3,0.0,1.0,B,M,wide,node26node39,3,2.54
M_node26node39_wide_t4,0.0,1.0,B,M,wide,node26node39,4,1.8
M_node26node39_wide_t5,0.0,1.0,B,M,wide,node26node39,5,1.28
M_node26node42_timber_t0,0.0,0.0,B,M,timber,node26node42,0,101.0
M_node26node42_timber_t1,0.0,1.0,B,M,timber,node26node42,1,85.04
M_node26node42_timber_t2,0.0,1.0,B,M,timber,node26node42,2,60.29
M_node26node42_timber_t3,0.0,1.0,B,M,timber,node26node42,3,42.74
M_node26node42_timber_t4,0.0,1.0,B,M,timber,node26node42,4,30.3
M_node26node42_timber_t5,0.0,1.0,B,M,timber,node26node42,5,21.48
M_node26node42_wide_t0,0.0,0.0,B,M,wide,node26node42,0,101.0
M_node26node42_wide_t1,0.0,1.0,B,M,wide,node26node42,1,85.04
M_node26node42_wide_t2,0.0,1.0,B,M,wide,node26node42,2,60.29
M_node26node42_wide_t3,0.0,1.0,B,M,wide,node26node42,3,42.74
M_node26node42_wide_t4,0.0,1.0,B,M,wide,node26node42,4,30.3
M_node26node42_wide_t5,0.0,1.0,B,M,wide,node26node42,5,21.48
M_node26node53_timber_t0,0.0,0.0,B,M,timber,node26node53,0,890.0
M_node26node53_timber_t1,0.0,1.0,B,M,timber,node26node53,1,749.36
M_node26node53_timber_t2,0.0,1.0,B,M,timber,node26node53,2,531.23
M_node26node53_timber_t3,0.0,1.0,B,M,timber,node26node53,3,376.6
M_node26node53_timber_t4,0.0,1.0,B,M,timber,node26node53,4,266.98
M_node26node53_timber_t5,0.0,1.0,B,M,timber,node26node53,5,189.27
M_node26node53_wide_t0,0.0,0.0,B,M,wide,node26node53,0,890.0
M_node26node53_wide_t1,0.0,1.0,B,M,wide,node26node53,1,749.36
M_node26node53_wide_t2,0.0,1.0,B,M,wide,node26node53,2,531.23
M_node26node53_wide_t3,0.0,1.0,B,M,wide,node26node53,3,376.6
M_node26node53_wide_t4,0.0,1.0,B,M,wide,node26node53,4,266.98
M_node26node53_wide_t5,0.0,1.0,B,M,wide,node26node53,5,189.27
M_node26node92_timber_t0,0.0,0.0,B,M,timber,node26node92,0,0.0
M_node26node92_timber_t1,0.0,1.0,B,M,timber,node26node92,1,0.0
M_node26node92_timber_t2,0.0,1.0,B,M,timber,node26node92,2,0.0
M_node26node92_timber_t3,0.0,1.0,B,M,timber,node26node92,3,0.0
M_node26node92_timber_t4,0.0,1.0,B,M,timber,node26node92,4,0.0
M_node26node92_timber_t5,0.0,1.0,B,M,timber,node26node92,5,0.0
M_node26node92_wide_t0,0.0,0.0,B,M,wide,node26node92,0,0.0
M_node26node92_wide_t1,0.0,1.0,B,M,wide,node26node92,1,0.0
M_node26node92_wide_t2,0.0,1.0,B,M,wide,node26node92,2,0.0
M_node26node92_wide_t3,0.0,1.0,B,M,wide,node26node92,3,0.0
M_node26node92_wide_t4,0.0,1.0,B,M,wide,node26node92,4,0.0
M_node26node92_wide_t5,0.0,1.0,B,M,wide,node26node92,5,0.0
M_node26node93_timber_t0,0.0,0.0,B,M,timber,node26node93,0,0.0
M_node26node93_timber_t1,0.0,1.0,B,M,timber,node26node93,1,0.0
M_node26node93_timber_t2,0.0,1.0,B,M,timber,node26node93,2,0.0
M_node26node93_timber_t3,0.0,1.0,B,M,timber,node26node93,3,0.0
M_node26node93_timber_t4,0.0,1.0,B,M,timber,node26node93,4,0.0
M_node26node93_timber_t5,0.0,1.0,B,M,timber,node26node93,5,0.0
M_node26node93_wide_t0,0.0,0.0,B,M,wide,node26node93,0,0.0
M_node26node93_wide_t1,0.0,1.0,B,M,wide,node26node93,1,0.0
M_node26node93_wide_t2,0.0,1.0,B,M,wide,node26node93,2,0.0
M_node26node93_wide_t3,0.0,1.0,B,M,wide,node26node93,3,0.0
M_node26node93_wide_t4,0.0,1.0,B,M,wide,node26node93,4,0.0
M_node26node93_wide_t5,0.0,1.0,B,M,wide,node26node93,5,0.0
M_node27node81_timber_t0,0.0,0.0,B,M,timber,node27node81,0,699.0
M_node27node81_timber_t1,0.0,1.0,B,M,timber,node27node81,1,588.54
M_node27node81_timber_t2,0.0,1.0,B,M,timber,node27node81,2,417.23
M_node27node81_timber_t3,0.0,1.0,B,M,timber,node27node81,3,295.78
M_node27node81_timber_t4,0.0,1.0,B,M,timber,node27node81,4,209.68
M_node27node81_timber_t5,0.0,1.0,B,M,timber,node27node81,5,148.65
M_node27node81_wide_t0,0.0,0.0,B,M,wide,node27node81,0,699.0
M_node27node81_wide_t1,0.0,1.0,B,M,wide,node27node81,1,588.54
M_node27node81_wide_t2,0.0,1.0,B,M,wide,node27node81,2,417.23
M_node27node81_wide_t3,0.0,1.0,B,M,wide,node27node81,3,295.78
M_node27node81_wide_t4,0.0,1.0,B,M,wide,node27node81,4,209.68
M_node27node81_wide_t5,0.0,1.0,B,M,wide,node27node81,5,148.65
M_node27node79_timber_t0,0.0,0.0,B,M,timber,node27node79,0,1561.0
M_node27node79_timber_t1,0.0,1.0,B,M,timber,node27node79,1,1314.32
M_node27node79_timber_t2,0.0,1.0,B,M,timber,node27node79,2,931.75
M_node27node79_timber_t3,0.0,1.0,B,M,timber,node27node79,3,660.53
M_node27node79_timber_t4,0.0,1.0,B,M,timber,node27node79,4,468.26
M_node27node79_timber_t5,0.0,1.0,B,M,timber,node27node79,5,331.96
M_node27node79_wide_t0,0.0,0.0,B,M,wide,node27node79,0,1561.0
M_node27node79_wide_t1,0.0,1.0,B,M,wide,node27node79,1,1314.32
M_node27node79_wide_t2,0.0,1.0,B,M,wide,node27node79,2,931.75
M_node27node79_wide_t3,0.0,1.0,B,M,wide,node27node79,3,660.53
M_node27node79_wide_t4,0.0,1.0,B,M,wide,node27node79,4,468.26
M_node27node79_wide_t5,0.0,1.0,B,M,wide,node27node79,5,331.96
M_node27node100_timber_t0,0.0,0.0,B,M,timber,node27node100,0,0.0
M_node27node100_timber_t1,0.0,1.0,B,M,timber,node27node100,1,0.0
M_node27node100_timber_t2,0.0,1.0,B,M,timber,node27node100,2,0.0
M_node27node100_timber_t3,0.0,1.0,B,M,timber,node27node100,3,0.0
M_node27node100_timber_t4,0.0,1.0,B,M,timber,node27node100,4,0.0
M_node27node100_timber_t5,0.0,1.0,B,M,timber,node27node100,5,0.0
M_node27node100_wide_t0,0.0,0.0,B,M,wide,node27node100,0,0.0
M_node27node100_wide_t1,0.0,1.0,B,M,wide,node27node100,1,0.0
M_node27node100_wide_t2,0.0,1.0,B,M,wide,node27node100,2,0.0
M_node27node100_wide_t3,0.0,1.0,B,M,wide,node27node100,3,0.0
M_node27node100_wide_t4,0.0,1.0,B,M,wide,node27node100,4,0.0
M_node27node100_wide_t5,0.0,1.0,B,M,wide,node27node100,5,0.0
M_node28node46_timber_t0,0.0,0.0,B,M,timber,node28node46,0,434.0
M_node28node46_timber_t1,0.0,1.0,B,M,timber,node28node46,1,365.42
M_node28node46_timber_t2,0.0,1.0,B,M,timber,node28node46,2,259.05
M_node28node46_timber_t3,0.0,1.0,B,M,timber,node28node46,3,183.65
M_node28node46_timber_t4,0.0,1.0,B,M,timber,node28node46,4,130.19
M_node28node46_timber_t5,0.0,1.0,B,M,timber,node28node46,5,92.29
M_node28node46_wide_t0,0.0,0.0,B,M,wide,node28node46,0,434.0
M_node28node46_wide_t1,0.0,1.0,B,M,wide,node28node46,1,365.42
M_node28node46_wide_t2,0.0,1.0,B,M,wide,node28node46,2,259.05
M_node28node46_wide_t3,0.0,1.0,B,M,wide,node28node46,3,183.65
M_node28node46_wide_t4,0.0,1.0,B,M,wide,node28node46,4,130.19
M_node28node46_wide_t5,0.0,1.0,B,M,wide,node28node46,5,92.29
M_node28node56_timber_t0,0.0,0.0,B,M,timber,node28node56,0,1520.0
M_node28node56_timber_t1,0.0,1.0,B,M,timber,node28node56,1,1279.8
M_node28node56_timber_t2,0.0,1.0,B,M,timber,node28node56,2,907.27
M_node28node56_timber_t3,0.0,1.0,B,M,timber,node28node56,3,643.18
M_node28node56_timber_t4,0.0,1.0,B,M,timber,node28node56,4,455.96
M_node28node56_timber_t5,0.0,1.0,B,M,timber,node28node56,5,323.24
M_node28node56_wide_t0,0.0,0.0,B,M,wide,node28node56,0,1520.0
M_node28node56_wide_t1,0.0,1.0,B,M,wide,node28node56,1,1279.8
M_node28node56_wide_t2,0.0,1.0,B,M,wide,node28node56,2,907.27
M_node28node56_wide_t3,0.0,1.0,B,M,wide,node28node56,3,643.18
M_node28node56_wide_t4,0.0,1.0,B,M,wide,node28node56,4,455.96
M_node28node56_wide_t5,0.0,1.0,B,M,wide,node28node56,5,323.24
M_node28node48_timber_t0,0.0,0.0,B,M,timber,node28node48,0,1451.0
M_node28node48_timber_t1,0.0,1.0,B,M,timber,node28node48,1,1221.7
M_node28node48_timber_t2,0.0,1.0,B,M,timber,node28node48,2,866.09
M_node28node48_timber_t3,0.0,1.0,B,M,timber,node28node48,3,613.99
M_node28node48_timber_t4,0.0,1.0,B,M,timber,node28node48,4,435.27
M_node28node48_timber_t5,0.0,1.0,B,M,timber,node28node48,5,308.57
M_node28node48_wide_t0,0.0,0.0,B,M,wide,node28node48,0,1451.0
M_node28node48_wide_t1,0.0,1.0,B,M,wide,node28node48,1,1221.7
M_node28node48_wide_t2,0.0,1.0,B,M,wide,node28node48,2,866.09
M_node28node48_wide_t3,0.0,1.0,B,M,wide,node28node48,3,613.99
M_node28node48_wide_t4,0.0,1.0,B,M,wide,node28node48,4,435.27
M_node28node48_wide_t5,0.0,1.0,B,M,wide,node28node48,5,308.57
M_node28node90_timber_t0,0.0,0.0,B,M,timber,node28node90,0,0.0
M_node28node90_timber_t1,0.0,1.0,B,M,timber,node28node90,1,0.0
M_node28node90_timber_t2,0.0,1.0,B,M,timber,node28node90,2,0.0
M_node28node90_timber_t3,0.0,1.0,B,M,timber,node28node90,3,0.0
M_node28node90_timber_t4,0.0,1.0,B,M,timber,node28node90,4,0.0
M_node28node90_timber_t5,0.0,1.0,B,M,timber,node28node90,5,0.0
M_node28node90_wide_t0,0.0,0.0,B,M,wide,node28node90,0,0.0
M_node28node90_wide_t1,0.0,1.0,B,M,wide,node28node90,1,0.0
M_node28node90_wide_t2,0.0,1.0,B,M,wide,node28node90,2,0.0
M_node28node90_wide_t3,0.0,1.0,B,M,wide,node28node90,3,0.0
M_node28node90_wide_t4,0.0,1.0,B,M,wide,node28node90,4,0.0
M_node28node90_wide_t5,0.0,1.0,B,M,wide,node28node90,5,0.0
M_node28node94_timber_t0,0.0,0.0,B,M,timber,node28node94,0,0.0
M_node28node94_timber_t1,0.0,1.0,B,M,timber,node28node94,1,0.0
M_node28node94_timber_t2,0.0,1.0,B,M,timber,node28node94,2,0.0
M_node28node94_timber_t3,0.0,1.0,B,M,timber,node28node94,3,0.0
M_node28node94_timber_t4,0.0,1.0,B,M,timber,node28node94,4,0.0
M_node28node94_timber_t5,0.0,1.0,B,M,timber,node28node94,5,0.0
M_node28node94_wide_t0,0.0,0.0,B,M,wide,node28node94,0,0.0
M_node28node94_wide_t1,0.0,1.0,B,M,wide,node28node94,1,0.0
M_node28node94_wide_t2,0.0,1.0,B,M,wide,node28node94,2,0.0
M_node28node94_wide_t3,0.0,1.0,B,M,wide,node28node94,3,0.0
M_node28node94_wide_t4,0.0,1.0,B,M,wide,node28node94,4,0.0
M_node28node94_wide_t5,0.0,1.0,B,M,wide,node28node94,5,0.0
M_node28node97_timber_t0,0.0,0.0,B,M,timber,node28node97,0,0.0
M_node28node97_timber_t1,0.0,1.0,B,M,timber,node28node97,1,0.0
M_node28node97_timber_t2,0.0,1.0,B,M,timber,node28node97,2,0.0
M_node28node97_timber_t3,0.0,1.0,B,M,timber,node28node97,3,0.0
M_node28node97_timber_t4,0.0,1.0,B,M,timber,node28node97,4,0.0
M_node28node97_timber_t5,0.0,1.0,B,M,timber,node28node97,5,0.0
M_node28node97_wide_t0,0.0,0.0,B,M,wide,node28node97,0,0.0
M_node28node97_wide_t1,0.0,1.0,B,M,wide,node28node97,1,0.0
M_node28node97_wide_t2,0.0,1.0,B,M,wide,node28node97,2,0.0
M_node28node97_wide_t3,0.0,1.0,B,M,wide,node28node97,3,0.0
M_node28node97_wide_t4,0.0,1.0,B,M,wide,node28node97,4,0.0
M_node28node97_wide_t5,0.0,1.0,B,M,wide,node28node97,5,0.0
M_node29node47_timber_t0,0.0,0.0,B,M,timber,node29node47,0,17.0
M_node29node47_timber_t1,0.0,1.0,B,M,timber,node29node47,1,14.31
M_node29node47_timber_t2,0.0,1.0,B,M,timber,node29node47,2,10.15
M_node29node47_timber_t3,0.0,1.0,B,M,timber,node29node47,3,7.19
M_node29node47_timber_t4,0.0,1.0,B,M,timber,node29node47,4,5.1
M_node29node47_timber_t5,0.0,1.0,B,M,timber,node29node47,5,3.62
M_node29node47_wide_t0,0.0,0.0,B,M,wide,node29node47,0,17.0
M_node29node47_wide_t1,0.0,1.0,B,M,wide,node29node47,1,14.31
M_node29node47_wide_t2,0.0,1.0,B,M,wide,node29node47,2,10.15
M_node29node47_wide_t3,0.0,1.0,B,M,wide,node29node47,3,7.19
M_node29node47_wide_t4,0.0,1.0,B,M,wide,node29node47,4,5.1
M_node29node47_wide_t5,0.0,1.0,B,M,wide,node29node47,5,3.62
M_node29node44_timber_t0,0.0,0.0,B,M,timber,node29node44,0,258.0
M_node29node44_timber_t1,0.0,1.0,B,M,timber,node29node44,1,217.23
M_node29node44_timber_t2,0.0,1.0,B,M,timber,node29node44,2,154.0
M_node29node44_timber_t3,0.0,1.0,B,M,timber,node29node44,3,109.17
M_node29node44_timber_t4,0.0,1.0,B,M,timber,node29node44,4,77.39
M_node29node44_timber_t5,0.0,1.0,B,M,timber,node29node44,5,54.87
M_node29node44_wide_t0,0.0,0.0,B,M,wide,node29node44,0,258.0
M_node29node44_wide_t1,0.0,1.0,B,M,wide,node29node44,1,217.23
M_node29node44_wide_t2,0.0,1.0,B,M,wide,node29node44,2,154.0
M_node29node44_wide_t3,0.0,1.0,B,M,wide,node29node44,3,109.17
M_node29node44_wide_t4,0.0,1.0,B,M,wide,node29node44,4,77.39
M_node29node44_wide_t5,0.0,1.0,B,M,wide,node29node44,5,54.87
M_node29node107_timber_t0,0.0,0.0,B,M,timber,node29node107,0,0.0
M_node29node107_timber_t1,0.0,1.0,B,M,timber,node29node107,1,0.0
M_node29node107_timber_t2,0.0,1.0,B,M,timber,node29node107,2,0.0
M_node29node107_timber_t3,0.0,1.0,B,M,timber,node29node107,3,0.0
M_node29node107_timber_t4,0.0,1.0,B,M,timber,node29node107,4,0.0
M_node29node107_timber_t5,0.0,1.0,B,M,timber,node29node107,5,0.0
M_node29node107_wide_t0,0.0,0.0,B,M,wide,node29node107,0,0.0
M_node29node107_wide_t1,0.0,1.0,B,M,wide,node29node107,1,0.0
M_node29node107_wide_t2,0.0,1.0,B,M,wide,node29node107,2,0.0
M_node29node107_wide_t3,0.0,1.0,B,M,wide,node29node107,3,0.0
M_node29node107_wide_t4,0.0,1.0,B,M,wide,node29node107,4,0.0
M_node29node107_wide_t5,0.0,1.0,B,M,wide,node29node107,5,0.0
M_node30node36_timber_t0,0.0,0.0,B,M,timber,node30node36,0,550.0
M_node30node36_timber_t1,0.0,1.0,B,M,timber,node30node36,1,463.09
M_node30node36_timber_t2,0.0,1.0,B,M,timber,node30node36,2,328.29
M_node30node36_timber_t3,0.0,1.0,B,M,timber,node30node36,3,232.73
M_node30node36_timber_t4,0.0,1.0,B,M,timber,node30node36,4,164.99
M_node30node36_timber_t5,0.0,1.0,B,M,timber,node30node36,5,116.96
M_node30node36_wide_t0,0.0,0.0,B,M,wide,node30node36,0,550.0
M_node30node36_wide_t1,0.0,1.0,B,M,wide,node30node36,1,463.09
M_node30node36_wide_t2,0.0,1.0,B,M,wide,node30node36,2,328.29
M_node30node36_wide_t3,0.0,1.0,B,M,wide,node30node36,3,232.73
M_node30node36_wide_t4,0.0,1.0,B,M,wide,node30node36,4,164.99
M_node30node36_wide_t5,0.0,1.0,B,M,wide,node30node36,5,116.96
M_node30node45_timber_t0,0.0,0.0,B,M,timber,node30node45,0,1724.0
M_node30node45_timber_t1,0.0,1.0,B,M,timber,node30node45,1,1451.56
M_node30node45_timber_t2,0.0,1.0,B,M,timber,node30node45,2,1029.04
M_node30node45_timber_t3,0.0,1.0,B,M,timber,node30node45,3,729.51
M_node30node45_timber_t4,0.0,1.0,B,M,timber,node30node45,4,517.16
M_node30node45_timber_t5,0.0,1.0,B,M,timber,node30node45,5,366.62
M_node30node45_wide_t0,0.0,0.0,B,M,wide,node30node45,0,1724.0
M_node30node45_wide_t1,0.0,1.0,B,M,wide,node30node45,1,1451.56
M_node30node45_wide_t2,0.0,1.0,B,M,wide,node30node45,2,1029.04
M_node30node45_wide_t3,0.0,1.0,B,M,wide,node30node45,3,729.51
M_node30node45_wide_t4,0.0,1.0,B,M,wide,node30node45,4,517.16
M_node30node45_wide_t5,0.0,1.0,B,M,wide,node30node45,5,366.62
M_node30node107_timber_t0,0.0,0.0,B,M,timber,node30node107,0,0.0
M_node30node107_timber_t1,0.0,1.0,B,M,timber,node30node107,1,0.0
M_node30node107_timber_t2,0.0,1.0,B,M,timber,node30node107,2,0.0
M_node30node107_timber_t3,0.0,1.0,B,M,timber,node30node107,3,0.0
M_node30node107_timber_t4,0.0,1.0,B,M,timber,node30node107,4,0.0
M_node30node107_timber_t5,0.0,1.0,B,M,timber,node30node107,5,0.0
M_node30node107_wide_t0,0.0,0.0,B,M,wide,node30node107,0,0.0
M_node30node107_wide_t1,0.0,1.0,B,M,wide,node30node107,1,0.0
M_node30node107_wide_t2,0.0,1.0,B,M,wide,node30node107,2,0.0
M_node30node107_wide_t3,0.0,1.0,B,M,wide,node30node107,3,0.0
M_node30node107_wide_t4,0.0,1.0,B,M,wide,node30node107,4,0.0
M_node30node107_wide_t5,0.0,1.0,B,M,wide,node30node107,5,0.0
M_node30node108_timber_t0,0.0,0.0,B,M,timber,node30node108,0,0.0
M_node30node108_timber_t1,0.0,1.0,B,M,timber,node30node108,1,0.0
M_node30node108_timber_t2,0.0,1.0,B,M,timber,node30node108,2,0.0
M_node30node108_timber_t3,0.0,1.0,B,M,timber,node30node108,3,0.0
M_node30node108_timber_t4,0.0,1.0,B,M,timber,node30node108,4,0.0
M_node30node108_timber_t5,0.0,1.0,B,M,timber,node30node108,5,0.0
M_node30node108_wide_t0,0.0,0.0,B,M,wide,node30node108,0,0.0
M_node30node108_wide_t1,0.0,1.0,B,M,wide,node30node108,1,0.0
M_node30node108_wide_t2,0.0,1.0,B,M,wide,node30node108,2,0.0
M_node30node108_wide_t3,0.0,1.0,B,M,wide,node30node108,3,0.0
M_node30node108_wide_t4,0.0,1.0,B,M,wide,node30node108,4,0.0
M_node30node108_wide_t5,0.0,1.0,B,M,wide,node30node108,5,0.0
M_node30node109_timber_t0,0.0,0.0,B,M,timber,node30node109,0,0.0
M_node30node109_timber_t1,0.0,1.0,B,M,timber,node30node109,1,0.0
M_node30node109_timber_t2,0.0,1.0,B,M,timber,node30node109,2,0.0
M_node30node109_timber_t3,0.0,1.0,B,M,timber,node30node109,3,0.0
M_node30node109_timber_t4,0.0,1.0,B,M,timber,node30node109,4,0.0
M_node30node109_timber_t5,0.0,1.0,B,M,timber,node30node109,5,0.0
M_node30node109_wide_t0,0.0,0.0,B,M,wide,node30node109,0,0.0
M_node30node109_wide_t1,0.0,1.0,B,M,wide,node30node109,1,0.0
M_node30node109_wide_t2,0.0,1.0,B,M,wide,node30node109,2,0.0
M_node30node109_wide_t3,0.0,1.0,B,M,wide,node30node109,3,0.0
M_node30node109_wide_t4,0.0,1.0,B,M,wide,node30node109,4,0.0
M_node30node109_wide_t5,0.0,1.0,B,M,wide,node30node109,5,0.0
M_node31node45_timber_t0,0.0,0.0,B,M,timber,node31node45,0,228.0
M_node31node45_timber_t1,0.0,1.0,B,M,timber,node31node45,1,191.97
M_node31node45_timber_t2,0.0,1.0,B,M,timber,node31node45,2,136.09
M_node31node45_timber_t3,0.0,1.0,B,M,timber,node31node45,3,96.48
M_node31node45_timber_t4,0.0,1.0,B,M,timber,node31node45,4,68.39
M_node31node45_timber_t5,0.0,1.0,B,M,timber,node31node45,5,48.49
M_node31node45_wide_t0,0.0,0.0,B,M,wide,node31node45,0,228.0
M_node31node45_wide_t1,0.0,1.0,B,M,wide,node31node45,1,191.97
M_node31node45_wide_t2,0.0,1.0,B,M,wide,node31node45,2,136.09
M_node31node45_wide_t3,0.0,1.0,B,M,wide,node31node45,3,96.48
M_node31node45_wide_t4,0.0,1.0,B,M,wide,node31node45,4,68.39
M_node31node45_wide_t5,0.0,1.0,B,M,wide,node31node45,5,48.49
M_node31node84_timber_t0,0.0,0.0,B,M,timber,node31node84,0,1720.0
M_node31node84_timber_t1,0.0,1.0,B,M,timber,node31node84,1,1448.19
M_node31node84_timber_t2,0.0,1.0,B,M,timber,node31node84,2,1026.65
M_node31node84_timber_t3,0.0,1.0,B,M,timber,node31node84,3,727.81
M_node31node84_timber_t4,0.0,1.0,B,M,timber,node31node84,4,515.96
M_node31node84_timber_t5,0.0,1.0,B,M,timber,node31node84,5,365.77
M_node31node84_wide_t0,0.0,0.0,B,M,wide,node31node84,0,1720.0
M_node31node84_wide_t1,0.0,1.0,B,M,wide,node31node84,1,1448.19
M_node31node84_wide_t2,0.0,1.0,B,M,wide,node31node84,2,1026.65
M_node31node84_wide_t3,0.0,1.0,B,M,wide,node31node84,3,727.81
M_node31node84_wide_t4,0.0,1.0,B,M,wide,node31node84,4,515.96
M_node31node84_wide_t5,0.0,1.0,B,M,wide,node31node84,5,365.77
M_node31node34_timber_t0,0.0,0.0,B,M,timber,node31node34,0,1766.0
M_node31node34_timber_t1,0.0,1.0,B,M,timber,node31node34,1,1486.92
M_node31node34_timber_t2,0.0,1.0,B,M,timber,node31node34,2,1054.11
M_node31node34_timber_t3,0.0,1.0,B,M,timber,node31node34,3,747.28
M_node31node34_timber_t4,0.0,1.0,B,M,timber,node31node34,4,529.76
M_node31node34_timber_t5,0.0,1.0,B,M,timber,node31node34,5,375.56
M_node31node34_wide_t0,0.0,0.0,B,M,wide,node31node34,0,1766.0
M_node31node34_wide_t1,0.0,1.0,B,M,wide,node31node34,1,1486.92
M_node31node34_wide_t2,0.0,1.0,B,M,wide,node31node34,2,1054.11
M_node31node34_wide_t3,0.0,1.0,B,M,wide,node31node34,3,747.28
M_node31node34_wide_t4,0.0,1.0,B,M,wide,node31node34,4,529.76
M_node31node34_wide_t5,0.0,1.0,B,M,wide,node31node34,5,375.56
M_node31node109_timber_t0,0.0,0.0,B,M,timber,node31node109,0,0.0
M_node31node109_timber_t1,0.0,1.0,B,M,timber,node31node109,1,0.0
M_node31node109_timber_t2,0.0,1.0,B,M,timber,node31node109,2,0.0
M_node31node109_timber_t3,0.0,1.0,B,M,timber,node31node109,3,0.0
M_node31node109_timber_t4,0.0,1.0,B,M,timber,node31node109,4,0.0
M_node31node109_timber_t5,0.0,1.0,B,M,timber,node31node109,5,0.0
M_node31node109_wide_t0,0.0,0.0,B,M,wide,node31node109,0,0.0
M_node31node109_wide_t1,0.0,1.0,B,M,wide,node31node109,1,0.0
M_node31node109_wide_t2,0.0,1.0,B,M,wide,node31node109,2,0.0
M_node31node109_wide_t3,0.0,1.0,B,M,wide,node31node109,3,0.0
M_node31node109_wide_t4,0.0,1.0,B,M,wide,node31node109,4,0.0
M_node31node109_wide_t5,0.0,1.0,B,M,wide,node31node109,5,0.0
M_node31node110_timber_t0,0.0,0.0,B,M,timber,node31node110,0,0.0
M_node31node110_timber_t1,0.0,1.0,B,M,timber,node31node110,1,0.0
M_node31node110_timber_t2,0.0,1.0,B,M,timber,node31node110,2,0.0
M_node31node110_timber_t3,0.0,1.0,B,M,timber,node31node110,3,0.0
M_node31node110_timber_t4,0.0,1.0,B,M,timber,node31node110,4,0.0
M_node31node110_timber_t5,0.0,1.0,B,M,timber,node31node110,5,0.0
M_node31node110_wide_t0,0.0,0.0,B,M,wide,node31node110,0,0.0
M_node31node110_wide_t1,0.0,1.0,B,M,wide,node31node110,1,0.0
M_node31node110_wide_t2,0.0,1.0,B,M,wide,node31node110,2,0.0
M_node31node110_wide_t3,0.0,1.0,B,M,wide,node31node110,3,0.0
M_node31node110_wide_t4,0.0,1.0,B,M,wide,node31node110,4,0.0
M_node31node110_wide_t5,0.0,1.0,B,M,wide,node31node110,5,0.0
M_node31node111_timber_t0,0.0,0.0,B,M,timber,node31node111,0,0.0
M_node31node111_timber_t1,0.0,1.0,B,M,timber,node31node111,1,0.0
M_node31node111_timber_t2,0.0,1.0,B,M,timber,node31node111,2,0.0
M_node31node111_timber_t3,0.0,1.0,B,M,timber,node31node111,3,0.0
M_node31node111_timber_t4,0.0,1.0,B,M,timber,node31node111,4,0.0
M_node31node111_timber_t5,0.0,1.0,B,M,timber,node31node111,5,0.0
M_node31node111_wide_t0,0.0,0.0,B,M,wide,node31node111,0,0.0
M_node31node111_wide_t1,0.0,1.0,B,M,wide,node31node111,1,0.0
M_node31node111_wide_t2,0.0,1.0,B,M,wide,node31node111,2,0.0
M_node31node111_wide_t3,0.0,1.0,B,M,wide,node31node111,3,0.0
M_node31node111_wide_t4,0.0,1.0,B,M,wide,node31node111,4,0.0
M_node31node111_wide_t5,0.0,1.0,B,M,wide,node31node111,5,0.0
M_node32node37_timber_t0,0.0,0.0,B,M,timber,node32node37,0,118.0
M_node32node37_timber_t1,0.0,1.0,B,M,timber,node32node37,1,99.35
M_node32node37_timber_t2,0.0,1.0,B,M,timber,node32node37,2,70.43
M_node32node37_timber_t3,0.0,1.0,B,M,timber,node32node37,3,49.93
M_node32node37_timber_t4,0.0,1.0,B,M,timber,node32node37,4,35.4
M_node32node37_timber_t5,0.0,1.0,B,M,timber,node32node37,5,25.09
M_node32node37_wide_t0,0.0,0.0,B,M,wide,node32node37,0,118.0
M_node32node37_wide_t1,0.0,1.0,B,M,wide,node32node37,1,99.35
M_node32node37_wide_t2,0.0,1.0,B,M,wide,node32node37,2,70.43
M_node32node37_wide_t3,0.0,1.0,B,M,wide,node32node37,3,49.93
M_node32node37_wide_t4,0.0,1.0,B,M,wide,node32node37,4,35.4
M_node32node37_wide_t5,0.0,1.0,B,M,wide,node32node37,5,25.09
M_node32node59_timber_t0,0.0,0.0,B,M,timber,node32node59,0,1337.0
M_node32node59_timber_t1,0.0,1.0,B,M,timber,node32node59,1,1125.72
M_node32node59_timber_t2,0.0,1.0,B,M,timber,node32node59,2,798.04
M_node32node59_timber_t3,0.0,1.0,B,M,timber,node32node59,3,565.75
M_node32node59_timber_t4,0.0,1.0,B,M,timber,node32node59,4,401.07
M_node32node59_timber_t5,0.0,1.0,B,M,timber,node32node59,5,284.33
M_node32node59_wide_t0,0.0,0.0,B,M,wide,node32node59,0,1337.0
M_node32node59_wide_t1,0.0,1.0,B,M,wide,node32node59,1,1125.72
M_node32node59_wide_t2,0.0,1.0,B,M,wide,node32node59,2,798.04
M_node32node59_wide_t3,0.0,1.0,B,M,wide,node32node59,3,565.75
M_node32node59_wide_t4,0.0,1.0,B,M,wide,node32node59,4,401.07
M_node32node59_wide_t5,0.0,1.0,B,M,wide,node32node59,5,284.33
M_node32node100_timber_t0,0.0,0.0,B,M,timber,node32node100,0,0.0
M_node32node100_timber_t1,0.0,1.0,B,M,timber,node32node100,1,0.0
M_node32node100_timber_t2,0.0,1.0,B,M,timber,node32node100,2,0.0
M_node32node100_timber_t3,0.0,1.0,B,M,timber,node32node100,3,0.0
M_node32node100_timber_t4,0.0,1.0,B,M,timber,node32node100,4,0.0
M_node32node100_timber_t5,0.0,1.0,B,M,timber,node32node100,5,0.0
M_node32node100_wide_t0,0.0,0.0,B,M,wide,node32node100,0,0.0
M_node32node100_wide_t1,0.0,1.0,B,M,wide,node32node100,1,0.0
M_node32node100_wide_t2,0.0,1.0,B,M,wide,node32node100,2,0.0
M_node32node100_wide_t3,0.0,1.0,B,M,wide,node32node100,3,0.0
M_node32node100_wide_t4,0.0,1.0,B,M,wide,node32node100,4,0.0
M_node32node100_wide_t5,0.0,1.0,B,M,wide,node32node100,5,0.0
M_node32node101_timber_t0,0.0,0.0,B,M,timber,node32node101,0,0.0
M_node32node101_timber_t1,0.0,1.0,B,M,timber,node32node101,1,0.0
M_node32node101_timber_t2,0.0,1.0,B,M,timber,node32node101,2,0.0
M_node32node101_timber_t3,0.0,1.0,B,M,timber,node32node101,3,0.0
M_node32node101_timber_t4,0.0,1.0,B,M,timber,node32node101,4,0.0
M_node32node101_timber_t5,0.0,1.0,B,M,timber,node32node101,5,0.0
M_node32node101_wide_t0,0.0,0.0,B,M,wide,node32node101,0,0.0
M_node32node101_wide_t1,0.0,1.0,B,M,wide,node32node101,1,0.0
M_node32node101_wide_t2,0.0,1.0,B,M,wide,node32node101,2,0.0
M_node32node101_wide_t3,0.0,1.0,B,M,wide,node32node101,3,0.0
M_node32node101_wide_t4,0.0,1.0,B,M,wide,node32node101,4,0.0
M_node32node101_wide_t5,0.0,1.0,B,M,wide,node32node101,5,0.0
M_node33node88_timber_t0,0.0,0.0,B,M,timber,node33node88,0,1893.0
M_node33node88_timber_t1,0.0,1.0,B,M,timber,node33node88,1,1593.86
M_node33node88_timber_t2,0.0,1.0,B,M,timber,node33node88,2,1129.91
M_node33node88_timber_t3,0.0,1.0,B,M,timber,node33node88,3,801.02
M_node33node88_timber_t4,0.0,1.0,B,M,timber,node33node88,4,567.86
M_node33node88_timber_t5,0.0,1.0,B,M,timber,node33node88,5,402.56
M_node33node88_wide_t0,0.0,0.0,B,M,wide,node33node88,0,1893.0
M_node33node88_wide_t1,0.0,1.0,B,M,wide,node33node88,1,1593.86
M_node33node88_wide_t2,0.0,1.0,B,M,wide,node33node88,2,1129.91
M_node33node88_wide_t3,0.0,1.0,B,M,wide,node33node88,3,801.02
M_node33node88_wide_t4,0.0,1.0,B,M,wide,node33node88,4,567.86
M_node33node88_wide_t5,0.0,1.0,B,M,wide,node33node88,5,402.56
M_node33node111_timber_t0,0.0,0.0,B,M,timber,node33node111,0,0.0
M_node33node111_timber_t1,0.0,1.0,B,M,timber,node33node111,1,0.0
M_node33node111_timber_t2,0.0,1.0,B,M,timber,node33node111,2,0.0
M_node33node111_timber_t3,0.0,1.0,B,M,timber,node33node111,3,0.0
M_node33node111_timber_t4,0.0,1.0,B,M,timber,node33node111,4,0.0
M_node33node111_timber_t5,0.0,1.0,B,M,timber,node33node111,5,0.0
M_node33node111_wide_t0,0.0,0.0,B,M,wide,node33node111,0,0.0
M_node33node111_wide_t1,0.0,1.0,B,M,wide,node33node111,1,0.0
M_node33node111_wide_t2,0.0,1.0,B,M,wide,node33node111,2,0.0
M_node33node111_wide_t3,0.0,1.0,B,M,wide,node33node111,3,0.0
M_node33node111_wide_t4,0.0,1.0,B,M,wide,node33node111,4,0.0
M_node33node111_wide_t5,0.0,1.0,B,M,wide,node33node111,5,0.0
M_node33node112_timber_t0,0.0,0.0,B,M,timber,node33node112,0,0.0
M_node33node112_timber_t1,0.0,1.0,B,M,timber,node33node112,1,0.0
M_node33node112_timber_t2,0.0,1.0,B,M,timber,node33node112,2,0.0
M_node33node112_timber_t3,0.0,1.0,B,M,timber,node33node112,3,0.0
M_node33node112_timber_t4,0.0,1.0,B,M,timber,node33node112,4,0.0
M_node33node112_timber_t5,0.0,1.0,B,M,timber,node33node112,5,0.0
M_node33node112_wide_t0,0.0,0.0,B,M,wide,node33node112,0,0.0
M_node33node112_wide_t1,0.0,1.0,B,M,wide,node33node112,1,0.0
M_node33node112_wide_t2,0.0,1.0,B,M,wide,node33node112,2,0.0
M_node33node112_wide_t3,0.0,1.0,B,M,wide,node33node112,3,0.0
M_node33node112_wide_t4,0.0,1.0,B,M,wide,node33node112,4,0.0
M_node33node112_wide_t5,0.0,1.0,B,M,wide,node33node112,5,0.0
M_node34node38_timber_t0,0.0,0.0,B,M,timber,node34node38,0,10.0
M_node34node38_timber_t1,0.0,1.0,B,M,timber,node34node38,1,8.42
M_node34node38_timber_t2,0.0,1.0,B,M,timber,node34node38,2,5.97
M_node34node38_timber_t3,0.0,1.0,B,M,timber,node34node38,3,4.23
M_node34node38_timber_t4,0.0,1.0,B,M,timber,node34node38,4,3.0
M_node34node38_timber_t5,0.0,1.0,B,M,timber,node34node38,5,2.13
M_node34node38_wide_t0,0.0,0.0,B,M,wide,node34node38,0,10.0
M_node34node38_wide_t1,0.0,1.0,B,M,wide,node34node38,1,8.42
M_node34node38_wide_t2,0.0,1.0,B,M,wide,node34node38,2,5.97
M_node34node38_wide_t3,0.0,1.0,B,M,wide,node34node38,3,4.23
M_node34node38_wide_t4,0.0,1.0,B,M,wide,node34node38,4,3.0
M_node34node38_wide_t5,0.0,1.0,B,M,wide,node34node38,5,2.13
M_node34node106_timber_t0,0.0,0.0,B,M,timber,node34node106,0,0.0
M_node34node106_timber_t1,0.0,1.0,B,M,timber,node34node106,1,0.0
M_node34node106_timber_t2,0.0,1.0,B,M,timber,node34node106,2,0.0
M_node34node106_timber_t3,0.0,1.0,B,M,timber,node34node106,3,0.0
M_node34node106_timber_t4,0.0,1.0,B,M,timber,node34node106,4,0.0
M_node34node106_timber_t5,0.0,1.0,B,M,timber,node34node106,5,0.0
M_node34node106_wide_t0,0.0,0.0,B,M,wide,node34node106,0,0.0
M_node34node106_wide_t1,0.0,1.0,B,M,wide,node34node106,1,0.0
M_node34node106_wide_t2,0.0,1.0,B,M,wide,node34node106,2,0.0
M_node34node106_wide_t3,0.0,1.0,B,M,wide,node34node106,3,0.0
M_node34node106_wide_t4,0.0,1.0,B,M,wide,node34node106,4,0.0
M_node34node106_wide_t5,0.0,1.0,B,M,wide,node34node106,5,0.0
M_node34node110_timber_t0,0.0,0.0,B,M,timber,node34node110,0,0.0
M_node34node110_timber_t1,0.0,1.0,B,M,timber,node34node110,1,0.0
M_node34node110_timber_t2,0.0,1.0,B,M,timber,node34node110,2,0.0
M_node34node110_timber_t3,0.0,1.0,B,M,timber,node34node110,3,0.0
M_node34node110_timber_t4,0.0,1.0,B,M,timber,node34node110,4,0.0
M_node34node110_timber_t5,0.0,1.0,B,M,timber,node34node110,5,0.0
M_node34node110_wide_t0,0.0,0.0,B,M,wide,node34node110,0,0.0
M_node34node110_wide_t1,0.0,1.0,B,M,wide,node34node110,1,0.0
M_node34node110_wide_t2,0.0,1.0,B,M,wide,node34node110,2,0.0
M_node34node110_wide_t3,0.0,1.0,B,M,wide,node34node110,3,0.0
M_node34node110_wide_t4,0.0,1.0,B,M,wide,node34node110,4,0.0
M_node34node110_wide_t5,0.0,1.0,B,M,wide,node34node110,5,0.0
M_node34node111_timber_t0,0.0,0.0,B,M,timber,node34node111,0,0.0
M_node34node111_timber_t1,0.0,1.0,B,M,timber,node34node111,1,0.0
M_node34node111_timber_t2,0.0,1.0,B,M,timber,node34node111,2,0.0
M_node34node111_timber_t3,0.0,1.0,B,M,timber,node34node111,3,0.0
M_node34node111_timber_t4,0.0,1.0,B,M,timber,node34node111,4,0.0
M_node34node111_timber_t5,0.0,1.0,B,M,timber,node34node111,5,0.0
M_node34node111_wide_t0,0.0,0.0,B,M,wide,node34node111,0,0.0
M_node34node111_wide_t1,0.0,1.0,B,M,wide,node34node111,1,0.0
M_node34node111_wide_t2,0.0,1.0,B,M,wide,node34node111,2,0.0
M_node34node111_wide_t3,0.0,1.0,B,M,wide,node34node111,3,0.0
M_node34node111_wide_t4,0.0,1.0,B,M,wide,node34node111,4,0.0
M_node34node111_wide_t5,0.0,1.0,B,M,wide,node34node111,5,0.0
M_node34node113_timber_t0,0.0,0.0,B,M,timber,node34node113,0,0.0
M_node34node113_timber_t1,0.0,1.0,B,M,timber,node34node113,1,0.0
M_node34node113_timber_t2,0.0,1.0,B,M,timber,node34node113,2,0.0
M_node34node113_timber_t3,0.0,1.0,B,M,timber,node34node113,3,0.0
M_node34node113_timber_t4,0.0,1.0,B,M,timber,node34node113,4,0.0
M_node34node113_timber_t5,0.0,1.0,B,M,timber,node34node113,5,0.0
M_node34node113_wide_t0,0.0,0.0,B,M,wide,node34node113,0,0.0
M_node34node113_wide_t1,0.0,1.0,B,M,wide,node34node113,1,0.0
M_node34node113_wide_t2,0.0,1.0,B,M,wide,node34node113,2,0.0
M_node34node113_wide_t3,0.0,1.0,B,M,wide,node34node113,3,0.0
M_node34node113_wide_t4,0.0,1.0,B,M,wide,node34node113,4,0.0
M_node34node113_wide_t5,0.0,1.0,B,M,wide,node34node113,5,0.0
M_node35node51_timber_t0,0.0,0.0,B,M,timber,node35node51,0,55.0
M_node35node51_timber_t1,0.0,1.0,B,M,timber,node35node51,1,46.31
M_node35node51_timber_t2,0.0,1.0,B,M,timber,node35node51,2,32.83
M_node35node51_timber_t3,0.0,1.0,B,M,timber,node35node51,3,23.27
M_node35node51_timber_t4,0.0,1.0,B,M,timber,node35node51,4,16.5
M_node35node51_timber_t5,0.0,1.0,B,M,timber,node35node51,5,11.7
M_node35node51_wide_t0,0.0,0.0,B,M,wide,node35node51,0,55.0
M_node35node51_wide_t1,0.0,1.0,B,M,wide,node35node51,1,46.31
M_node35node51_wide_t2,0.0,1.0,B,M,wide,node35node51,2,32.83
M_node35node51_wide_t3,0.0,1.0,B,M,wide,node35node51,3,23.27
M_node35node51_wide_t4,0.0,1.0,B,M,wide,node35node51,4,16.5
M_node35node51_wide_t5,0.0,1.0,B,M,wide,node35node51,5,11.7
M_node35node114_timber_t0,0.0,0.0,B,M,timber,node35node114,0,0.0
M_node35node114_timber_t1,0.0,1.0,B,M,timber,node35node114,1,0.0
M_node35node114_timber_t2,0.0,1.0,B,M,timber,node35node114,2,0.0
M_node35node114_timber_t3,0.0,1.0,B,M,timber,node35node114,3,0.0
M_node35node114_timber_t4,0.0,1.0,B,M,timber,node35node114,4,0.0
M_node35node114_timber_t5,0.0,1.0,B,M,timber,node35node114,5,0.0
M_node35node114_wide_t0,0.0,0.0,B,M,wide,node35node114,0,0.0
M_node35node114_wide_t1,0.0,1.0,B,M,wide,node35node114,1,0.0
M_node35node114_wide_t2,0.0,1.0,B,M,wide,node35node114,2,0.0
M_node35node114_wide_t3,0.0,1.0,B,M,wide,node35node114,3,0.0
M_node35node114_wide_t4,0.0,1.0,B,M,wide,node35node114,4,0.0
M_node35node114_wide_t5,0.0,1.0,B,M,wide,node35node114,5,0.0
M_node36node107_timber_t0,0.0,0.0,B,M,timber,node36node107,0,0.0
M_node36node107_timber_t1,0.0,1.0,B,M,timber,node36node107,1,0.0
M_node36node107_timber_t2,0.0,1.0,B,M,timber,node36node107,2,0.0
M_node36node107_timber_t3,0.0,1.0,B,M,timber,node36node107,3,0.0
M_node36node107_timber_t4,0.0,1.0,B,M,timber,node36node107,4,0.0
M_node36node107_timber_t5,0.0,1.0,B,M,timber,node36node107,5,0.0
M_node36node107_wide_t0,0.0,0.0,B,M,wide,node36node107,0,0.0
M_node36node107_wide_t1,0.0,1.0,B,M,wide,node36node107,1,0.0
M_node36node107_wide_t2,0.0,1.0,B,M,wide,node36node107,2,0.0
M_node36node107_wide_t3,0.0,1.0,B,M,wide,node36node107,3,0.0
M_node36node107_wide_t4,0.0,1.0,B,M,wide,node36node107,4,0.0
M_node36node107_wide_t5,0.0,1.0,B,M,wide,node36node107,5,0.0
M_node36node108_timber_t0,0.0,0.0,B,M,timber,node36node108,0,0.0
M_node36node108_timber_t1,0.0,1.0,B,M,timber,node36node108,1,0.0
M_node36node108_timber_t2,0.0,1.0,B,M,timber,node36node108,2,0.0
M_node36node108_timber_t3,0.0,1.0,B,M,timber,node36node108,3,0.0
M_node36node108_timber_t4,0.0,1.0,B,M,timber,node36node108,4,0.0
M_node36node108_timber_t5,0.0,1.0,B,M,timber,node36node108,5,0.0
M_node36node108_wide_t0,0.0,0.0,B,M,wide,node36node108,0,0.0
M_node36node108_wide_t1,0.0,1.0,B,M,wide,node36node108,1,0.0
M_node36node108_wide_t2,0.0,1.0,B,M,wide,node36node108,2,0.0
M_node36node108_wide_t3,0.0,1.0,B,M,wide,node36node108,3,0.0
M_node36node108_wide_t4,0.0,1.0,B,M,wide,node36node108,4,0.0
M_node36node108_wide_t5,0.0,1.0,B,M,wide,node36node108,5,0.0
M_node37node93_timber_t0,0.0,0.0,B,M,timber,node37node93,0,0.0
M_node37node93_timber_t1,0.0,1.0,B,M,timber,node37node93,1,0.0
M_node37node93_timber_t2,0.0,1.0,B,M,timber,node37node93,2,0.0
M_node37node93_timber_t3,0.0,1.0,B,M,timber,node37node93,3,0.0
M_node37node93_timber_t4,0.0,1.0,B,M,timber,node37node93,4,0.0
M_node37node93_timber_t5,0.0,1.0,B,M,timber,node37node93,5,0.0
M_node37node93_wide_t0,0.0,0.0,B,M,wide,node37node93,0,0.0
M_node37node93_wide_t1,0.0,1.0,B,M,wide,node37node93,1,0.0
M_node37node93_wide_t2,0.0,1.0,B,M,wide,node37node93,2,0.0
M_node37node93_wide_t3,0.0,1.0,B,M,wide,node37node93,3,0.0
M_node37node93_wide_t4,0.0,1.0,B,M,wide,node37node93,4,0.0
M_node37node93_wide_t5,0.0,1.0,B,M,wide,node37node93,5,0.0
M_node37node100_timber_t0,0.0,0.0,B,M,timber,node37node100,0,0.0
M_node37node100_timber_t1,0.0,1.0,B,M,timber,node37node100,1,0.0
M_node37node100_timber_t2,0.0,1.0,B,M,timber,node37node100,2,0.0
M_node37node100_timber_t3,0.0,1.0,B,M,timber,node37node100,3,0.0
M_node37node100_timber_t4,0.0,1.0,B,M,timber,node37node100,4,0.0
M_node37node100_timber_t5,0.0,1.0,B,M,timber,node37node100,5,0.0
M_node37node100_wide_t0,0.0,0.0,B,M,wide,node37node100,0,0.0
M_node37node100_wide_t1,0.0,1.0,B,M,wide,node37node100,1,0.0
M_node37node100_wide_t2,0.0,1.0,B,M,wide,node37node100,2,0.0
M_node37node100_wide_t3,0.0,1.0,B,M,wide,node37node100,3,0.0
M_node37node100_wide_t4,0.0,1.0,B,M,wide,node37node100,4,0.0
M_node37node100_wide_t5,0.0,1.0,B,M,wide,node37node100,5,0.0
M_node38node111_timber_t0,0.0,0.0,B,M,timber,node38node111,0,0.0
M_node38node111_timber_t1,0.0,1.0,B,M,timber,node38node111,1,0.0
M_node38node111_timber_t2,0.0,1.0,B,M,timber,node38node111,2,0.0
M_node38node111_timber_t3,0.0,1.0,B,M,timber,node38node111,3,0.0
M_node38node111_timber_t4,0.0,1.0,B,M,timber,node38node111,4,0.0
M_node38node111_timber_t5,0.0,1.0,B,M,timber,node38node111,5,0.0
M_node38node111_wide_t0,0.0,0.0,B,M,wide,node38node111,0,0.0
M_node38node111_wide_t1,0.0,1.0,B,M,wide,node38node111,1,0.0
M_node38node111_wide_t2,0.0,1.0,B,M,wide,node38node111,2,0.0
M_node38node111_wide_t3,0.0,1.0,B,M,wide,node38node111,3,0.0
M_node38node111_wide_t4,0.0,1.0,B,M,wide,node38node111,4,0.0
M_node38node111_wide_t5,0.0,1.0,B,M,wide,node38node111,5,0.0
M_node38node113_timber_t0,0.0,0.0,B,M,timber,node38node113,0,0.0
M_node38node113_timber_t1,0.0,1.0,B,M,timber,node38node113,1,0.0
M_node38node113_timber_t2,0.0,1.0,B,M,timber,node38node113,2,0.0
M_node38node113_timber_t3,0.0,1.0,B,M,timber,node38node113,3,0.0
M_node38node113_timber_t4,0.0,1.0,B,M,timber,node38node113,4,0.0
M_node38node113_timber_t5,0.0,1.0,B,M,timber,node38node113,5,0.0
M_node38node113_wide_t0,0.0,0.0,B,M,wide,node38node113,0,0.0
M_node38node113_wide_t1,0.0,1.0,B,M,wide,node38node113,1,0.0
M_node38node113_wide_t2,0.0,1.0,B,M,wide,node38node113,2,0.0
M_node38node113_wide_t3,0.0,1.0,B,M,wide,node38node113,3,0.0
M_node38node113_wide_t4,0.0,1.0,B,M,wide,node38node113,4,0.0
M_node38node113_wide_t5,0.0,1.0,B,M,wide,node38node113,5,0.0
M_node39node92_timber_t0,0.0,0.0,B,M,timber,node39node92,0,0.0
M_node39node92_timber_t1,0.0,1.0,B,M,timber,node39node92,1,0.0
M_node39node92_timber_t2,0.0,1.0,B,M,timber,node39node92,2,0.0
M_node39node92_timber_t3,0.0,1.0,B,M,timber,node39node92,3,0.0
M_node39node92_timber_t4,0.0,1.0,B,M,timber,node39node92,4,0.0
M_node39node92_timber_t5,0.0,1.0,B,M,timber,node39node92,5,0.0
M_node39node92_wide_t0,0.0,0.0,B,M,wide,node39node92,0,0.0
M_node39node92_wide_t1,0.0,1.0,B,M,wide,node39node92,1,0.0
M_node39node92_wide_t2,0.0,1.0,B,M,wide,node39node92,2,0.0
M_node39node92_wide_t3,0.0,1.0,B,M,wide,node39node92,3,0.0
M_node39node92_wide_t4,0.0,1.0,B,M,wide,node39node92,4,0.0
M_node39node92_wide_t5,0.0,1.0,B,M,wide,node39node92,5,0.0
M_node39node93_timber_t0,0.0,0.0,B,M,timber,node39node93,0,0.0
M_node39node93_timber_t1,0.0,1.0,B,M,timber,node39node93,1,0.0
M_node39node93_timber_t2,0.0,1.0,B,M,timber,node39node93,2,0.0
M_node39node93_timber_t3,0.0,1.0,B,M,timber,node39node93,3,0.0
M_node39node93_timber_t4,0.0,1.0,B,M,timber,node39node93,4,0.0
M_node39node93_timber_t5,0.0,1.0,B,M,timber,node39node93,5,0.0
M_node39node93_wide_t0,0.0,0.0,B,M,wide,node39node93,0,0.0
M_node39node93_wide_t1,0.0,1.0,B,M,wide,node39node93,1,0.0
M_node39node93_wide_t2,0.0,1.0,B,M,wide,node39node93,2,0.0
M_node39node93_wide_t3,0.0,1.0,B,M,wide,node39node93,3,0.0
M_node39node93_wide_t4,0.0,1.0,B,M,wide,node39node93,4,0.0
M_node39node93_wide_t5,0.0,1.0,B,M,wide,node39node93,5,0.0
M_node40node55_timber_t0,0.0,0.0,B,M,timber,node40node55,0,660.0
M_node40node55_timber_t1,0.0,1.0,B,M,timber,node40node55,1,555.7
M_node40node55_timber_t2,0.0,1.0,B,M,timber,node40node55,2,393.95
M_node40node55_timber_t3,0.0,1.0,B,M,timber,node40node55,3,279.28
M_node40node55_timber_t4,0.0,1.0,B,M,timber,node40node55,4,197.98
M_node40node55_timber_t5,0.0,1.0,B,M,timber,node40node55,5,140.36
M_node40node55_wide_t0,0.0,0.0,B,M,wide,node40node55,0,660.0
M_node40node55_wide_t1,0.0,1.0,B,M,wide,node40node55,1,555.7
M_node40node55_wide_t2,0.0,1.0,B,M,wide,node40node55,2,393.95
M_node40node55_wide_t3,0.0,1.0,B,M,wide,node40node55,3,279.28
M_node40node55_wide_t4,0.0,1.0,B,M,wide,node40node55,4,197.98
M_node40node55_wide_t5,0.0,1.0,B,M,wide,node40node55,5,140.36
M_node40node103_timber_t0,0.0,0.0,B,M,timber,node40node103,0,0.0
M_node40node103_timber_t1,0.0,1.0,B,M,timber,node40node103,1,0.0
M_node40node103_timber_t2,0.0,1.0,B,M,timber,node40node103,2,0.0
M_node40node103_timber_t3,0.0,1.0,B,M,timber,node40node103,3,0.0
M_node40node103_timber_t4,0.0,1.0,B,M,timber,node40node103,4,0.0
M_node40node103_timber_t5,0.0,1.0,B,M,timber,node40node103,5,0.0
M_node40node103_wide_t0,0.0,0.0,B,M,wide,node40node103,0,0.0
M_node40node103_wide_t1,0.0,1.0,B,M,wide,node40node103,1,0.0
M_node40node103_wide_t2,0.0,1.0,B,M,wide,node40node103,2,0.0
M_node40node103_wide_t3,0.0,1.0,B,M,wide,node40node103,3,0.0
M_node40node103_wide_t4,0.0,1.0,B,M,wide,node40node103,4,0.0
M_node40node103_wide_t5,0.0,1.0,B,M,wide,node40node103,5,0.0
M_node40node104_timber_t0,0.0,0.0,B,M,timber,node40node104,0,0.0
M_node40node104_timber_t1,0.0,1.0,B,M,timber,node40node104,1,0.0
M_node40node104_timber_t2,0.0,1.0,B,M,timber,node40node104,2,0.0
M_node40node104_timber_t3,0.0,1.0,B,M,timber,node40node104,3,0.0
M_node40node104_timber_t4,0.0,1.0,B,M,timber,node40node104,4,0.0
M_node40node104_timber_t5,0.0,1.0,B,M,timber,node40node104,5,0.0
M_node40node104_wide_t0,0.0,0.0,B,M,wide,node40node104,0,0.0
M_node40node104_wide_t1,0.0,1.0,B,M,wide,node40node104,1,0.0
M_node40node104_wide_t2,0.0,1.0,B,M,wide,node40node104,2,0.0
M_node40node104_wide_t3,0.0,1.0,B,M,wide,node40node104,3,0.0
M_node40node104_wide_t4,0.0,1.0,B,M,wide,node40node104,4,0.0
M_node40node104_wide_t5,0.0,1.0,B,M,wide,node40node104,5,0.0
M_node41node82_timber_t0,0.0,0.0,B,M,timber,node41node82,0,700.0
M_node41node82_timber_t1,0.0,1.0,B,M,timber,node41node82,1,589.38
M_node41node82_timber_t2,0.0,1.0,B,M,timber,node41node82,2,417.82
M_node41node82_timber_t3,0.0,1.0,B,M,timber,node41node82,3,296.2
M_node41node82_timber_t4,0.0,1.0,B,M,timber,node41node82,4,209.98
M_node41node82_timber_t5,0.0,1.0,B,M,timber,node41node82,5,148.86
M_node41node82_wide_t0,0.0,0.0,B,M,wide,node41node82,0,700.0
M_node41node82_wide_t1,0.0,1.0,B,M,wide,node41node82,1,589.38
M_node41node82_wide_t2,0.0,1.0,B,M,wide,node41node82,2,417.82
M_node41node82_wide_t3,0.0,1.0,B,M,wide,node41node82,3,296.2
M_node41node82_wide_t4,0.0,1.0,B,M,wide,node41node82,4,209.98
M_node41node82_wide_t5,0.0,1.0,B,M,wide,node41node82,5,148.86
M_node41node59_timber_t0,0.0,0.0,B,M,timber,node41node59,0,1101.0
M_node41node59_timber_t1,0.0,1.0,B,M,timber,node41node59,1,927.01
M_node41node59_timber_t2,0.0,1.0,B,M,timber,node41node59,2,657.18
M_node41node59_timber_t3,0.0,1.0,B,M,timber,node41node59,3,465.88
M_node41node59_timber_t4,0.0,1.0,B,M,timber,node41node59,4,330.27
M_node41node59_timber_t5,0.0,1.0,B,M,timber,node41node59,5,234.14
M_node41node59_wide_t0,0.0,0.0,B,M,wide,node41node59,0,1101.0
M_node41node59_wide_t1,0.0,1.0,B,M,wide,node41node59,1,927.01
M_node41node59_wide_t2,0.0,1.0,B,M,wide,node41node59,2,657.18
M_node41node59_wide_t3,0.0,1.0,B,M,wide,node41node59,3,465.88
M_node41node59_wide_t4,0.0,1.0,B,M,wide,node41node59,4,330.27
M_node41node59_wide_t5,0.0,1.0,B,M,wide,node41node59,5,234.14
M_node41node100_timber_t0,0.0,0.0,B,M,timber,node41node100,0,0.0
M_node41node100_timber_t1,0.0,1.0,B,M,timber,node41node100,1,0.0
M_node41node100_timber_t2,0.0,1.0,B,M,timber,node41node100,2,0.0
M_node41node100_timber_t3,0.0,1.0,B,M,timber,node41node100,3,0.0
M_node41node100_timber_t4,0.0,1.0,B,M,timber,node41node100,4,0.0
M_node41node100_timber_t5,0.0,1.0,B,M,timber,node41node100,5,0.0
M_node41node100_wide_t0,0.0,0.0,B,M,wide,node41node100,0,0.0
M_node41node100_wide_t1,0.0,1.0,B,M,wide,node41node100,1,0.0
M_node41node100_wide_t2,0.0,1.0,B,M,wide,node41node100,2,0.0
M_node41node100_wide_t3,0.0,1.0,B,M,wide,node41node100,3,0.0
M_node41node100_wide_t4,0.0,1.0,B,M,wide,node41node100,4,0.0
M_node41node100_wide_t5,0.0,1.0,B,M,wide,node41node100,5,0.0
M_node42node70_timber_t0,0.0,0.0,B,M,timber,node42node70,0,573.0
M_node42node70_timber_t1,0.0,1.0,B,M,timber,node42node70,1,482.45
M_node42node70_timber_t2,0.0,1.0,B,M,timber,node42node70,2,342.02
M_node42node70_timber_t3,0.0,1.0,B,M,timber,node42node70,3,242.46
M_node42node70_timber_t4,0.0,1.0,B,M,timber,node42node70,4,171.89
M_node42node70_timber_t5,0.0,1.0,B,M,timber,node42node70,5,121.85
M_node42node70_wide_t0,0.0,0.0,B,M,wide,node42node70,0,573.0
M_node42node70_wide_t1,0.0,1.0,B,M,wide,node42node70,1,482.45
M_node42node70_wide_t2,0.0,1.0,B,M,wide,node42node70,2,342.02
M_node42node70_wide_t3,0.0,1.0,B,M,wide,node42node70,3,242.46
M_node42node70_wide_t4,0.0,1.0,B,M,wide,node42node70,4,171.89
M_node42node70_wide_t5,0.0,1.0,B,M,wide,node42node70,5,121.85
M_node42node92_timber_t0,0.0,0.0,B,M,timber,node42node92,0,0.0
M_node42node92_timber_t1,0.0,1.0,B,M,timber,node42node92,1,0.0
M_node42node92_timber_t2,0.0,1.0,B,M,timber,node42node92,2,0.0
M_node42node92_timber_t3,0.0,1.0,B,M,timber,node42node92,3,0.0
M_node42node92_timber_t4,0.0,1.0,B,M,timber,node42node92,4,0.0
M_node42node92_timber_t5,0.0,1.0,B,M,timber,node42node92,5,0.0
M_node42node92_wide_t0,0.0,0.0,B,M,wide,node42node92,0,0.0
M_node42node92_wide_t1,0.0,1.0,B,M,wide,node42node92,1,0.0
M_node42node92_wide_t2,0.0,1.0,B,M,wide,node42node92,2,0.0
M_node42node92_wide_t3,0.0,1.0,B,M,wide,node42node92,3,0.0
M_node42node92_wide_t4,0.0,1.0,B,M,wide,node42node92,4,0.0
M_node42node92_wide_t5,0.0,1.0,B,M,wide,node42node92,5,0.0
M_node42node94_timber_t0,0.0,0.0,B,M,timber,node42node94,0,0.0
M_node42node94_timber_t1,0.0,1.0,B,M,timber,node42node94,1,0.0
M_node42node94_timber_t2,0.0,1.0,B,M,timber,node42node94,2,0.0
M_node42node94_timber_t3,0.0,1.0,B,M,timber,node42node94,3,0.0
M_node42node94_timber_t4,0.0,1.0,B,M,timber,node42node94,4,0.0
M_node42node94_timber_t5,0.0,1.0,B,M,timber,node42node94,5,0.0
M_node42node94_wide_t0,0.0,0.0,B,M,wide,node42node94,0,0.0
M_node42node94_wide_t1,0.0,1.0,B,M,wide,node42node94,1,0.0
M_node42node94_wide_t2,0.0,1.0,B,M,wide,node42node94,2,0.0
M_node42node94_wide_t3,0.0,1.0,B,M,wide,node42node94,3,0.0
M_node42node94_wide_t4,0.0,1.0,B,M,wide,node42node94,4,0.0
M_node42node94_wide_t5,0.0,1.0,B,M,wide,node42node94,5,0.0
M_node43node76_timber_t0,0.0,0.0,B,M,timber,node43node76,0,405.0
M_node43node76_timber_t1,0.0,1.0,B,M,timber,node43node76,1,341.0
M_node43node76_timber_t2,0.0,1.0,B,M,timber,node43node76,2,241.74
M_node43node76_timber_t3,0.0,1.0,B,M,timber,node43node76,3,171.37
M_node43node76_timber_t4,0.0,1.0,B,M,timber,node43node76,4,121.49
M_node43node76_timber_t5,0.0,1.0,B,M,timber,node43node76,5,86.13
M_node43node76_wide_t0,0.0,0.0,B,M,wide,node43node76,0,405.0
M_node43node76_wide_t1,0.0,1.0,B,M,wide,node43node76,1,341.0
M_node43node76_wide_t2,0.0,1.0,B,M,wide,node43node76,2,241.74
M_node43node76_wide_t3,0.0,1.0,B,M,wide,node43node76,3,171.37
M_node43node76_wide_t4,0.0,1.0,B,M,wide,node43node76,4,121.49
M_node43node76_wide_t5,0.0,1.0,B,M,wide,node43node76,5,86.13
M_node43node50_timber_t0,0.0,0.0,B,M,timber,node43node50,0,306.0
M_node43node50_timber_t1,0.0,1.0,B,M,timber,node43node50,1,257.64
M_node43node50_timber_t2,0.0,1.0,B,M,timber,node43node50,2,182.65
M_node43node50_timber_t3,0.0,1.0,B,M,timber,node43node50,3,129.48
M_node43node50_timber_t4,0.0,1.0,B,M,timber,node43node50,4,91.79
M_node43node50_timber_t5,0.0,1.0,B,M,timber,node43node50,5,65.07
M_node43node50_wide_t0,0.0,0.0,B,M,wide,node43node50,0,306.0
M_node43node50_wide_t1,0.0,1.0,B,M,wide,node43node50,1,257.64
M_node43node50_wide_t2,0.0,1.0,B,M,wide,node43node50,2,182.65
M_node43node50_wide_t3,0.0,1.0,B,M,wide,node43node50,3,129.48
M_node43node50_wide_t4,0.0,1.0,B,M,wide,node43node50,4,91.79
M_node43node50_wide_t5,0.0,1.0,B,M,wide,node43node50,5,65.07
M_node43node91_timber_t0,0.0,0.0,B,M,timber,node43node91,0,0.0
M_node43node91_timber_t1,0.0,1.0,B,M,timber,node43node91,1,0.0
M_node43node91_timber_t2,0.0,1.0,B,M,timber,node43node91,2,0.0
M_node43node91_timber_t3,0.0,1.0,B,M,timber,node43node91,3,0.0
M_node43node91_timber_t4,0.0,1.0,B,M,timber,node43node91,4,0.0
M_node43node91_timber_t5,0.0,1.0,B,M,timber,node43node91,5,0.0
M_node43node91_wide_t0,0.0,0.0,B,M,wide,node43node91,0,0.0
M_node43node91_wide_t1,0.0,1.0,B,M,wide,node43node91,1,0.0
M_node43node91_wide_t2,0.0,1.0,B,M,wide,node43node91,2,0.0
M_node43node91_wide_t3,0.0,1.0,B,M,wide,node43node91,3,0.0
M_node43node91_wide_t4,0.0,1.0,B,M,wide,node43node91,4,0.0
M_node43node91_wide_t5,0.0,1.0,B,M,wide,node43node91,5,0.0
M_node43node99_timber_t0,0.0,0.0,B,M,timber,node43node99,0,0.0
M_node43node99_timber_t1,0.0,1.0,B,M,timber,node43node99,1,0.0
M_node43node99_timber_t2,0.0,1.0,B,M,timber,node43node99,2,0.0
M_node43node99_timber_t3,0.0,1.0,B,M,timber,node43node99,3,0.0
M_node43node99_timber_t4,0.0,1.0,B,M,timber,node43node99,4,0.0
M_node43node99_timber_t5,0.0,1.0,B,M,timber,node43node99,5,0.0
M_node43node99_wide_t0,0.0,0.0,B,M,wide,node43node99,0,0.0
M_node43node99_wide_t1,0.0,1.0,B,M,wide,node43node99,1,0.0
M_node43node99_wide_t2,0.0,1.0,B,M,wide,node43node99,2,0.0
M_node43node99_wide_t3,0.0,1.0,B,M,wide,node43node99,3,0.0
M_node43node99_wide_t4,0.0,1.0,B,M,wide,node43node99,4,0.0
M_node43node99_wide_t5,0.0,1.0,B,M,wide,node43node99,5,0.0
M_node43node100_timber_t0,0.0,0.0,B,M,timber,node43node100,0,0.0
M_node43node100_timber_t1,0.0,1.0,B,M,timber,node43node100,1,0.0
M_node43node100_timber_t2,0.0,1.0,B,M,timber,node43node100,2,0.0
M_node43node100_timber_t3,0.0,1.0,B,M,timber,node43node100,3,0.0
M_node43node100_timber_t4,0.0,1.0,B,M,timber,node43node100,4,0.0
M_node43node100_timber_t5,0.0,1.0,B,M,timber,node43node100,5,0.0
M_node43node100_wide_t0,0.0,0.0,B,M,wide,node43node100,0,0.0
M_node43node100_wide_t1,0.0,1.0,B,M,wide,node43node100,1,0.0
M_node43node100_wide_t2,0.0,1.0,B,M,wide,node43node100,2,0.0
M_node43node100_wide_t3,0.0,1.0,B,M,wide,node43node100,3,0.0
M_node43node100_wide_t4,0.0,1.0,B,M,wide,node43node100,4,0.0
M_node43node100_wide_t5,0.0,1.0,B,M,wide,node43node100,5,0.0
M_node44node83_timber_t0,0.0,0.0,B,M,timber,node44node83,0,187.0
M_node44node83_timber_t1,0.0,1.0,B,M,timber,node44node83,1,157.45
M_node44node83_timber_t2,0.0,1.0,B,M,timber,node44node83,2,111.62
M_node44node83_timber_t3,0.0,1.0,B,M,timber,node44node83,3,79.13
M_node44node83_timber_t4,0.0,1.0,B,M,timber,node44node83,4,56.1
M_node44node83_timber_t5,0.0,1.0,B,M,timber,node44node83,5,39.77
M_node44node83_wide_t0,0.0,0.0,B,M,wide,node44node83,0,187.0
M_node44node83_wide_t1,0.0,1.0,B,M,wide,node44node83,1,157.45
M_node44node83_wide_t2,0.0,1.0,B,M,wide,node44node83,2,111.62
M_node44node83_wide_t3,0.0,1.0,B,M,wide,node44node83,3,79.13
M_node44node83_wide_t4,0.0,1.0,B,M,wide,node44node83,4,56.1
M_node44node83_wide_t5,0.0,1.0,B,M,wide,node44node83,5,39.77
M_node44node107_timber_t0,0.0,0.0,B,M,timber,node44node107,0,0.0
M_node44node107_timber_t1,0.0,1.0,B,M,timber,node44node107,1,0.0
M_node44node107_timber_t2,0.0,1.0,B,M,timber,node44node107,2,0.0
M_node44node107_timber_t3,0.0,1.0,B,M,timber,node44node107,3,0.0
M_node44node107_timber_t4,0.0,1.0,B,M,timber,node44node107,4,0.0
M_node44node107_timber_t5,0.0,1.0,B,M,timber,node44node107,5,0.0
M_node44node107_wide_t0,0.0,0.0,B,M,wide,node44node107,0,0.0
M_node44node107_wide_t1,0.0,1.0,B,M,wide,node44node107,1,0.0
M_node44node107_wide_t2,0.0,1.0,B,M,wide,node44node107,2,0.0
M_node44node107_wide_t3,0.0,1.0,B,M,wide,node44node107,3,0.0
M_node44node107_wide_t4,0.0,1.0,B,M,wide,node44node107,4,0.0
M_node44node107_wide_t5,0.0,1.0,B,M,wide,node44node107,5,0.0
M_node45node108_timber_t0,0.0,0.0,B,M,timber,node45node108,0,0.0
M_node45node108_timber_t1,0.0,1.0,B,M,timber,node45node108,1,0.0
M_node45node108_timber_t2,0.0,1.0,B,M,timber,node45node108,2,0.0
M_node45node108_timber_t3,0.0,1.0,B,M,timber,node45node108,3,0.0
M_node45node108_timber_t4,0.0,1.0,B,M,timber,node45node108,4,0.0
M_node45node108_timber_t5,0.0,1.0,B,M,timber,node45node108,5,0.0
M_node45node108_wide_t0,0.0,0.0,B,M,wide,node45node108,0,0.0
M_node45node108_wide_t1,0.0,1.0,B,M,wide,node45node108,1,0.0
M_node45node108_wide_t2,0.0,1.0,B,M,wide,node45node108,2,0.0
M_node45node108_wide_t3,0.0,1.0,B,M,wide,node45node108,3,0.0
M_node45node108_wide_t4,0.0,1.0,B,M,wide,node45node108,4,0.0
M_node45node108_wide_t5,0.0,1.0,B,M,wide,node45node108,5,0.0
M_node45node109_timber_t0,0.0,0.0,B,M,timber,node45node109,0,0.0
M_node45node109_timber_t1,0.0,1.0,B,M,timber,node45node109,1,0.0
M_node45node109_timber_t2,0.0,1.0,B,M,timber,node45node109,2,0.0
M_node45node109_timber_t3,0.0,1.0,B,M,timber,node45node109,3,0.0
M_node45node109_timber_t4,0.0,1.0,B,M,timber,node45node109,4,0.0
M_node45node109_timber_t5,0.0,1.0,B,M,timber,node45node109,5,0.0
M_node45node109_wide_t0,0.0,0.0,B,M,wide,node45node109,0,0.0
M_node45node109_wide_t1,0.0,1.0,B,M,wide,node45node109,1,0.0
M_node45node109_wide_t2,0.0,1.0,B,M,wide,node45node109,2,0.0
M_node45node109_wide_t3,0.0,1.0,B,M,wide,node45node109,3,0.0
M_node45node109_wide_t4,0.0,1.0,B,M,wide,node45node109,4,0.0
M_node45node109_wide_t5,0.0,1.0,B,M,wide,node45node109,5,0.0
M_node45node110_timber_t0,0.0,0.0,B,M,timber,node45node110,0,0.0
M_node45node110_timber_t1,0.0,1.0,B,M,timber,node45node110,1,0.0
M_node45node110_timber_t2,0.0,1.0,B,M,timber,node45node110,2,0.0
M_node45node110_timber_t3,0.0,1.0,B,M,timber,node45node110,3,0.0
M_node45node110_timber_t4,0.0,1.0,B,M,timber,node45node110,4,0.0
M_node45node110_timber_t5,0.0,1.0,B,M,timber,node45node110,5,0.0
M_node45node110_wide_t0,0.0,0.0,B,M,wide,node45node110,0,0.0
M_node45node110_wide_t1,0.0,1.0,B,M,wide,node45node110,1,0.0
M_node45node110_wide_t2,0.0,1.0,B,M,wide,node45node110,2,0.0
M_node45node110_wide_t3,0.0,1.0,B,M,wide,node45node110,3,0.0
M_node45node110_wide_t4,0.0,1.0,B,M,wide,node45node110,4,0.0
M_node45node110_wide_t5,0.0,1.0,B,M,wide,node45node110,5,0.0
M_node46node94_timber_t0,0.0,0.0,B,M,timber,node46node94,0,0.0
M_node46node94_timber_t1,0.0,1.0,B,M,timber,node46node94,1,0.0
M_node46node94_timber_t2,0.0,1.0,B,M,timber,node46node94,2,0.0
M_node46node94_timber_t3,0.0,1.0,B,M,timber,node46node94,3,0.0
M_node46node94_timber_t4,0.0,1.0,B,M,timber,node46node94,4,0.0
M_node46node94_timber_t5,0.0,1.0,B,M,timber,node46node94,5,0.0
M_node46node94_wide_t0,0.0,0.0,B,M,wide,node46node94,0,0.0
M_node46node94_wide_t1,0.0,1.0,B,M,wide,node46node94,1,0.0
M_node46node94_wide_t2,0.0,1.0,B,M,wide,node46node94,2,0.0
M_node46node94_wide_t3,0.0,1.0,B,M,wide,node46node94,3,0.0
M_node46node94_wide_t4,0.0,1.0,B,M,wide,node46node94,4,0.0
M_node46node94_wide_t5,0.0,1.0,B,M,wide,node46node94,5,0.0
M_node46node95_timber_t0,0.0,0.0,B,M,timber,node46node95,0,0.0
M_node46node95_timber_t1,0.0,1.0,B,M,timber,node46node95,1,0.0
M_node46node95_timber_t2,0.0,1.0,B,M,timber,node46node95,2,0.0
M_node46node95_timber_t3,0.0,1.0,B,M,timber,node46node95,3,0.0
M_node46node95_timber_t4,0.0,1.0,B,M,timber,node46node95,4,0.0
M_node46node95_timber_t5,0.0,1.0,B,M,timber,node46node95,5,0.0
M_node46node95_wide_t0,0.0,0.0,B,M,wide,node46node95,0,0.0
M_node46node95_wide_t1,0.0,1.0,B,M,wide,node46node95,1,0.0
M_node46node95_wide_t2,0.0,1.0,B,M,wide,node46node95,2,0.0
M_node46node95_wide_t3,0.0,1.0,B,M,wide,node46node95,3,0.0
M_node46node95_wide_t4,0.0,1.0,B,M,wide,node46node95,4,0.0
M_node46node95_wide_t5,0.0,1.0,B,M,wide,node46node95,5,0.0
M_node46node97_timber_t0,0.0,0.0,B,M,timber,node46node97,0,0.0
M_node46node97_timber_t1,0.0,1.0,B,M,timber,node46node97,1,0.0
M_node46node97_timber_t2,0.0,1.0,B,M,timber,node46node97,2,0.0
M_node46node97_timber_t3,0.0,1.0,B,M,timber,node46node97,3,0.0
M_node46node97_timber_t4,0.0,1.0,B,M,timber,node46node97,4,0.0
M_node46node97_timber_t5,0.0,1.0,B,M,timber,node46node97,5,0.0
M_node46node97_wide_t0,0.0,0.0,B,M,wide,node46node97,0,0.0
M_node46node97_wide_t1,0.0,1.0,B,M,wide,node46node97,1,0.0
M_node46node97_wide_t2,0.0,1.0,B,M,wide,node46node97,2,0.0
M_node46node97_wide_t3,0.0,1.0,B,M,wide,node46node97,3,0.0
M_node46node97_wide_t4,0.0,1.0,B,M,wide,node46node97,4,0.0
M_node46node97_wide_t5,0.0,1.0,B,M,wide,node46node97,5,0.0
M_node47node49_timber_t0,0.0,0.0,B,M,timber,node47node49,0,456.0
M_node47node49_timber_t1,0.0,1.0,B,M,timber,node47node49,1,383.94
M_node47node49_timber_t2,0.0,1.0,B,M,timber,node47node49,2,272.18
M_node47node49_timber_t3,0.0,1.0,B,M,timber,node47node49,3,192.96
M_node47node49_timber_t4,0.0,1.0,B,M,timber,node47node49,4,136.79
M_node47node49_timber_t5,0.0,1.0,B,M,timber,node47node49,5,96.97
M_node47node49_wide_t0,0.0,0.0,B,M,wide,node47node49,0,456.0
M_node47node49_wide_t1,0.0,1.0,B,M,wide,node47node49,1,383.94
M_node47node49_wide_t2,0.0,1.0,B,M,wide,node47node49,2,272.18
M_node47node49_wide_t3,0.0,1.0,B,M,wide,node47node49,3,192.96
M_node47node49_wide_t4,0.0,1.0,B,M,wide,node47node49,4,136.79
M_node47node49_wide_t5,0.0,1.0,B,M,wide,node47node49,5,96.97
M_node47node107_timber_t0,0.0,0.0,B,M,timber,node47node107,0,0.0
M_node47node107_timber_t1,0.0,1.0,B,M,timber,node47node107,1,0.0
M_node47node107_timber_t2,0.0,1.0,B,M,timber,node47node107,2,0.0
M_node47node107_timber_t3,0.0,1.0,B,M,timber,node47node107,3,0.0
M_node47node107_timber_t4,0.0,1.0,B,M,timber,node47node107,4,0.0
M_node47node107_timber_t5,0.0,1.0,B,M,timber,node47node107,5,0.0
M_node47node107_wide_t0,0.0,0.0,B,M,wide,node47node107,0,0.0
M_node47node107_wide_t1,0.0,1.0,B,M,wide,node47node107,1,0.0
M_node47node107_wide_t2,0.0,1.0,B,M,wide,node47node107,2,0.0
M_node47node107_wide_t3,0.0,1.0,B,M,wide,node47node107,3,0.0
M_node47node107_wide_t4,0.0,1.0,B,M,wide,node47node107,4,0.0
M_node47node107_wide_t5,0.0,1.0,B,M,wide,node47node107,5,0.0
M_node47node114_timber_t0,0.0,0.0,B,M,timber,node47node114,0,0.0
M_node47node114_timber_t1,0.0,1.0,B,M,timber,node47node114,1,0.0
M_node47node114_timber_t2,0.0,1.0,B,M,timber,node47node114,2,0.0
M_node47node114_timber_t3,0.0,1.0,B,M,timber,node47node114,3,0.0
M_node47node114_timber_t4,0.0,1.0,B,M,timber,node47node114,4,0.0
M_node47node114_timber_t5,0.0,1.0,B,M,timber,node47node114,5,0.0
M_node47node114_wide_t0,0.0,0.0,B,M,wide,node47node114,0,0.0
M_node47node114_wide_t1,0.0,1.0,B,M,wide,node47node114,1,0.0
M_node47node114_wide_t2,0.0,1.0,B,M,wide,node47node114,2,0.0
M_node47node114_wide_t3,0.0,1.0,B,M,wide,node47node114,3,0.0
M_node47node114_wide_t4,0.0,1.0,B,M,wide,node47node114,4,0.0
M_node47node114_wide_t5,0.0,1.0,B,M,wide,node47node114,5,0.0
M_node48node67_timber_t0,0.0,0.0,B,M,timber,node48node67,0,80.0
M_node48node67_timber_t1,0.0,1.0,B,M,timber,node48node67,1,67.36
M_node48node67_timber_t2,0.0,1.0,B,M,timber,node48node67,2,47.75
M_node48node67_timber_t3,0.0,1.0,B,M,timber,node48node67,3,33.85
M_node48node67_timber_t4,0.0,1.0,B,M,timber,node48node67,4,24.0
M_node48node67_timber_t5,0.0,1.0,B,M,timber,node48node67,5,17.01
M_node48node67_wide_t0,0.0,0.0,B,M,wide,node48node67,0,80.0
M_node48node67_wide_t1,0.0,1.0,B,M,wide,node48node67,1,67.36
M_node48node67_wide_t2,0.0,1.0,B,M,wide,node48node67,2,47.75
M_node48node67_wide_t3,0.0,1.0,B,M,wide,node48node67,3,33.85
M_node48node67_wide_t4,0.0,1.0,B,M,wide,node48node67,4,24.0
M_node48node67_wide_t5,0.0,1.0,B,M,wide,node48node67,5,17.01
M_node48node63_timber_t0,0.0,0.0,B,M,timber,node48node63,0,156.0
M_node48node63_timber_t1,0.0,1.0,B,M,timber,node48node63,1,131.35
M_node48node63_timber_t2,0.0,1.0,B,M,timber,node48node63,2,93.11
M_node48node63_timber_t3,0.0,1.0,B,M,timber,node48node63,3,66.01
M_node48node63_timber_t4,0.0,1.0,B,M,timber,node48node63,4,46.8
M_node48node63_timber_t5,0.0,1.0,B,M,timber,node48node63,5,33.17
M_node48node63_wide_t0,0.0,0.0,B,M,wide,node48node63,0,156.0
M_node48node63_wide_t1,0.0,1.0,B,M,wide,node48node63,1,131.35
M_node48node63_wide_t2,0.0,1.0,B,M,wide,node48node63,2,93.11
M_node48node63_wide_t3,0.0,1.0,B,M,wide,node48node63,3,66.01
M_node48node63_wide_t4,0.0,1.0,B,M,wide,node48node63,4,46.8
M_node48node63_wide_t5,0.0,1.0,B,M,wide,node48node63,5,33.17
M_node48node90_timber_t0,0.0,0.0,B,M,timber,node48node90,0,0.0
M_node48node90_timber_t1,0.0,1.0,B,M,timber,node48node90,1,0.0
M_node48node90_timber_t2,0.0,1.0,B,M,timber,node48node90,2,0.0
M_node48node90_timber_t3,0.0,1.0,B,M,timber,node48node90,3,0.0
M_node48node90_timber_t4,0.0,1.0,B,M,timber,node48node90,4,0.0
M_node48node90_timber_t5,0.0,1.0,B,M,timber,node48node90,5,0.0
M_node48node90_wide_t0,0.0,0.0,B,M,wide,node48node90,0,0.0
M_node48node90_wide_t1,0.0,1.0,B,M,wide,node48node90,1,0.0
M_node48node90_wide_t2,0.0,1.0,B,M,wide,node48node90,2,0.0
M_node48node90_wide_t3,0.0,1.0,B,M,wide,node48node90,3,0.0
M_node48node90_wide_t4,0.0,1.0,B,M,wide,node48node90,4,0.0
M_node48node90_wide_t5,0.0,1.0,B,M,wide,node48node90,5,0.0
M_node48node94_timber_t0,0.0,0.0,B,M,timber,node48node94,0,0.0
M_node48node94_timber_t1,0.0,1.0,B,M,timber,node48node94,1,0.0
M_node48node94_timber_t2,0.0,1.0,B,M,timber,node48node94,2,0.0
M_node48node94_timber_t3,0.0,1.0,B,M,timber,node48node94,3,0.0
M_node48node94_timber_t4,0.0,1.0,B,M,timber,node48node94,4,0.0
M_node48node94_timber_t5,0.0,1.0,B,M,timber,node48node94,5,0.0
M_node48node94_wide_t0,0.0,0.0,B,M,wide,node48node94,0,0.0
M_node48node94_wide_t1,0.0,1.0,B,M,wide,node48node94,1,0.0
M_node48node94_wide_t2,0.0,1.0,B,M,wide,node48node94,2,0.0
M_node48node94_wide_t3,0.0,1.0,B,M,wide,node48node94,3,0.0
M_node48node94_wide_t4,0.0,1.0,B,M,wide,node48node94,4,0.0
M_node48node94_wide_t5,0.0,1.0,B,M,wide,node48node94,5,0.0
M_node49node97_timber_t0,0.0,0.0,B,M,timber,node49node97,0,0.0
M_node49node97_timber_t1,0.0,1.0,B,M,timber,node49node97,1,0.0
M_node49node97_timber_t2,0.0,1.0,B,M,timber,node49node97,2,0.0
M_node49node97_timber_t3,0.0,1.0,B,M,timber,node49node97,3,0.0
M_node49node97_timber_t4,0.0,1.0,B,M,timber,node49node97,4,0.0
M_node49node97_timber_t5,0.0,1.0,B,M,timber,node49node97,5,0.0
M_node49node97_wide_t0,0.0,0.0,B,M,wide,node49node97,0,0.0
M_node49node97_wide_t1,0.0,1.0,B,M,wide,node49node97,1,0.0
M_node49node97_wide_t2,0.0,1.0,B,M,wide,node49node97,2,0.0
M_node49node97_wide_t3,0.0,1.0,B,M,wide,node49node97,3,0.0
M_node49node97_wide_t4,0.0,1.0,B,M,wide,node49node97,4,0.0
M_node49node97_wide_t5,0.0,1.0,B,M,wide,node49node97,5,0.0
M_node49node107_timber_t0,0.0,0.0,B,M,timber,node49node107,0,0.0
M_node49node107_timber_t1,0.0,1.0,B,M,timber,node49node107,1,0.0
M_node49node107_timber_t2,0.0,1.0,B,M,timber,node49node107,2,0.0
M_node49node107_timber_t3,0.0,1.0,B,M,timber,node49node107,3,0.0
M_node49node107_timber_t4,0.0,1.0,B,M,timber,node49node107,4,0.0
M_node49node107_timber_t5,0.0,1.0,B,M,timber,node49node107,5,0.0
M_node49node107_wide_t0,0.0,0.0,B,M,wide,node49node107,0,0.0
M_node49node107_wide_t1,0.0,1.0,B,M,wide,node49node107,1,0.0
M_node49node107_wide_t2,0.0,1.0,B,M,wide,node49node107,2,0.0
M_node49node107_wide_t3,0.0,1.0,B,M,wide,node49node107,3,0.0
M_node49node107_wide_t4,0.0,1.0,B,M,wide,node49node107,4,0.0
M_node49node107_wide_t5,0.0,1.0,B,M,wide,node49node107,5,0.0
M_node49node114_timber_t0,0.0,0.0,B,M,timber,node49node114,0,0.0
M_node49node114_timber_t1,0.0,1.0,B,M,timber,node49node114,1,0.0
M_node49node114_timber_t2,0.0,1.0,B,M,timber,node49node114,2,0.0
M_node49node114_timber_t3,0.0,1.0,B,M,timber,node49node114,3,0.0
M_node49node114_timber_t4,0.0,1.0,B,M,timber,node49node114,4,0.0
M_node49node114_timber_t5,0.0,1.0,B,M,timber,node49node114,5,0.0
M_node49node114_wide_t0,0.0,0.0,B,M,wide,node49node114,0,0.0
M_node49node114_wide_t1,0.0,1.0,B,M,wide,node49node114,1,0.0
M_node49node114_wide_t2,0.0,1.0,B,M,wide,node49node114,2,0.0
M_node49node114_wide_t3,0.0,1.0,B,M,wide,node49node114,3,0.0
M_node49node114_wide_t4,0.0,1.0,B,M,wide,node49node114,4,0.0
M_node49node114_wide_t5,0.0,1.0,B,M,wide,node49node114,5,0.0
M_node50node58_timber_t0,0.0,0.0,B,M,timber,node50node58,0,323.0
M_node50node58_timber_t1,0.0,1.0,B,M,timber,node50node58,1,271.96
M_node50node58_timber_t2,0.0,1.0,B,M,timber,node50node58,2,192.8
M_node50node58_timber_t3,0.0,1.0,B,M,timber,node50node58,3,136.68
M_node50node58_timber_t4,0.0,1.0,B,M,timber,node50node58,4,96.89
M_node50node58_timber_t5,0.0,1.0,B,M,timber,node50node58,5,68.69
M_node50node58_wide_t0,0.0,0.0,B,M,wide,node50node58,0,323.0
M_node50node58_wide_t1,0.0,1.0,B,M,wide,node50node58,1,271.96
M_node50node58_wide_t2,0.0,1.0,B,M,wide,node50node58,2,192.8
M_node50node58_wide_t3,0.0,1.0,B,M,wide,node50node58,3,136.68
M_node50node58_wide_t4,0.0,1.0,B,M,wide,node50node58,4,96.89
M_node50node58_wide_t5,0.0,1.0,B,M,wide,node50node58,5,68.69
M_node50node91_timber_t0,0.0,0.0,B,M,timber,node50node91,0,0.0
M_node50node91_timber_t1,0.0,1.0,B,M,timber,node50node91,1,0.0
M_node50node91_timber_t2,0.0,1.0,B,M,timber,node50node91,2,0.0
M_node50node91_timber_t3,0.0,1.0,B,M,timber,node50node91,3,0.0
M_node50node91_timber_t4,0.0,1.0,B,M,timber,node50node91,4,0.0
M_node50node91_timber_t5,0.0,1.0,B,M,timber,node50node91,5,0.0
M_node50node91_wide_t0,0.0,0.0,B,M,wide,node50node91,0,0.0
M_node50node91_wide_t1,0.0,1.0,B,M,wide,node50node91,1,0.0
M_node50node91_wide_t2,0.0,1.0,B,M,wide,node50node91,2,0.0
M_node50node91_wide_t3,0.0,1.0,B,M,wide,node50node91,3,0.0
M_node50node91_wide_t4,0.0,1.0,B,M,wide,node50node91,4,0.0
M_node50node91_wide_t5,0.0,1.0,B,M,wide,node50node91,5,0.0
M_node50node98_timber_t0,0.0,0.0,B,M,timber,node50node98,0,0.0
M_node50node98_timber_t1,0.0,1.0,B,M,timber,node50node98,1,0.0
M_node50node98_timber_t2,0.0,1.0,B,M,timber,node50node98,2,0.0
M_node50node98_timber_t3,0.0,1.0,B,M,timber,node50node98,3,0.0
M_node50node98_timber_t4,0.0,1.0,B,M,timber,node50node98,4,0.0
M_node50node98_timber_t5,0.0,1.0,B,M,timber,node50node98,5,0.0
M_node50node98_wide_t0,0.0,0.0,B,M,wide,node50node98,0,0.0
M_node50node98_wide_t1,0.0,1.0,B,M,wide,node50node98,1,0.0
M_node50node98_wide_t2,0.0,1.0,B,M,wide,node50node98,2,0.0
M_node50node98_wide_t3,0.0,1.0,B,M,wide,node50node98,3,0.0
M_node50node98_wide_t4,0.0,1.0,B,M,wide,node50node98,4,0.0
M_node50node98_wide_t5,0.0,1.0,B,M,wide,node50node98,5,0.0
M_node50node100_timber_t0,0.0,0.0,B,M,timber,node50node100,0,0.0
M_node50node100_timber_t1,0.0,1.0,B,M,timber,node50node100,1,0.0
M_node50node100_timber_t2,0.0,1.0,B,M,timber,node50node100,2,0.0
M_node50node100_timber_t3,0.0,1.0,B,M,timber,node50node100,3,0.0
M_node50node100_timber_t4,0.0,1.0,B,M,timber,node50node100,4,0.0
M_node50node100_timber_t5,0.0,1.0,B,M,timber,node50node100,5,0.0
M_node50node100_wide_t0,0.0,0.0,B,M,wide,node50node100,0,0.0
M_node50node100_wide_t1,0.0,1.0,B,M,wide,node50node100,1,0.0
M_node50node100_wide_t2,0.0,1.0,B,M,wide,node50node100,2,0.0
M_node50node100_wide_t3,0.0,1.0,B,M,wide,node50node100,3,0.0
M_node50node100_wide_t4,0.0,1.0,B,M,wide,node50node100,4,0.0
M_node50node100_wide_t5,0.0,1.0,B,M,wide,node50node100,5,0.0
M_node51node85_timber_t0,0.0,0.0,B,M,timber,node51node85,0,22.0
M_node51node85_timber_t1,0.0,1.0,B,M,timber,node51node85,1,18.52
M_node51node85_timber_t2,0.0,1.0,B,M,timber,node51node85,2,13.13
M_node51node85_timber_t3,0.0,1.0,B,M,timber,node51node85,3,9.31
M_node51node85_timber_t4,0.0,1.0,B,M,timber,node51node85,4,6.6
M_node51node85_timber_t5,0.0,1.0,B,M,timber,node51node85,5,4.68
M_node51node85_wide_t0,0.0,0.0,B,M,wide,node51node85,0,22.0
M_node51node85_wide_t1,0.0,1.0,B,M,wide,node51node85,1,18.52
M_node51node85_wide_t2,0.0,1.0,B,M,wide,node51node85,2,13.13
M_node51node85_wide_t3,0.0,1.0,B,M,wide,node51node85,3,9.31
M_node51node85_wide_t4,0.0,1.0,B,M,wide,node51node85,4,6.6
M_node51node85_wide_t5,0.0,1.0,B,M,wide,node51node85,5,4.68
M_node51node109_timber_t0,0.0,0.0,B,M,timber,node51node109,0,0.0
M_node51node109_timber_t1,0.0,1.0,B,M,timber,node51node109,1,0.0
M_node51node109_timber_t2,0.0,1.0,B,M,timber,node51node109,2,0.0
M_node51node109_timber_t3,0.0,1.0,B,M,timber,node51node109,3,0.0
M_node51node109_timber_t4,0.0,1.0,B,M,timber,node51node109,4,0.0
M_node51node109_timber_t5,0.0,1.0,B,M,timber,node51node109,5,0.0
M_node51node109_wide_t0,0.0,0.0,B,M,wide,node51node109,0,0.0
M_node51node109_wide_t1,0.0,1.0,B,M,wide,node51node109,1,0.0
M_node51node109_wide_t2,0.0,1.0,B,M,wide,node51node109,2,0.0
M_node51node109_wide_t3,0.0,1.0,B,M,wide,node51node109,3,0.0
M_node51node109_wide_t4,0.0,1.0,B,M,wide,node51node109,4,0.0
M_node51node109_wide_t5,0.0,1.0,B,M,wide,node51node109,5,0.0
M_node51node112_timber_t0,0.0,0.0,B,M,timber,node51node112,0,0.0
M_node51node112_timber_t1,0.0,1.0,B,M,timber,node51node112,1,0.0
M_node51node112_timber_t2,0.0,1.0,B,M,timber,node51node112,2,0.0
M_node51node112_timber_t3,0.0,1.0,B,M,timber,node51node112,3,0.0
M_node51node112_timber_t4,0.0,1.0,B,M,timber,node51node112,4,0.0
M_node51node112_timber_t5,0.0,1.0,B,M,timber,node51node112,5,0.0
M_node51node112_wide_t0,0.0,0.0,B,M,wide,node51node112,0,0.0
M_node51node112_wide_t1,0.0,1.0,B,M,wide,node51node112,1,0.0
M_node51node112_wide_t2,0.0,1.0,B,M,wide,node51node112,2,0.0
M_node51node112_wide_t3,0.0,1.0,B,M,wide,node51node112,3,0.0
M_node51node112_wide_t4,0.0,1.0,B,M,wide,node51node112,4,0.0
M_node51node112_wide_t5,0.0,1.0,B,M,wide,node51node112,5,0.0
M_node51node114_timber_t0,0.0,0.0,B,M,timber,node51node114,0,0.0
M_node51node114_timber_t1,0.0,1.0,B,M,timber,node51node114,1,0.0
M_node51node114_timber_t2,0.0,1.0,B,M,timber,node51node114,2,0.0
M_node51node114_timber_t3,0.0,1.0,B,M,timber,node51node114,3,0.0
M_node51node114_timber_t4,0.0,1.0,B,M,timber,node51node114,4,0.0
M_node51node114_timber_t5,0.0,1.0,B,M,timber,node51node114,5,0.0
M_node51node114_wide_t0,0.0,0.0,B,M,wide,node51node114,0,0.0
M_node51node114_wide_t1,0.0,1.0,B,M,wide,node51node114,1,0.0
M_node51node114_wide_t2,0.0,1.0,B,M,wide,node51node114,2,0.0
M_node51node114_wide_t3,0.0,1.0,B,M,wide,node51node114,3,0.0
M_node51node114_wide_t4,0.0,1.0,B,M,wide,node51node114,4,0.0
M_node51node114_wide_t5,0.0,1.0,B,M,wide,node51node114,5,0.0
M_node52node83_timber_t0,0.0,0.0,B,M,timber,node52node83,0,84.0
M_node52node83_timber_t1,0.0,1.0,B,M,timber,node52node83,1,70.73
M_node52node83_timber_t2,0.0,1.0,B,M,timber,node52node83,2,50.14
M_node52node83_timber_t3,0.0,1.0,B,M,timber,node52node83,3,35.54
M_node52node83_timber_t4,0.0,1.0,B,M,timber,node52node83,4,25.2
M_node52node83_timber_t5,0.0,1.0,B,M,timber,node52node83,5,17.86
M_node52node83_wide_t0,0.0,0.0,B,M,wide,node52node83,0,84.0
M_node52node83_wide_t1,0.0,1.0,B,M,wide,node52node83,1,70.73
M_node52node83_wide_t2,0.0,1.0,B,M,wide,node52node83,2,50.14
M_node52node83_wide_t3,0.0,1.0,B,M,wide,node52node83,3,35.54
M_node52node83_wide_t4,0.0,1.0,B,M,wide,node52node83,4,25.2
M_node52node83_wide_t5,0.0,1.0,B,M,wide,node52node83,5,17.86
M_node52node107_timber_t0,0.0,0.0,B,M,timber,node52node107,0,0.0
M_node52node107_timber_t1,0.0,1.0,B,M,timber,node52node107,1,0.0
M_node52node107_timber_t2,0.0,1.0,B,M,timber,node52node107,2,0.0
M_node52node107_timber_t3,0.0,1.0,B,M,timber,node52node107,3,0.0
M_node52node107_timber_t4,0.0,1.0,B,M,timber,node52node107,4,0.0
M_node52node107_timber_t5,0.0,1.0,B,M,timber,node52node107,5,0.0
M_node52node107_wide_t0,0.0,0.0,B,M,wide,node52node107,0,0.0
M_node52node107_wide_t1,0.0,1.0,B,M,wide,node52node107,1,0.0
M_node52node107_wide_t2,0.0,1.0,B,M,wide,node52node107,2,0.0
M_node52node107_wide_t3,0.0,1.0,B,M,wide,node52node107,3,0.0
M_node52node107_wide_t4,0.0,1.0,B,M,wide,node52node107,4,0.0
M_node52node107_wide_t5,0.0,1.0,B,M,wide,node52node107,5,0.0
M_node53node93_timber_t0,0.0,0.0,B,M,timber,node53node93,0,0.0
M_node53node93_timber_t1,0.0,1.0,B,M,timber,node53node93,1,0.0
M_node53node93_timber_t2,0.0,1.0,B,M,timber,node53node93,2,0.0
M_node53node93_timber_t3,0.0,1.0,B,M,timber,node53node93,3,0.0
M_node53node93_timber_t4,0.0,1.0,B,M,timber,node53node93,4,0.0
M_node53node93_timber_t5,0.0,1.0,B,M,timber,node53node93,5,0.0
M_node53node93_wide_t0,0.0,0.0,B,M,wide,node53node93,0,0.0
M_node53node93_wide_t1,0.0,1.0,B,M,wide,node53node93,1,0.0
M_node53node93_wide_t2,0.0,1.0,B,M,wide,node53node93,2,0.0
M_node53node93_wide_t3,0.0,1.0,B,M,wide,node53node93,3,0.0
M_node53node93_wide_t4,0.0,1.0,B,M,wide,node53node93,4,0.0
M_node53node93_wide_t5,0.0,1.0,B,M,wide,node53node93,5,0.0
M_node54node96_timber_t0,0.0,0.0,B,M,timber,node54node96,0,0.0
M_node54node96_timber_t1,0.0,1.0,B,M,timber,node54node96,1,0.0
M_node54node96_timber_t2,0.0,1.0,B,M,timber,node54node96,2,0.0
M_node54node96_timber_t3,0.0,1.0,B,M,timber,node54node96,3,0.0
M_node54node96_timber_t4,0.0,1.0,B,M,timber,node54node96,4,0.0
M_node54node96_timber_t5,0.0,1.0,B,M,timber,node54node96,5,0.0
M_node54node96_wide_t0,0.0,0.0,B,M,wide,node54node96,0,0.0
M_node54node96_wide_t1,0.0,1.0,B,M,wide,node54node96,1,0.0
M_node54node96_wide_t2,0.0,1.0,B,M,wide,node54node96,2,0.0
M_node54node96_wide_t3,0.0,1.0,B,M,wide,node54node96,3,0.0
M_node54node96_wide_t4,0.0,1.0,B,M,wide,node54node96,4,0.0
M_node54node96_wide_t5,0.0,1.0,B,M,wide,node54node96,5,0.0
M_node54node102_timber_t0,0.0,0.0,B,M,timber,node54node102,0,0.0
M_node54node102_timber_t1,0.0,1.0,B,M,timber,node54node102,1,0.0
M_node54node102_timber_t2,0.0,1.0,B,M,timber,node54node102,2,0.0
M_node54node102_timber_t3,0.0,1.0,B,M,timber,node54node102,3,0.0
M_node54node102_timber_t4,0.0,1.0,B,M,timber,node54node102,4,0.0
M_node54node102_timber_t5,0.0,1.0,B,M,timber,node54node102,5,0.0
M_node54node102_wide_t0,0.0,0.0,B,M,wide,node54node102,0,0.0
M_node54node102_wide_t1,0.0,1.0,B,M,wide,node54node102,1,0.0
M_node54node102_wide_t2,0.0,1.0,B,M,wide,node54node102,2,0.0
M_node54node102_wide_t3,0.0,1.0,B,M,wide,node54node102,3,0.0
M_node54node102_wide_t4,0.0,1.0,B,M,wide,node54node102,4,0.0
M_node54node102_wide_t5,0.0,1.0,B,M,wide,node54node102,5,0.0
M_node55node103_timber_t0,0.0,0.0,B,M,timber,node55node103,0,0.0
M_node55node103_timber_t1,0.0,1.0,B,M,timber,node55node103,1,0.0
M_node55node103_timber_t2,0.0,1.0,B,M,timber,node55node103,2,0.0
M_node55node103_timber_t3,0.0,1.0,B,M,timber,node55node103,3,0.0
M_node55node103_timber_t4,0.0,1.0,B,M,timber,node55node103,4,0.0
M_node55node103_timber_t5,0.0,1.0,B,M,timber,node55node103,5,0.0
M_node55node103_wide_t0,0.0,0.0,B,M,wide,node55node103,0,0.0
M_node55node103_wide_t1,0.0,1.0,B,M,wide,node55node103,1,0.0
M_node55node103_wide_t2,0.0,1.0,B,M,wide,node55node103,2,0.0
M_node55node103_wide_t3,0.0,1.0,B,M,wide,node55node103,3,0.0
M_node55node103_wide_t4,0.0,1.0,B,M,wide,node55node103,4,0.0
M_node55node103_wide_t5,0.0,1.0,B,M,wide,node55node103,5,0.0
M_node55node104_timber_t0,0.0,0.0,B,M,timber,node55node104,0,0.0
M_node55node104_timber_t1,0.0,1.0,B,M,timber,node55node104,1,0.0
M_node55node104_timber_t2,0.0,1.0,B,M,timber,node55node104,2,0.0
M_node55node104_timber_t3,0.0,1.0,B,M,timber,node55node104,3,0.0
M_node55node104_timber_t4,0.0,1.0,B,M,timber,node55node104,4,0.0
M_node55node104_timber_t5,0.0,1.0,B,M,timber,node55node104,5,0.0
M_node55node104_wide_t0,0.0,0.0,B,M,wide,node55node104,0,0.0
M_node55node104_wide_t1,0.0,1.0,B,M,wide,node55node104,1,0.0
M_node55node104_wide_t2,0.0,1.0,B,M,wide,node55node104,2,0.0
M_node55node104_wide_t3,0.0,1.0,B,M,wide,node55node104,3,0.0
M_node55node104_wide_t4,0.0,1.0,B,M,wide,node55node104,4,0.0
M_node55node104_wide_t5,0.0,1.0,B,M,wide,node55node104,5,0.0
M_node55node110_timber_t0,0.0,0.0,B,M,timber,node55node110,0,0.0
M_node55node110_timber_t1,0.0,1.0,B,M,timber,node55node110,1,0.0
M_node55node110_timber_t2,0.0,1.0,B,M,timber,node55node110,2,0.0
M_node55node110_timber_t3,0.0,1.0,B,M,timber,node55node110,3,0.0
M_node55node110_timber_t4,0.0,1.0,B,M,timber,node55node110,4,0.0
M_node55node110_timber_t5,0.0,1.0,B,M,timber,node55node110,5,0.0
M_node55node110_wide_t0,0.0,0.0,B,M,wide,node55node110,0,0.0
M_node55node110_wide_t1,0.0,1.0,B,M,wide,node55node110,1,0.0
M_node55node110_wide_t2,0.0,1.0,B,M,wide,node55node110,2,0.0
M_node55node110_wide_t3,0.0,1.0,B,M,wide,node55node110,3,0.0
M_node55node110_wide_t4,0.0,1.0,B,M,wide,node55node110,4,0.0
M_node55node110_wide_t5,0.0,1.0,B,M,wide,node55node110,5,0.0
M_node56node71_timber_t0,0.0,0.0,B,M,timber,node56node71,0,113.0
M_node56node71_timber_t1,0.0,1.0,B,M,timber,node56node71,1,95.14
M_node56node71_timber_t2,0.0,1.0,B,M,timber,node56node71,2,67.45
M_node56node71_timber_t3,0.0,1.0,B,M,timber,node56node71,3,47.82
M_node56node71_timber_t4,0.0,1.0,B,M,timber,node56node71,4,33.9
M_node56node71_timber_t5,0.0,1.0,B,M,timber,node56node71,5,24.03
M_node56node71_wide_t0,0.0,0.0,B,M,wide,node56node71,0,113.0
M_node56node71_wide_t1,0.0,1.0,B,M,wide,node56node71,1,95.14
M_node56node71_wide_t2,0.0,1.0,B,M,wide,node56node71,2,67.45
M_node56node71_wide_t3,0.0,1.0,B,M,wide,node56node71,3,47.82
M_node56node71_wide_t4,0.0,1.0,B,M,wide,node56node71,4,33.9
M_node56node71_wide_t5,0.0,1.0,B,M,wide,node56node71,5,24.03
M_node56node64_timber_t0,0.0,0.0,B,M,timber,node56node64,0,177.0
M_node56node64_timber_t1,0.0,1.0,B,M,timber,node56node64,1,149.03
M_node56node64_timber_t2,0.0,1.0,B,M,timber,node56node64,2,105.65
M_node56node64_timber_t3,0.0,1.0,B,M,timber,node56node64,3,74.9
M_node56node64_timber_t4,0.0,1.0,B,M,timber,node56node64,4,53.1
M_node56node64_timber_t5,0.0,1.0,B,M,timber,node56node64,5,37.64
M_node56node64_wide_t0,0.0,0.0,B,M,wide,node56node64,0,177.0
M_node56node64_wide_t1,0.0,1.0,B,M,wide,node56node64,1,149.03
M_node56node64_wide_t2,0.0,1.0,B,M,wide,node56node64,2,105.65
M_node56node64_wide_t3,0.0,1.0,B,M,wide,node56node64,3,74.9
M_node56node64_wide_t4,0.0,1.0,B,M,wide,node56node64,4,53.1
M_node56node64_wide_t5,0.0,1.0,B,M,wide,node56node64,5,37.64
M_node56node90_timber_t0,0.0,0.0,B,M,timber,node56node90,0,0.0
M_node56node90_timber_t1,0.0,1.0,B,M,timber,node56node90,1,0.0
M_node56node90_timber_t2,0.0,1.0,B,M,timber,node56node90,2,0.0
M_node56node90_timber_t3,0.0,1.0,B,M,timber,node56node90,3,0.0
M_node56node90_timber_t4,0.0,1.0,B,M,timber,node56node90,4,0.0
M_node56node90_timber_t5,0.0,1.0,B,M,timber,node56node90,5,0.0
M_node56node90_wide_t0,0.0,0.0,B,M,wide,node56node90,0,0.0
M_node56node90_wide_t1,0.0,1.0,B,M,wide,node56node90,1,0.0
M_node56node90_wide_t2,0.0,1.0,B,M,wide,node56node90,2,0.0
M_node56node90_wide_t3,0.0,1.0,B,M,wide,node56node90,3,0.0
M_node56node90_wide_t4,0.0,1.0,B,M,wide,node56node90,4,0.0
M_node56node90_wide_t5,0.0,1.0,B,M,wide,node56node90,5,0.0
M_node56node97_timber_t0,0.0,0.0,B,M,timber,node56node97,0,0.0
M_node56node97_timber_t1,0.0,1.0,B,M,timber,node56node97,1,0.0
M_node56node97_timber_t2,0.0,1.0,B,M,timber,node56node97,2,0.0
M_node56node97_timber_t3,0.0,1.0,B,M,timber,node56node97,3,0.0
M_node56node97_timber_t4,0.0,1.0,B,M,timber,node56node97,4,0.0
M_node56node97_timber_t5,0.0,1.0,B,M,timber,node56node97,5,0.0
M_node56node97_wide_t0,0.0,0.0,B,M,wide,node56node97,0,0.0
M_node56node97_wide_t1,0.0,1.0,B,M,wide,node56node97,1,0.0
M_node56node97_wide_t2,0.0,1.0,B,M,wide,node56node97,2,0.0
M_node56node97_wide_t3,0.0,1.0,B,M,wide,node56node97,3,0.0
M_node56node97_wide_t4,0.0,1.0,B,M,wide,node56node97,4,0.0
M_node56node97_wide_t5,0.0,1.0,B,M,wide,node56node97,5,0.0
M_node57node65_timber_t0,0.0,0.0,B,M,timber,node57node65,0,395.0
M_node57node65_timber_t1,0.0,1.0,B,M,timber,node57node65,1,332.58
M_node57node65_timber_t2,0.0,1.0,B,M,timber,node57node65,2,235.77
M_node57node65_timber_t3,0.0,1.0,B,M,timber,node57node65,3,167.14
M_node57node65_timber_t4,0.0,1.0,B,M,timber,node57node65,4,118.49
M_node57node65_timber_t5,0.0,1.0,B,M,timber,node57node65,5,84.0
M_node57node65_wide_t0,0.0,0.0,B,M,wide,node57node65,0,395.0
M_node57node65_wide_t1,0.0,1.0,B,M,wide,node57node65,1,332.58
M_node57node65_wide_t2,0.0,1.0,B,M,wide,node57node65,2,235.77
M_node57node65_wide_t3,0.0,1.0,B,M,wide,node57node65,3,167.14
M_node57node65_wide_t4,0.0,1.0,B,M,wide,node57node65,4,118.49
M_node57node65_wide_t5,0.0,1.0,B,M,wide,node57node65,5,84.0
M_node57node91_timber_t0,0.0,0.0,B,M,timber,node57node91,0,0.0
M_node57node91_timber_t1,0.0,1.0,B,M,timber,node57node91,1,0.0
M_node57node91_timber_t2,0.0,1.0,B,M,timber,node57node91,2,0.0
M_node57node91_timber_t3,0.0,1.0,B,M,timber,node57node91,3,0.0
M_node57node91_timber_t4,0.0,1.0,B,M,timber,node57node91,4,0.0
M_node57node91_timber_t5,0.0,1.0,B,M,timber,node57node91,5,0.0
M_node57node91_wide_t0,0.0,0.0,B,M,wide,node57node91,0,0.0
M_node57node91_wide_t1,0.0,1.0,B,M,wide,node57node91,1,0.0
M_node57node91_wide_t2,0.0,1.0,B,M,wide,node57node91,2,0.0
M_node57node91_wide_t3,0.0,1.0,B,M,wide,node57node91,3,0.0
M_node57node91_wide_t4,0.0,1.0,B,M,wide,node57node91,4,0.0
M_node57node91_wide_t5,0.0,1.0,B,M,wide,node57node91,5,0.0
M_node58node65_timber_t0,0.0,0.0,B,M,timber,node58node65,0,2026.0
M_node58node65_timber_t1,0.0,1.0,B,M,timber,node58node65,1,1705.84
M_node58node65_timber_t2,0.0,1.0,B,M,timber,node58node65,2,1209.3
M_node58node65_timber_t3,0.0,1.0,B,M,timber,node58node65,3,857.3
M_node58node65_timber_t4,0.0,1.0,B,M,timber,node58node65,4,607.75
M_node58node65_timber_t5,0.0,1.0,B,M,timber,node58node65,5,430.85
M_node58node65_wide_t0,0.0,0.0,B,M,wide,node58node65,0,2026.0
M_node58node65_wide_t1,0.0,1.0,B,M,wide,node58node65,1,1705.84
M_node58node65_wide_t2,0.0,1.0,B,M,wide,node58node65,2,1209.3
M_node58node65_wide_t3,0.0,1.0,B,M,wide,node58node65,3,857.3
M_node58node65_wide_t4,0.0,1.0,B,M,wide,node58node65,4,607.75
M_node58node65_wide_t5,0.0,1.0,B,M,wide,node58node65,5,430.85
M_node58node73_timber_t0,0.0,0.0,B,M,timber,node58node73,0,163.0
M_node58node73_timber_t1,0.0,1.0,B,M,timber,node58node73,1,137.24
M_node58node73_timber_t2,0.0,1.0,B,M,timber,node58node73,2,97.29
M_node58node73_timber_t3,0.0,1.0,B,M,timber,node58node73,3,68.97
M_node58node73_timber_t4,0.0,1.0,B,M,timber,node58node73,4,48.9
M_node58node73_timber_t5,0.0,1.0,B,M,timber,node58node73,5,34.66
M_node58node73_wide_t0,0.0,0.0,B,M,wide,node58node73,0,163.0
M_node58node73_wide_t1,0.0,1.0,B,M,wide,node58node73,1,137.24
M_node58node73_wide_t2,0.0,1.0,B,M,wide,node58node73,2,97.29
M_node58node73_wide_t3,0.0,1.0,B,M,wide,node58node73,3,68.97
M_node58node73_wide_t4,0.0,1.0,B,M,wide,node58node73,4,48.9
M_node58node73_wide_t5,0.0,1.0,B,M,wide,node58node73,5,34.66
M_node58node91_timber_t0,0.0,0.0,B,M,timber,node58node91,0,0.0
M_node58node91_timber_t1,0.0,1.0,B,M,timber,node58node91,1,0.0
M_node58node91_timber_t2,0.0,1.0,B,M,timber,node58node91,2,0.0
M_node58node91_timber_t3,0.0,1.0,B,M,timber,node58node91,3,0.0
M_node58node91_timber_t4,0.0,1.0,B,M,timber,node58node91,4,0.0
M_node58node91_timber_t5,0.0,1.0,B,M,timber,node58node91,5,0.0
M_node58node91_wide_t0,0.0,0.0,B,M,wide,node58node91,0,0.0
M_node58node91_wide_t1,0.0,1.0,B,M,wide,node58node91,1,0.0
M_node58node91_wide_t2,0.0,1.0,B,M,wide,node58node91,2,0.0
M_node58node91_wide_t3,0.0,1.0,B,M,wide,node58node91,3,0.0
M_node58node91_wide_t4,0.0,1.0,B,M,wide,node58node91,4,0.0
M_node58node91_wide_t5,0.0,1.0,B,M,wide,node58node91,5,0.0
M_node58node98_timber_t0,0.0,0.0,B,M,timber,node58node98,0,0.0
M_node58node98_timber_t1,0.0,1.0,B,M,timber,node58node98,1,0.0
M_node58node98_timber_t2,0.0,1.0,B,M,timber,node58node98,2,0.0
M_node58node98_timber_t3,0.0,1.0,B,M,timber,node58node98,3,0.0
M_node58node98_timber_t4,0.0,1.0,B,M,timber,node58node98,4,0.0
M_node58node98_timber_t5,0.0,1.0,B,M,timber,node58node98,5,0.0
M_node58node98_wide_t0,0.0,0.0,B,M,wide,node58node98,0,0.0
M_node58node98_wide_t1,0.0,1.0,B,M,wide,node58node98,1,0.0
M_node58node98_wide_t2,0.0,1.0,B,M,wide,node58node98,2,0.0
M_node58node98_wide_t3,0.0,1.0,B,M,wide,node58node98,3,0.0
M_node58node98_wide_t4,0.0,1.0,B,M,wide,node58node98,4,0.0
M_node58node98_wide_t5,0.0,1.0,B,M,wide,node58node98,5,0.0
M_node59node100_timber_t0,0.0,0.0,B,M,timber,node59node100,0,0.0
M_node59node100_timber_t1,0.0,1.0,B,M,timber,node59node100,1,0.0
M_node59node100_timber_t2,0.0,1.0,B,M,timber,node59node100,2,0.0
M_node59node100_timber_t3,0.0,1.0,B,M,timber,node59node100,3,0.0
M_node59node100_timber_t4,0.0,1.0,B,M,timber,node59node100,4,0.0
M_node59node100_timber_t5,0.0,1.0,B,M,timber,node59node100,5,0.0
M_node59node100_wide_t0,0.0,0.0,B,M,wide,node59node100,0,0.0
M_node59node100_wide_t1,0.0,1.0,B,M,wide,node59node100,1,0.0
M_node59node100_wide_t2,0.0,1.0,B,M,wide,node59node100,2,0.0
M_node59node100_wide_t3,0.0,1.0,B,M,wide,node59node100,3,0.0
M_node59node100_wide_t4,0.0,1.0,B,M,wide,node59node100,4,0.0
M_node59node100_wide_t5,0.0,1.0,B,M,wide,node59node100,5,0.0
M_node59node101_timber_t0,0.0,0.0,B,M,timber,node59node101,0,0.0
M_node59node101_timber_t1,0.0,1.0,B,M,timber,node59node101,1,0.0
M_node59node101_timber_t2,0.0,1.0,B,M,timber,node59node101,2,0.0
M_node59node101_timber_t3,0.0,1.0,B,M,timber,node59node101,3,0.0
M_node59node101_timber_t4,0.0,1.0,B,M,timber,node59node101,4,0.0
M_node59node101_timber_t5,0.0,1.0,B,M,timber,node59node101,5,0.0
M_node59node101_wide_t0,0.0,0.0,B,M,wide,node59node101,0,0.0
M_node59node101_wide_t1,0.0,1.0,B,M,wide,node59node101,1,0.0
M_node59node101_wide_t2,0.0,1.0,B,M,wide,node59node101,2,0.0
M_node59node101_wide_t3,0.0,1.0,B,M,wide,node59node101,3,0.0
M_node59node101_wide_t4,0.0,1.0,B,M,wide,node59node101,4,0.0
M_node59node101_wide_t5,0.0,1.0,B,M,wide,node59node101,5,0.0
M_node60node84_timber_t0,0.0,0.0,B,M,timber,node60node84,0,33.0
M_node60node84_timber_t1,0.0,1.0,B,M,timber,node60node84,1,27.79
M_node60node84_timber_t2,0.0,1.0,B,M,timber,node60node84,2,19.7
M_node60node84_timber_t3,0.0,1.0,B,M,timber,node60node84,3,13.96
M_node60node84_timber_t4,0.0,1.0,B,M,timber,node60node84,4,9.9
M_node60node84_timber_t5,0.0,1.0,B,M,timber,node60node84,5,7.02
M_node60node84_wide_t0,0.0,0.0,B,M,wide,node60node84,0,33.0
M_node60node84_wide_t1,0.0,1.0,B,M,wide,node60node84,1,27.79
M_node60node84_wide_t2,0.0,1.0,B,M,wide,node60node84,2,19.7
M_node60node84_wide_t3,0.0,1.0,B,M,wide,node60node84,3,13.96
M_node60node84_wide_t4,0.0,1.0,B,M,wide,node60node84,4,9.9
M_node60node84_wide_t5,0.0,1.0,B,M,wide,node60node84,5,7.02
M_node60node86_timber_t0,0.0,0.0,B,M,timber,node60node86,0,222.0
M_node60node86_timber_t1,0.0,1.0,B,M,timber,node60node86,1,186.92
M_node60node86_timber_t2,0.0,1.0,B,M,timber,node60node86,2,132.51
M_node60node86_timber_t3,0.0,1.0,B,M,timber,node60node86,3,93.94
M_node60node86_timber_t4,0.0,1.0,B,M,timber,node60node86,4,66.59
M_node60node86_timber_t5,0.0,1.0,B,M,timber,node60node86,5,47.21
M_node60node86_wide_t0,0.0,0.0,B,M,wide,node60node86,0,222.0
M_node60node86_wide_t1,0.0,1.0,B,M,wide,node60node86,1,186.92
M_node60node86_wide_t2,0.0,1.0,B,M,wide,node60node86,2,132.51
M_node60node86_wide_t3,0.0,1.0,B,M,wide,node60node86,3,93.94
M_node60node86_wide_t4,0.0,1.0,B,M,wide,node60node86,4,66.59
M_node60node86_wide_t5,0.0,1.0,B,M,wide,node60node86,5,47.21
M_node60node109_timber_t0,0.0,0.0,B,M,timber,node60node109,0,0.0
M_node60node109_timber_t1,0.0,1.0,B,M,timber,node60node109,1,0.0
M_node60node109_timber_t2,0.0,1.0,B,M,timber,node60node109,2,0.0
M_node60node109_timber_t3,0.0,1.0,B,M,timber,node60node109,3,0.0
M_node60node109_timber_t4,0.0,1.0,B,M,timber,node60node109,4,0.0
M_node60node109_timber_t5,0.0,1.0,B,M,timber,node60node109,5,0.0
M_node60node109_wide_t0,0.0,0.0,B,M,wide,node60node109,0,0.0
M_node60node109_wide_t1,0.0,1.0,B,M,wide,node60node109,1,0.0
M_node60node109_wide_t2,0.0,1.0,B,M,wide,node60node109,2,0.0
M_node60node109_wide_t3,0.0,1.0,B,M,wide,node60node109,3,0.0
M_node60node109_wide_t4,0.0,1.0,B,M,wide,node60node109,4,0.0
M_node60node109_wide_t5,0.0,1.0,B,M,wide,node60node109,5,0.0
M_node60node111_timber_t0,0.0,0.0,B,M,timber,node60node111,0,0.0
M_node60node111_timber_t1,0.0,1.0,B,M,timber,node60node111,1,0.0
M_node60node111_timber_t2,0.0,1.0,B,M,timber,node60node111,2,0.0
M_node60node111_timber_t3,0.0,1.0,B,M,timber,node60node111,3,0.0
M_node60node111_timber_t4,0.0,1.0,B,M,timber,node60node111,4,0.0
M_node60node111_timber_t5,0.0,1.0,B,M,timber,node60node111,5,0.0
M_node60node111_wide_t0,0.0,0.0,B,M,wide,node60node111,0,0.0
M_node60node111_wide_t1,0.0,1.0,B,M,wide,node60node111,1,0.0
M_node60node111_wide_t2,0.0,1.0,B,M,wide,node60node111,2,0.0
M_node60node111_wide_t3,0.0,1.0,B,M,wide,node60node111,3,0.0
M_node60node111_wide_t4,0.0,1.0,B,M,wide,node60node111,4,0.0
M_node60node111_wide_t5,0.0,1.0,B,M,wide,node60node111,5,0.0
M_node61node75_timber_t0,0.0,0.0,B,M,timber,node61node75,0,127.0
M_node61node75_timber_t1,0.0,1.0,B,M,timber,node61node75,1,106.93
M_node61node75_timber_t2,0.0,1.0,B,M,timber,node61node75,2,75.81
M_node61node75_timber_t3,0.0,1.0,B,M,timber,node61node75,3,53.74
M_node61node75_timber_t4,0.0,1.0,B,M,timber,node61node75,4,38.1
M_node61node75_timber_t5,0.0,1.0,B,M,timber,node61node75,5,27.01
M_node61node75_wide_t0,0.0,0.0,B,M,wide,node61node75,0,127.0
M_node61node75_wide_t1,0.0,1.0,B,M,wide,node61node75,1,106.93
M_node61node75_wide_t2,0.0,1.0,B,M,wide,node61node75,2,75.81
M_node61node75_wide_t3,0.0,1.0,B,M,wide,node61node75,3,53.74
M_node61node75_wide_t4,0.0,1.0,B,M,wide,node61node75,4,38.1
M_node61node75_wide_t5,0.0,1.0,B,M,wide,node61node75,5,27.01
M_node61node77_timber_t0,0.0,0.0,B,M,timber,node61node77,0,802.0
M_node61node77_timber_t1,0.0,1.0,B,M,timber,node61node77,1,675.26
M_node61node77_timber_t2,0.0,1.0,B,M,timber,node61node77,2,478.71
M_node61node77_timber_t3,0.0,1.0,B,M,timber,node61node77,3,339.36
M_node61node77_timber_t4,0.0,1.0,B,M,timber,node61node77,4,240.58
M_node61node77_timber_t5,0.0,1.0,B,M,timber,node61node77,5,170.55
M_node61node77_wide_t0,0.0,0.0,B,M,wide,node61node77,0,802.0
M_node61node77_wide_t1,0.0,1.0,B,M,wide,node61node77,1,675.26
M_node61node77_wide_t2,0.0,1.0,B,M,wide,node61node77,2,478.71
M_node61node77_wide_t3,0.0,1.0,B,M,wide,node61node77,3,339.36
M_node61node77_wide_t4,0.0,1.0,B,M,wide,node61node77,4,240.58
M_node61node77_wide_t5,0.0,1.0,B,M,wide,node61node77,5,170.55
M_node61node99_timber_t0,0.0,0.0,B,M,timber,node61node99,0,0.0
M_node61node99_timber_t1,0.0,1.0,B,M,timber,node61node99,1,0.0
M_node61node99_timber_t2,0.0,1.0,B,M,timber,node61node99,2,0.0
M_node61node99_timber_t3,0.0,1.0,B,M,timber,node61node99,3,0.0
M_node61node99_timber_t4,0.0,1.0,B,M,timber,node61node99,4,0.0
M_node61node99_timber_t5,0.0,1.0,B,M,timber,node61node99,5,0.0
M_node61node99_wide_t0,0.0,0.0,B,M,wide,node61node99,0,0.0
M_node61node99_wide_t1,0.0,1.0,B,M,wide,node61node99,1,0.0
M_node61node99_wide_t2,0.0,1.0,B,M,wide,node61node99,2,0.0
M_node61node99_wide_t3,0.0,1.0,B,M,wide,node61node99,3,0.0
M_node61node99_wide_t4,0.0,1.0,B,M,wide,node61node99,4,0.0
M_node61node99_wide_t5,0.0,1.0,B,M,wide,node61node99,5,0.0
M_node61node100_timber_t0,0.0,0.0,B,M,timber,node61node100,0,0.0
M_node61node100_timber_t1,0.0,1.0,B,M,timber,node61node100,1,0.0
M_node61node100_timber_t2,0.0,1.0,B,M,timber,node61node100,2,0.0
M_node61node100_timber_t3,0.0,1.0,B,M,timber,node61node100,3,0.0
M_node61node100_timber_t4,0.0,1.0,B,M,timber,node61node100,4,0.0
M_node61node100_timber_t5,0.0,1.0,B,M,timber,node61node100,5,0.0
M_node61node100_wide_t0,0.0,0.0,B,M,wide,node61node100,0,0.0
M_node61node100_wide_t1,0.0,1.0,B,M,wide,node61node100,1,0.0
M_node61node100_wide_t2,0.0,1.0,B,M,wide,node61node100,2,0.0
M_node61node100_wide_t3,0.0,1.0,B,M,wide,node61node100,3,0.0
M_node61node100_wide_t4,0.0,1.0,B,M,wide,node61node100,4,0.0
M_node61node100_wide_t5,0.0,1.0,B,M,wide,node61node100,5,0.0
M_node62node64_timber_t0,0.0,0.0,B,M,timber,node62node64,0,484.0
M_node62node64_timber_t1,0.0,1.0,B,M,timber,node62node64,1,407.52
M_node62node64_timber_t2,0.0,1.0,B,M,timber,node62node64,2,288.9
M_node62node64_timber_t3,0.0,1.0,B,M,timber,node62node64,3,204.8
M_node62node64_timber_t4,0.0,1.0,B,M,timber,node62node64,4,145.19
M_node62node64_timber_t5,0.0,1.0,B,M,timber,node62node64,5,102.93
M_node62node64_wide_t0,0.0,0.0,B,M,wide,node62node64,0,484.0
M_node62node64_wide_t1,0.0,1.0,B,M,wide,node62node64,1,407.52
M_node62node64_wide_t2,0.0,1.0,B,M,wide,node62node64,2,288.9
M_node62node64_wide_t3,0.0,1.0,B,M,wide,node62node64,3,204.8
M_node62node64_wide_t4,0.0,1.0,B,M,wide,node62node64,4,145.19
M_node62node64_wide_t5,0.0,1.0,B,M,wide,node62node64,5,102.93
M_node62node63_timber_t0,0.0,0.0,B,M,timber,node62node63,0,2711.0
M_node62node63_timber_t1,0.0,1.0,B,M,timber,node62node63,1,2282.59
M_node62node63_timber_t2,0.0,1.0,B,M,timber,node62node63,2,1618.17
M_node62node63_timber_t3,0.0,1.0,B,M,timber,node62node63,3,1147.15
M_node62node63_timber_t4,0.0,1.0,B,M,timber,node62node63,4,813.24
M_node62node63_timber_t5,0.0,1.0,B,M,timber,node62node63,5,576.52
M_node62node63_wide_t0,0.0,0.0,B,M,wide,node62node63,0,2711.0
M_node62node63_wide_t1,0.0,1.0,B,M,wide,node62node63,1,2282.59
M_node62node63_wide_t2,0.0,1.0,B,M,wide,node62node63,2,1618.17
M_node62node63_wide_t3,0.0,1.0,B,M,wide,node62node63,3,1147.15
M_node62node63_wide_t4,0.0,1.0,B,M,wide,node62node63,4,813.24
M_node62node63_wide_t5,0.0,1.0,B,M,wide,node62node63,5,576.52
M_node62node90_timber_t0,0.0,0.0,B,M,timber,node62node90,0,0.0
M_node62node90_timber_t1,0.0,1.0,B,M,timber,node62node90,1,0.0
M_node62node90_timber_t2,0.0,1.0,B,M,timber,node62node90,2,0.0
M_node62node90_timber_t3,0.0,1.0,B,M,timber,node62node90,3,0.0
M_node62node90_timber_t4,0.0,1.0,B,M,timber,node62node90,4,0.0
M_node62node90_timber_t5,0.0,1.0,B,M,timber,node62node90,5,0.0
M_node62node90_wide_t0,0.0,0.0,B,M,wide,node62node90,0,0.0
M_node62node90_wide_t1,0.0,1.0,B,M,wide,node62node90,1,0.0
M_node62node90_wide_t2,0.0,1.0,B,M,wide,node62node90,2,0.0
M_node62node90_wide_t3,0.0,1.0,B,M,wide,node62node90,3,0.0
M_node62node90_wide_t4,0.0,1.0,B,M,wide,node62node90,4,0.0
M_node62node90_wide_t5,0.0,1.0,B,M,wide,node62node90,5,0.0
M_node63node90_timber_t0,0.0,0.0,B,M,timber,node63node90,0,0.0
M_node63node90_timber_t1,0.0,1.0,B,M,timber,node63node90,1,0.0
M_node63node90_timber_t2,0.0,1.0,B,M,timber,node63node90,2,0.0
M_node63node90_timber_t3,0.0,1.0,B,M,timber,node63node90,3,0.0
M_node63node90_timber_t4,0.0,1.0,B,M,timber,node63node90,4,0.0
M_node63node90_timber_t5,0.0,1.0,B,M,timber,node63node90,5,0.0
M_node63node90_wide_t0,0.0,0.0,B,M,wide,node63node90,0,0.0
M_node63node90_wide_t1,0.0,1.0,B,M,wide,node63node90,1,0.0
M_node63node90_wide_t2,0.0,1.0,B,M,wide,node63node90,2,0.0
M_node63node90_wide_t3,0.0,1.0,B,M,wide,node63node90,3,0.0
M_node63node90_wide_t4,0.0,1.0,B,M,wide,node63node90,4,0.0
M_node63node90_wide_t5,0.0,1.0,B,M,wide,node63node90,5,0.0
M_node64node90_timber_t0,0.0,0.0,B,M,timber,node64node90,0,0.0
M_node64node90_timber_t1,0.0,1.0,B,M,timber,node64node90,1,0.0
M_node64node90_timber_t2,0.0,1.0,B,M,timber,node64node90,2,0.0
M_node64node90_timber_t3,0.0,1.0,B,M,timber,node64node90,3,0.0
M_node64node90_timber_t4,0.0,1.0,B,M,timber,node64node90,4,0.0
M_node64node90_timber_t5,0.0,1.0,B,M,timber,node64node90,5,0.0
M_node64node90_wide_t0,0.0,0.0,B,M,wide,node64node90,0,0.0
M_node64node90_wide_t1,0.0,1.0,B,M,wide,node64node90,1,0.0
M_node64node90_wide_t2,0.0,1.0,B,M,wide,node64node90,2,0.0
M_node64node90_wide_t3,0.0,1.0,B,M,wide,node64node90,3,0.0
M_node64node90_wide_t4,0.0,1.0,B,M,wide,node64node90,4,0.0
M_node64node90_wide_t5,0.0,1.0,B,M,wide,node64node90,5,0.0
M_node65node91_timber_t0,0.0,0.0,B,M,timber,node65node91,0,0.0
M_node65node91_timber_t1,0.0,1.0,B,M,timber,node65node91,1,0.0
M_node65node91_timber_t2,0.0,1.0,B,M,timber,node65node91,2,0.0
M_node65node91_timber_t3,0.0,1.0,B,M,timber,node65node91,3,0.0
M_node65node91_timber_t4,0.0,1.0,B,M,timber,node65node91,4,0.0
M_node65node91_timber_t5,0.0,1.0,B,M,timber,node65node91,5,0.0
M_node65node91_wide_t0,0.0,0.0,B,M,wide,node65node91,0,0.0
M_node65node91_wide_t1,0.0,1.0,B,M,wide,node65node91,1,0.0
M_node65node91_wide_t2,0.0,1.0,B,M,wide,node65node91,2,0.0
M_node65node91_wide_t3,0.0,1.0,B,M,wide,node65node91,3,0.0
M_node65node91_wide_t4,0.0,1.0,B,M,wide,node65node91,4,0.0
M_node65node91_wide_t5,0.0,1.0,B,M,wide,node65node91,5,0.0
M_node66node69_timber_t0,0.0,0.0,B,M,timber,node66node69,0,129.0
M_node66node69_timber_t1,0.0,1.0,B,M,timber,node66node69,1,108.61
M_node66node69_timber_t2,0.0,1.0,B,M,timber,node66node69,2,77.0
M_node66node69_timber_t3,0.0,1.0,B,M,timber,node66node69,3,54.59
M_node66node69_timber_t4,0.0,1.0,B,M,timber,node66node69,4,38.7
M_node66node69_timber_t5,0.0,1.0,B,M,timber,node66node69,5,27.43
M_node66node69_wide_t0,0.0,0.0,B,M,wide,node66node69,0,129.0
M_node66node69_wide_t1,0.0,1.0,B,M,wide,node66node69,1,108.61
M_node66node69_wide_t2,0.0,1.0,B,M,wide,node66node69,2,77.0
M_node66node69_wide_t3,0.0,1.0,B,M,wide,node66node69,3,54.59
M_node66node69_wide_t4,0.0,1.0,B,M,wide,node66node69,4,38.7
M_node66node69_wide_t5,0.0,1.0,B,M,wide,node66node69,5,27.43
M_node66node68_timber_t0,0.0,0.0,B,M,timber,node66node68,0,154.0
M_node66node68_timber_t1,0.0,1.0,B,M,timber,node66node68,1,129.66
M_node66node68_timber_t2,0.0,1.0,B,M,timber,node66node68,2,91.92
M_node66node68_timber_t3,0.0,1.0,B,M,timber,node66node68,3,65.16
M_node66node68_timber_t4,0.0,1.0,B,M,timber,node66node68,4,46.2
M_node66node68_timber_t5,0.0,1.0,B,M,timber,node66node68,5,32.75
M_node66node68_wide_t0,0.0,0.0,B,M,wide,node66node68,0,154.0
M_node66node68_wide_t1,0.0,1.0,B,M,wide,node66node68,1,129.66
M_node66node68_wide_t2,0.0,1.0,B,M,wide,node66node68,2,91.92
M_node66node68_wide_t3,0.0,1.0,B,M,wide,node66node68,3,65.16
M_node66node68_wide_t4,0.0,1.0,B,M,wide,node66node68,4,46.2
M_node66node68_wide_t5,0.0,1.0,B,M,wide,node66node68,5,32.75
M_node66node94_timber_t0,0.0,0.0,B,M,timber,node66node94,0,0.0
M_node66node94_timber_t1,0.0,1.0,B,M,timber,node66node94,1,0.0
M_node66node94_timber_t2,0.0,1.0,B,M,timber,node66node94,2,0.0
M_node66node94_timber_t3,0.0,1.0,B,M,timber,node66node94,3,0.0
M_node66node94_timber_t4,0.0,1.0,B,M,timber,node66node94,4,0.0
M_node66node94_timber_t5,0.0,1.0,B,M,timber,node66node94,5,0.0
M_node66node94_wide_t0,0.0,0.0,B,M,wide,node66node94,0,0.0
M_node66node94_wide_t1,0.0,1.0,B,M,wide,node66node94,1,0.0
M_node66node94_wide_t2,0.0,1.0,B,M,wide,node66node94,2,0.0
M_node66node94_wide_t3,0.0,1.0,B,M,wide,node66node94,3,0.0
M_node66node94_wide_t4,0.0,1.0,B,M,wide,node66node94,4,0.0
M_node66node94_wide_t5,0.0,1.0,B,M,wide,node66node94,5,0.0
M_node67node68_timber_t0,0.0,0.0,B,M,timber,node67node68,0,154.0
M_node67node68_timber_t1,0.0,1.0,B,M,timber,node67node68,1,129.66
M_node67node68_timber_t2,0.0,1.0,B,M,timber,node67node68,2,91.92
M_node67node68_timber_t3,0.0,1.0,B,M,timber,node67node68,3,65.16
M_node67node68_timber_t4,0.0,1.0,B,M,timber,node67node68,4,46.2
M_node67node68_timber_t5,0.0,1.0,B,M,timber,node67node68,5,32.75
M_node67node68_wide_t0,0.0,0.0,B,M,wide,node67node68,0,154.0
M_node67node68_wide_t1,0.0,1.0,B,M,wide,node67node68,1,129.66
M_node67node68_wide_t2,0.0,1.0,B,M,wide,node67node68,2,91.92
M_node67node68_wide_t3,0.0,1.0,B,M,wide,node67node68,3,65.16
M_node67node68_wide_t4,0.0,1.0,B,M,wide,node67node68,4,46.2
M_node67node68_wide_t5,0.0,1.0,B,M,wide,node67node68,5,32.75
M_node67node94_timber_t0,0.0,0.0,B,M,timber,node67node94,0,0.0
M_node67node94_timber_t1,0.0,1.0,B,M,timber,node67node94,1,0.0
M_node67node94_timber_t2,0.0,1.0,B,M,timber,node67node94,2,0.0
M_node67node94_timber_t3,0.0,1.0,B,M,timber,node67node94,3,0.0
M_node67node94_timber_t4,0.0,1.0,B,M,timber,node67node94,4,0.0
M_node67node94_timber_t5,0.0,1.0,B,M,timber,node67node94,5,0.0
M_node67node94_wide_t0,0.0,0.0,B,M,wide,node67node94,0,0.0
M_node67node94_wide_t1,0.0,1.0,B,M,wide,node67node94,1,0.0
M_node67node94_wide_t2,0.0,1.0,B,M,wide,node67node94,2,0.0
M_node67node94_wide_t3,0.0,1.0,B,M,wide,node67node94,3,0.0
M_node67node94_wide_t4,0.0,1.0,B,M,wide,node67node94,4,0.0
M_node67node94_wide_t5,0.0,1.0,B,M,wide,node67node94,5,0.0
M_node68node94_timber_t0,0.0,0.0,B,M,timber,node68node94,0,0.0
M_node68node94_timber_t1,0.0,1.0,B,M,timber,node68node94,1,0.0
M_node68node94_timber_t2,0.0,1.0,B,M,timber,node68node94,2,0.0
M_node68node94_timber_t3,0.0,1.0,B,M,timber,node68node94,3,0.0
M_node68node94_timber_t4,0.0,1.0,B,M,timber,node68node94,4,0.0
M_node68node94_timber_t5,0.0,1.0,B,M,timber,node68node94,5,0.0
M_node68node94_wide_t0,0.0,0.0,B,M,wide,node68node94,0,0.0
M_node68node94_wide_t1,0.0,1.0,B,M,wide,node68node94,1,0.0
M_node68node94_wide_t2,0.0,1.0,B,M,wide,node68node94,2,0.0
M_node68node94_wide_t3,0.0,1.0,B,M,wide,node68node94,3,0.0
M_node68node94_wide_t4,0.0,1.0,B,M,wide,node68node94,4,0.0
M_node68node94_wide_t5,0.0,1.0,B,M,wide,node68node94,5,0.0
M_node69node70_timber_t0,0.0,0.0,B,M,timber,node69node70,0,494.0
M_node69node70_timber_t1,0.0,1.0,B,M,timber,node69node70,1,415.93
M_node69node70_timber_t2,0.0,1.0,B,M,timber,node69node70,2,294.86
M_node69node70_timber_t3,0.0,1.0,B,M,timber,node69node70,3,209.03
M_node69node70_timber_t4,0.0,1.0,B,M,timber,node69node70,4,148.19
M_node69node70_timber_t5,0.0,1.0,B,M,timber,node69node70,5,105.05
M_node69node70_wide_t0,0.0,0.0,B,M,wide,node69node70,0,494.0
M_node69node70_wide_t1,0.0,1.0,B,M,wide,node69node70,1,415.93
M_node69node70_wide_t2,0.0,1.0,B,M,wide,node69node70,2,294.86
M_node69node70_wide_t3,0.0,1.0,B,M,wide,node69node70,3,209.03
M_node69node70_wide_t4,0.0,1.0,B,M,wide,node69node70,4,148.19
M_node69node70_wide_t5,0.0,1.0,B,M,wide,node69node70,5,105.05
M_node69node94_timber_t0,0.0,0.0,B,M,timber,node69node94,0,0.0
M_node69node94_timber_t1,0.0,1.0,B,M,timber,node69node94,1,0.0
M_node69node94_timber_t2,0.0,1.0,B,M,timber,node69node94,2,0.0
M_node69node94_timber_t3,0.0,1.0,B,M,timber,node69node94,3,0.0
M_node69node94_timber_t4,0.0,1.0,B,M,timber,node69node94,4,0.0
M_node69node94_timber_t5,0.0,1.0,B,M,timber,node69node94,5,0.0
M_node69node94_wide_t0,0.0,0.0,B,M,wide,node69node94,0,0.0
M_node69node94_wide_t1,0.0,1.0,B,M,wide,node69node94,1,0.0
M_node69node94_wide_t2,0.0,1.0,B,M,wide,node69node94,2,0.0
M_node69node94_wide_t3,0.0,1.0,B,M,wide,node69node94,3,0.0
M_node69node94_wide_t4,0.0,1.0,B,M,wide,node69node94,4,0.0
M_node69node94_wide_t5,0.0,1.0,B,M,wide,node69node94,5,0.0
M_node70node94_timber_t0,0.0,0.0,B,M,timber,node70node94,0,0.0
M_node70node94_timber_t1,0.0,1.0,B,M,timber,node70node94,1,0.0
M_node70node94_timber_t2,0.0,1.0,B,M,timber,node70node94,2,0.0
M_node70node94_timber_t3,0.0,1.0,B,M,timber,node70node94,3,0.0
M_node70node94_timber_t4,0.0,1.0,B,M,timber,node70node94,4,0.0
M_node70node94_timber_t5,0.0,1.0,B,M,timber,node70node94,5,0.0
M_node70node94_wide_t0,0.0,0.0,B,M,wide,node70node94,0,0.0
M_node70node94_wide_t1,0.0,1.0,B,M,wide,node70node94,1,0.0
M_node70node94_wide_t2,0.0,1.0,B,M,wide,node70node94,2,0.0
M_node70node94_wide_t3,0.0,1.0,B,M,wide,node70node94,3,0.0
M_node70node94_wide_t4,0.0,1.0,B,M,wide,node70node94,4,0.0
M_node70node94_wide_t5,0.0,1.0,B,M,wide,node70node94,5,0.0
M_node71node72_timber_t0,0.0,0.0,B,M,timber,node71node72,0,134.0
M_node71node72_timber_t1,0.0,1.0,B,M,timber,node71node72,1,112.82
M_node71node72_timber_t2,0.0,1.0,B,M,timber,node71node72,2,79.98
M_node71node72_timber_t3,0.0,1.0,B,M,timber,node71node72,3,56.7
M_node71node72_timber_t4,0.0,1.0,B,M,timber,node71node72,4,40.2
M_node71node72_timber_t5,0.0,1.0,B,M,timber,node71node72,5,28.5
M_node71node72_wide_t0,0.0,0.0,B,M,wide,node71node72,0,134.0
M_node71node72_wide_t1,0.0,1.0,B,M,wide,node71node72,1,112.82
M_node71node72_wide_t2,0.0,1.0,B,M,wide,node71node72,2,79.98
M_node71node72_wide_t3,0.0,1.0,B,M,wide,node71node72,3,56.7
M_node71node72_wide_t4,0.0,1.0,B,M,wide,node71node72,4,40.2
M_node71node72_wide_t5,0.0,1.0,B,M,wide,node71node72,5,28.5
M_node71node97_timber_t0,0.0,0.0,B,M,timber,node71node97,0,0.0
M_node71node97_timber_t1,0.0,1.0,B,M,timber,node71node97,1,0.0
M_node71node97_timber_t2,0.0,1.0,B,M,timber,node71node97,2,0.0
M_node71node97_timber_t3,0.0,1.0,B,M,timber,node71node97,3,0.0
M_node71node97_timber_t4,0.0,1.0,B,M,timber,node71node97,4,0.0
M_node71node97_timber_t5,0.0,1.0,B,M,timber,node71node97,5,0.0
M_node71node97_wide_t0,0.0,0.0,B,M,wide,node71node97,0,0.0
M_node71node97_wide_t1,0.0,1.0,B,M,wide,node71node97,1,0.0
M_node71node97_wide_t2,0.0,1.0,B,M,wide,node71node97,2,0.0
M_node71node97_wide_t3,0.0,1.0,B,M,wide,node71node97,3,0.0
M_node71node97_wide_t4,0.0,1.0,B,M,wide,node71node97,4,0.0
M_node71node97_wide_t5,0.0,1.0,B,M,wide,node71node97,5,0.0
M_node72node97_timber_t0,0.0,0.0,B,M,timber,node72node97,0,0.0
M_node72node97_timber_t1,0.0,1.0,B,M,timber,node72node97,1,0.0
M_node72node97_timber_t2,0.0,1.0,B,M,timber,node72node97,2,0.0
M_node72node97_timber_t3,0.0,1.0,B,M,timber,node72node97,3,0.0
M_node72node97_timber_t4,0.0,1.0,B,M,timber,node72node97,4,0.0
M_node72node97_timber_t5,0.0,1.0,B,M,timber,node72node97,5,0.0
M_node72node97_wide_t0,0.0,0.0,B,M,wide,node72node97,0,0.0
M_node72node97_wide_t1,0.0,1.0,B,M,wide,node72node97,1,0.0
M_node72node97_wide_t2,0.0,1.0,B,M,wide,node72node97,2,0.0
M_node72node97_wide_t3,0.0,1.0,B,M,wide,node72node97,3,0.0
M_node72node97_wide_t4,0.0,1.0,B,M,wide,node72node97,4,0.0
M_node72node97_wide_t5,0.0,1.0,B,M,wide,node72node97,5,0.0
M_node73node74_timber_t0,0.0,0.0,B,M,timber,node73node74,0,582.0
M_node73node74_timber_t1,0.0,1.0,B,M,timber,node73node74,1,490.03
M_node73node74_timber_t2,0.0,1.0,B,M,timber,node73node74,2,347.39
M_node73node74_timber_t3,0.0,1.0,B,M,timber,node73node74,3,246.27
M_node73node74_timber_t4,0.0,1.0,B,M,timber,node73node74,4,174.59
M_node73node74_timber_t5,0.0,1.0,B,M,timber,node73node74,5,123.77
M_node73node74_wide_t0,0.0,0.0,B,M,wide,node73node74,0,582.0
M_node73node74_wide_t1,0.0,1.0,B,M,wide,node73node74,1,490.03
M_node73node74_wide_t2,0.0,1.0,B,M,wide,node73node74,2,347.39
M_node73node74_wide_t3,0.0,1.0,B,M,wide,node73node74,3,246.27
M_node73node74_wide_t4,0.0,1.0,B,M,wide,node73node74,4,174.59
M_node73node74_wide_t5,0.0,1.0,B,M,wide,node73node74,5,123.77
M_node73node98_timber_t0,0.0,0.0,B,M,timber,node73node98,0,0.0
M_node73node98_timber_t1,0.0,1.0,B,M,timber,node73node98,1,0.0
M_node73node98_timber_t2,0.0,1.0,B,M,timber,node73node98,2,0.0
M_node73node98_timber_t3,0.0,1.0,B,M,timber,node73node98,3,0.0
M_node73node98_timber_t4,0.0,1.0,B,M,timber,node73node98,4,0.0
M_node73node98_timber_t5,0.0,1.0,B,M,timber,node73node98,5,0.0
M_node73node98_wide_t0,0.0,0.0,B,M,wide,node73node98,0,0.0
M_node73node98_wide_t1,0.0,1.0,B,M,wide,node73node98,1,0.0
M_node73node98_wide_t2,0.0,1.0,B,M,wide,node73node98,2,0.0
M_node73node98_wide_t3,0.0,1.0,B,M,wide,node73node98,3,0.0
M_node73node98_wide_t4,0.0,1.0,B,M,wide,node73node98,4,0.0
M_node73node98_wide_t5,0.0,1.0,B,M,wide,node73node98,5,0.0
M_node74node98_timber_t0,0.0,0.0,B,M,timber,node74node98,0,0.0
M_node74node98_timber_t1,0.0,1.0,B,M,timber,node74node98,1,0.0
M_node74node98_timber_t2,0.0,1.0,B,M,timber,node74node98,2,0.0
M_node74node98_timber_t3,0.0,1.0,B,M,timber,node74node98,3,0.0
M_node74node98_timber_t4,0.0,1.0,B,M,timber,node74node98,4,0.0
M_node74node98_timber_t5,0.0,1.0,B,M,timber,node74node98,5,0.0
M_node74node98_wide_t0,0.0,0.0,B,M,wide,node74node98,0,0.0
M_node74node98_wide_t1,0.0,1.0,B,M,wide,node74node98,1,0.0
M_node74node98_wide_t2,0.0,1.0,B,M,wide,node74node98,2,0.0
M_node74node98_wide_t3,0.0,1.0,B,M,wide,node74node98,3,0.0
M_node74node98_wide_t4,0.0,1.0,B,M,wide,node74node98,4,0.0
M_node74node98_wide_t5,0.0,1.0,B,M,wide,node74node98,5,0.0
M_node75node99_timber_t0,0.0,0.0,B,M,timber,node75node99,0,0.0
M_node75node99_timber_t1,0.0,1.0,B,M,timber,node75node99,1,0.0
M_node75node99_timber_t2,0.0,1.0,B,M,timber,node75node99,2,0.0
M_node75node99_timber_t3,0.0,1.0,B,M,timber,node75node99,3,0.0
M_node75node99_timber_t4,0.0,1.0,B,M,timber,node75node99,4,0.0
M_node75node99_timber_t5,0.0,1.0,B,M,timber,node75node99,5,0.0
M_node75node99_wide_t0,0.0,0.0,B,M,wide,node75node99,0,0.0
M_node75node99_wide_t1,0.0,1.0,B,M,wide,node75node99,1,0.0
M_node75node99_wide_t2,0.0,1.0,B,M,wide,node75node99,2,0.0
M_node75node99_wide_t3,0.0,1.0,B,M,wide,node75node99,3,0.0
M_node75node99_wide_t4,0.0,1.0,B,M,wide,node75node99,4,0.0
M_node75node99_wide_t5,0.0,1.0,B,M,wide,node75node99,5,0.0
M_node75node100_timber_t0,0.0,0.0,B,M,timber,node75node100,0,0.0
M_node75node100_timber_t1,0.0,1.0,B,M,timber,node75node100,1,0.0
M_node75node100_timber_t2,0.0,1.0,B,M,timber,node75node100,2,0.0
M_node75node100_timber_t3,0.0,1.0,B,M,timber,node75node100,3,0.0
M_node75node100_timber_t4,0.0,1.0,B,M,timber,node75node100,4,0.0
M_node75node100_timber_t5,0.0,1.0,B,M,timber,node75node100,5,0.0
M_node75node100_wide_t0,0.0,0.0,B,M,wide,node75node100,0,0.0
M_node75node100_wide_t1,0.0,1.0,B,M,wide,node75node100,1,0.0
M_node75node100_wide_t2,0.0,1.0,B,M,wide,node75node100,2,0.0
M_node75node100_wide_t3,0.0,1.0,B,M,wide,node75node100,3,0.0
M_node75node100_wide_t4,0.0,1.0,B,M,wide,node75node100,4,0.0
M_node75node100_wide_t5,0.0,1.0,B,M,wide,node75node100,5,0.0
M_node76node77_timber_t0,0.0,0.0,B,M,timber,node76node77,0,205.0
M_node76node77_timber_t1,0.0,1.0,B,M,timber,node76node77,1,172.6
M_node76node77_timber_t2,0.0,1.0,B,M,timber,node76node77,2,122.36
M_node76node77_timber_t3,0.0,1.0,B,M,timber,node76node77,3,86.75
M_node76node77_timber_t4,0.0,1.0,B,M,timber,node76node77,4,61.5
M_node76node77_timber_t5,0.0,1.0,B,M,timber,node76node77,5,43.6
M_node76node77_wide_t0,0.0,0.0,B,M,wide,node76node77,0,205.0
M_node76node77_wide_t1,0.0,1.0,B,M,wide,node76node77,1,172.6
M_node76node77_wide_t2,0.0,1.0,B,M,wide,node76node77,2,122.36
M_node76node77_wide_t3,0.0,1.0,B,M,wide,node76node77,3,86.75
M_node76node77_wide_t4,0.0,1.0,B,M,wide,node76node77,4,61.5
M_node76node77_wide_t5,0.0,1.0,B,M,wide,node76node77,5,43.6
M_node76node99_timber_t0,0.0,0.0,B,M,timber,node76node99,0,0.0
M_node76node99_timber_t1,0.0,1.0,B,M,timber,node76node99,1,0.0
M_node76node99_timber_t2,0.0,1.0,B,M,timber,node76node99,2,0.0
M_node76node99_timber_t3,0.0,1.0,B,M,timber,node76node99,3,0.0
M_node76node99_timber_t4,0.0,1.0,B,M,timber,node76node99,4,0.0
M_node76node99_timber_t5,0.0,1.0,B,M,timber,node76node99,5,0.0
M_node76node99_wide_t0,0.0,0.0,B,M,wide,node76node99,0,0.0
M_node76node99_wide_t1,0.0,1.0,B,M,wide,node76node99,1,0.0
M_node76node99_wide_t2,0.0,1.0,B,M,wide,node76node99,2,0.0
M_node76node99_wide_t3,0.0,1.0,B,M,wide,node76node99,3,0.0
M_node76node99_wide_t4,0.0,1.0,B,M,wide,node76node99,4,0.0
M_node76node99_wide_t5,0.0,1.0,B,M,wide,node76node99,5,0.0
M_node76node100_timber_t0,0.0,0.0,B,M,timber,node76node100,0,0.0
M_node76node100_timber_t1,0.0,1.0,B,M,timber,node76node100,1,0.0
M_node76node100_timber_t2,0.0,1.0,B,M,timber,node76node100,2,0.0
M_node76node100_timber_t3,0.0,1.0,B,M,timber,node76node100,3,0.0
M_node76node100_timber_t4,0.0,1.0,B,M,timber,node76node100,4,0.0
M_node76node100_timber_t5,0.0,1.0,B,M,timber,node76node100,5,0.0
M_node76node100_wide_t0,0.0,0.0,B,M,wide,node76node100,0,0.0
M_node76node100_wide_t1,0.0,1.0,B,M,wide,node76node100,1,0.0
M_node76node100_wide_t2,0.0,1.0,B,M,wide,node76node100,2,0.0
M_node76node100_wide_t3,0.0,1.0,B,M,wide,node76node100,3,0.0
M_node76node100_wide_t4,0.0,1.0,B,M,wide,node76node100,4,0.0
M_node76node100_wide_t5,0.0,1.0,B,M,wide,node76node100,5,0.0
M_node77node99_timber_t0,0.0,0.0,B,M,timber,node77node99,0,0.0
M_node77node99_timber_t1,0.0,1.0,B,M,timber,node77node99,1,0.0
M_node77node99_timber_t2,0.0,1.0,B,M,timber,node77node99,2,0.0
M_node77node99_timber_t3,0.0,1.0,B,M,timber,node77node99,3,0.0
M_node77node99_timber_t4,0.0,1.0,B,M,timber,node77node99,4,0.0
M_node77node99_timber_t5,0.0,1.0,B,M,timber,node77node99,5,0.0
M_node77node99_wide_t0,0.0,0.0,B,M,wide,node77node99,0,0.0
M_node77node99_wide_t1,0.0,1.0,B,M,wide,node77node99,1,0.0
M_node77node99_wide_t2,0.0,1.0,B,M,wide,node77node99,2,0.0
M_node77node99_wide_t3,0.0,1.0,B,M,wide,node77node99,3,0.0
M_node77node99_wide_t4,0.0,1.0,B,M,wide,node77node99,4,0.0
M_node77node99_wide_t5,0.0,1.0,B,M,wide,node77node99,5,0.0
M_node77node100_timber_t0,0.0,0.0,B,M,timber,node77node100,0,0.0
M_node77node100_timber_t1,0.0,1.0,B,M,timber,node77node100,1,0.0
M_node77node100_timber_t2,0.0,1.0,B,M,timber,node77node100,2,0.0
M_node77node100_timber_t3,0.0,1.0,B,M,timber,node77node100,3,0.0
M_node77node100_timber_t4,0.0,1.0,B,M,timber,node77node100,4,0.0
M_node77node100_timber_t5,0.0,1.0,B,M,timber,node77node100,5,0.0
M_node77node100_wide_t0,0.0,0.0,B,M,wide,node77node100,0,0.0
M_node77node100_wide_t1,0.0,1.0,B,M,wide,node77node100,1,0.0
M_node77node100_wide_t2,0.0,1.0,B,M,wide,node77node100,2,0.0
M_node77node100_wide_t3,0.0,1.0,B,M,wide,node77node100,3,0.0
M_node77node100_wide_t4,0.0,1.0,B,M,wide,node77node100,4,0.0
M_node77node100_wide_t5,0.0,1.0,B,M,wide,node77node100,5,0.0
M_node78node80_timber_t0,0.0,0.0,B,M,timber,node78node80,0,53.0
M_node78node80_timber_t1,0.0,1.0,B,M,timber,node78node80,1,44.62
M_node78node80_timber_t2,0.0,1.0,B,M,timber,node78node80,2,31.64
M_node78node80_timber_t3,0.0,1.0,B,M,timber,node78node80,3,22.43
M_node78node80_timber_t4,0.0,1.0,B,M,timber,node78node80,4,15.9
M_node78node80_timber_t5,0.0,1.0,B,M,timber,node78node80,5,11.27
M_node78node80_wide_t0,0.0,0.0,B,M,wide,node78node80,0,53.0
M_node78node80_wide_t1,0.0,1.0,B,M,wide,node78node80,1,44.62
M_node78node80_wide_t2,0.0,1.0,B,M,wide,node78node80,2,31.64
M_node78node80_wide_t3,0.0,1.0,B,M,wide,node78node80,3,22.43
M_node78node80_wide_t4,0.0,1.0,B,M,wide,node78node80,4,15.9
M_node78node80_wide_t5,0.0,1.0,B,M,wide,node78node80,5,11.27
M_node78node100_timber_t0,0.0,0.0,B,M,timber,node78node100,0,0.0
M_node78node100_timber_t1,0.0,1.0,B,M,timber,node78node100,1,0.0
M_node78node100_timber_t2,0.0,1.0,B,M,timber,node78node100,2,0.0
M_node78node100_timber_t3,0.0,1.0,B,M,timber,node78node100,3,0.0
M_node78node100_timber_t4,0.0,1.0,B,M,timber,node78node100,4,0.0
M_node78node100_timber_t5,0.0,1.0,B,M,timber,node78node100,5,0.0
M_node78node100_wide_t0,0.0,0.0,B,M,wide,node78node100,0,0.0
M_node78node100_wide_t1,0.0,1.0,B,M,wide,node78node100,1,0.0
M_node78node100_wide_t2,0.0,1.0,B,M,wide,node78node100,2,0.0
M_node78node100_wide_t3,0.0,1.0,B,M,wide,node78node100,3,0.0
M_node78node100_wide_t4,0.0,1.0,B,M,wide,node78node100,4,0.0
M_node78node100_wide_t5,0.0,1.0,B,M,wide,node78node100,5,0.0
M_node79node100_timber_t0,0.0,0.0,B,M,timber,node79node100,0,0.0
M_node79node100_timber_t1,0.0,1.0,B,M,timber,node79node100,1,0.0
M_node79node100_timber_t2,0.0,1.0,B,M,timber,node79node100,2,0.0
M_node79node100_timber_t3,0.0,1.0,B,M,timber,node79node100,3,0.0
M_node79node100_timber_t4,0.0,1.0,B,M,timber,node79node100,4,0.0
M_node79node100_timber_t5,0.0,1.0,B,M,timber,node79node100,5,0.0
M_node79node100_wide_t0,0.0,0.0,B,M,wide,node79node100,0,0.0
M_node79node100_wide_t1,0.0,1.0,B,M,wide,node79node100,1,0.0
M_node79node100_wide_t2,0.0,1.0,B,M,wide,node79node100,2,0.0
M_node79node100_wide_t3,0.0,1.0,B,M,wide,node79node100,3,0.0
M_node79node100_wide_t4,0.0,1.0,B,M,wide,node79node100,4,0.0
M_node79node100_wide_t5,0.0,1.0,B,M,wide,node79node100,5,0.0
M_node80node100_timber_t0,0.0,0.0,B,M,timber,node80node100,0,0.0
M_node80node100_timber_t1,0.0,1.0,B,M,timber,node80node100,1,0.0
M_node80node100_timber_t2,0.0,1.0,B,M,timber,node80node100,2,0.0
M_node80node100_timber_t3,0.0,1.0,B,M,timber,node80node100,3,0.0
M_node80node100_timber_t4,0.0,1.0,B,M,timber,node80node100,4,0.0
M_node80node100_timber_t5,0.0,1.0,B,M,timber,node80node100,5,0.0
M_node80node100_wide_t0,0.0,0.0,B,M,wide,node80node100,0,0.0
M_node80node100_wide_t1,0.0,1.0,B,M,wide,node80node100,1,0.0
M_node80node100_wide_t2,0.0,1.0,B,M,wide,node80node100,2,0.0
M_node80node100_wide_t3,0.0,1.0,B,M,wide,node80node100,3,0.0
M_node80node100_wide_t4,0.0,1.0,B,M,wide,node80node100,4,0.0
M_node80node100_wide_t5,0.0,1.0,B,M,wide,node80node100,5,0.0
M_node81node82_timber_t0,0.0,0.0,B,M,timber,node81node82,0,387.0
M_node81node82_timber_t1,0.0,1.0,B,M,timber,node81node82,1,325.84
M_node81node82_timber_t2,0.0,1.0,B,M,timber,node81node82,2,231.0
M_node81node82_timber_t3,0.0,1.0,B,M,timber,node81node82,3,163.76
M_node81node82_timber_t4,0.0,1.0,B,M,timber,node81node82,4,116.09
M_node81node82_timber_t5,0.0,1.0,B,M,timber,node81node82,5,82.3
M_node81node82_wide_t0,0.0,0.0,B,M,wide,node81node82,0,387.0
M_node81node82_wide_t1,0.0,1.0,B,M,wide,node81node82,1,325.84
M_node81node82_wide_t2,0.0,1.0,B,M,wide,node81node82,2,231.0
M_node81node82_wide_t3,0.0,1.0,B,M,wide,node81node82,3,163.76
M_node81node82_wide_t4,0.0,1.0,B,M,wide,node81node82,4,116.09
M_node81node82_wide_t5,0.0,1.0,B,M,wide,node81node82,5,82.3
M_node81node100_timber_t0,0.0,0.0,B,M,timber,node81node100,0,0.0
M_node81node100_timber_t1,0.0,1.0,B,M,timber,node81node100,1,0.0
M_node81node100_timber_t2,0.0,1.0,B,M,timber,node81node100,2,0.0
M_node81node100_timber_t3,0.0,1.0,B,M,timber,node81node100,3,0.0
M_node81node100_timber_t4,0.0,1.0,B,M,timber,node81node100,4,0.0
M_node81node100_timber_t5,0.0,1.0,B,M,timber,node81node100,5,0.0
M_node81node100_wide_t0,0.0,0.0,B,M,wide,node81node100,0,0.0
M_node81node100_wide_t1,0.0,1.0,B,M,wide,node81node100,1,0.0
M_node81node100_wide_t2,0.0,1.0,B,M,wide,node81node100,2,0.0
M_node81node100_wide_t3,0.0,1.0,B,M,wide,node81node100,3,0.0
M_node81node100_wide_t4,0.0,1.0,B,M,wide,node81node100,4,0.0
M_node81node100_wide_t5,0.0,1.0,B,M,wide,node81node100,5,0.0
M_node82node100_timber_t0,0.0,0.0,B,M,timber,node82node100,0,0.0
M_node82node100_timber_t1,0.0,1.0,B,M,timber,node82node100,1,0.0
M_node82node100_timber_t2,0.0,1.0,B,M,timber,node82node100,2,0.0
M_node82node100_timber_t3,0.0,1.0,B,M,timber,node82node100,3,0.0
M_node82node100_timber_t4,0.0,1.0,B,M,timber,node82node100,4,0.0
M_node82node100_timber_t5,0.0,1.0,B,M,timber,node82node100,5,0.0
M_node82node100_wide_t0,0.0,0.0,B,M,wide,node82node100,0,0.0
M_node82node100_wide_t1,0.0,1.0,B,M,wide,node82node100,1,0.0
M_node82node100_wide_t2,0.0,1.0,B,M,wide,node82node100,2,0.0
M_node82node100_wide_t3,0.0,1.0,B,M,wide,node82node100,3,0.0
M_node82node100_wide_t4,0.0,1.0,B,M,wide,node82node100,4,0.0
M_node82node100_wide_t5,0.0,1.0,B,M,wide,node82node100,5,0.0
M_node83node107_timber_t0,0.0,0.0,B,M,timber,node83node107,0,0.0
M_node83node107_timber_t1,0.0,1.0,B,M,timber,node83node107,1,0.0
M_node83node107_timber_t2,0.0,1.0,B,M,timber,node83node107,2,0.0
M_node83node107_timber_t3,0.0,1.0,B,M,timber,node83node107,3,0.0
M_node83node107_timber_t4,0.0,1.0,B,M,timber,node83node107,4,0.0
M_node83node107_timber_t5,0.0,1.0,B,M,timber,node83node107,5,0.0
M_node83node107_wide_t0,0.0,0.0,B,M,wide,node83node107,0,0.0
M_node83node107_wide_t1,0.0,1.0,B,M,wide,node83node107,1,0.0
M_node83node107_wide_t2,0.0,1.0,B,M,wide,node83node107,2,0.0
M_node83node107_wide_t3,0.0,1.0,B,M,wide,node83node107,3,0.0
M_node83node107_wide_t4,0.0,1.0,B,M,wide,node83node107,4,0.0
M_node83node107_wide_t5,0.0,1.0,B,M,wide,node83node107,5,0.0
M_node84node109_timber_t0,0.0,0.0,B,M,timber,node84node109,0,0.0
M_node84node109_timber_t1,0.0,1.0,B,M,timber,node84node109,1,0.0
M_node84node109_timber_t2,0.0,1.0,B,M,timber,node84node109,2,0.0
M_node84node109_timber_t3,0.0,1.0,B,M,timber,node84node109,3,0.0
M_node84node109_timber_t4,0.0,1.0,B,M,timber,node84node109,4,0.0
M_node84node109_timber_t5,0.0,1.0,B,M,timber,node84node109,5,0.0
M_node84node109_wide_t0,0.0,0.0,B,M,wide,node84node109,0,0.0
M_node84node109_wide_t1,0.0,1.0,B,M,wide,node84node109,1,0.0
M_node84node109_wide_t2,0.0,1.0,B,M,wide,node84node109,2,0.0
M_node84node109_wide_t3,0.0,1.0,B,M,wide,node84node109,3,0.0
M_node84node109_wide_t4,0.0,1.0,B,M,wide,node84node109,4,0.0
M_node84node109_wide_t5,0.0,1.0,B,M,wide,node84node109,5,0.0
M_node84node111_timber_t0,0.0,0.0,B,M,timber,node84node111,0,0.0
M_node84node111_timber_t1,0.0,1.0,B,M,timber,node84node111,1,0.0
M_node84node111_timber_t2,0.0,1.0,B,M,timber,node84node111,2,0.0
M_node84node111_timber_t3,0.0,1.0,B,M,timber,node84node111,3,0.0
M_node84node111_timber_t4,0.0,1.0,B,M,timber,node84node111,4,0.0
M_node84node111_timber_t5,0.0,1.0,B,M,timber,node84node111,5,0.0
M_node84node111_wide_t0,0.0,0.0,B,M,wide,node84node111,0,0.0
M_node84node111_wide_t1,0.0,1.0,B,M,wide,node84node111,1,0.0
M_node84node111_wide_t2,0.0,1.0,B,M,wide,node84node111,2,0.0
M_node84node111_wide_t3,0.0,1.0,B,M,wide,node84node111,3,0.0
M_node84node111_wide_t4,0.0,1.0,B,M,wide,node84node111,4,0.0
M_node84node111_wide_t5,0.0,1.0,B,M,wide,node84node111,5,0.0
M_node85node109_timber_t0,0.0,0.0,B,M,timber,node85node109,0,0.0
M_node85node109_timber_t1,0.0,1.0,B,M,timber,node85node109,1,0.0
M_node85node109_timber_t2,0.0,1.0,B,M,timber,node85node109,2,0.0
M_node85node109_timber_t3,0.0,1.0,B,M,timber,node85node109,3,0.0
M_node85node109_timber_t4,0.0,1.0,B,M,timber,node85node109,4,0.0
M_node85node109_timber_t5,0.0,1.0,B,M,timber,node85node109,5,0.0
M_node85node109_wide_t0,0.0,0.0,B,M,wide,node85node109,0,0.0
M_node85node109_wide_t1,0.0,1.0,B,M,wide,node85node109,1,0.0
M_node85node109_wide_t2,0.0,1.0,B,M,wide,node85node109,2,0.0
M_node85node109_wide_t3,0.0,1.0,B,M,wide,node85node109,3,0.0
M_node85node109_wide_t4,0.0,1.0,B,M,wide,node85node109,4,0.0
M_node85node109_wide_t5,0.0,1.0,B,M,wide,node85node109,5,0.0
M_node85node112_timber_t0,0.0,0.0,B,M,timber,node85node112,0,0.0
M_node85node112_timber_t1,0.0,1.0,B,M,timber,node85node112,1,0.0
M_node85node112_timber_t2,0.0,1.0,B,M,timber,node85node112,2,0.0
M_node85node112_timber_t3,0.0,1.0,B,M,timber,node85node112,3,0.0
M_node85node112_timber_t4,0.0,1.0,B,M,timber,node85node112,4,0.0
M_node85node112_timber_t5,0.0,1.0,B,M,timber,node85node112,5,0.0
M_node85node112_wide_t0,0.0,0.0,B,M,wide,node85node112,0,0.0
M_node85node112_wide_t1,0.0,1.0,B,M,wide,node85node112,1,0.0
M_node85node112_wide_t2,0.0,1.0,B,M,wide,node85node112,2,0.0
M_node85node112_wide_t3,0.0,1.0,B,M,wide,node85node112,3,0.0
M_node85node112_wide_t4,0.0,1.0,B,M,wide,node85node112,4,0.0
M_node85node112_wide_t5,0.0,1.0,B,M,wide,node85node112,5,0.0
M_node86node87_timber_t0,0.0,0.0,B,M,timber,node86node87,0,477.0
M_node86node87_timber_t1,0.0,1.0,B,M,timber,node86node87,1,401.62
M_node86node87_timber_t2,0.0,1.0,B,M,timber,node86node87,2,284.72
M_node86node87_timber_t3,0.0,1.0,B,M,timber,node86node87,3,201.84
M_node86node87_timber_t4,0.0,1.0,B,M,timber,node86node87,4,143.09
M_node86node87_timber_t5,0.0,1.0,B,M,timber,node86node87,5,101.44
M_node86node87_wide_t0,0.0,0.0,B,M,wide,node86node87,0,477.0
M_node86node87_wide_t1,0.0,1.0,B,M,wide,node86node87,1,401.62
M_node86node87_wide_t2,0.0,1.0,B,M,wide,node86node87,2,284.72
M_node86node87_wide_t3,0.0,1.0,B,M,wide,node86node87,3,201.84
M_node86node87_wide_t4,0.0,1.0,B,M,wide,node86node87,4,143.09
M_node86node87_wide_t5,0.0,1.0,B,M,wide,node86node87,5,101.44
M_node86node109_timber_t0,0.0,0.0,B,M,timber,node86node109,0,0.0
M_node86node109_timber_t1,0.0,1.0,B,M,timber,node86node109,1,0.0
M_node86node109_timber_t2,0.0,1.0,B,M,timber,node86node109,2,0.0
M_node86node109_timber_t3,0.0,1.0,B,M,timber,node86node109,3,0.0
M_node86node109_timber_t4,0.0,1.0,B,M,timber,node86node109,4,0.0
M_node86node109_timber_t5,0.0,1.0,B,M,timber,node86node109,5,0.0
M_node86node109_wide_t0,0.0,0.0,B,M,wide,node86node109,0,0.0
M_node86node109_wide_t1,0.0,1.0,B,M,wide,node86node109,1,0.0
M_node86node109_wide_t2,0.0,1.0,B,M,wide,node86node109,2,0.0
M_node86node109_wide_t3,0.0,1.0,B,M,wide,node86node109,3,0.0
M_node86node109_wide_t4,0.0,1.0,B,M,wide,node86node109,4,0.0
M_node86node109_wide_t5,0.0,1.0,B,M,wide,node86node109,5,0.0
M_node86node111_timber_t0,0.0,0.0,B,M,timber,node86node111,0,0.0
M_node86node111_timber_t1,0.0,1.0,B,M,timber,node86node111,1,0.0
M_node86node111_timber_t2,0.0,1.0,B,M,timber,node86node111,2,0.0
M_node86node111_timber_t3,0.0,1.0,B,M,timber,node86node111,3,0.0
M_node86node111_timber_t4,0.0,1.0,B,M,timber,node86node111,4,0.0
M_node86node111_timber_t5,0.0,1.0,B,M,timber,node86node111,5,0.0
M_node86node111_wide_t0,0.0,0.0,B,M,wide,node86node111,0,0.0
M_node86node111_wide_t1,0.0,1.0,B,M,wide,node86node111,1,0.0
M_node86node111_wide_t2,0.0,1.0,B,M,wide,node86node111,2,0.0
M_node86node111_wide_t3,0.0,1.0,B,M,wide,node86node111,3,0.0
M_node86node111_wide_t4,0.0,1.0,B,M,wide,node86node111,4,0.0
M_node86node111_wide_t5,0.0,1.0,B,M,wide,node86node111,5,0.0
M_node87node109_timber_t0,0.0,0.0,B,M,timber,node87node109,0,0.0
M_node87node109_timber_t1,0.0,1.0,B,M,timber,node87node109,1,0.0
M_node87node109_timber_t2,0.0,1.0,B,M,timber,node87node109,2,0.0
M_node87node109_timber_t3,0.0,1.0,B,M,timber,node87node109,3,0.0
M_node87node109_timber_t4,0.0,1.0,B,M,timber,node87node109,4,0.0
M_node87node109_timber_t5,0.0,1.0,B,M,timber,node87node109,5,0.0
M_node87node109_wide_t0,0.0,0.0,B,M,wide,node87node109,0,0.0
M_node87node109_wide_t1,0.0,1.0,B,M,wide,node87node109,1,0.0
M_node87node109_wide_t2,0.0,1.0,B,M,wide,node87node109,2,0.0
M_node87node109_wide_t3,0.0,1.0,B,M,wide,node87node109,3,0.0
M_node87node109_wide_t4,0.0,1.0,B,M,wide,node87node109,4,0.0
M_node87node109_wide_t5,0.0,1.0,B,M,wide,node87node109,5,0.0
M_node87node111_timber_t0,0.0,0.0,B,M,timber,node87node111,0,0.0
M_node87node111_timber_t1,0.0,1.0,B,M,timber,node87node111,1,0.0
M_node87node111_timber_t2,0.0,1.0,B,M,timber,node87node111,2,0.0
M_node87node111_timber_t3,0.0,1.0,B,M,timber,node87node111,3,0.0
M_node87node111_timber_t4,0.0,1.0,B,M,timber,node87node111,4,0.0
M_node87node111_timber_t5,0.0,1.0,B,M,timber,node87node111,5,0.0
M_node87node111_wide_t0,0.0,0.0,B,M,wide,node87node111,0,0.0
M_node87node111_wide_t1,0.0,1.0,B,M,wide,node87node111,1,0.0
M_node87node111_wide_t2,0.0,1.0,B,M,wide,node87node111,2,0.0
M_node87node111_wide_t3,0.0,1.0,B,M,wide,node87node111,3,0.0
M_node87node111_wide_t4,0.0,1.0,B,M,wide,node87node111,4,0.0
M_node87node111_wide_t5,0.0,1.0,B,M,wide,node87node111,5,0.0
M_node88node89_timber_t0,0.0,0.0,B,M,timber,node88node89,0,138.0
M_node88node89_timber_t1,0.0,1.0,B,M,timber,node88node89,1,116.19
M_node88node89_timber_t2,0.0,1.0,B,M,timber,node88node89,2,82.37
M_node88node89_timber_t3,0.0,1.0,B,M,timber,node88node89,3,58.39
M_node88node89_timber_t4,0.0,1.0,B,M,timber,node88node89,4,41.4
M_node88node89_timber_t5,0.0,1.0,B,M,timber,node88node89,5,29.35
M_node88node89_wide_t0,0.0,0.0,B,M,wide,node88node89,0,138.0
M_node88node89_wide_t1,0.0,1.0,B,M,wide,node88node89,1,116.19
M_node88node89_wide_t2,0.0,1.0,B,M,wide,node88node89,2,82.37
M_node88node89_wide_t3,0.0,1.0,B,M,wide,node88node89,3,58.39
M_node88node89_wide_t4,0.0,1.0,B,M,wide,node88node89,4,41.4
M_node88node89_wide_t5,0.0,1.0,B,M,wide,node88node89,5,29.35
M_node88node112_timber_t0,0.0,0.0,B,M,timber,node88node112,0,0.0
M_node88node112_timber_t1,0.0,1.0,B,M,timber,node88node112,1,0.0
M_node88node112_timber_t2,0.0,1.0,B,M,timber,node88node112,2,0.0
M_node88node112_timber_t3,0.0,1.0,B,M,timber,node88node112,3,0.0
M_node88node112_timber_t4,0.0,1.0,B,M,timber,node88node112,4,0.0
M_node88node112_timber_t5,0.0,1.0,B,M,timber,node88node112,5,0.0
M_node88node112_wide_t0,0.0,0.0,B,M,wide,node88node112,0,0.0
M_node88node112_wide_t1,0.0,1.0,B,M,wide,node88node112,1,0.0
M_node88node112_wide_t2,0.0,1.0,B,M,wide,node88node112,2,0.0
M_node88node112_wide_t3,0.0,1.0,B,M,wide,node88node112,3,0.0
M_node88node112_wide_t4,0.0,1.0,B,M,wide,node88node112,4,0.0
M_node88node112_wide_t5,0.0,1.0,B,M,wide,node88node112,5,0.0
M_node89node112_timber_t0,0.0,0.0,B,M,timber,node89node112,0,0.0
M_node89node112_timber_t1,0.0,1.0,B,M,timber,node89node112,1,0.0
M_node89node112_timber_t2,0.0,1.0,B,M,timber,node89node112,2,0.0
M_node89node112_timber_t3,0.0,1.0,B,M,timber,node89node112,3,0.0
M_node89node112_timber_t4,0.0,1.0,B,M,timber,node89node112,4,0.0
M_node89node112_timber_t5,0.0,1.0,B,M,timber,node89node112,5,0.0
M_node89node112_wide_t0,0.0,0.0,B,M,wide,node89node112,0,0.0
M_node89node112_wide_t1,0.0,1.0,B,M,wide,node89node112,1,0.0
M_node89node112_wide_t2,0.0,1.0,B,M,wide,node89node112,2,0.0
M_node89node112_wide_t3,0.0,1.0,B,M,wide,node89node112,3,0.0
M_node89node112_wide_t4,0.0,1.0,B,M,wide,node89node112,4,0.0
M_node89node112_wide_t5,0.0,1.0,B,M,wide,node89node112,5,0.0
U_node1node42_t0,0.0,0.0,B,U,,node1node42,0,1381.0
U_node1node42_t1,0.0,1.0,B,U,,node1node42,1,1162.76
U_node1node42_t2,0.0,1.0,B,U,,node1node42,2,824.31
U_node1node42_t3,0.0,1.0,B,U,,node1node42,3,584.37
U_node1node42_t4,0.0,1.0,B,U,,node1node42,4,414.27
U_node1node42_t5,0.0,1.0,B,U,,node1node42,5,293.68
U_node1node4_t0,0.0,0.0,B,U,,node1node4,0,1042.0
U_node1node4_t1,0.0,1.0,B,U,,node1node4,1,877.34
U_node1node4_t2,0.0,1.0,B,U,,node1node4,2,621.96
U_node1node4_t3,0.0,1.0,B,U,,node1node4,3,440.92
U_node1node4_t4,0.0,1.0,B,U,,node1node4,4,312.58
U_node1node4_t5,0.0,1.0,B,U,,node1node4,5,221.59
U_node1node39_t0,0.0,0.0,B,U,,node1node39,0,1032.0
U_node1node39_t1,0.0,1.0,B,U,,node1node39,1,868.92
U_node1node39_t2,0.0,1.0,B,U,,node1node39,2,615.99
U_node1node39_t3,0.0,1.0,B,U,,node1node39,3,436.69
U_node1node39_t4,0.0,1.0,B,U,,node1node39,4,309.58
U_node1node39_t5,0.0,1.0,B,U,,node1node39,5,219.46
U_node1node92_t0,0.0,0.0,B,U,,node1node92,0,0.0
U_node1node92_t1,0.0,1.0,B,U,,node1node92,1,0.0
U_node1node92_t2,0.0,1.0,B,U,,node1node92,2,0.0
U_node1node92_t3,0.0,1.0,B,U,,node1node92,3,0.0
U_node1node92_t4,0.0,1.0,B,U,,node1node92,4,0.0
U_node1node92_t5,0.0,1.0,B,U,,node1node92,5,0.0
U_node1node93_t0,0.0,0.0,B,U,,node1node93,0,0.0
U_node1node93_t1,0.0,1.0,B,U,,node1node93,1,0.0
U_node1node93_t2,0.0,1.0,B,U,,node1node93,2,0.0
U_node1node93_t3,0.0,1.0,B,U,,node1node93,3,0.0
U_node1node93_t4,0.0,1.0,B,U,,node1node93,4,0.0
U_node1node93_t5,0.0,1.0,B,U,,node1node93,5,0.0
U_node1node94_t0,0.0,0.0,B,U,,node1node94,0,0.0
U_node1node94_t1,0.0,1.0,B,U,,node1node94,1,0.0
U_node1node94_t2,0.0,1.0,B,U,,node1node94,2,0.0
U_node1node94_t3,0.0,1.0,B,U,,node1node94,3,0.0
U_node1node94_t4,0.0,1.0,B,U,,node1node94,4,0.0
U_node1node94_t5,0.0,1.0,B,U,,node1node94,5,0.0
U_node2node74_t0,0.0,0.0,B,U,,node2node74,0,406.0
U_node2node74_t1,0.0,1.0,B,U,,node2node74,1,341.84
U_node2node74_t2,0.0,1.0,B,U,,node2node74,2,242.34
U_node2node74_t3,0.0,1.0,B,U,,node2node74,3,171.8
U_node2node74_t4,0.0,1.0,B,U,,node2node74,4,121.79
U_node2node74_t5,0.0,1.0,B,U,,node2node74,5,86.34
U_node2node79_t0,0.0,0.0,B,U,,node2node79,0,499.0
U_node2node79_t1,0.0,1.0,B,U,,node2node79,1,420.14
U_node2node79_t2,0.0,1.0,B,U,,node2node79,2,297.85
U_node2node79_t3,0.0,1.0,B,U,,node2node79,3,211.15
U_node2node79_t4,0.0,1.0,B,U,,node2node79,4,149.69
U_node2node79_t5,0.0,1.0,B,U,,node2node79,5,106.12
U_node2node50_t0,0.0,0.0,B,U,,node2node50,0,1436.0
U_node2node50_t1,0.0,1.0,B,U,,node2node50,1,1209.07
U_node2node50_t2,0.0,1.0,B,U,,node2node50,2,857.13
U_node2node50_t3,0.0,1.0,B,U,,node2node50,3,607.64
U_node2node50_t4,0.0,1.0,B,U,,node2node50,4,430.77
U_node2node50_t5,0.0,1.0,B,U,,node2node50,5,305.38
U_node2node98_t0,0.0,0.0,B,U,,node2node98,0,0.0
U_node2node98_t1,0.0,1.0,B,U,,node2node98,1,0.0
U_node2node98_t2,0.0,1.0,B,U,,node2node98,2,0.0
U_node2node98_t3,0.0,1.0,B,U,,node2node98,3,0.0
U_node2node98_t4,0.0,1.0,B,U,,node2node98,4,0.0
U_node2node98_t5,0.0,1.0,B,U,,node2node98,5,0.0
U_node2node100_t0,0.0,0.0,B,U,,node2node100,0,0.0
U_node2node100_t1,0.0,1.0,B,U,,node2node100,1,0.0
U_node2node100_t2,0.0,1.0,B,U,,node2node100,2,0.0
U_node2node100_t3,0.0,1.0,B,U,,node2node100,3,0.0
U_node2node100_t4,0.0,1.0,B,U,,node2node100,4,0.0
U_node2node100_t5,0.0,1.0,B,U,,node2node100,5,0.0
U_node3node54_t0,0.0,0.0,B,U,,node3node54,0,358.0
U_node3node54_t1,0.0,1.0,B,U,,node3node54,1,301.43
U_node3node54_t2,0.0,1.0,B,U,,node3node54,2,213.69
U_node3node54_t3,0.0,1.0,B,U,,node3node54,3,151.49
U_node3node54_t4,0.0,1.0,B,U,,node3node54,4,107.39
U_node3node54_t5,0.0,1.0,B,U,,node3node54,5,76.13
U_node3node18_t0,0.0,0.0,B,U,,node3node18,0,759.0
U_node3node18_t1,0.0,1.0,B,U,,node3node18,1,639.06
U_node3node18_t2,0.0,1.0,B,U,,node3node18,2,453.04
U_node3node18_t3,0.0,1.0,B,U,,node3node18,3,321.17
U_node3node18_t4,0.0,1.0,B,U,,node3node18,4,227.68
U_node3node18_t5,0.0,1.0,B,U,,node3node18,5,161.41
U_node3node59_t0,0.0,0.0,B,U,,node3node59,0,1331.0
U_node3node59_t1,0.0,1.0,B,U,,node3node59,1,1120.67
U_node3node59_t2,0.0,1.0,B,U,,node3node59,2,794.46
U_node3node59_t3,0.0,1.0,B,U,,node3node59,3,563.21
U_node3node59_t4,0.0,1.0,B,U,,node3node59,4,399.27
U_node3node59_t5,0.0,1.0,B,U,,node3node59,5,283.05
U_node3node96_t0,0.0,0.0,B,U,,node3node96,0,0.0
U_node3node96_t1,0.0,1.0,B,U,,node3node96,1,0.0
U_node3node96_t2,0.0,1.0,B,U,,node3node96,2,0.0
U_node3node96_t3,0.0,1.0,B,U,,node3node96,3,0.0
U_node3node96_t4,0.0,1.0,B,U,,node3node96,4,0.0
U_node3node96_t5,0.0,1.0,B,U,,node3node96,5,0.0
U_node3node101_t0,0.0,0.0,B,U,,node3node101,0,0.0
U_node3node101_t1,0.0,1.0,B,U,,node3node101,1,0.0
U_node3node101_t2,0.0,1.0,B,U,,node3node101,2,0.0
U_node3node101_t3,0.0,1.0,B,U,,node3node101,3,0.0
U_node3node101_t4,0.0,1.0,B,U,,node3node101,4,0.0
U_node3node101_t5,0.0,1.0,B,U,,node3node101,5,0.0
U_node4node46_t0,0.0,0.0,B,U,,node4node46,0,849.0
U_node4node46_t1,0.0,1.0,B,U,,node4node46,1,714.84
U_node4node46_t2,0.0,1.0,B,U,,node4node46,2,506.76
U_node4node46_t3,0.0,1.0,B,U,,node4node46,3,359.25
U_node4node46_t4,0.0,1.0,B,U,,node4node46,4,254.68
U_node4node46_t5,0.0,1.0,B,U,,node4node46,5,180.55
U_node4node24_t0,0.0,0.0,B,U,,node4node24,0,2542.0
U_node4node24_t1,0.0,1.0,B,U,,node4node24,1,2140.3
U_node4node24_t2,0.0,1.0,B,U,,node4node24,2,1517.3
U_node4node24_t3,0.0,1.0,B,U,,node4node24,3,1075.64
U_node4node24_t4,0.0,1.0,B,U,,node4node24,4,762.54
U_node4node24_t5,0.0,1.0,B,U,,node4node24,5,540.58
U_node4node93_t0,0.0,0.0,B,U,,node4node93,0,0.0
U_node4node93_t1,0.0,1.0,B,U,,node4node93,1,0.0
U_node4node93_t2,0.0,1.0,B,U,,node4node93,2,0.0
U_node4node93_t3,0.0,1.0,B,U,,node4node93,3,0.0
U_node4node93_t4,0.0,1.0,B,U,,node4node93,4,0.0
U_node4node93_t5,0.0,1.0,B,U,,node4node93,5,0.0
U_node4node94_t0,0.0,0.0,B,U,,node4node94,0,0.0
U_node4node94_t1,0.0,1.0,B,U,,node4node94,1,0.0
U_node4node94_t2,0.0,1.0,B,U,,node4node94,2,0.0
U_node4node94_t3,0.0,1.0,B,U,,node4node94,3,0.0
U_node4node94_t4,0.0,1.0,B,U,,node4node94,4,0.0
U_node4node94_t5,0.0,1.0,B,U,,node4node94,5,0.0
U_node4node95_t0,0.0,0.0,B,U,,node4node95,0,0.0
U_node4node95_t1,0.0,1.0,B,U,,node4node95,1,0.0
U_node4node95_t2,0.0,1.0,B,U,,node4node95,2,0.0
U_node4node95_t3,0.0,1.0,B,U,,node4node95,3,0.0
U_node4node95_t4,0.0,1.0,B,U,,node4node95,4,0.0
U_node4node95_t5,0.0,1.0,B,U,,node4node95,5,0.0
U_node5node43_t0,0.0,0.0,B,U,,node5node43,0,638.0
U_node5node43_t1,0.0,1.0,B,U,,node5node43,1,537.18
U_node5node43_t2,0.0,1.0,B,U,,node5node43,2,380.82
U_node5node43_t3,0.0,1.0,B,U,,node5node43,3,269.97
U_node5node43_t4,0.0,1.0,B,U,,node5node43,4,191.39
U_node5node43_t5,0.0,1.0,B,U,,node5node43,5,135.68
U_node5node11_t0,0.0,0.0,B,U,,node5node11,0,369.0
U_node5node11_t1,0.0,1.0,B,U,,node5node11,1,310.69
U_node5node11_t2,0.0,1.0,B,U,,node5node11,2,220.25
U_node5node11_t3,0.0,1.0,B,U,,node5node11,3,156.14
U_node5node11_t4,0.0,1.0,B,U,,node5node11,4,110.69
U_node5node11_t5,0.0,1.0,B,U,,node5node11,5,78.47
U_node5node57_t0,0.0,0.0,B,U,,node5node57,0,3826.0
U_node5node57_t1,0.0,1.0,B,U,,node5node57,1,3221.39
U_node5node57_t2,0.0,1.0,B,U,,node5node57,2,2283.7
U_node5node57_t3,0.0,1.0,B,U,,node5node57,3,1618.96
U_node5node57_t4,0.0,1.0,B,U,,node5node57,4,1147.71
U_node5node57_t5,0.0,1.0,B,U,,node5node57,5,813.63
U_node5node91_t0,0.0,0.0,B,U,,node5node91,0,0.0
U_node5node91_t1,0.0,1.0,B,U,,node5node91,1,0.0
U_node5node91_t2,0.0,1.0,B,U,,node5node91,2,0.0
U_node5node91_t3,0.0,1.0,B,U,,node5node91,3,0.0
U_node5node91_t4,0.0,1.0,B,U,,node5node91,4,0.0
U_node5node91_t5,0.0,1.0,B,U,,node5node91,5,0.0
U_node5node99_t0,0.0,0.0,B,U,,node5node99,0,0.0
U_node5node99_t1,0.0,1.0,B,U,,node5node99,1,0.0
U_node5node99_t2,0.0,1.0,B,U,,node5node99,2,0.0
U_node5node99_t3,0.0,1.0,B,U,,node5node99,3,0.0
U_node5node99_t4,0.0,1.0,B,U,,node5node99,4,0.0
U_node5node99_t5,0.0,1.0,B,U,,node5node99,5,0.0
U_node6node22_t0,0.0,0.0,B,U,,node6node22,0,856.0
U_node6node22_t1,0.0,1.0,B,U,,node6node22,1,720.73
U_node6node22_t2,0.0,1.0,B,U,,node6node22,2,510.94
U_node6node22_t3,0.0,1.0,B,U,,node6node22,3,362.21
U_node6node22_t4,0.0,1.0,B,U,,node6node22,4,256.78
U_node6node22_t5,0.0,1.0,B,U,,node6node22,5,182.04
U_node6node25_t0,0.0,0.0,B,U,,node6node25,0,1082.0
U_node6node25_t1,0.0,1.0,B,U,,node6node25,1,911.01
U_node6node25_t2,0.0,1.0,B,U,,node6node25,2,645.84
U_node6node25_t3,0.0,1.0,B,U,,node6node25,3,457.85
U_node6node25_t4,0.0,1.0,B,U,,node6node25,4,324.57
U_node6node25_t5,0.0,1.0,B,U,,node6node25,5,230.1
U_node6node54_t0,0.0,0.0,B,U,,node6node54,0,2122.0
U_node6node54_t1,0.0,1.0,B,U,,node6node54,1,1786.67
U_node6node54_t2,0.0,1.0,B,U,,node6node54,2,1266.6
U_node6node54_t3,0.0,1.0,B,U,,node6node54,3,897.92
U_node6node54_t4,0.0,1.0,B,U,,node6node54,4,636.55
U_node6node54_t5,0.0,1.0,B,U,,node6node54,5,451.26
U_node6node96_t0,0.0,0.0,B,U,,node6node96,0,0.0
U_node6node96_t1,0.0,1.0,B,U,,node6node96,1,0.0
U_node6node96_t2,0.0,1.0,B,U,,node6node96,2,0.0
U_node6node96_t3,0.0,1.0,B,U,,node6node96,3,0.0
U_node6node96_t4,0.0,1.0,B,U,,node6node96,4,0.0
U_node6node96_t5,0.0,1.0,B,U,,node6node96,5,0.0
U_node6node102_t0,0.0,0.0,B,U,,node6node102,0,0.0
U_node6node102_t1,0.0,1.0,B,U,,node6node102,1,0.0
U_node6node102_t2,0.0,1.0,B,U,,node6node102,2,0.0
U_node6node102_t3,0.0,1.0,B,U,,node6node102,3,0.0
U_node6node102_t4,0.0,1.0,B,U,,node6node102,4,0.0
U_node6node102_t5,0.0,1.0,B,U,,node6node102,5,0.0
U_node6node108_t0,0.0,0.0,B,U,,node6node108,0,0.0
U_node6node108_t1,0.0,1.0,B,U,,node6node108,1,0.0
U_node6node108_t2,0.0,1.0,B,U,,node6node108,2,0.0
U_node6node108_t3,0.0,1.0,B,U,,node6node108,3,0.0
U_node6node108_t4,0.0,1.0,B,U,,node6node108,4,0.0
U_node6node108_t5,0.0,1.0,B,U,,node6node108,5,0.0
U_node7node23_t0,0.0,0.0,B,U,,node7node23,0,1501.0
U_node7node23_t1,0.0,1.0,B,U,,node7node23,1,1263.8
U_node7node23_t2,0.0,1.0,B,U,,node7node23,2,895.93
U_node7node23_t3,0.0,1.0,B,U,,node7node23,3,635.14
U_node7node23_t4,0.0,1.0,B,U,,node7node23,4,450.27
U_node7node23_t5,0.0,1.0,B,U,,node7node23,5,319.2
U_node7node15_t0,0.0,0.0,B,U,,node7node15,0,1588.0
U_node7node15_t1,0.0,1.0,B,U,,node7node15,1,1337.05
U_node7node15_t2,0.0,1.0,B,U,,node7node15,2,947.86
U_node7node15_t3,0.0,1.0,B,U,,node7node15,3,671.96
U_node7node15_t4,0.0,1.0,B,U,,node7node15,4,476.36
U_node7node15_t5,0.0,1.0,B,U,,node7node15,5,337.7
U_node7node34_t0,0.0,0.0,B,U,,node7node34,0,5806.0
U_node7node34_t1,0.0,1.0,B,U,,node7node34,1,4888.5
U_node7node34_t2,0.0,1.0,B,U,,node7node34,2,3465.55
U_node7node34_t3,0.0,1.0,B,U,,node7node34,3,2456.79
U_node7node34_t4,0.0,1.0,B,U,,node7node34,4,1741.67
U_node7node34_t5,0.0,1.0,B,U,,node7node34,5,1234.7
U_node7node105_t0,0.0,0.0,B,U,,node7node105,0,0.0
U_node7node105_t1,0.0,1.0,B,U,,node7node105,1,0.0
U_node7node105_t2,0.0,1.0,B,U,,node7node105,2,0.0
U_node7node105_t3,0.0,1.0,B,U,,node7node105,3,0.0
U_node7node105_t4,0.0,1.0,B,U,,node7node105,4,0.0
U_node7node105_t5,0.0,1.0,B,U,,node7node105,5,0.0
U_node7node106_t0,0.0,0.0,B,U,,node7node106,0,0.0
U_node7node106_t1,0.0,1.0,B,U,,node7node106,1,0.0
U_node7node106_t2,0.0,1.0,B,U,,node7node106,2,0.0
U_node7node106_t3,0.0,1.0,B,U,,node7node106,3,0.0
U_node7node106_t4,0.0,1.0,B,U,,node7node106,4,0.0
U_node7node106_t5,0.0,1.0,B,U,,node7node106,5,0.0
U_node8node51_t0,0.0,0.0,B,U,,node8node51,0,345.0
U_node8node51_t1,0.0,1.0,B,U,,node8node51,1,290.48
U_node8node51_t2,0.0,1.0,B,U,,node8node51,2,205.93
U_node8node51_t3,0.0,1.0,B,U,,node8node51,3,145.99
U_node8node51_t4,0.0,1.0,B,U,,node8node51,4,103.49
U_node8node51_t5,0.0,1.0,B,U,,node8node51,5,73.37
U_node8node30_t0,0.0,0.0,B,U,,node8node30,0,997.0
U_node8node30_t1,0.0,1.0,B,U,,node8node30,1,839.45
U_node8node30_t2,0.0,1.0,B,U,,node8node30,2,595.1
U_node8node30_t3,0.0,1.0,B,U,,node8node30,3,421.88
U_node8node30_t4,0.0,1.0,B,U,,node8node30,4,299.08
U_node8node30_t5,0.0,1.0,B,U,,node8node30,5,212.02
U_node8node52_t0,0.0,0.0,B,U,,node8node52,0,1300.0
U_node8node52_t1,0.0,1.0,B,U,,node8node52,1,1094.57
U_node8node52_t2,0.0,1.0,B,U,,node8node52,2,775.96
U_node8node52_t3,0.0,1.0,B,U,,node8node52,3,550.09
U_node8node52_t4,0.0,1.0,B,U,,node8node52,4,389.97
U_node8node52_t5,0.0,1.0,B,U,,node8node52,5,276.46
U_node8node107_t0,0.0,0.0,B,U,,node8node107,0,0.0
U_node8node107_t1,0.0,1.0,B,U,,node8node107,1,0.0
U_node8node107_t2,0.0,1.0,B,U,,node8node107,2,0.0
U_node8node107_t3,0.0,1.0,B,U,,node8node107,3,0.0
U_node8node107_t4,0.0,1.0,B,U,,node8node107,4,0.0
U_node8node107_t5,0.0,1.0,B,U,,node8node107,5,0.0
U_node8node109_t0,0.0,0.0,B,U,,node8node109,0,0.0
U_node8node109_t1,0.0,1.0,B,U,,node8node109,1,0.0
U_node8node109_t2,0.0,1.0,B,U,,node8node109,2,0.0
U_node8node109_t3,0.0,1.0,B,U,,node8node109,3,0.0
U_node8node109_t4,0.0,1.0,B,U,,node8node109,4,0.0
U_node8node109_t5,0.0,1.0,B,U,,node8node109,5,0.0
U_node9node33_t0,0.0,0.0,B,U,,node9node33,0,317.0
U_node9node33_t1,0.0,1.0,B,U,,node9node33,1,266.91
U_node9node33_t2,0.0,1.0,B,U,,node9node33,2,189.21
U_node9node33_t3,0.0,1.0,B,U,,node9node33,3,134.14
U_node9node33_t4,0.0,1.0,B,U,,node9node33,4,95.09
U_node9node33_t5,0.0,1.0,B,U,,node9node33,5,67.41
U_node9node34_t0,0.0,0.0,B,U,,node9node34,0,1926.0
U_node9node34_t1,0.0,1.0,B,U,,node9node34,1,1621.64
U_node9node34_t2,0.0,1.0,B,U,,node9node34,2,1149.61
U_node9node34_t3,0.0,1.0,B,U,,node9node34,3,814.98
U_node9node34_t4,0.0,1.0,B,U,,node9node34,4,577.76
U_node9node34_t5,0.0,1.0,B,U,,node9node34,5,409.58
U_node9node38_t0,0.0,0.0,B,U,,node9node38,0,1997.0
U_node9node38_t1,0.0,1.0,B,U,,node9node38,1,1681.42
U_node9node38_t2,0.0,1.0,B,U,,node9node38,2,1191.99
U_node9node38_t3,0.0,1.0,B,U,,node9node38,3,845.02
U_node9node38_t4,0.0,1.0,B,U,,node9node38,4,599.05
U_node9node38_t5,0.0,1.0,B,U,,node9node38,5,424.68
U_node9node111_t0,0.0,0.0,B,U,,node9node111,0,0.0
U_node9node111_t1,0.0,1.0,B,U,,node9node111,1,0.0
U_node9node111_t2,0.0,1.0,B,U,,node9node111,2,0.0
U_node9node111_t3,0.0,1.0,B,U,,node9node111,3,0.0
U_node9node111_t4,0.0,1.0,B,U,,node9node111,4,0.0
U_node9node111_t5,0.0,1.0,B,U,,node9node111,5,0.0
U_node9node113_t0,0.0,0.0,B,U,,node9node113,0,0.0
U_node9node113_t1,0.0,1.0,B,U,,node9node113,1,0.0
U_node9node113_t2,0.0,1.0,B,U,,node9node113,2,0.0
U_node9node113_t3,0.0,1.0,B,U,,node9node113,3,0.0
U_node9node113_t4,0.0,1.0,B,U,,node9node113,4,0.0
U_node9node113_t5,0.0,1.0,B,U,,node9node113,5,0.0
U_node10node87_t0,0.0,0.0,B,U,,node10node87,0,90.0
U_node10node87_t1,0.0,1.0,B,U,,node10node87,1,75.78
U_node10node87_t2,0.0,1.0,B,U,,node10node87,2,53.72
U_node10node87_t3,0.0,1.0,B,U,,node10node87,3,38.08
U_node10node87_t4,0.0,1.0,B,U,,node10node87,4,27.0
U_node10node87_t5,0.0,1.0,B,U,,node10node87,5,19.14
U_node10node85_t0,0.0,0.0,B,U,,node10node85,0,182.0
U_node10node85_t1,0.0,1.0,B,U,,node10node85,1,153.24
U_node10node85_t2,0.0,1.0,B,U,,node10node85,2,108.63
U_node10node85_t3,0.0,1.0,B,U,,node10node85,3,77.01
U_node10node85_t4,0.0,1.0,B,U,,node10node85,4,54.6
U_node10node85_t5,0.0,1.0,B,U,,node10node85,5,38.7
U_node10node33_t0,0.0,0.0,B,U,,node10node33,0,1685.0
U_node10node33_t1,0.0,1.0,B,U,,node10node33,1,1418.72
U_node10node33_t2,0.0,1.0,B,U,,node10node33,2,1005.76
U_node10node33_t3,0.0,1.0,B,U,,node10node33,3,713.0
U_node10node33_t4,0.0,1.0,B,U,,node10node33,4,505.46
U_node10node33_t5,0.0,1.0,B,U,,node10node33,5,358.33
U_node10node109_t0,0.0,0.0,B,U,,node10node109,0,0.0
U_node10node109_t1,0.0,1.0,B,U,,node10node109,1,0.0
U_node10node109_t2,0.0,1.0,B,U,,node10node109,2,0.0
U_node10node109_t3,0.0,1.0,B,U,,node10node109,3,0.0
U_node10node109_t4,0.0,1.0,B,U,,node10node109,4,0.0
U_node10node109_t5,0.0,1.0,B,U,,node10node109,5,0.0
U_node10node111_t0,0.0,0.0,B,U,,node10node111,0,0.0
U_node10node111_t1,0.0,1.0,B,U,,node10node111,1,0.0
U_node10node111_t2,0.0,1.0,B,U,,node10node111,2,0.0
U_node10node111_t3,0.0,1.0,B,U,,node10node111,3,0.0
U_node10node111_t4,0.0,1.0,B,U,,node10node111,4,0.0
U_node10node111_t5,0.0,1.0,B,U,,node10node111,5,0.0
U_node10node112_t0,0.0,0.0,B,U,,node10node112,0,0.0
U_node10node112_t1,0.0,1.0,B,U,,node10node112,1,0.0
U_node10node112_t2,0.0,1.0,B,U,,node10node112,2,0.0
U_node10node112_t3,0.0,1.0,B,U,,node10node112,3,0.0
U_node10node112_t4,0.0,1.0,B,U,,node10node112,4,0.0
U_node10node112_t5,0.0,1.0,B,U,,node10node112,5,0.0
U_node11node78_t0,0.0,0.0,B,U,,node11node78,0,46.0
U_node11node78_t1,0.0,1.0,B,U,,node11node78,1,38.73
U_node11node78_t2,0.0,1.0,B,U,,node11node78,2,27.46
U_node11node78_t3,0.0,1.0,B,U,,node11node78,3,19.46
U_node11node78_t4,0.0,1.0,B,U,,node11node78,4,13.8
U_node11node78_t5,0.0,1.0,B,U,,node11node78,5,9.78
U_node11node75_t0,0.0,0.0,B,U,,node11node75,0,845.0
U_node11node75_t1,0.0,1.0,B,U,,node11node75,1,711.47
U_node11node75_t2,0.0,1.0,B,U,,node11node75,2,504.37
U_node11node75_t3,0.0,1.0,B,U,,node11node75,3,357.56
U_node11node75_t4,0.0,1.0,B,U,,node11node75,4,253.48
U_node11node75_t5,0.0,1.0,B,U,,node11node75,5,179.7
U_node11node99_t0,0.0,0.0,B,U,,node11node99,0,0.0
U_node11node99_t1,0.0,1.0,B,U,,node11node99,1,0.0
U_node11node99_t2,0.0,1.0,B,U,,node11node99,2,0.0
U_node11node99_t3,0.0,1.0,B,U,,node11node99,3,0.0
U_node11node99_t4,0.0,1.0,B,U,,node11node99,4,0.0
U_node11node99_t5,0.0,1.0,B,U,,node11node99,5,0.0
U_node11node100_t0,0.0,0.0,B,U,,node11node100,0,0.0
U_node11node100_t1,0.0,1.0,B,U,,node11node100,1,0.0
U_node11node100_t2,0.0,1.0,B,U,,node11node100,2,0.0
U_node11node100_t3,0.0,1.0,B,U,,node11node100,3,0.0
U_node11node100_t4,0.0,1.0,B,U,,node11node100,4,0.0
U_node11node100_t5,0.0,1.0,B,U,,node11node100,5,0.0
U_node12node47_t0,0.0,0.0,B,U,,node12node47,0,87.0
U_node12node47_t1,0.0,1.0,B,U,,node12node47,1,73.25
U_node12node47_t2,0.0,1.0,B,U,,node12node47,2,51.93
U_node12node47_t3,0.0,1.0,B,U,,node12node47,3,36.81
U_node12node47_t4,0.0,1.0,B,U,,node12node47,4,26.1
U_node12node47_t5,0.0,1.0,B,U,,node12node47,5,18.5
U_node12node35_t0,0.0,0.0,B,U,,node12node35,0,142.0
U_node12node35_t1,0.0,1.0,B,U,,node12node35,1,119.56
U_node12node35_t2,0.0,1.0,B,U,,node12node35,2,84.76
U_node12node35_t3,0.0,1.0,B,U,,node12node35,3,60.09
U_node12node35_t4,0.0,1.0,B,U,,node12node35,4,42.6
U_node12node35_t5,0.0,1.0,B,U,,node12node35,5,30.2
U_node12node114_t0,0.0,0.0,B,U,,node12node114,0,0.0
U_node12node114_t1,0.0,1.0,B,U,,node12node114,1,0.0
U_node12node114_t2,0.0,1.0,B,U,,node12node114,2,0.0
U_node12node114_t3,0.0,1.0,B,U,,node12node114,3,0.0
U_node12node114_t4,0.0,1.0,B,U,,node12node114,4,0.0
U_node12node114_t5,0.0,1.0,B,U,,node12node114,5,0.0
U_node13node46_t0,0.0,0.0,B,U,,node13node46,0,468.0
U_node13node46_t1,0.0,1.0,B,U,,node13node46,1,394.04
U_node13node46_t2,0.0,1.0,B,U,,node13node46,2,279.34
U_node13node46_t3,0.0,1.0,B,U,,node13node46,3,198.03
U_node13node46_t4,0.0,1.0,B,U,,node13node46,4,140.39
U_node13node46_t5,0.0,1.0,B,U,,node13node46,5,99.52
U_node13node25_t0,0.0,0.0,B,U,,node13node25,0,1879.0
U_node13node25_t1,0.0,1.0,B,U,,node13node25,1,1582.07
U_node13node25_t2,0.0,1.0,B,U,,node13node25,2,1121.56
U_node13node25_t3,0.0,1.0,B,U,,node13node25,3,795.09
U_node13node25_t4,0.0,1.0,B,U,,node13node25,4,563.66
U_node13node25_t5,0.0,1.0,B,U,,node13node25,5,399.59
U_node13node49_t0,0.0,0.0,B,U,,node13node49,0,3011.0
U_node13node49_t1,0.0,1.0,B,U,,node13node49,1,2535.18
U_node13node49_t2,0.0,1.0,B,U,,node13node49,2,1797.24
U_node13node49_t3,0.0,1.0,B,U,,node13node49,3,1274.1
U_node13node49_t4,0.0,1.0,B,U,,node13node49,4,903.23
U_node13node49_t5,0.0,1.0,B,U,,node13node49,5,640.32
U_node13node36_t0,0.0,0.0,B,U,,node13node36,0,1978.0
U_node13node36_t1,0.0,1.0,B,U,,node13node36,1,1665.42
U_node13node36_t2,0.0,1.0,B,U,,node13node36,2,1180.65
U_node13node36_t3,0.0,1.0,B,U,,node13node36,3,836.98
U_node13node36_t4,0.0,1.0,B,U,,node13node36,4,593.35
U_node13node36_t5,0.0,1.0,B,U,,node13node36,5,420.64
U_node13node95_t0,0.0,0.0,B,U,,node13node95,0,0.0
U_node13node95_t1,0.0,1.0,B,U,,node13node95,1,0.0
U_node13node95_t2,0.0,1.0,B,U,,node13node95,2,0.0
U_node13node95_t3,0.0,1.0,B,U,,node13node95,3,0.0
U_node13node95_t4,0.0,1.0,B,U,,node13node95,4,0.0
U_node13node95_t5,0.0,1.0,B,U,,node13node95,5,0.0
U_node13node97_t0,0.0,0.0,B,U,,node13node97,0,0.0
U_node13node97_t1,0.0,1.0,B,U,,node13node97,1,0.0
U_node13node97_t2,0.0,1.0,B,U,,node13node97,2,0.0
U_node13node97_t3,0.0,1.0,B,U,,node13node97,3,0.0
U_node13node97_t4,0.0,1.0,B,U,,node13node97,4,0.0
U_node13node97_t5,0.0,1.0,B,U,,node13node97,5,0.0
U_node13node107_t0,0.0,0.0,B,U,,node13node107,0,0.0
U_node13node107_t1,0.0,1.0,B,U,,node13node107,1,0.0
U_node13node107_t2,0.0,1.0,B,U,,node13node107,2,0.0
U_node13node107_t3,0.0,1.0,B,U,,node13node107,3,0.0
U_node13node107_t4,0.0,1.0,B,U,,node13node107,4,0.0
U_node13node107_t5,0.0,1.0,B,U,,node13node107,5,0.0
U_node13node108_t0,0.0,0.0,B,U,,node13node108,0,0.0
U_node13node108_t1,0.0,1.0,B,U,,node13node108,1,0.0
U_node13node108_t2,0.0,1.0,B,U,,node13node108,2,0.0
U_node13node108_t3,0.0,1.0,B,U,,node13node108,3,0.0
U_node13node108_t4,0.0,1.0,B,U,,node13node108,4,0.0
U_node13node108_t5,0.0,1.0,B,U,,node13node108,5,0.0
U_node14node89_t0,0.0,0.0,B,U,,node14node89,0,486.0
U_node14node89_t1,0.0,1.0,B,U,,node14node89,1,409.2
U_node14node89_t2,0.0,1.0,B,U,,node14node89,2,290.09
U_node14node89_t3,0.0,1.0,B,U,,node14node89,3,205.65
U_node14node89_t4,0.0,1.0,B,U,,node14node89,4,145.79
U_node14node89_t5,0.0,1.0,B,U,,node14node89,5,103.35
U_node14node51_t0,0.0,0.0,B,U,,node14node51,0,1431.0
U_node14node51_t1,0.0,1.0,B,U,,node14node51,1,1204.86
U_node14node51_t2,0.0,1.0,B,U,,node14node51,2,854.15
U_node14node51_t3,0.0,1.0,B,U,,node14node51,3,605.52
U_node14node51_t4,0.0,1.0,B,U,,node14node51,4,429.27
U_node14node51_t5,0.0,1.0,B,U,,node14node51,5,304.32
U_node14node19_t0,0.0,0.0,B,U,,node14node19,0,1503.0
U_node14node19_t1,0.0,1.0,B,U,,node14node19,1,1265.49
U_node14node19_t2,0.0,1.0,B,U,,node14node19,2,897.13
U_node14node19_t3,0.0,1.0,B,U,,node14node19,3,635.99
U_node14node19_t4,0.0,1.0,B,U,,node14node19,4,450.87
U_node14node19_t5,0.0,1.0,B,U,,node14node19,5,319.63
U_node14node112_t0,0.0,0.0,B,U,,node14node112,0,0.0
U_node14node112_t1,0.0,1.0,B,U,,node14node112,1,0.0
U_node14node112_t2,0.0,1.0,B,U,,node14node112,2,0.0
U_node14node112_t3,0.0,1.0,B,U,,node14node112,3,0.0
U_node14node112_t4,0.0,1.0,B,U,,node14node112,4,0.0
U_node14node112_t5,0.0,1.0,B,U,,node14node112,5,0.0
U_node14node114_t0,0.0,0.0,B,U,,node14node114,0,0.0
U_node14node114_t1,0.0,1.0,B,U,,node14node114,1,0.0
U_node14node114_t2,0.0,1.0,B,U,,node14node114,2,0.0
U_node14node114_t3,0.0,1.0,B,U,,node14node114,3,0.0
U_node14node114_t4,0.0,1.0,B,U,,node14node114,4,0.0
U_node14node114_t5,0.0,1.0,B,U,,node14node114,5,0.0
U_node15node55_t0,0.0,0.0,B,U,,node15node55,0,893.0
U_node15node55_t1,0.0,1.0,B,U,,node15node55,1,751.88
U_node15node55_t2,0.0,1.0,B,U,,node15node55,2,533.02
U_node15node55_t3,0.0,1.0,B,U,,node15node55,3,377.87
U_node15node55_t4,0.0,1.0,B,U,,node15node55,4,267.88
U_node15node55_t5,0.0,1.0,B,U,,node15node55,5,189.9
U_node15node34_t0,0.0,0.0,B,U,,node15node34,0,2118.0
U_node15node34_t1,0.0,1.0,B,U,,node15node34,1,1783.3
U_node15node34_t2,0.0,1.0,B,U,,node15node34,2,1264.21
U_node15node34_t3,0.0,1.0,B,U,,node15node34,3,896.23
U_node15node34_t4,0.0,1.0,B,U,,node15node34,4,635.35
U_node15node34_t5,0.0,1.0,B,U,,node15node34,5,450.41
U_node15node23_t0,0.0,0.0,B,U,,node15node23,0,1393.0
U_node15node23_t1,0.0,1.0,B,U,,node15node23,1,1172.87
U_node15node23_t2,0.0,1.0,B,U,,node15node23,2,831.47
U_node15node23_t3,0.0,1.0,B,U,,node15node23,3,589.44
U_node15node23_t4,0.0,1.0,B,U,,node15node23,4,417.87
U_node15node23_t5,0.0,1.0,B,U,,node15node23,5,296.23
U_node15node104_t0,0.0,0.0,B,U,,node15node104,0,0.0
U_node15node104_t1,0.0,1.0,B,U,,node15node104,1,0.0
U_node15node104_t2,0.0,1.0,B,U,,node15node104,2,0.0
U_node15node104_t3,0.0,1.0,B,U,,node15node104,3,0.0
U_node15node104_t4,0.0,1.0,B,U,,node15node104,4,0.0
U_node15node104_t5,0.0,1.0,B,U,,node15node104,5,0.0
U_node15node105_t0,0.0,0.0,B,U,,node15node105,0,0.0
U_node15node105_t1,0.0,1.0,B,U,,node15node105,1,0.0
U_node15node105_t2,0.0,1.0,B,U,,node15node105,2,0.0
U_node15node105_t3,0.0,1.0,B,U,,node15node105,3,0.0
U_node15node105_t4,0.0,1.0,B,U,,node15node105,4,0.0
U_node15node105_t5,0.0,1.0,B,U,,node15node105,5,0.0
U_node15node106_t0,0.0,0.0,B,U,,node15node106,0,0.0
U_node15node106_t1,0.0,1.0,B,U,,node15node106,1,0.0
U_node15node106_t2,0.0,1.0,B,U,,node15node106,2,0.0
U_node15node106_t3,0.0,1.0,B,U,,node15node106,3,0.0
U_node15node106_t4,0.0,1.0,B,U,,node15node106,4,0.0
U_node15node106_t5,0.0,1.0,B,U,,node15node106,5,0.0
U_node15node110_t0,0.0,0.0,B,U,,node15node110,0,0.0
U_node15node110_t1,0.0,1.0,B,U,,node15node110,1,0.0
U_node15node110_t2,0.0,1.0,B,U,,node15node110,2,0.0
U_node15node110_t3,0.0,1.0,B,U,,node15node110,3,0.0
U_node15node110_t4,0.0,1.0,B,U,,node15node110,4,0.0
U_node15node110_t5,0.0,1.0,B,U,,node15node110,5,0.0
U_node16node55_t0,0.0,0.0,B,U,,node16node55,0,467.0
U_node16node55_t1,0.0,1.0,B,U,,node16node55,1,393.2
U_node16node55_t2,0.0,1.0,B,U,,node16node55,2,278.75
U_node16node55_t3,0.0,1.0,B,U,,node16node55,3,197.61
U_node16node55_t4,0.0,1.0,B,U,,node16node55,4,140.09
U_node16node55_t5,0.0,1.0,B,U,,node16node55,5,99.31
U_node16node17_t0,0.0,0.0,B,U,,node16node17,0,1602.0
U_node16node17_t1,0.0,1.0,B,U,,node16node17,1,1348.84
U_node16node17_t2,0.0,1.0,B,U,,node16node17,2,956.22
U_node16node17_t3,0.0,1.0,B,U,,node16node17,3,677.88
U_node16node17_t4,0.0,1.0,B,U,,node16node17,4,480.56
U_node16node17_t5,0.0,1.0,B,U,,node16node17,5,340.68
U_node16node22_t0,0.0,0.0,B,U,,node16node22,0,1692.0
U_node16node22_t1,0.0,1.0,B,U,,node16node22,1,1424.62
U_node16node22_t2,0.0,1.0,B,U,,node16node22,2,1009.94
U_node16node22_t3,0.0,1.0,B,U,,node16node22,3,715.96
U_node16node22_t4,0.0,1.0,B,U,,node16node22,4,507.56
U_node16node22_t5,0.0,1.0,B,U,,node16node22,5,359.82
U_node16node102_t0,0.0,0.0,B,U,,node16node102,0,0.0
U_node16node102_t1,0.0,1.0,B,U,,node16node102,1,0.0
U_node16node102_t2,0.0,1.0,B,U,,node16node102,2,0.0
U_node16node102_t3,0.0,1.0,B,U,,node16node102,3,0.0
U_node16node102_t4,0.0,1.0,B,U,,node16node102,4,0.0
U_node16node102_t5,0.0,1.0,B,U,,node16node102,5,0.0
U_node16node103_t0,0.0,0.0,B,U,,node16node103,0,0.0
U_node16node103_t1,0.0,1.0,B,U,,node16node103,1,0.0
U_node16node103_t2,0.0,1.0,B,U,,node16node103,2,0.0
U_node16node103_t3,0.0,1.0,B,U,,node16node103,3,0.0
U_node16node103_t4,0.0,1.0,B,U,,node16node103,4,0.0
U_node16node103_t5,0.0,1.0,B,U,,node16node103,5,0.0
U_node16node110_t0,0.0,0.0,B,U,,node16node110,0,0.0
U_node16node110_t1,0.0,1.0,B,U,,node16node110,1,0.0
U_node16node110_t2,0.0,1.0,B,U,,node16node110,2,0.0
U_node16node110_t3,0.0,1.0,B,U,,node16node110,3,0.0
U_node16node110_t4,0.0,1.0,B,U,,node16node110,4,0.0
U_node16node110_t5,0.0,1.0,B,U,,node16node110,5,0.0
U_node17node54_t0,0.0,0.0,B,U,,node17node54,0,493.0
U_node17node54_t1,0.0,1.0,B,U,,node17node54,1,415.09
U_node17node54_t2,0.0,1.0,B,U,,node17node54,2,294.27
U_node17node54_t3,0.0,1.0,B,U,,node17node54,3,208.61
U_node17node54_t4,0.0,1.0,B,U,,node17node54,4,147.89
U_node17node54_t5,0.0,1.0,B,U,,node17node54,5,104.84
U_node17node40_t0,0.0,0.0,B,U,,node17node40,0,387.0
U_node17node40_t1,0.0,1.0,B,U,,node17node40,1,325.84
U_node17node40_t2,0.0,1.0,B,U,,node17node40,2,231.0
U_node17node40_t3,0.0,1.0,B,U,,node17node40,3,163.76
U_node17node40_t4,0.0,1.0,B,U,,node17node40,4,116.09
U_node17node40_t5,0.0,1.0,B,U,,node17node40,5,82.3
U_node17node102_t0,0.0,0.0,B,U,,node17node102,0,0.0
U_node17node102_t1,0.0,1.0,B,U,,node17node102,1,0.0
U_node17node102_t2,0.0,1.0,B,U,,node17node102,2,0.0
U_node17node102_t3,0.0,1.0,B,U,,node17node102,3,0.0
U_node17node102_t4,0.0,1.0,B,U,,node17node102,4,0.0
U_node17node102_t5,0.0,1.0,B,U,,node17node102,5,0.0
U_node17node103_t0,0.0,0.0,B,U,,node17node103,0,0.0
U_node17node103_t1,0.0,1.0,B,U,,node17node103,1,0.0
U_node17node103_t2,0.0,1.0,B,U,,node17node103,2,0.0
U_node17node103_t3,0.0,1.0,B,U,,node17node103,3,0.0
U_node17node103_t4,0.0,1.0,B,U,,node17node103,4,0.0
U_node17node103_t5,0.0,1.0,B,U,,node17node103,5,0.0
U_node18node32_t0,0.0,0.0,B,U,,node18node32,0,637.0
U_node18node32_t1,0.0,1.0,B,U,,node18node32,1,536.34
U_node18node32_t2,0.0,1.0,B,U,,node18node32,2,380.22
U_node18node32_t3,0.0,1.0,B,U,,node18node32,3,269.54
U_node18node32_t4,0.0,1.0,B,U,,node18node32,4,191.09
U_node18node32_t5,0.0,1.0,B,U,,node18node32,5,135.46
U_node18node20_t0,0.0,0.0,B,U,,node18node20,0,1774.0
U_node18node20_t1,0.0,1.0,B,U,,node18node20,1,1493.66
U_node18node20_t2,0.0,1.0,B,U,,node18node20,2,1058.88
U_node18node20_t3,0.0,1.0,B,U,,node18node20,3,750.66
U_node18node20_t4,0.0,1.0,B,U,,node18node20,4,532.16
U_node18node20_t5,0.0,1.0,B,U,,node18node20,5,377.26
U_node18node96_t0,0.0,0.0,B,U,,node18node96,0,0.0
U_node18node96_t1,0.0,1.0,B,U,,node18node96,1,0.0
U_node18node96_t2,0.0,1.0,B,U,,node18node96,2,0.0
U_node18node96_t3,0.0,1.0,B,U,,node18node96,3,0.0
U_node18node96_t4,0.0,1.0,B,U,,node18node96,4,0.0
U_node18node96_t5,0.0,1.0,B,U,,node18node96,5,0.0
U_node18node101_t0,0.0,0.0,B,U,,node18node101,0,0.0
U_node18node101_t1,0.0,1.0,B,U,,node18node101,1,0.0
U_node18node101_t2,0.0,1.0,B,U,,node18node101,2,0.0
U_node18node101_t3,0.0,1.0,B,U,,node18node101,3,0.0
U_node18node101_t4,0.0,1.0,B,U,,node18node101,4,0.0
U_node18node101_t5,0.0,1.0,B,U,,node18node101,5,0.0
U_node19node72_t0,0.0,0.0,B,U,,node19node72,0,106.0
U_node19node72_t1,0.0,1.0,B,U,,node19node72,1,89.25
U_node19node72_t2,0.0,1.0,B,U,,node19node72,2,63.27
U_node19node72_t3,0.0,1.0,B,U,,node19node72,3,44.85
U_node19node72_t4,0.0,1.0,B,U,,node19node72,4,31.8
U_node19node72_t5,0.0,1.0,B,U,,node19node72,5,22.54
U_node19node49_t0,0.0,0.0,B,U,,node19node49,0,518.0
U_node19node49_t1,0.0,1.0,B,U,,node19node49,1,436.14
U_node19node49_t2,0.0,1.0,B,U,,node19node49,2,309.19
U_node19node49_t3,0.0,1.0,B,U,,node19node49,3,219.19
U_node19node49_t4,0.0,1.0,B,U,,node19node49,4,155.39
U_node19node49_t5,0.0,1.0,B,U,,node19node49,5,110.16
U_node19node97_t0,0.0,0.0,B,U,,node19node97,0,0.0
U_node19node97_t1,0.0,1.0,B,U,,node19node97,1,0.0
U_node19node97_t2,0.0,1.0,B,U,,node19node97,2,0.0
U_node19node97_t3,0.0,1.0,B,U,,node19node97,3,0.0
U_node19node97_t4,0.0,1.0,B,U,,node19node97,4,0.0
U_node19node97_t5,0.0,1.0,B,U,,node19node97,5,0.0
U_node19node114_t0,0.0,0.0,B,U,,node19node114,0,0.0
U_node19node114_t1,0.0,1.0,B,U,,node19node114,1,0.0
U_node19node114_t2,0.0,1.0,B,U,,node19node114,2,0.0
U_node19node114_t3,0.0,1.0,B,U,,node19node114,3,0.0
U_node19node114_t4,0.0,1.0,B,U,,node19node114,4,0.0
U_node19node114_t5,0.0,1.0,B,U,,node19node114,5,0.0
U_node20node37_t0,0.0,0.0,B,U,,node20node37,0,356.0
U_node20node37_t1,0.0,1.0,B,U,,node20node37,1,299.74
U_node20node37_t2,0.0,1.0,B,U,,node20node37,2,212.49
U_node20node37_t3,0.0,1.0,B,U,,node20node37,3,150.64
U_node20node37_t4,0.0,1.0,B,U,,node20node37,4,106.79
U_node20node37_t5,0.0,1.0,B,U,,node20node37,5,75.71
U_node20node24_t0,0.0,0.0,B,U,,node20node24,0,1156.0
U_node20node24_t1,0.0,1.0,B,U,,node20node24,1,973.32
U_node20node24_t2,0.0,1.0,B,U,,node20node24,2,690.01
U_node20node24_t3,0.0,1.0,B,U,,node20node24,3,489.16
U_node20node24_t4,0.0,1.0,B,U,,node20node24,4,346.77
U_node20node24_t5,0.0,1.0,B,U,,node20node24,5,245.83
U_node20node93_t0,0.0,0.0,B,U,,node20node93,0,0.0
U_node20node93_t1,0.0,1.0,B,U,,node20node93,1,0.0
U_node20node93_t2,0.0,1.0,B,U,,node20node93,2,0.0
U_node20node93_t3,0.0,1.0,B,U,,node20node93,3,0.0
U_node20node93_t4,0.0,1.0,B,U,,node20node93,4,0.0
U_node20node93_t5,0.0,1.0,B,U,,node20node93,5,0.0
U_node20node96_t0,0.0,0.0,B,U,,node20node96,0,0.0
U_node20node96_t1,0.0,1.0,B,U,,node20node96,1,0.0
U_node20node96_t2,0.0,1.0,B,U,,node20node96,2,0.0
U_node20node96_t3,0.0,1.0,B,U,,node20node96,3,0.0
U_node20node96_t4,0.0,1.0,B,U,,node20node96,4,0.0
U_node20node96_t5,0.0,1.0,B,U,,node20node96,5,0.0
U_node21node80_t0,0.0,0.0,B,U,,node21node80,0,400.0
U_node21node80_t1,0.0,1.0,B,U,,node21node80,1,336.79
U_node21node80_t2,0.0,1.0,B,U,,node21node80,2,238.76
U_node21node80_t3,0.0,1.0,B,U,,node21node80,3,169.26
U_node21node80_t4,0.0,1.0,B,U,,node21node80,4,119.99
U_node21node80_t5,0.0,1.0,B,U,,node21node80,5,85.06
U_node21node37_t0,0.0,0.0,B,U,,node21node37,0,608.0
U_node21node37_t1,0.0,1.0,B,U,,node21node37,1,511.92
U_node21node37_t2,0.0,1.0,B,U,,node21node37,2,362.91
U_node21node37_t3,0.0,1.0,B,U,,node21node37,3,257.27
U_node21node37_t4,0.0,1.0,B,U,,node21node37,4,182.39
U_node21node37_t5,0.0,1.0,B,U,,node21node37,5,129.3
U_node21node53_t0,0.0,0.0,B,U,,node21node53,0,818.0
U_node21node53_t1,0.0,1.0,B,U,,node21node53,1,688.73
U_node21node53_t2,0.0,1.0,B,U,,node21node53,2,488.26
U_node21node53_t3,0.0,1.0,B,U,,node21node53,3,346.13
U_node21node53_t4,0.0,1.0,B,U,,node21node53,4,245.38
U_node21node53_t5,0.0,1.0,B,U,,node21node53,5,173.96
U_node21node93_t0,0.0,0.0,B,U,,node21node93,0,0.0
U_node21node93_t1,0.0,1.0,B,U,,node21node93,1,0.0
U_node21node93_t2,0.0,1.0,B,U,,node21node93,2,0.0
U_node21node93_t3,0.0,1.0,B,U,,node21node93,3,0.0
U_node21node93_t4,0.0,1.0,B,U,,node21node93,4,0.0
U_node21node93_t5,0.0,1.0,B,U,,node21node93,5,0.0
U_node21node100_t0,0.0,0.0,B,U,,node21node100,0,0.0
U_node21node100_t1,0.0,1.0,B,U,,node21node100,1,0.0
U_node21node100_t2,0.0,1.0,B,U,,node21node100,2,0.0
U_node21node100_t3,0.0,1.0,B,U,,node21node100,3,0.0
U_node21node100_t4,0.0,1.0,B,U,,node21node100,4,0.0
U_node21node100_t5,0.0,1.0,B,U,,node21node100,5,0.0
U_node22node45_t0,0.0,0.0,B,U,,node22node45,0,367.0
U_node22node45_t1,0.0,1.0,B,U,,node22node45,1,309.0
U_node22node45_t2,0.0,1.0,B,U,,node22node45,2,219.06
U_node22node45_t3,0.0,1.0,B,U,,node22node45,3,155.29
U_node22node45_t4,0.0,1.0,B,U,,node22node45,4,110.09
U_node22node45_t5,0.0,1.0,B,U,,node22node45,5,78.05
U_node22node102_t0,0.0,0.0,B,U,,node22node102,0,0.0
U_node22node102_t1,0.0,1.0,B,U,,node22node102,1,0.0
U_node22node102_t2,0.0,1.0,B,U,,node22node102,2,0.0
U_node22node102_t3,0.0,1.0,B,U,,node22node102,3,0.0
U_node22node102_t4,0.0,1.0,B,U,,node22node102,4,0.0
U_node22node102_t5,0.0,1.0,B,U,,node22node102,5,0.0
U_node22node108_t0,0.0,0.0,B,U,,node22node108,0,0.0
U_node22node108_t1,0.0,1.0,B,U,,node22node108,1,0.0
U_node22node108_t2,0.0,1.0,B,U,,node22node108,2,0.0
U_node22node108_t3,0.0,1.0,B,U,,node22node108,3,0.0
U_node22node108_t4,0.0,1.0,B,U,,node22node108,4,0.0
U_node22node108_t5,0.0,1.0,B,U,,node22node108,5,0.0
U_node22node110_t0,0.0,0.0,B,U,,node22node110,0,0.0
U_node22node110_t1,0.0,1.0,B,U,,node22node110,1,0.0
U_node22node110_t2,0.0,1.0,B,U,,node22node110,2,0.0
U_node22node110_t3,0.0,1.0,B,U,,node22node110,3,0.0
U_node22node110_t4,0.0,1.0,B,U,,node22node110,4,0.0
U_node22node110_t5,0.0,1.0,B,U,,node22node110,5,0.0
U_node23node40_t0,0.0,0.0,B,U,,node23node40,0,1483.0
U_node23node40_t1,0.0,1.0,B,U,,node23node40,1,1248.65
U_node23node40_t2,0.0,1.0,B,U,,node23node40,2,885.19
U_node23node40_t3,0.0,1.0,B,U,,node23node40,3,627.53
U_node23node40_t4,0.0,1.0,B,U,,node23node40,4,444.87
U_node23node40_t5,0.0,1.0,B,U,,node23node40,5,315.37
U_node23node104_t0,0.0,0.0,B,U,,node23node104,0,0.0
U_node23node104_t1,0.0,1.0,B,U,,node23node104,1,0.0
U_node23node104_t2,0.0,1.0,B,U,,node23node104,2,0.0
U_node23node104_t3,0.0,1.0,B,U,,node23node104,3,0.0
U_node23node104_t4,0.0,1.0,B,U,,node23node104,4,0.0
U_node23node104_t5,0.0,1.0,B,U,,node23node104,5,0.0
U_node23node105_t0,0.0,0.0,B,U,,node23node105,0,0.0
U_node23node105_t1,0.0,1.0,B,U,,node23node105,1,0.0
U_node23node105_t2,0.0,1.0,B,U,,node23node105,2,0.0
U_node23node105_t3,0.0,1.0,B,U,,node23node105,3,0.0
U_node23node105_t4,0.0,1.0,B,U,,node23node105,4,0.0
U_node23node105_t5,0.0,1.0,B,U,,node23node105,5,0.0
U_node24node25_t0,0.0,0.0,B,U,,node24node25,0,748.0
U_node24node25_t1,0.0,1.0,B,U,,node24node25,1,629.8
U_node24node25_t2,0.0,1.0,B,U,,node24node25,2,446.47
U_node24node25_t3,0.0,1.0,B,U,,node24node25,3,316.51
U_node24node25_t4,0.0,1.0,B,U,,node24node25,4,224.38
U_node24node25_t5,0.0,1.0,B,U,,node24node25,5,159.07
U_node24node93_t0,0.0,0.0,B,U,,node24node93,0,0.0
U_node24node93_t1,0.0,1.0,B,U,,node24node93,1,0.0
U_node24node93_t2,0.0,1.0,B,U,,node24node93,2,0.0
U_node24node93_t3,0.0,1.0,B,U,,node24node93,3,0.0
U_node24node93_t4,0.0,1.0,B,U,,node24node93,4,0.0
U_node24node93_t5,0.0,1.0,B,U,,node24node93,5,0.0
U_node24node95_t0,0.0,0.0,B,U,,node24node95,0,0.0
U_node24node95_t1,0.0,1.0,B,U,,node24node95,1,0.0
U_node24node95_t2,0.0,1.0,B,U,,node24node95,2,0.0
U_node24node95_t3,0.0,1.0,B,U,,node24node95,3,0.0
U_node24node95_t4,0.0,1.0,B,U,,node24node95,4,0.0
U_node24node95_t5,0.0,1.0,B,U,,node24node95,5,0.0
U_node24node96_t0,0.0,0.0,B,U,,node24node96,0,0.0
U_node24node96_t1,0.0,1.0,B,U,,node24node96,1,0.0
U_node24node96_t2,0.0,1.0,B,U,,node24node96,2,0.0
U_node24node96_t3,0.0,1.0,B,U,,node24node96,3,0.0
U_node24node96_t4,0.0,1.0,B,U,,node24node96,4,0.0
U_node24node96_t5,0.0,1.0,B,U,,node24node96,5,0.0
U_node25node95_t0,0.0,0.0,B,U,,node25node95,0,0.0
U_node25node95_t1,0.0,1.0,B,U,,node25node95,1,0.0
U_node25node95_t2,0.0,1.0,B,U,,node25node95,2,0.0
U_node25node95_t3,0.0,1.0,B,U,,node25node95,3,0.0
U_node25node95_t4,0.0,1.0,B,U,,node25node95,4,0.0
U_node25node95_t5,0.0,1.0,B,U,,node25node95,5,0.0
U_node25node96_t0,0.0,0.0,B,U,,node25node96,0,0.0
U_node25node96_t1,0.0,1.0,B,U,,node25node96,1,0.0
U_node25node96_t2,0.0,1.0,B,U,,node25node96,2,0.0
U_node25node96_t3,0.0,1.0,B,U,,node25node96,3,0.0
U_node25node96_t4,0.0,1.0,B,U,,node25node96,4,0.0
U_node25node96_t5,0.0,1.0,B,U,,node25node96,5,0.0
U_node25node108_t0,0.0,0.0,B,U,,node25node108,0,0.0
U_node25node108_t1,0.0,1.0,B,U,,node25node108,1,0.0
U_node25node108_t2,0.0,1.0,B,U,,node25node108,2,0.0
U_node25node108_t3,0.0,1.0,B,U,,node25node108,3,0.0
U_node25node108_t4,0.0,1.0,B,U,,node25node108,4,0.0
U_node25node108_t5,0.0,1.0,B,U,,node25node108,5,0.0
U_node26node39_t0,0.0,0.0,B,U,,node26node39,0,13.0
U_node26node39_t1,0.0,1.0,B,U,,node26node39,1,10.95
U_node26node39_t2,0.0,1.0,B,U,,node26node39,2,7.76
U_node26node39_t3,0.0,1.0,B,U,,node26node39,3,5.5
U_node26node39_t4,0.0,1.0,B,U,,node26node39,4,3.9
U_node26node39_t5,0.0,1.0,B,U,,node26node39,5,2.76
U_node26node42_t0,0.0,0.0,B,U,,node26node42,0,196.0
U_node26node42_t1,0.0,1.0,B,U,,node26node42,1,165.03
U_node26node42_t2,0.0,1.0,B,U,,node26node42,2,116.99
U_node26node42_t3,0.0,1.0,B,U,,node26node42,3,82.94
U_node26node42_t4,0.0,1.0,B,U,,node26node42,4,58.8
U_node26node42_t5,0.0,1.0,B,U,,node26node42,5,41.68
U_node26node53_t0,0.0,0.0,B,U,,node26node53,0,1714.0
U_node26node53_t1,0.0,1.0,B,U,,node26node53,1,1443.14
U_node26node53_t2,0.0,1.0,B,U,,node26node53,2,1023.07
U_node26node53_t3,0.0,1.0,B,U,,node26node53,3,725.27
U_node26node53_t4,0.0,1.0,B,U,,node26node53,4,514.16
U_node26node53_t5,0.0,1.0,B,U,,node26node53,5,364.5
U_node26node92_t0,0.0,0.0,B,U,,node26node92,0,0.0
U_node26node92_t1,0.0,1.0,B,U,,node26node92,1,0.0
U_node26node92_t2,0.0,1.0,B,U,,node26node92,2,0.0
U_node26node92_t3,0.0,1.0,B,U,,node26node92,3,0.0
U_node26node92_t4,0.0,1.0,B,U,,node26node92,4,0.0
U_node26node92_t5,0.0,1.0,B,U,,node26node92,5,0.0
U_node26node93_t0,0.0,0.0,B,U,,node26node93,0,0.0
U_node26node93_t1,0.0,1.0,B,U,,node26node93,1,0.0
U_node26node93_t2,0.0,1.0,B,U,,node26node93,2,0.0
U_node26node93_t3,0.0,1.0,B,U,,node26node93,3,0.0
U_node26node93_t4,0.0,1.0,B,U,,node26node93,4,0.0
U_node26node93_t5,0.0,1.0,B,U,,node26node93,5,0.0
U_node27node81_t0,0.0,0.0,B,U,,node27node81,0,1351.0
U_node27node81_t1,0.0,1.0,B,U,,node27node81,1,1137.51
U_node27node81_t2,0.0,1.0,B,U,,node27node81,2,806.4
U_node27node81_t3,0.0,1.0,B,U,,node27node81,3,571.67
U_node27node81_t4,0.0,1.0,B,U,,node27node81,4,405.27
U_node27node81_t5,0.0,1.0,B,U,,node27node81,5,287.3
U_node27node79_t0,0.0,0.0,B,U,,node27node79,0,3009.0
U_node27node79_t1,0.0,1.0,B,U,,node27node79,1,2533.5
U_node27node79_t2,0.0,1.0,B,U,,node27node79,2,1796.04
U_node27node79_t3,0.0,1.0,B,U,,node27node79,3,1273.25
U_node27node79_t4,0.0,1.0,B,U,,node27node79,4,902.63
U_node27node79_t5,0.0,1.0,B,U,,node27node79,5,639.89
U_node27node100_t0,0.0,0.0,B,U,,node27node100,0,0.0
U_node27node100_t1,0.0,1.0,B,U,,node27node100,1,0.0
U_node27node100_t2,0.0,1.0,B,U,,node27node100,2,0.0
U_node27node100_t3,0.0,1.0,B,U,,node27node100,3,0.0
U_node27node100_t4,0.0,1.0,B,U,,node27node100,4,0.0
U_node27node100_t5,0.0,1.0,B,U,,node27node100,5,0.0
U_node28node46_t0,0.0,0.0,B,U,,node28node46,0,912.0
U_node28node46_t1,0.0,1.0,B,U,,node28node46,1,767.88
U_node28node46_t2,0.0,1.0,B,U,,node28node46,2,544.36
U_node28node46_t3,0.0,1.0,B,U,,node28node46,3,385.91
U_node28node46_t4,0.0,1.0,B,U,,node28node46,4,273.58
U_node28node46_t5,0.0,1.0,B,U,,node28node46,5,193.95
U_node28node56_t0,0.0,0.0,B,U,,node28node56,0,3194.0
U_node28node56_t1,0.0,1.0,B,U,,node28node56,1,2689.26
U_node28node56_t2,0.0,1.0,B,U,,node28node56,2,1906.47
U_node28node56_t3,0.0,1.0,B,U,,node28node56,3,1351.53
U_node28node56_t4,0.0,1.0,B,U,,node28node56,4,958.13
U_node28node56_t5,0.0,1.0,B,U,,node28node56,5,679.23
U_node28node48_t0,0.0,0.0,B,U,,node28node48,0,3047.0
U_node28node48_t1,0.0,1.0,B,U,,node28node48,1,2565.49
U_node28node48_t2,0.0,1.0,B,U,,node28node48,2,1818.73
U_node28node48_t3,0.0,1.0,B,U,,node28node48,3,1289.33
U_node28node48_t4,0.0,1.0,B,U,,node28node48,4,914.03
U_node28node48_t5,0.0,1.0,B,U,,node28node48,5,647.97
U_node28node90_t0,0.0,0.0,B,U,,node28node90,0,0.0
U_node28node90_t1,0.0,1.0,B,U,,node28node90,1,0.0
U_node28node90_t2,0.0,1.0,B,U,,node28node90,2,0.0
U_node28node90_t3,0.0,1.0,B,U,,node28node90,3,0.0
U_node28node90_t4,0.0,1.0,B,U,,node28node90,4,0.0
U_node28node90_t5,0.0,1.0,B,U,,node28node90,5,0.0
U_node28node94_t0,0.0,0.0,B,U,,node28node94,0,0.0
U_node28node94_t1,0.0,1.0,B,U,,node28node94,1,0.0
U_node28node94_t2,0.0,1.0,B,U,,node28node94,2,0.0
U_node28node94_t3,0.0,1.0,B,U,,node28node94,3,0.0
U_node28node94_t4,0.0,1.0,B,U,,node28node94,4,0.0
U_node28node94_t5,0.0,1.0,B,U,,node28node94,5,0.0
U_node28node97_t0,0.0,0.0,B,U,,node28node97,0,0.0
U_node28node97_t1,0.0,1.0,B,U,,node28node97,1,0.0
U_node28node97_t2,0.0,1.0,B,U,,node28node97,2,0.0
U_node28node97_t3,0.0,1.0,B,U,,node28node97,3,0.0
U_node28node97_t4,0.0,1.0,B,U,,node28node97,4,0.0
U_node28node97_t5,0.0,1.0,B,U,,node28node97,5,0.0
U_node29node47_t0,0.0,0.0,B,U,,node29node47,0,36.0
U_node29node47_t1,0.0,1.0,B,U,,node29node47,1,30.31
U_node29node47_t2,0.0,1.0,B,U,,node29node47,2,21.49
U_node29node47_t3,0.0,1.0,B,U,,node29node47,3,15.23
U_node29node47_t4,0.0,1.0,B,U,,node29node47,4,10.8
U_node29node47_t5,0.0,1.0,B,U,,node29node47,5,7.66
U_node29node44_t0,0.0,0.0,B,U,,node29node44,0,541.0
U_node29node44_t1,0.0,1.0,B,U,,node29node44,1,455.51
U_node29node44_t2,0.0,1.0,B,U,,node29node44,2,322.92
U_node29node44_t3,0.0,1.0,B,U,,node29node44,3,228.92
U_node29node44_t4,0.0,1.0,B,U,,node29node44,4,162.29
U_node29node44_t5,0.0,1.0,B,U,,node29node44,5,115.05
U_node29node107_t0,0.0,0.0,B,U,,node29node107,0,0.0
U_node29node107_t1,0.0,1.0,B,U,,node29node107,1,0.0
U_node29node107_t2,0.0,1.0,B,U,,node29node107,2,0.0
U_node29node107_t3,0.0,1.0,B,U,,node29node107,3,0.0
U_node29node107_t4,0.0,1.0,B,U,,node29node107,4,0.0
U_node29node107_t5,0.0,1.0,B,U,,node29node107,5,0.0
U_node30node36_t0,0.0,0.0,B,U,,node30node36,0,1155.0
U_node30node36_t1,0.0,1.0,B,U,,node30node36,1,972.48
U_node30node36_t2,0.0,1.0,B,U,,node30node36,2,689.41
U_node30node36_t3,0.0,1.0,B,U,,node30node36,3,488.73
U_node30node36_t4,0.0,1.0,B,U,,node30node36,4,346.47
U_node30node36_t5,0.0,1.0,B,U,,node30node36,5,245.62
U_node30node45_t0,0.0,0.0,B,U,,node30node45,0,3623.0
U_node30node45_t1,0.0,1.0,B,U,,node30node45,1,3050.47
U_node30node45_t2,0.0,1.0,B,U,,node30node45,2,2162.53
U_node30node45_t3,0.0,1.0,B,U,,node30node45,3,1533.06
U_node30node45_t4,0.0,1.0,B,U,,node30node45,4,1086.82
U_node30node45_t5,0.0,1.0,B,U,,node30node45,5,770.46
U_node30node107_t0,0.0,0.0,B,U,,node30node107,0,0.0
U_node30node107_t1,0.0,1.0,B,U,,node30node107,1,0.0
U_node30node107_t2,0.0,1.0,B,U,,node30node107,2,0.0
U_node30node107_t3,0.0,1.0,B,U,,node30node107,3,0.0
U_node30node107_t4,0.0,1.0,B,U,,node30node107,4,0.0
U_node30node107_t5,0.0,1.0,B,U,,node30node107,5,0.0
U_node30node108_t0,0.0,0.0,B,U,,node30node108,0,0.0
U_node30node108_t1,0.0,1.0,B,U,,node30node108,1,0.0
U_node30node108_t2,0.0,1.0,B,U,,node30node108,2,0.0
U_node30node108_t3,0.0,1.0,B,U,,node30node108,3,0.0
U_node30node108_t4,0.0,1.0,B,U,,node30node108,4,0.0
U_node30node108_t5,0.0,1.0,B,U,,node30node108,5,0.0
U_node30node109_t0,0.0,0.0,B,U,,node30node109,0,0.0
U_node30node109_t1,0.0,1.0,B,U,,node30node109,1,0.0
U_node30node109_t2,0.0,1.0,B,U,,node30node109,2,0.0
U_node30node109_t3,0.0,1.0,B,U,,node30node109,3,0.0
U_node30node109_t4,0.0,1.0,B,U,,node30node109,4,0.0
U_node30node109_t5,0.0,1.0,B,U,,node30node109,5,0.0
U_node31node45_t0,0.0,0.0,B,U,,node31node45,0,480.0
U_node31node45_t1,0.0,1.0,B,U,,node31node45,1,404.15
U_node31node45_t2,0.0,1.0,B,U,,node31node45,2,286.51
U_node31node45_t3,0.0,1.0,B,U,,node31node45,3,203.11
U_node31node45_t4,0.0,1.0,B,U,,node31node45,4,143.99
U_node31node45_t5,0.0,1.0,B,U,,node31node45,5,102.08
U_node31node84_t0,0.0,0.0,B,U,,node31node84,0,3611.0
U_node31node84_t1,0.0,1.0,B,U,,node31node84,1,3040.37
U_node31node84_t2,0.0,1.0,B,U,,node31node84,2,2155.37
U_node31node84_t3,0.0,1.0,B,U,,node31node84,3,1527.98
U_node31node84_t4,0.0,1.0,B,U,,node31node84,4,1083.22
U_node31node84_t5,0.0,1.0,B,U,,node31node84,5,767.91
U_node31node34_t0,0.0,0.0,B,U,,node31node34,0,3706.0
U_node31node34_t1,0.0,1.0,B,U,,node31node34,1,3120.35
U_node31node34_t2,0.0,1.0,B,U,,node31node34,2,2212.08
U_node31node34_t3,0.0,1.0,B,U,,node31node34,3,1568.18
U_node31node34_t4,0.0,1.0,B,U,,node31node34,4,1111.71
U_node31node34_t5,0.0,1.0,B,U,,node31node34,5,788.12
U_node31node109_t0,0.0,0.0,B,U,,node31node109,0,0.0
U_node31node109_t1,0.0,1.0,B,U,,node31node109,1,0.0
U_node31node109_t2,0.0,1.0,B,U,,node31node109,2,0.0
U_node31node109_t3,0.0,1.0,B,U,,node31node109,3,0.0
U_node31node109_t4,0.0,1.0,B,U,,node31node109,4,0.0
U_node31node109_t5,0.0,1.0,B,U,,node31node109,5,0.0
U_node31node110_t0,0.0,0.0,B,U,,node31node110,0,0.0
U_node31node110_t1,0.0,1.0,B,U,,node31node110,1,0.0
U_node31node110_t2,0.0,1.0,B,U,,node31node110,2,0.0
U_node31node110_t3,0.0,1.0,B,U,,node31node110,3,0.0
U_node31node110_t4,0.0,1.0,B,U,,node31node110,4,0.0
U_node31node110_t5,0.0,1.0,B,U,,node31node110,5,0.0
U_node31node111_t0,0.0,0.0,B,U,,node31node111,0,0.0
U_node31node111_t1,0.0,1.0,B,U,,node31node111,1,0.0
U_node31node111_t2,0.0,1.0,B,U,,node31node111,2,0.0
U_node31node111_t3,0.0,1.0,B,U,,node31node111,3,0.0
U_node31node111_t4,0.0,1.0,B,U,,node31node111,4,0.0
U_node31node111_t5,0.0,1.0,B,U,,node31node111,5,0.0
U_node32node37_t0,0.0,0.0,B,U,,node32node37,0,228.0
U_node32node37_t1,0.0,1.0,B,U,,node32node37,1,191.97
U_node32node37_t2,0.0,1.0,B,U,,node32node37,2,136.09
U_node32node37_t3,0.0,1.0,B,U,,node32node37,3,96.48
U_node32node37_t4,0.0,1.0,B,U,,node32node37,4,68.39
U_node32node37_t5,0.0,1.0,B,U,,node32node37,5,48.49
U_node32node59_t0,0.0,0.0,B,U,,node32node59,0,2579.0
U_node32node59_t1,0.0,1.0,B,U,,node32node59,1,2171.45
U_node32node59_t2,0.0,1.0,B,U,,node32node59,2,1539.38
U_node32node59_t3,0.0,1.0,B,U,,node32node59,3,1091.3
U_node32node59_t4,0.0,1.0,B,U,,node32node59,4,773.64
U_node32node59_t5,0.0,1.0,B,U,,node32node59,5,548.45
U_node32node100_t0,0.0,0.0,B,U,,node32node100,0,0.0
U_node32node100_t1,0.0,1.0,B,U,,node32node100,1,0.0
U_node32node100_t2,0.0,1.0,B,U,,node32node100,2,0.0
U_node32node100_t3,0.0,1.0,B,U,,node32node100,3,0.0
U_node32node100_t4,0.0,1.0,B,U,,node32node100,4,0.0
U_node32node100_t5,0.0,1.0,B,U,,node32node100,5,0.0
U_node32node101_t0,0.0,0.0,B,U,,node32node101,0,0.0
U_node32node101_t1,0.0,1.0,B,U,,node32node101,1,0.0
U_node32node101_t2,0.0,1.0,B,U,,node32node101,2,0.0
U_node32node101_t3,0.0,1.0,B,U,,node32node101,3,0.0
U_node32node101_t4,0.0,1.0,B,U,,node32node101,4,0.0
U_node32node101_t5,0.0,1.0,B,U,,node32node101,5,0.0
U_node33node88_t0,0.0,0.0,B,U,,node33node88,0,3649.0
U_node33node88_t1,0.0,1.0,B,U,,node33node88,1,3072.36
U_node33node88_t2,0.0,1.0,B,U,,node33node88,2,2178.05
U_node33node88_t3,0.0,1.0,B,U,,node33node88,3,1544.06
U_node33node88_t4,0.0,1.0,B,U,,node33node88,4,1094.62
U_node33node88_t5,0.0,1.0,B,U,,node33node88,5,775.99
U_node33node111_t0,0.0,0.0,B,U,,node33node111,0,0.0
U_node33node111_t1,0.0,1.0,B,U,,node33node111,1,0.0
U_node33node111_t2,0.0,1.0,B,U,,node33node111,2,0.0
U_node33node111_t3,0.0,1.0,B,U,,node33node111,3,0.0
U_node33node111_t4,0.0,1.0,B,U,,node33node111,4,0.0
U_node33node111_t5,0.0,1.0,B,U,,node33node111,5,0.0
U_node33node112_t0,0.0,0.0,B,U,,node33node112,0,0.0
U_node33node112_t1,0.0,1.0,B,U,,node33node112,1,0.0
U_node33node112_t2,0.0,1.0,B,U,,node33node112,2,0.0
U_node33node112_t3,0.0,1.0,B,U,,node33node112,3,0.0
U_node33node112_t4,0.0,1.0,B,U,,node33node112,4,0.0
U_node33node112_t5,0.0,1.0,B,U,,node33node112,5,0.0
U_node34node38_t0,0.0,0.0,B,U,,node34node38,0,20.0
U_node34node38_t1,0.0,1.0,B,U,,node34node38,1,16.84
U_node34node38_t2,0.0,1.0,B,U,,node34node38,2,11.94
U_node34node38_t3,0.0,1.0,B,U,,node34node38,3,8.46
U_node34node38_t4,0.0,1.0,B,U,,node34node38,4,6.0
U_node34node38_t5,0.0,1.0,B,U,,node34node38,5,4.25
U_node34node106_t0,0.0,0.0,B,U,,node34node106,0,0.0
U_node34node106_t1,0.0,1.0,B,U,,node34node106,1,0.0
U_node34node106_t2,0.0,1.0,B,U,,node34node106,2,0.0
U_node34node106_t3,0.0,1.0,B,U,,node34node106,3,0.0
U_node34node106_t4,0.0,1.0,B,U,,node34node106,4,0.0
U_node34node106_t5,0.0,1.0,B,U,,node34node106,5,0.0
U_node34node110_t0,0.0,0.0,B,U,,node34node110,0,0.0
U_node34node110_t1,0.0,1.0,B,U,,node34node110,1,0.0
U_node34node110_t2,0.0,1.0,B,U,,node34node110,2,0.0
U_node34node110_t3,0.0,1.0,B,U,,node34node110,3,0.0
U_node34node110_t4,0.0,1.0,B,U,,node34node110,4,0.0
U_node34node110_t5,0.0,1.0,B,U,,node34node110,5,0.0
U_node34node111_t0,0.0,0.0,B,U,,node34node111,0,0.0
U_node34node111_t1,0.0,1.0,B,U,,node34node111,1,0.0
U_node34node111_t2,0.0,1.0,B,U,,node34node111,2,0.0
U_node34node111_t3,0.0,1.0,B,U,,node34node111,3,0.0
U_node34node111_t4,0.0,1.0,B,U,,node34node111,4,0.0
U_node34node111_t5,0.0,1.0,B,U,,node34node111,5,0.0
U_node34node113_t0,0.0,0.0,B,U,,node34node113,0,0.0
U_node34node113_t1,0.0,1.0,B,U,,node34node113,1,0.0
U_node34node113_t2,0.0,1.0,B,U,,node34node113,2,0.0
U_node34node113_t3,0.0,1.0,B,U,,node34node113,3,0.0
U_node34node113_t4,0.0,1.0,B,U,,node34node113,4,0.0
U_node34node113_t5,0.0,1.0,B,U,,node34node113,5,0.0
U_node35node51_t0,0.0,0.0,B,U,,node35node51,0,105.0
U_node35node51_t1,0.0,1.0,B,U,,node35node51,1,88.41
U_node35node51_t2,0.0,1.0,B,U,,node35node51,2,62.67
U_node35node51_t3,0.0,1.0,B,U,,node35node51,3,44.43
U_node35node51_t4,0.0,1.0,B,U,,node35node51,4,31.5
U_node35node51_t5,0.0,1.0,B,U,,node35node51,5,22.33
U_node35node114_t0,0.0,0.0,B,U,,node35node114,0,0.0
U_node35node114_t1,0.0,1.0,B,U,,node35node114,1,0.0
U_node35node114_t2,0.0,1.0,B,U,,node35node114,2,0.0
U_node35node114_t3,0.0,1.0,B,U,,node35node114,3,0.0
U_node35node114_t4,0.0,1.0,B,U,,node35node114,4,0.0
U_node35node114_t5,0.0,1.0,B,U,,node35node114,5,0.0
U_node36node107_t0,0.0,0.0,B,U,,node36node107,0,0.0
U_node36node107_t1,0.0,1.0,B,U,,node36node107,1,0.0
U_node36node107_t2,0.0,1.0,B,U,,node36node107,2,0.0
U_node36node107_t3,0.0,1.0,B,U,,node36node107,3,0.0
U_node36node107_t4,0.0,1.0,B,U,,node36node107,4,0.0
U_node36node107_t5,0.0,1.0,B,U,,node36node107,5,0.0
U_node36node108_t0,0.0,0.0,B,U,,node36node108,0,0.0
U_node36node108_t1,0.0,1.0,B,U,,node36node108,1,0.0
U_node36node108_t2,0.0,1.0,B,U,,node36node108,2,0.0
U_node36node108_t3,0.0,1.0,B,U,,node36node108,3,0.0
U_node36node108_t4,0.0,1.0,B,U,,node36node108,4,0.0
U_node36node108_t5,0.0,1.0,B,U,,node36node108,5,0.0
U_node37node93_t0,0.0,0.0,B,U,,node37node93,0,0.0
U_node37node93_t1,0.0,1.0,B,U,,node37node93,1,0.0
U_node37node93_t2,0.0,1.0,B,U,,node37node93,2,0.0
U_node37node93_t3,0.0,1.0,B,U,,node37node93,3,0.0
U_node37node93_t4,0.0,1.0,B,U,,node37node93,4,0.0
U_node37node93_t5,0.0,1.0,B,U,,node37node93,5,0.0
U_node37node100_t0,0.0,0.0,B,U,,node37node100,0,0.0
U_node37node100_t1,0.0,1.0,B,U,,node37node100,1,0.0
U_node37node100_t2,0.0,1.0,B,U,,node37node100,2,0.0
U_node37node100_t3,0.0,1.0,B,U,,node37node100,3,0.0
U_node37node100_t4,0.0,1.0,B,U,,node37node100,4,0.0
U_node37node100_t5,0.0,1.0,B,U,,node37node100,5,0.0
U_node38node111_t0,0.0,0.0,B,U,,node38node111,0,0.0
U_node38node111_t1,0.0,1.0,B,U,,node38node111,1,0.0
U_node38node111_t2,0.0,1.0,B,U,,node38node111,2,0.0
U_node38node111_t3,0.0,1.0,B,U,,node38node111,3,0.0
U_node38node111_t4,0.0,1.0,B,U,,node38node111,4,0.0
U_node38node111_t5,0.0,1.0,B,U,,node38node111,5,0.0
U_node38node113_t0,0.0,0.0,B,U,,node38node113,0,0.0
U_node38node113_t1,0.0,1.0,B,U,,node38node113,1,0.0
U_node38node113_t2,0.0,1.0,B,U,,node38node113,2,0.0
U_node38node113_t3,0.0,1.0,B,U,,node38node113,3,0.0
U_node38node113_t4,0.0,1.0,B,U,,node38node113,4,0.0
U_node38node113_t5,0.0,1.0,B,U,,node38node113,5,0.0
U_node39node92_t0,0.0,0.0,B,U,,node39node92,0,0.0
U_node39node92_t1,0.0,1.0,B,U,,node39node92,1,0.0
U_node39node92_t2,0.0,1.0,B,U,,node39node92,2,0.0
U_node39node92_t3,0.0,1.0,B,U,,node39node92,3,0.0
U_node39node92_t4,0.0,1.0,B,U,,node39node92,4,0.0
U_node39node92_t5,0.0,1.0,B,U,,node39node92,5,0.0
U_node39node93_t0,0.0,0.0,B,U,,node39node93,0,0.0
U_node39node93_t1,0.0,1.0,B,U,,node39node93,1,0.0
U_node39node93_t2,0.0,1.0,B,U,,node39node93,2,0.0
U_node39node93_t3,0.0,1.0,B,U,,node39node93,3,0.0
U_node39node93_t4,0.0,1.0,B,U,,node39node93,4,0.0
U_node39node93_t5,0.0,1.0,B,U,,node39node93,5,0.0
U_node40node55_t0,0.0,0.0,B,U,,node40node55,0,1273.0
U_node40node55_t1,0.0,1.0,B,U,,node40node55,1,1071.83
U_node40node55_t2,0.0,1.0,B,U,,node40node55,2,759.84
U_node40node55_t3,0.0,1.0,B,U,,node40node55,3,538.67
U_node40node55_t4,0.0,1.0,B,U,,node40node55,4,381.87
U_node40node55_t5,0.0,1.0,B,U,,node40node55,5,270.72
U_node40node103_t0,0.0,0.0,B,U,,node40node103,0,0.0
U_node40node103_t1,0.0,1.0,B,U,,node40node103,1,0.0
U_node40node103_t2,0.0,1.0,B,U,,node40node103,2,0.0
U_node40node103_t3,0.0,1.0,B,U,,node40node103,3,0.0
U_node40node103_t4,0.0,1.0,B,U,,node40node103,4,0.0
U_node40node103_t5,0.0,1.0,B,U,,node40node103,5,0.0
U_node40node104_t0,0.0,0.0,B,U,,node40node104,0,0.0
U_node40node104_t1,0.0,1.0,B,U,,node40node104,1,0.0
U_node40node104_t2,0.0,1.0,B,U,,node40node104,2,0.0
U_node40node104_t3,0.0,1.0,B,U,,node40node104,3,0.0
U_node40node104_t4,0.0,1.0,B,U,,node40node104,4,0.0
U_node40node104_t5,0.0,1.0,B,U,,node40node104,5,0.0
U_node41node82_t0,0.0,0.0,B,U,,node41node82,0,1352.0
U_node41node82_t1,0.0,1.0,B,U,,node41node82,1,1138.35
U_node41node82_t2,0.0,1.0,B,U,,node41node82,2,807.0
U_node41node82_t3,0.0,1.0,B,U,,node41node82,3,572.09
U_node41node82_t4,0.0,1.0,B,U,,node41node82,4,405.57
U_node41node82_t5,0.0,1.0,B,U,,node41node82,5,287.52
U_node41node59_t0,0.0,0.0,B,U,,node41node59,0,2124.0
U_node41node59_t1,0.0,1.0,B,U,,node41node59,1,1788.35
U_node41node59_t2,0.0,1.0,B,U,,node41node59,2,1267.8
U_node41node59_t3,0.0,1.0,B,U,,node41node59,3,898.76
U_node41node59_t4,0.0,1.0,B,U,,node41node59,4,637.15
U_node41node59_t5,0.0,1.0,B,U,,node41node59,5,451.69
U_node41node100_t0,0.0,0.0,B,U,,node41node100,0,0.0
U_node41node100_t1,0.0,1.0,B,U,,node41node100,1,0.0
U_node41node100_t2,0.0,1.0,B,U,,node41node100,2,0.0
U_node41node100_t3,0.0,1.0,B,U,,node41node100,3,0.0
U_node41node100_t4,0.0,1.0,B,U,,node41node100,4,0.0
U_node41node100_t5,0.0,1.0,B,U,,node41node100,5,0.0
U_node42node70_t0,0.0,0.0,B,U,,node42node70,0,1203.0
U_node42node70_t1,0.0,1.0,B,U,,node42node70,1,1012.89
U_node42node70_t2,0.0,1.0,B,U,,node42node70,2,718.06
U_node42node70_t3,0.0,1.0,B,U,,node42node70,3,509.05
U_node42node70_t4,0.0,1.0,B,U,,node42node70,4,360.87
U_node42node70_t5,0.0,1.0,B,U,,node42node70,5,255.83
U_node42node92_t0,0.0,0.0,B,U,,node42node92,0,0.0
U_node42node92_t1,0.0,1.0,B,U,,node42node92,1,0.0
U_node42node92_t2,0.0,1.0,B,U,,node42node92,2,0.0
U_node42node92_t3,0.0,1.0,B,U,,node42node92,3,0.0
U_node42node92_t4,0.0,1.0,B,U,,node42node92,4,0.0
U_node42node92_t5,0.0,1.0,B,U,,node42node92,5,0.0
U_node42node94_t0,0.0,0.0,B,U,,node42node94,0,0.0
U_node42node94_t1,0.0,1.0,B,U,,node42node94,1,0.0
U_node42node94_t2,0.0,1.0,B,U,,node42node94,2,0.0
U_node42node94_t3,0.0,1.0,B,U,,node42node94,3,0.0
U_node42node94_t4,0.0,1.0,B,U,,node42node94,4,0.0
U_node42node94_t5,0.0,1.0,B,U,,node42node94,5,0.0
U_node43node76_t0,0.0,0.0,B,U,,node43node76,0,782.0
U_node43node76_t1,0.0,1.0,B,U,,node43node76,1,658.42
U_node43node76_t2,0.0,1.0,B,U,,node43node76,2,466.77
U_node43node76_t3,0.0,1.0,B,U,,node43node76,3,330.9
U_node43node76_t4,0.0,1.0,B,U,,node43node76,4,234.58
U_node43node76_t5,0.0,1.0,B,U,,node43node76,5,166.3
U_node43node50_t0,0.0,0.0,B,U,,node43node50,0,592.0
U_node43node50_t1,0.0,1.0,B,U,,node43node50,1,498.45
U_node43node50_t2,0.0,1.0,B,U,,node43node50,2,353.36
U_node43node50_t3,0.0,1.0,B,U,,node43node50,3,250.5
U_node43node50_t4,0.0,1.0,B,U,,node43node50,4,177.59
U_node43node50_t5,0.0,1.0,B,U,,node43node50,5,125.89
U_node43node91_t0,0.0,0.0,B,U,,node43node91,0,0.0
U_node43node91_t1,0.0,1.0,B,U,,node43node91,1,0.0
U_node43node91_t2,0.0,1.0,B,U,,node43node91,2,0.0
U_node43node91_t3,0.0,1.0,B,U,,node43node91,3,0.0
U_node43node91_t4,0.0,1.0,B,U,,node43node91,4,0.0
U_node43node91_t5,0.0,1.0,B,U,,node43node91,5,0.0
U_node43node99_t0,0.0,0.0,B,U,,node43node99,0,0.0
U_node43node99_t1,0.0,1.0,B,U,,node43node99,1,0.0
U_node43node99_t2,0.0,1.0,B,U,,node43node99,2,0.0
U_node43node99_t3,0.0,1.0,B,U,,node43node99,3,0.0
U_node43node99_t4,0.0,1.0,B,U,,node43node99,4,0.0
U_node43node99_t5,0.0,1.0,B,U,,node43node99,5,0.0
U_node43node100_t0,0.0,0.0,B,U,,node43node100,0,0.0
U_node43node100_t1,0.0,1.0,B,U,,node43node100,1,0.0
U_node43node100_t2,0.0,1.0,B,U,,node43node100,2,0.0
U_node43node100_t3,0.0,1.0,B,U,,node43node100,3,0.0
U_node43node100_t4,0.0,1.0,B,U,,node43node100,4,0.0
U_node43node100_t5,0.0,1.0,B,U,,node43node100,5,0.0
U_node44node83_t0,0.0,0.0,B,U,,node44node83,0,393.0
U_node44node83_t1,0.0,1.0,B,U,,node44node83,1,330.9
U_node44node83_t2,0.0,1.0,B,U,,node44node83,2,234.58
U_node44node83_t3,0.0,1.0,B,U,,node44node83,3,166.3
U_node44node83_t4,0.0,1.0,B,U,,node44node83,4,117.89
U_node44node83_t5,0.0,1.0,B,U,,node44node83,5,83.58
U_node44node107_t0,0.0,0.0,B,U,,node44node107,0,0.0
U_node44node107_t1,0.0,1.0,B,U,,node44node107,1,0.0
U_node44node107_t2,0.0,1.0,B,U,,node44node107,2,0.0
U_node44node107_t3,0.0,1.0,B,U,,node44node107,3,0.0
U_node44node107_t4,0.0,1.0,B,U,,node44node107,4,0.0
U_node44node107_t5,0.0,1.0,B,U,,node44node107,5,0.0
U_node45node108_t0,0.0,0.0,B,U,,node45node108,0,0.0
U_node45node108_t1,0.0,1.0,B,U,,node45node108,1,0.0
U_node45node108_t2,0.0,1.0,B,U,,node45node108,2,0.0
U_node45node108_t3,0.0,1.0,B,U,,node45node108,3,0.0
U_node45node108_t4,0.0,1.0,B,U,,node45node108,4,0.0
U_node45node108_t5,0.0,1.0,B,U,,node45node108,5,0.0
U_node45node109_t0,0.0,0.0,B,U,,node45node109,0,0.0
U_node45node109_t1,0.0,1.0,B,U,,node45node109,1,0.0
U_node45node109_t2,0.0,1.0,B,U,,node45node109,2,0.0
U_node45node109_t3,0.0,1.0,B,U,,node45node109,3,0.0
U_node45node109_t4,0.0,1.0,B,U,,node45node109,4,0.0
U_node45node109_t5,0.0,1.0,B,U,,node45node109,5,0.0
U_node45node110_t0,0.0,0.0,B,U,,node45node110,0,0.0
U_node45node110_t1,0.0,1.0,B,U,,node45node110,1,0.0
U_node45node110_t2,0.0,1.0,B,U,,node45node110,2,0.0
U_node45node110_t3,0.0,1.0,B,U,,node45node110,3,0.0
U_node45node110_t4,0.0,1.0,B,U,,node45node110,4,0.0
U_node45node110_t5,0.0,1.0,B,U,,node45node110,5,0.0
U_node46node94_t0,0.0,0.0,B,U,,node46node94,0,0.0
U_node46node94_t1,0.0,1.0,B,U,,node46node94,1,0.0
U_node46node94_t2,0.0,1.0,B,U,,node46node94,2,0.0
U_node46node94_t3,0.0,1.0,B,U,,node46node94,3,0.0
U_node46node94_t4,0.0,1.0,B,U,,node46node94,4,0.0
U_node46node94_t5,0.0,1.0,B,U,,node46node94,5,0.0
U_node46node95_t0,0.0,0.0,B,U,,node46node95,0,0.0
U_node46node95_t1,0.0,1.0,B,U,,node46node95,1,0.0
U_node46node95_t2,0.0,1.0,B,U,,node46node95,2,0.0
U_node46node95_t3,0.0,1.0,B,U,,node46node95,3,0.0
U_node46node95_t4,0.0,1.0,B,U,,node46node95,4,0.0
U_node46node95_t5,0.0,1.0,B,U,,node46node95,5,0.0
U_node46node97_t0,0.0,0.0,B,U,,node46node97,0,0.0
U_node46node97_t1,0.0,1.0,B,U,,node46node97,1,0.0
U_node46node97_t2,0.0,1.0,B,U,,node46node97,2,0.0
U_node46node97_t3,0.0,1.0,B,U,,node46node97,3,0.0
U_node46node97_t4,0.0,1.0,B,U,,node46node97,4,0.0
U_node46node97_t5,0.0,1.0,B,U,,node46node97,5,0.0
U_node47node49_t0,0.0,0.0,B,U,,node47node49,0,881.0
U_node47node49_t1,0.0,1.0,B,U,,node47node49,1,741.78
U_node47node49_t2,0.0,1.0,B,U,,node47node49,2,525.86
U_node47node49_t3,0.0,1.0,B,U,,node47node49,3,372.79
U_node47node49_t4,0.0,1.0,B,U,,node47node49,4,264.28
U_node47node49_t5,0.0,1.0,B,U,,node47node49,5,187.35
U_node47node107_t0,0.0,0.0,B,U,,node47node107,0,0.0
U_node47node107_t1,0.0,1.0,B,U,,node47node107,1,0.0
U_node47node107_t2,0.0,1.0,B,U,,node47node107,2,0.0
U_node47node107_t3,0.0,1.0,B,U,,node47node107,3,0.0
U_node47node107_t4,0.0,1.0,B,U,,node47node107,4,0.0
U_node47node107_t5,0.0,1.0,B,U,,node47node107,5,0.0
U_node47node114_t0,0.0,0.0,B,U,,node47node114,0,0.0
U_node47node114_t1,0.0,1.0,B,U,,node47node114,1,0.0
U_node47node114_t2,0.0,1.0,B,U,,node47node114,2,0.0
U_node47node114_t3,0.0,1.0,B,U,,node47node114,3,0.0
U_node47node114_t4,0.0,1.0,B,U,,node47node114,4,0.0
U_node47node114_t5,0.0,1.0,B,U,,node47node114,5,0.0
U_node48node67_t0,0.0,0.0,B,U,,node48node67,0,168.0
U_node48node67_t1,0.0,1.0,B,U,,node48node67,1,141.45
U_node48node67_t2,0.0,1.0,B,U,,node48node67,2,100.28
U_node48node67_t3,0.0,1.0,B,U,,node48node67,3,71.09
U_node48node67_t4,0.0,1.0,B,U,,node48node67,4,50.4
U_node48node67_t5,0.0,1.0,B,U,,node48node67,5,35.73
U_node48node63_t0,0.0,0.0,B,U,,node48node63,0,327.0
U_node48node63_t1,0.0,1.0,B,U,,node48node63,1,275.33
U_node48node63_t2,0.0,1.0,B,U,,node48node63,2,195.18
U_node48node63_t3,0.0,1.0,B,U,,node48node63,3,138.37
U_node48node63_t4,0.0,1.0,B,U,,node48node63,4,98.09
U_node48node63_t5,0.0,1.0,B,U,,node48node63,5,69.54
U_node48node90_t0,0.0,0.0,B,U,,node48node90,0,0.0
U_node48node90_t1,0.0,1.0,B,U,,node48node90,1,0.0
U_node48node90_t2,0.0,1.0,B,U,,node48node90,2,0.0
U_node48node90_t3,0.0,1.0,B,U,,node48node90,3,0.0
U_node48node90_t4,0.0,1.0,B,U,,node48node90,4,0.0
U_node48node90_t5,0.0,1.0,B,U,,node48node90,5,0.0
U_node48node94_t0,0.0,0.0,B,U,,node48node94,0,0.0
U_node48node94_t1,0.0,1.0,B,U,,node48node94,1,0.0
U_node48node94_t2,0.0,1.0,B,U,,node48node94,2,0.0
U_node48node94_t3,0.0,1.0,B,U,,node48node94,3,0.0
U_node48node94_t4,0.0,1.0,B,U,,node48node94,4,0.0
U_node48node94_t5,0.0,1.0,B,U,,node48node94,5,0.0
U_node49node97_t0,0.0,0.0,B,U,,node49node97,0,0.0
U_node49node97_t1,0.0,1.0,B,U,,node49node97,1,0.0
U_node49node97_t2,0.0,1.0,B,U,,node49node97,2,0.0
U_node49node97_t3,0.0,1.0,B,U,,node49node97,3,0.0
U_node49node97_t4,0.0,1.0,B,U,,node49node97,4,0.0
U_node49node97_t5,0.0,1.0,B,U,,node49node97,5,0.0
U_node49node107_t0,0.0,0.0,B,U,,node49node107,0,0.0
U_node49node107_t1,0.0,1.0,B,U,,node49node107,1,0.0
U_node49node107_t2,0.0,1.0,B,U,,node49node107,2,0.0
U_node49node107_t3,0.0,1.0,B,U,,node49node107,3,0.0
U_node49node107_t4,0.0,1.0,B,U,,node49node107,4,0.0
U_node49node107_t5,0.0,1.0,B,U,,node49node107,5,0.0
U_node49node114_t0,0.0,0.0,B,U,,node49node114,0,0.0
U_node49node114_t1,0.0,1.0,B,U,,node49node114,1,0.0
U_node49node114_t2,0.0,1.0,B,U,,node49node114,2,0.0
U_node49node114_t3,0.0,1.0,B,U,,node49node114,3,0.0
U_node49node114_t4,0.0,1.0,B,U,,node49node114,4,0.0
U_node49node114_t5,0.0,1.0,B,U,,node49node114,5,0.0
U_node50node58_t0,0.0,0.0,B,U,,node50node58,0,622.0
U_node50node58_t1,0.0,1.0,B,U,,node50node58,1,523.71
U_node50node58_t2,0.0,1.0,B,U,,node50node58,2,371.27
U_node50node58_t3,0.0,1.0,B,U,,node50node58,3,263.2
U_node50node58_t4,0.0,1.0,B,U,,node50node58,4,186.59
U_node50node58_t5,0.0,1.0,B,U,,node50node58,5,132.27
U_node50node91_t0,0.0,0.0,B,U,,node50node91,0,0.0
U_node50node91_t1,0.0,1.0,B,U,,node50node91,1,0.0
U_node50node91_t2,0.0,1.0,B,U,,node50node91,2,0.0
U_node50node91_t3,0.0,1.0,B,U,,node50node91,3,0.0
U_node50node91_t4,0.0,1.0,B,U,,node50node91,4,0.0
U_node50node91_t5,0.0,1.0,B,U,,node50node91,5,0.0
U_node50node98_t0,0.0,0.0,B,U,,node50node98,0,0.0
U_node50node98_t1,0.0,1.0,B,U,,node50node98,1,0.0
U_node50node98_t2,0.0,1.0,B,U,,node50node98,2,0.0
U_node50node98_t3,0.0,1.0,B,U,,node50node98,3,0.0
U_node50node98_t4,0.0,1.0,B,U,,node50node98,4,0.0
U_node50node98_t5,0.0,1.0,B,U,,node50node98,5,0.0
U_node50node100_t0,0.0,0.0,B,U,,node50node100,0,0.0
U_node50node100_t1,0.0,1.0,B,U,,node50node100,1,0.0
U_node50node100_t2,0.0,1.0,B,U,,node50node100,2,0.0
U_node50node100_t3,0.0,1.0,B,U,,node50node100,3,0.0
U_node50node100_t4,0.0,1.0,B,U,,node50node100,4,0.0
U_node50node100_t5,0.0,1.0,B,U,,node50node100,5,0.0
U_node51node85_t0,0.0,0.0,B,U,,node51node85,0,42.0
U_node51node85_t1,0.0,1.0,B,U,,node51node85,1,35.36
U_node51node85_t2,0.0,1.0,B,U,,node51node85,2,25.07
U_node51node85_t3,0.0,1.0,B,U,,node51node85,3,17.77
U_node51node85_t4,0.0,1.0,B,U,,node51node85,4,12.6
U_node51node85_t5,0.0,1.0,B,U,,node51node85,5,8.93
U_node51node109_t0,0.0,0.0,B,U,,node51node109,0,0.0
U_node51node109_t1,0.0,1.0,B,U,,node51node109,1,0.0
U_node51node109_t2,0.0,1.0,B,U,,node51node109,2,0.0
U_node51node109_t3,0.0,1.0,B,U,,node51node109,3,0.0
U_node51node109_t4,0.0,1.0,B,U,,node51node109,4,0.0
U_node51node109_t5,0.0,1.0,B,U,,node51node109,5,0.0
U_node51node112_t0,0.0,0.0,B,U,,node51node112,0,0.0
U_node51node112_t1,0.0,1.0,B,U,,node51node112,1,0.0
U_node51node112_t2,0.0,1.0,B,U,,node51node112,2,0.0
U_node51node112_t3,0.0,1.0,B,U,,node51node112,3,0.0
U_node51node112_t4,0.0,1.0,B,U,,node51node112,4,0.0
U_node51node112_t5,0.0,1.0,B,U,,node51node112,5,0.0
U_node51node114_t0,0.0,0.0,B,U,,node51node114,0,0.0
U_node51node114_t1,0.0,1.0,B,U,,node51node114,1,0.0
U_node51node114_t2,0.0,1.0,B,U,,node51node114,2,0.0
U_node51node114_t3,0.0,1.0,B,U,,node51node114,3,0.0
U_node51node114_t4,0.0,1.0,B,U,,node51node114,4,0.0
U_node51node114_t5,0.0,1.0,B,U,,node51node114,5,0.0
U_node52node83_t0,0.0,0.0,B,U,,node52node83,0,176.0
U_node52node83_t1,0.0,1.0,B,U,,node52node83,1,148.19
U_node52node83_t2,0.0,1.0,B,U,,node52node83,2,105.05
U_node52node83_t3,0.0,1.0,B,U,,node52node83,3,74.47
U_node52node83_t4,0.0,1.0,B,U,,node52node83,4,52.8
U_node52node83_t5,0.0,1.0,B,U,,node52node83,5,37.43
U_node52node107_t0,0.0,0.0,B,U,,node52node107,0,0.0
U_node52node107_t1,0.0,1.0,B,U,,node52node107,1,0.0
U_node52node107_t2,0.0,1.0,B,U,,node52node107,2,0.0
U_node52node107_t3,0.0,1.0,B,U,,node52node107,3,0.0
U_node52node107_t4,0.0,1.0,B,U,,node52node107,4,0.0
U_node52node107_t5,0.0,1.0,B,U,,node52node107,5,0.0
U_node53node93_t0,0.0,0.0,B,U,,node53node93,0,0.0
U_node53node93_t1,0.0,1.0,B,U,,node53node93,1,0.0
U_node53node93_t2,0.0,1.0,B,U,,node53node93,2,0.0
U_node53node93_t3,0.0,1.0,B,U,,node53node93,3,0.0
U_node53node93_t4,0.0,1.0,B,U,,node53node93,4,0.0
U_node53node93_t5,0.0,1.0,B,U,,node53node93,5,0.0
U_node54node96_t0,0.0,0.0,B,U,,node54node96,0,0.0
U_node54node96_t1,0.0,1.0,B,U,,node54node96,1,0.0
U_node54node96_t2,0.0,1.0,B,U,,node54node96,2,0.0
U_node54node96_t3,0.0,1.0,B,U,,node54node96,3,0.0
U_node54node96_t4,0.0,1.0,B,U,,node54node96,4,0.0
U_node54node96_t5,0.0,1.0,B,U,,node54node96,5,0.0
U_node54node102_t0,0.0,0.0,B,U,,node54node102,0,0.0
U_node54node102_t1,0.0,1.0,B,U,,node54node102,1,0.0
U_node54node102_t2,0.0,1.0,B,U,,node54node102,2,0.0
U_node54node102_t3,0.0,1.0,B,U,,node54node102,3,0.0
U_node54node102_t4,0.0,1.0,B,U,,node54node102,4,0.0
U_node54node102_t5,0.0,1.0,B,U,,node54node102,5,0.0
U_node55node103_t0,0.0,0.0,B,U,,node55node103,0,0.0
U_node55node103_t1,0.0,1.0,B,U,,node55node103,1,0.0
U_node55node103_t2,0.0,1.0,B,U,,node55node103,2,0.0
U_node55node103_t3,0.0,1.0,B,U,,node55node103,3,0.0
U_node55node103_t4,0.0,1.0,B,U,,node55node103,4,0.0
U_node55node103_t5,0.0,1.0,B,U,,node55node103,5,0.0
U_node55node104_t0,0.0,0.0,B,U,,node55node104,0,0.0
U_node55node104_t1,0.0,1.0,B,U,,node55node104,1,0.0
U_node55node104_t2,0.0,1.0,B,U,,node55node104,2,0.0
U_node55node104_t3,0.0,1.0,B,U,,node55node104,3,0.0
U_node55node104_t4,0.0,1.0,B,U,,node55node104,4,0.0
U_node55node104_t5,0.0,1.0,B,U,,node55node104,5,0.0
U_node55node110_t0,0.0,0.0,B,U,,node55node110,0,0.0
U_node55node110_t1,0.0,1.0,B,U,,node55node110,1,0.0
U_node55node110_t2,0.0,1.0,B,U,,node55node110,2,0.0
U_node55node110_t3,0.0,1.0,B,U,,node55node110,3,0.0
U_node55node110_t4,0.0,1.0,B,U,,node55node110,4,0.0
U_node55node110_t5,0.0,1.0,B,U,,node55node110,5,0.0
U_node56node71_t0,0.0,0.0,B,U,,node56node71,0,237.0
U_node56node71_t1,0.0,1.0,B,U,,node56node71,1,199.55
U_node56node71_t2,0.0,1.0,B,U,,node56node71,2,141.46
U_node56node71_t3,0.0,1.0,B,U,,node56node71,3,100.29
U_node56node71_t4,0.0,1.0,B,U,,node56node71,4,71.09
U_node56node71_t5,0.0,1.0,B,U,,node56node71,5,50.4
U_node56node64_t0,0.0,0.0,B,U,,node56node64,0,371.0
U_node56node64_t1,0.0,1.0,B,U,,node56node64,1,312.37
U_node56node64_t2,0.0,1.0,B,U,,node56node64,2,221.45
U_node56node64_t3,0.0,1.0,B,U,,node56node64,3,156.99
U_node56node64_t4,0.0,1.0,B,U,,node56node64,4,111.29
U_node56node64_t5,0.0,1.0,B,U,,node56node64,5,78.9
U_node56node90_t0,0.0,0.0,B,U,,node56node90,0,0.0
U_node56node90_t1,0.0,1.0,B,U,,node56node90,1,0.0
U_node56node90_t2,0.0,1.0,B,U,,node56node90,2,0.0
U_node56node90_t3,0.0,1.0,B,U,,node56node90,3,0.0
U_node56node90_t4,0.0,1.0,B,U,,node56node90,4,0.0
U_node56node90_t5,0.0,1.0,B,U,,node56node90,5,0.0
U_node56node97_t0,0.0,0.0,B,U,,node56node97,0,0.0
U_node56node97_t1,0.0,1.0,B,U,,node56node97,1,0.0
U_node56node97_t2,0.0,1.0,B,U,,node56node97,2,0.0
U_node56node97_t3,0.0,1.0,B,U,,node56node97,3,0.0
U_node56node97_t4,0.0,1.0,B,U,,node56node97,4,0.0
U_node56node97_t5,0.0,1.0,B,U,,node56node97,5,0.0
U_node57node65_t0,0.0,0.0,B,U,,node57node65,0,763.0
U_node57node65_t1,0.0,1.0,B,U,,node57node65,1,642.43
U_node57node65_t2,0.0,1.0,B,U,,node57node65,2,455.43
U_node57node65_t3,0.0,1.0,B,U,,node57node65,3,322.86
U_node57node65_t4,0.0,1.0,B,U,,node57node65,4,228.88
U_node57node65_t5,0.0,1.0,B,U,,node57node65,5,162.26
U_node57node91_t0,0.0,0.0,B,U,,node57node91,0,0.0
U_node57node91_t1,0.0,1.0,B,U,,node57node91,1,0.0
U_node57node91_t2,0.0,1.0,B,U,,node57node91,2,0.0
U_node57node91_t3,0.0,1.0,B,U,,node57node91,3,0.0
U_node57node91_t4,0.0,1.0,B,U,,node57node91,4,0.0
U_node57node91_t5,0.0,1.0,B,U,,node57node91,5,0.0
U_node58node65_t0,0.0,0.0,B,U,,node58node65,0,3906.0
U_node58node65_t1,0.0,1.0,B,U,,node58node65,1,3288.75
U_node58node65_t2,0.0,1.0,B,U,,node58node65,2,2331.45
U_node58node65_t3,0.0,1.0,B,U,,node58node65,3,1652.81
U_node58node65_t4,0.0,1.0,B,U,,node58node65,4,1171.71
U_node58node65_t5,0.0,1.0,B,U,,node58node65,5,830.65
U_node58node73_t0,0.0,0.0,B,U,,node58node73,0,315.0
U_node58node73_t1,0.0,1.0,B,U,,node58node73,1,265.22
U_node58node73_t2,0.0,1.0,B,U,,node58node73,2,188.02
U_node58node73_t3,0.0,1.0,B,U,,node58node73,3,133.29
U_node58node73_t4,0.0,1.0,B,U,,node58node73,4,94.49
U_node58node73_t5,0.0,1.0,B,U,,node58node73,5,66.99
U_node58node91_t0,0.0,0.0,B,U,,node58node91,0,0.0
U_node58node91_t1,0.0,1.0,B,U,,node58node91,1,0.0
U_node58node91_t2,0.0,1.0,B,U,,node58node91,2,0.0
U_node58node91_t3,0.0,1.0,B,U,,node58node91,3,0.0
U_node58node91_t4,0.0,1.0,B,U,,node58node91,4,0.0
U_node58node91_t5,0.0,1.0,B,U,,node58node91,5,0.0
U_node58node98_t0,0.0,0.0,B,U,,node58node98,0,0.0
U_node58node98_t1,0.0,1.0,B,U,,node58node98,1,0.0
U_node58node98_t2,0.0,1.0,B,U,,node58node98,2,0.0
U_node58node98_t3,0.0,1.0,B,U,,node58node98,3,0.0
U_node58node98_t4,0.0,1.0,B,U,,node58node98,4,0.0
U_node58node98_t5,0.0,1.0,B,U,,node58node98,5,0.0
U_node59node100_t0,0.0,0.0,B,U,,node59node100,0,0.0
U_node59node100_t1,0.0,1.0,B,U,,node59node100,1,0.0
U_node59node100_t2,0.0,1.0,B,U,,node59node100,2,0.0
U_node59node100_t3,0.0,1.0,B,U,,node59node100,3,0.0
U_node59node100_t4,0.0,1.0,B,U,,node59node100,4,0.0
U_node59node100_t5,0.0,1.0,B,U,,node59node100,5,0.0
U_node59node101_t0,0.0,0.0,B,U,,node59node101,0,0.0
U_node59node101_t1,0.0,1.0,B,U,,node59node101,1,0.0
U_node59node101_t2,0.0,1.0,B,U,,node59node101,2,0.0
U_node59node101_t3,0.0,1.0,B,U,,node59node101,3,0.0
U_node59node101_t4,0.0,1.0,B,U,,node59node101,4,0.0
U_node59node101_t5,0.0,1.0,B,U,,node59node101,5,0.0
U_node60node84_t0,0.0,0.0,B,U,,node60node84,0,70.0
U_node60node84_t1,0.0,1.0,B,U,,node60node84,1,58.94
U_node60node84_t2,0.0,1.0,B,U,,node60node84,2,41.78
U_node60node84_t3,0.0,1.0,B,U,,node60node84,3,29.62
U_node60node84_t4,0.0,1.0,B,U,,node60node84,4,21.0
U_node60node84_t5,0.0,1.0,B,U,,node60node84,5,14.89
U_node60node86_t0,0.0,0.0,B,U,,node60node86,0,466.0
U_node60node86_t1,0.0,1.0,B,U,,node60node86,1,392.36
U_node60node86_t2,0.0,1.0,B,U,,node60node86,2,278.15
U_node60node86_t3,0.0,1.0,B,U,,node60node86,3,197.19
U_node60node86_t4,0.0,1.0,B,U,,node60node86,4,139.79
U_node60node86_t5,0.0,1.0,B,U,,node60node86,5,99.1
U_node60node109_t0,0.0,0.0,B,U,,node60node109,0,0.0
U_node60node109_t1,0.0,1.0,B,U,,node60node109,1,0.0
U_node60node109_t2,0.0,1.0,B,U,,node60node109,2,0.0
U_node60node109_t3,0.0,1.0,B,U,,node60node109,3,0.0
U_node60node109_t4,0.0,1.0,B,U,,node60node109,4,0.0
U_node60node109_t5,0.0,1.0,B,U,,node60node109,5,0.0
U_node60node111_t0,0.0,0.0,B,U,,node60node111,0,0.0
U_node60node111_t1,0.0,1.0,B,U,,node60node111,1,0.0
U_node60node111_t2,0.0,1.0,B,U,,node60node111,2,0.0
U_node60node111_t3,0.0,1.0,B,U,,node60node111,3,0.0
U_node60node111_t4,0.0,1.0,B,U,,node60node111,4,0.0
U_node60node111_t5,0.0,1.0,B,U,,node60node111,5,0.0
U_node61node75_t0,0.0,0.0,B,U,,node61node75,0,246.0
U_node61node75_t1,0.0,1.0,B,U,,node61node75,1,207.13
U_node61node75_t2,0.0,1.0,B,U,,node61node75,2,146.84
U_node61node75_t3,0.0,1.0,B,U,,node61node75,3,104.09
U_node61node75_t4,0.0,1.0,B,U,,node61node75,4,73.79
U_node61node75_t5,0.0,1.0,B,U,,node61node75,5,52.31
U_node61node77_t0,0.0,0.0,B,U,,node61node77,0,1546.0
U_node61node77_t1,0.0,1.0,B,U,,node61node77,1,1301.69
U_node61node77_t2,0.0,1.0,B,U,,node61node77,2,922.79
U_node61node77_t3,0.0,1.0,B,U,,node61node77,3,654.19
U_node61node77_t4,0.0,1.0,B,U,,node61node77,4,463.76
U_node61node77_t5,0.0,1.0,B,U,,node61node77,5,328.77
U_node61node99_t0,0.0,0.0,B,U,,node61node99,0,0.0
U_node61node99_t1,0.0,1.0,B,U,,node61node99,1,0.0
U_node61node99_t2,0.0,1.0,B,U,,node61node99,2,0.0
U_node61node99_t3,0.0,1.0,B,U,,node61node99,3,0.0
U_node61node99_t4,0.0,1.0,B,U,,node61node99,4,0.0
U_node61node99_t5,0.0,1.0,B,U,,node61node99,5,0.0
U_node61node100_t0,0.0,0.0,B,U,,node61node100,0,0.0
U_node61node100_t1,0.0,1.0,B,U,,node61node100,1,0.0
U_node61node100_t2,0.0,1.0,B,U,,node61node100,2,0.0
U_node61node100_t3,0.0,1.0,B,U,,node61node100,3,0.0
U_node61node100_t4,0.0,1.0,B,U,,node61node100,4,0.0
U_node61node100_t5,0.0,1.0,B,U,,node61node100,5,0.0
U_node62node64_t0,0.0,0.0,B,U,,node62node64,0,1014.0
U_node62node64_t1,0.0,1.0,B,U,,node62node64,1,853.76
U_node62node64_t2,0.0,1.0,B,U,,node62node64,2,605.25
U_node62node64_t3,0.0,1.0,B,U,,node62node64,3,429.07
U_node62node64_t4,0.0,1.0,B,U,,node62node64,4,304.18
U_node62node64_t5,0.0,1.0,B,U,,node62node64,5,215.64
U_node62node63_t0,0.0,0.0,B,U,,node62node63,0,5690.0
U_node62node63_t1,0.0,1.0,B,U,,node62node63,1,4790.83
U_node62node63_t2,0.0,1.0,B,U,,node62node63,2,3396.31
U_node62node63_t3,0.0,1.0,B,U,,node62node63,3,2407.71
U_node62node63_t4,0.0,1.0,B,U,,node62node63,4,1706.87
U_node62node63_t5,0.0,1.0,B,U,,node62node63,5,1210.03
U_node62node90_t0,0.0,0.0,B,U,,node62node90,0,0.0
U_node62node90_t1,0.0,1.0,B,U,,node62node90,1,0.0
U_node62node90_t2,0.0,1.0,B,U,,node62node90,2,0.0
U_node62node90_t3,0.0,1.0,B,U,,node62node90,3,0.0
U_node62node90_t4,0.0,1.0,B,U,,node62node90,4,0.0
U_node62node90_t5,0.0,1.0,B,U,,node62node90,5,0.0
U_node63node90_t0,0.0,0.0,B,U,,node63node90,0,0.0
U_node63node90_t1,0.0,1.0,B,U,,node63node90,1,0.0
U_node63node90_t2,0.0,1.0,B,U,,node63node90,2,0.0
U_node63node90_t3,0.0,1.0,B,U,,node63node90,3,0.0
U_node63node90_t4,0.0,1.0,B,U,,node63node90,4,0.0
U_node63node90_t5,0.0,1.0,B,U,,node63node90,5,0.0
U_node64node90_t0,0.0,0.0,B,U,,node64node90,0,0.0
U_node64node90_t1,0.0,1.0,B,U,,node64node90,1,0.0
U_node64node90_t2,0.0,1.0,B,U,,node64node90,2,0.0
U_node64node90_t3,0.0,1.0,B,U,,node64node90,3,0.0
U_node64node90_t4,0.0,1.0,B,U,,node64node90,4,0.0
U_node64node90_t5,0.0,1.0,B,U,,node64node90,5,0.0
U_node65node91_t0,0.0,0.0,B,U,,node65node91,0,0.0
U_node65node91_t1,0.0,1.0,B,U,,node65node91,1,0.0
U_node65node91_t2,0.0,1.0,B,U,,node65node91,2,0.0
U_node65node91_t3,0.0,1.0,B,U,,node65node91,3,0.0
U_node65node91_t4,0.0,1.0,B,U,,node65node91,4,0.0
U_node65node91_t5,0.0,1.0,B,U,,node65node91,5,0.0
U_node66node69_t0,0.0,0.0,B,U,,node66node69,0,270.0
U_node66node69_t1,0.0,1.0,B,U,,node66node69,1,227.33
U_node66node69_t2,0.0,1.0,B,U,,node66node69,2,161.16
U_node66node69_t3,0.0,1.0,B,U,,node66node69,3,114.25
U_node66node69_t4,0.0,1.0,B,U,,node66node69,4,80.99
U_node66node69_t5,0.0,1.0,B,U,,node66node69,5,57.42
U_node66node68_t0,0.0,0.0,B,U,,node66node68,0,325.0
U_node66node68_t1,0.0,1.0,B,U,,node66node68,1,273.64
U_node66node68_t2,0.0,1.0,B,U,,node66node68,2,193.99
U_node66node68_t3,0.0,1.0,B,U,,node66node68,3,137.52
U_node66node68_t4,0.0,1.0,B,U,,node66node68,4,97.49
U_node66node68_t5,0.0,1.0,B,U,,node66node68,5,69.11
U_node66node94_t0,0.0,0.0,B,U,,node66node94,0,0.0
U_node66node94_t1,0.0,1.0,B,U,,node66node94,1,0.0
U_node66node94_t2,0.0,1.0,B,U,,node66node94,2,0.0
U_node66node94_t3,0.0,1.0,B,U,,node66node94,3,0.0
U_node66node94_t4,0.0,1.0,B,U,,node66node94,4,0.0
U_node66node94_t5,0.0,1.0,B,U,,node66node94,5,0.0
U_node67node68_t0,0.0,0.0,B,U,,node67node68,0,324.0
U_node67node68_t1,0.0,1.0,B,U,,node67node68,1,272.8
U_node67node68_t2,0.0,1.0,B,U,,node67node68,2,193.39
U_node67node68_t3,0.0,1.0,B,U,,node67node68,3,137.1
U_node67node68_t4,0.0,1.0,B,U,,node67node68,4,97.19
U_node67node68_t5,0.0,1.0,B,U,,node67node68,5,68.9
U_node67node94_t0,0.0,0.0,B,U,,node67node94,0,0.0
U_node67node94_t1,0.0,1.0,B,U,,node67node94,1,0.0
U_node67node94_t2,0.0,1.0,B,U,,node67node94,2,0.0
U_node67node94_t3,0.0,1.0,B,U,,node67node94,3,0.0
U_node67node94_t4,0.0,1.0,B,U,,node67node94,4,0.0
U_node67node94_t5,0.0,1.0,B,U,,node67node94,5,0.0
U_node68node94_t0,0.0,0.0,B,U,,node68node94,0,0.0
U_node68node94_t1,0.0,1.0,B,U,,node68node94,1,0.0
U_node68node94_t2,0.0,1.0,B,U,,node68node94,2,0.0
U_node68node94_t3,0.0,1.0,B,U,,node68node94,3,0.0
U_node68node94_t4,0.0,1.0,B,U,,node68node94,4,0.0
U_node68node94_t5,0.0,1.0,B,U,,node68node94,5,0.0
U_node69node70_t0,0.0,0.0,B,U,,node69node70,0,1038.0
U_node69node70_t1,0.0,1.0,B,U,,node69node70,1,873.97
U_node69node70_t2,0.0,1.0,B,U,,node69node70,2,619.57
U_node69node70_t3,0.0,1.0,B,U,,node69node70,3,439.23
U_node69node70_t4,0.0,1.0,B,U,,node69node70,4,311.38
U_node69node70_t5,0.0,1.0,B,U,,node69node70,5,220.74
U_node69node94_t0,0.0,0.0,B,U,,node69node94,0,0.0
U_node69node94_t1,0.0,1.0,B,U,,node69node94,1,0.0
U_node69node94_t2,0.0,1.0,B,U,,node69node94,2,0.0
U_node69node94_t3,0.0,1.0,B,U,,node69node94,3,0.0
U_node69node94_t4,0.0,1.0,B,U,,node69node94,4,0.0
U_node69node94_t5,0.0,1.0,B,U,,node69node94,5,0.0
U_node70node94_t0,0.0,0.0,B,U,,node70node94,0,0.0
U_node70node94_t1,0.0,1.0,B,U,,node70node94,1,0.0
U_node70node94_t2,0.0,1.0,B,U,,node70node94,2,0.0
U_node70node94_t3,0.0,1.0,B,U,,node70node94,3,0.0
U_node70node94_t4,0.0,1.0,B,U,,node70node94,4,0.0
U_node70node94_t5,0.0,1.0,B,U,,node70node94,5,0.0
U_node71node72_t0,0.0,0.0,B,U,,node71node72,0,281.0
U_node71node72_t1,0.0,1.0,B,U,,node71node72,1,236.59
U_node71node72_t2,0.0,1.0,B,U,,node71node72,2,167.73
U_node71node72_t3,0.0,1.0,B,U,,node71node72,3,118.9
U_node71node72_t4,0.0,1.0,B,U,,node71node72,4,84.29
U_node71node72_t5,0.0,1.0,B,U,,node71node72,5,59.76
U_node71node97_t0,0.0,0.0,B,U,,node71node97,0,0.0
U_node71node97_t1,0.0,1.0,B,U,,node71node97,1,0.0
U_node71node97_t2,0.0,1.0,B,U,,node71node97,2,0.0
U_node71node97_t3,0.0,1.0,B,U,,node71node97,3,0.0
U_node71node97_t4,0.0,1.0,B,U,,node71node97,4,0.0
U_node71node97_t5,0.0,1.0,B,U,,node71node97,5,0.0
U_node72node97_t0,0.0,0.0,B,U,,node72node97,0,0.0
U_node72node97_t1,0.0,1.0,B,U,,node72node97,1,0.0
U_node72node97_t2,0.0,1.0,B,U,,node72node97,2,0.0
U_node72node97_t3,0.0,1.0,B,U,,node72node97,3,0.0
U_node72node97_t4,0.0,1.0,B,U,,node72node97,4,0.0
U_node72node97_t5,0.0,1.0,B,U,,node72node97,5,0.0
U_node73node74_t0,0.0,0.0,B,U,,node73node74,0,1124.0
U_node73node74_t1,0.0,1.0,B,U,,node73node74,1,946.38
U_node73node74_t2,0.0,1.0,B,U,,node73node74,2,670.91
U_node73node74_t3,0.0,1.0,B,U,,node73node74,3,475.62
U_node73node74_t4,0.0,1.0,B,U,,node73node74,4,337.17
U_node73node74_t5,0.0,1.0,B,U,,node73node74,5,239.03
U_node73node98_t0,0.0,0.0,B,U,,node73node98,0,0.0
U_node73node98_t1,0.0,1.0,B,U,,node73node98,1,0.0
U_node73node98_t2,0.0,1.0,B,U,,node73node98,2,0.0
U_node73node98_t3,0.0,1.0,B,U,,node73node98,3,0.0
U_node73node98_t4,0.0,1.0,B,U,,node73node98,4,0.0
U_node73node98_t5,0.0,1.0,B,U,,node73node98,5,0.0
U_node74node98_t0,0.0,0.0,B,U,,node74node98,0,0.0
U_node74node98_t1,0.0,1.0,B,U,,node74node98,1,0.0
U_node74node98_t2,0.0,1.0,B,U,,node74node98,2,0.0
U_node74node98_t3,0.0,1.0,B,U,,node74node98,3,0.0
U_node74node98_t4,0.0,1.0,B,U,,node74node98,4,0.0
U_node74node98_t5,0.0,1.0,B,U,,node74node98,5,0.0
U_node75node99_t0,0.0,0.0,B,U,,node75node99,0,0.0
U_node75node99_t1,0.0,1.0,B,U,,node75node99,1,0.0
U_node75node99_t2,0.0,1.0,B,U,,node75node99,2,0.0
U_node75node99_t3,0.0,1.0,B,U,,node75node99,3,0.0
U_node75node99_t4,0.0,1.0,B,U,,node75node99,4,0.0
U_node75node99_t5,0.0,1.0,B,U,,node75node99,5,0.0
U_node75node100_t0,0.0,0.0,B,U,,node75node100,0,0.0
U_node75node100_t1,0.0,1.0,B,U,,node75node100,1,0.0
U_node75node100_t2,0.0,1.0,B,U,,node75node100,2,0.0
U_node75node100_t3,0.0,1.0,B,U,,node75node100,3,0.0
U_node75node100_t4,0.0,1.0,B,U,,node75node100,4,0.0
U_node75node100_t5,0.0,1.0,B,U,,node75node100,5,0.0
U_node76node77_t0,0.0,0.0,B,U,,node76node77,0,395.0
U_node76node77_t1,0.0,1.0,B,U,,node76node77,1,332.58
U_node76node77_t2,0.0,1.0,B,U,,node76node77,2,235.77
U_node76node77_t3,0.0,1.0,B,U,,node76node77,3,167.14
U_node76node77_t4,0.0,1.0,B,U,,node76node77,4,118.49
U_node76node77_t5,0.0,1.0,B,U,,node76node77,5,84.0
U_node76node99_t0,0.0,0.0,B,U,,node76node99,0,0.0
U_node76node99_t1,0.0,1.0,B,U,,node76node99,1,0.0
U_node76node99_t2,0.0,1.0,B,U,,node76node99,2,0.0
U_node76node99_t3,0.0,1.0,B,U,,node76node99,3,0.0
U_node76node99_t4,0.0,1.0,B,U,,node76node99,4,0.0
U_node76node99_t5,0.0,1.0,B,U,,node76node99,5,0.0
U_node76node100_t0,0.0,0.0,B,U,,node76node100,0,0.0
U_node76node100_t1,0.0,1.0,B,U,,node76node100,1,0.0
U_node76node100_t2,0.0,1.0,B,U,,node76node100,2,0.0
U_node76node100_t3,0.0,1.0,B,U,,node76node100,3,0.0
U_node76node100_t4,0.0,1.0,B,U,,node76node100,4,0.0
U_node76node100_t5,0.0,1.0,B,U,,node76node100,5,0.0
U_node77node99_t0,0.0,0.0,B,U,,node77node99,0,0.0
U_node77node99_t1,0.0,1.0,B,U,,node77node99,1,0.0
U_node77node99_t2,0.0,1.0,B,U,,node77node99,2,0.0
U_node77node99_t3,0.0,1.0,B,U,,node77node99,3,0.0
U_node77node99_t4,0.0,1.0,B,U,,node77node99,4,0.0
U_node77node99_t5,0.0,1.0,B,U,,node77node99,5,0.0
U_node77node100_t0,0.0,0.0,B,U,,node77node100,0,0.0
U_node77node100_t1,0.0,1.0,B,U,,node77node100,1,0.0
U_node77node100_t2,0.0,1.0,B,U,,node77node100,2,0.0
U_node77node100_t3,0.0,1.0,B,U,,node77node100,3,0.0
U_node77node100_t4,0.0,1.0,B,U,,node77node100,4,0.0
U_node77node100_t5,0.0,1.0,B,U,,node77node100,5,0.0
U_node78node80_t0,0.0,0.0,B,U,,node78node80,0,101.0
U_node78node80_t1,0.0,1.0,B,U,,node78node80,1,85.04
U_node78node80_t2,0.0,1.0,B,U,,node78node80,2,60.29
U_node78node80_t3,0.0,1.0,B,U,,node78node80,3,42.74
U_node78node80_t4,0.0,1.0,B,U,,node78node80,4,30.3
U_node78node80_t5,0.0,1.0,B,U,,node78node80,5,21.48
U_node78node100_t0,0.0,0.0,B,U,,node78node100,0,0.0
U_node78node100_t1,0.0,1.0,B,U,,node78node100,1,0.0
U_node78node100_t2,0.0,1.0,B,U,,node78node100,2,0.0
U_node78node100_t3,0.0,1.0,B,U,,node78node100,3,0.0
U_node78node100_t4,0.0,1.0,B,U,,node78node100,4,0.0
U_node78node100_t5,0.0,1.0,B,U,,node78node100,5,0.0
U_node79node100_t0,0.0,0.0,B,U,,node79node100,0,0.0
U_node79node100_t1,0.0,1.0,B,U,,node79node100,1,0.0
U_node79node100_t2,0.0,1.0,B,U,,node79node100,2,0.0
U_node79node100_t3,0.0,1.0,B,U,,node79node100,3,0.0
U_node79node100_t4,0.0,1.0,B,U,,node79node100,4,0.0
U_node79node100_t5,0.0,1.0,B,U,,node79node100,5,0.0
U_node80node100_t0,0.0,0.0,B,U,,node80node100,0,0.0
U_node80node100_t1,0.0,1.0,B,U,,node80node100,1,0.0
U_node80node100_t2,0.0,1.0,B,U,,node80node100,2,0.0
U_node80node100_t3,0.0,1.0,B,U,,node80node100,3,0.0
U_node80node100_t4,0.0,1.0,B,U,,node80node100,4,0.0
U_node80node100_t5,0.0,1.0,B,U,,node80node100,5,0.0
U_node81node82_t0,0.0,0.0,B,U,,node81node82,0,747.0
U_node81node82_t1,0.0,1.0,B,U,,node81node82,1,628.95
U_node81node82_t2,0.0,1.0,B,U,,node81node82,2,445.88
U_node81node82_t3,0.0,1.0,B,U,,node81node82,3,316.09
U_node81node82_t4,0.0,1.0,B,U,,node81node82,4,224.08
U_node81node82_t5,0.0,1.0,B,U,,node81node82,5,158.86
U_node81node100_t0,0.0,0.0,B,U,,node81node100,0,0.0
U_node81node100_t1,0.0,1.0,B,U,,node81node100,1,0.0
U_node81node100_t2,0.0,1.0,B,U,,node81node100,2,0.0
U_node81node100_t3,0.0,1.0,B,U,,node81node100,3,0.0
U_node81node100_t4,0.0,1.0,B,U,,node81node100,4,0.0
U_node81node100_t5,0.0,1.0,B,U,,node81node100,5,0.0
U_node82node100_t0,0.0,0.0,B,U,,node82node100,0,0.0
U_node82node100_t1,0.0,1.0,B,U,,node82node100,1,0.0
U_node82node100_t2,0.0,1.0,B,U,,node82node100,2,0.0
U_node82node100_t3,0.0,1.0,B,U,,node82node100,3,0.0
U_node82node100_t4,0.0,1.0,B,U,,node82node100,4,0.0
U_node82node100_t5,0.0,1.0,B,U,,node82node100,5,0.0
U_node83node107_t0,0.0,0.0,B,U,,node83node107,0,0.0
U_node83node107_t1,0.0,1.0,B,U,,node83node107,1,0.0
U_node83node107_t2,0.0,1.0,B,U,,node83node107,2,0.0
U_node83node107_t3,0.0,1.0,B,U,,node83node107,3,0.0
U_node83node107_t4,0.0,1.0,B,U,,node83node107,4,0.0
U_node83node107_t5,0.0,1.0,B,U,,node83node107,5,0.0
U_node84node109_t0,0.0,0.0,B,U,,node84node109,0,0.0
U_node84node109_t1,0.0,1.0,B,U,,node84node109,1,0.0
U_node84node109_t2,0.0,1.0,B,U,,node84node109,2,0.0
U_node84node109_t3,0.0,1.0,B,U,,node84node109,3,0.0
U_node84node109_t4,0.0,1.0,B,U,,node84node109,4,0.0
U_node84node109_t5,0.0,1.0,B,U,,node84node109,5,0.0
U_node84node111_t0,0.0,0.0,B,U,,node84node111,0,0.0
U_node84node111_t1,0.0,1.0,B,U,,node84node111,1,0.0
U_node84node111_t2,0.0,1.0,B,U,,node84node111,2,0.0
U_node84node111_t3,0.0,1.0,B,U,,node84node111,3,0.0
U_node84node111_t4,0.0,1.0,B,U,,node84node111,4,0.0
U_node84node111_t5,0.0,1.0,B,U,,node84node111,5,0.0
U_node85node109_t0,0.0,0.0,B,U,,node85node109,0,0.0
U_node85node109_t1,0.0,1.0,B,U,,node85node109,1,0.0
U_node85node109_t2,0.0,1.0,B,U,,node85node109,2,0.0
U_node85node109_t3,0.0,1.0,B,U,,node85node109,3,0.0
U_node85node109_t4,0.0,1.0,B,U,,node85node109,4,0.0
U_node85node109_t5,0.0,1.0,B,U,,node85node109,5,0.0
U_node85node112_t0,0.0,0.0,B,U,,node85node112,0,0.0
U_node85node112_t1,0.0,1.0,B,U,,node85node112,1,0.0
U_node85node112_t2,0.0,1.0,B,U,,node85node112,2,0.0
U_node85node112_t3,0.0,1.0,B,U,,node85node112,3,0.0
U_node85node112_t4,0.0,1.0,B,U,,node85node112,4,0.0
U_node85node112_t5,0.0,1.0,B,U,,node85node112,5,0.0
U_node86node87_t0,0.0,0.0,B,U,,node86node87,0,1001.0
U_node86node87_t1,0.0,1.0,B,U,,node86node87,1,842.82
U_node86node87_t2,0.0,1.0,B,U,,node86node87,2,597.49
U_node86node87_t3,0.0,1.0,B,U,,node86node87,3,423.57
U_node86node87_t4,0.0,1.0,B,U,,node86node87,4,300.28
U_node86node87_t5,0.0,1.0,B,U,,node86node87,5,212.87
U_node86node109_t0,0.0,0.0,B,U,,node86node109,0,0.0
U_node86node109_t1,0.0,1.0,B,U,,node86node109,1,0.0
U_node86node109_t2,0.0,1.0,B,U,,node86node109,2,0.0
U_node86node109_t3,0.0,1.0,B,U,,node86node109,3,0.0
U_node86node109_t4,0.0,1.0,B,U,,node86node109,4,0.0
U_node86node109_t5,0.0,1.0,B,U,,node86node109,5,0.0
U_node86node111_t0,0.0,0.0,B,U,,node86node111,0,0.0
U_node86node111_t1,0.0,1.0,B,U,,node86node111,1,0.0
U_node86node111_t2,0.0,1.0,B,U,,node86node111,2,0.0
U_node86node111_t3,0.0,1.0,B,U,,node86node111,3,0.0
U_node86node111_t4,0.0,1.0,B,U,,node86node111,4,0.0
U_node86node111_t5,0.0,1.0,B,U,,node86node111,5,0.0
U_node87node109_t0,0.0,0.0,B,U,,node87node109,0,0.0
U_node87node109_t1,0.0,1.0,B,U,,node87node109,1,0.0
U_node87node109_t2,0.0,1.0,B,U,,node87node109,2,0.0
U_node87node109_t3,0.0,1.0,B,U,,node87node109,3,0.0
U_node87node109_t4,0.0,1.0,B,U,,node87node109,4,0.0
U_node87node109_t5,0.0,1.0,B,U,,node87node109,5,0.0
U_node87node111_t0,0.0,0.0,B,U,,node87node111,0,0.0
U_node87node111_t1,0.0,1.0,B,U,,node87node111,1,0.0
U_node87node111_t2,0.0,1.0,B,U,,node87node111,2,0.0
U_node87node111_t3,0.0,1.0,B,U,,node87node111,3,0.0
U_node87node111_t4,0.0,1.0,B,U,,node87node111,4,0.0
U_node87node111_t5,0.0,1.0,B,U,,node87node111,5,0.0
U_node88node89_t0,0.0,0.0,B,U,,node88node89,0,267.0
U_node88node89_t1,0.0,1.0,B,U,,node88node89,1,224.81
U_node88node89_t2,0.0,1.0,B,U,,node88node89,2,159.37
U_node88node89_t3,0.0,1.0,B,U,,node88node89,3,112.98
U_node88node89_t4,0.0,1.0,B,U,,node88node89,4,80.09
U_node88node89_t5,0.0,1.0,B,U,,node88node89,5,56.78
U_node88node112_t0,0.0,0.0,B,U,,node88node112,0,0.0
U_node88node112_t1,0.0,1.0,B,U,,node88node112,1,0.0
U_node88node112_t2,0.0,1.0,B,U,,node88node112,2,0.0
U_node88node112_t3,0.0,1.0,B,U,,node88node112,3,0.0
U_node88node112_t4,0.0,1.0,B,U,,node88node112,4,0.0
U_node88node112_t5,0.0,1.0,B,U,,node88node112,5,0.0
U_node89node112_t0,0.0,0.0,B,U,,node89node112,0,0.0
U_node89node112_t1,0.0,1.0,B,U,,node89node112,1,0.0
U_node89node112_t2,0.0,1.0,B,U,,node89node112,2,0.0
U_node89node112_t3,0.0,1.0,B,U,,node89node112,3,0.0
U_node89node112_t4,0.0,1.0,B,U,,node89node112,4,0.0
U_node89node112_t5,0.0,1.0,B,U,,node89node112,5,0.0
