variable,lb,ub,type,edge,period,road_type
flow_timber_node1node30_t1,0.0,9.0,I,node1node30,1,timber
flow_timber_node1node30_t2,0.0,9.0,I,node1node30,2,timber
flow_timber_node1node30_t3,0.0,9.0,I,node1node30,3,timber
flow_timber_node1node30_t4,0.0,9.0,I,node1node30,4,timber
flow_timber_node1node30_t5,0.0,9.0,I,node1node30,5,timber
flow_wide_node1node30_t1,0.0,9.0,I,node1node30,1,wide
flow_wide_node1node30_t2,0.0,9.0,I,node1node30,2,wide
flow_wide_node1node30_t3,0.0,9.0,I,node1node30,3,wide
flow_wide_node1node30_t4,0.0,9.0,I,node1node30,4,wide
flow_wide_node1node30_t5,0.0,9.0,I,node1node30,5,wide
flow_timber_node1node18_t1,0.0,9.0,I,node1node18,1,timber
flow_timber_node1node18_t2,0.0,9.0,I,node1node18,2,timber
flow_timber_node1node18_t3,0.0,9.0,I,node1node18,3,timber
flow_timber_node1node18_t4,0.0,9.0,I,node1node18,4,timber
flow_timber_node1node18_t5,0.0,9.0,I,node1node18,5,timber
flow_wide_node1node18_t1,0.0,9.0,I,node1node18,1,wide
flow_wide_node1node18_t2,0.0,9.0,I,node1node18,2,wide
flow_wide_node1node18_t3,0.0,9.0,I,node1node18,3,wide
flow_wide_node1node18_t4,0.0,9.0,I,node1node18,4,wide
flow_wide_node1node18_t5,0.0,9.0,I,node1node18,5,wide
flow_timber_node1node47_t1,0.0,9.0,I,node1node47,1,timber
flow_timber_node1node47_t2,0.0,9.0,I,node1node47,2,timber
flow_timber_node1node47_t3,0.0,9.0,I,node1node47,3,timber
flow_timber_node1node47_t4,0.0,9.0,I,node1node47,4,timber
flow_timber_node1node47_t5,0.0,9.0,I,node1node47,5,timber
flow_wide_node1node47_t1,0.0,9.0,I,node1node47,1,wide
flow_wide_node1node47_t2,0.0,9.0,I,node1node47,2,wide
flow_wide_node1node47_t3,0.0,9.0,I,node1node47,3,wide
flow_wide_node1node47_t4,0.0,9.0,I,node1node47,4,wide
flow_wide_node1node47_t5,0.0,9.0,I,node1node47,5,wide
flow_timber_node1node85_t1,0.0,9.0,I,node1node85,1,timber
flow_timber_node1node85_t2,0.0,9.0,I,node1node85,2,timber
flow_timber_node1node85_t3,0.0,9.0,I,node1node85,3,timber
flow_timber_node1node85_t4,0.0,9.0,I,node1node85,4,timber
flow_timber_node1node85_t5,0.0,9.0,I,node1node85,5,timber
flow_wide_node1node85_t1,0.0,9.0,I,node1node85,1,wide
flow_wide_node1node85_t2,0.0,9.0,I,node1node85,2,wide
flow_wide_node1node85_t3,0.0,9.0,I,node1node85,3,wide
flow_wide_node1node85_t4,0.0,9.0,I,node1node85,4,wide
flow_wide_node1node85_t5,0.0,9.0,I,node1node85,5,wide
flow_timber_node1node87_t1,0.0,9.0,I,node1node87,1,timber
flow_timber_node1node87_t2,0.0,9.0,I,node1node87,2,timber
flow_timber_node1node87_t3,0.0,9.0,I,node1node87,3,timber
flow_timber_node1node87_t4,0.0,9.0,I,node1node87,4,timber
flow_timber_node1node87_t5,0.0,9.0,I,node1node87,5,timber
flow_wide_node1node87_t1,0.0,9.0,I,node1node87,1,wide
flow_wide_node1node87_t2,0.0,9.0,I,node1node87,2,wide
flow_wide_node1node87_t3,0.0,9.0,I,node1node87,3,wide
flow_wide_node1node87_t4,0.0,9.0,I,node1node87,4,wide
flow_wide_node1node87_t5,0.0,9.0,I,node1node87,5,wide
flow_timber_node1node88_t1,0.0,9.0,I,node1node88,1,timber
flow_timber_node1node88_t2,0.0,9.0,I,node1node88,2,timber
flow_timber_node1node88_t3,0.0,9.0,I,node1node88,3,timber
flow_timber_node1node88_t4,0.0,9.0,I,node1node88,4,timber
flow_timber_node1node88_t5,0.0,9.0,I,node1node88,5,timber
flow_wide_node1node88_t1,0.0,9.0,I,node1node88,1,wide
flow_wide_node1node88_t2,0.0,9.0,I,node1node88,2,wide
flow_wide_node1node88_t3,0.0,9.0,I,node1node88,3,wide
flow_wide_node1node88_t4,0.0,9.0,I,node1node88,4,wide
flow_wide_node1node88_t5,0.0,9.0,I,node1node88,5,wide
flow_timber_node30node1_t1,0.0,9.0,I,node30node1,1,timber
flow_timber_node30node1_t2,0.0,9.0,I,node30node1,2,timber
flow_timber_node30node1_t3,0.0,9.0,I,node30node1,3,timber
flow_timber_node30node1_t4,0.0,9.0,I,node30node1,4,timber
flow_timber_node30node1_t5,0.0,9.0,I,node30node1,5,timber
flow_wide_node30node1_t1,0.0,9.0,I,node30node1,1,wide
flow_wide_node30node1_t2,0.0,9.0,I,node30node1,2,wide
flow_wide_node30node1_t3,0.0,9.0,I,node30node1,3,wide
flow_wide_node30node1_t4,0.0,9.0,I,node30node1,4,wide
flow_wide_node30node1_t5,0.0,9.0,I,node30node1,5,wide
flow_timber_node30node13_t1,0.0,9.0,I,node30node13,1,timber
flow_timber_node30node13_t2,0.0,9.0,I,node30node13,2,timber
flow_timber_node30node13_t3,0.0,9.0,I,node30node13,3,timber
flow_timber_node30node13_t4,0.0,9.0,I,node30node13,4,timber
flow_timber_node30node13_t5,0.0,9.0,I,node30node13,5,timber
flow_wide_node30node13_t1,0.0,9.0,I,node30node13,1,wide
flow_wide_node30node13_t2,0.0,9.0,I,node30node13,2,wide
flow_wide_node30node13_t3,0.0,9.0,I,node30node13,3,wide
flow_wide_node30node13_t4,0.0,9.0,I,node30node13,4,wide
flow_wide_node30node13_t5,0.0,9.0,I,node30node13,5,wide
flow_timber_node30node85_t1,0.0,9.0,I,node30node85,1,timber
flow_timber_node30node85_t2,0.0,9.0,I,node30node85,2,timber
flow_timber_node30node85_t3,0.0,9.0,I,node30node85,3,timber
flow_timber_node30node85_t4,0.0,9.0,I,node30node85,4,timber
flow_timber_node30node85_t5,0.0,9.0,I,node30node85,5,timber
flow_wide_node30node85_t1,0.0,9.0,I,node30node85,1,wide
flow_wide_node30node85_t2,0.0,9.0,I,node30node85,2,wide
flow_wide_node30node85_t3,0.0,9.0,I,node30node85,3,wide
flow_wide_node30node85_t4,0.0,9.0,I,node30node85,4,wide
flow_wide_node30node85_t5,0.0,9.0,I,node30node85,5,wide
flow_timber_node30node88_t1,0.0,9.0,I,node30node88,1,timber
flow_timber_node30node88_t2,0.0,9.0,I,node30node88,2,timber
flow_timber_node30node88_t3,0.0,9.0,I,node30node88,3,timber
flow_timber_node30node88_t4,0.0,9.0,I,node30node88,4,timber
flow_timber_node30node88_t5,0.0,9.0,I,node30node88,5,timber
flow_wide_node30node88_t1,0.0,9.0,I,node30node88,1,wide
flow_wide_node30node88_t2,0.0,9.0,I,node30node88,2,wide
flow_wide_node30node88_t3,0.0,9.0,I,node30node88,3,wide
flow_wide_node30node88_t4,0.0,9.0,I,node30node88,4,wide
flow_wide_node30node88_t5,0.0,9.0,I,node30node88,5,wide
flow_timber_node18node1_t1,0.0,9.0,I,node18node1,1,timber
flow_timber_node18node1_t2,0.0,9.0,I,node18node1,2,timber
flow_timber_node18node1_t3,0.0,9.0,I,node18node1,3,timber
flow_timber_node18node1_t4,0.0,9.0,I,node18node1,4,timber
flow_timber_node18node1_t5,0.0,9.0,I,node18node1,5,timber
flow_wide_node18node1_t1,0.0,9.0,I,node18node1,1,wide
flow_wide_node18node1_t2,0.0,9.0,I,node18node1,2,wide
flow_wide_node18node1_t3,0.0,9.0,I,node18node1,3,wide
flow_wide_node18node1_t4,0.0,9.0,I,node18node1,4,wide
flow_wide_node18node1_t5,0.0,9.0,I,node18node1,5,wide
flow_timber_node18node50_t1,0.0,9.0,I,node18node50,1,timber
flow_timber_node18node50_t2,0.0,9.0,I,node18node50,2,timber
flow_timber_node18node50_t3,0.0,9.0,I,node18node50,3,timber
flow_timber_node18node50_t4,0.0,9.0,I,node18node50,4,timber
flow_timber_node18node50_t5,0.0,9.0,I,node18node50,5,timber
flow_wide_node18node50_t1,0.0,9.0,I,node18node50,1,wide
flow_wide_node18node50_t2,0.0,9.0,I,node18node50,2,wide
flow_wide_node18node50_t3,0.0,9.0,I,node18node50,3,wide
flow_wide_node18node50_t4,0.0,9.0,I,node18node50,4,wide
flow_wide_node18node50_t5,0.0,9.0,I,node18node50,5,wide
flow_timber_node18node69_t1,0.0,9.0,I,node18node69,1,timber
flow_timber_node18node69_t2,0.0,9.0,I,node18node69,2,timber
flow_timber_node18node69_t3,0.0,9.0,I,node18node69,3,timber
flow_timber_node18node69_t4,0.0,9.0,I,node18node69,4,timber
flow_timber_node18node69_t5,0.0,9.0,I,node18node69,5,timber
flow_wide_node18node69_t1,0.0,9.0,I,node18node69,1,wide
flow_wide_node18node69_t2,0.0,9.0,I,node18node69,2,wide
flow_wide_node18node69_t3,0.0,9.0,I,node18node69,3,wide
flow_wide_node18node69_t4,0.0,9.0,I,node18node69,4,wide
flow_wide_node18node69_t5,0.0,9.0,I,node18node69,5,wide
flow_timber_node18node87_t1,0.0,9.0,I,node18node87,1,timber
flow_timber_node18node87_t2,0.0,9.0,I,node18node87,2,timber
flow_timber_node18node87_t3,0.0,9.0,I,node18node87,3,timber
flow_timber_node18node87_t4,0.0,9.0,I,node18node87,4,timber
flow_timber_node18node87_t5,0.0,9.0,I,node18node87,5,timber
flow_wide_node18node87_t1,0.0,9.0,I,node18node87,1,wide
flow_wide_node18node87_t2,0.0,9.0,I,node18node87,2,wide
flow_wide_node18node87_t3,0.0,9.0,I,node18node87,3,wide
flow_wide_node18node87_t4,0.0,9.0,I,node18node87,4,wide
flow_wide_node18node87_t5,0.0,9.0,I,node18node87,5,wide
flow_timber_node18node88_t1,0.0,9.0,I,node18node88,1,timber
flow_timber_node18node88_t2,0.0,9.0,I,node18node88,2,timber
flow_timber_node18node88_t3,0.0,9.0,I,node18node88,3,timber
flow_timber_node18node88_t4,0.0,9.0,I,node18node88,4,timber
flow_timber_node18node88_t5,0.0,9.0,I,node18node88,5,timber
flow_wide_node18node88_t1,0.0,9.0,I,node18node88,1,wide
flow_wide_node18node88_t2,0.0,9.0,I,node18node88,2,wide
flow_wide_node18node88_t3,0.0,9.0,I,node18node88,3,wide
flow_wide_node18node88_t4,0.0,9.0,I,node18node88,4,wide
flow_wide_node18node88_t5,0.0,9.0,I,node18node88,5,wide
flow_timber_node18node89_t1,0.0,9.0,I,node18node89,1,timber
flow_timber_node18node89_t2,0.0,9.0,I,node18node89,2,timber
flow_timber_node18node89_t3,0.0,9.0,I,node18node89,3,timber
flow_timber_node18node89_t4,0.0,9.0,I,node18node89,4,timber
flow_timber_node18node89_t5,0.0,9.0,I,node18node89,5,timber
flow_wide_node18node89_t1,0.0,9.0,I,node18node89,1,wide
flow_wide_node18node89_t2,0.0,9.0,I,node18node89,2,wide
flow_wide_node18node89_t3,0.0,9.0,I,node18node89,3,wide
flow_wide_node18node89_t4,0.0,9.0,I,node18node89,4,wide
flow_wide_node18node89_t5,0.0,9.0,I,node18node89,5,wide
flow_timber_node47node1_t1,0.0,9.0,I,node47node1,1,timber
flow_timber_node47node1_t2,0.0,9.0,I,node47node1,2,timber
flow_timber_node47node1_t3,0.0,9.0,I,node47node1,3,timber
flow_timber_node47node1_t4,0.0,9.0,I,node47node1,4,timber
flow_timber_node47node1_t5,0.0,9.0,I,node47node1,5,timber
flow_wide_node47node1_t1,0.0,9.0,I,node47node1,1,wide
flow_wide_node47node1_t2,0.0,9.0,I,node47node1,2,wide
flow_wide_node47node1_t3,0.0,9.0,I,node47node1,3,wide
flow_wide_node47node1_t4,0.0,9.0,I,node47node1,4,wide
flow_wide_node47node1_t5,0.0,9.0,I,node47node1,5,wide
flow_timber_node47node32_t1,0.0,9.0,I,node47node32,1,timber
flow_timber_node47node32_t2,0.0,9.0,I,node47node32,2,timber
flow_timber_node47node32_t3,0.0,9.0,I,node47node32,3,timber
flow_timber_node47node32_t4,0.0,9.0,I,node47node32,4,timber
flow_timber_node47node32_t5,0.0,9.0,I,node47node32,5,timber
flow_wide_node47node32_t1,0.0,9.0,I,node47node32,1,wide
flow_wide_node47node32_t2,0.0,9.0,I,node47node32,2,wide
flow_wide_node47node32_t3,0.0,9.0,I,node47node32,3,wide
flow_wide_node47node32_t4,0.0,9.0,I,node47node32,4,wide
flow_wide_node47node32_t5,0.0,9.0,I,node47node32,5,wide
flow_timber_node47node39_t1,0.0,9.0,I,node47node39,1,timber
flow_timber_node47node39_t2,0.0,9.0,I,node47node39,2,timber
flow_timber_node47node39_t3,0.0,9.0,I,node47node39,3,timber
flow_timber_node47node39_t4,0.0,9.0,I,node47node39,4,timber
flow_timber_node47node39_t5,0.0,9.0,I,node47node39,5,timber
flow_wide_node47node39_t1,0.0,9.0,I,node47node39,1,wide
flow_wide_node47node39_t2,0.0,9.0,I,node47node39,2,wide
flow_wide_node47node39_t3,0.0,9.0,I,node47node39,3,wide
flow_wide_node47node39_t4,0.0,9.0,I,node47node39,4,wide
flow_wide_node47node39_t5,0.0,9.0,I,node47node39,5,wide
flow_timber_node47node83_t1,0.0,9.0,I,node47node83,1,timber
flow_timber_node47node83_t2,0.0,9.0,I,node47node83,2,timber
flow_timber_node47node83_t3,0.0,9.0,I,node47node83,3,timber
flow_timber_node47node83_t4,0.0,9.0,I,node47node83,4,timber
flow_timber_node47node83_t5,0.0,9.0,I,node47node83,5,timber
flow_wide_node47node83_t1,0.0,9.0,I,node47node83,1,wide
flow_wide_node47node83_t2,0.0,9.0,I,node47node83,2,wide
flow_wide_node47node83_t3,0.0,9.0,I,node47node83,3,wide
flow_wide_node47node83_t4,0.0,9.0,I,node47node83,4,wide
flow_wide_node47node83_t5,0.0,9.0,I,node47node83,5,wide
flow_timber_node47node85_t1,0.0,9.0,I,node47node85,1,timber
flow_timber_node47node85_t2,0.0,9.0,I,node47node85,2,timber
flow_timber_node47node85_t3,0.0,9.0,I,node47node85,3,timber
flow_timber_node47node85_t4,0.0,9.0,I,node47node85,4,timber
flow_timber_node47node85_t5,0.0,9.0,I,node47node85,5,timber
flow_wide_node47node85_t1,0.0,9.0,I,node47node85,1,wide
flow_wide_node47node85_t2,0.0,9.0,I,node47node85,2,wide
flow_wide_node47node85_t3,0.0,9.0,I,node47node85,3,wide
flow_wide_node47node85_t4,0.0,9.0,I,node47node85,4,wide
flow_wide_node47node85_t5,0.0,9.0,I,node47node85,5,wide
flow_timber_node47node87_t1,0.0,9.0,I,node47node87,1,timber
flow_timber_node47node87_t2,0.0,9.0,I,node47node87,2,timber
flow_timber_node47node87_t3,0.0,9.0,I,node47node87,3,timber
flow_timber_node47node87_t4,0.0,9.0,I,node47node87,4,timber
flow_timber_node47node87_t5,0.0,9.0,I,node47node87,5,timber
flow_wide_node47node87_t1,0.0,9.0,I,node47node87,1,wide
flow_wide_node47node87_t2,0.0,9.0,I,node47node87,2,wide
flow_wide_node47node87_t3,0.0,9.0,I,node47node87,3,wide
flow_wide_node47node87_t4,0.0,9.0,I,node47node87,4,wide
flow_wide_node47node87_t5,0.0,9.0,I,node47node87,5,wide
flow_timber_node85node1_t1,0.0,9.0,I,node85node1,1,timber
flow_timber_node85node1_t2,0.0,9.0,I,node85node1,2,timber
flow_timber_node85node1_t3,0.0,9.0,I,node85node1,3,timber
flow_timber_node85node1_t4,0.0,9.0,I,node85node1,4,timber
flow_timber_node85node1_t5,0.0,9.0,I,node85node1,5,timber
flow_wide_node85node1_t1,0.0,9.0,I,node85node1,1,wide
flow_wide_node85node1_t2,0.0,9.0,I,node85node1,2,wide
flow_wide_node85node1_t3,0.0,9.0,I,node85node1,3,wide
flow_wide_node85node1_t4,0.0,9.0,I,node85node1,4,wide
flow_wide_node85node1_t5,0.0,9.0,I,node85node1,5,wide
flow_timber_node85node10_t1,0.0,9.0,I,node85node10,1,timber
flow_timber_node85node10_t2,0.0,9.0,I,node85node10,2,timber
flow_timber_node85node10_t3,0.0,9.0,I,node85node10,3,timber
flow_timber_node85node10_t4,0.0,9.0,I,node85node10,4,timber
flow_timber_node85node10_t5,0.0,9.0,I,node85node10,5,timber
flow_wide_node85node10_t1,0.0,9.0,I,node85node10,1,wide
flow_wide_node85node10_t2,0.0,9.0,I,node85node10,2,wide
flow_wide_node85node10_t3,0.0,9.0,I,node85node10,3,wide
flow_wide_node85node10_t4,0.0,9.0,I,node85node10,4,wide
flow_wide_node85node10_t5,0.0,9.0,I,node85node10,5,wide
flow_timber_node85node13_t1,0.0,9.0,I,node85node13,1,timber
flow_timber_node85node13_t2,0.0,9.0,I,node85node13,2,timber
flow_timber_node85node13_t3,0.0,9.0,I,node85node13,3,timber
flow_timber_node85node13_t4,0.0,9.0,I,node85node13,4,timber
flow_timber_node85node13_t5,0.0,9.0,I,node85node13,5,timber
flow_wide_node85node13_t1,0.0,9.0,I,node85node13,1,wide
flow_wide_node85node13_t2,0.0,9.0,I,node85node13,2,wide
flow_wide_node85node13_t3,0.0,9.0,I,node85node13,3,wide
flow_wide_node85node13_t4,0.0,9.0,I,node85node13,4,wide
flow_wide_node85node13_t5,0.0,9.0,I,node85node13,5,wide
flow_timber_node85node14_t1,0.0,9.0,I,node85node14,1,timber
flow_timber_node85node14_t2,0.0,9.0,I,node85node14,2,timber
flow_timber_node85node14_t3,0.0,9.0,I,node85node14,3,timber
flow_timber_node85node14_t4,0.0,9.0,I,node85node14,4,timber
flow_timber_node85node14_t5,0.0,9.0,I,node85node14,5,timber
flow_wide_node85node14_t1,0.0,9.0,I,node85node14,1,wide
flow_wide_node85node14_t2,0.0,9.0,I,node85node14,2,wide
flow_wide_node85node14_t3,0.0,9.0,I,node85node14,3,wide
flow_wide_node85node14_t4,0.0,9.0,I,node85node14,4,wide
flow_wide_node85node14_t5,0.0,9.0,I,node85node14,5,wide
flow_timber_node85node27_t1,0.0,9.0,I,node85node27,1,timber
flow_timber_node85node27_t2,0.0,9.0,I,node85node27,2,timber
flow_timber_node85node27_t3,0.0,9.0,I,node85node27,3,timber
flow_timber_node85node27_t4,0.0,9.0,I,node85node27,4,timber
flow_timber_node85node27_t5,0.0,9.0,I,node85node27,5,timber
flow_wide_node85node27_t1,0.0,9.0,I,node85node27,1,wide
flow_wide_node85node27_t2,0.0,9.0,I,node85node27,2,wide
flow_wide_node85node27_t3,0.0,9.0,I,node85node27,3,wide
flow_wide_node85node27_t4,0.0,9.0,I,node85node27,4,wide
flow_wide_node85node27_t5,0.0,9.0,I,node85node27,5,wide
flow_timber_node85node30_t1,0.0,9.0,I,node85node30,1,timber
flow_timber_node85node30_t2,0.0,9.0,I,node85node30,2,timber
flow_timber_node85node30_t3,0.0,9.0,I,node85node30,3,timber
flow_timber_node85node30_t4,0.0,9.0,I,node85node30,4,timber
flow_timber_node85node30_t5,0.0,9.0,I,node85node30,5,timber
flow_wide_node85node30_t1,0.0,9.0,I,node85node30,1,wide
flow_wide_node85node30_t2,0.0,9.0,I,node85node30,2,wide
flow_wide_node85node30_t3,0.0,9.0,I,node85node30,3,wide
flow_wide_node85node30_t4,0.0,9.0,I,node85node30,4,wide
flow_wide_node85node30_t5,0.0,9.0,I,node85node30,5,wide
flow_timber_node85node37_t1,0.0,9.0,I,node85node37,1,timber
flow_timber_node85node37_t2,0.0,9.0,I,node85node37,2,timber
flow_timber_node85node37_t3,0.0,9.0,I,node85node37,3,timber
flow_timber_node85node37_t4,0.0,9.0,I,node85node37,4,timber
flow_timber_node85node37_t5,0.0,9.0,I,node85node37,5,timber
flow_wide_node85node37_t1,0.0,9.0,I,node85node37,1,wide
flow_wide_node85node37_t2,0.0,9.0,I,node85node37,2,wide
flow_wide_node85node37_t3,0.0,9.0,I,node85node37,3,wide
flow_wide_node85node37_t4,0.0,9.0,I,node85node37,4,wide
flow_wide_node85node37_t5,0.0,9.0,I,node85node37,5,wide
flow_timber_node85node39_t1,0.0,9.0,I,node85node39,1,timber
flow_timber_node85node39_t2,0.0,9.0,I,node85node39,2,timber
flow_timber_node85node39_t3,0.0,9.0,I,node85node39,3,timber
flow_timber_node85node39_t4,0.0,9.0,I,node85node39,4,timber
flow_timber_node85node39_t5,0.0,9.0,I,node85node39,5,timber
flow_wide_node85node39_t1,0.0,9.0,I,node85node39,1,wide
flow_wide_node85node39_t2,0.0,9.0,I,node85node39,2,wide
flow_wide_node85node39_t3,0.0,9.0,I,node85node39,3,wide
flow_wide_node85node39_t4,0.0,9.0,I,node85node39,4,wide
flow_wide_node85node39_t5,0.0,9.0,I,node85node39,5,wide
flow_timber_node85node43_t1,0.0,9.0,I,node85node43,1,timber
flow_timber_node85node43_t2,0.0,9.0,I,node85node43,2,timber
flow_timber_node85node43_t3,0.0,9.0,I,node85node43,3,timber
flow_timber_node85node43_t4,0.0,9.0,I,node85node43,4,timber
flow_timber_node85node43_t5,0.0,9.0,I,node85node43,5,timber
flow_wide_node85node43_t1,0.0,9.0,I,node85node43,1,wide
flow_wide_node85node43_t2,0.0,9.0,I,node85node43,2,wide
flow_wide_node85node43_t3,0.0,9.0,I,node85node43,3,wide
flow_wide_node85node43_t4,0.0,9.0,I,node85node43,4,wide
flow_wide_node85node43_t5,0.0,9.0,I,node85node43,5,wide
flow_timber_node85node47_t1,0.0,9.0,I,node85node47,1,timber
flow_timber_node85node47_t2,0.0,9.0,I,node85node47,2,timber
flow_timber_node85node47_t3,0.0,9.0,I,node85node47,3,timber
flow_timber_node85node47_t4,0.0,9.0,I,node85node47,4,timber
flow_timber_node85node47_t5,0.0,9.0,I,node85node47,5,timber
flow_wide_node85node47_t1,0.0,9.0,I,node85node47,1,wide
flow_wide_node85node47_t2,0.0,9.0,I,node85node47,2,wide
flow_wide_node85node47_t3,0.0,9.0,I,node85node47,3,wide
flow_wide_node85node47_t4,0.0,9.0,I,node85node47,4,wide
flow_wide_node85node47_t5,0.0,9.0,I,node85node47,5,wide
flow_timber_node85node53_t1,0.0,9.0,I,node85node53,1,timber
flow_timber_node85node53_t2,0.0,9.0,I,node85node53,2,timber
flow_timber_node85node53_t3,0.0,9.0,I,node85node53,3,timber
flow_timber_node85node53_t4,0.0,9.0,I,node85node53,4,timber
flow_timber_node85node53_t5,0.0,9.0,I,node85node53,5,timber
flow_wide_node85node53_t1,0.0,9.0,I,node85node53,1,wide
flow_wide_node85node53_t2,0.0,9.0,I,node85node53,2,wide
flow_wide_node85node53_t3,0.0,9.0,I,node85node53,3,wide
flow_wide_node85node53_t4,0.0,9.0,I,node85node53,4,wide
flow_wide_node85node53_t5,0.0,9.0,I,node85node53,5,wide
flow_timber_node85node64_t1,0.0,9.0,I,node85node64,1,timber
flow_timber_node85node64_t2,0.0,9.0,I,node85node64,2,timber
flow_timber_node85node64_t3,0.0,9.0,I,node85node64,3,timber
flow_timber_node85node64_t4,0.0,9.0,I,node85node64,4,timber
flow_timber_node85node64_t5,0.0,9.0,I,node85node64,5,timber
flow_wide_node85node64_t1,0.0,9.0,I,node85node64,1,wide
flow_wide_node85node64_t2,0.0,9.0,I,node85node64,2,wide
flow_wide_node85node64_t3,0.0,9.0,I,node85node64,3,wide
flow_wide_node85node64_t4,0.0,9.0,I,node85node64,4,wide
flow_wide_node85node64_t5,0.0,9.0,I,node85node64,5,wide
flow_timber_node85node67_t1,0.0,9.0,I,node85node67,1,timber
flow_timber_node85node67_t2,0.0,9.0,I,node85node67,2,timber
flow_timber_node85node67_t3,0.0,9.0,I,node85node67,3,timber
flow_timber_node85node67_t4,0.0,9.0,I,node85node67,4,timber
flow_timber_node85node67_t5,0.0,9.0,I,node85node67,5,timber
flow_wide_node85node67_t1,0.0,9.0,I,node85node67,1,wide
flow_wide_node85node67_t2,0.0,9.0,I,node85node67,2,wide
flow_wide_node85node67_t3,0.0,9.0,I,node85node67,3,wide
flow_wide_node85node67_t4,0.0,9.0,I,node85node67,4,wide
flow_wide_node85node67_t5,0.0,9.0,I,node85node67,5,wide
flow_timber_node87node1_t1,0.0,9.0,I,node87node1,1,timber
flow_timber_node87node1_t2,0.0,9.0,I,node87node1,2,timber
flow_timber_node87node1_t3,0.0,9.0,I,node87node1,3,timber
flow_timber_node87node1_t4,0.0,9.0,I,node87node1,4,timber
flow_timber_node87node1_t5,0.0,9.0,I,node87node1,5,timber
flow_wide_node87node1_t1,0.0,9.0,I,node87node1,1,wide
flow_wide_node87node1_t2,0.0,9.0,I,node87node1,2,wide
flow_wide_node87node1_t3,0.0,9.0,I,node87node1,3,wide
flow_wide_node87node1_t4,0.0,9.0,I,node87node1,4,wide
flow_wide_node87node1_t5,0.0,9.0,I,node87node1,5,wide
flow_timber_node87node18_t1,0.0,9.0,I,node87node18,1,timber
flow_timber_node87node18_t2,0.0,9.0,I,node87node18,2,timber
flow_timber_node87node18_t3,0.0,9.0,I,node87node18,3,timber
flow_timber_node87node18_t4,0.0,9.0,I,node87node18,4,timber
flow_timber_node87node18_t5,0.0,9.0,I,node87node18,5,timber
flow_wide_node87node18_t1,0.0,9.0,I,node87node18,1,wide
flow_wide_node87node18_t2,0.0,9.0,I,node87node18,2,wide
flow_wide_node87node18_t3,0.0,9.0,I,node87node18,3,wide
flow_wide_node87node18_t4,0.0,9.0,I,node87node18,4,wide
flow_wide_node87node18_t5,0.0,9.0,I,node87node18,5,wide
flow_timber_node87node32_t1,0.0,9.0,I,node87node32,1,timber
flow_timber_node87node32_t2,0.0,9.0,I,node87node32,2,timber
flow_timber_node87node32_t3,0.0,9.0,I,node87node32,3,timber
flow_timber_node87node32_t4,0.0,9.0,I,node87node32,4,timber
flow_timber_node87node32_t5,0.0,9.0,I,node87node32,5,timber
flow_wide_node87node32_t1,0.0,9.0,I,node87node32,1,wide
flow_wide_node87node32_t2,0.0,9.0,I,node87node32,2,wide
flow_wide_node87node32_t3,0.0,9.0,I,node87node32,3,wide
flow_wide_node87node32_t4,0.0,9.0,I,node87node32,4,wide
flow_wide_node87node32_t5,0.0,9.0,I,node87node32,5,wide
flow_timber_node87node36_t1,0.0,9.0,I,node87node36,1,timber
flow_timber_node87node36_t2,0.0,9.0,I,node87node36,2,timber
flow_timber_node87node36_t3,0.0,9.0,I,node87node36,3,timber
flow_timber_node87node36_t4,0.0,9.0,I,node87node36,4,timber
flow_timber_node87node36_t5,0.0,9.0,I,node87node36,5,timber
flow_wide_node87node36_t1,0.0,9.0,I,node87node36,1,wide
flow_wide_node87node36_t2,0.0,9.0,I,node87node36,2,wide
flow_wide_node87node36_t3,0.0,9.0,I,node87node36,3,wide
flow_wide_node87node36_t4,0.0,9.0,I,node87node36,4,wide
flow_wide_node87node36_t5,0.0,9.0,I,node87node36,5,wide
flow_timber_node87node47_t1,0.0,9.0,I,node87node47,1,timber
flow_timber_node87node47_t2,0.0,9.0,I,node87node47,2,timber
flow_timber_node87node47_t3,0.0,9.0,I,node87node47,3,timber
flow_timber_node87node47_t4,0.0,9.0,I,node87node47,4,timber
flow_timber_node87node47_t5,0.0,9.0,I,node87node47,5,timber
flow_wide_node87node47_t1,0.0,9.0,I,node87node47,1,wide
flow_wide_node87node47_t2,0.0,9.0,I,node87node47,2,wide
flow_wide_node87node47_t3,0.0,9.0,I,node87node47,3,wide
flow_wide_node87node47_t4,0.0,9.0,I,node87node47,4,wide
flow_wide_node87node47_t5,0.0,9.0,I,node87node47,5,wide
flow_timber_node87node50_t1,0.0,9.0,I,node87node50,1,timber
flow_timber_node87node50_t2,0.0,9.0,I,node87node50,2,timber
flow_timber_node87node50_t3,0.0,9.0,I,node87node50,3,timber
flow_timber_node87node50_t4,0.0,9.0,I,node87node50,4,timber
flow_timber_node87node50_t5,0.0,9.0,I,node87node50,5,timber
flow_wide_node87node50_t1,0.0,9.0,I,node87node50,1,wide
flow_wide_node87node50_t2,0.0,9.0,I,node87node50,2,wide
flow_wide_node87node50_t3,0.0,9.0,I,node87node50,3,wide
flow_wide_node87node50_t4,0.0,9.0,I,node87node50,4,wide
flow_wide_node87node50_t5,0.0,9.0,I,node87node50,5,wide
flow_timber_node88node1_t1,0.0,9.0,I,node88node1,1,timber
flow_timber_node88node1_t2,0.0,9.0,I,node88node1,2,timber
flow_timber_node88node1_t3,0.0,9.0,I,node88node1,3,timber
flow_timber_node88node1_t4,0.0,9.0,I,node88node1,4,timber
flow_timber_node88node1_t5,0.0,9.0,I,node88node1,5,timber
flow_wide_node88node1_t1,0.0,9.0,I,node88node1,1,wide
flow_wide_node88node1_t2,0.0,9.0,I,node88node1,2,wide
flow_wide_node88node1_t3,0.0,9.0,I,node88node1,3,wide
flow_wide_node88node1_t4,0.0,9.0,I,node88node1,4,wide
flow_wide_node88node1_t5,0.0,9.0,I,node88node1,5,wide
flow_timber_node88node13_t1,0.0,9.0,I,node88node13,1,timber
flow_timber_node88node13_t2,0.0,9.0,I,node88node13,2,timber
flow_timber_node88node13_t3,0.0,9.0,I,node88node13,3,timber
flow_timber_node88node13_t4,0.0,9.0,I,node88node13,4,timber
flow_timber_node88node13_t5,0.0,9.0,I,node88node13,5,timber
flow_wide_node88node13_t1,0.0,9.0,I,node88node13,1,wide
flow_wide_node88node13_t2,0.0,9.0,I,node88node13,2,wide
flow_wide_node88node13_t3,0.0,9.0,I,node88node13,3,wide
flow_wide_node88node13_t4,0.0,9.0,I,node88node13,4,wide
flow_wide_node88node13_t5,0.0,9.0,I,node88node13,5,wide
flow_timber_node88node18_t1,0.0,9.0,I,node88node18,1,timber
flow_timber_node88node18_t2,0.0,9.0,I,node88node18,2,timber
flow_timber_node88node18_t3,0.0,9.0,I,node88node18,3,timber
flow_timber_node88node18_t4,0.0,9.0,I,node88node18,4,timber
flow_timber_node88node18_t5,0.0,9.0,I,node88node18,5,timber
flow_wide_node88node18_t1,0.0,9.0,I,node88node18,1,wide
flow_wide_node88node18_t2,0.0,9.0,I,node88node18,2,wide
flow_wide_node88node18_t3,0.0,9.0,I,node88node18,3,wide
flow_wide_node88node18_t4,0.0,9.0,I,node88node18,4,wide
flow_wide_node88node18_t5,0.0,9.0,I,node88node18,5,wide
flow_timber_node88node30_t1,0.0,9.0,I,node88node30,1,timber
flow_timber_node88node30_t2,0.0,9.0,I,node88node30,2,timber
flow_timber_node88node30_t3,0.0,9.0,I,node88node30,3,timber
flow_timber_node88node30_t4,0.0,9.0,I,node88node30,4,timber
flow_timber_node88node30_t5,0.0,9.0,I,node88node30,5,timber
flow_wide_node88node30_t1,0.0,9.0,I,node88node30,1,wide
flow_wide_node88node30_t2,0.0,9.0,I,node88node30,2,wide
flow_wide_node88node30_t3,0.0,9.0,I,node88node30,3,wide
flow_wide_node88node30_t4,0.0,9.0,I,node88node30,4,wide
flow_wide_node88node30_t5,0.0,9.0,I,node88node30,5,wide
flow_timber_node88node34_t1,0.0,9.0,I,node88node34,1,timber
flow_timber_node88node34_t2,0.0,9.0,I,node88node34,2,timber
flow_timber_node88node34_t3,0.0,9.0,I,node88node34,3,timber
flow_timber_node88node34_t4,0.0,9.0,I,node88node34,4,timber
flow_timber_node88node34_t5,0.0,9.0,I,node88node34,5,timber
flow_wide_node88node34_t1,0.0,9.0,I,node88node34,1,wide
flow_wide_node88node34_t2,0.0,9.0,I,node88node34,2,wide
flow_wide_node88node34_t3,0.0,9.0,I,node88node34,3,wide
flow_wide_node88node34_t4,0.0,9.0,I,node88node34,4,wide
flow_wide_node88node34_t5,0.0,9.0,I,node88node34,5,wide
flow_timber_node88node69_t1,0.0,9.0,I,node88node69,1,timber
flow_timber_node88node69_t2,0.0,9.0,I,node88node69,2,timber
flow_timber_node88node69_t3,0.0,9.0,I,node88node69,3,timber
flow_timber_node88node69_t4,0.0,9.0,I,node88node69,4,timber
flow_timber_node88node69_t5,0.0,9.0,I,node88node69,5,timber
flow_wide_node88node69_t1,0.0,9.0,I,node88node69,1,wide
flow_wide_node88node69_t2,0.0,9.0,I,node88node69,2,wide
flow_wide_node88node69_t3,0.0,9.0,I,node88node69,3,wide
flow_wide_node88node69_t4,0.0,9.0,I,node88node69,4,wide
flow_wide_node88node69_t5,0.0,9.0,I,node88node69,5,wide
flow_timber_node2node17_t1,0.0,9.0,I,node2node17,1,timber
flow_timber_node2node17_t2,0.0,9.0,I,node2node17,2,timber
flow_timber_node2node17_t3,0.0,9.0,I,node2node17,3,timber
flow_timber_node2node17_t4,0.0,9.0,I,node2node17,4,timber
flow_timber_node2node17_t5,0.0,9.0,I,node2node17,5,timber
flow_wide_node2node17_t1,0.0,9.0,I,node2node17,1,wide
flow_wide_node2node17_t2,0.0,9.0,I,node2node17,2,wide
flow_wide_node2node17_t3,0.0,9.0,I,node2node17,3,wide
flow_wide_node2node17_t4,0.0,9.0,I,node2node17,4,wide
flow_wide_node2node17_t5,0.0,9.0,I,node2node17,5,wide
flow_timber_node2node46_t1,0.0,9.0,I,node2node46,1,timber
flow_timber_node2node46_t2,0.0,9.0,I,node2node46,2,timber
flow_timber_node2node46_t3,0.0,9.0,I,node2node46,3,timber
flow_timber_node2node46_t4,0.0,9.0,I,node2node46,4,timber
flow_timber_node2node46_t5,0.0,9.0,I,node2node46,5,timber
flow_wide_node2node46_t1,0.0,9.0,I,node2node46,1,wide
flow_wide_node2node46_t2,0.0,9.0,I,node2node46,2,wide
flow_wide_node2node46_t3,0.0,9.0,I,node2node46,3,wide
flow_wide_node2node46_t4,0.0,9.0,I,node2node46,4,wide
flow_wide_node2node46_t5,0.0,9.0,I,node2node46,5,wide
flow_timber_node2node76_t1,0.0,9.0,I,node2node76,1,timber
flow_timber_node2node76_t2,0.0,9.0,I,node2node76,2,timber
flow_timber_node2node76_t3,0.0,9.0,I,node2node76,3,timber
flow_timber_node2node76_t4,0.0,9.0,I,node2node76,4,timber
flow_timber_node2node76_t5,0.0,9.0,I,node2node76,5,timber
flow_wide_node2node76_t1,0.0,9.0,I,node2node76,1,wide
flow_wide_node2node76_t2,0.0,9.0,I,node2node76,2,wide
flow_wide_node2node76_t3,0.0,9.0,I,node2node76,3,wide
flow_wide_node2node76_t4,0.0,9.0,I,node2node76,4,wide
flow_wide_node2node76_t5,0.0,9.0,I,node2node76,5,wide
flow_timber_node2node81_t1,0.0,9.0,I,node2node81,1,timber
flow_timber_node2node81_t2,0.0,9.0,I,node2node81,2,timber
flow_timber_node2node81_t3,0.0,9.0,I,node2node81,3,timber
flow_timber_node2node81_t4,0.0,9.0,I,node2node81,4,timber
flow_timber_node2node81_t5,0.0,9.0,I,node2node81,5,timber
flow_wide_node2node81_t1,0.0,9.0,I,node2node81,1,wide
flow_wide_node2node81_t2,0.0,9.0,I,node2node81,2,wide
flow_wide_node2node81_t3,0.0,9.0,I,node2node81,3,wide
flow_wide_node2node81_t4,0.0,9.0,I,node2node81,4,wide
flow_wide_node2node81_t5,0.0,9.0,I,node2node81,5,wide
flow_timber_node17node2_t1,0.0,9.0,I,node17node2,1,timber
flow_timber_node17node2_t2,0.0,9.0,I,node17node2,2,timber
flow_timber_node17node2_t3,0.0,9.0,I,node17node2,3,timber
flow_timber_node17node2_t4,0.0,9.0,I,node17node2,4,timber
flow_timber_node17node2_t5,0.0,9.0,I,node17node2,5,timber
flow_wide_node17node2_t1,0.0,9.0,I,node17node2,1,wide
flow_wide_node17node2_t2,0.0,9.0,I,node17node2,2,wide
flow_wide_node17node2_t3,0.0,9.0,I,node17node2,3,wide
flow_wide_node17node2_t4,0.0,9.0,I,node17node2,4,wide
flow_wide_node17node2_t5,0.0,9.0,I,node17node2,5,wide
flow_timber_node17node60_t1,0.0,9.0,I,node17node60,1,timber
flow_timber_node17node60_t2,0.0,9.0,I,node17node60,2,timber
flow_timber_node17node60_t3,0.0,9.0,I,node17node60,3,timber
flow_timber_node17node60_t4,0.0,9.0,I,node17node60,4,timber
flow_timber_node17node60_t5,0.0,9.0,I,node17node60,5,timber
flow_wide_node17node60_t1,0.0,9.0,I,node17node60,1,wide
flow_wide_node17node60_t2,0.0,9.0,I,node17node60,2,wide
flow_wide_node17node60_t3,0.0,9.0,I,node17node60,3,wide
flow_wide_node17node60_t4,0.0,9.0,I,node17node60,4,wide
flow_wide_node17node60_t5,0.0,9.0,I,node17node60,5,wide
flow_timber_node17node41_t1,0.0,9.0,I,node17node41,1,timber
flow_timber_node17node41_t2,0.0,9.0,I,node17node41,2,timber
flow_timber_node17node41_t3,0.0,9.0,I,node17node41,3,timber
flow_timber_node17node41_t4,0.0,9.0,I,node17node41,4,timber
flow_timber_node17node41_t5,0.0,9.0,I,node17node41,5,timber
flow_wide_node17node41_t1,0.0,9.0,I,node17node41,1,wide
flow_wide_node17node41_t2,0.0,9.0,I,node17node41,2,wide
flow_wide_node17node41_t3,0.0,9.0,I,node17node41,3,wide
flow_wide_node17node41_t4,0.0,9.0,I,node17node41,4,wide
flow_wide_node17node41_t5,0.0,9.0,I,node17node41,5,wide
flow_timber_node17node76_t1,0.0,9.0,I,node17node76,1,timber
flow_timber_node17node76_t2,0.0,9.0,I,node17node76,2,timber
flow_timber_node17node76_t3,0.0,9.0,I,node17node76,3,timber
flow_timber_node17node76_t4,0.0,9.0,I,node17node76,4,timber
flow_timber_node17node76_t5,0.0,9.0,I,node17node76,5,timber
flow_wide_node17node76_t1,0.0,9.0,I,node17node76,1,wide
flow_wide_node17node76_t2,0.0,9.0,I,node17node76,2,wide
flow_wide_node17node76_t3,0.0,9.0,I,node17node76,3,wide
flow_wide_node17node76_t4,0.0,9.0,I,node17node76,4,wide
flow_wide_node17node76_t5,0.0,9.0,I,node17node76,5,wide
flow_timber_node17node79_t1,0.0,9.0,I,node17node79,1,timber
flow_timber_node17node79_t2,0.0,9.0,I,node17node79,2,timber
flow_timber_node17node79_t3,0.0,9.0,I,node17node79,3,timber
flow_timber_node17node79_t4,0.0,9.0,I,node17node79,4,timber
flow_timber_node17node79_t5,0.0,9.0,I,node17node79,5,timber
flow_wide_node17node79_t1,0.0,9.0,I,node17node79,1,wide
flow_wide_node17node79_t2,0.0,9.0,I,node17node79,2,wide
flow_wide_node17node79_t3,0.0,9.0,I,node17node79,3,wide
flow_wide_node17node79_t4,0.0,9.0,I,node17node79,4,wide
flow_wide_node17node79_t5,0.0,9.0,I,node17node79,5,wide
flow_timber_node17node81_t1,0.0,9.0,I,node17node81,1,timber
flow_timber_node17node81_t2,0.0,9.0,I,node17node81,2,timber
flow_timber_node17node81_t3,0.0,9.0,I,node17node81,3,timber
flow_timber_node17node81_t4,0.0,9.0,I,node17node81,4,timber
flow_timber_node17node81_t5,0.0,9.0,I,node17node81,5,timber
flow_wide_node17node81_t1,0.0,9.0,I,node17node81,1,wide
flow_wide_node17node81_t2,0.0,9.0,I,node17node81,2,wide
flow_wide_node17node81_t3,0.0,9.0,I,node17node81,3,wide
flow_wide_node17node81_t4,0.0,9.0,I,node17node81,4,wide
flow_wide_node17node81_t5,0.0,9.0,I,node17node81,5,wide
flow_timber_node46node2_t1,0.0,9.0,I,node46node2,1,timber
flow_timber_node46node2_t2,0.0,9.0,I,node46node2,2,timber
flow_timber_node46node2_t3,0.0,9.0,I,node46node2,3,timber
flow_timber_node46node2_t4,0.0,9.0,I,node46node2,4,timber
flow_timber_node46node2_t5,0.0,9.0,I,node46node2,5,timber
flow_wide_node46node2_t1,0.0,9.0,I,node46node2,1,wide
flow_wide_node46node2_t2,0.0,9.0,I,node46node2,2,wide
flow_wide_node46node2_t3,0.0,9.0,I,node46node2,3,wide
flow_wide_node46node2_t4,0.0,9.0,I,node46node2,4,wide
flow_wide_node46node2_t5,0.0,9.0,I,node46node2,5,wide
flow_timber_node46node15_t1,0.0,9.0,I,node46node15,1,timber
flow_timber_node46node15_t2,0.0,9.0,I,node46node15,2,timber
flow_timber_node46node15_t3,0.0,9.0,I,node46node15,3,timber
flow_timber_node46node15_t4,0.0,9.0,I,node46node15,4,timber
flow_timber_node46node15_t5,0.0,9.0,I,node46node15,5,timber
flow_wide_node46node15_t1,0.0,9.0,I,node46node15,1,wide
flow_wide_node46node15_t2,0.0,9.0,I,node46node15,2,wide
flow_wide_node46node15_t3,0.0,9.0,I,node46node15,3,wide
flow_wide_node46node15_t4,0.0,9.0,I,node46node15,4,wide
flow_wide_node46node15_t5,0.0,9.0,I,node46node15,5,wide
flow_timber_node46node42_t1,0.0,9.0,I,node46node42,1,timber
flow_timber_node46node42_t2,0.0,9.0,I,node46node42,2,timber
flow_timber_node46node42_t3,0.0,9.0,I,node46node42,3,timber
flow_timber_node46node42_t4,0.0,9.0,I,node46node42,4,timber
flow_timber_node46node42_t5,0.0,9.0,I,node46node42,5,timber
flow_wide_node46node42_t1,0.0,9.0,I,node46node42,1,wide
flow_wide_node46node42_t2,0.0,9.0,I,node46node42,2,wide
flow_wide_node46node42_t3,0.0,9.0,I,node46node42,3,wide
flow_wide_node46node42_t4,0.0,9.0,I,node46node42,4,wide
flow_wide_node46node42_t5,0.0,9.0,I,node46node42,5,wide
flow_timber_node46node45_t1,0.0,9.0,I,node46node45,1,timber
flow_timber_node46node45_t2,0.0,9.0,I,node46node45,2,timber
flow_timber_node46node45_t3,0.0,9.0,I,node46node45,3,timber
flow_timber_node46node45_t4,0.0,9.0,I,node46node45,4,timber
flow_timber_node46node45_t5,0.0,9.0,I,node46node45,5,timber
flow_wide_node46node45_t1,0.0,9.0,I,node46node45,1,wide
flow_wide_node46node45_t2,0.0,9.0,I,node46node45,2,wide
flow_wide_node46node45_t3,0.0,9.0,I,node46node45,3,wide
flow_wide_node46node45_t4,0.0,9.0,I,node46node45,4,wide
flow_wide_node46node45_t5,0.0,9.0,I,node46node45,5,wide
flow_timber_node46node76_t1,0.0,9.0,I,node46node76,1,timber
flow_timber_node46node76_t2,0.0,9.0,I,node46node76,2,timber
flow_timber_node46node76_t3,0.0,9.0,I,node46node76,3,timber
flow_timber_node46node76_t4,0.0,9.0,I,node46node76,4,timber
flow_timber_node46node76_t5,0.0,9.0,I,node46node76,5,timber
flow_wide_node46node76_t1,0.0,9.0,I,node46node76,1,wide
flow_wide_node46node76_t2,0.0,9.0,I,node46node76,2,wide
flow_wide_node46node76_t3,0.0,9.0,I,node46node76,3,wide
flow_wide_node46node76_t4,0.0,9.0,I,node46node76,4,wide
flow_wide_node46node76_t5,0.0,9.0,I,node46node76,5,wide
flow_timber_node46node78_t1,0.0,9.0,I,node46node78,1,timber
flow_timber_node46node78_t2,0.0,9.0,I,node46node78,2,timber
flow_timber_node46node78_t3,0.0,9.0,I,node46node78,3,timber
flow_timber_node46node78_t4,0.0,9.0,I,node46node78,4,timber
flow_timber_node46node78_t5,0.0,9.0,I,node46node78,5,timber
flow_wide_node46node78_t1,0.0,9.0,I,node46node78,1,wide
flow_wide_node46node78_t2,0.0,9.0,I,node46node78,2,wide
flow_wide_node46node78_t3,0.0,9.0,I,node46node78,3,wide
flow_wide_node46node78_t4,0.0,9.0,I,node46node78,4,wide
flow_wide_node46node78_t5,0.0,9.0,I,node46node78,5,wide
flow_timber_node46node81_t1,0.0,9.0,I,node46node81,1,timber
flow_timber_node46node81_t2,0.0,9.0,I,node46node81,2,timber
flow_timber_node46node81_t3,0.0,9.0,I,node46node81,3,timber
flow_timber_node46node81_t4,0.0,9.0,I,node46node81,4,timber
flow_timber_node46node81_t5,0.0,9.0,I,node46node81,5,timber
flow_wide_node46node81_t1,0.0,9.0,I,node46node81,1,wide
flow_wide_node46node81_t2,0.0,9.0,I,node46node81,2,wide
flow_wide_node46node81_t3,0.0,9.0,I,node46node81,3,wide
flow_wide_node46node81_t4,0.0,9.0,I,node46node81,4,wide
flow_wide_node46node81_t5,0.0,9.0,I,node46node81,5,wide
flow_timber_node76node2_t1,0.0,9.0,I,node76node2,1,timber
flow_timber_node76node2_t2,0.0,9.0,I,node76node2,2,timber
flow_timber_node76node2_t3,0.0,9.0,I,node76node2,3,timber
flow_timber_node76node2_t4,0.0,9.0,I,node76node2,4,timber
flow_timber_node76node2_t5,0.0,9.0,I,node76node2,5,timber
flow_wide_node76node2_t1,0.0,9.0,I,node76node2,1,wide
flow_wide_node76node2_t2,0.0,9.0,I,node76node2,2,wide
flow_wide_node76node2_t3,0.0,9.0,I,node76node2,3,wide
flow_wide_node76node2_t4,0.0,9.0,I,node76node2,4,wide
flow_wide_node76node2_t5,0.0,9.0,I,node76node2,5,wide
flow_timber_node76node15_t1,0.0,9.0,I,node76node15,1,timber
flow_timber_node76node15_t2,0.0,9.0,I,node76node15,2,timber
flow_timber_node76node15_t3,0.0,9.0,I,node76node15,3,timber
flow_timber_node76node15_t4,0.0,9.0,I,node76node15,4,timber
flow_timber_node76node15_t5,0.0,9.0,I,node76node15,5,timber
flow_wide_node76node15_t1,0.0,9.0,I,node76node15,1,wide
flow_wide_node76node15_t2,0.0,9.0,I,node76node15,2,wide
flow_wide_node76node15_t3,0.0,9.0,I,node76node15,3,wide
flow_wide_node76node15_t4,0.0,9.0,I,node76node15,4,wide
flow_wide_node76node15_t5,0.0,9.0,I,node76node15,5,wide
flow_timber_node76node17_t1,0.0,9.0,I,node76node17,1,timber
flow_timber_node76node17_t2,0.0,9.0,I,node76node17,2,timber
flow_timber_node76node17_t3,0.0,9.0,I,node76node17,3,timber
flow_timber_node76node17_t4,0.0,9.0,I,node76node17,4,timber
flow_timber_node76node17_t5,0.0,9.0,I,node76node17,5,timber
flow_wide_node76node17_t1,0.0,9.0,I,node76node17,1,wide
flow_wide_node76node17_t2,0.0,9.0,I,node76node17,2,wide
flow_wide_node76node17_t3,0.0,9.0,I,node76node17,3,wide
flow_wide_node76node17_t4,0.0,9.0,I,node76node17,4,wide
flow_wide_node76node17_t5,0.0,9.0,I,node76node17,5,wide
flow_timber_node76node41_t1,0.0,9.0,I,node76node41,1,timber
flow_timber_node76node41_t2,0.0,9.0,I,node76node41,2,timber
flow_timber_node76node41_t3,0.0,9.0,I,node76node41,3,timber
flow_timber_node76node41_t4,0.0,9.0,I,node76node41,4,timber
flow_timber_node76node41_t5,0.0,9.0,I,node76node41,5,timber
flow_wide_node76node41_t1,0.0,9.0,I,node76node41,1,wide
flow_wide_node76node41_t2,0.0,9.0,I,node76node41,2,wide
flow_wide_node76node41_t3,0.0,9.0,I,node76node41,3,wide
flow_wide_node76node41_t4,0.0,9.0,I,node76node41,4,wide
flow_wide_node76node41_t5,0.0,9.0,I,node76node41,5,wide
flow_timber_node76node46_t1,0.0,9.0,I,node76node46,1,timber
flow_timber_node76node46_t2,0.0,9.0,I,node76node46,2,timber
flow_timber_node76node46_t3,0.0,9.0,I,node76node46,3,timber
flow_timber_node76node46_t4,0.0,9.0,I,node76node46,4,timber
flow_timber_node76node46_t5,0.0,9.0,I,node76node46,5,timber
flow_wide_node76node46_t1,0.0,9.0,I,node76node46,1,wide
flow_wide_node76node46_t2,0.0,9.0,I,node76node46,2,wide
flow_wide_node76node46_t3,0.0,9.0,I,node76node46,3,wide
flow_wide_node76node46_t4,0.0,9.0,I,node76node46,4,wide
flow_wide_node76node46_t5,0.0,9.0,I,node76node46,5,wide
flow_timber_node81node2_t1,0.0,9.0,I,node81node2,1,timber
flow_timber_node81node2_t2,0.0,9.0,I,node81node2,2,timber
flow_timber_node81node2_t3,0.0,9.0,I,node81node2,3,timber
flow_timber_node81node2_t4,0.0,9.0,I,node81node2,4,timber
flow_timber_node81node2_t5,0.0,9.0,I,node81node2,5,timber
flow_wide_node81node2_t1,0.0,9.0,I,node81node2,1,wide
flow_wide_node81node2_t2,0.0,9.0,I,node81node2,2,wide
flow_wide_node81node2_t3,0.0,9.0,I,node81node2,3,wide
flow_wide_node81node2_t4,0.0,9.0,I,node81node2,4,wide
flow_wide_node81node2_t5,0.0,9.0,I,node81node2,5,wide
flow_timber_node81node5_t1,0.0,9.0,I,node81node5,1,timber
flow_timber_node81node5_t2,0.0,9.0,I,node81node5,2,timber
flow_timber_node81node5_t3,0.0,9.0,I,node81node5,3,timber
flow_timber_node81node5_t4,0.0,9.0,I,node81node5,4,timber
flow_timber_node81node5_t5,0.0,9.0,I,node81node5,5,timber
flow_wide_node81node5_t1,0.0,9.0,I,node81node5,1,wide
flow_wide_node81node5_t2,0.0,9.0,I,node81node5,2,wide
flow_wide_node81node5_t3,0.0,9.0,I,node81node5,3,wide
flow_wide_node81node5_t4,0.0,9.0,I,node81node5,4,wide
flow_wide_node81node5_t5,0.0,9.0,I,node81node5,5,wide
flow_timber_node81node6_t1,0.0,9.0,I,node81node6,1,timber
flow_timber_node81node6_t2,0.0,9.0,I,node81node6,2,timber
flow_timber_node81node6_t3,0.0,9.0,I,node81node6,3,timber
flow_timber_node81node6_t4,0.0,9.0,I,node81node6,4,timber
flow_timber_node81node6_t5,0.0,9.0,I,node81node6,5,timber
flow_wide_node81node6_t1,0.0,9.0,I,node81node6,1,wide
flow_wide_node81node6_t2,0.0,9.0,I,node81node6,2,wide
flow_wide_node81node6_t3,0.0,9.0,I,node81node6,3,wide
flow_wide_node81node6_t4,0.0,9.0,I,node81node6,4,wide
flow_wide_node81node6_t5,0.0,9.0,I,node81node6,5,wide
flow_timber_node81node7_t1,0.0,9.0,I,node81node7,1,timber
flow_timber_node81node7_t2,0.0,9.0,I,node81node7,2,timber
flow_timber_node81node7_t3,0.0,9.0,I,node81node7,3,timber
flow_timber_node81node7_t4,0.0,9.0,I,node81node7,4,timber
flow_timber_node81node7_t5,0.0,9.0,I,node81node7,5,timber
flow_wide_node81node7_t1,0.0,9.0,I,node81node7,1,wide
flow_wide_node81node7_t2,0.0,9.0,I,node81node7,2,wide
flow_wide_node81node7_t3,0.0,9.0,I,node81node7,3,wide
flow_wide_node81node7_t4,0.0,9.0,I,node81node7,4,wide
flow_wide_node81node7_t5,0.0,9.0,I,node81node7,5,wide
flow_timber_node81node11_t1,0.0,9.0,I,node81node11,1,timber
flow_timber_node81node11_t2,0.0,9.0,I,node81node11,2,timber
flow_timber_node81node11_t3,0.0,9.0,I,node81node11,3,timber
flow_timber_node81node11_t4,0.0,9.0,I,node81node11,4,timber
flow_timber_node81node11_t5,0.0,9.0,I,node81node11,5,timber
flow_wide_node81node11_t1,0.0,9.0,I,node81node11,1,wide
flow_wide_node81node11_t2,0.0,9.0,I,node81node11,2,wide
flow_wide_node81node11_t3,0.0,9.0,I,node81node11,3,wide
flow_wide_node81node11_t4,0.0,9.0,I,node81node11,4,wide
flow_wide_node81node11_t5,0.0,9.0,I,node81node11,5,wide
flow_timber_node81node17_t1,0.0,9.0,I,node81node17,1,timber
flow_timber_node81node17_t2,0.0,9.0,I,node81node17,2,timber
flow_timber_node81node17_t3,0.0,9.0,I,node81node17,3,timber
flow_timber_node81node17_t4,0.0,9.0,I,node81node17,4,timber
flow_timber_node81node17_t5,0.0,9.0,I,node81node17,5,timber
flow_wide_node81node17_t1,0.0,9.0,I,node81node17,1,wide
flow_wide_node81node17_t2,0.0,9.0,I,node81node17,2,wide
flow_wide_node81node17_t3,0.0,9.0,I,node81node17,3,wide
flow_wide_node81node17_t4,0.0,9.0,I,node81node17,4,wide
flow_wide_node81node17_t5,0.0,9.0,I,node81node17,5,wide
flow_timber_node81node24_t1,0.0,9.0,I,node81node24,1,timber
flow_timber_node81node24_t2,0.0,9.0,I,node81node24,2,timber
flow_timber_node81node24_t3,0.0,9.0,I,node81node24,3,timber
flow_timber_node81node24_t4,0.0,9.0,I,node81node24,4,timber
flow_timber_node81node24_t5,0.0,9.0,I,node81node24,5,timber
flow_wide_node81node24_t1,0.0,9.0,I,node81node24,1,wide
flow_wide_node81node24_t2,0.0,9.0,I,node81node24,2,wide
flow_wide_node81node24_t3,0.0,9.0,I,node81node24,3,wide
flow_wide_node81node24_t4,0.0,9.0,I,node81node24,4,wide
flow_wide_node81node24_t5,0.0,9.0,I,node81node24,5,wide
flow_timber_node81node29_t1,0.0,9.0,I,node81node29,1,timber
flow_timber_node81node29_t2,0.0,9.0,I,node81node29,2,timber
flow_timber_node81node29_t3,0.0,9.0,I,node81node29,3,timber
flow_timber_node81node29_t4,0.0,9.0,I,node81node29,4,timber
flow_timber_node81node29_t5,0.0,9.0,I,node81node29,5,timber
flow_wide_node81node29_t1,0.0,9.0,I,node81node29,1,wide
flow_wide_node81node29_t2,0.0,9.0,I,node81node29,2,wide
flow_wide_node81node29_t3,0.0,9.0,I,node81node29,3,wide
flow_wide_node81node29_t4,0.0,9.0,I,node81node29,4,wide
flow_wide_node81node29_t5,0.0,9.0,I,node81node29,5,wide
flow_timber_node81node38_t1,0.0,9.0,I,node81node38,1,timber
flow_timber_node81node38_t2,0.0,9.0,I,node81node38,2,timber
flow_timber_node81node38_t3,0.0,9.0,I,node81node38,3,timber
flow_timber_node81node38_t4,0.0,9.0,I,node81node38,4,timber
flow_timber_node81node38_t5,0.0,9.0,I,node81node38,5,timber
flow_wide_node81node38_t1,0.0,9.0,I,node81node38,1,wide
flow_wide_node81node38_t2,0.0,9.0,I,node81node38,2,wide
flow_wide_node81node38_t3,0.0,9.0,I,node81node38,3,wide
flow_wide_node81node38_t4,0.0,9.0,I,node81node38,4,wide
flow_wide_node81node38_t5,0.0,9.0,I,node81node38,5,wide
flow_timber_node81node45_t1,0.0,9.0,I,node81node45,1,timber
flow_timber_node81node45_t2,0.0,9.0,I,node81node45,2,timber
flow_timber_node81node45_t3,0.0,9.0,I,node81node45,3,timber
flow_timber_node81node45_t4,0.0,9.0,I,node81node45,4,timber
flow_timber_node81node45_t5,0.0,9.0,I,node81node45,5,timber
flow_wide_node81node45_t1,0.0,9.0,I,node81node45,1,wide
flow_wide_node81node45_t2,0.0,9.0,I,node81node45,2,wide
flow_wide_node81node45_t3,0.0,9.0,I,node81node45,3,wide
flow_wide_node81node45_t4,0.0,9.0,I,node81node45,4,wide
flow_wide_node81node45_t5,0.0,9.0,I,node81node45,5,wide
flow_timber_node81node46_t1,0.0,9.0,I,node81node46,1,timber
flow_timber_node81node46_t2,0.0,9.0,I,node81node46,2,timber
flow_timber_node81node46_t3,0.0,9.0,I,node81node46,3,timber
flow_timber_node81node46_t4,0.0,9.0,I,node81node46,4,timber
flow_timber_node81node46_t5,0.0,9.0,I,node81node46,5,timber
flow_wide_node81node46_t1,0.0,9.0,I,node81node46,1,wide
flow_wide_node81node46_t2,0.0,9.0,I,node81node46,2,wide
flow_wide_node81node46_t3,0.0,9.0,I,node81node46,3,wide
flow_wide_node81node46_t4,0.0,9.0,I,node81node46,4,wide
flow_wide_node81node46_t5,0.0,9.0,I,node81node46,5,wide
flow_timber_node81node51_t1,0.0,9.0,I,node81node51,1,timber
flow_timber_node81node51_t2,0.0,9.0,I,node81node51,2,timber
flow_timber_node81node51_t3,0.0,9.0,I,node81node51,3,timber
flow_timber_node81node51_t4,0.0,9.0,I,node81node51,4,timber
flow_timber_node81node51_t5,0.0,9.0,I,node81node51,5,timber
flow_wide_node81node51_t1,0.0,9.0,I,node81node51,1,wide
flow_wide_node81node51_t2,0.0,9.0,I,node81node51,2,wide
flow_wide_node81node51_t3,0.0,9.0,I,node81node51,3,wide
flow_wide_node81node51_t4,0.0,9.0,I,node81node51,4,wide
flow_wide_node81node51_t5,0.0,9.0,I,node81node51,5,wide
flow_timber_node81node60_t1,0.0,9.0,I,node81node60,1,timber
flow_timber_node81node60_t2,0.0,9.0,I,node81node60,2,timber
flow_timber_node81node60_t3,0.0,9.0,I,node81node60,3,timber
flow_timber_node81node60_t4,0.0,9.0,I,node81node60,4,timber
flow_timber_node81node60_t5,0.0,9.0,I,node81node60,5,timber
flow_wide_node81node60_t1,0.0,9.0,I,node81node60,1,wide
flow_wide_node81node60_t2,0.0,9.0,I,node81node60,2,wide
flow_wide_node81node60_t3,0.0,9.0,I,node81node60,3,wide
flow_wide_node81node60_t4,0.0,9.0,I,node81node60,4,wide
flow_wide_node81node60_t5,0.0,9.0,I,node81node60,5,wide
flow_timber_node81node62_t1,0.0,9.0,I,node81node62,1,timber
flow_timber_node81node62_t2,0.0,9.0,I,node81node62,2,timber
flow_timber_node81node62_t3,0.0,9.0,I,node81node62,3,timber
flow_timber_node81node62_t4,0.0,9.0,I,node81node62,4,timber
flow_timber_node81node62_t5,0.0,9.0,I,node81node62,5,timber
flow_wide_node81node62_t1,0.0,9.0,I,node81node62,1,wide
flow_wide_node81node62_t2,0.0,9.0,I,node81node62,2,wide
flow_wide_node81node62_t3,0.0,9.0,I,node81node62,3,wide
flow_wide_node81node62_t4,0.0,9.0,I,node81node62,4,wide
flow_wide_node81node62_t5,0.0,9.0,I,node81node62,5,wide
flow_timber_node3node9_t1,0.0,9.0,I,node3node9,1,timber
flow_timber_node3node9_t2,0.0,9.0,I,node3node9,2,timber
flow_timber_node3node9_t3,0.0,9.0,I,node3node9,3,timber
flow_timber_node3node9_t4,0.0,9.0,I,node3node9,4,timber
flow_timber_node3node9_t5,0.0,9.0,I,node3node9,5,timber
flow_wide_node3node9_t1,0.0,9.0,I,node3node9,1,wide
flow_wide_node3node9_t2,0.0,9.0,I,node3node9,2,wide
flow_wide_node3node9_t3,0.0,9.0,I,node3node9,3,wide
flow_wide_node3node9_t4,0.0,9.0,I,node3node9,4,wide
flow_wide_node3node9_t5,0.0,9.0,I,node3node9,5,wide
flow_timber_node3node35_t1,0.0,9.0,I,node3node35,1,timber
flow_timber_node3node35_t2,0.0,9.0,I,node3node35,2,timber
flow_timber_node3node35_t3,0.0,9.0,I,node3node35,3,timber
flow_timber_node3node35_t4,0.0,9.0,I,node3node35,4,timber
flow_timber_node3node35_t5,0.0,9.0,I,node3node35,5,timber
flow_wide_node3node35_t1,0.0,9.0,I,node3node35,1,wide
flow_wide_node3node35_t2,0.0,9.0,I,node3node35,2,wide
flow_wide_node3node35_t3,0.0,9.0,I,node3node35,3,wide
flow_wide_node3node35_t4,0.0,9.0,I,node3node35,4,wide
flow_wide_node3node35_t5,0.0,9.0,I,node3node35,5,wide
flow_timber_node3node25_t1,0.0,9.0,I,node3node25,1,timber
flow_timber_node3node25_t2,0.0,9.0,I,node3node25,2,timber
flow_timber_node3node25_t3,0.0,9.0,I,node3node25,3,timber
flow_timber_node3node25_t4,0.0,9.0,I,node3node25,4,timber
flow_timber_node3node25_t5,0.0,9.0,I,node3node25,5,timber
flow_wide_node3node25_t1,0.0,9.0,I,node3node25,1,wide
flow_wide_node3node25_t2,0.0,9.0,I,node3node25,2,wide
flow_wide_node3node25_t3,0.0,9.0,I,node3node25,3,wide
flow_wide_node3node25_t4,0.0,9.0,I,node3node25,4,wide
flow_wide_node3node25_t5,0.0,9.0,I,node3node25,5,wide
flow_timber_node3node73_t1,0.0,9.0,I,node3node73,1,timber
flow_timber_node3node73_t2,0.0,9.0,I,node3node73,2,timber
flow_timber_node3node73_t3,0.0,9.0,I,node3node73,3,timber
flow_timber_node3node73_t4,0.0,9.0,I,node3node73,4,timber
flow_timber_node3node73_t5,0.0,9.0,I,node3node73,5,timber
flow_wide_node3node73_t1,0.0,9.0,I,node3node73,1,wide
flow_wide_node3node73_t2,0.0,9.0,I,node3node73,2,wide
flow_wide_node3node73_t3,0.0,9.0,I,node3node73,3,wide
flow_wide_node3node73_t4,0.0,9.0,I,node3node73,4,wide
flow_wide_node3node73_t5,0.0,9.0,I,node3node73,5,wide
flow_timber_node3node74_t1,0.0,9.0,I,node3node74,1,timber
flow_timber_node3node74_t2,0.0,9.0,I,node3node74,2,timber
flow_timber_node3node74_t3,0.0,9.0,I,node3node74,3,timber
flow_timber_node3node74_t4,0.0,9.0,I,node3node74,4,timber
flow_timber_node3node74_t5,0.0,9.0,I,node3node74,5,timber
flow_wide_node3node74_t1,0.0,9.0,I,node3node74,1,wide
flow_wide_node3node74_t2,0.0,9.0,I,node3node74,2,wide
flow_wide_node3node74_t3,0.0,9.0,I,node3node74,3,wide
flow_wide_node3node74_t4,0.0,9.0,I,node3node74,4,wide
flow_wide_node3node74_t5,0.0,9.0,I,node3node74,5,wide
flow_timber_node9node3_t1,0.0,9.0,I,node9node3,1,timber
flow_timber_node9node3_t2,0.0,9.0,I,node9node3,2,timber
flow_timber_node9node3_t3,0.0,9.0,I,node9node3,3,timber
flow_timber_node9node3_t4,0.0,9.0,I,node9node3,4,timber
flow_timber_node9node3_t5,0.0,9.0,I,node9node3,5,timber
flow_wide_node9node3_t1,0.0,9.0,I,node9node3,1,wide
flow_wide_node9node3_t2,0.0,9.0,I,node9node3,2,wide
flow_wide_node9node3_t3,0.0,9.0,I,node9node3,3,wide
flow_wide_node9node3_t4,0.0,9.0,I,node9node3,4,wide
flow_wide_node9node3_t5,0.0,9.0,I,node9node3,5,wide
flow_timber_node9node12_t1,0.0,9.0,I,node9node12,1,timber
flow_timber_node9node12_t2,0.0,9.0,I,node9node12,2,timber
flow_timber_node9node12_t3,0.0,9.0,I,node9node12,3,timber
flow_timber_node9node12_t4,0.0,9.0,I,node9node12,4,timber
flow_timber_node9node12_t5,0.0,9.0,I,node9node12,5,timber
flow_wide_node9node12_t1,0.0,9.0,I,node9node12,1,wide
flow_wide_node9node12_t2,0.0,9.0,I,node9node12,2,wide
flow_wide_node9node12_t3,0.0,9.0,I,node9node12,3,wide
flow_wide_node9node12_t4,0.0,9.0,I,node9node12,4,wide
flow_wide_node9node12_t5,0.0,9.0,I,node9node12,5,wide
flow_timber_node9node40_t1,0.0,9.0,I,node9node40,1,timber
flow_timber_node9node40_t2,0.0,9.0,I,node9node40,2,timber
flow_timber_node9node40_t3,0.0,9.0,I,node9node40,3,timber
flow_timber_node9node40_t4,0.0,9.0,I,node9node40,4,timber
flow_timber_node9node40_t5,0.0,9.0,I,node9node40,5,timber
flow_wide_node9node40_t1,0.0,9.0,I,node9node40,1,wide
flow_wide_node9node40_t2,0.0,9.0,I,node9node40,2,wide
flow_wide_node9node40_t3,0.0,9.0,I,node9node40,3,wide
flow_wide_node9node40_t4,0.0,9.0,I,node9node40,4,wide
flow_wide_node9node40_t5,0.0,9.0,I,node9node40,5,wide
flow_timber_node9node73_t1,0.0,9.0,I,node9node73,1,timber
flow_timber_node9node73_t2,0.0,9.0,I,node9node73,2,timber
flow_timber_node9node73_t3,0.0,9.0,I,node9node73,3,timber
flow_timber_node9node73_t4,0.0,9.0,I,node9node73,4,timber
flow_timber_node9node73_t5,0.0,9.0,I,node9node73,5,timber
flow_wide_node9node73_t1,0.0,9.0,I,node9node73,1,wide
flow_wide_node9node73_t2,0.0,9.0,I,node9node73,2,wide
flow_wide_node9node73_t3,0.0,9.0,I,node9node73,3,wide
flow_wide_node9node73_t4,0.0,9.0,I,node9node73,4,wide
flow_wide_node9node73_t5,0.0,9.0,I,node9node73,5,wide
flow_timber_node9node74_t1,0.0,9.0,I,node9node74,1,timber
flow_timber_node9node74_t2,0.0,9.0,I,node9node74,2,timber
flow_timber_node9node74_t3,0.0,9.0,I,node9node74,3,timber
flow_timber_node9node74_t4,0.0,9.0,I,node9node74,4,timber
flow_timber_node9node74_t5,0.0,9.0,I,node9node74,5,timber
flow_wide_node9node74_t1,0.0,9.0,I,node9node74,1,wide
flow_wide_node9node74_t2,0.0,9.0,I,node9node74,2,wide
flow_wide_node9node74_t3,0.0,9.0,I,node9node74,3,wide
flow_wide_node9node74_t4,0.0,9.0,I,node9node74,4,wide
flow_wide_node9node74_t5,0.0,9.0,I,node9node74,5,wide
flow_timber_node9node75_t1,0.0,9.0,I,node9node75,1,timber
flow_timber_node9node75_t2,0.0,9.0,I,node9node75,2,timber
flow_timber_node9node75_t3,0.0,9.0,I,node9node75,3,timber
flow_timber_node9node75_t4,0.0,9.0,I,node9node75,4,timber
flow_timber_node9node75_t5,0.0,9.0,I,node9node75,5,timber
flow_wide_node9node75_t1,0.0,9.0,I,node9node75,1,wide
flow_wide_node9node75_t2,0.0,9.0,I,node9node75,2,wide
flow_wide_node9node75_t3,0.0,9.0,I,node9node75,3,wide
flow_wide_node9node75_t4,0.0,9.0,I,node9node75,4,wide
flow_wide_node9node75_t5,0.0,9.0,I,node9node75,5,wide
flow_timber_node35node3_t1,0.0,9.0,I,node35node3,1,timber
flow_timber_node35node3_t2,0.0,9.0,I,node35node3,2,timber
flow_timber_node35node3_t3,0.0,9.0,I,node35node3,3,timber
flow_timber_node35node3_t4,0.0,9.0,I,node35node3,4,timber
flow_timber_node35node3_t5,0.0,9.0,I,node35node3,5,timber
flow_wide_node35node3_t1,0.0,9.0,I,node35node3,1,wide
flow_wide_node35node3_t2,0.0,9.0,I,node35node3,2,wide
flow_wide_node35node3_t3,0.0,9.0,I,node35node3,3,wide
flow_wide_node35node3_t4,0.0,9.0,I,node35node3,4,wide
flow_wide_node35node3_t5,0.0,9.0,I,node35node3,5,wide
flow_timber_node35node40_t1,0.0,9.0,I,node35node40,1,timber
flow_timber_node35node40_t2,0.0,9.0,I,node35node40,2,timber
flow_timber_node35node40_t3,0.0,9.0,I,node35node40,3,timber
flow_timber_node35node40_t4,0.0,9.0,I,node35node40,4,timber
flow_timber_node35node40_t5,0.0,9.0,I,node35node40,5,timber
flow_wide_node35node40_t1,0.0,9.0,I,node35node40,1,wide
flow_wide_node35node40_t2,0.0,9.0,I,node35node40,2,wide
flow_wide_node35node40_t3,0.0,9.0,I,node35node40,3,wide
flow_wide_node35node40_t4,0.0,9.0,I,node35node40,4,wide
flow_wide_node35node40_t5,0.0,9.0,I,node35node40,5,wide
flow_timber_node35node45_t1,0.0,9.0,I,node35node45,1,timber
flow_timber_node35node45_t2,0.0,9.0,I,node35node45,2,timber
flow_timber_node35node45_t3,0.0,9.0,I,node35node45,3,timber
flow_timber_node35node45_t4,0.0,9.0,I,node35node45,4,timber
flow_timber_node35node45_t5,0.0,9.0,I,node35node45,5,timber
flow_wide_node35node45_t1,0.0,9.0,I,node35node45,1,wide
flow_wide_node35node45_t2,0.0,9.0,I,node35node45,2,wide
flow_wide_node35node45_t3,0.0,9.0,I,node35node45,3,wide
flow_wide_node35node45_t4,0.0,9.0,I,node35node45,4,wide
flow_wide_node35node45_t5,0.0,9.0,I,node35node45,5,wide
flow_timber_node35node74_t1,0.0,9.0,I,node35node74,1,timber
flow_timber_node35node74_t2,0.0,9.0,I,node35node74,2,timber
flow_timber_node35node74_t3,0.0,9.0,I,node35node74,3,timber
flow_timber_node35node74_t4,0.0,9.0,I,node35node74,4,timber
flow_timber_node35node74_t5,0.0,9.0,I,node35node74,5,timber
flow_wide_node35node74_t1,0.0,9.0,I,node35node74,1,wide
flow_wide_node35node74_t2,0.0,9.0,I,node35node74,2,wide
flow_wide_node35node74_t3,0.0,9.0,I,node35node74,3,wide
flow_wide_node35node74_t4,0.0,9.0,I,node35node74,4,wide
flow_wide_node35node74_t5,0.0,9.0,I,node35node74,5,wide
flow_timber_node35node77_t1,0.0,9.0,I,node35node77,1,timber
flow_timber_node35node77_t2,0.0,9.0,I,node35node77,2,timber
flow_timber_node35node77_t3,0.0,9.0,I,node35node77,3,timber
flow_timber_node35node77_t4,0.0,9.0,I,node35node77,4,timber
flow_timber_node35node77_t5,0.0,9.0,I,node35node77,5,timber
flow_wide_node35node77_t1,0.0,9.0,I,node35node77,1,wide
flow_wide_node35node77_t2,0.0,9.0,I,node35node77,2,wide
flow_wide_node35node77_t3,0.0,9.0,I,node35node77,3,wide
flow_wide_node35node77_t4,0.0,9.0,I,node35node77,4,wide
flow_wide_node35node77_t5,0.0,9.0,I,node35node77,5,wide
flow_timber_node25node3_t1,0.0,9.0,I,node25node3,1,timber
flow_timber_node25node3_t2,0.0,9.0,I,node25node3,2,timber
flow_timber_node25node3_t3,0.0,9.0,I,node25node3,3,timber
flow_timber_node25node3_t4,0.0,9.0,I,node25node3,4,timber
flow_timber_node25node3_t5,0.0,9.0,I,node25node3,5,timber
flow_wide_node25node3_t1,0.0,9.0,I,node25node3,1,wide
flow_wide_node25node3_t2,0.0,9.0,I,node25node3,2,wide
flow_wide_node25node3_t3,0.0,9.0,I,node25node3,3,wide
flow_wide_node25node3_t4,0.0,9.0,I,node25node3,4,wide
flow_wide_node25node3_t5,0.0,9.0,I,node25node3,5,wide
flow_timber_node25node12_t1,0.0,9.0,I,node25node12,1,timber
flow_timber_node25node12_t2,0.0,9.0,I,node25node12,2,timber
flow_timber_node25node12_t3,0.0,9.0,I,node25node12,3,timber
flow_timber_node25node12_t4,0.0,9.0,I,node25node12,4,timber
flow_timber_node25node12_t5,0.0,9.0,I,node25node12,5,timber
flow_wide_node25node12_t1,0.0,9.0,I,node25node12,1,wide
flow_wide_node25node12_t2,0.0,9.0,I,node25node12,2,wide
flow_wide_node25node12_t3,0.0,9.0,I,node25node12,3,wide
flow_wide_node25node12_t4,0.0,9.0,I,node25node12,4,wide
flow_wide_node25node12_t5,0.0,9.0,I,node25node12,5,wide
flow_timber_node25node49_t1,0.0,9.0,I,node25node49,1,timber
flow_timber_node25node49_t2,0.0,9.0,I,node25node49,2,timber
flow_timber_node25node49_t3,0.0,9.0,I,node25node49,3,timber
flow_timber_node25node49_t4,0.0,9.0,I,node25node49,4,timber
flow_timber_node25node49_t5,0.0,9.0,I,node25node49,5,timber
flow_wide_node25node49_t1,0.0,9.0,I,node25node49,1,wide
flow_wide_node25node49_t2,0.0,9.0,I,node25node49,2,wide
flow_wide_node25node49_t3,0.0,9.0,I,node25node49,3,wide
flow_wide_node25node49_t4,0.0,9.0,I,node25node49,4,wide
flow_wide_node25node49_t5,0.0,9.0,I,node25node49,5,wide
flow_timber_node25node72_t1,0.0,9.0,I,node25node72,1,timber
flow_timber_node25node72_t2,0.0,9.0,I,node25node72,2,timber
flow_timber_node25node72_t3,0.0,9.0,I,node25node72,3,timber
flow_timber_node25node72_t4,0.0,9.0,I,node25node72,4,timber
flow_timber_node25node72_t5,0.0,9.0,I,node25node72,5,timber
flow_wide_node25node72_t1,0.0,9.0,I,node25node72,1,wide
flow_wide_node25node72_t2,0.0,9.0,I,node25node72,2,wide
flow_wide_node25node72_t3,0.0,9.0,I,node25node72,3,wide
flow_wide_node25node72_t4,0.0,9.0,I,node25node72,4,wide
flow_wide_node25node72_t5,0.0,9.0,I,node25node72,5,wide
flow_timber_node25node73_t1,0.0,9.0,I,node25node73,1,timber
flow_timber_node25node73_t2,0.0,9.0,I,node25node73,2,timber
flow_timber_node25node73_t3,0.0,9.0,I,node25node73,3,timber
flow_timber_node25node73_t4,0.0,9.0,I,node25node73,4,timber
flow_timber_node25node73_t5,0.0,9.0,I,node25node73,5,timber
flow_wide_node25node73_t1,0.0,9.0,I,node25node73,1,wide
flow_wide_node25node73_t2,0.0,9.0,I,node25node73,2,wide
flow_wide_node25node73_t3,0.0,9.0,I,node25node73,3,wide
flow_wide_node25node73_t4,0.0,9.0,I,node25node73,4,wide
flow_wide_node25node73_t5,0.0,9.0,I,node25node73,5,wide
flow_timber_node73node3_t1,0.0,9.0,I,node73node3,1,timber
flow_timber_node73node3_t2,0.0,9.0,I,node73node3,2,timber
flow_timber_node73node3_t3,0.0,9.0,I,node73node3,3,timber
flow_timber_node73node3_t4,0.0,9.0,I,node73node3,4,timber
flow_timber_node73node3_t5,0.0,9.0,I,node73node3,5,timber
flow_wide_node73node3_t1,0.0,9.0,I,node73node3,1,wide
flow_wide_node73node3_t2,0.0,9.0,I,node73node3,2,wide
flow_wide_node73node3_t3,0.0,9.0,I,node73node3,3,wide
flow_wide_node73node3_t4,0.0,9.0,I,node73node3,4,wide
flow_wide_node73node3_t5,0.0,9.0,I,node73node3,5,wide
flow_timber_node73node9_t1,0.0,9.0,I,node73node9,1,timber
flow_timber_node73node9_t2,0.0,9.0,I,node73node9,2,timber
flow_timber_node73node9_t3,0.0,9.0,I,node73node9,3,timber
flow_timber_node73node9_t4,0.0,9.0,I,node73node9,4,timber
flow_timber_node73node9_t5,0.0,9.0,I,node73node9,5,timber
flow_wide_node73node9_t1,0.0,9.0,I,node73node9,1,wide
flow_wide_node73node9_t2,0.0,9.0,I,node73node9,2,wide
flow_wide_node73node9_t3,0.0,9.0,I,node73node9,3,wide
flow_wide_node73node9_t4,0.0,9.0,I,node73node9,4,wide
flow_wide_node73node9_t5,0.0,9.0,I,node73node9,5,wide
flow_timber_node73node12_t1,0.0,9.0,I,node73node12,1,timber
flow_timber_node73node12_t2,0.0,9.0,I,node73node12,2,timber
flow_timber_node73node12_t3,0.0,9.0,I,node73node12,3,timber
flow_timber_node73node12_t4,0.0,9.0,I,node73node12,4,timber
flow_timber_node73node12_t5,0.0,9.0,I,node73node12,5,timber
flow_wide_node73node12_t1,0.0,9.0,I,node73node12,1,wide
flow_wide_node73node12_t2,0.0,9.0,I,node73node12,2,wide
flow_wide_node73node12_t3,0.0,9.0,I,node73node12,3,wide
flow_wide_node73node12_t4,0.0,9.0,I,node73node12,4,wide
flow_wide_node73node12_t5,0.0,9.0,I,node73node12,5,wide
flow_timber_node73node25_t1,0.0,9.0,I,node73node25,1,timber
flow_timber_node73node25_t2,0.0,9.0,I,node73node25,2,timber
flow_timber_node73node25_t3,0.0,9.0,I,node73node25,3,timber
flow_timber_node73node25_t4,0.0,9.0,I,node73node25,4,timber
flow_timber_node73node25_t5,0.0,9.0,I,node73node25,5,timber
flow_wide_node73node25_t1,0.0,9.0,I,node73node25,1,wide
flow_wide_node73node25_t2,0.0,9.0,I,node73node25,2,wide
flow_wide_node73node25_t3,0.0,9.0,I,node73node25,3,wide
flow_wide_node73node25_t4,0.0,9.0,I,node73node25,4,wide
flow_wide_node73node25_t5,0.0,9.0,I,node73node25,5,wide
flow_timber_node74node3_t1,0.0,9.0,I,node74node3,1,timber
flow_timber_node74node3_t2,0.0,9.0,I,node74node3,2,timber
flow_timber_node74node3_t3,0.0,9.0,I,node74node3,3,timber
flow_timber_node74node3_t4,0.0,9.0,I,node74node3,4,timber
flow_timber_node74node3_t5,0.0,9.0,I,node74node3,5,timber
flow_wide_node74node3_t1,0.0,9.0,I,node74node3,1,wide
flow_wide_node74node3_t2,0.0,9.0,I,node74node3,2,wide
flow_wide_node74node3_t3,0.0,9.0,I,node74node3,3,wide
flow_wide_node74node3_t4,0.0,9.0,I,node74node3,4,wide
flow_wide_node74node3_t5,0.0,9.0,I,node74node3,5,wide
flow_timber_node74node9_t1,0.0,9.0,I,node74node9,1,timber
flow_timber_node74node9_t2,0.0,9.0,I,node74node9,2,timber
flow_timber_node74node9_t3,0.0,9.0,I,node74node9,3,timber
flow_timber_node74node9_t4,0.0,9.0,I,node74node9,4,timber
flow_timber_node74node9_t5,0.0,9.0,I,node74node9,5,timber
flow_wide_node74node9_t1,0.0,9.0,I,node74node9,1,wide
flow_wide_node74node9_t2,0.0,9.0,I,node74node9,2,wide
flow_wide_node74node9_t3,0.0,9.0,I,node74node9,3,wide
flow_wide_node74node9_t4,0.0,9.0,I,node74node9,4,wide
flow_wide_node74node9_t5,0.0,9.0,I,node74node9,5,wide
flow_timber_node74node35_t1,0.0,9.0,I,node74node35,1,timber
flow_timber_node74node35_t2,0.0,9.0,I,node74node35,2,timber
flow_timber_node74node35_t3,0.0,9.0,I,node74node35,3,timber
flow_timber_node74node35_t4,0.0,9.0,I,node74node35,4,timber
flow_timber_node74node35_t5,0.0,9.0,I,node74node35,5,timber
flow_wide_node74node35_t1,0.0,9.0,I,node74node35,1,wide
flow_wide_node74node35_t2,0.0,9.0,I,node74node35,2,wide
flow_wide_node74node35_t3,0.0,9.0,I,node74node35,3,wide
flow_wide_node74node35_t4,0.0,9.0,I,node74node35,4,wide
flow_wide_node74node35_t5,0.0,9.0,I,node74node35,5,wide
flow_timber_node74node40_t1,0.0,9.0,I,node74node40,1,timber
flow_timber_node74node40_t2,0.0,9.0,I,node74node40,2,timber
flow_timber_node74node40_t3,0.0,9.0,I,node74node40,3,timber
flow_timber_node74node40_t4,0.0,9.0,I,node74node40,4,timber
flow_timber_node74node40_t5,0.0,9.0,I,node74node40,5,timber
flow_wide_node74node40_t1,0.0,9.0,I,node74node40,1,wide
flow_wide_node74node40_t2,0.0,9.0,I,node74node40,2,wide
flow_wide_node74node40_t3,0.0,9.0,I,node74node40,3,wide
flow_wide_node74node40_t4,0.0,9.0,I,node74node40,4,wide
flow_wide_node74node40_t5,0.0,9.0,I,node74node40,5,wide
flow_timber_node4node22_t1,0.0,9.0,I,node4node22,1,timber
flow_timber_node4node22_t2,0.0,9.0,I,node4node22,2,timber
flow_timber_node4node22_t3,0.0,9.0,I,node4node22,3,timber
flow_timber_node4node22_t4,0.0,9.0,I,node4node22,4,timber
flow_timber_node4node22_t5,0.0,9.0,I,node4node22,5,timber
flow_wide_node4node22_t1,0.0,9.0,I,node4node22,1,wide
flow_wide_node4node22_t2,0.0,9.0,I,node4node22,2,wide
flow_wide_node4node22_t3,0.0,9.0,I,node4node22,3,wide
flow_wide_node4node22_t4,0.0,9.0,I,node4node22,4,wide
flow_wide_node4node22_t5,0.0,9.0,I,node4node22,5,wide
flow_timber_node4node61_t1,0.0,9.0,I,node4node61,1,timber
flow_timber_node4node61_t2,0.0,9.0,I,node4node61,2,timber
flow_timber_node4node61_t3,0.0,9.0,I,node4node61,3,timber
flow_timber_node4node61_t4,0.0,9.0,I,node4node61,4,timber
flow_timber_node4node61_t5,0.0,9.0,I,node4node61,5,timber
flow_wide_node4node61_t1,0.0,9.0,I,node4node61,1,wide
flow_wide_node4node61_t2,0.0,9.0,I,node4node61,2,wide
flow_wide_node4node61_t3,0.0,9.0,I,node4node61,3,wide
flow_wide_node4node61_t4,0.0,9.0,I,node4node61,4,wide
flow_wide_node4node61_t5,0.0,9.0,I,node4node61,5,wide
flow_timber_node4node52_t1,0.0,9.0,I,node4node52,1,timber
flow_timber_node4node52_t2,0.0,9.0,I,node4node52,2,timber
flow_timber_node4node52_t3,0.0,9.0,I,node4node52,3,timber
flow_timber_node4node52_t4,0.0,9.0,I,node4node52,4,timber
flow_timber_node4node52_t5,0.0,9.0,I,node4node52,5,timber
flow_wide_node4node52_t1,0.0,9.0,I,node4node52,1,wide
flow_wide_node4node52_t2,0.0,9.0,I,node4node52,2,wide
flow_wide_node4node52_t3,0.0,9.0,I,node4node52,3,wide
flow_wide_node4node52_t4,0.0,9.0,I,node4node52,4,wide
flow_wide_node4node52_t5,0.0,9.0,I,node4node52,5,wide
flow_timber_node4node80_t1,0.0,9.0,I,node4node80,1,timber
flow_timber_node4node80_t2,0.0,9.0,I,node4node80,2,timber
flow_timber_node4node80_t3,0.0,9.0,I,node4node80,3,timber
flow_timber_node4node80_t4,0.0,9.0,I,node4node80,4,timber
flow_timber_node4node80_t5,0.0,9.0,I,node4node80,5,timber
flow_wide_node4node80_t1,0.0,9.0,I,node4node80,1,wide
flow_wide_node4node80_t2,0.0,9.0,I,node4node80,2,wide
flow_wide_node4node80_t3,0.0,9.0,I,node4node80,3,wide
flow_wide_node4node80_t4,0.0,9.0,I,node4node80,4,wide
flow_wide_node4node80_t5,0.0,9.0,I,node4node80,5,wide
flow_timber_node4node90_t1,0.0,9.0,I,node4node90,1,timber
flow_timber_node4node90_t2,0.0,9.0,I,node4node90,2,timber
flow_timber_node4node90_t3,0.0,9.0,I,node4node90,3,timber
flow_timber_node4node90_t4,0.0,9.0,I,node4node90,4,timber
flow_timber_node4node90_t5,0.0,9.0,I,node4node90,5,timber
flow_wide_node4node90_t1,0.0,9.0,I,node4node90,1,wide
flow_wide_node4node90_t2,0.0,9.0,I,node4node90,2,wide
flow_wide_node4node90_t3,0.0,9.0,I,node4node90,3,wide
flow_wide_node4node90_t4,0.0,9.0,I,node4node90,4,wide
flow_wide_node4node90_t5,0.0,9.0,I,node4node90,5,wide
flow_timber_node22node4_t1,0.0,9.0,I,node22node4,1,timber
flow_timber_node22node4_t2,0.0,9.0,I,node22node4,2,timber
flow_timber_node22node4_t3,0.0,9.0,I,node22node4,3,timber
flow_timber_node22node4_t4,0.0,9.0,I,node22node4,4,timber
flow_timber_node22node4_t5,0.0,9.0,I,node22node4,5,timber
flow_wide_node22node4_t1,0.0,9.0,I,node22node4,1,wide
flow_wide_node22node4_t2,0.0,9.0,I,node22node4,2,wide
flow_wide_node22node4_t3,0.0,9.0,I,node22node4,3,wide
flow_wide_node22node4_t4,0.0,9.0,I,node22node4,4,wide
flow_wide_node22node4_t5,0.0,9.0,I,node22node4,5,wide
flow_timber_node22node28_t1,0.0,9.0,I,node22node28,1,timber
flow_timber_node22node28_t2,0.0,9.0,I,node22node28,2,timber
flow_timber_node22node28_t3,0.0,9.0,I,node22node28,3,timber
flow_timber_node22node28_t4,0.0,9.0,I,node22node28,4,timber
flow_timber_node22node28_t5,0.0,9.0,I,node22node28,5,timber
flow_wide_node22node28_t1,0.0,9.0,I,node22node28,1,wide
flow_wide_node22node28_t2,0.0,9.0,I,node22node28,2,wide
flow_wide_node22node28_t3,0.0,9.0,I,node22node28,3,wide
flow_wide_node22node28_t4,0.0,9.0,I,node22node28,4,wide
flow_wide_node22node28_t5,0.0,9.0,I,node22node28,5,wide
flow_timber_node22node44_t1,0.0,9.0,I,node22node44,1,timber
flow_timber_node22node44_t2,0.0,9.0,I,node22node44,2,timber
flow_timber_node22node44_t3,0.0,9.0,I,node22node44,3,timber
flow_timber_node22node44_t4,0.0,9.0,I,node22node44,4,timber
flow_timber_node22node44_t5,0.0,9.0,I,node22node44,5,timber
flow_wide_node22node44_t1,0.0,9.0,I,node22node44,1,wide
flow_wide_node22node44_t2,0.0,9.0,I,node22node44,2,wide
flow_wide_node22node44_t3,0.0,9.0,I,node22node44,3,wide
flow_wide_node22node44_t4,0.0,9.0,I,node22node44,4,wide
flow_wide_node22node44_t5,0.0,9.0,I,node22node44,5,wide
flow_timber_node22node31_t1,0.0,9.0,I,node22node31,1,timber
flow_timber_node22node31_t2,0.0,9.0,I,node22node31,2,timber
flow_timber_node22node31_t3,0.0,9.0,I,node22node31,3,timber
flow_timber_node22node31_t4,0.0,9.0,I,node22node31,4,timber
flow_timber_node22node31_t5,0.0,9.0,I,node22node31,5,timber
flow_wide_node22node31_t1,0.0,9.0,I,node22node31,1,wide
flow_wide_node22node31_t2,0.0,9.0,I,node22node31,2,wide
flow_wide_node22node31_t3,0.0,9.0,I,node22node31,3,wide
flow_wide_node22node31_t4,0.0,9.0,I,node22node31,4,wide
flow_wide_node22node31_t5,0.0,9.0,I,node22node31,5,wide
flow_timber_node22node80_t1,0.0,9.0,I,node22node80,1,timber
flow_timber_node22node80_t2,0.0,9.0,I,node22node80,2,timber
flow_timber_node22node80_t3,0.0,9.0,I,node22node80,3,timber
flow_timber_node22node80_t4,0.0,9.0,I,node22node80,4,timber
flow_timber_node22node80_t5,0.0,9.0,I,node22node80,5,timber
flow_wide_node22node80_t1,0.0,9.0,I,node22node80,1,wide
flow_wide_node22node80_t2,0.0,9.0,I,node22node80,2,wide
flow_wide_node22node80_t3,0.0,9.0,I,node22node80,3,wide
flow_wide_node22node80_t4,0.0,9.0,I,node22node80,4,wide
flow_wide_node22node80_t5,0.0,9.0,I,node22node80,5,wide
flow_timber_node22node89_t1,0.0,9.0,I,node22node89,1,timber
flow_timber_node22node89_t2,0.0,9.0,I,node22node89,2,timber
flow_timber_node22node89_t3,0.0,9.0,I,node22node89,3,timber
flow_timber_node22node89_t4,0.0,9.0,I,node22node89,4,timber
flow_timber_node22node89_t5,0.0,9.0,I,node22node89,5,timber
flow_wide_node22node89_t1,0.0,9.0,I,node22node89,1,wide
flow_wide_node22node89_t2,0.0,9.0,I,node22node89,2,wide
flow_wide_node22node89_t3,0.0,9.0,I,node22node89,3,wide
flow_wide_node22node89_t4,0.0,9.0,I,node22node89,4,wide
flow_wide_node22node89_t5,0.0,9.0,I,node22node89,5,wide
flow_timber_node22node90_t1,0.0,9.0,I,node22node90,1,timber
flow_timber_node22node90_t2,0.0,9.0,I,node22node90,2,timber
flow_timber_node22node90_t3,0.0,9.0,I,node22node90,3,timber
flow_timber_node22node90_t4,0.0,9.0,I,node22node90,4,timber
flow_timber_node22node90_t5,0.0,9.0,I,node22node90,5,timber
flow_wide_node22node90_t1,0.0,9.0,I,node22node90,1,wide
flow_wide_node22node90_t2,0.0,9.0,I,node22node90,2,wide
flow_wide_node22node90_t3,0.0,9.0,I,node22node90,3,wide
flow_wide_node22node90_t4,0.0,9.0,I,node22node90,4,wide
flow_wide_node22node90_t5,0.0,9.0,I,node22node90,5,wide
flow_timber_node61node4_t1,0.0,9.0,I,node61node4,1,timber
flow_timber_node61node4_t2,0.0,9.0,I,node61node4,2,timber
flow_timber_node61node4_t3,0.0,9.0,I,node61node4,3,timber
flow_timber_node61node4_t4,0.0,9.0,I,node61node4,4,timber
flow_timber_node61node4_t5,0.0,9.0,I,node61node4,5,timber
flow_wide_node61node4_t1,0.0,9.0,I,node61node4,1,wide
flow_wide_node61node4_t2,0.0,9.0,I,node61node4,2,wide
flow_wide_node61node4_t3,0.0,9.0,I,node61node4,3,wide
flow_wide_node61node4_t4,0.0,9.0,I,node61node4,4,wide
flow_wide_node61node4_t5,0.0,9.0,I,node61node4,5,wide
flow_timber_node61node44_t1,0.0,9.0,I,node61node44,1,timber
flow_timber_node61node44_t2,0.0,9.0,I,node61node44,2,timber
flow_timber_node61node44_t3,0.0,9.0,I,node61node44,3,timber
flow_timber_node61node44_t4,0.0,9.0,I,node61node44,4,timber
flow_timber_node61node44_t5,0.0,9.0,I,node61node44,5,timber
flow_wide_node61node44_t1,0.0,9.0,I,node61node44,1,wide
flow_wide_node61node44_t2,0.0,9.0,I,node61node44,2,wide
flow_wide_node61node44_t3,0.0,9.0,I,node61node44,3,wide
flow_wide_node61node44_t4,0.0,9.0,I,node61node44,4,wide
flow_wide_node61node44_t5,0.0,9.0,I,node61node44,5,wide
flow_timber_node61node80_t1,0.0,9.0,I,node61node80,1,timber
flow_timber_node61node80_t2,0.0,9.0,I,node61node80,2,timber
flow_timber_node61node80_t3,0.0,9.0,I,node61node80,3,timber
flow_timber_node61node80_t4,0.0,9.0,I,node61node80,4,timber
flow_timber_node61node80_t5,0.0,9.0,I,node61node80,5,timber
flow_wide_node61node80_t1,0.0,9.0,I,node61node80,1,wide
flow_wide_node61node80_t2,0.0,9.0,I,node61node80,2,wide
flow_wide_node61node80_t3,0.0,9.0,I,node61node80,3,wide
flow_wide_node61node80_t4,0.0,9.0,I,node61node80,4,wide
flow_wide_node61node80_t5,0.0,9.0,I,node61node80,5,wide
flow_timber_node52node4_t1,0.0,9.0,I,node52node4,1,timber
flow_timber_node52node4_t2,0.0,9.0,I,node52node4,2,timber
flow_timber_node52node4_t3,0.0,9.0,I,node52node4,3,timber
flow_timber_node52node4_t4,0.0,9.0,I,node52node4,4,timber
flow_timber_node52node4_t5,0.0,9.0,I,node52node4,5,timber
flow_wide_node52node4_t1,0.0,9.0,I,node52node4,1,wide
flow_wide_node52node4_t2,0.0,9.0,I,node52node4,2,wide
flow_wide_node52node4_t3,0.0,9.0,I,node52node4,3,wide
flow_wide_node52node4_t4,0.0,9.0,I,node52node4,4,wide
flow_wide_node52node4_t5,0.0,9.0,I,node52node4,5,wide
flow_timber_node52node28_t1,0.0,9.0,I,node52node28,1,timber
flow_timber_node52node28_t2,0.0,9.0,I,node52node28,2,timber
flow_timber_node52node28_t3,0.0,9.0,I,node52node28,3,timber
flow_timber_node52node28_t4,0.0,9.0,I,node52node28,4,timber
flow_timber_node52node28_t5,0.0,9.0,I,node52node28,5,timber
flow_wide_node52node28_t1,0.0,9.0,I,node52node28,1,wide
flow_wide_node52node28_t2,0.0,9.0,I,node52node28,2,wide
flow_wide_node52node28_t3,0.0,9.0,I,node52node28,3,wide
flow_wide_node52node28_t4,0.0,9.0,I,node52node28,4,wide
flow_wide_node52node28_t5,0.0,9.0,I,node52node28,5,wide
flow_timber_node52node36_t1,0.0,9.0,I,node52node36,1,timber
flow_timber_node52node36_t2,0.0,9.0,I,node52node36,2,timber
flow_timber_node52node36_t3,0.0,9.0,I,node52node36,3,timber
flow_timber_node52node36_t4,0.0,9.0,I,node52node36,4,timber
flow_timber_node52node36_t5,0.0,9.0,I,node52node36,5,timber
flow_wide_node52node36_t1,0.0,9.0,I,node52node36,1,wide
flow_wide_node52node36_t2,0.0,9.0,I,node52node36,2,wide
flow_wide_node52node36_t3,0.0,9.0,I,node52node36,3,wide
flow_wide_node52node36_t4,0.0,9.0,I,node52node36,4,wide
flow_wide_node52node36_t5,0.0,9.0,I,node52node36,5,wide
flow_timber_node52node90_t1,0.0,9.0,I,node52node90,1,timber
flow_timber_node52node90_t2,0.0,9.0,I,node52node90,2,timber
flow_timber_node52node90_t3,0.0,9.0,I,node52node90,3,timber
flow_timber_node52node90_t4,0.0,9.0,I,node52node90,4,timber
flow_timber_node52node90_t5,0.0,9.0,I,node52node90,5,timber
flow_wide_node52node90_t1,0.0,9.0,I,node52node90,1,wide
flow_wide_node52node90_t2,0.0,9.0,I,node52node90,2,wide
flow_wide_node52node90_t3,0.0,9.0,I,node52node90,3,wide
flow_wide_node52node90_t4,0.0,9.0,I,node52node90,4,wide
flow_wide_node52node90_t5,0.0,9.0,I,node52node90,5,wide
flow_timber_node52node91_t1,0.0,9.0,I,node52node91,1,timber
flow_timber_node52node91_t2,0.0,9.0,I,node52node91,2,timber
flow_timber_node52node91_t3,0.0,9.0,I,node52node91,3,timber
flow_timber_node52node91_t4,0.0,9.0,I,node52node91,4,timber
flow_timber_node52node91_t5,0.0,9.0,I,node52node91,5,timber
flow_wide_node52node91_t1,0.0,9.0,I,node52node91,1,wide
flow_wide_node52node91_t2,0.0,9.0,I,node52node91,2,wide
flow_wide_node52node91_t3,0.0,9.0,I,node52node91,3,wide
flow_wide_node52node91_t4,0.0,9.0,I,node52node91,4,wide
flow_wide_node52node91_t5,0.0,9.0,I,node52node91,5,wide
flow_timber_node80node4_t1,0.0,9.0,I,node80node4,1,timber
flow_timber_node80node4_t2,0.0,9.0,I,node80node4,2,timber
flow_timber_node80node4_t3,0.0,9.0,I,node80node4,3,timber
flow_timber_node80node4_t4,0.0,9.0,I,node80node4,4,timber
flow_timber_node80node4_t5,0.0,9.0,I,node80node4,5,timber
flow_wide_node80node4_t1,0.0,9.0,I,node80node4,1,wide
flow_wide_node80node4_t2,0.0,9.0,I,node80node4,2,wide
flow_wide_node80node4_t3,0.0,9.0,I,node80node4,3,wide
flow_wide_node80node4_t4,0.0,9.0,I,node80node4,4,wide
flow_wide_node80node4_t5,0.0,9.0,I,node80node4,5,wide
flow_timber_node80node22_t1,0.0,9.0,I,node80node22,1,timber
flow_timber_node80node22_t2,0.0,9.0,I,node80node22,2,timber
flow_timber_node80node22_t3,0.0,9.0,I,node80node22,3,timber
flow_timber_node80node22_t4,0.0,9.0,I,node80node22,4,timber
flow_timber_node80node22_t5,0.0,9.0,I,node80node22,5,timber
flow_wide_node80node22_t1,0.0,9.0,I,node80node22,1,wide
flow_wide_node80node22_t2,0.0,9.0,I,node80node22,2,wide
flow_wide_node80node22_t3,0.0,9.0,I,node80node22,3,wide
flow_wide_node80node22_t4,0.0,9.0,I,node80node22,4,wide
flow_wide_node80node22_t5,0.0,9.0,I,node80node22,5,wide
flow_timber_node80node44_t1,0.0,9.0,I,node80node44,1,timber
flow_timber_node80node44_t2,0.0,9.0,I,node80node44,2,timber
flow_timber_node80node44_t3,0.0,9.0,I,node80node44,3,timber
flow_timber_node80node44_t4,0.0,9.0,I,node80node44,4,timber
flow_timber_node80node44_t5,0.0,9.0,I,node80node44,5,timber
flow_wide_node80node44_t1,0.0,9.0,I,node80node44,1,wide
flow_wide_node80node44_t2,0.0,9.0,I,node80node44,2,wide
flow_wide_node80node44_t3,0.0,9.0,I,node80node44,3,wide
flow_wide_node80node44_t4,0.0,9.0,I,node80node44,4,wide
flow_wide_node80node44_t5,0.0,9.0,I,node80node44,5,wide
flow_timber_node80node61_t1,0.0,9.0,I,node80node61,1,timber
flow_timber_node80node61_t2,0.0,9.0,I,node80node61,2,timber
flow_timber_node80node61_t3,0.0,9.0,I,node80node61,3,timber
flow_timber_node80node61_t4,0.0,9.0,I,node80node61,4,timber
flow_timber_node80node61_t5,0.0,9.0,I,node80node61,5,timber
flow_wide_node80node61_t1,0.0,9.0,I,node80node61,1,wide
flow_wide_node80node61_t2,0.0,9.0,I,node80node61,2,wide
flow_wide_node80node61_t3,0.0,9.0,I,node80node61,3,wide
flow_wide_node80node61_t4,0.0,9.0,I,node80node61,4,wide
flow_wide_node80node61_t5,0.0,9.0,I,node80node61,5,wide
flow_timber_node90node4_t1,0.0,9.0,I,node90node4,1,timber
flow_timber_node90node4_t2,0.0,9.0,I,node90node4,2,timber
flow_timber_node90node4_t3,0.0,9.0,I,node90node4,3,timber
flow_timber_node90node4_t4,0.0,9.0,I,node90node4,4,timber
flow_timber_node90node4_t5,0.0,9.0,I,node90node4,5,timber
flow_wide_node90node4_t1,0.0,9.0,I,node90node4,1,wide
flow_wide_node90node4_t2,0.0,9.0,I,node90node4,2,wide
flow_wide_node90node4_t3,0.0,9.0,I,node90node4,3,wide
flow_wide_node90node4_t4,0.0,9.0,I,node90node4,4,wide
flow_wide_node90node4_t5,0.0,9.0,I,node90node4,5,wide
flow_timber_node90node22_t1,0.0,9.0,I,node90node22,1,timber
flow_timber_node90node22_t2,0.0,9.0,I,node90node22,2,timber
flow_timber_node90node22_t3,0.0,9.0,I,node90node22,3,timber
flow_timber_node90node22_t4,0.0,9.0,I,node90node22,4,timber
flow_timber_node90node22_t5,0.0,9.0,I,node90node22,5,timber
flow_wide_node90node22_t1,0.0,9.0,I,node90node22,1,wide
flow_wide_node90node22_t2,0.0,9.0,I,node90node22,2,wide
flow_wide_node90node22_t3,0.0,9.0,I,node90node22,3,wide
flow_wide_node90node22_t4,0.0,9.0,I,node90node22,4,wide
flow_wide_node90node22_t5,0.0,9.0,I,node90node22,5,wide
flow_timber_node90node28_t1,0.0,9.0,I,node90node28,1,timber
flow_timber_node90node28_t2,0.0,9.0,I,node90node28,2,timber
flow_timber_node90node28_t3,0.0,9.0,I,node90node28,3,timber
flow_timber_node90node28_t4,0.0,9.0,I,node90node28,4,timber
flow_timber_node90node28_t5,0.0,9.0,I,node90node28,5,timber
flow_wide_node90node28_t1,0.0,9.0,I,node90node28,1,wide
flow_wide_node90node28_t2,0.0,9.0,I,node90node28,2,wide
flow_wide_node90node28_t3,0.0,9.0,I,node90node28,3,wide
flow_wide_node90node28_t4,0.0,9.0,I,node90node28,4,wide
flow_wide_node90node28_t5,0.0,9.0,I,node90node28,5,wide
flow_timber_node90node52_t1,0.0,9.0,I,node90node52,1,timber
flow_timber_node90node52_t2,0.0,9.0,I,node90node52,2,timber
flow_timber_node90node52_t3,0.0,9.0,I,node90node52,3,timber
flow_timber_node90node52_t4,0.0,9.0,I,node90node52,4,timber
flow_timber_node90node52_t5,0.0,9.0,I,node90node52,5,timber
flow_wide_node90node52_t1,0.0,9.0,I,node90node52,1,wide
flow_wide_node90node52_t2,0.0,9.0,I,node90node52,2,wide
flow_wide_node90node52_t3,0.0,9.0,I,node90node52,3,wide
flow_wide_node90node52_t4,0.0,9.0,I,node90node52,4,wide
flow_wide_node90node52_t5,0.0,9.0,I,node90node52,5,wide
flow_timber_node5node39_t1,0.0,9.0,I,node5node39,1,timber
flow_timber_node5node39_t2,0.0,9.0,I,node5node39,2,timber
flow_timber_node5node39_t3,0.0,9.0,I,node5node39,3,timber
flow_timber_node5node39_t4,0.0,9.0,I,node5node39,4,timber
flow_timber_node5node39_t5,0.0,9.0,I,node5node39,5,timber
flow_wide_node5node39_t1,0.0,9.0,I,node5node39,1,wide
flow_wide_node5node39_t2,0.0,9.0,I,node5node39,2,wide
flow_wide_node5node39_t3,0.0,9.0,I,node5node39,3,wide
flow_wide_node5node39_t4,0.0,9.0,I,node5node39,4,wide
flow_wide_node5node39_t5,0.0,9.0,I,node5node39,5,wide
flow_timber_node5node11_t1,0.0,9.0,I,node5node11,1,timber
flow_timber_node5node11_t2,0.0,9.0,I,node5node11,2,timber
flow_timber_node5node11_t3,0.0,9.0,I,node5node11,3,timber
flow_timber_node5node11_t4,0.0,9.0,I,node5node11,4,timber
flow_timber_node5node11_t5,0.0,9.0,I,node5node11,5,timber
flow_wide_node5node11_t1,0.0,9.0,I,node5node11,1,wide
flow_wide_node5node11_t2,0.0,9.0,I,node5node11,2,wide
flow_wide_node5node11_t3,0.0,9.0,I,node5node11,3,wide
flow_wide_node5node11_t4,0.0,9.0,I,node5node11,4,wide
flow_wide_node5node11_t5,0.0,9.0,I,node5node11,5,wide
flow_timber_node5node24_t1,0.0,9.0,I,node5node24,1,timber
flow_timber_node5node24_t2,0.0,9.0,I,node5node24,2,timber
flow_timber_node5node24_t3,0.0,9.0,I,node5node24,3,timber
flow_timber_node5node24_t4,0.0,9.0,I,node5node24,4,timber
flow_timber_node5node24_t5,0.0,9.0,I,node5node24,5,timber
flow_wide_node5node24_t1,0.0,9.0,I,node5node24,1,wide
flow_wide_node5node24_t2,0.0,9.0,I,node5node24,2,wide
flow_wide_node5node24_t3,0.0,9.0,I,node5node24,3,wide
flow_wide_node5node24_t4,0.0,9.0,I,node5node24,4,wide
flow_wide_node5node24_t5,0.0,9.0,I,node5node24,5,wide
flow_timber_node5node81_t1,0.0,9.0,I,node5node81,1,timber
flow_timber_node5node81_t2,0.0,9.0,I,node5node81,2,timber
flow_timber_node5node81_t3,0.0,9.0,I,node5node81,3,timber
flow_timber_node5node81_t4,0.0,9.0,I,node5node81,4,timber
flow_timber_node5node81_t5,0.0,9.0,I,node5node81,5,timber
flow_wide_node5node81_t1,0.0,9.0,I,node5node81,1,wide
flow_wide_node5node81_t2,0.0,9.0,I,node5node81,2,wide
flow_wide_node5node81_t3,0.0,9.0,I,node5node81,3,wide
flow_wide_node5node81_t4,0.0,9.0,I,node5node81,4,wide
flow_wide_node5node81_t5,0.0,9.0,I,node5node81,5,wide
flow_timber_node5node83_t1,0.0,9.0,I,node5node83,1,timber
flow_timber_node5node83_t2,0.0,9.0,I,node5node83,2,timber
flow_timber_node5node83_t3,0.0,9.0,I,node5node83,3,timber
flow_timber_node5node83_t4,0.0,9.0,I,node5node83,4,timber
flow_timber_node5node83_t5,0.0,9.0,I,node5node83,5,timber
flow_wide_node5node83_t1,0.0,9.0,I,node5node83,1,wide
flow_wide_node5node83_t2,0.0,9.0,I,node5node83,2,wide
flow_wide_node5node83_t3,0.0,9.0,I,node5node83,3,wide
flow_wide_node5node83_t4,0.0,9.0,I,node5node83,4,wide
flow_wide_node5node83_t5,0.0,9.0,I,node5node83,5,wide
flow_timber_node39node5_t1,0.0,9.0,I,node39node5,1,timber
flow_timber_node39node5_t2,0.0,9.0,I,node39node5,2,timber
flow_timber_node39node5_t3,0.0,9.0,I,node39node5,3,timber
flow_timber_node39node5_t4,0.0,9.0,I,node39node5,4,timber
flow_timber_node39node5_t5,0.0,9.0,I,node39node5,5,timber
flow_wide_node39node5_t1,0.0,9.0,I,node39node5,1,wide
flow_wide_node39node5_t2,0.0,9.0,I,node39node5,2,wide
flow_wide_node39node5_t3,0.0,9.0,I,node39node5,3,wide
flow_wide_node39node5_t4,0.0,9.0,I,node39node5,4,wide
flow_wide_node39node5_t5,0.0,9.0,I,node39node5,5,wide
flow_timber_node39node47_t1,0.0,9.0,I,node39node47,1,timber
flow_timber_node39node47_t2,0.0,9.0,I,node39node47,2,timber
flow_timber_node39node47_t3,0.0,9.0,I,node39node47,3,timber
flow_timber_node39node47_t4,0.0,9.0,I,node39node47,4,timber
flow_timber_node39node47_t5,0.0,9.0,I,node39node47,5,timber
flow_wide_node39node47_t1,0.0,9.0,I,node39node47,1,wide
flow_wide_node39node47_t2,0.0,9.0,I,node39node47,2,wide
flow_wide_node39node47_t3,0.0,9.0,I,node39node47,3,wide
flow_wide_node39node47_t4,0.0,9.0,I,node39node47,4,wide
flow_wide_node39node47_t5,0.0,9.0,I,node39node47,5,wide
flow_timber_node39node67_t1,0.0,9.0,I,node39node67,1,timber
flow_timber_node39node67_t2,0.0,9.0,I,node39node67,2,timber
flow_timber_node39node67_t3,0.0,9.0,I,node39node67,3,timber
flow_timber_node39node67_t4,0.0,9.0,I,node39node67,4,timber
flow_timber_node39node67_t5,0.0,9.0,I,node39node67,5,timber
flow_wide_node39node67_t1,0.0,9.0,I,node39node67,1,wide
flow_wide_node39node67_t2,0.0,9.0,I,node39node67,2,wide
flow_wide_node39node67_t3,0.0,9.0,I,node39node67,3,wide
flow_wide_node39node67_t4,0.0,9.0,I,node39node67,4,wide
flow_wide_node39node67_t5,0.0,9.0,I,node39node67,5,wide
flow_timber_node39node83_t1,0.0,9.0,I,node39node83,1,timber
flow_timber_node39node83_t2,0.0,9.0,I,node39node83,2,timber
flow_timber_node39node83_t3,0.0,9.0,I,node39node83,3,timber
flow_timber_node39node83_t4,0.0,9.0,I,node39node83,4,timber
flow_timber_node39node83_t5,0.0,9.0,I,node39node83,5,timber
flow_wide_node39node83_t1,0.0,9.0,I,node39node83,1,wide
flow_wide_node39node83_t2,0.0,9.0,I,node39node83,2,wide
flow_wide_node39node83_t3,0.0,9.0,I,node39node83,3,wide
flow_wide_node39node83_t4,0.0,9.0,I,node39node83,4,wide
flow_wide_node39node83_t5,0.0,9.0,I,node39node83,5,wide
flow_timber_node39node85_t1,0.0,9.0,I,node39node85,1,timber
flow_timber_node39node85_t2,0.0,9.0,I,node39node85,2,timber
flow_timber_node39node85_t3,0.0,9.0,I,node39node85,3,timber
flow_timber_node39node85_t4,0.0,9.0,I,node39node85,4,timber
flow_timber_node39node85_t5,0.0,9.0,I,node39node85,5,timber
flow_wide_node39node85_t1,0.0,9.0,I,node39node85,1,wide
flow_wide_node39node85_t2,0.0,9.0,I,node39node85,2,wide
flow_wide_node39node85_t3,0.0,9.0,I,node39node85,3,wide
flow_wide_node39node85_t4,0.0,9.0,I,node39node85,4,wide
flow_wide_node39node85_t5,0.0,9.0,I,node39node85,5,wide
flow_timber_node11node5_t1,0.0,9.0,I,node11node5,1,timber
flow_timber_node11node5_t2,0.0,9.0,I,node11node5,2,timber
flow_timber_node11node5_t3,0.0,9.0,I,node11node5,3,timber
flow_timber_node11node5_t4,0.0,9.0,I,node11node5,4,timber
flow_timber_node11node5_t5,0.0,9.0,I,node11node5,5,timber
flow_wide_node11node5_t1,0.0,9.0,I,node11node5,1,wide
flow_wide_node11node5_t2,0.0,9.0,I,node11node5,2,wide
flow_wide_node11node5_t3,0.0,9.0,I,node11node5,3,wide
flow_wide_node11node5_t4,0.0,9.0,I,node11node5,4,wide
flow_wide_node11node5_t5,0.0,9.0,I,node11node5,5,wide
flow_timber_node11node6_t1,0.0,9.0,I,node11node6,1,timber
flow_timber_node11node6_t2,0.0,9.0,I,node11node6,2,timber
flow_timber_node11node6_t3,0.0,9.0,I,node11node6,3,timber
flow_timber_node11node6_t4,0.0,9.0,I,node11node6,4,timber
flow_timber_node11node6_t5,0.0,9.0,I,node11node6,5,timber
flow_wide_node11node6_t1,0.0,9.0,I,node11node6,1,wide
flow_wide_node11node6_t2,0.0,9.0,I,node11node6,2,wide
flow_wide_node11node6_t3,0.0,9.0,I,node11node6,3,wide
flow_wide_node11node6_t4,0.0,9.0,I,node11node6,4,wide
flow_wide_node11node6_t5,0.0,9.0,I,node11node6,5,wide
flow_timber_node11node33_t1,0.0,9.0,I,node11node33,1,timber
flow_timber_node11node33_t2,0.0,9.0,I,node11node33,2,timber
flow_timber_node11node33_t3,0.0,9.0,I,node11node33,3,timber
flow_timber_node11node33_t4,0.0,9.0,I,node11node33,4,timber
flow_timber_node11node33_t5,0.0,9.0,I,node11node33,5,timber
flow_wide_node11node33_t1,0.0,9.0,I,node11node33,1,wide
flow_wide_node11node33_t2,0.0,9.0,I,node11node33,2,wide
flow_wide_node11node33_t3,0.0,9.0,I,node11node33,3,wide
flow_wide_node11node33_t4,0.0,9.0,I,node11node33,4,wide
flow_wide_node11node33_t5,0.0,9.0,I,node11node33,5,wide
flow_timber_node11node75_t1,0.0,9.0,I,node11node75,1,timber
flow_timber_node11node75_t2,0.0,9.0,I,node11node75,2,timber
flow_timber_node11node75_t3,0.0,9.0,I,node11node75,3,timber
flow_timber_node11node75_t4,0.0,9.0,I,node11node75,4,timber
flow_timber_node11node75_t5,0.0,9.0,I,node11node75,5,timber
flow_wide_node11node75_t1,0.0,9.0,I,node11node75,1,wide
flow_wide_node11node75_t2,0.0,9.0,I,node11node75,2,wide
flow_wide_node11node75_t3,0.0,9.0,I,node11node75,3,wide
flow_wide_node11node75_t4,0.0,9.0,I,node11node75,4,wide
flow_wide_node11node75_t5,0.0,9.0,I,node11node75,5,wide
flow_timber_node11node81_t1,0.0,9.0,I,node11node81,1,timber
flow_timber_node11node81_t2,0.0,9.0,I,node11node81,2,timber
flow_timber_node11node81_t3,0.0,9.0,I,node11node81,3,timber
flow_timber_node11node81_t4,0.0,9.0,I,node11node81,4,timber
flow_timber_node11node81_t5,0.0,9.0,I,node11node81,5,timber
flow_wide_node11node81_t1,0.0,9.0,I,node11node81,1,wide
flow_wide_node11node81_t2,0.0,9.0,I,node11node81,2,wide
flow_wide_node11node81_t3,0.0,9.0,I,node11node81,3,wide
flow_wide_node11node81_t4,0.0,9.0,I,node11node81,4,wide
flow_wide_node11node81_t5,0.0,9.0,I,node11node81,5,wide
flow_timber_node11node83_t1,0.0,9.0,I,node11node83,1,timber
flow_timber_node11node83_t2,0.0,9.0,I,node11node83,2,timber
flow_timber_node11node83_t3,0.0,9.0,I,node11node83,3,timber
flow_timber_node11node83_t4,0.0,9.0,I,node11node83,4,timber
flow_timber_node11node83_t5,0.0,9.0,I,node11node83,5,timber
flow_wide_node11node83_t1,0.0,9.0,I,node11node83,1,wide
flow_wide_node11node83_t2,0.0,9.0,I,node11node83,2,wide
flow_wide_node11node83_t3,0.0,9.0,I,node11node83,3,wide
flow_wide_node11node83_t4,0.0,9.0,I,node11node83,4,wide
flow_wide_node11node83_t5,0.0,9.0,I,node11node83,5,wide
flow_timber_node24node5_t1,0.0,9.0,I,node24node5,1,timber
flow_timber_node24node5_t2,0.0,9.0,I,node24node5,2,timber
flow_timber_node24node5_t3,0.0,9.0,I,node24node5,3,timber
flow_timber_node24node5_t4,0.0,9.0,I,node24node5,4,timber
flow_timber_node24node5_t5,0.0,9.0,I,node24node5,5,timber
flow_wide_node24node5_t1,0.0,9.0,I,node24node5,1,wide
flow_wide_node24node5_t2,0.0,9.0,I,node24node5,2,wide
flow_wide_node24node5_t3,0.0,9.0,I,node24node5,3,wide
flow_wide_node24node5_t4,0.0,9.0,I,node24node5,4,wide
flow_wide_node24node5_t5,0.0,9.0,I,node24node5,5,wide
flow_timber_node24node63_t1,0.0,9.0,I,node24node63,1,timber
flow_timber_node24node63_t2,0.0,9.0,I,node24node63,2,timber
flow_timber_node24node63_t3,0.0,9.0,I,node24node63,3,timber
flow_timber_node24node63_t4,0.0,9.0,I,node24node63,4,timber
flow_timber_node24node63_t5,0.0,9.0,I,node24node63,5,timber
flow_wide_node24node63_t1,0.0,9.0,I,node24node63,1,wide
flow_wide_node24node63_t2,0.0,9.0,I,node24node63,2,wide
flow_wide_node24node63_t3,0.0,9.0,I,node24node63,3,wide
flow_wide_node24node63_t4,0.0,9.0,I,node24node63,4,wide
flow_wide_node24node63_t5,0.0,9.0,I,node24node63,5,wide
flow_timber_node24node62_t1,0.0,9.0,I,node24node62,1,timber
flow_timber_node24node62_t2,0.0,9.0,I,node24node62,2,timber
flow_timber_node24node62_t3,0.0,9.0,I,node24node62,3,timber
flow_timber_node24node62_t4,0.0,9.0,I,node24node62,4,timber
flow_timber_node24node62_t5,0.0,9.0,I,node24node62,5,timber
flow_wide_node24node62_t1,0.0,9.0,I,node24node62,1,wide
flow_wide_node24node62_t2,0.0,9.0,I,node24node62,2,wide
flow_wide_node24node62_t3,0.0,9.0,I,node24node62,3,wide
flow_wide_node24node62_t4,0.0,9.0,I,node24node62,4,wide
flow_wide_node24node62_t5,0.0,9.0,I,node24node62,5,wide
flow_timber_node24node81_t1,0.0,9.0,I,node24node81,1,timber
flow_timber_node24node81_t2,0.0,9.0,I,node24node81,2,timber
flow_timber_node24node81_t3,0.0,9.0,I,node24node81,3,timber
flow_timber_node24node81_t4,0.0,9.0,I,node24node81,4,timber
flow_timber_node24node81_t5,0.0,9.0,I,node24node81,5,timber
flow_wide_node24node81_t1,0.0,9.0,I,node24node81,1,wide
flow_wide_node24node81_t2,0.0,9.0,I,node24node81,2,wide
flow_wide_node24node81_t3,0.0,9.0,I,node24node81,3,wide
flow_wide_node24node81_t4,0.0,9.0,I,node24node81,4,wide
flow_wide_node24node81_t5,0.0,9.0,I,node24node81,5,wide
flow_timber_node24node82_t1,0.0,9.0,I,node24node82,1,timber
flow_timber_node24node82_t2,0.0,9.0,I,node24node82,2,timber
flow_timber_node24node82_t3,0.0,9.0,I,node24node82,3,timber
flow_timber_node24node82_t4,0.0,9.0,I,node24node82,4,timber
flow_timber_node24node82_t5,0.0,9.0,I,node24node82,5,timber
flow_wide_node24node82_t1,0.0,9.0,I,node24node82,1,wide
flow_wide_node24node82_t2,0.0,9.0,I,node24node82,2,wide
flow_wide_node24node82_t3,0.0,9.0,I,node24node82,3,wide
flow_wide_node24node82_t4,0.0,9.0,I,node24node82,4,wide
flow_wide_node24node82_t5,0.0,9.0,I,node24node82,5,wide
flow_timber_node83node5_t1,0.0,9.0,I,node83node5,1,timber
flow_timber_node83node5_t2,0.0,9.0,I,node83node5,2,timber
flow_timber_node83node5_t3,0.0,9.0,I,node83node5,3,timber
flow_timber_node83node5_t4,0.0,9.0,I,node83node5,4,timber
flow_timber_node83node5_t5,0.0,9.0,I,node83node5,5,timber
flow_wide_node83node5_t1,0.0,9.0,I,node83node5,1,wide
flow_wide_node83node5_t2,0.0,9.0,I,node83node5,2,wide
flow_wide_node83node5_t3,0.0,9.0,I,node83node5,3,wide
flow_wide_node83node5_t4,0.0,9.0,I,node83node5,4,wide
flow_wide_node83node5_t5,0.0,9.0,I,node83node5,5,wide
flow_timber_node83node11_t1,0.0,9.0,I,node83node11,1,timber
flow_timber_node83node11_t2,0.0,9.0,I,node83node11,2,timber
flow_timber_node83node11_t3,0.0,9.0,I,node83node11,3,timber
flow_timber_node83node11_t4,0.0,9.0,I,node83node11,4,timber
flow_timber_node83node11_t5,0.0,9.0,I,node83node11,5,timber
flow_wide_node83node11_t1,0.0,9.0,I,node83node11,1,wide
flow_wide_node83node11_t2,0.0,9.0,I,node83node11,2,wide
flow_wide_node83node11_t3,0.0,9.0,I,node83node11,3,wide
flow_wide_node83node11_t4,0.0,9.0,I,node83node11,4,wide
flow_wide_node83node11_t5,0.0,9.0,I,node83node11,5,wide
flow_timber_node83node32_t1,0.0,9.0,I,node83node32,1,timber
flow_timber_node83node32_t2,0.0,9.0,I,node83node32,2,timber
flow_timber_node83node32_t3,0.0,9.0,I,node83node32,3,timber
flow_timber_node83node32_t4,0.0,9.0,I,node83node32,4,timber
flow_timber_node83node32_t5,0.0,9.0,I,node83node32,5,timber
flow_wide_node83node32_t1,0.0,9.0,I,node83node32,1,wide
flow_wide_node83node32_t2,0.0,9.0,I,node83node32,2,wide
flow_wide_node83node32_t3,0.0,9.0,I,node83node32,3,wide
flow_wide_node83node32_t4,0.0,9.0,I,node83node32,4,wide
flow_wide_node83node32_t5,0.0,9.0,I,node83node32,5,wide
flow_timber_node83node33_t1,0.0,9.0,I,node83node33,1,timber
flow_timber_node83node33_t2,0.0,9.0,I,node83node33,2,timber
flow_timber_node83node33_t3,0.0,9.0,I,node83node33,3,timber
flow_timber_node83node33_t4,0.0,9.0,I,node83node33,4,timber
flow_timber_node83node33_t5,0.0,9.0,I,node83node33,5,timber
flow_wide_node83node33_t1,0.0,9.0,I,node83node33,1,wide
flow_wide_node83node33_t2,0.0,9.0,I,node83node33,2,wide
flow_wide_node83node33_t3,0.0,9.0,I,node83node33,3,wide
flow_wide_node83node33_t4,0.0,9.0,I,node83node33,4,wide
flow_wide_node83node33_t5,0.0,9.0,I,node83node33,5,wide
flow_timber_node83node39_t1,0.0,9.0,I,node83node39,1,timber
flow_timber_node83node39_t2,0.0,9.0,I,node83node39,2,timber
flow_timber_node83node39_t3,0.0,9.0,I,node83node39,3,timber
flow_timber_node83node39_t4,0.0,9.0,I,node83node39,4,timber
flow_timber_node83node39_t5,0.0,9.0,I,node83node39,5,timber
flow_wide_node83node39_t1,0.0,9.0,I,node83node39,1,wide
flow_wide_node83node39_t2,0.0,9.0,I,node83node39,2,wide
flow_wide_node83node39_t3,0.0,9.0,I,node83node39,3,wide
flow_wide_node83node39_t4,0.0,9.0,I,node83node39,4,wide
flow_wide_node83node39_t5,0.0,9.0,I,node83node39,5,wide
flow_timber_node83node47_t1,0.0,9.0,I,node83node47,1,timber
flow_timber_node83node47_t2,0.0,9.0,I,node83node47,2,timber
flow_timber_node83node47_t3,0.0,9.0,I,node83node47,3,timber
flow_timber_node83node47_t4,0.0,9.0,I,node83node47,4,timber
flow_timber_node83node47_t5,0.0,9.0,I,node83node47,5,timber
flow_wide_node83node47_t1,0.0,9.0,I,node83node47,1,wide
flow_wide_node83node47_t2,0.0,9.0,I,node83node47,2,wide
flow_wide_node83node47_t3,0.0,9.0,I,node83node47,3,wide
flow_wide_node83node47_t4,0.0,9.0,I,node83node47,4,wide
flow_wide_node83node47_t5,0.0,9.0,I,node83node47,5,wide
flow_timber_node6node29_t1,0.0,9.0,I,node6node29,1,timber
flow_timber_node6node29_t2,0.0,9.0,I,node6node29,2,timber
flow_timber_node6node29_t3,0.0,9.0,I,node6node29,3,timber
flow_timber_node6node29_t4,0.0,9.0,I,node6node29,4,timber
flow_timber_node6node29_t5,0.0,9.0,I,node6node29,5,timber
flow_wide_node6node29_t1,0.0,9.0,I,node6node29,1,wide
flow_wide_node6node29_t2,0.0,9.0,I,node6node29,2,wide
flow_wide_node6node29_t3,0.0,9.0,I,node6node29,3,wide
flow_wide_node6node29_t4,0.0,9.0,I,node6node29,4,wide
flow_wide_node6node29_t5,0.0,9.0,I,node6node29,5,wide
flow_timber_node6node11_t1,0.0,9.0,I,node6node11,1,timber
flow_timber_node6node11_t2,0.0,9.0,I,node6node11,2,timber
flow_timber_node6node11_t3,0.0,9.0,I,node6node11,3,timber
flow_timber_node6node11_t4,0.0,9.0,I,node6node11,4,timber
flow_timber_node6node11_t5,0.0,9.0,I,node6node11,5,timber
flow_wide_node6node11_t1,0.0,9.0,I,node6node11,1,wide
flow_wide_node6node11_t2,0.0,9.0,I,node6node11,2,wide
flow_wide_node6node11_t3,0.0,9.0,I,node6node11,3,wide
flow_wide_node6node11_t4,0.0,9.0,I,node6node11,4,wide
flow_wide_node6node11_t5,0.0,9.0,I,node6node11,5,wide
flow_timber_node6node75_t1,0.0,9.0,I,node6node75,1,timber
flow_timber_node6node75_t2,0.0,9.0,I,node6node75,2,timber
flow_timber_node6node75_t3,0.0,9.0,I,node6node75,3,timber
flow_timber_node6node75_t4,0.0,9.0,I,node6node75,4,timber
flow_timber_node6node75_t5,0.0,9.0,I,node6node75,5,timber
flow_wide_node6node75_t1,0.0,9.0,I,node6node75,1,wide
flow_wide_node6node75_t2,0.0,9.0,I,node6node75,2,wide
flow_wide_node6node75_t3,0.0,9.0,I,node6node75,3,wide
flow_wide_node6node75_t4,0.0,9.0,I,node6node75,4,wide
flow_wide_node6node75_t5,0.0,9.0,I,node6node75,5,wide
flow_timber_node6node81_t1,0.0,9.0,I,node6node81,1,timber
flow_timber_node6node81_t2,0.0,9.0,I,node6node81,2,timber
flow_timber_node6node81_t3,0.0,9.0,I,node6node81,3,timber
flow_timber_node6node81_t4,0.0,9.0,I,node6node81,4,timber
flow_timber_node6node81_t5,0.0,9.0,I,node6node81,5,timber
flow_wide_node6node81_t1,0.0,9.0,I,node6node81,1,wide
flow_wide_node6node81_t2,0.0,9.0,I,node6node81,2,wide
flow_wide_node6node81_t3,0.0,9.0,I,node6node81,3,wide
flow_wide_node6node81_t4,0.0,9.0,I,node6node81,4,wide
flow_wide_node6node81_t5,0.0,9.0,I,node6node81,5,wide
flow_timber_node29node6_t1,0.0,9.0,I,node29node6,1,timber
flow_timber_node29node6_t2,0.0,9.0,I,node29node6,2,timber
flow_timber_node29node6_t3,0.0,9.0,I,node29node6,3,timber
flow_timber_node29node6_t4,0.0,9.0,I,node29node6,4,timber
flow_timber_node29node6_t5,0.0,9.0,I,node29node6,5,timber
flow_wide_node29node6_t1,0.0,9.0,I,node29node6,1,wide
flow_wide_node29node6_t2,0.0,9.0,I,node29node6,2,wide
flow_wide_node29node6_t3,0.0,9.0,I,node29node6,3,wide
flow_wide_node29node6_t4,0.0,9.0,I,node29node6,4,wide
flow_wide_node29node6_t5,0.0,9.0,I,node29node6,5,wide
flow_timber_node29node16_t1,0.0,9.0,I,node29node16,1,timber
flow_timber_node29node16_t2,0.0,9.0,I,node29node16,2,timber
flow_timber_node29node16_t3,0.0,9.0,I,node29node16,3,timber
flow_timber_node29node16_t4,0.0,9.0,I,node29node16,4,timber
flow_timber_node29node16_t5,0.0,9.0,I,node29node16,5,timber
flow_wide_node29node16_t1,0.0,9.0,I,node29node16,1,wide
flow_wide_node29node16_t2,0.0,9.0,I,node29node16,2,wide
flow_wide_node29node16_t3,0.0,9.0,I,node29node16,3,wide
flow_wide_node29node16_t4,0.0,9.0,I,node29node16,4,wide
flow_wide_node29node16_t5,0.0,9.0,I,node29node16,5,wide
flow_timber_node29node45_t1,0.0,9.0,I,node29node45,1,timber
flow_timber_node29node45_t2,0.0,9.0,I,node29node45,2,timber
flow_timber_node29node45_t3,0.0,9.0,I,node29node45,3,timber
flow_timber_node29node45_t4,0.0,9.0,I,node29node45,4,timber
flow_timber_node29node45_t5,0.0,9.0,I,node29node45,5,timber
flow_wide_node29node45_t1,0.0,9.0,I,node29node45,1,wide
flow_wide_node29node45_t2,0.0,9.0,I,node29node45,2,wide
flow_wide_node29node45_t3,0.0,9.0,I,node29node45,3,wide
flow_wide_node29node45_t4,0.0,9.0,I,node29node45,4,wide
flow_wide_node29node45_t5,0.0,9.0,I,node29node45,5,wide
flow_timber_node29node75_t1,0.0,9.0,I,node29node75,1,timber
flow_timber_node29node75_t2,0.0,9.0,I,node29node75,2,timber
flow_timber_node29node75_t3,0.0,9.0,I,node29node75,3,timber
flow_timber_node29node75_t4,0.0,9.0,I,node29node75,4,timber
flow_timber_node29node75_t5,0.0,9.0,I,node29node75,5,timber
flow_wide_node29node75_t1,0.0,9.0,I,node29node75,1,wide
flow_wide_node29node75_t2,0.0,9.0,I,node29node75,2,wide
flow_wide_node29node75_t3,0.0,9.0,I,node29node75,3,wide
flow_wide_node29node75_t4,0.0,9.0,I,node29node75,4,wide
flow_wide_node29node75_t5,0.0,9.0,I,node29node75,5,wide
flow_timber_node29node77_t1,0.0,9.0,I,node29node77,1,timber
flow_timber_node29node77_t2,0.0,9.0,I,node29node77,2,timber
flow_timber_node29node77_t3,0.0,9.0,I,node29node77,3,timber
flow_timber_node29node77_t4,0.0,9.0,I,node29node77,4,timber
flow_timber_node29node77_t5,0.0,9.0,I,node29node77,5,timber
flow_wide_node29node77_t1,0.0,9.0,I,node29node77,1,wide
flow_wide_node29node77_t2,0.0,9.0,I,node29node77,2,wide
flow_wide_node29node77_t3,0.0,9.0,I,node29node77,3,wide
flow_wide_node29node77_t4,0.0,9.0,I,node29node77,4,wide
flow_wide_node29node77_t5,0.0,9.0,I,node29node77,5,wide
flow_timber_node29node81_t1,0.0,9.0,I,node29node81,1,timber
flow_timber_node29node81_t2,0.0,9.0,I,node29node81,2,timber
flow_timber_node29node81_t3,0.0,9.0,I,node29node81,3,timber
flow_timber_node29node81_t4,0.0,9.0,I,node29node81,4,timber
flow_timber_node29node81_t5,0.0,9.0,I,node29node81,5,timber
flow_wide_node29node81_t1,0.0,9.0,I,node29node81,1,wide
flow_wide_node29node81_t2,0.0,9.0,I,node29node81,2,wide
flow_wide_node29node81_t3,0.0,9.0,I,node29node81,3,wide
flow_wide_node29node81_t4,0.0,9.0,I,node29node81,4,wide
flow_wide_node29node81_t5,0.0,9.0,I,node29node81,5,wide
flow_timber_node75node6_t1,0.0,9.0,I,node75node6,1,timber
flow_timber_node75node6_t2,0.0,9.0,I,node75node6,2,timber
flow_timber_node75node6_t3,0.0,9.0,I,node75node6,3,timber
flow_timber_node75node6_t4,0.0,9.0,I,node75node6,4,timber
flow_timber_node75node6_t5,0.0,9.0,I,node75node6,5,timber
flow_wide_node75node6_t1,0.0,9.0,I,node75node6,1,wide
flow_wide_node75node6_t2,0.0,9.0,I,node75node6,2,wide
flow_wide_node75node6_t3,0.0,9.0,I,node75node6,3,wide
flow_wide_node75node6_t4,0.0,9.0,I,node75node6,4,wide
flow_wide_node75node6_t5,0.0,9.0,I,node75node6,5,wide
flow_timber_node75node9_t1,0.0,9.0,I,node75node9,1,timber
flow_timber_node75node9_t2,0.0,9.0,I,node75node9,2,timber
flow_timber_node75node9_t3,0.0,9.0,I,node75node9,3,timber
flow_timber_node75node9_t4,0.0,9.0,I,node75node9,4,timber
flow_timber_node75node9_t5,0.0,9.0,I,node75node9,5,timber
flow_wide_node75node9_t1,0.0,9.0,I,node75node9,1,wide
flow_wide_node75node9_t2,0.0,9.0,I,node75node9,2,wide
flow_wide_node75node9_t3,0.0,9.0,I,node75node9,3,wide
flow_wide_node75node9_t4,0.0,9.0,I,node75node9,4,wide
flow_wide_node75node9_t5,0.0,9.0,I,node75node9,5,wide
flow_timber_node75node11_t1,0.0,9.0,I,node75node11,1,timber
flow_timber_node75node11_t2,0.0,9.0,I,node75node11,2,timber
flow_timber_node75node11_t3,0.0,9.0,I,node75node11,3,timber
flow_timber_node75node11_t4,0.0,9.0,I,node75node11,4,timber
flow_timber_node75node11_t5,0.0,9.0,I,node75node11,5,timber
flow_wide_node75node11_t1,0.0,9.0,I,node75node11,1,wide
flow_wide_node75node11_t2,0.0,9.0,I,node75node11,2,wide
flow_wide_node75node11_t3,0.0,9.0,I,node75node11,3,wide
flow_wide_node75node11_t4,0.0,9.0,I,node75node11,4,wide
flow_wide_node75node11_t5,0.0,9.0,I,node75node11,5,wide
flow_timber_node75node12_t1,0.0,9.0,I,node75node12,1,timber
flow_timber_node75node12_t2,0.0,9.0,I,node75node12,2,timber
flow_timber_node75node12_t3,0.0,9.0,I,node75node12,3,timber
flow_timber_node75node12_t4,0.0,9.0,I,node75node12,4,timber
flow_timber_node75node12_t5,0.0,9.0,I,node75node12,5,timber
flow_wide_node75node12_t1,0.0,9.0,I,node75node12,1,wide
flow_wide_node75node12_t2,0.0,9.0,I,node75node12,2,wide
flow_wide_node75node12_t3,0.0,9.0,I,node75node12,3,wide
flow_wide_node75node12_t4,0.0,9.0,I,node75node12,4,wide
flow_wide_node75node12_t5,0.0,9.0,I,node75node12,5,wide
flow_timber_node75node16_t1,0.0,9.0,I,node75node16,1,timber
flow_timber_node75node16_t2,0.0,9.0,I,node75node16,2,timber
flow_timber_node75node16_t3,0.0,9.0,I,node75node16,3,timber
flow_timber_node75node16_t4,0.0,9.0,I,node75node16,4,timber
flow_timber_node75node16_t5,0.0,9.0,I,node75node16,5,timber
flow_wide_node75node16_t1,0.0,9.0,I,node75node16,1,wide
flow_wide_node75node16_t2,0.0,9.0,I,node75node16,2,wide
flow_wide_node75node16_t3,0.0,9.0,I,node75node16,3,wide
flow_wide_node75node16_t4,0.0,9.0,I,node75node16,4,wide
flow_wide_node75node16_t5,0.0,9.0,I,node75node16,5,wide
flow_timber_node75node19_t1,0.0,9.0,I,node75node19,1,timber
flow_timber_node75node19_t2,0.0,9.0,I,node75node19,2,timber
flow_timber_node75node19_t3,0.0,9.0,I,node75node19,3,timber
flow_timber_node75node19_t4,0.0,9.0,I,node75node19,4,timber
flow_timber_node75node19_t5,0.0,9.0,I,node75node19,5,timber
flow_wide_node75node19_t1,0.0,9.0,I,node75node19,1,wide
flow_wide_node75node19_t2,0.0,9.0,I,node75node19,2,wide
flow_wide_node75node19_t3,0.0,9.0,I,node75node19,3,wide
flow_wide_node75node19_t4,0.0,9.0,I,node75node19,4,wide
flow_wide_node75node19_t5,0.0,9.0,I,node75node19,5,wide
flow_timber_node75node29_t1,0.0,9.0,I,node75node29,1,timber
flow_timber_node75node29_t2,0.0,9.0,I,node75node29,2,timber
flow_timber_node75node29_t3,0.0,9.0,I,node75node29,3,timber
flow_timber_node75node29_t4,0.0,9.0,I,node75node29,4,timber
flow_timber_node75node29_t5,0.0,9.0,I,node75node29,5,timber
flow_wide_node75node29_t1,0.0,9.0,I,node75node29,1,wide
flow_wide_node75node29_t2,0.0,9.0,I,node75node29,2,wide
flow_wide_node75node29_t3,0.0,9.0,I,node75node29,3,wide
flow_wide_node75node29_t4,0.0,9.0,I,node75node29,4,wide
flow_wide_node75node29_t5,0.0,9.0,I,node75node29,5,wide
flow_timber_node75node33_t1,0.0,9.0,I,node75node33,1,timber
flow_timber_node75node33_t2,0.0,9.0,I,node75node33,2,timber
flow_timber_node75node33_t3,0.0,9.0,I,node75node33,3,timber
flow_timber_node75node33_t4,0.0,9.0,I,node75node33,4,timber
flow_timber_node75node33_t5,0.0,9.0,I,node75node33,5,timber
flow_wide_node75node33_t1,0.0,9.0,I,node75node33,1,wide
flow_wide_node75node33_t2,0.0,9.0,I,node75node33,2,wide
flow_wide_node75node33_t3,0.0,9.0,I,node75node33,3,wide
flow_wide_node75node33_t4,0.0,9.0,I,node75node33,4,wide
flow_wide_node75node33_t5,0.0,9.0,I,node75node33,5,wide
flow_timber_node75node40_t1,0.0,9.0,I,node75node40,1,timber
flow_timber_node75node40_t2,0.0,9.0,I,node75node40,2,timber
flow_timber_node75node40_t3,0.0,9.0,I,node75node40,3,timber
flow_timber_node75node40_t4,0.0,9.0,I,node75node40,4,timber
flow_timber_node75node40_t5,0.0,9.0,I,node75node40,5,timber
flow_wide_node75node40_t1,0.0,9.0,I,node75node40,1,wide
flow_wide_node75node40_t2,0.0,9.0,I,node75node40,2,wide
flow_wide_node75node40_t3,0.0,9.0,I,node75node40,3,wide
flow_wide_node75node40_t4,0.0,9.0,I,node75node40,4,wide
flow_wide_node75node40_t5,0.0,9.0,I,node75node40,5,wide
flow_timber_node75node49_t1,0.0,9.0,I,node75node49,1,timber
flow_timber_node75node49_t2,0.0,9.0,I,node75node49,2,timber
flow_timber_node75node49_t3,0.0,9.0,I,node75node49,3,timber
flow_timber_node75node49_t4,0.0,9.0,I,node75node49,4,timber
flow_timber_node75node49_t5,0.0,9.0,I,node75node49,5,timber
flow_wide_node75node49_t1,0.0,9.0,I,node75node49,1,wide
flow_wide_node75node49_t2,0.0,9.0,I,node75node49,2,wide
flow_wide_node75node49_t3,0.0,9.0,I,node75node49,3,wide
flow_wide_node75node49_t4,0.0,9.0,I,node75node49,4,wide
flow_wide_node75node49_t5,0.0,9.0,I,node75node49,5,wide
flow_timber_node75node55_t1,0.0,9.0,I,node75node55,1,timber
flow_timber_node75node55_t2,0.0,9.0,I,node75node55,2,timber
flow_timber_node75node55_t3,0.0,9.0,I,node75node55,3,timber
flow_timber_node75node55_t4,0.0,9.0,I,node75node55,4,timber
flow_timber_node75node55_t5,0.0,9.0,I,node75node55,5,timber
flow_wide_node75node55_t1,0.0,9.0,I,node75node55,1,wide
flow_wide_node75node55_t2,0.0,9.0,I,node75node55,2,wide
flow_wide_node75node55_t3,0.0,9.0,I,node75node55,3,wide
flow_wide_node75node55_t4,0.0,9.0,I,node75node55,4,wide
flow_wide_node75node55_t5,0.0,9.0,I,node75node55,5,wide
flow_timber_node75node56_t1,0.0,9.0,I,node75node56,1,timber
flow_timber_node75node56_t2,0.0,9.0,I,node75node56,2,timber
flow_timber_node75node56_t3,0.0,9.0,I,node75node56,3,timber
flow_timber_node75node56_t4,0.0,9.0,I,node75node56,4,timber
flow_timber_node75node56_t5,0.0,9.0,I,node75node56,5,timber
flow_wide_node75node56_t1,0.0,9.0,I,node75node56,1,wide
flow_wide_node75node56_t2,0.0,9.0,I,node75node56,2,wide
flow_wide_node75node56_t3,0.0,9.0,I,node75node56,3,wide
flow_wide_node75node56_t4,0.0,9.0,I,node75node56,4,wide
flow_wide_node75node56_t5,0.0,9.0,I,node75node56,5,wide
flow_timber_node75node57_t1,0.0,9.0,I,node75node57,1,timber
flow_timber_node75node57_t2,0.0,9.0,I,node75node57,2,timber
flow_timber_node75node57_t3,0.0,9.0,I,node75node57,3,timber
flow_timber_node75node57_t4,0.0,9.0,I,node75node57,4,timber
flow_timber_node75node57_t5,0.0,9.0,I,node75node57,5,timber
flow_wide_node75node57_t1,0.0,9.0,I,node75node57,1,wide
flow_wide_node75node57_t2,0.0,9.0,I,node75node57,2,wide
flow_wide_node75node57_t3,0.0,9.0,I,node75node57,3,wide
flow_wide_node75node57_t4,0.0,9.0,I,node75node57,4,wide
flow_wide_node75node57_t5,0.0,9.0,I,node75node57,5,wide
flow_timber_node75node58_t1,0.0,9.0,I,node75node58,1,timber
flow_timber_node75node58_t2,0.0,9.0,I,node75node58,2,timber
flow_timber_node75node58_t3,0.0,9.0,I,node75node58,3,timber
flow_timber_node75node58_t4,0.0,9.0,I,node75node58,4,timber
flow_timber_node75node58_t5,0.0,9.0,I,node75node58,5,timber
flow_wide_node75node58_t1,0.0,9.0,I,node75node58,1,wide
flow_wide_node75node58_t2,0.0,9.0,I,node75node58,2,wide
flow_wide_node75node58_t3,0.0,9.0,I,node75node58,3,wide
flow_wide_node75node58_t4,0.0,9.0,I,node75node58,4,wide
flow_wide_node75node58_t5,0.0,9.0,I,node75node58,5,wide
flow_timber_node7node38_t1,0.0,9.0,I,node7node38,1,timber
flow_timber_node7node38_t2,0.0,9.0,I,node7node38,2,timber
flow_timber_node7node38_t3,0.0,9.0,I,node7node38,3,timber
flow_timber_node7node38_t4,0.0,9.0,I,node7node38,4,timber
flow_timber_node7node38_t5,0.0,9.0,I,node7node38,5,timber
flow_wide_node7node38_t1,0.0,9.0,I,node7node38,1,wide
flow_wide_node7node38_t2,0.0,9.0,I,node7node38,2,wide
flow_wide_node7node38_t3,0.0,9.0,I,node7node38,3,wide
flow_wide_node7node38_t4,0.0,9.0,I,node7node38,4,wide
flow_wide_node7node38_t5,0.0,9.0,I,node7node38,5,wide
flow_timber_node7node62_t1,0.0,9.0,I,node7node62,1,timber
flow_timber_node7node62_t2,0.0,9.0,I,node7node62,2,timber
flow_timber_node7node62_t3,0.0,9.0,I,node7node62,3,timber
flow_timber_node7node62_t4,0.0,9.0,I,node7node62,4,timber
flow_timber_node7node62_t5,0.0,9.0,I,node7node62,5,timber
flow_wide_node7node62_t1,0.0,9.0,I,node7node62,1,wide
flow_wide_node7node62_t2,0.0,9.0,I,node7node62,2,wide
flow_wide_node7node62_t3,0.0,9.0,I,node7node62,3,wide
flow_wide_node7node62_t4,0.0,9.0,I,node7node62,4,wide
flow_wide_node7node62_t5,0.0,9.0,I,node7node62,5,wide
flow_timber_node7node81_t1,0.0,9.0,I,node7node81,1,timber
flow_timber_node7node81_t2,0.0,9.0,I,node7node81,2,timber
flow_timber_node7node81_t3,0.0,9.0,I,node7node81,3,timber
flow_timber_node7node81_t4,0.0,9.0,I,node7node81,4,timber
flow_timber_node7node81_t5,0.0,9.0,I,node7node81,5,timber
flow_wide_node7node81_t1,0.0,9.0,I,node7node81,1,wide
flow_wide_node7node81_t2,0.0,9.0,I,node7node81,2,wide
flow_wide_node7node81_t3,0.0,9.0,I,node7node81,3,wide
flow_wide_node7node81_t4,0.0,9.0,I,node7node81,4,wide
flow_wide_node7node81_t5,0.0,9.0,I,node7node81,5,wide
flow_timber_node7node82_t1,0.0,9.0,I,node7node82,1,timber
flow_timber_node7node82_t2,0.0,9.0,I,node7node82,2,timber
flow_timber_node7node82_t3,0.0,9.0,I,node7node82,3,timber
flow_timber_node7node82_t4,0.0,9.0,I,node7node82,4,timber
flow_timber_node7node82_t5,0.0,9.0,I,node7node82,5,timber
flow_wide_node7node82_t1,0.0,9.0,I,node7node82,1,wide
flow_wide_node7node82_t2,0.0,9.0,I,node7node82,2,wide
flow_wide_node7node82_t3,0.0,9.0,I,node7node82,3,wide
flow_wide_node7node82_t4,0.0,9.0,I,node7node82,4,wide
flow_wide_node7node82_t5,0.0,9.0,I,node7node82,5,wide
flow_timber_node38node7_t1,0.0,9.0,I,node38node7,1,timber
flow_timber_node38node7_t2,0.0,9.0,I,node38node7,2,timber
flow_timber_node38node7_t3,0.0,9.0,I,node38node7,3,timber
flow_timber_node38node7_t4,0.0,9.0,I,node38node7,4,timber
flow_timber_node38node7_t5,0.0,9.0,I,node38node7,5,timber
flow_wide_node38node7_t1,0.0,9.0,I,node38node7,1,wide
flow_wide_node38node7_t2,0.0,9.0,I,node38node7,2,wide
flow_wide_node38node7_t3,0.0,9.0,I,node38node7,3,wide
flow_wide_node38node7_t4,0.0,9.0,I,node38node7,4,wide
flow_wide_node38node7_t5,0.0,9.0,I,node38node7,5,wide
flow_timber_node38node51_t1,0.0,9.0,I,node38node51,1,timber
flow_timber_node38node51_t2,0.0,9.0,I,node38node51,2,timber
flow_timber_node38node51_t3,0.0,9.0,I,node38node51,3,timber
flow_timber_node38node51_t4,0.0,9.0,I,node38node51,4,timber
flow_timber_node38node51_t5,0.0,9.0,I,node38node51,5,timber
flow_wide_node38node51_t1,0.0,9.0,I,node38node51,1,wide
flow_wide_node38node51_t2,0.0,9.0,I,node38node51,2,wide
flow_wide_node38node51_t3,0.0,9.0,I,node38node51,3,wide
flow_wide_node38node51_t4,0.0,9.0,I,node38node51,4,wide
flow_wide_node38node51_t5,0.0,9.0,I,node38node51,5,wide
flow_timber_node38node59_t1,0.0,9.0,I,node38node59,1,timber
flow_timber_node38node59_t2,0.0,9.0,I,node38node59,2,timber
flow_timber_node38node59_t3,0.0,9.0,I,node38node59,3,timber
flow_timber_node38node59_t4,0.0,9.0,I,node38node59,4,timber
flow_timber_node38node59_t5,0.0,9.0,I,node38node59,5,timber
flow_wide_node38node59_t1,0.0,9.0,I,node38node59,1,wide
flow_wide_node38node59_t2,0.0,9.0,I,node38node59,2,wide
flow_wide_node38node59_t3,0.0,9.0,I,node38node59,3,wide
flow_wide_node38node59_t4,0.0,9.0,I,node38node59,4,wide
flow_wide_node38node59_t5,0.0,9.0,I,node38node59,5,wide
flow_timber_node38node79_t1,0.0,9.0,I,node38node79,1,timber
flow_timber_node38node79_t2,0.0,9.0,I,node38node79,2,timber
flow_timber_node38node79_t3,0.0,9.0,I,node38node79,3,timber
flow_timber_node38node79_t4,0.0,9.0,I,node38node79,4,timber
flow_timber_node38node79_t5,0.0,9.0,I,node38node79,5,timber
flow_wide_node38node79_t1,0.0,9.0,I,node38node79,1,wide
flow_wide_node38node79_t2,0.0,9.0,I,node38node79,2,wide
flow_wide_node38node79_t3,0.0,9.0,I,node38node79,3,wide
flow_wide_node38node79_t4,0.0,9.0,I,node38node79,4,wide
flow_wide_node38node79_t5,0.0,9.0,I,node38node79,5,wide
flow_timber_node38node81_t1,0.0,9.0,I,node38node81,1,timber
flow_timber_node38node81_t2,0.0,9.0,I,node38node81,2,timber
flow_timber_node38node81_t3,0.0,9.0,I,node38node81,3,timber
flow_timber_node38node81_t4,0.0,9.0,I,node38node81,4,timber
flow_timber_node38node81_t5,0.0,9.0,I,node38node81,5,timber
flow_wide_node38node81_t1,0.0,9.0,I,node38node81,1,wide
flow_wide_node38node81_t2,0.0,9.0,I,node38node81,2,wide
flow_wide_node38node81_t3,0.0,9.0,I,node38node81,3,wide
flow_wide_node38node81_t4,0.0,9.0,I,node38node81,4,wide
flow_wide_node38node81_t5,0.0,9.0,I,node38node81,5,wide
flow_timber_node38node82_t1,0.0,9.0,I,node38node82,1,timber
flow_timber_node38node82_t2,0.0,9.0,I,node38node82,2,timber
flow_timber_node38node82_t3,0.0,9.0,I,node38node82,3,timber
flow_timber_node38node82_t4,0.0,9.0,I,node38node82,4,timber
flow_timber_node38node82_t5,0.0,9.0,I,node38node82,5,timber
flow_wide_node38node82_t1,0.0,9.0,I,node38node82,1,wide
flow_wide_node38node82_t2,0.0,9.0,I,node38node82,2,wide
flow_wide_node38node82_t3,0.0,9.0,I,node38node82,3,wide
flow_wide_node38node82_t4,0.0,9.0,I,node38node82,4,wide
flow_wide_node38node82_t5,0.0,9.0,I,node38node82,5,wide
flow_timber_node62node7_t1,0.0,9.0,I,node62node7,1,timber
flow_timber_node62node7_t2,0.0,9.0,I,node62node7,2,timber
flow_timber_node62node7_t3,0.0,9.0,I,node62node7,3,timber
flow_timber_node62node7_t4,0.0,9.0,I,node62node7,4,timber
flow_timber_node62node7_t5,0.0,9.0,I,node62node7,5,timber
flow_wide_node62node7_t1,0.0,9.0,I,node62node7,1,wide
flow_wide_node62node7_t2,0.0,9.0,I,node62node7,2,wide
flow_wide_node62node7_t3,0.0,9.0,I,node62node7,3,wide
flow_wide_node62node7_t4,0.0,9.0,I,node62node7,4,wide
flow_wide_node62node7_t5,0.0,9.0,I,node62node7,5,wide
flow_timber_node62node24_t1,0.0,9.0,I,node62node24,1,timber
flow_timber_node62node24_t2,0.0,9.0,I,node62node24,2,timber
flow_timber_node62node24_t3,0.0,9.0,I,node62node24,3,timber
flow_timber_node62node24_t4,0.0,9.0,I,node62node24,4,timber
flow_timber_node62node24_t5,0.0,9.0,I,node62node24,5,timber
flow_wide_node62node24_t1,0.0,9.0,I,node62node24,1,wide
flow_wide_node62node24_t2,0.0,9.0,I,node62node24,2,wide
flow_wide_node62node24_t3,0.0,9.0,I,node62node24,3,wide
flow_wide_node62node24_t4,0.0,9.0,I,node62node24,4,wide
flow_wide_node62node24_t5,0.0,9.0,I,node62node24,5,wide
flow_timber_node62node81_t1,0.0,9.0,I,node62node81,1,timber
flow_timber_node62node81_t2,0.0,9.0,I,node62node81,2,timber
flow_timber_node62node81_t3,0.0,9.0,I,node62node81,3,timber
flow_timber_node62node81_t4,0.0,9.0,I,node62node81,4,timber
flow_timber_node62node81_t5,0.0,9.0,I,node62node81,5,timber
flow_wide_node62node81_t1,0.0,9.0,I,node62node81,1,wide
flow_wide_node62node81_t2,0.0,9.0,I,node62node81,2,wide
flow_wide_node62node81_t3,0.0,9.0,I,node62node81,3,wide
flow_wide_node62node81_t4,0.0,9.0,I,node62node81,4,wide
flow_wide_node62node81_t5,0.0,9.0,I,node62node81,5,wide
flow_timber_node62node82_t1,0.0,9.0,I,node62node82,1,timber
flow_timber_node62node82_t2,0.0,9.0,I,node62node82,2,timber
flow_timber_node62node82_t3,0.0,9.0,I,node62node82,3,timber
flow_timber_node62node82_t4,0.0,9.0,I,node62node82,4,timber
flow_timber_node62node82_t5,0.0,9.0,I,node62node82,5,timber
flow_wide_node62node82_t1,0.0,9.0,I,node62node82,1,wide
flow_wide_node62node82_t2,0.0,9.0,I,node62node82,2,wide
flow_wide_node62node82_t3,0.0,9.0,I,node62node82,3,wide
flow_wide_node62node82_t4,0.0,9.0,I,node62node82,4,wide
flow_wide_node62node82_t5,0.0,9.0,I,node62node82,5,wide
flow_timber_node82node7_t1,0.0,9.0,I,node82node7,1,timber
flow_timber_node82node7_t2,0.0,9.0,I,node82node7,2,timber
flow_timber_node82node7_t3,0.0,9.0,I,node82node7,3,timber
flow_timber_node82node7_t4,0.0,9.0,I,node82node7,4,timber
flow_timber_node82node7_t5,0.0,9.0,I,node82node7,5,timber
flow_wide_node82node7_t1,0.0,9.0,I,node82node7,1,wide
flow_wide_node82node7_t2,0.0,9.0,I,node82node7,2,wide
flow_wide_node82node7_t3,0.0,9.0,I,node82node7,3,wide
flow_wide_node82node7_t4,0.0,9.0,I,node82node7,4,wide
flow_wide_node82node7_t5,0.0,9.0,I,node82node7,5,wide
flow_timber_node82node8_t1,0.0,9.0,I,node82node8,1,timber
flow_timber_node82node8_t2,0.0,9.0,I,node82node8,2,timber
flow_timber_node82node8_t3,0.0,9.0,I,node82node8,3,timber
flow_timber_node82node8_t4,0.0,9.0,I,node82node8,4,timber
flow_timber_node82node8_t5,0.0,9.0,I,node82node8,5,timber
flow_wide_node82node8_t1,0.0,9.0,I,node82node8,1,wide
flow_wide_node82node8_t2,0.0,9.0,I,node82node8,2,wide
flow_wide_node82node8_t3,0.0,9.0,I,node82node8,3,wide
flow_wide_node82node8_t4,0.0,9.0,I,node82node8,4,wide
flow_wide_node82node8_t5,0.0,9.0,I,node82node8,5,wide
flow_timber_node82node20_t1,0.0,9.0,I,node82node20,1,timber
flow_timber_node82node20_t2,0.0,9.0,I,node82node20,2,timber
flow_timber_node82node20_t3,0.0,9.0,I,node82node20,3,timber
flow_timber_node82node20_t4,0.0,9.0,I,node82node20,4,timber
flow_timber_node82node20_t5,0.0,9.0,I,node82node20,5,timber
flow_wide_node82node20_t1,0.0,9.0,I,node82node20,1,wide
flow_wide_node82node20_t2,0.0,9.0,I,node82node20,2,wide
flow_wide_node82node20_t3,0.0,9.0,I,node82node20,3,wide
flow_wide_node82node20_t4,0.0,9.0,I,node82node20,4,wide
flow_wide_node82node20_t5,0.0,9.0,I,node82node20,5,wide
flow_timber_node82node24_t1,0.0,9.0,I,node82node24,1,timber
flow_timber_node82node24_t2,0.0,9.0,I,node82node24,2,timber
flow_timber_node82node24_t3,0.0,9.0,I,node82node24,3,timber
flow_timber_node82node24_t4,0.0,9.0,I,node82node24,4,timber
flow_timber_node82node24_t5,0.0,9.0,I,node82node24,5,timber
flow_wide_node82node24_t1,0.0,9.0,I,node82node24,1,wide
flow_wide_node82node24_t2,0.0,9.0,I,node82node24,2,wide
flow_wide_node82node24_t3,0.0,9.0,I,node82node24,3,wide
flow_wide_node82node24_t4,0.0,9.0,I,node82node24,4,wide
flow_wide_node82node24_t5,0.0,9.0,I,node82node24,5,wide
flow_timber_node82node27_t1,0.0,9.0,I,node82node27,1,timber
flow_timber_node82node27_t2,0.0,9.0,I,node82node27,2,timber
flow_timber_node82node27_t3,0.0,9.0,I,node82node27,3,timber
flow_timber_node82node27_t4,0.0,9.0,I,node82node27,4,timber
flow_timber_node82node27_t5,0.0,9.0,I,node82node27,5,timber
flow_wide_node82node27_t1,0.0,9.0,I,node82node27,1,wide
flow_wide_node82node27_t2,0.0,9.0,I,node82node27,2,wide
flow_wide_node82node27_t3,0.0,9.0,I,node82node27,3,wide
flow_wide_node82node27_t4,0.0,9.0,I,node82node27,4,wide
flow_wide_node82node27_t5,0.0,9.0,I,node82node27,5,wide
flow_timber_node82node38_t1,0.0,9.0,I,node82node38,1,timber
flow_timber_node82node38_t2,0.0,9.0,I,node82node38,2,timber
flow_timber_node82node38_t3,0.0,9.0,I,node82node38,3,timber
flow_timber_node82node38_t4,0.0,9.0,I,node82node38,4,timber
flow_timber_node82node38_t5,0.0,9.0,I,node82node38,5,timber
flow_wide_node82node38_t1,0.0,9.0,I,node82node38,1,wide
flow_wide_node82node38_t2,0.0,9.0,I,node82node38,2,wide
flow_wide_node82node38_t3,0.0,9.0,I,node82node38,3,wide
flow_wide_node82node38_t4,0.0,9.0,I,node82node38,4,wide
flow_wide_node82node38_t5,0.0,9.0,I,node82node38,5,wide
flow_timber_node82node53_t1,0.0,9.0,I,node82node53,1,timber
flow_timber_node82node53_t2,0.0,9.0,I,node82node53,2,timber
flow_timber_node82node53_t3,0.0,9.0,I,node82node53,3,timber
flow_timber_node82node53_t4,0.0,9.0,I,node82node53,4,timber
flow_timber_node82node53_t5,0.0,9.0,I,node82node53,5,timber
flow_wide_node82node53_t1,0.0,9.0,I,node82node53,1,wide
flow_wide_node82node53_t2,0.0,9.0,I,node82node53,2,wide
flow_wide_node82node53_t3,0.0,9.0,I,node82node53,3,wide
flow_wide_node82node53_t4,0.0,9.0,I,node82node53,4,wide
flow_wide_node82node53_t5,0.0,9.0,I,node82node53,5,wide
flow_timber_node82node54_t1,0.0,9.0,I,node82node54,1,timber
flow_timber_node82node54_t2,0.0,9.0,I,node82node54,2,timber
flow_timber_node82node54_t3,0.0,9.0,I,node82node54,3,timber
flow_timber_node82node54_t4,0.0,9.0,I,node82node54,4,timber
flow_timber_node82node54_t5,0.0,9.0,I,node82node54,5,timber
flow_wide_node82node54_t1,0.0,9.0,I,node82node54,1,wide
flow_wide_node82node54_t2,0.0,9.0,I,node82node54,2,wide
flow_wide_node82node54_t3,0.0,9.0,I,node82node54,3,wide
flow_wide_node82node54_t4,0.0,9.0,I,node82node54,4,wide
flow_wide_node82node54_t5,0.0,9.0,I,node82node54,5,wide
flow_timber_node82node59_t1,0.0,9.0,I,node82node59,1,timber
flow_timber_node82node59_t2,0.0,9.0,I,node82node59,2,timber
flow_timber_node82node59_t3,0.0,9.0,I,node82node59,3,timber
flow_timber_node82node59_t4,0.0,9.0,I,node82node59,4,timber
flow_timber_node82node59_t5,0.0,9.0,I,node82node59,5,timber
flow_wide_node82node59_t1,0.0,9.0,I,node82node59,1,wide
flow_wide_node82node59_t2,0.0,9.0,I,node82node59,2,wide
flow_wide_node82node59_t3,0.0,9.0,I,node82node59,3,wide
flow_wide_node82node59_t4,0.0,9.0,I,node82node59,4,wide
flow_wide_node82node59_t5,0.0,9.0,I,node82node59,5,wide
flow_timber_node82node62_t1,0.0,9.0,I,node82node62,1,timber
flow_timber_node82node62_t2,0.0,9.0,I,node82node62,2,timber
flow_timber_node82node62_t3,0.0,9.0,I,node82node62,3,timber
flow_timber_node82node62_t4,0.0,9.0,I,node82node62,4,timber
flow_timber_node82node62_t5,0.0,9.0,I,node82node62,5,timber
flow_wide_node82node62_t1,0.0,9.0,I,node82node62,1,wide
flow_wide_node82node62_t2,0.0,9.0,I,node82node62,2,wide
flow_wide_node82node62_t3,0.0,9.0,I,node82node62,3,wide
flow_wide_node82node62_t4,0.0,9.0,I,node82node62,4,wide
flow_wide_node82node62_t5,0.0,9.0,I,node82node62,5,wide
flow_timber_node82node63_t1,0.0,9.0,I,node82node63,1,timber
flow_timber_node82node63_t2,0.0,9.0,I,node82node63,2,timber
flow_timber_node82node63_t3,0.0,9.0,I,node82node63,3,timber
flow_timber_node82node63_t4,0.0,9.0,I,node82node63,4,timber
flow_timber_node82node63_t5,0.0,9.0,I,node82node63,5,timber
flow_wide_node82node63_t1,0.0,9.0,I,node82node63,1,wide
flow_wide_node82node63_t2,0.0,9.0,I,node82node63,2,wide
flow_wide_node82node63_t3,0.0,9.0,I,node82node63,3,wide
flow_wide_node82node63_t4,0.0,9.0,I,node82node63,4,wide
flow_wide_node82node63_t5,0.0,9.0,I,node82node63,5,wide
flow_timber_node82node64_t1,0.0,9.0,I,node82node64,1,timber
flow_timber_node82node64_t2,0.0,9.0,I,node82node64,2,timber
flow_timber_node82node64_t3,0.0,9.0,I,node82node64,3,timber
flow_timber_node82node64_t4,0.0,9.0,I,node82node64,4,timber
flow_timber_node82node64_t5,0.0,9.0,I,node82node64,5,timber
flow_wide_node82node64_t1,0.0,9.0,I,node82node64,1,wide
flow_wide_node82node64_t2,0.0,9.0,I,node82node64,2,wide
flow_wide_node82node64_t3,0.0,9.0,I,node82node64,3,wide
flow_wide_node82node64_t4,0.0,9.0,I,node82node64,4,wide
flow_wide_node82node64_t5,0.0,9.0,I,node82node64,5,wide
flow_timber_node8node20_t1,0.0,9.0,I,node8node20,1,timber
flow_timber_node8node20_t2,0.0,9.0,I,node8node20,2,timber
flow_timber_node8node20_t3,0.0,9.0,I,node8node20,3,timber
flow_timber_node8node20_t4,0.0,9.0,I,node8node20,4,timber
flow_timber_node8node20_t5,0.0,9.0,I,node8node20,5,timber
flow_wide_node8node20_t1,0.0,9.0,I,node8node20,1,wide
flow_wide_node8node20_t2,0.0,9.0,I,node8node20,2,wide
flow_wide_node8node20_t3,0.0,9.0,I,node8node20,3,wide
flow_wide_node8node20_t4,0.0,9.0,I,node8node20,4,wide
flow_wide_node8node20_t5,0.0,9.0,I,node8node20,5,wide
flow_timber_node8node59_t1,0.0,9.0,I,node8node59,1,timber
flow_timber_node8node59_t2,0.0,9.0,I,node8node59,2,timber
flow_timber_node8node59_t3,0.0,9.0,I,node8node59,3,timber
flow_timber_node8node59_t4,0.0,9.0,I,node8node59,4,timber
flow_timber_node8node59_t5,0.0,9.0,I,node8node59,5,timber
flow_wide_node8node59_t1,0.0,9.0,I,node8node59,1,wide
flow_wide_node8node59_t2,0.0,9.0,I,node8node59,2,wide
flow_wide_node8node59_t3,0.0,9.0,I,node8node59,3,wide
flow_wide_node8node59_t4,0.0,9.0,I,node8node59,4,wide
flow_wide_node8node59_t5,0.0,9.0,I,node8node59,5,wide
flow_timber_node8node79_t1,0.0,9.0,I,node8node79,1,timber
flow_timber_node8node79_t2,0.0,9.0,I,node8node79,2,timber
flow_timber_node8node79_t3,0.0,9.0,I,node8node79,3,timber
flow_timber_node8node79_t4,0.0,9.0,I,node8node79,4,timber
flow_timber_node8node79_t5,0.0,9.0,I,node8node79,5,timber
flow_wide_node8node79_t1,0.0,9.0,I,node8node79,1,wide
flow_wide_node8node79_t2,0.0,9.0,I,node8node79,2,wide
flow_wide_node8node79_t3,0.0,9.0,I,node8node79,3,wide
flow_wide_node8node79_t4,0.0,9.0,I,node8node79,4,wide
flow_wide_node8node79_t5,0.0,9.0,I,node8node79,5,wide
flow_timber_node8node82_t1,0.0,9.0,I,node8node82,1,timber
flow_timber_node8node82_t2,0.0,9.0,I,node8node82,2,timber
flow_timber_node8node82_t3,0.0,9.0,I,node8node82,3,timber
flow_timber_node8node82_t4,0.0,9.0,I,node8node82,4,timber
flow_timber_node8node82_t5,0.0,9.0,I,node8node82,5,timber
flow_wide_node8node82_t1,0.0,9.0,I,node8node82,1,wide
flow_wide_node8node82_t2,0.0,9.0,I,node8node82,2,wide
flow_wide_node8node82_t3,0.0,9.0,I,node8node82,3,wide
flow_wide_node8node82_t4,0.0,9.0,I,node8node82,4,wide
flow_wide_node8node82_t5,0.0,9.0,I,node8node82,5,wide
flow_timber_node20node8_t1,0.0,9.0,I,node20node8,1,timber
flow_timber_node20node8_t2,0.0,9.0,I,node20node8,2,timber
flow_timber_node20node8_t3,0.0,9.0,I,node20node8,3,timber
flow_timber_node20node8_t4,0.0,9.0,I,node20node8,4,timber
flow_timber_node20node8_t5,0.0,9.0,I,node20node8,5,timber
flow_wide_node20node8_t1,0.0,9.0,I,node20node8,1,wide
flow_wide_node20node8_t2,0.0,9.0,I,node20node8,2,wide
flow_wide_node20node8_t3,0.0,9.0,I,node20node8,3,wide
flow_wide_node20node8_t4,0.0,9.0,I,node20node8,4,wide
flow_wide_node20node8_t5,0.0,9.0,I,node20node8,5,wide
flow_timber_node20node54_t1,0.0,9.0,I,node20node54,1,timber
flow_timber_node20node54_t2,0.0,9.0,I,node20node54,2,timber
flow_timber_node20node54_t3,0.0,9.0,I,node20node54,3,timber
flow_timber_node20node54_t4,0.0,9.0,I,node20node54,4,timber
flow_timber_node20node54_t5,0.0,9.0,I,node20node54,5,timber
flow_wide_node20node54_t1,0.0,9.0,I,node20node54,1,wide
flow_wide_node20node54_t2,0.0,9.0,I,node20node54,2,wide
flow_wide_node20node54_t3,0.0,9.0,I,node20node54,3,wide
flow_wide_node20node54_t4,0.0,9.0,I,node20node54,4,wide
flow_wide_node20node54_t5,0.0,9.0,I,node20node54,5,wide
flow_timber_node20node41_t1,0.0,9.0,I,node20node41,1,timber
flow_timber_node20node41_t2,0.0,9.0,I,node20node41,2,timber
flow_timber_node20node41_t3,0.0,9.0,I,node20node41,3,timber
flow_timber_node20node41_t4,0.0,9.0,I,node20node41,4,timber
flow_timber_node20node41_t5,0.0,9.0,I,node20node41,5,timber
flow_wide_node20node41_t1,0.0,9.0,I,node20node41,1,wide
flow_wide_node20node41_t2,0.0,9.0,I,node20node41,2,wide
flow_wide_node20node41_t3,0.0,9.0,I,node20node41,3,wide
flow_wide_node20node41_t4,0.0,9.0,I,node20node41,4,wide
flow_wide_node20node41_t5,0.0,9.0,I,node20node41,5,wide
flow_timber_node20node79_t1,0.0,9.0,I,node20node79,1,timber
flow_timber_node20node79_t2,0.0,9.0,I,node20node79,2,timber
flow_timber_node20node79_t3,0.0,9.0,I,node20node79,3,timber
flow_timber_node20node79_t4,0.0,9.0,I,node20node79,4,timber
flow_timber_node20node79_t5,0.0,9.0,I,node20node79,5,timber
flow_wide_node20node79_t1,0.0,9.0,I,node20node79,1,wide
flow_wide_node20node79_t2,0.0,9.0,I,node20node79,2,wide
flow_wide_node20node79_t3,0.0,9.0,I,node20node79,3,wide
flow_wide_node20node79_t4,0.0,9.0,I,node20node79,4,wide
flow_wide_node20node79_t5,0.0,9.0,I,node20node79,5,wide
flow_timber_node20node82_t1,0.0,9.0,I,node20node82,1,timber
flow_timber_node20node82_t2,0.0,9.0,I,node20node82,2,timber
flow_timber_node20node82_t3,0.0,9.0,I,node20node82,3,timber
flow_timber_node20node82_t4,0.0,9.0,I,node20node82,4,timber
flow_timber_node20node82_t5,0.0,9.0,I,node20node82,5,timber
flow_wide_node20node82_t1,0.0,9.0,I,node20node82,1,wide
flow_wide_node20node82_t2,0.0,9.0,I,node20node82,2,wide
flow_wide_node20node82_t3,0.0,9.0,I,node20node82,3,wide
flow_wide_node20node82_t4,0.0,9.0,I,node20node82,4,wide
flow_wide_node20node82_t5,0.0,9.0,I,node20node82,5,wide
flow_timber_node59node8_t1,0.0,9.0,I,node59node8,1,timber
flow_timber_node59node8_t2,0.0,9.0,I,node59node8,2,timber
flow_timber_node59node8_t3,0.0,9.0,I,node59node8,3,timber
flow_timber_node59node8_t4,0.0,9.0,I,node59node8,4,timber
flow_timber_node59node8_t5,0.0,9.0,I,node59node8,5,timber
flow_wide_node59node8_t1,0.0,9.0,I,node59node8,1,wide
flow_wide_node59node8_t2,0.0,9.0,I,node59node8,2,wide
flow_wide_node59node8_t3,0.0,9.0,I,node59node8,3,wide
flow_wide_node59node8_t4,0.0,9.0,I,node59node8,4,wide
flow_wide_node59node8_t5,0.0,9.0,I,node59node8,5,wide
flow_timber_node59node38_t1,0.0,9.0,I,node59node38,1,timber
flow_timber_node59node38_t2,0.0,9.0,I,node59node38,2,timber
flow_timber_node59node38_t3,0.0,9.0,I,node59node38,3,timber
flow_timber_node59node38_t4,0.0,9.0,I,node59node38,4,timber
flow_timber_node59node38_t5,0.0,9.0,I,node59node38,5,timber
flow_wide_node59node38_t1,0.0,9.0,I,node59node38,1,wide
flow_wide_node59node38_t2,0.0,9.0,I,node59node38,2,wide
flow_wide_node59node38_t3,0.0,9.0,I,node59node38,3,wide
flow_wide_node59node38_t4,0.0,9.0,I,node59node38,4,wide
flow_wide_node59node38_t5,0.0,9.0,I,node59node38,5,wide
flow_timber_node59node79_t1,0.0,9.0,I,node59node79,1,timber
flow_timber_node59node79_t2,0.0,9.0,I,node59node79,2,timber
flow_timber_node59node79_t3,0.0,9.0,I,node59node79,3,timber
flow_timber_node59node79_t4,0.0,9.0,I,node59node79,4,timber
flow_timber_node59node79_t5,0.0,9.0,I,node59node79,5,timber
flow_wide_node59node79_t1,0.0,9.0,I,node59node79,1,wide
flow_wide_node59node79_t2,0.0,9.0,I,node59node79,2,wide
flow_wide_node59node79_t3,0.0,9.0,I,node59node79,3,wide
flow_wide_node59node79_t4,0.0,9.0,I,node59node79,4,wide
flow_wide_node59node79_t5,0.0,9.0,I,node59node79,5,wide
flow_timber_node59node82_t1,0.0,9.0,I,node59node82,1,timber
flow_timber_node59node82_t2,0.0,9.0,I,node59node82,2,timber
flow_timber_node59node82_t3,0.0,9.0,I,node59node82,3,timber
flow_timber_node59node82_t4,0.0,9.0,I,node59node82,4,timber
flow_timber_node59node82_t5,0.0,9.0,I,node59node82,5,timber
flow_wide_node59node82_t1,0.0,9.0,I,node59node82,1,wide
flow_wide_node59node82_t2,0.0,9.0,I,node59node82,2,wide
flow_wide_node59node82_t3,0.0,9.0,I,node59node82,3,wide
flow_wide_node59node82_t4,0.0,9.0,I,node59node82,4,wide
flow_wide_node59node82_t5,0.0,9.0,I,node59node82,5,wide
flow_timber_node79node8_t1,0.0,9.0,I,node79node8,1,timber
flow_timber_node79node8_t2,0.0,9.0,I,node79node8,2,timber
flow_timber_node79node8_t3,0.0,9.0,I,node79node8,3,timber
flow_timber_node79node8_t4,0.0,9.0,I,node79node8,4,timber
flow_timber_node79node8_t5,0.0,9.0,I,node79node8,5,timber
flow_wide_node79node8_t1,0.0,9.0,I,node79node8,1,wide
flow_wide_node79node8_t2,0.0,9.0,I,node79node8,2,wide
flow_wide_node79node8_t3,0.0,9.0,I,node79node8,3,wide
flow_wide_node79node8_t4,0.0,9.0,I,node79node8,4,wide
flow_wide_node79node8_t5,0.0,9.0,I,node79node8,5,wide
flow_timber_node79node17_t1,0.0,9.0,I,node79node17,1,timber
flow_timber_node79node17_t2,0.0,9.0,I,node79node17,2,timber
flow_timber_node79node17_t3,0.0,9.0,I,node79node17,3,timber
flow_timber_node79node17_t4,0.0,9.0,I,node79node17,4,timber
flow_timber_node79node17_t5,0.0,9.0,I,node79node17,5,timber
flow_wide_node79node17_t1,0.0,9.0,I,node79node17,1,wide
flow_wide_node79node17_t2,0.0,9.0,I,node79node17,2,wide
flow_wide_node79node17_t3,0.0,9.0,I,node79node17,3,wide
flow_wide_node79node17_t4,0.0,9.0,I,node79node17,4,wide
flow_wide_node79node17_t5,0.0,9.0,I,node79node17,5,wide
flow_timber_node79node20_t1,0.0,9.0,I,node79node20,1,timber
flow_timber_node79node20_t2,0.0,9.0,I,node79node20,2,timber
flow_timber_node79node20_t3,0.0,9.0,I,node79node20,3,timber
flow_timber_node79node20_t4,0.0,9.0,I,node79node20,4,timber
flow_timber_node79node20_t5,0.0,9.0,I,node79node20,5,timber
flow_wide_node79node20_t1,0.0,9.0,I,node79node20,1,wide
flow_wide_node79node20_t2,0.0,9.0,I,node79node20,2,wide
flow_wide_node79node20_t3,0.0,9.0,I,node79node20,3,wide
flow_wide_node79node20_t4,0.0,9.0,I,node79node20,4,wide
flow_wide_node79node20_t5,0.0,9.0,I,node79node20,5,wide
flow_timber_node79node38_t1,0.0,9.0,I,node79node38,1,timber
flow_timber_node79node38_t2,0.0,9.0,I,node79node38,2,timber
flow_timber_node79node38_t3,0.0,9.0,I,node79node38,3,timber
flow_timber_node79node38_t4,0.0,9.0,I,node79node38,4,timber
flow_timber_node79node38_t5,0.0,9.0,I,node79node38,5,timber
flow_wide_node79node38_t1,0.0,9.0,I,node79node38,1,wide
flow_wide_node79node38_t2,0.0,9.0,I,node79node38,2,wide
flow_wide_node79node38_t3,0.0,9.0,I,node79node38,3,wide
flow_wide_node79node38_t4,0.0,9.0,I,node79node38,4,wide
flow_wide_node79node38_t5,0.0,9.0,I,node79node38,5,wide
flow_timber_node79node41_t1,0.0,9.0,I,node79node41,1,timber
flow_timber_node79node41_t2,0.0,9.0,I,node79node41,2,timber
flow_timber_node79node41_t3,0.0,9.0,I,node79node41,3,timber
flow_timber_node79node41_t4,0.0,9.0,I,node79node41,4,timber
flow_timber_node79node41_t5,0.0,9.0,I,node79node41,5,timber
flow_wide_node79node41_t1,0.0,9.0,I,node79node41,1,wide
flow_wide_node79node41_t2,0.0,9.0,I,node79node41,2,wide
flow_wide_node79node41_t3,0.0,9.0,I,node79node41,3,wide
flow_wide_node79node41_t4,0.0,9.0,I,node79node41,4,wide
flow_wide_node79node41_t5,0.0,9.0,I,node79node41,5,wide
flow_timber_node79node51_t1,0.0,9.0,I,node79node51,1,timber
flow_timber_node79node51_t2,0.0,9.0,I,node79node51,2,timber
flow_timber_node79node51_t3,0.0,9.0,I,node79node51,3,timber
flow_timber_node79node51_t4,0.0,9.0,I,node79node51,4,timber
flow_timber_node79node51_t5,0.0,9.0,I,node79node51,5,timber
flow_wide_node79node51_t1,0.0,9.0,I,node79node51,1,wide
flow_wide_node79node51_t2,0.0,9.0,I,node79node51,2,wide
flow_wide_node79node51_t3,0.0,9.0,I,node79node51,3,wide
flow_wide_node79node51_t4,0.0,9.0,I,node79node51,4,wide
flow_wide_node79node51_t5,0.0,9.0,I,node79node51,5,wide
flow_timber_node79node59_t1,0.0,9.0,I,node79node59,1,timber
flow_timber_node79node59_t2,0.0,9.0,I,node79node59,2,timber
flow_timber_node79node59_t3,0.0,9.0,I,node79node59,3,timber
flow_timber_node79node59_t4,0.0,9.0,I,node79node59,4,timber
flow_timber_node79node59_t5,0.0,9.0,I,node79node59,5,timber
flow_wide_node79node59_t1,0.0,9.0,I,node79node59,1,wide
flow_wide_node79node59_t2,0.0,9.0,I,node79node59,2,wide
flow_wide_node79node59_t3,0.0,9.0,I,node79node59,3,wide
flow_wide_node79node59_t4,0.0,9.0,I,node79node59,4,wide
flow_wide_node79node59_t5,0.0,9.0,I,node79node59,5,wide
flow_timber_node79node60_t1,0.0,9.0,I,node79node60,1,timber
flow_timber_node79node60_t2,0.0,9.0,I,node79node60,2,timber
flow_timber_node79node60_t3,0.0,9.0,I,node79node60,3,timber
flow_timber_node79node60_t4,0.0,9.0,I,node79node60,4,timber
flow_timber_node79node60_t5,0.0,9.0,I,node79node60,5,timber
flow_wide_node79node60_t1,0.0,9.0,I,node79node60,1,wide
flow_wide_node79node60_t2,0.0,9.0,I,node79node60,2,wide
flow_wide_node79node60_t3,0.0,9.0,I,node79node60,3,wide
flow_wide_node79node60_t4,0.0,9.0,I,node79node60,4,wide
flow_wide_node79node60_t5,0.0,9.0,I,node79node60,5,wide
flow_timber_node12node9_t1,0.0,9.0,I,node12node9,1,timber
flow_timber_node12node9_t2,0.0,9.0,I,node12node9,2,timber
flow_timber_node12node9_t3,0.0,9.0,I,node12node9,3,timber
flow_timber_node12node9_t4,0.0,9.0,I,node12node9,4,timber
flow_timber_node12node9_t5,0.0,9.0,I,node12node9,5,timber
flow_wide_node12node9_t1,0.0,9.0,I,node12node9,1,wide
flow_wide_node12node9_t2,0.0,9.0,I,node12node9,2,wide
flow_wide_node12node9_t3,0.0,9.0,I,node12node9,3,wide
flow_wide_node12node9_t4,0.0,9.0,I,node12node9,4,wide
flow_wide_node12node9_t5,0.0,9.0,I,node12node9,5,wide
flow_timber_node12node49_t1,0.0,9.0,I,node12node49,1,timber
flow_timber_node12node49_t2,0.0,9.0,I,node12node49,2,timber
flow_timber_node12node49_t3,0.0,9.0,I,node12node49,3,timber
flow_timber_node12node49_t4,0.0,9.0,I,node12node49,4,timber
flow_timber_node12node49_t5,0.0,9.0,I,node12node49,5,timber
flow_wide_node12node49_t1,0.0,9.0,I,node12node49,1,wide
flow_wide_node12node49_t2,0.0,9.0,I,node12node49,2,wide
flow_wide_node12node49_t3,0.0,9.0,I,node12node49,3,wide
flow_wide_node12node49_t4,0.0,9.0,I,node12node49,4,wide
flow_wide_node12node49_t5,0.0,9.0,I,node12node49,5,wide
flow_timber_node12node25_t1,0.0,9.0,I,node12node25,1,timber
flow_timber_node12node25_t2,0.0,9.0,I,node12node25,2,timber
flow_timber_node12node25_t3,0.0,9.0,I,node12node25,3,timber
flow_timber_node12node25_t4,0.0,9.0,I,node12node25,4,timber
flow_timber_node12node25_t5,0.0,9.0,I,node12node25,5,timber
flow_wide_node12node25_t1,0.0,9.0,I,node12node25,1,wide
flow_wide_node12node25_t2,0.0,9.0,I,node12node25,2,wide
flow_wide_node12node25_t3,0.0,9.0,I,node12node25,3,wide
flow_wide_node12node25_t4,0.0,9.0,I,node12node25,4,wide
flow_wide_node12node25_t5,0.0,9.0,I,node12node25,5,wide
flow_timber_node12node72_t1,0.0,9.0,I,node12node72,1,timber
flow_timber_node12node72_t2,0.0,9.0,I,node12node72,2,timber
flow_timber_node12node72_t3,0.0,9.0,I,node12node72,3,timber
flow_timber_node12node72_t4,0.0,9.0,I,node12node72,4,timber
flow_timber_node12node72_t5,0.0,9.0,I,node12node72,5,timber
flow_wide_node12node72_t1,0.0,9.0,I,node12node72,1,wide
flow_wide_node12node72_t2,0.0,9.0,I,node12node72,2,wide
flow_wide_node12node72_t3,0.0,9.0,I,node12node72,3,wide
flow_wide_node12node72_t4,0.0,9.0,I,node12node72,4,wide
flow_wide_node12node72_t5,0.0,9.0,I,node12node72,5,wide
flow_timber_node12node73_t1,0.0,9.0,I,node12node73,1,timber
flow_timber_node12node73_t2,0.0,9.0,I,node12node73,2,timber
flow_timber_node12node73_t3,0.0,9.0,I,node12node73,3,timber
flow_timber_node12node73_t4,0.0,9.0,I,node12node73,4,timber
flow_timber_node12node73_t5,0.0,9.0,I,node12node73,5,timber
flow_wide_node12node73_t1,0.0,9.0,I,node12node73,1,wide
flow_wide_node12node73_t2,0.0,9.0,I,node12node73,2,wide
flow_wide_node12node73_t3,0.0,9.0,I,node12node73,3,wide
flow_wide_node12node73_t4,0.0,9.0,I,node12node73,4,wide
flow_wide_node12node73_t5,0.0,9.0,I,node12node73,5,wide
flow_timber_node12node75_t1,0.0,9.0,I,node12node75,1,timber
flow_timber_node12node75_t2,0.0,9.0,I,node12node75,2,timber
flow_timber_node12node75_t3,0.0,9.0,I,node12node75,3,timber
flow_timber_node12node75_t4,0.0,9.0,I,node12node75,4,timber
flow_timber_node12node75_t5,0.0,9.0,I,node12node75,5,timber
flow_wide_node12node75_t1,0.0,9.0,I,node12node75,1,wide
flow_wide_node12node75_t2,0.0,9.0,I,node12node75,2,wide
flow_wide_node12node75_t3,0.0,9.0,I,node12node75,3,wide
flow_wide_node12node75_t4,0.0,9.0,I,node12node75,4,wide
flow_wide_node12node75_t5,0.0,9.0,I,node12node75,5,wide
flow_timber_node40node9_t1,0.0,9.0,I,node40node9,1,timber
flow_timber_node40node9_t2,0.0,9.0,I,node40node9,2,timber
flow_timber_node40node9_t3,0.0,9.0,I,node40node9,3,timber
flow_timber_node40node9_t4,0.0,9.0,I,node40node9,4,timber
flow_timber_node40node9_t5,0.0,9.0,I,node40node9,5,timber
flow_wide_node40node9_t1,0.0,9.0,I,node40node9,1,wide
flow_wide_node40node9_t2,0.0,9.0,I,node40node9,2,wide
flow_wide_node40node9_t3,0.0,9.0,I,node40node9,3,wide
flow_wide_node40node9_t4,0.0,9.0,I,node40node9,4,wide
flow_wide_node40node9_t5,0.0,9.0,I,node40node9,5,wide
flow_timber_node40node16_t1,0.0,9.0,I,node40node16,1,timber
flow_timber_node40node16_t2,0.0,9.0,I,node40node16,2,timber
flow_timber_node40node16_t3,0.0,9.0,I,node40node16,3,timber
flow_timber_node40node16_t4,0.0,9.0,I,node40node16,4,timber
flow_timber_node40node16_t5,0.0,9.0,I,node40node16,5,timber
flow_wide_node40node16_t1,0.0,9.0,I,node40node16,1,wide
flow_wide_node40node16_t2,0.0,9.0,I,node40node16,2,wide
flow_wide_node40node16_t3,0.0,9.0,I,node40node16,3,wide
flow_wide_node40node16_t4,0.0,9.0,I,node40node16,4,wide
flow_wide_node40node16_t5,0.0,9.0,I,node40node16,5,wide
flow_timber_node40node35_t1,0.0,9.0,I,node40node35,1,timber
flow_timber_node40node35_t2,0.0,9.0,I,node40node35,2,timber
flow_timber_node40node35_t3,0.0,9.0,I,node40node35,3,timber
flow_timber_node40node35_t4,0.0,9.0,I,node40node35,4,timber
flow_timber_node40node35_t5,0.0,9.0,I,node40node35,5,timber
flow_wide_node40node35_t1,0.0,9.0,I,node40node35,1,wide
flow_wide_node40node35_t2,0.0,9.0,I,node40node35,2,wide
flow_wide_node40node35_t3,0.0,9.0,I,node40node35,3,wide
flow_wide_node40node35_t4,0.0,9.0,I,node40node35,4,wide
flow_wide_node40node35_t5,0.0,9.0,I,node40node35,5,wide
flow_timber_node40node74_t1,0.0,9.0,I,node40node74,1,timber
flow_timber_node40node74_t2,0.0,9.0,I,node40node74,2,timber
flow_timber_node40node74_t3,0.0,9.0,I,node40node74,3,timber
flow_timber_node40node74_t4,0.0,9.0,I,node40node74,4,timber
flow_timber_node40node74_t5,0.0,9.0,I,node40node74,5,timber
flow_wide_node40node74_t1,0.0,9.0,I,node40node74,1,wide
flow_wide_node40node74_t2,0.0,9.0,I,node40node74,2,wide
flow_wide_node40node74_t3,0.0,9.0,I,node40node74,3,wide
flow_wide_node40node74_t4,0.0,9.0,I,node40node74,4,wide
flow_wide_node40node74_t5,0.0,9.0,I,node40node74,5,wide
flow_timber_node40node75_t1,0.0,9.0,I,node40node75,1,timber
flow_timber_node40node75_t2,0.0,9.0,I,node40node75,2,timber
flow_timber_node40node75_t3,0.0,9.0,I,node40node75,3,timber
flow_timber_node40node75_t4,0.0,9.0,I,node40node75,4,timber
flow_timber_node40node75_t5,0.0,9.0,I,node40node75,5,timber
flow_wide_node40node75_t1,0.0,9.0,I,node40node75,1,wide
flow_wide_node40node75_t2,0.0,9.0,I,node40node75,2,wide
flow_wide_node40node75_t3,0.0,9.0,I,node40node75,3,wide
flow_wide_node40node75_t4,0.0,9.0,I,node40node75,4,wide
flow_wide_node40node75_t5,0.0,9.0,I,node40node75,5,wide
flow_timber_node40node77_t1,0.0,9.0,I,node40node77,1,timber
flow_timber_node40node77_t2,0.0,9.0,I,node40node77,2,timber
flow_timber_node40node77_t3,0.0,9.0,I,node40node77,3,timber
flow_timber_node40node77_t4,0.0,9.0,I,node40node77,4,timber
flow_timber_node40node77_t5,0.0,9.0,I,node40node77,5,timber
flow_wide_node40node77_t1,0.0,9.0,I,node40node77,1,wide
flow_wide_node40node77_t2,0.0,9.0,I,node40node77,2,wide
flow_wide_node40node77_t3,0.0,9.0,I,node40node77,3,wide
flow_wide_node40node77_t4,0.0,9.0,I,node40node77,4,wide
flow_wide_node40node77_t5,0.0,9.0,I,node40node77,5,wide
flow_timber_node10node14_t1,0.0,9.0,I,node10node14,1,timber
flow_timber_node10node14_t2,0.0,9.0,I,node10node14,2,timber
flow_timber_node10node14_t3,0.0,9.0,I,node10node14,3,timber
flow_timber_node10node14_t4,0.0,9.0,I,node10node14,4,timber
flow_timber_node10node14_t5,0.0,9.0,I,node10node14,5,timber
flow_wide_node10node14_t1,0.0,9.0,I,node10node14,1,wide
flow_wide_node10node14_t2,0.0,9.0,I,node10node14,2,wide
flow_wide_node10node14_t3,0.0,9.0,I,node10node14,3,wide
flow_wide_node10node14_t4,0.0,9.0,I,node10node14,4,wide
flow_wide_node10node14_t5,0.0,9.0,I,node10node14,5,wide
flow_timber_node10node43_t1,0.0,9.0,I,node10node43,1,timber
flow_timber_node10node43_t2,0.0,9.0,I,node10node43,2,timber
flow_timber_node10node43_t3,0.0,9.0,I,node10node43,3,timber
flow_timber_node10node43_t4,0.0,9.0,I,node10node43,4,timber
flow_timber_node10node43_t5,0.0,9.0,I,node10node43,5,timber
flow_wide_node10node43_t1,0.0,9.0,I,node10node43,1,wide
flow_wide_node10node43_t2,0.0,9.0,I,node10node43,2,wide
flow_wide_node10node43_t3,0.0,9.0,I,node10node43,3,wide
flow_wide_node10node43_t4,0.0,9.0,I,node10node43,4,wide
flow_wide_node10node43_t5,0.0,9.0,I,node10node43,5,wide
flow_timber_node10node84_t1,0.0,9.0,I,node10node84,1,timber
flow_timber_node10node84_t2,0.0,9.0,I,node10node84,2,timber
flow_timber_node10node84_t3,0.0,9.0,I,node10node84,3,timber
flow_timber_node10node84_t4,0.0,9.0,I,node10node84,4,timber
flow_timber_node10node84_t5,0.0,9.0,I,node10node84,5,timber
flow_wide_node10node84_t1,0.0,9.0,I,node10node84,1,wide
flow_wide_node10node84_t2,0.0,9.0,I,node10node84,2,wide
flow_wide_node10node84_t3,0.0,9.0,I,node10node84,3,wide
flow_wide_node10node84_t4,0.0,9.0,I,node10node84,4,wide
flow_wide_node10node84_t5,0.0,9.0,I,node10node84,5,wide
flow_timber_node10node85_t1,0.0,9.0,I,node10node85,1,timber
flow_timber_node10node85_t2,0.0,9.0,I,node10node85,2,timber
flow_timber_node10node85_t3,0.0,9.0,I,node10node85,3,timber
flow_timber_node10node85_t4,0.0,9.0,I,node10node85,4,timber
flow_timber_node10node85_t5,0.0,9.0,I,node10node85,5,timber
flow_wide_node10node85_t1,0.0,9.0,I,node10node85,1,wide
flow_wide_node10node85_t2,0.0,9.0,I,node10node85,2,wide
flow_wide_node10node85_t3,0.0,9.0,I,node10node85,3,wide
flow_wide_node10node85_t4,0.0,9.0,I,node10node85,4,wide
flow_wide_node10node85_t5,0.0,9.0,I,node10node85,5,wide
flow_timber_node14node10_t1,0.0,9.0,I,node14node10,1,timber
flow_timber_node14node10_t2,0.0,9.0,I,node14node10,2,timber
flow_timber_node14node10_t3,0.0,9.0,I,node14node10,3,timber
flow_timber_node14node10_t4,0.0,9.0,I,node14node10,4,timber
flow_timber_node14node10_t5,0.0,9.0,I,node14node10,5,timber
flow_wide_node14node10_t1,0.0,9.0,I,node14node10,1,wide
flow_wide_node14node10_t2,0.0,9.0,I,node14node10,2,wide
flow_wide_node14node10_t3,0.0,9.0,I,node14node10,3,wide
flow_wide_node14node10_t4,0.0,9.0,I,node14node10,4,wide
flow_wide_node14node10_t5,0.0,9.0,I,node14node10,5,wide
flow_timber_node14node13_t1,0.0,9.0,I,node14node13,1,timber
flow_timber_node14node13_t2,0.0,9.0,I,node14node13,2,timber
flow_timber_node14node13_t3,0.0,9.0,I,node14node13,3,timber
flow_timber_node14node13_t4,0.0,9.0,I,node14node13,4,timber
flow_timber_node14node13_t5,0.0,9.0,I,node14node13,5,timber
flow_wide_node14node13_t1,0.0,9.0,I,node14node13,1,wide
flow_wide_node14node13_t2,0.0,9.0,I,node14node13,2,wide
flow_wide_node14node13_t3,0.0,9.0,I,node14node13,3,wide
flow_wide_node14node13_t4,0.0,9.0,I,node14node13,4,wide
flow_wide_node14node13_t5,0.0,9.0,I,node14node13,5,wide
flow_timber_node14node26_t1,0.0,9.0,I,node14node26,1,timber
flow_timber_node14node26_t2,0.0,9.0,I,node14node26,2,timber
flow_timber_node14node26_t3,0.0,9.0,I,node14node26,3,timber
flow_timber_node14node26_t4,0.0,9.0,I,node14node26,4,timber
flow_timber_node14node26_t5,0.0,9.0,I,node14node26,5,timber
flow_wide_node14node26_t1,0.0,9.0,I,node14node26,1,wide
flow_wide_node14node26_t2,0.0,9.0,I,node14node26,2,wide
flow_wide_node14node26_t3,0.0,9.0,I,node14node26,3,wide
flow_wide_node14node26_t4,0.0,9.0,I,node14node26,4,wide
flow_wide_node14node26_t5,0.0,9.0,I,node14node26,5,wide
flow_timber_node14node84_t1,0.0,9.0,I,node14node84,1,timber
flow_timber_node14node84_t2,0.0,9.0,I,node14node84,2,timber
flow_timber_node14node84_t3,0.0,9.0,I,node14node84,3,timber
flow_timber_node14node84_t4,0.0,9.0,I,node14node84,4,timber
flow_timber_node14node84_t5,0.0,9.0,I,node14node84,5,timber
flow_wide_node14node84_t1,0.0,9.0,I,node14node84,1,wide
flow_wide_node14node84_t2,0.0,9.0,I,node14node84,2,wide
flow_wide_node14node84_t3,0.0,9.0,I,node14node84,3,wide
flow_wide_node14node84_t4,0.0,9.0,I,node14node84,4,wide
flow_wide_node14node84_t5,0.0,9.0,I,node14node84,5,wide
flow_timber_node14node85_t1,0.0,9.0,I,node14node85,1,timber
flow_timber_node14node85_t2,0.0,9.0,I,node14node85,2,timber
flow_timber_node14node85_t3,0.0,9.0,I,node14node85,3,timber
flow_timber_node14node85_t4,0.0,9.0,I,node14node85,4,timber
flow_timber_node14node85_t5,0.0,9.0,I,node14node85,5,timber
flow_wide_node14node85_t1,0.0,9.0,I,node14node85,1,wide
flow_wide_node14node85_t2,0.0,9.0,I,node14node85,2,wide
flow_wide_node14node85_t3,0.0,9.0,I,node14node85,3,wide
flow_wide_node14node85_t4,0.0,9.0,I,node14node85,4,wide
flow_wide_node14node85_t5,0.0,9.0,I,node14node85,5,wide
flow_timber_node14node86_t1,0.0,9.0,I,node14node86,1,timber
flow_timber_node14node86_t2,0.0,9.0,I,node14node86,2,timber
flow_timber_node14node86_t3,0.0,9.0,I,node14node86,3,timber
flow_timber_node14node86_t4,0.0,9.0,I,node14node86,4,timber
flow_timber_node14node86_t5,0.0,9.0,I,node14node86,5,timber
flow_wide_node14node86_t1,0.0,9.0,I,node14node86,1,wide
flow_wide_node14node86_t2,0.0,9.0,I,node14node86,2,wide
flow_wide_node14node86_t3,0.0,9.0,I,node14node86,3,wide
flow_wide_node14node86_t4,0.0,9.0,I,node14node86,4,wide
flow_wide_node14node86_t5,0.0,9.0,I,node14node86,5,wide
flow_timber_node43node10_t1,0.0,9.0,I,node43node10,1,timber
flow_timber_node43node10_t2,0.0,9.0,I,node43node10,2,timber
flow_timber_node43node10_t3,0.0,9.0,I,node43node10,3,timber
flow_timber_node43node10_t4,0.0,9.0,I,node43node10,4,timber
flow_timber_node43node10_t5,0.0,9.0,I,node43node10,5,timber
flow_wide_node43node10_t1,0.0,9.0,I,node43node10,1,wide
flow_wide_node43node10_t2,0.0,9.0,I,node43node10,2,wide
flow_wide_node43node10_t3,0.0,9.0,I,node43node10,3,wide
flow_wide_node43node10_t4,0.0,9.0,I,node43node10,4,wide
flow_wide_node43node10_t5,0.0,9.0,I,node43node10,5,wide
flow_timber_node43node37_t1,0.0,9.0,I,node43node37,1,timber
flow_timber_node43node37_t2,0.0,9.0,I,node43node37,2,timber
flow_timber_node43node37_t3,0.0,9.0,I,node43node37,3,timber
flow_timber_node43node37_t4,0.0,9.0,I,node43node37,4,timber
flow_timber_node43node37_t5,0.0,9.0,I,node43node37,5,timber
flow_wide_node43node37_t1,0.0,9.0,I,node43node37,1,wide
flow_wide_node43node37_t2,0.0,9.0,I,node43node37,2,wide
flow_wide_node43node37_t3,0.0,9.0,I,node43node37,3,wide
flow_wide_node43node37_t4,0.0,9.0,I,node43node37,4,wide
flow_wide_node43node37_t5,0.0,9.0,I,node43node37,5,wide
flow_timber_node43node84_t1,0.0,9.0,I,node43node84,1,timber
flow_timber_node43node84_t2,0.0,9.0,I,node43node84,2,timber
flow_timber_node43node84_t3,0.0,9.0,I,node43node84,3,timber
flow_timber_node43node84_t4,0.0,9.0,I,node43node84,4,timber
flow_timber_node43node84_t5,0.0,9.0,I,node43node84,5,timber
flow_wide_node43node84_t1,0.0,9.0,I,node43node84,1,wide
flow_wide_node43node84_t2,0.0,9.0,I,node43node84,2,wide
flow_wide_node43node84_t3,0.0,9.0,I,node43node84,3,wide
flow_wide_node43node84_t4,0.0,9.0,I,node43node84,4,wide
flow_wide_node43node84_t5,0.0,9.0,I,node43node84,5,wide
flow_timber_node43node85_t1,0.0,9.0,I,node43node85,1,timber
flow_timber_node43node85_t2,0.0,9.0,I,node43node85,2,timber
flow_timber_node43node85_t3,0.0,9.0,I,node43node85,3,timber
flow_timber_node43node85_t4,0.0,9.0,I,node43node85,4,timber
flow_timber_node43node85_t5,0.0,9.0,I,node43node85,5,timber
flow_wide_node43node85_t1,0.0,9.0,I,node43node85,1,wide
flow_wide_node43node85_t2,0.0,9.0,I,node43node85,2,wide
flow_wide_node43node85_t3,0.0,9.0,I,node43node85,3,wide
flow_wide_node43node85_t4,0.0,9.0,I,node43node85,4,wide
flow_wide_node43node85_t5,0.0,9.0,I,node43node85,5,wide
flow_timber_node84node10_t1,0.0,9.0,I,node84node10,1,timber
flow_timber_node84node10_t2,0.0,9.0,I,node84node10,2,timber
flow_timber_node84node10_t3,0.0,9.0,I,node84node10,3,timber
flow_timber_node84node10_t4,0.0,9.0,I,node84node10,4,timber
flow_timber_node84node10_t5,0.0,9.0,I,node84node10,5,timber
flow_wide_node84node10_t1,0.0,9.0,I,node84node10,1,wide
flow_wide_node84node10_t2,0.0,9.0,I,node84node10,2,wide
flow_wide_node84node10_t3,0.0,9.0,I,node84node10,3,wide
flow_wide_node84node10_t4,0.0,9.0,I,node84node10,4,wide
flow_wide_node84node10_t5,0.0,9.0,I,node84node10,5,wide
flow_timber_node84node14_t1,0.0,9.0,I,node84node14,1,timber
flow_timber_node84node14_t2,0.0,9.0,I,node84node14,2,timber
flow_timber_node84node14_t3,0.0,9.0,I,node84node14,3,timber
flow_timber_node84node14_t4,0.0,9.0,I,node84node14,4,timber
flow_timber_node84node14_t5,0.0,9.0,I,node84node14,5,timber
flow_wide_node84node14_t1,0.0,9.0,I,node84node14,1,wide
flow_wide_node84node14_t2,0.0,9.0,I,node84node14,2,wide
flow_wide_node84node14_t3,0.0,9.0,I,node84node14,3,wide
flow_wide_node84node14_t4,0.0,9.0,I,node84node14,4,wide
flow_wide_node84node14_t5,0.0,9.0,I,node84node14,5,wide
flow_timber_node84node23_t1,0.0,9.0,I,node84node23,1,timber
flow_timber_node84node23_t2,0.0,9.0,I,node84node23,2,timber
flow_timber_node84node23_t3,0.0,9.0,I,node84node23,3,timber
flow_timber_node84node23_t4,0.0,9.0,I,node84node23,4,timber
flow_timber_node84node23_t5,0.0,9.0,I,node84node23,5,timber
flow_wide_node84node23_t1,0.0,9.0,I,node84node23,1,wide
flow_wide_node84node23_t2,0.0,9.0,I,node84node23,2,wide
flow_wide_node84node23_t3,0.0,9.0,I,node84node23,3,wide
flow_wide_node84node23_t4,0.0,9.0,I,node84node23,4,wide
flow_wide_node84node23_t5,0.0,9.0,I,node84node23,5,wide
flow_timber_node84node26_t1,0.0,9.0,I,node84node26,1,timber
flow_timber_node84node26_t2,0.0,9.0,I,node84node26,2,timber
flow_timber_node84node26_t3,0.0,9.0,I,node84node26,3,timber
flow_timber_node84node26_t4,0.0,9.0,I,node84node26,4,timber
flow_timber_node84node26_t5,0.0,9.0,I,node84node26,5,timber
flow_wide_node84node26_t1,0.0,9.0,I,node84node26,1,wide
flow_wide_node84node26_t2,0.0,9.0,I,node84node26,2,wide
flow_wide_node84node26_t3,0.0,9.0,I,node84node26,3,wide
flow_wide_node84node26_t4,0.0,9.0,I,node84node26,4,wide
flow_wide_node84node26_t5,0.0,9.0,I,node84node26,5,wide
flow_timber_node84node27_t1,0.0,9.0,I,node84node27,1,timber
flow_timber_node84node27_t2,0.0,9.0,I,node84node27,2,timber
flow_timber_node84node27_t3,0.0,9.0,I,node84node27,3,timber
flow_timber_node84node27_t4,0.0,9.0,I,node84node27,4,timber
flow_timber_node84node27_t5,0.0,9.0,I,node84node27,5,timber
flow_wide_node84node27_t1,0.0,9.0,I,node84node27,1,wide
flow_wide_node84node27_t2,0.0,9.0,I,node84node27,2,wide
flow_wide_node84node27_t3,0.0,9.0,I,node84node27,3,wide
flow_wide_node84node27_t4,0.0,9.0,I,node84node27,4,wide
flow_wide_node84node27_t5,0.0,9.0,I,node84node27,5,wide
flow_timber_node84node37_t1,0.0,9.0,I,node84node37,1,timber
flow_timber_node84node37_t2,0.0,9.0,I,node84node37,2,timber
flow_timber_node84node37_t3,0.0,9.0,I,node84node37,3,timber
flow_timber_node84node37_t4,0.0,9.0,I,node84node37,4,timber
flow_timber_node84node37_t5,0.0,9.0,I,node84node37,5,timber
flow_wide_node84node37_t1,0.0,9.0,I,node84node37,1,wide
flow_wide_node84node37_t2,0.0,9.0,I,node84node37,2,wide
flow_wide_node84node37_t3,0.0,9.0,I,node84node37,3,wide
flow_wide_node84node37_t4,0.0,9.0,I,node84node37,4,wide
flow_wide_node84node37_t5,0.0,9.0,I,node84node37,5,wide
flow_timber_node84node43_t1,0.0,9.0,I,node84node43,1,timber
flow_timber_node84node43_t2,0.0,9.0,I,node84node43,2,timber
flow_timber_node84node43_t3,0.0,9.0,I,node84node43,3,timber
flow_timber_node84node43_t4,0.0,9.0,I,node84node43,4,timber
flow_timber_node84node43_t5,0.0,9.0,I,node84node43,5,timber
flow_wide_node84node43_t1,0.0,9.0,I,node84node43,1,wide
flow_wide_node84node43_t2,0.0,9.0,I,node84node43,2,wide
flow_wide_node84node43_t3,0.0,9.0,I,node84node43,3,wide
flow_wide_node84node43_t4,0.0,9.0,I,node84node43,4,wide
flow_wide_node84node43_t5,0.0,9.0,I,node84node43,5,wide
flow_timber_node84node54_t1,0.0,9.0,I,node84node54,1,timber
flow_timber_node84node54_t2,0.0,9.0,I,node84node54,2,timber
flow_timber_node84node54_t3,0.0,9.0,I,node84node54,3,timber
flow_timber_node84node54_t4,0.0,9.0,I,node84node54,4,timber
flow_timber_node84node54_t5,0.0,9.0,I,node84node54,5,timber
flow_wide_node84node54_t1,0.0,9.0,I,node84node54,1,wide
flow_wide_node84node54_t2,0.0,9.0,I,node84node54,2,wide
flow_wide_node84node54_t3,0.0,9.0,I,node84node54,3,wide
flow_wide_node84node54_t4,0.0,9.0,I,node84node54,4,wide
flow_wide_node84node54_t5,0.0,9.0,I,node84node54,5,wide
flow_timber_node84node65_t1,0.0,9.0,I,node84node65,1,timber
flow_timber_node84node65_t2,0.0,9.0,I,node84node65,2,timber
flow_timber_node84node65_t3,0.0,9.0,I,node84node65,3,timber
flow_timber_node84node65_t4,0.0,9.0,I,node84node65,4,timber
flow_timber_node84node65_t5,0.0,9.0,I,node84node65,5,timber
flow_wide_node84node65_t1,0.0,9.0,I,node84node65,1,wide
flow_wide_node84node65_t2,0.0,9.0,I,node84node65,2,wide
flow_wide_node84node65_t3,0.0,9.0,I,node84node65,3,wide
flow_wide_node84node65_t4,0.0,9.0,I,node84node65,4,wide
flow_wide_node84node65_t5,0.0,9.0,I,node84node65,5,wide
flow_timber_node84node66_t1,0.0,9.0,I,node84node66,1,timber
flow_timber_node84node66_t2,0.0,9.0,I,node84node66,2,timber
flow_timber_node84node66_t3,0.0,9.0,I,node84node66,3,timber
flow_timber_node84node66_t4,0.0,9.0,I,node84node66,4,timber
flow_timber_node84node66_t5,0.0,9.0,I,node84node66,5,timber
flow_wide_node84node66_t1,0.0,9.0,I,node84node66,1,wide
flow_wide_node84node66_t2,0.0,9.0,I,node84node66,2,wide
flow_wide_node84node66_t3,0.0,9.0,I,node84node66,3,wide
flow_wide_node84node66_t4,0.0,9.0,I,node84node66,4,wide
flow_wide_node84node66_t5,0.0,9.0,I,node84node66,5,wide
flow_timber_node33node11_t1,0.0,9.0,I,node33node11,1,timber
flow_timber_node33node11_t2,0.0,9.0,I,node33node11,2,timber
flow_timber_node33node11_t3,0.0,9.0,I,node33node11,3,timber
flow_timber_node33node11_t4,0.0,9.0,I,node33node11,4,timber
flow_timber_node33node11_t5,0.0,9.0,I,node33node11,5,timber
flow_wide_node33node11_t1,0.0,9.0,I,node33node11,1,wide
flow_wide_node33node11_t2,0.0,9.0,I,node33node11,2,wide
flow_wide_node33node11_t3,0.0,9.0,I,node33node11,3,wide
flow_wide_node33node11_t4,0.0,9.0,I,node33node11,4,wide
flow_wide_node33node11_t5,0.0,9.0,I,node33node11,5,wide
flow_timber_node33node32_t1,0.0,9.0,I,node33node32,1,timber
flow_timber_node33node32_t2,0.0,9.0,I,node33node32,2,timber
flow_timber_node33node32_t3,0.0,9.0,I,node33node32,3,timber
flow_timber_node33node32_t4,0.0,9.0,I,node33node32,4,timber
flow_timber_node33node32_t5,0.0,9.0,I,node33node32,5,timber
flow_wide_node33node32_t1,0.0,9.0,I,node33node32,1,wide
flow_wide_node33node32_t2,0.0,9.0,I,node33node32,2,wide
flow_wide_node33node32_t3,0.0,9.0,I,node33node32,3,wide
flow_wide_node33node32_t4,0.0,9.0,I,node33node32,4,wide
flow_wide_node33node32_t5,0.0,9.0,I,node33node32,5,wide
flow_timber_node33node57_t1,0.0,9.0,I,node33node57,1,timber
flow_timber_node33node57_t2,0.0,9.0,I,node33node57,2,timber
flow_timber_node33node57_t3,0.0,9.0,I,node33node57,3,timber
flow_timber_node33node57_t4,0.0,9.0,I,node33node57,4,timber
flow_timber_node33node57_t5,0.0,9.0,I,node33node57,5,timber
flow_wide_node33node57_t1,0.0,9.0,I,node33node57,1,wide
flow_wide_node33node57_t2,0.0,9.0,I,node33node57,2,wide
flow_wide_node33node57_t3,0.0,9.0,I,node33node57,3,wide
flow_wide_node33node57_t4,0.0,9.0,I,node33node57,4,wide
flow_wide_node33node57_t5,0.0,9.0,I,node33node57,5,wide
flow_timber_node33node75_t1,0.0,9.0,I,node33node75,1,timber
flow_timber_node33node75_t2,0.0,9.0,I,node33node75,2,timber
flow_timber_node33node75_t3,0.0,9.0,I,node33node75,3,timber
flow_timber_node33node75_t4,0.0,9.0,I,node33node75,4,timber
flow_timber_node33node75_t5,0.0,9.0,I,node33node75,5,timber
flow_wide_node33node75_t1,0.0,9.0,I,node33node75,1,wide
flow_wide_node33node75_t2,0.0,9.0,I,node33node75,2,wide
flow_wide_node33node75_t3,0.0,9.0,I,node33node75,3,wide
flow_wide_node33node75_t4,0.0,9.0,I,node33node75,4,wide
flow_wide_node33node75_t5,0.0,9.0,I,node33node75,5,wide
flow_timber_node33node83_t1,0.0,9.0,I,node33node83,1,timber
flow_timber_node33node83_t2,0.0,9.0,I,node33node83,2,timber
flow_timber_node33node83_t3,0.0,9.0,I,node33node83,3,timber
flow_timber_node33node83_t4,0.0,9.0,I,node33node83,4,timber
flow_timber_node33node83_t5,0.0,9.0,I,node33node83,5,timber
flow_wide_node33node83_t1,0.0,9.0,I,node33node83,1,wide
flow_wide_node33node83_t2,0.0,9.0,I,node33node83,2,wide
flow_wide_node33node83_t3,0.0,9.0,I,node33node83,3,wide
flow_wide_node33node83_t4,0.0,9.0,I,node33node83,4,wide
flow_wide_node33node83_t5,0.0,9.0,I,node33node83,5,wide
flow_timber_node49node12_t1,0.0,9.0,I,node49node12,1,timber
flow_timber_node49node12_t2,0.0,9.0,I,node49node12,2,timber
flow_timber_node49node12_t3,0.0,9.0,I,node49node12,3,timber
flow_timber_node49node12_t4,0.0,9.0,I,node49node12,4,timber
flow_timber_node49node12_t5,0.0,9.0,I,node49node12,5,timber
flow_wide_node49node12_t1,0.0,9.0,I,node49node12,1,wide
flow_wide_node49node12_t2,0.0,9.0,I,node49node12,2,wide
flow_wide_node49node12_t3,0.0,9.0,I,node49node12,3,wide
flow_wide_node49node12_t4,0.0,9.0,I,node49node12,4,wide
flow_wide_node49node12_t5,0.0,9.0,I,node49node12,5,wide
flow_timber_node49node25_t1,0.0,9.0,I,node49node25,1,timber
flow_timber_node49node25_t2,0.0,9.0,I,node49node25,2,timber
flow_timber_node49node25_t3,0.0,9.0,I,node49node25,3,timber
flow_timber_node49node25_t4,0.0,9.0,I,node49node25,4,timber
flow_timber_node49node25_t5,0.0,9.0,I,node49node25,5,timber
flow_wide_node49node25_t1,0.0,9.0,I,node49node25,1,wide
flow_wide_node49node25_t2,0.0,9.0,I,node49node25,2,wide
flow_wide_node49node25_t3,0.0,9.0,I,node49node25,3,wide
flow_wide_node49node25_t4,0.0,9.0,I,node49node25,4,wide
flow_wide_node49node25_t5,0.0,9.0,I,node49node25,5,wide
flow_timber_node49node55_t1,0.0,9.0,I,node49node55,1,timber
flow_timber_node49node55_t2,0.0,9.0,I,node49node55,2,timber
flow_timber_node49node55_t3,0.0,9.0,I,node49node55,3,timber
flow_timber_node49node55_t4,0.0,9.0,I,node49node55,4,timber
flow_timber_node49node55_t5,0.0,9.0,I,node49node55,5,timber
flow_wide_node49node55_t1,0.0,9.0,I,node49node55,1,wide
flow_wide_node49node55_t2,0.0,9.0,I,node49node55,2,wide
flow_wide_node49node55_t3,0.0,9.0,I,node49node55,3,wide
flow_wide_node49node55_t4,0.0,9.0,I,node49node55,4,wide
flow_wide_node49node55_t5,0.0,9.0,I,node49node55,5,wide
flow_timber_node49node72_t1,0.0,9.0,I,node49node72,1,timber
flow_timber_node49node72_t2,0.0,9.0,I,node49node72,2,timber
flow_timber_node49node72_t3,0.0,9.0,I,node49node72,3,timber
flow_timber_node49node72_t4,0.0,9.0,I,node49node72,4,timber
flow_timber_node49node72_t5,0.0,9.0,I,node49node72,5,timber
flow_wide_node49node72_t1,0.0,9.0,I,node49node72,1,wide
flow_wide_node49node72_t2,0.0,9.0,I,node49node72,2,wide
flow_wide_node49node72_t3,0.0,9.0,I,node49node72,3,wide
flow_wide_node49node72_t4,0.0,9.0,I,node49node72,4,wide
flow_wide_node49node72_t5,0.0,9.0,I,node49node72,5,wide
flow_timber_node49node75_t1,0.0,9.0,I,node49node75,1,timber
flow_timber_node49node75_t2,0.0,9.0,I,node49node75,2,timber
flow_timber_node49node75_t3,0.0,9.0,I,node49node75,3,timber
flow_timber_node49node75_t4,0.0,9.0,I,node49node75,4,timber
flow_timber_node49node75_t5,0.0,9.0,I,node49node75,5,timber
flow_wide_node49node75_t1,0.0,9.0,I,node49node75,1,wide
flow_wide_node49node75_t2,0.0,9.0,I,node49node75,2,wide
flow_wide_node49node75_t3,0.0,9.0,I,node49node75,3,wide
flow_wide_node49node75_t4,0.0,9.0,I,node49node75,4,wide
flow_wide_node49node75_t5,0.0,9.0,I,node49node75,5,wide
flow_timber_node72node12_t1,0.0,9.0,I,node72node12,1,timber
flow_timber_node72node12_t2,0.0,9.0,I,node72node12,2,timber
flow_timber_node72node12_t3,0.0,9.0,I,node72node12,3,timber
flow_timber_node72node12_t4,0.0,9.0,I,node72node12,4,timber
flow_timber_node72node12_t5,0.0,9.0,I,node72node12,5,timber
flow_wide_node72node12_t1,0.0,9.0,I,node72node12,1,wide
flow_wide_node72node12_t2,0.0,9.0,I,node72node12,2,wide
flow_wide_node72node12_t3,0.0,9.0,I,node72node12,3,wide
flow_wide_node72node12_t4,0.0,9.0,I,node72node12,4,wide
flow_wide_node72node12_t5,0.0,9.0,I,node72node12,5,wide
flow_timber_node72node25_t1,0.0,9.0,I,node72node25,1,timber
flow_timber_node72node25_t2,0.0,9.0,I,node72node25,2,timber
flow_timber_node72node25_t3,0.0,9.0,I,node72node25,3,timber
flow_timber_node72node25_t4,0.0,9.0,I,node72node25,4,timber
flow_timber_node72node25_t5,0.0,9.0,I,node72node25,5,timber
flow_wide_node72node25_t1,0.0,9.0,I,node72node25,1,wide
flow_wide_node72node25_t2,0.0,9.0,I,node72node25,2,wide
flow_wide_node72node25_t3,0.0,9.0,I,node72node25,3,wide
flow_wide_node72node25_t4,0.0,9.0,I,node72node25,4,wide
flow_wide_node72node25_t5,0.0,9.0,I,node72node25,5,wide
flow_timber_node72node49_t1,0.0,9.0,I,node72node49,1,timber
flow_timber_node72node49_t2,0.0,9.0,I,node72node49,2,timber
flow_timber_node72node49_t3,0.0,9.0,I,node72node49,3,timber
flow_timber_node72node49_t4,0.0,9.0,I,node72node49,4,timber
flow_timber_node72node49_t5,0.0,9.0,I,node72node49,5,timber
flow_wide_node72node49_t1,0.0,9.0,I,node72node49,1,wide
flow_wide_node72node49_t2,0.0,9.0,I,node72node49,2,wide
flow_wide_node72node49_t3,0.0,9.0,I,node72node49,3,wide
flow_wide_node72node49_t4,0.0,9.0,I,node72node49,4,wide
flow_wide_node72node49_t5,0.0,9.0,I,node72node49,5,wide
flow_timber_node13node14_t1,0.0,9.0,I,node13node14,1,timber
flow_timber_node13node14_t2,0.0,9.0,I,node13node14,2,timber
flow_timber_node13node14_t3,0.0,9.0,I,node13node14,3,timber
flow_timber_node13node14_t4,0.0,9.0,I,node13node14,4,timber
flow_timber_node13node14_t5,0.0,9.0,I,node13node14,5,timber
flow_wide_node13node14_t1,0.0,9.0,I,node13node14,1,wide
flow_wide_node13node14_t2,0.0,9.0,I,node13node14,2,wide
flow_wide_node13node14_t3,0.0,9.0,I,node13node14,3,wide
flow_wide_node13node14_t4,0.0,9.0,I,node13node14,4,wide
flow_wide_node13node14_t5,0.0,9.0,I,node13node14,5,wide
flow_timber_node13node30_t1,0.0,9.0,I,node13node30,1,timber
flow_timber_node13node30_t2,0.0,9.0,I,node13node30,2,timber
flow_timber_node13node30_t3,0.0,9.0,I,node13node30,3,timber
flow_timber_node13node30_t4,0.0,9.0,I,node13node30,4,timber
flow_timber_node13node30_t5,0.0,9.0,I,node13node30,5,timber
flow_wide_node13node30_t1,0.0,9.0,I,node13node30,1,wide
flow_wide_node13node30_t2,0.0,9.0,I,node13node30,2,wide
flow_wide_node13node30_t3,0.0,9.0,I,node13node30,3,wide
flow_wide_node13node30_t4,0.0,9.0,I,node13node30,4,wide
flow_wide_node13node30_t5,0.0,9.0,I,node13node30,5,wide
flow_timber_node13node34_t1,0.0,9.0,I,node13node34,1,timber
flow_timber_node13node34_t2,0.0,9.0,I,node13node34,2,timber
flow_timber_node13node34_t3,0.0,9.0,I,node13node34,3,timber
flow_timber_node13node34_t4,0.0,9.0,I,node13node34,4,timber
flow_timber_node13node34_t5,0.0,9.0,I,node13node34,5,timber
flow_wide_node13node34_t1,0.0,9.0,I,node13node34,1,wide
flow_wide_node13node34_t2,0.0,9.0,I,node13node34,2,wide
flow_wide_node13node34_t3,0.0,9.0,I,node13node34,3,wide
flow_wide_node13node34_t4,0.0,9.0,I,node13node34,4,wide
flow_wide_node13node34_t5,0.0,9.0,I,node13node34,5,wide
flow_timber_node13node21_t1,0.0,9.0,I,node13node21,1,timber
flow_timber_node13node21_t2,0.0,9.0,I,node13node21,2,timber
flow_timber_node13node21_t3,0.0,9.0,I,node13node21,3,timber
flow_timber_node13node21_t4,0.0,9.0,I,node13node21,4,timber
flow_timber_node13node21_t5,0.0,9.0,I,node13node21,5,timber
flow_wide_node13node21_t1,0.0,9.0,I,node13node21,1,wide
flow_wide_node13node21_t2,0.0,9.0,I,node13node21,2,wide
flow_wide_node13node21_t3,0.0,9.0,I,node13node21,3,wide
flow_wide_node13node21_t4,0.0,9.0,I,node13node21,4,wide
flow_wide_node13node21_t5,0.0,9.0,I,node13node21,5,wide
flow_timber_node13node85_t1,0.0,9.0,I,node13node85,1,timber
flow_timber_node13node85_t2,0.0,9.0,I,node13node85,2,timber
flow_timber_node13node85_t3,0.0,9.0,I,node13node85,3,timber
flow_timber_node13node85_t4,0.0,9.0,I,node13node85,4,timber
flow_timber_node13node85_t5,0.0,9.0,I,node13node85,5,timber
flow_wide_node13node85_t1,0.0,9.0,I,node13node85,1,wide
flow_wide_node13node85_t2,0.0,9.0,I,node13node85,2,wide
flow_wide_node13node85_t3,0.0,9.0,I,node13node85,3,wide
flow_wide_node13node85_t4,0.0,9.0,I,node13node85,4,wide
flow_wide_node13node85_t5,0.0,9.0,I,node13node85,5,wide
flow_timber_node13node86_t1,0.0,9.0,I,node13node86,1,timber
flow_timber_node13node86_t2,0.0,9.0,I,node13node86,2,timber
flow_timber_node13node86_t3,0.0,9.0,I,node13node86,3,timber
flow_timber_node13node86_t4,0.0,9.0,I,node13node86,4,timber
flow_timber_node13node86_t5,0.0,9.0,I,node13node86,5,timber
flow_wide_node13node86_t1,0.0,9.0,I,node13node86,1,wide
flow_wide_node13node86_t2,0.0,9.0,I,node13node86,2,wide
flow_wide_node13node86_t3,0.0,9.0,I,node13node86,3,wide
flow_wide_node13node86_t4,0.0,9.0,I,node13node86,4,wide
flow_wide_node13node86_t5,0.0,9.0,I,node13node86,5,wide
flow_timber_node13node88_t1,0.0,9.0,I,node13node88,1,timber
flow_timber_node13node88_t2,0.0,9.0,I,node13node88,2,timber
flow_timber_node13node88_t3,0.0,9.0,I,node13node88,3,timber
flow_timber_node13node88_t4,0.0,9.0,I,node13node88,4,timber
flow_timber_node13node88_t5,0.0,9.0,I,node13node88,5,timber
flow_wide_node13node88_t1,0.0,9.0,I,node13node88,1,wide
flow_wide_node13node88_t2,0.0,9.0,I,node13node88,2,wide
flow_wide_node13node88_t3,0.0,9.0,I,node13node88,3,wide
flow_wide_node13node88_t4,0.0,9.0,I,node13node88,4,wide
flow_wide_node13node88_t5,0.0,9.0,I,node13node88,5,wide
flow_timber_node34node13_t1,0.0,9.0,I,node34node13,1,timber
flow_timber_node34node13_t2,0.0,9.0,I,node34node13,2,timber
flow_timber_node34node13_t3,0.0,9.0,I,node34node13,3,timber
flow_timber_node34node13_t4,0.0,9.0,I,node34node13,4,timber
flow_timber_node34node13_t5,0.0,9.0,I,node34node13,5,timber
flow_wide_node34node13_t1,0.0,9.0,I,node34node13,1,wide
flow_wide_node34node13_t2,0.0,9.0,I,node34node13,2,wide
flow_wide_node34node13_t3,0.0,9.0,I,node34node13,3,wide
flow_wide_node34node13_t4,0.0,9.0,I,node34node13,4,wide
flow_wide_node34node13_t5,0.0,9.0,I,node34node13,5,wide
flow_timber_node34node69_t1,0.0,9.0,I,node34node69,1,timber
flow_timber_node34node69_t2,0.0,9.0,I,node34node69,2,timber
flow_timber_node34node69_t3,0.0,9.0,I,node34node69,3,timber
flow_timber_node34node69_t4,0.0,9.0,I,node34node69,4,timber
flow_timber_node34node69_t5,0.0,9.0,I,node34node69,5,timber
flow_wide_node34node69_t1,0.0,9.0,I,node34node69,1,wide
flow_wide_node34node69_t2,0.0,9.0,I,node34node69,2,wide
flow_wide_node34node69_t3,0.0,9.0,I,node34node69,3,wide
flow_wide_node34node69_t4,0.0,9.0,I,node34node69,4,wide
flow_wide_node34node69_t5,0.0,9.0,I,node34node69,5,wide
flow_timber_node34node71_t1,0.0,9.0,I,node34node71,1,timber
flow_timber_node34node71_t2,0.0,9.0,I,node34node71,2,timber
flow_timber_node34node71_t3,0.0,9.0,I,node34node71,3,timber
flow_timber_node34node71_t4,0.0,9.0,I,node34node71,4,timber
flow_timber_node34node71_t5,0.0,9.0,I,node34node71,5,timber
flow_wide_node34node71_t1,0.0,9.0,I,node34node71,1,wide
flow_wide_node34node71_t2,0.0,9.0,I,node34node71,2,wide
flow_wide_node34node71_t3,0.0,9.0,I,node34node71,3,wide
flow_wide_node34node71_t4,0.0,9.0,I,node34node71,4,wide
flow_wide_node34node71_t5,0.0,9.0,I,node34node71,5,wide
flow_timber_node34node88_t1,0.0,9.0,I,node34node88,1,timber
flow_timber_node34node88_t2,0.0,9.0,I,node34node88,2,timber
flow_timber_node34node88_t3,0.0,9.0,I,node34node88,3,timber
flow_timber_node34node88_t4,0.0,9.0,I,node34node88,4,timber
flow_timber_node34node88_t5,0.0,9.0,I,node34node88,5,timber
flow_wide_node34node88_t1,0.0,9.0,I,node34node88,1,wide
flow_wide_node34node88_t2,0.0,9.0,I,node34node88,2,wide
flow_wide_node34node88_t3,0.0,9.0,I,node34node88,3,wide
flow_wide_node34node88_t4,0.0,9.0,I,node34node88,4,wide
flow_wide_node34node88_t5,0.0,9.0,I,node34node88,5,wide
flow_timber_node34node89_t1,0.0,9.0,I,node34node89,1,timber
flow_timber_node34node89_t2,0.0,9.0,I,node34node89,2,timber
flow_timber_node34node89_t3,0.0,9.0,I,node34node89,3,timber
flow_timber_node34node89_t4,0.0,9.0,I,node34node89,4,timber
flow_timber_node34node89_t5,0.0,9.0,I,node34node89,5,timber
flow_wide_node34node89_t1,0.0,9.0,I,node34node89,1,wide
flow_wide_node34node89_t2,0.0,9.0,I,node34node89,2,wide
flow_wide_node34node89_t3,0.0,9.0,I,node34node89,3,wide
flow_wide_node34node89_t4,0.0,9.0,I,node34node89,4,wide
flow_wide_node34node89_t5,0.0,9.0,I,node34node89,5,wide
flow_timber_node21node13_t1,0.0,9.0,I,node21node13,1,timber
flow_timber_node21node13_t2,0.0,9.0,I,node21node13,2,timber
flow_timber_node21node13_t3,0.0,9.0,I,node21node13,3,timber
flow_timber_node21node13_t4,0.0,9.0,I,node21node13,4,timber
flow_timber_node21node13_t5,0.0,9.0,I,node21node13,5,timber
flow_wide_node21node13_t1,0.0,9.0,I,node21node13,1,wide
flow_wide_node21node13_t2,0.0,9.0,I,node21node13,2,wide
flow_wide_node21node13_t3,0.0,9.0,I,node21node13,3,wide
flow_wide_node21node13_t4,0.0,9.0,I,node21node13,4,wide
flow_wide_node21node13_t5,0.0,9.0,I,node21node13,5,wide
flow_timber_node21node70_t1,0.0,9.0,I,node21node70,1,timber
flow_timber_node21node70_t2,0.0,9.0,I,node21node70,2,timber
flow_timber_node21node70_t3,0.0,9.0,I,node21node70,3,timber
flow_timber_node21node70_t4,0.0,9.0,I,node21node70,4,timber
flow_timber_node21node70_t5,0.0,9.0,I,node21node70,5,timber
flow_wide_node21node70_t1,0.0,9.0,I,node21node70,1,wide
flow_wide_node21node70_t2,0.0,9.0,I,node21node70,2,wide
flow_wide_node21node70_t3,0.0,9.0,I,node21node70,3,wide
flow_wide_node21node70_t4,0.0,9.0,I,node21node70,4,wide
flow_wide_node21node70_t5,0.0,9.0,I,node21node70,5,wide
flow_timber_node21node68_t1,0.0,9.0,I,node21node68,1,timber
flow_timber_node21node68_t2,0.0,9.0,I,node21node68,2,timber
flow_timber_node21node68_t3,0.0,9.0,I,node21node68,3,timber
flow_timber_node21node68_t4,0.0,9.0,I,node21node68,4,timber
flow_timber_node21node68_t5,0.0,9.0,I,node21node68,5,timber
flow_wide_node21node68_t1,0.0,9.0,I,node21node68,1,wide
flow_wide_node21node68_t2,0.0,9.0,I,node21node68,2,wide
flow_wide_node21node68_t3,0.0,9.0,I,node21node68,3,wide
flow_wide_node21node68_t4,0.0,9.0,I,node21node68,4,wide
flow_wide_node21node68_t5,0.0,9.0,I,node21node68,5,wide
flow_timber_node21node86_t1,0.0,9.0,I,node21node86,1,timber
flow_timber_node21node86_t2,0.0,9.0,I,node21node86,2,timber
flow_timber_node21node86_t3,0.0,9.0,I,node21node86,3,timber
flow_timber_node21node86_t4,0.0,9.0,I,node21node86,4,timber
flow_timber_node21node86_t5,0.0,9.0,I,node21node86,5,timber
flow_wide_node21node86_t1,0.0,9.0,I,node21node86,1,wide
flow_wide_node21node86_t2,0.0,9.0,I,node21node86,2,wide
flow_wide_node21node86_t3,0.0,9.0,I,node21node86,3,wide
flow_wide_node21node86_t4,0.0,9.0,I,node21node86,4,wide
flow_wide_node21node86_t5,0.0,9.0,I,node21node86,5,wide
flow_timber_node21node89_t1,0.0,9.0,I,node21node89,1,timber
flow_timber_node21node89_t2,0.0,9.0,I,node21node89,2,timber
flow_timber_node21node89_t3,0.0,9.0,I,node21node89,3,timber
flow_timber_node21node89_t4,0.0,9.0,I,node21node89,4,timber
flow_timber_node21node89_t5,0.0,9.0,I,node21node89,5,timber
flow_wide_node21node89_t1,0.0,9.0,I,node21node89,1,wide
flow_wide_node21node89_t2,0.0,9.0,I,node21node89,2,wide
flow_wide_node21node89_t3,0.0,9.0,I,node21node89,3,wide
flow_wide_node21node89_t4,0.0,9.0,I,node21node89,4,wide
flow_wide_node21node89_t5,0.0,9.0,I,node21node89,5,wide
flow_timber_node86node13_t1,0.0,9.0,I,node86node13,1,timber
flow_timber_node86node13_t2,0.0,9.0,I,node86node13,2,timber
flow_timber_node86node13_t3,0.0,9.0,I,node86node13,3,timber
flow_timber_node86node13_t4,0.0,9.0,I,node86node13,4,timber
flow_timber_node86node13_t5,0.0,9.0,I,node86node13,5,timber
flow_wide_node86node13_t1,0.0,9.0,I,node86node13,1,wide
flow_wide_node86node13_t2,0.0,9.0,I,node86node13,2,wide
flow_wide_node86node13_t3,0.0,9.0,I,node86node13,3,wide
flow_wide_node86node13_t4,0.0,9.0,I,node86node13,4,wide
flow_wide_node86node13_t5,0.0,9.0,I,node86node13,5,wide
flow_timber_node86node14_t1,0.0,9.0,I,node86node14,1,timber
flow_timber_node86node14_t2,0.0,9.0,I,node86node14,2,timber
flow_timber_node86node14_t3,0.0,9.0,I,node86node14,3,timber
flow_timber_node86node14_t4,0.0,9.0,I,node86node14,4,timber
flow_timber_node86node14_t5,0.0,9.0,I,node86node14,5,timber
flow_wide_node86node14_t1,0.0,9.0,I,node86node14,1,wide
flow_wide_node86node14_t2,0.0,9.0,I,node86node14,2,wide
flow_wide_node86node14_t3,0.0,9.0,I,node86node14,3,wide
flow_wide_node86node14_t4,0.0,9.0,I,node86node14,4,wide
flow_wide_node86node14_t5,0.0,9.0,I,node86node14,5,wide
flow_timber_node86node21_t1,0.0,9.0,I,node86node21,1,timber
flow_timber_node86node21_t2,0.0,9.0,I,node86node21,2,timber
flow_timber_node86node21_t3,0.0,9.0,I,node86node21,3,timber
flow_timber_node86node21_t4,0.0,9.0,I,node86node21,4,timber
flow_timber_node86node21_t5,0.0,9.0,I,node86node21,5,timber
flow_wide_node86node21_t1,0.0,9.0,I,node86node21,1,wide
flow_wide_node86node21_t2,0.0,9.0,I,node86node21,2,wide
flow_wide_node86node21_t3,0.0,9.0,I,node86node21,3,wide
flow_wide_node86node21_t4,0.0,9.0,I,node86node21,4,wide
flow_wide_node86node21_t5,0.0,9.0,I,node86node21,5,wide
flow_timber_node86node23_t1,0.0,9.0,I,node86node23,1,timber
flow_timber_node86node23_t2,0.0,9.0,I,node86node23,2,timber
flow_timber_node86node23_t3,0.0,9.0,I,node86node23,3,timber
flow_timber_node86node23_t4,0.0,9.0,I,node86node23,4,timber
flow_timber_node86node23_t5,0.0,9.0,I,node86node23,5,timber
flow_wide_node86node23_t1,0.0,9.0,I,node86node23,1,wide
flow_wide_node86node23_t2,0.0,9.0,I,node86node23,2,wide
flow_wide_node86node23_t3,0.0,9.0,I,node86node23,3,wide
flow_wide_node86node23_t4,0.0,9.0,I,node86node23,4,wide
flow_wide_node86node23_t5,0.0,9.0,I,node86node23,5,wide
flow_timber_node86node26_t1,0.0,9.0,I,node86node26,1,timber
flow_timber_node86node26_t2,0.0,9.0,I,node86node26,2,timber
flow_timber_node86node26_t3,0.0,9.0,I,node86node26,3,timber
flow_timber_node86node26_t4,0.0,9.0,I,node86node26,4,timber
flow_timber_node86node26_t5,0.0,9.0,I,node86node26,5,timber
flow_wide_node86node26_t1,0.0,9.0,I,node86node26,1,wide
flow_wide_node86node26_t2,0.0,9.0,I,node86node26,2,wide
flow_wide_node86node26_t3,0.0,9.0,I,node86node26,3,wide
flow_wide_node86node26_t4,0.0,9.0,I,node86node26,4,wide
flow_wide_node86node26_t5,0.0,9.0,I,node86node26,5,wide
flow_timber_node86node48_t1,0.0,9.0,I,node86node48,1,timber
flow_timber_node86node48_t2,0.0,9.0,I,node86node48,2,timber
flow_timber_node86node48_t3,0.0,9.0,I,node86node48,3,timber
flow_timber_node86node48_t4,0.0,9.0,I,node86node48,4,timber
flow_timber_node86node48_t5,0.0,9.0,I,node86node48,5,timber
flow_wide_node86node48_t1,0.0,9.0,I,node86node48,1,wide
flow_wide_node86node48_t2,0.0,9.0,I,node86node48,2,wide
flow_wide_node86node48_t3,0.0,9.0,I,node86node48,3,wide
flow_wide_node86node48_t4,0.0,9.0,I,node86node48,4,wide
flow_wide_node86node48_t5,0.0,9.0,I,node86node48,5,wide
flow_timber_node86node68_t1,0.0,9.0,I,node86node68,1,timber
flow_timber_node86node68_t2,0.0,9.0,I,node86node68,2,timber
flow_timber_node86node68_t3,0.0,9.0,I,node86node68,3,timber
flow_timber_node86node68_t4,0.0,9.0,I,node86node68,4,timber
flow_timber_node86node68_t5,0.0,9.0,I,node86node68,5,timber
flow_wide_node86node68_t1,0.0,9.0,I,node86node68,1,wide
flow_wide_node86node68_t2,0.0,9.0,I,node86node68,2,wide
flow_wide_node86node68_t3,0.0,9.0,I,node86node68,3,wide
flow_wide_node86node68_t4,0.0,9.0,I,node86node68,4,wide
flow_wide_node86node68_t5,0.0,9.0,I,node86node68,5,wide
flow_timber_node26node14_t1,0.0,9.0,I,node26node14,1,timber
flow_timber_node26node14_t2,0.0,9.0,I,node26node14,2,timber
flow_timber_node26node14_t3,0.0,9.0,I,node26node14,3,timber
flow_timber_node26node14_t4,0.0,9.0,I,node26node14,4,timber
flow_timber_node26node14_t5,0.0,9.0,I,node26node14,5,timber
flow_wide_node26node14_t1,0.0,9.0,I,node26node14,1,wide
flow_wide_node26node14_t2,0.0,9.0,I,node26node14,2,wide
flow_wide_node26node14_t3,0.0,9.0,I,node26node14,3,wide
flow_wide_node26node14_t4,0.0,9.0,I,node26node14,4,wide
flow_wide_node26node14_t5,0.0,9.0,I,node26node14,5,wide
flow_timber_node26node23_t1,0.0,9.0,I,node26node23,1,timber
flow_timber_node26node23_t2,0.0,9.0,I,node26node23,2,timber
flow_timber_node26node23_t3,0.0,9.0,I,node26node23,3,timber
flow_timber_node26node23_t4,0.0,9.0,I,node26node23,4,timber
flow_timber_node26node23_t5,0.0,9.0,I,node26node23,5,timber
flow_wide_node26node23_t1,0.0,9.0,I,node26node23,1,wide
flow_wide_node26node23_t2,0.0,9.0,I,node26node23,2,wide
flow_wide_node26node23_t3,0.0,9.0,I,node26node23,3,wide
flow_wide_node26node23_t4,0.0,9.0,I,node26node23,4,wide
flow_wide_node26node23_t5,0.0,9.0,I,node26node23,5,wide
flow_timber_node26node84_t1,0.0,9.0,I,node26node84,1,timber
flow_timber_node26node84_t2,0.0,9.0,I,node26node84,2,timber
flow_timber_node26node84_t3,0.0,9.0,I,node26node84,3,timber
flow_timber_node26node84_t4,0.0,9.0,I,node26node84,4,timber
flow_timber_node26node84_t5,0.0,9.0,I,node26node84,5,timber
flow_wide_node26node84_t1,0.0,9.0,I,node26node84,1,wide
flow_wide_node26node84_t2,0.0,9.0,I,node26node84,2,wide
flow_wide_node26node84_t3,0.0,9.0,I,node26node84,3,wide
flow_wide_node26node84_t4,0.0,9.0,I,node26node84,4,wide
flow_wide_node26node84_t5,0.0,9.0,I,node26node84,5,wide
flow_timber_node26node86_t1,0.0,9.0,I,node26node86,1,timber
flow_timber_node26node86_t2,0.0,9.0,I,node26node86,2,timber
flow_timber_node26node86_t3,0.0,9.0,I,node26node86,3,timber
flow_timber_node26node86_t4,0.0,9.0,I,node26node86,4,timber
flow_timber_node26node86_t5,0.0,9.0,I,node26node86,5,timber
flow_wide_node26node86_t1,0.0,9.0,I,node26node86,1,wide
flow_wide_node26node86_t2,0.0,9.0,I,node26node86,2,wide
flow_wide_node26node86_t3,0.0,9.0,I,node26node86,3,wide
flow_wide_node26node86_t4,0.0,9.0,I,node26node86,4,wide
flow_wide_node26node86_t5,0.0,9.0,I,node26node86,5,wide
flow_timber_node15node46_t1,0.0,9.0,I,node15node46,1,timber
flow_timber_node15node46_t2,0.0,9.0,I,node15node46,2,timber
flow_timber_node15node46_t3,0.0,9.0,I,node15node46,3,timber
flow_timber_node15node46_t4,0.0,9.0,I,node15node46,4,timber
flow_timber_node15node46_t5,0.0,9.0,I,node15node46,5,timber
flow_wide_node15node46_t1,0.0,9.0,I,node15node46,1,wide
flow_wide_node15node46_t2,0.0,9.0,I,node15node46,2,wide
flow_wide_node15node46_t3,0.0,9.0,I,node15node46,3,wide
flow_wide_node15node46_t4,0.0,9.0,I,node15node46,4,wide
flow_wide_node15node46_t5,0.0,9.0,I,node15node46,5,wide
flow_timber_node15node41_t1,0.0,9.0,I,node15node41,1,timber
flow_timber_node15node41_t2,0.0,9.0,I,node15node41,2,timber
flow_timber_node15node41_t3,0.0,9.0,I,node15node41,3,timber
flow_timber_node15node41_t4,0.0,9.0,I,node15node41,4,timber
flow_timber_node15node41_t5,0.0,9.0,I,node15node41,5,timber
flow_wide_node15node41_t1,0.0,9.0,I,node15node41,1,wide
flow_wide_node15node41_t2,0.0,9.0,I,node15node41,2,wide
flow_wide_node15node41_t3,0.0,9.0,I,node15node41,3,wide
flow_wide_node15node41_t4,0.0,9.0,I,node15node41,4,wide
flow_wide_node15node41_t5,0.0,9.0,I,node15node41,5,wide
flow_timber_node15node76_t1,0.0,9.0,I,node15node76,1,timber
flow_timber_node15node76_t2,0.0,9.0,I,node15node76,2,timber
flow_timber_node15node76_t3,0.0,9.0,I,node15node76,3,timber
flow_timber_node15node76_t4,0.0,9.0,I,node15node76,4,timber
flow_timber_node15node76_t5,0.0,9.0,I,node15node76,5,timber
flow_wide_node15node76_t1,0.0,9.0,I,node15node76,1,wide
flow_wide_node15node76_t2,0.0,9.0,I,node15node76,2,wide
flow_wide_node15node76_t3,0.0,9.0,I,node15node76,3,wide
flow_wide_node15node76_t4,0.0,9.0,I,node15node76,4,wide
flow_wide_node15node76_t5,0.0,9.0,I,node15node76,5,wide
flow_timber_node41node15_t1,0.0,9.0,I,node41node15,1,timber
flow_timber_node41node15_t2,0.0,9.0,I,node41node15,2,timber
flow_timber_node41node15_t3,0.0,9.0,I,node41node15,3,timber
flow_timber_node41node15_t4,0.0,9.0,I,node41node15,4,timber
flow_timber_node41node15_t5,0.0,9.0,I,node41node15,5,timber
flow_wide_node41node15_t1,0.0,9.0,I,node41node15,1,wide
flow_wide_node41node15_t2,0.0,9.0,I,node41node15,2,wide
flow_wide_node41node15_t3,0.0,9.0,I,node41node15,3,wide
flow_wide_node41node15_t4,0.0,9.0,I,node41node15,4,wide
flow_wide_node41node15_t5,0.0,9.0,I,node41node15,5,wide
flow_timber_node41node17_t1,0.0,9.0,I,node41node17,1,timber
flow_timber_node41node17_t2,0.0,9.0,I,node41node17,2,timber
flow_timber_node41node17_t3,0.0,9.0,I,node41node17,3,timber
flow_timber_node41node17_t4,0.0,9.0,I,node41node17,4,timber
flow_timber_node41node17_t5,0.0,9.0,I,node41node17,5,timber
flow_wide_node41node17_t1,0.0,9.0,I,node41node17,1,wide
flow_wide_node41node17_t2,0.0,9.0,I,node41node17,2,wide
flow_wide_node41node17_t3,0.0,9.0,I,node41node17,3,wide
flow_wide_node41node17_t4,0.0,9.0,I,node41node17,4,wide
flow_wide_node41node17_t5,0.0,9.0,I,node41node17,5,wide
flow_timber_node41node20_t1,0.0,9.0,I,node41node20,1,timber
flow_timber_node41node20_t2,0.0,9.0,I,node41node20,2,timber
flow_timber_node41node20_t3,0.0,9.0,I,node41node20,3,timber
flow_timber_node41node20_t4,0.0,9.0,I,node41node20,4,timber
flow_timber_node41node20_t5,0.0,9.0,I,node41node20,5,timber
flow_wide_node41node20_t1,0.0,9.0,I,node41node20,1,wide
flow_wide_node41node20_t2,0.0,9.0,I,node41node20,2,wide
flow_wide_node41node20_t3,0.0,9.0,I,node41node20,3,wide
flow_wide_node41node20_t4,0.0,9.0,I,node41node20,4,wide
flow_wide_node41node20_t5,0.0,9.0,I,node41node20,5,wide
flow_timber_node41node76_t1,0.0,9.0,I,node41node76,1,timber
flow_timber_node41node76_t2,0.0,9.0,I,node41node76,2,timber
flow_timber_node41node76_t3,0.0,9.0,I,node41node76,3,timber
flow_timber_node41node76_t4,0.0,9.0,I,node41node76,4,timber
flow_timber_node41node76_t5,0.0,9.0,I,node41node76,5,timber
flow_wide_node41node76_t1,0.0,9.0,I,node41node76,1,wide
flow_wide_node41node76_t2,0.0,9.0,I,node41node76,2,wide
flow_wide_node41node76_t3,0.0,9.0,I,node41node76,3,wide
flow_wide_node41node76_t4,0.0,9.0,I,node41node76,4,wide
flow_wide_node41node76_t5,0.0,9.0,I,node41node76,5,wide
flow_timber_node41node79_t1,0.0,9.0,I,node41node79,1,timber
flow_timber_node41node79_t2,0.0,9.0,I,node41node79,2,timber
flow_timber_node41node79_t3,0.0,9.0,I,node41node79,3,timber
flow_timber_node41node79_t4,0.0,9.0,I,node41node79,4,timber
flow_timber_node41node79_t5,0.0,9.0,I,node41node79,5,timber
flow_wide_node41node79_t1,0.0,9.0,I,node41node79,1,wide
flow_wide_node41node79_t2,0.0,9.0,I,node41node79,2,wide
flow_wide_node41node79_t3,0.0,9.0,I,node41node79,3,wide
flow_wide_node41node79_t4,0.0,9.0,I,node41node79,4,wide
flow_wide_node41node79_t5,0.0,9.0,I,node41node79,5,wide
flow_timber_node16node40_t1,0.0,9.0,I,node16node40,1,timber
flow_timber_node16node40_t2,0.0,9.0,I,node16node40,2,timber
flow_timber_node16node40_t3,0.0,9.0,I,node16node40,3,timber
flow_timber_node16node40_t4,0.0,9.0,I,node16node40,4,timber
flow_timber_node16node40_t5,0.0,9.0,I,node16node40,5,timber
flow_wide_node16node40_t1,0.0,9.0,I,node16node40,1,wide
flow_wide_node16node40_t2,0.0,9.0,I,node16node40,2,wide
flow_wide_node16node40_t3,0.0,9.0,I,node16node40,3,wide
flow_wide_node16node40_t4,0.0,9.0,I,node16node40,4,wide
flow_wide_node16node40_t5,0.0,9.0,I,node16node40,5,wide
flow_timber_node16node29_t1,0.0,9.0,I,node16node29,1,timber
flow_timber_node16node29_t2,0.0,9.0,I,node16node29,2,timber
flow_timber_node16node29_t3,0.0,9.0,I,node16node29,3,timber
flow_timber_node16node29_t4,0.0,9.0,I,node16node29,4,timber
flow_timber_node16node29_t5,0.0,9.0,I,node16node29,5,timber
flow_wide_node16node29_t1,0.0,9.0,I,node16node29,1,wide
flow_wide_node16node29_t2,0.0,9.0,I,node16node29,2,wide
flow_wide_node16node29_t3,0.0,9.0,I,node16node29,3,wide
flow_wide_node16node29_t4,0.0,9.0,I,node16node29,4,wide
flow_wide_node16node29_t5,0.0,9.0,I,node16node29,5,wide
flow_timber_node16node75_t1,0.0,9.0,I,node16node75,1,timber
flow_timber_node16node75_t2,0.0,9.0,I,node16node75,2,timber
flow_timber_node16node75_t3,0.0,9.0,I,node16node75,3,timber
flow_timber_node16node75_t4,0.0,9.0,I,node16node75,4,timber
flow_timber_node16node75_t5,0.0,9.0,I,node16node75,5,timber
flow_wide_node16node75_t1,0.0,9.0,I,node16node75,1,wide
flow_wide_node16node75_t2,0.0,9.0,I,node16node75,2,wide
flow_wide_node16node75_t3,0.0,9.0,I,node16node75,3,wide
flow_wide_node16node75_t4,0.0,9.0,I,node16node75,4,wide
flow_wide_node16node75_t5,0.0,9.0,I,node16node75,5,wide
flow_timber_node16node77_t1,0.0,9.0,I,node16node77,1,timber
flow_timber_node16node77_t2,0.0,9.0,I,node16node77,2,timber
flow_timber_node16node77_t3,0.0,9.0,I,node16node77,3,timber
flow_timber_node16node77_t4,0.0,9.0,I,node16node77,4,timber
flow_timber_node16node77_t5,0.0,9.0,I,node16node77,5,timber
flow_wide_node16node77_t1,0.0,9.0,I,node16node77,1,wide
flow_wide_node16node77_t2,0.0,9.0,I,node16node77,2,wide
flow_wide_node16node77_t3,0.0,9.0,I,node16node77,3,wide
flow_wide_node16node77_t4,0.0,9.0,I,node16node77,4,wide
flow_wide_node16node77_t5,0.0,9.0,I,node16node77,5,wide
flow_timber_node77node16_t1,0.0,9.0,I,node77node16,1,timber
flow_timber_node77node16_t2,0.0,9.0,I,node77node16,2,timber
flow_timber_node77node16_t3,0.0,9.0,I,node77node16,3,timber
flow_timber_node77node16_t4,0.0,9.0,I,node77node16,4,timber
flow_timber_node77node16_t5,0.0,9.0,I,node77node16,5,timber
flow_wide_node77node16_t1,0.0,9.0,I,node77node16,1,wide
flow_wide_node77node16_t2,0.0,9.0,I,node77node16,2,wide
flow_wide_node77node16_t3,0.0,9.0,I,node77node16,3,wide
flow_wide_node77node16_t4,0.0,9.0,I,node77node16,4,wide
flow_wide_node77node16_t5,0.0,9.0,I,node77node16,5,wide
flow_timber_node77node29_t1,0.0,9.0,I,node77node29,1,timber
flow_timber_node77node29_t2,0.0,9.0,I,node77node29,2,timber
flow_timber_node77node29_t3,0.0,9.0,I,node77node29,3,timber
flow_timber_node77node29_t4,0.0,9.0,I,node77node29,4,timber
flow_timber_node77node29_t5,0.0,9.0,I,node77node29,5,timber
flow_wide_node77node29_t1,0.0,9.0,I,node77node29,1,wide
flow_wide_node77node29_t2,0.0,9.0,I,node77node29,2,wide
flow_wide_node77node29_t3,0.0,9.0,I,node77node29,3,wide
flow_wide_node77node29_t4,0.0,9.0,I,node77node29,4,wide
flow_wide_node77node29_t5,0.0,9.0,I,node77node29,5,wide
flow_timber_node77node35_t1,0.0,9.0,I,node77node35,1,timber
flow_timber_node77node35_t2,0.0,9.0,I,node77node35,2,timber
flow_timber_node77node35_t3,0.0,9.0,I,node77node35,3,timber
flow_timber_node77node35_t4,0.0,9.0,I,node77node35,4,timber
flow_timber_node77node35_t5,0.0,9.0,I,node77node35,5,timber
flow_wide_node77node35_t1,0.0,9.0,I,node77node35,1,wide
flow_wide_node77node35_t2,0.0,9.0,I,node77node35,2,wide
flow_wide_node77node35_t3,0.0,9.0,I,node77node35,3,wide
flow_wide_node77node35_t4,0.0,9.0,I,node77node35,4,wide
flow_wide_node77node35_t5,0.0,9.0,I,node77node35,5,wide
flow_timber_node77node40_t1,0.0,9.0,I,node77node40,1,timber
flow_timber_node77node40_t2,0.0,9.0,I,node77node40,2,timber
flow_timber_node77node40_t3,0.0,9.0,I,node77node40,3,timber
flow_timber_node77node40_t4,0.0,9.0,I,node77node40,4,timber
flow_timber_node77node40_t5,0.0,9.0,I,node77node40,5,timber
flow_wide_node77node40_t1,0.0,9.0,I,node77node40,1,wide
flow_wide_node77node40_t2,0.0,9.0,I,node77node40,2,wide
flow_wide_node77node40_t3,0.0,9.0,I,node77node40,3,wide
flow_wide_node77node40_t4,0.0,9.0,I,node77node40,4,wide
flow_wide_node77node40_t5,0.0,9.0,I,node77node40,5,wide
flow_timber_node77node45_t1,0.0,9.0,I,node77node45,1,timber
flow_timber_node77node45_t2,0.0,9.0,I,node77node45,2,timber
flow_timber_node77node45_t3,0.0,9.0,I,node77node45,3,timber
flow_timber_node77node45_t4,0.0,9.0,I,node77node45,4,timber
flow_timber_node77node45_t5,0.0,9.0,I,node77node45,5,timber
flow_wide_node77node45_t1,0.0,9.0,I,node77node45,1,wide
flow_wide_node77node45_t2,0.0,9.0,I,node77node45,2,wide
flow_wide_node77node45_t3,0.0,9.0,I,node77node45,3,wide
flow_wide_node77node45_t4,0.0,9.0,I,node77node45,4,wide
flow_wide_node77node45_t5,0.0,9.0,I,node77node45,5,wide
flow_timber_node60node17_t1,0.0,9.0,I,node60node17,1,timber
flow_timber_node60node17_t2,0.0,9.0,I,node60node17,2,timber
flow_timber_node60node17_t3,0.0,9.0,I,node60node17,3,timber
flow_timber_node60node17_t4,0.0,9.0,I,node60node17,4,timber
flow_timber_node60node17_t5,0.0,9.0,I,node60node17,5,timber
flow_wide_node60node17_t1,0.0,9.0,I,node60node17,1,wide
flow_wide_node60node17_t2,0.0,9.0,I,node60node17,2,wide
flow_wide_node60node17_t3,0.0,9.0,I,node60node17,3,wide
flow_wide_node60node17_t4,0.0,9.0,I,node60node17,4,wide
flow_wide_node60node17_t5,0.0,9.0,I,node60node17,5,wide
flow_timber_node60node51_t1,0.0,9.0,I,node60node51,1,timber
flow_timber_node60node51_t2,0.0,9.0,I,node60node51,2,timber
flow_timber_node60node51_t3,0.0,9.0,I,node60node51,3,timber
flow_timber_node60node51_t4,0.0,9.0,I,node60node51,4,timber
flow_timber_node60node51_t5,0.0,9.0,I,node60node51,5,timber
flow_wide_node60node51_t1,0.0,9.0,I,node60node51,1,wide
flow_wide_node60node51_t2,0.0,9.0,I,node60node51,2,wide
flow_wide_node60node51_t3,0.0,9.0,I,node60node51,3,wide
flow_wide_node60node51_t4,0.0,9.0,I,node60node51,4,wide
flow_wide_node60node51_t5,0.0,9.0,I,node60node51,5,wide
flow_timber_node60node79_t1,0.0,9.0,I,node60node79,1,timber
flow_timber_node60node79_t2,0.0,9.0,I,node60node79,2,timber
flow_timber_node60node79_t3,0.0,9.0,I,node60node79,3,timber
flow_timber_node60node79_t4,0.0,9.0,I,node60node79,4,timber
flow_timber_node60node79_t5,0.0,9.0,I,node60node79,5,timber
flow_wide_node60node79_t1,0.0,9.0,I,node60node79,1,wide
flow_wide_node60node79_t2,0.0,9.0,I,node60node79,2,wide
flow_wide_node60node79_t3,0.0,9.0,I,node60node79,3,wide
flow_wide_node60node79_t4,0.0,9.0,I,node60node79,4,wide
flow_wide_node60node79_t5,0.0,9.0,I,node60node79,5,wide
flow_timber_node60node81_t1,0.0,9.0,I,node60node81,1,timber
flow_timber_node60node81_t2,0.0,9.0,I,node60node81,2,timber
flow_timber_node60node81_t3,0.0,9.0,I,node60node81,3,timber
flow_timber_node60node81_t4,0.0,9.0,I,node60node81,4,timber
flow_timber_node60node81_t5,0.0,9.0,I,node60node81,5,timber
flow_wide_node60node81_t1,0.0,9.0,I,node60node81,1,wide
flow_wide_node60node81_t2,0.0,9.0,I,node60node81,2,wide
flow_wide_node60node81_t3,0.0,9.0,I,node60node81,3,wide
flow_wide_node60node81_t4,0.0,9.0,I,node60node81,4,wide
flow_wide_node60node81_t5,0.0,9.0,I,node60node81,5,wide
flow_timber_node50node18_t1,0.0,9.0,I,node50node18,1,timber
flow_timber_node50node18_t2,0.0,9.0,I,node50node18,2,timber
flow_timber_node50node18_t3,0.0,9.0,I,node50node18,3,timber
flow_timber_node50node18_t4,0.0,9.0,I,node50node18,4,timber
flow_timber_node50node18_t5,0.0,9.0,I,node50node18,5,timber
flow_wide_node50node18_t1,0.0,9.0,I,node50node18,1,wide
flow_wide_node50node18_t2,0.0,9.0,I,node50node18,2,wide
flow_wide_node50node18_t3,0.0,9.0,I,node50node18,3,wide
flow_wide_node50node18_t4,0.0,9.0,I,node50node18,4,wide
flow_wide_node50node18_t5,0.0,9.0,I,node50node18,5,wide
flow_timber_node50node28_t1,0.0,9.0,I,node50node28,1,timber
flow_timber_node50node28_t2,0.0,9.0,I,node50node28,2,timber
flow_timber_node50node28_t3,0.0,9.0,I,node50node28,3,timber
flow_timber_node50node28_t4,0.0,9.0,I,node50node28,4,timber
flow_timber_node50node28_t5,0.0,9.0,I,node50node28,5,timber
flow_wide_node50node28_t1,0.0,9.0,I,node50node28,1,wide
flow_wide_node50node28_t2,0.0,9.0,I,node50node28,2,wide
flow_wide_node50node28_t3,0.0,9.0,I,node50node28,3,wide
flow_wide_node50node28_t4,0.0,9.0,I,node50node28,4,wide
flow_wide_node50node28_t5,0.0,9.0,I,node50node28,5,wide
flow_timber_node50node36_t1,0.0,9.0,I,node50node36,1,timber
flow_timber_node50node36_t2,0.0,9.0,I,node50node36,2,timber
flow_timber_node50node36_t3,0.0,9.0,I,node50node36,3,timber
flow_timber_node50node36_t4,0.0,9.0,I,node50node36,4,timber
flow_timber_node50node36_t5,0.0,9.0,I,node50node36,5,timber
flow_wide_node50node36_t1,0.0,9.0,I,node50node36,1,wide
flow_wide_node50node36_t2,0.0,9.0,I,node50node36,2,wide
flow_wide_node50node36_t3,0.0,9.0,I,node50node36,3,wide
flow_wide_node50node36_t4,0.0,9.0,I,node50node36,4,wide
flow_wide_node50node36_t5,0.0,9.0,I,node50node36,5,wide
flow_timber_node50node87_t1,0.0,9.0,I,node50node87,1,timber
flow_timber_node50node87_t2,0.0,9.0,I,node50node87,2,timber
flow_timber_node50node87_t3,0.0,9.0,I,node50node87,3,timber
flow_timber_node50node87_t4,0.0,9.0,I,node50node87,4,timber
flow_timber_node50node87_t5,0.0,9.0,I,node50node87,5,timber
flow_wide_node50node87_t1,0.0,9.0,I,node50node87,1,wide
flow_wide_node50node87_t2,0.0,9.0,I,node50node87,2,wide
flow_wide_node50node87_t3,0.0,9.0,I,node50node87,3,wide
flow_wide_node50node87_t4,0.0,9.0,I,node50node87,4,wide
flow_wide_node50node87_t5,0.0,9.0,I,node50node87,5,wide
flow_timber_node50node89_t1,0.0,9.0,I,node50node89,1,timber
flow_timber_node50node89_t2,0.0,9.0,I,node50node89,2,timber
flow_timber_node50node89_t3,0.0,9.0,I,node50node89,3,timber
flow_timber_node50node89_t4,0.0,9.0,I,node50node89,4,timber
flow_timber_node50node89_t5,0.0,9.0,I,node50node89,5,timber
flow_wide_node50node89_t1,0.0,9.0,I,node50node89,1,wide
flow_wide_node50node89_t2,0.0,9.0,I,node50node89,2,wide
flow_wide_node50node89_t3,0.0,9.0,I,node50node89,3,wide
flow_wide_node50node89_t4,0.0,9.0,I,node50node89,4,wide
flow_wide_node50node89_t5,0.0,9.0,I,node50node89,5,wide
flow_timber_node50node91_t1,0.0,9.0,I,node50node91,1,timber
flow_timber_node50node91_t2,0.0,9.0,I,node50node91,2,timber
flow_timber_node50node91_t3,0.0,9.0,I,node50node91,3,timber
flow_timber_node50node91_t4,0.0,9.0,I,node50node91,4,timber
flow_timber_node50node91_t5,0.0,9.0,I,node50node91,5,timber
flow_wide_node50node91_t1,0.0,9.0,I,node50node91,1,wide
flow_wide_node50node91_t2,0.0,9.0,I,node50node91,2,wide
flow_wide_node50node91_t3,0.0,9.0,I,node50node91,3,wide
flow_wide_node50node91_t4,0.0,9.0,I,node50node91,4,wide
flow_wide_node50node91_t5,0.0,9.0,I,node50node91,5,wide
flow_timber_node69node18_t1,0.0,9.0,I,node69node18,1,timber
flow_timber_node69node18_t2,0.0,9.0,I,node69node18,2,timber
flow_timber_node69node18_t3,0.0,9.0,I,node69node18,3,timber
flow_timber_node69node18_t4,0.0,9.0,I,node69node18,4,timber
flow_timber_node69node18_t5,0.0,9.0,I,node69node18,5,timber
flow_wide_node69node18_t1,0.0,9.0,I,node69node18,1,wide
flow_wide_node69node18_t2,0.0,9.0,I,node69node18,2,wide
flow_wide_node69node18_t3,0.0,9.0,I,node69node18,3,wide
flow_wide_node69node18_t4,0.0,9.0,I,node69node18,4,wide
flow_wide_node69node18_t5,0.0,9.0,I,node69node18,5,wide
flow_timber_node69node34_t1,0.0,9.0,I,node69node34,1,timber
flow_timber_node69node34_t2,0.0,9.0,I,node69node34,2,timber
flow_timber_node69node34_t3,0.0,9.0,I,node69node34,3,timber
flow_timber_node69node34_t4,0.0,9.0,I,node69node34,4,timber
flow_timber_node69node34_t5,0.0,9.0,I,node69node34,5,timber
flow_wide_node69node34_t1,0.0,9.0,I,node69node34,1,wide
flow_wide_node69node34_t2,0.0,9.0,I,node69node34,2,wide
flow_wide_node69node34_t3,0.0,9.0,I,node69node34,3,wide
flow_wide_node69node34_t4,0.0,9.0,I,node69node34,4,wide
flow_wide_node69node34_t5,0.0,9.0,I,node69node34,5,wide
flow_timber_node69node88_t1,0.0,9.0,I,node69node88,1,timber
flow_timber_node69node88_t2,0.0,9.0,I,node69node88,2,timber
flow_timber_node69node88_t3,0.0,9.0,I,node69node88,3,timber
flow_timber_node69node88_t4,0.0,9.0,I,node69node88,4,timber
flow_timber_node69node88_t5,0.0,9.0,I,node69node88,5,timber
flow_wide_node69node88_t1,0.0,9.0,I,node69node88,1,wide
flow_wide_node69node88_t2,0.0,9.0,I,node69node88,2,wide
flow_wide_node69node88_t3,0.0,9.0,I,node69node88,3,wide
flow_wide_node69node88_t4,0.0,9.0,I,node69node88,4,wide
flow_wide_node69node88_t5,0.0,9.0,I,node69node88,5,wide
flow_timber_node69node89_t1,0.0,9.0,I,node69node89,1,timber
flow_timber_node69node89_t2,0.0,9.0,I,node69node89,2,timber
flow_timber_node69node89_t3,0.0,9.0,I,node69node89,3,timber
flow_timber_node69node89_t4,0.0,9.0,I,node69node89,4,timber
flow_timber_node69node89_t5,0.0,9.0,I,node69node89,5,timber
flow_wide_node69node89_t1,0.0,9.0,I,node69node89,1,wide
flow_wide_node69node89_t2,0.0,9.0,I,node69node89,2,wide
flow_wide_node69node89_t3,0.0,9.0,I,node69node89,3,wide
flow_wide_node69node89_t4,0.0,9.0,I,node69node89,4,wide
flow_wide_node69node89_t5,0.0,9.0,I,node69node89,5,wide
flow_timber_node89node18_t1,0.0,9.0,I,node89node18,1,timber
flow_timber_node89node18_t2,0.0,9.0,I,node89node18,2,timber
flow_timber_node89node18_t3,0.0,9.0,I,node89node18,3,timber
flow_timber_node89node18_t4,0.0,9.0,I,node89node18,4,timber
flow_timber_node89node18_t5,0.0,9.0,I,node89node18,5,timber
flow_wide_node89node18_t1,0.0,9.0,I,node89node18,1,wide
flow_wide_node89node18_t2,0.0,9.0,I,node89node18,2,wide
flow_wide_node89node18_t3,0.0,9.0,I,node89node18,3,wide
flow_wide_node89node18_t4,0.0,9.0,I,node89node18,4,wide
flow_wide_node89node18_t5,0.0,9.0,I,node89node18,5,wide
flow_timber_node89node21_t1,0.0,9.0,I,node89node21,1,timber
flow_timber_node89node21_t2,0.0,9.0,I,node89node21,2,timber
flow_timber_node89node21_t3,0.0,9.0,I,node89node21,3,timber
flow_timber_node89node21_t4,0.0,9.0,I,node89node21,4,timber
flow_timber_node89node21_t5,0.0,9.0,I,node89node21,5,timber
flow_wide_node89node21_t1,0.0,9.0,I,node89node21,1,wide
flow_wide_node89node21_t2,0.0,9.0,I,node89node21,2,wide
flow_wide_node89node21_t3,0.0,9.0,I,node89node21,3,wide
flow_wide_node89node21_t4,0.0,9.0,I,node89node21,4,wide
flow_wide_node89node21_t5,0.0,9.0,I,node89node21,5,wide
flow_timber_node89node22_t1,0.0,9.0,I,node89node22,1,timber
flow_timber_node89node22_t2,0.0,9.0,I,node89node22,2,timber
flow_timber_node89node22_t3,0.0,9.0,I,node89node22,3,timber
flow_timber_node89node22_t4,0.0,9.0,I,node89node22,4,timber
flow_timber_node89node22_t5,0.0,9.0,I,node89node22,5,timber
flow_wide_node89node22_t1,0.0,9.0,I,node89node22,1,wide
flow_wide_node89node22_t2,0.0,9.0,I,node89node22,2,wide
flow_wide_node89node22_t3,0.0,9.0,I,node89node22,3,wide
flow_wide_node89node22_t4,0.0,9.0,I,node89node22,4,wide
flow_wide_node89node22_t5,0.0,9.0,I,node89node22,5,wide
flow_timber_node89node28_t1,0.0,9.0,I,node89node28,1,timber
flow_timber_node89node28_t2,0.0,9.0,I,node89node28,2,timber
flow_timber_node89node28_t3,0.0,9.0,I,node89node28,3,timber
flow_timber_node89node28_t4,0.0,9.0,I,node89node28,4,timber
flow_timber_node89node28_t5,0.0,9.0,I,node89node28,5,timber
flow_wide_node89node28_t1,0.0,9.0,I,node89node28,1,wide
flow_wide_node89node28_t2,0.0,9.0,I,node89node28,2,wide
flow_wide_node89node28_t3,0.0,9.0,I,node89node28,3,wide
flow_wide_node89node28_t4,0.0,9.0,I,node89node28,4,wide
flow_wide_node89node28_t5,0.0,9.0,I,node89node28,5,wide
flow_timber_node89node31_t1,0.0,9.0,I,node89node31,1,timber
flow_timber_node89node31_t2,0.0,9.0,I,node89node31,2,timber
flow_timber_node89node31_t3,0.0,9.0,I,node89node31,3,timber
flow_timber_node89node31_t4,0.0,9.0,I,node89node31,4,timber
flow_timber_node89node31_t5,0.0,9.0,I,node89node31,5,timber
flow_wide_node89node31_t1,0.0,9.0,I,node89node31,1,wide
flow_wide_node89node31_t2,0.0,9.0,I,node89node31,2,wide
flow_wide_node89node31_t3,0.0,9.0,I,node89node31,3,wide
flow_wide_node89node31_t4,0.0,9.0,I,node89node31,4,wide
flow_wide_node89node31_t5,0.0,9.0,I,node89node31,5,wide
flow_timber_node89node34_t1,0.0,9.0,I,node89node34,1,timber
flow_timber_node89node34_t2,0.0,9.0,I,node89node34,2,timber
flow_timber_node89node34_t3,0.0,9.0,I,node89node34,3,timber
flow_timber_node89node34_t4,0.0,9.0,I,node89node34,4,timber
flow_timber_node89node34_t5,0.0,9.0,I,node89node34,5,timber
flow_wide_node89node34_t1,0.0,9.0,I,node89node34,1,wide
flow_wide_node89node34_t2,0.0,9.0,I,node89node34,2,wide
flow_wide_node89node34_t3,0.0,9.0,I,node89node34,3,wide
flow_wide_node89node34_t4,0.0,9.0,I,node89node34,4,wide
flow_wide_node89node34_t5,0.0,9.0,I,node89node34,5,wide
flow_timber_node89node48_t1,0.0,9.0,I,node89node48,1,timber
flow_timber_node89node48_t2,0.0,9.0,I,node89node48,2,timber
flow_timber_node89node48_t3,0.0,9.0,I,node89node48,3,timber
flow_timber_node89node48_t4,0.0,9.0,I,node89node48,4,timber
flow_timber_node89node48_t5,0.0,9.0,I,node89node48,5,timber
flow_wide_node89node48_t1,0.0,9.0,I,node89node48,1,wide
flow_wide_node89node48_t2,0.0,9.0,I,node89node48,2,wide
flow_wide_node89node48_t3,0.0,9.0,I,node89node48,3,wide
flow_wide_node89node48_t4,0.0,9.0,I,node89node48,4,wide
flow_wide_node89node48_t5,0.0,9.0,I,node89node48,5,wide
flow_timber_node89node50_t1,0.0,9.0,I,node89node50,1,timber
flow_timber_node89node50_t2,0.0,9.0,I,node89node50,2,timber
flow_timber_node89node50_t3,0.0,9.0,I,node89node50,3,timber
flow_timber_node89node50_t4,0.0,9.0,I,node89node50,4,timber
flow_timber_node89node50_t5,0.0,9.0,I,node89node50,5,timber
flow_wide_node89node50_t1,0.0,9.0,I,node89node50,1,wide
flow_wide_node89node50_t2,0.0,9.0,I,node89node50,2,wide
flow_wide_node89node50_t3,0.0,9.0,I,node89node50,3,wide
flow_wide_node89node50_t4,0.0,9.0,I,node89node50,4,wide
flow_wide_node89node50_t5,0.0,9.0,I,node89node50,5,wide
flow_timber_node89node68_t1,0.0,9.0,I,node89node68,1,timber
flow_timber_node89node68_t2,0.0,9.0,I,node89node68,2,timber
flow_timber_node89node68_t3,0.0,9.0,I,node89node68,3,timber
flow_timber_node89node68_t4,0.0,9.0,I,node89node68,4,timber
flow_timber_node89node68_t5,0.0,9.0,I,node89node68,5,timber
flow_wide_node89node68_t1,0.0,9.0,I,node89node68,1,wide
flow_wide_node89node68_t2,0.0,9.0,I,node89node68,2,wide
flow_wide_node89node68_t3,0.0,9.0,I,node89node68,3,wide
flow_wide_node89node68_t4,0.0,9.0,I,node89node68,4,wide
flow_wide_node89node68_t5,0.0,9.0,I,node89node68,5,wide
flow_timber_node89node69_t1,0.0,9.0,I,node89node69,1,timber
flow_timber_node89node69_t2,0.0,9.0,I,node89node69,2,timber
flow_timber_node89node69_t3,0.0,9.0,I,node89node69,3,timber
flow_timber_node89node69_t4,0.0,9.0,I,node89node69,4,timber
flow_timber_node89node69_t5,0.0,9.0,I,node89node69,5,timber
flow_wide_node89node69_t1,0.0,9.0,I,node89node69,1,wide
flow_wide_node89node69_t2,0.0,9.0,I,node89node69,2,wide
flow_wide_node89node69_t3,0.0,9.0,I,node89node69,3,wide
flow_wide_node89node69_t4,0.0,9.0,I,node89node69,4,wide
flow_wide_node89node69_t5,0.0,9.0,I,node89node69,5,wide
flow_timber_node89node70_t1,0.0,9.0,I,node89node70,1,timber
flow_timber_node89node70_t2,0.0,9.0,I,node89node70,2,timber
flow_timber_node89node70_t3,0.0,9.0,I,node89node70,3,timber
flow_timber_node89node70_t4,0.0,9.0,I,node89node70,4,timber
flow_timber_node89node70_t5,0.0,9.0,I,node89node70,5,timber
flow_wide_node89node70_t1,0.0,9.0,I,node89node70,1,wide
flow_wide_node89node70_t2,0.0,9.0,I,node89node70,2,wide
flow_wide_node89node70_t3,0.0,9.0,I,node89node70,3,wide
flow_wide_node89node70_t4,0.0,9.0,I,node89node70,4,wide
flow_wide_node89node70_t5,0.0,9.0,I,node89node70,5,wide
flow_timber_node89node71_t1,0.0,9.0,I,node89node71,1,timber
flow_timber_node89node71_t2,0.0,9.0,I,node89node71,2,timber
flow_timber_node89node71_t3,0.0,9.0,I,node89node71,3,timber
flow_timber_node89node71_t4,0.0,9.0,I,node89node71,4,timber
flow_timber_node89node71_t5,0.0,9.0,I,node89node71,5,timber
flow_wide_node89node71_t1,0.0,9.0,I,node89node71,1,wide
flow_wide_node89node71_t2,0.0,9.0,I,node89node71,2,wide
flow_wide_node89node71_t3,0.0,9.0,I,node89node71,3,wide
flow_wide_node89node71_t4,0.0,9.0,I,node89node71,4,wide
flow_wide_node89node71_t5,0.0,9.0,I,node89node71,5,wide
flow_timber_node19node56_t1,0.0,9.0,I,node19node56,1,timber
flow_timber_node19node56_t2,0.0,9.0,I,node19node56,2,timber
flow_timber_node19node56_t3,0.0,9.0,I,node19node56,3,timber
flow_timber_node19node56_t4,0.0,9.0,I,node19node56,4,timber
flow_timber_node19node56_t5,0.0,9.0,I,node19node56,5,timber
flow_wide_node19node56_t1,0.0,9.0,I,node19node56,1,wide
flow_wide_node19node56_t2,0.0,9.0,I,node19node56,2,wide
flow_wide_node19node56_t3,0.0,9.0,I,node19node56,3,wide
flow_wide_node19node56_t4,0.0,9.0,I,node19node56,4,wide
flow_wide_node19node56_t5,0.0,9.0,I,node19node56,5,wide
flow_timber_node19node57_t1,0.0,9.0,I,node19node57,1,timber
flow_timber_node19node57_t2,0.0,9.0,I,node19node57,2,timber
flow_timber_node19node57_t3,0.0,9.0,I,node19node57,3,timber
flow_timber_node19node57_t4,0.0,9.0,I,node19node57,4,timber
flow_timber_node19node57_t5,0.0,9.0,I,node19node57,5,timber
flow_wide_node19node57_t1,0.0,9.0,I,node19node57,1,wide
flow_wide_node19node57_t2,0.0,9.0,I,node19node57,2,wide
flow_wide_node19node57_t3,0.0,9.0,I,node19node57,3,wide
flow_wide_node19node57_t4,0.0,9.0,I,node19node57,4,wide
flow_wide_node19node57_t5,0.0,9.0,I,node19node57,5,wide
flow_timber_node19node75_t1,0.0,9.0,I,node19node75,1,timber
flow_timber_node19node75_t2,0.0,9.0,I,node19node75,2,timber
flow_timber_node19node75_t3,0.0,9.0,I,node19node75,3,timber
flow_timber_node19node75_t4,0.0,9.0,I,node19node75,4,timber
flow_timber_node19node75_t5,0.0,9.0,I,node19node75,5,timber
flow_wide_node19node75_t1,0.0,9.0,I,node19node75,1,wide
flow_wide_node19node75_t2,0.0,9.0,I,node19node75,2,wide
flow_wide_node19node75_t3,0.0,9.0,I,node19node75,3,wide
flow_wide_node19node75_t4,0.0,9.0,I,node19node75,4,wide
flow_wide_node19node75_t5,0.0,9.0,I,node19node75,5,wide
flow_timber_node56node19_t1,0.0,9.0,I,node56node19,1,timber
flow_timber_node56node19_t2,0.0,9.0,I,node56node19,2,timber
flow_timber_node56node19_t3,0.0,9.0,I,node56node19,3,timber
flow_timber_node56node19_t4,0.0,9.0,I,node56node19,4,timber
flow_timber_node56node19_t5,0.0,9.0,I,node56node19,5,timber
flow_wide_node56node19_t1,0.0,9.0,I,node56node19,1,wide
flow_wide_node56node19_t2,0.0,9.0,I,node56node19,2,wide
flow_wide_node56node19_t3,0.0,9.0,I,node56node19,3,wide
flow_wide_node56node19_t4,0.0,9.0,I,node56node19,4,wide
flow_wide_node56node19_t5,0.0,9.0,I,node56node19,5,wide
flow_timber_node56node58_t1,0.0,9.0,I,node56node58,1,timber
flow_timber_node56node58_t2,0.0,9.0,I,node56node58,2,timber
flow_timber_node56node58_t3,0.0,9.0,I,node56node58,3,timber
flow_timber_node56node58_t4,0.0,9.0,I,node56node58,4,timber
flow_timber_node56node58_t5,0.0,9.0,I,node56node58,5,timber
flow_wide_node56node58_t1,0.0,9.0,I,node56node58,1,wide
flow_wide_node56node58_t2,0.0,9.0,I,node56node58,2,wide
flow_wide_node56node58_t3,0.0,9.0,I,node56node58,3,wide
flow_wide_node56node58_t4,0.0,9.0,I,node56node58,4,wide
flow_wide_node56node58_t5,0.0,9.0,I,node56node58,5,wide
flow_timber_node56node75_t1,0.0,9.0,I,node56node75,1,timber
flow_timber_node56node75_t2,0.0,9.0,I,node56node75,2,timber
flow_timber_node56node75_t3,0.0,9.0,I,node56node75,3,timber
flow_timber_node56node75_t4,0.0,9.0,I,node56node75,4,timber
flow_timber_node56node75_t5,0.0,9.0,I,node56node75,5,timber
flow_wide_node56node75_t1,0.0,9.0,I,node56node75,1,wide
flow_wide_node56node75_t2,0.0,9.0,I,node56node75,2,wide
flow_wide_node56node75_t3,0.0,9.0,I,node56node75,3,wide
flow_wide_node56node75_t4,0.0,9.0,I,node56node75,4,wide
flow_wide_node56node75_t5,0.0,9.0,I,node56node75,5,wide
flow_timber_node57node19_t1,0.0,9.0,I,node57node19,1,timber
flow_timber_node57node19_t2,0.0,9.0,I,node57node19,2,timber
flow_timber_node57node19_t3,0.0,9.0,I,node57node19,3,timber
flow_timber_node57node19_t4,0.0,9.0,I,node57node19,4,timber
flow_timber_node57node19_t5,0.0,9.0,I,node57node19,5,timber
flow_wide_node57node19_t1,0.0,9.0,I,node57node19,1,wide
flow_wide_node57node19_t2,0.0,9.0,I,node57node19,2,wide
flow_wide_node57node19_t3,0.0,9.0,I,node57node19,3,wide
flow_wide_node57node19_t4,0.0,9.0,I,node57node19,4,wide
flow_wide_node57node19_t5,0.0,9.0,I,node57node19,5,wide
flow_timber_node57node33_t1,0.0,9.0,I,node57node33,1,timber
flow_timber_node57node33_t2,0.0,9.0,I,node57node33,2,timber
flow_timber_node57node33_t3,0.0,9.0,I,node57node33,3,timber
flow_timber_node57node33_t4,0.0,9.0,I,node57node33,4,timber
flow_timber_node57node33_t5,0.0,9.0,I,node57node33,5,timber
flow_wide_node57node33_t1,0.0,9.0,I,node57node33,1,wide
flow_wide_node57node33_t2,0.0,9.0,I,node57node33,2,wide
flow_wide_node57node33_t3,0.0,9.0,I,node57node33,3,wide
flow_wide_node57node33_t4,0.0,9.0,I,node57node33,4,wide
flow_wide_node57node33_t5,0.0,9.0,I,node57node33,5,wide
flow_timber_node57node75_t1,0.0,9.0,I,node57node75,1,timber
flow_timber_node57node75_t2,0.0,9.0,I,node57node75,2,timber
flow_timber_node57node75_t3,0.0,9.0,I,node57node75,3,timber
flow_timber_node57node75_t4,0.0,9.0,I,node57node75,4,timber
flow_timber_node57node75_t5,0.0,9.0,I,node57node75,5,timber
flow_wide_node57node75_t1,0.0,9.0,I,node57node75,1,wide
flow_wide_node57node75_t2,0.0,9.0,I,node57node75,2,wide
flow_wide_node57node75_t3,0.0,9.0,I,node57node75,3,wide
flow_wide_node57node75_t4,0.0,9.0,I,node57node75,4,wide
flow_wide_node57node75_t5,0.0,9.0,I,node57node75,5,wide
flow_timber_node54node20_t1,0.0,9.0,I,node54node20,1,timber
flow_timber_node54node20_t2,0.0,9.0,I,node54node20,2,timber
flow_timber_node54node20_t3,0.0,9.0,I,node54node20,3,timber
flow_timber_node54node20_t4,0.0,9.0,I,node54node20,4,timber
flow_timber_node54node20_t5,0.0,9.0,I,node54node20,5,timber
flow_wide_node54node20_t1,0.0,9.0,I,node54node20,1,wide
flow_wide_node54node20_t2,0.0,9.0,I,node54node20,2,wide
flow_wide_node54node20_t3,0.0,9.0,I,node54node20,3,wide
flow_wide_node54node20_t4,0.0,9.0,I,node54node20,4,wide
flow_wide_node54node20_t5,0.0,9.0,I,node54node20,5,wide
flow_timber_node54node27_t1,0.0,9.0,I,node54node27,1,timber
flow_timber_node54node27_t2,0.0,9.0,I,node54node27,2,timber
flow_timber_node54node27_t3,0.0,9.0,I,node54node27,3,timber
flow_timber_node54node27_t4,0.0,9.0,I,node54node27,4,timber
flow_timber_node54node27_t5,0.0,9.0,I,node54node27,5,timber
flow_wide_node54node27_t1,0.0,9.0,I,node54node27,1,wide
flow_wide_node54node27_t2,0.0,9.0,I,node54node27,2,wide
flow_wide_node54node27_t3,0.0,9.0,I,node54node27,3,wide
flow_wide_node54node27_t4,0.0,9.0,I,node54node27,4,wide
flow_wide_node54node27_t5,0.0,9.0,I,node54node27,5,wide
flow_timber_node54node65_t1,0.0,9.0,I,node54node65,1,timber
flow_timber_node54node65_t2,0.0,9.0,I,node54node65,2,timber
flow_timber_node54node65_t3,0.0,9.0,I,node54node65,3,timber
flow_timber_node54node65_t4,0.0,9.0,I,node54node65,4,timber
flow_timber_node54node65_t5,0.0,9.0,I,node54node65,5,timber
flow_wide_node54node65_t1,0.0,9.0,I,node54node65,1,wide
flow_wide_node54node65_t2,0.0,9.0,I,node54node65,2,wide
flow_wide_node54node65_t3,0.0,9.0,I,node54node65,3,wide
flow_wide_node54node65_t4,0.0,9.0,I,node54node65,4,wide
flow_wide_node54node65_t5,0.0,9.0,I,node54node65,5,wide
flow_timber_node54node82_t1,0.0,9.0,I,node54node82,1,timber
flow_timber_node54node82_t2,0.0,9.0,I,node54node82,2,timber
flow_timber_node54node82_t3,0.0,9.0,I,node54node82,3,timber
flow_timber_node54node82_t4,0.0,9.0,I,node54node82,4,timber
flow_timber_node54node82_t5,0.0,9.0,I,node54node82,5,timber
flow_wide_node54node82_t1,0.0,9.0,I,node54node82,1,wide
flow_wide_node54node82_t2,0.0,9.0,I,node54node82,2,wide
flow_wide_node54node82_t3,0.0,9.0,I,node54node82,3,wide
flow_wide_node54node82_t4,0.0,9.0,I,node54node82,4,wide
flow_wide_node54node82_t5,0.0,9.0,I,node54node82,5,wide
flow_timber_node54node84_t1,0.0,9.0,I,node54node84,1,timber
flow_timber_node54node84_t2,0.0,9.0,I,node54node84,2,timber
flow_timber_node54node84_t3,0.0,9.0,I,node54node84,3,timber
flow_timber_node54node84_t4,0.0,9.0,I,node54node84,4,timber
flow_timber_node54node84_t5,0.0,9.0,I,node54node84,5,timber
flow_wide_node54node84_t1,0.0,9.0,I,node54node84,1,wide
flow_wide_node54node84_t2,0.0,9.0,I,node54node84,2,wide
flow_wide_node54node84_t3,0.0,9.0,I,node54node84,3,wide
flow_wide_node54node84_t4,0.0,9.0,I,node54node84,4,wide
flow_wide_node54node84_t5,0.0,9.0,I,node54node84,5,wide
flow_timber_node70node21_t1,0.0,9.0,I,node70node21,1,timber
flow_timber_node70node21_t2,0.0,9.0,I,node70node21,2,timber
flow_timber_node70node21_t3,0.0,9.0,I,node70node21,3,timber
flow_timber_node70node21_t4,0.0,9.0,I,node70node21,4,timber
flow_timber_node70node21_t5,0.0,9.0,I,node70node21,5,timber
flow_wide_node70node21_t1,0.0,9.0,I,node70node21,1,wide
flow_wide_node70node21_t2,0.0,9.0,I,node70node21,2,wide
flow_wide_node70node21_t3,0.0,9.0,I,node70node21,3,wide
flow_wide_node70node21_t4,0.0,9.0,I,node70node21,4,wide
flow_wide_node70node21_t5,0.0,9.0,I,node70node21,5,wide
flow_timber_node70node71_t1,0.0,9.0,I,node70node71,1,timber
flow_timber_node70node71_t2,0.0,9.0,I,node70node71,2,timber
flow_timber_node70node71_t3,0.0,9.0,I,node70node71,3,timber
flow_timber_node70node71_t4,0.0,9.0,I,node70node71,4,timber
flow_timber_node70node71_t5,0.0,9.0,I,node70node71,5,timber
flow_wide_node70node71_t1,0.0,9.0,I,node70node71,1,wide
flow_wide_node70node71_t2,0.0,9.0,I,node70node71,2,wide
flow_wide_node70node71_t3,0.0,9.0,I,node70node71,3,wide
flow_wide_node70node71_t4,0.0,9.0,I,node70node71,4,wide
flow_wide_node70node71_t5,0.0,9.0,I,node70node71,5,wide
flow_timber_node70node89_t1,0.0,9.0,I,node70node89,1,timber
flow_timber_node70node89_t2,0.0,9.0,I,node70node89,2,timber
flow_timber_node70node89_t3,0.0,9.0,I,node70node89,3,timber
flow_timber_node70node89_t4,0.0,9.0,I,node70node89,4,timber
flow_timber_node70node89_t5,0.0,9.0,I,node70node89,5,timber
flow_wide_node70node89_t1,0.0,9.0,I,node70node89,1,wide
flow_wide_node70node89_t2,0.0,9.0,I,node70node89,2,wide
flow_wide_node70node89_t3,0.0,9.0,I,node70node89,3,wide
flow_wide_node70node89_t4,0.0,9.0,I,node70node89,4,wide
flow_wide_node70node89_t5,0.0,9.0,I,node70node89,5,wide
flow_timber_node68node21_t1,0.0,9.0,I,node68node21,1,timber
flow_timber_node68node21_t2,0.0,9.0,I,node68node21,2,timber
flow_timber_node68node21_t3,0.0,9.0,I,node68node21,3,timber
flow_timber_node68node21_t4,0.0,9.0,I,node68node21,4,timber
flow_timber_node68node21_t5,0.0,9.0,I,node68node21,5,timber
flow_wide_node68node21_t1,0.0,9.0,I,node68node21,1,wide
flow_wide_node68node21_t2,0.0,9.0,I,node68node21,2,wide
flow_wide_node68node21_t3,0.0,9.0,I,node68node21,3,wide
flow_wide_node68node21_t4,0.0,9.0,I,node68node21,4,wide
flow_wide_node68node21_t5,0.0,9.0,I,node68node21,5,wide
flow_timber_node68node48_t1,0.0,9.0,I,node68node48,1,timber
flow_timber_node68node48_t2,0.0,9.0,I,node68node48,2,timber
flow_timber_node68node48_t3,0.0,9.0,I,node68node48,3,timber
flow_timber_node68node48_t4,0.0,9.0,I,node68node48,4,timber
flow_timber_node68node48_t5,0.0,9.0,I,node68node48,5,timber
flow_wide_node68node48_t1,0.0,9.0,I,node68node48,1,wide
flow_wide_node68node48_t2,0.0,9.0,I,node68node48,2,wide
flow_wide_node68node48_t3,0.0,9.0,I,node68node48,3,wide
flow_wide_node68node48_t4,0.0,9.0,I,node68node48,4,wide
flow_wide_node68node48_t5,0.0,9.0,I,node68node48,5,wide
flow_timber_node68node86_t1,0.0,9.0,I,node68node86,1,timber
flow_timber_node68node86_t2,0.0,9.0,I,node68node86,2,timber
flow_timber_node68node86_t3,0.0,9.0,I,node68node86,3,timber
flow_timber_node68node86_t4,0.0,9.0,I,node68node86,4,timber
flow_timber_node68node86_t5,0.0,9.0,I,node68node86,5,timber
flow_wide_node68node86_t1,0.0,9.0,I,node68node86,1,wide
flow_wide_node68node86_t2,0.0,9.0,I,node68node86,2,wide
flow_wide_node68node86_t3,0.0,9.0,I,node68node86,3,wide
flow_wide_node68node86_t4,0.0,9.0,I,node68node86,4,wide
flow_wide_node68node86_t5,0.0,9.0,I,node68node86,5,wide
flow_timber_node68node89_t1,0.0,9.0,I,node68node89,1,timber
flow_timber_node68node89_t2,0.0,9.0,I,node68node89,2,timber
flow_timber_node68node89_t3,0.0,9.0,I,node68node89,3,timber
flow_timber_node68node89_t4,0.0,9.0,I,node68node89,4,timber
flow_timber_node68node89_t5,0.0,9.0,I,node68node89,5,timber
flow_wide_node68node89_t1,0.0,9.0,I,node68node89,1,wide
flow_wide_node68node89_t2,0.0,9.0,I,node68node89,2,wide
flow_wide_node68node89_t3,0.0,9.0,I,node68node89,3,wide
flow_wide_node68node89_t4,0.0,9.0,I,node68node89,4,wide
flow_wide_node68node89_t5,0.0,9.0,I,node68node89,5,wide
flow_timber_node28node22_t1,0.0,9.0,I,node28node22,1,timber
flow_timber_node28node22_t2,0.0,9.0,I,node28node22,2,timber
flow_timber_node28node22_t3,0.0,9.0,I,node28node22,3,timber
flow_timber_node28node22_t4,0.0,9.0,I,node28node22,4,timber
flow_timber_node28node22_t5,0.0,9.0,I,node28node22,5,timber
flow_wide_node28node22_t1,0.0,9.0,I,node28node22,1,wide
flow_wide_node28node22_t2,0.0,9.0,I,node28node22,2,wide
flow_wide_node28node22_t3,0.0,9.0,I,node28node22,3,wide
flow_wide_node28node22_t4,0.0,9.0,I,node28node22,4,wide
flow_wide_node28node22_t5,0.0,9.0,I,node28node22,5,wide
flow_timber_node28node50_t1,0.0,9.0,I,node28node50,1,timber
flow_timber_node28node50_t2,0.0,9.0,I,node28node50,2,timber
flow_timber_node28node50_t3,0.0,9.0,I,node28node50,3,timber
flow_timber_node28node50_t4,0.0,9.0,I,node28node50,4,timber
flow_timber_node28node50_t5,0.0,9.0,I,node28node50,5,timber
flow_wide_node28node50_t1,0.0,9.0,I,node28node50,1,wide
flow_wide_node28node50_t2,0.0,9.0,I,node28node50,2,wide
flow_wide_node28node50_t3,0.0,9.0,I,node28node50,3,wide
flow_wide_node28node50_t4,0.0,9.0,I,node28node50,4,wide
flow_wide_node28node50_t5,0.0,9.0,I,node28node50,5,wide
flow_timber_node28node52_t1,0.0,9.0,I,node28node52,1,timber
flow_timber_node28node52_t2,0.0,9.0,I,node28node52,2,timber
flow_timber_node28node52_t3,0.0,9.0,I,node28node52,3,timber
flow_timber_node28node52_t4,0.0,9.0,I,node28node52,4,timber
flow_timber_node28node52_t5,0.0,9.0,I,node28node52,5,timber
flow_wide_node28node52_t1,0.0,9.0,I,node28node52,1,wide
flow_wide_node28node52_t2,0.0,9.0,I,node28node52,2,wide
flow_wide_node28node52_t3,0.0,9.0,I,node28node52,3,wide
flow_wide_node28node52_t4,0.0,9.0,I,node28node52,4,wide
flow_wide_node28node52_t5,0.0,9.0,I,node28node52,5,wide
flow_timber_node28node89_t1,0.0,9.0,I,node28node89,1,timber
flow_timber_node28node89_t2,0.0,9.0,I,node28node89,2,timber
flow_timber_node28node89_t3,0.0,9.0,I,node28node89,3,timber
flow_timber_node28node89_t4,0.0,9.0,I,node28node89,4,timber
flow_timber_node28node89_t5,0.0,9.0,I,node28node89,5,timber
flow_wide_node28node89_t1,0.0,9.0,I,node28node89,1,wide
flow_wide_node28node89_t2,0.0,9.0,I,node28node89,2,wide
flow_wide_node28node89_t3,0.0,9.0,I,node28node89,3,wide
flow_wide_node28node89_t4,0.0,9.0,I,node28node89,4,wide
flow_wide_node28node89_t5,0.0,9.0,I,node28node89,5,wide
flow_timber_node28node90_t1,0.0,9.0,I,node28node90,1,timber
flow_timber_node28node90_t2,0.0,9.0,I,node28node90,2,timber
flow_timber_node28node90_t3,0.0,9.0,I,node28node90,3,timber
flow_timber_node28node90_t4,0.0,9.0,I,node28node90,4,timber
flow_timber_node28node90_t5,0.0,9.0,I,node28node90,5,timber
flow_wide_node28node90_t1,0.0,9.0,I,node28node90,1,wide
flow_wide_node28node90_t2,0.0,9.0,I,node28node90,2,wide
flow_wide_node28node90_t3,0.0,9.0,I,node28node90,3,wide
flow_wide_node28node90_t4,0.0,9.0,I,node28node90,4,wide
flow_wide_node28node90_t5,0.0,9.0,I,node28node90,5,wide
flow_timber_node28node91_t1,0.0,9.0,I,node28node91,1,timber
flow_timber_node28node91_t2,0.0,9.0,I,node28node91,2,timber
flow_timber_node28node91_t3,0.0,9.0,I,node28node91,3,timber
flow_timber_node28node91_t4,0.0,9.0,I,node28node91,4,timber
flow_timber_node28node91_t5,0.0,9.0,I,node28node91,5,timber
flow_wide_node28node91_t1,0.0,9.0,I,node28node91,1,wide
flow_wide_node28node91_t2,0.0,9.0,I,node28node91,2,wide
flow_wide_node28node91_t3,0.0,9.0,I,node28node91,3,wide
flow_wide_node28node91_t4,0.0,9.0,I,node28node91,4,wide
flow_wide_node28node91_t5,0.0,9.0,I,node28node91,5,wide
flow_timber_node44node22_t1,0.0,9.0,I,node44node22,1,timber
flow_timber_node44node22_t2,0.0,9.0,I,node44node22,2,timber
flow_timber_node44node22_t3,0.0,9.0,I,node44node22,3,timber
flow_timber_node44node22_t4,0.0,9.0,I,node44node22,4,timber
flow_timber_node44node22_t5,0.0,9.0,I,node44node22,5,timber
flow_wide_node44node22_t1,0.0,9.0,I,node44node22,1,wide
flow_wide_node44node22_t2,0.0,9.0,I,node44node22,2,wide
flow_wide_node44node22_t3,0.0,9.0,I,node44node22,3,wide
flow_wide_node44node22_t4,0.0,9.0,I,node44node22,4,wide
flow_wide_node44node22_t5,0.0,9.0,I,node44node22,5,wide
flow_timber_node44node61_t1,0.0,9.0,I,node44node61,1,timber
flow_timber_node44node61_t2,0.0,9.0,I,node44node61,2,timber
flow_timber_node44node61_t3,0.0,9.0,I,node44node61,3,timber
flow_timber_node44node61_t4,0.0,9.0,I,node44node61,4,timber
flow_timber_node44node61_t5,0.0,9.0,I,node44node61,5,timber
flow_wide_node44node61_t1,0.0,9.0,I,node44node61,1,wide
flow_wide_node44node61_t2,0.0,9.0,I,node44node61,2,wide
flow_wide_node44node61_t3,0.0,9.0,I,node44node61,3,wide
flow_wide_node44node61_t4,0.0,9.0,I,node44node61,4,wide
flow_wide_node44node61_t5,0.0,9.0,I,node44node61,5,wide
flow_timber_node44node80_t1,0.0,9.0,I,node44node80,1,timber
flow_timber_node44node80_t2,0.0,9.0,I,node44node80,2,timber
flow_timber_node44node80_t3,0.0,9.0,I,node44node80,3,timber
flow_timber_node44node80_t4,0.0,9.0,I,node44node80,4,timber
flow_timber_node44node80_t5,0.0,9.0,I,node44node80,5,timber
flow_wide_node44node80_t1,0.0,9.0,I,node44node80,1,wide
flow_wide_node44node80_t2,0.0,9.0,I,node44node80,2,wide
flow_wide_node44node80_t3,0.0,9.0,I,node44node80,3,wide
flow_wide_node44node80_t4,0.0,9.0,I,node44node80,4,wide
flow_wide_node44node80_t5,0.0,9.0,I,node44node80,5,wide
flow_timber_node31node22_t1,0.0,9.0,I,node31node22,1,timber
flow_timber_node31node22_t2,0.0,9.0,I,node31node22,2,timber
flow_timber_node31node22_t3,0.0,9.0,I,node31node22,3,timber
flow_timber_node31node22_t4,0.0,9.0,I,node31node22,4,timber
flow_timber_node31node22_t5,0.0,9.0,I,node31node22,5,timber
flow_wide_node31node22_t1,0.0,9.0,I,node31node22,1,wide
flow_wide_node31node22_t2,0.0,9.0,I,node31node22,2,wide
flow_wide_node31node22_t3,0.0,9.0,I,node31node22,3,wide
flow_wide_node31node22_t4,0.0,9.0,I,node31node22,4,wide
flow_wide_node31node22_t5,0.0,9.0,I,node31node22,5,wide
flow_timber_node31node48_t1,0.0,9.0,I,node31node48,1,timber
flow_timber_node31node48_t2,0.0,9.0,I,node31node48,2,timber
flow_timber_node31node48_t3,0.0,9.0,I,node31node48,3,timber
flow_timber_node31node48_t4,0.0,9.0,I,node31node48,4,timber
flow_timber_node31node48_t5,0.0,9.0,I,node31node48,5,timber
flow_wide_node31node48_t1,0.0,9.0,I,node31node48,1,wide
flow_wide_node31node48_t2,0.0,9.0,I,node31node48,2,wide
flow_wide_node31node48_t3,0.0,9.0,I,node31node48,3,wide
flow_wide_node31node48_t4,0.0,9.0,I,node31node48,4,wide
flow_wide_node31node48_t5,0.0,9.0,I,node31node48,5,wide
flow_timber_node31node89_t1,0.0,9.0,I,node31node89,1,timber
flow_timber_node31node89_t2,0.0,9.0,I,node31node89,2,timber
flow_timber_node31node89_t3,0.0,9.0,I,node31node89,3,timber
flow_timber_node31node89_t4,0.0,9.0,I,node31node89,4,timber
flow_timber_node31node89_t5,0.0,9.0,I,node31node89,5,timber
flow_wide_node31node89_t1,0.0,9.0,I,node31node89,1,wide
flow_wide_node31node89_t2,0.0,9.0,I,node31node89,2,wide
flow_wide_node31node89_t3,0.0,9.0,I,node31node89,3,wide
flow_wide_node31node89_t4,0.0,9.0,I,node31node89,4,wide
flow_wide_node31node89_t5,0.0,9.0,I,node31node89,5,wide
flow_timber_node23node66_t1,0.0,9.0,I,node23node66,1,timber
flow_timber_node23node66_t2,0.0,9.0,I,node23node66,2,timber
flow_timber_node23node66_t3,0.0,9.0,I,node23node66,3,timber
flow_timber_node23node66_t4,0.0,9.0,I,node23node66,4,timber
flow_timber_node23node66_t5,0.0,9.0,I,node23node66,5,timber
flow_wide_node23node66_t1,0.0,9.0,I,node23node66,1,wide
flow_wide_node23node66_t2,0.0,9.0,I,node23node66,2,wide
flow_wide_node23node66_t3,0.0,9.0,I,node23node66,3,wide
flow_wide_node23node66_t4,0.0,9.0,I,node23node66,4,wide
flow_wide_node23node66_t5,0.0,9.0,I,node23node66,5,wide
flow_timber_node23node48_t1,0.0,9.0,I,node23node48,1,timber
flow_timber_node23node48_t2,0.0,9.0,I,node23node48,2,timber
flow_timber_node23node48_t3,0.0,9.0,I,node23node48,3,timber
flow_timber_node23node48_t4,0.0,9.0,I,node23node48,4,timber
flow_timber_node23node48_t5,0.0,9.0,I,node23node48,5,timber
flow_wide_node23node48_t1,0.0,9.0,I,node23node48,1,wide
flow_wide_node23node48_t2,0.0,9.0,I,node23node48,2,wide
flow_wide_node23node48_t3,0.0,9.0,I,node23node48,3,wide
flow_wide_node23node48_t4,0.0,9.0,I,node23node48,4,wide
flow_wide_node23node48_t5,0.0,9.0,I,node23node48,5,wide
flow_timber_node23node26_t1,0.0,9.0,I,node23node26,1,timber
flow_timber_node23node26_t2,0.0,9.0,I,node23node26,2,timber
flow_timber_node23node26_t3,0.0,9.0,I,node23node26,3,timber
flow_timber_node23node26_t4,0.0,9.0,I,node23node26,4,timber
flow_timber_node23node26_t5,0.0,9.0,I,node23node26,5,timber
flow_wide_node23node26_t1,0.0,9.0,I,node23node26,1,wide
flow_wide_node23node26_t2,0.0,9.0,I,node23node26,2,wide
flow_wide_node23node26_t3,0.0,9.0,I,node23node26,3,wide
flow_wide_node23node26_t4,0.0,9.0,I,node23node26,4,wide
flow_wide_node23node26_t5,0.0,9.0,I,node23node26,5,wide
flow_timber_node23node84_t1,0.0,9.0,I,node23node84,1,timber
flow_timber_node23node84_t2,0.0,9.0,I,node23node84,2,timber
flow_timber_node23node84_t3,0.0,9.0,I,node23node84,3,timber
flow_timber_node23node84_t4,0.0,9.0,I,node23node84,4,timber
flow_timber_node23node84_t5,0.0,9.0,I,node23node84,5,timber
flow_wide_node23node84_t1,0.0,9.0,I,node23node84,1,wide
flow_wide_node23node84_t2,0.0,9.0,I,node23node84,2,wide
flow_wide_node23node84_t3,0.0,9.0,I,node23node84,3,wide
flow_wide_node23node84_t4,0.0,9.0,I,node23node84,4,wide
flow_wide_node23node84_t5,0.0,9.0,I,node23node84,5,wide
flow_timber_node23node86_t1,0.0,9.0,I,node23node86,1,timber
flow_timber_node23node86_t2,0.0,9.0,I,node23node86,2,timber
flow_timber_node23node86_t3,0.0,9.0,I,node23node86,3,timber
flow_timber_node23node86_t4,0.0,9.0,I,node23node86,4,timber
flow_timber_node23node86_t5,0.0,9.0,I,node23node86,5,timber
flow_wide_node23node86_t1,0.0,9.0,I,node23node86,1,wide
flow_wide_node23node86_t2,0.0,9.0,I,node23node86,2,wide
flow_wide_node23node86_t3,0.0,9.0,I,node23node86,3,wide
flow_wide_node23node86_t4,0.0,9.0,I,node23node86,4,wide
flow_wide_node23node86_t5,0.0,9.0,I,node23node86,5,wide
flow_timber_node66node23_t1,0.0,9.0,I,node66node23,1,timber
flow_timber_node66node23_t2,0.0,9.0,I,node66node23,2,timber
flow_timber_node66node23_t3,0.0,9.0,I,node66node23,3,timber
flow_timber_node66node23_t4,0.0,9.0,I,node66node23,4,timber
flow_timber_node66node23_t5,0.0,9.0,I,node66node23,5,timber
flow_wide_node66node23_t1,0.0,9.0,I,node66node23,1,wide
flow_wide_node66node23_t2,0.0,9.0,I,node66node23,2,wide
flow_wide_node66node23_t3,0.0,9.0,I,node66node23,3,wide
flow_wide_node66node23_t4,0.0,9.0,I,node66node23,4,wide
flow_wide_node66node23_t5,0.0,9.0,I,node66node23,5,wide
flow_timber_node66node65_t1,0.0,9.0,I,node66node65,1,timber
flow_timber_node66node65_t2,0.0,9.0,I,node66node65,2,timber
flow_timber_node66node65_t3,0.0,9.0,I,node66node65,3,timber
flow_timber_node66node65_t4,0.0,9.0,I,node66node65,4,timber
flow_timber_node66node65_t5,0.0,9.0,I,node66node65,5,timber
flow_wide_node66node65_t1,0.0,9.0,I,node66node65,1,wide
flow_wide_node66node65_t2,0.0,9.0,I,node66node65,2,wide
flow_wide_node66node65_t3,0.0,9.0,I,node66node65,3,wide
flow_wide_node66node65_t4,0.0,9.0,I,node66node65,4,wide
flow_wide_node66node65_t5,0.0,9.0,I,node66node65,5,wide
flow_timber_node66node84_t1,0.0,9.0,I,node66node84,1,timber
flow_timber_node66node84_t2,0.0,9.0,I,node66node84,2,timber
flow_timber_node66node84_t3,0.0,9.0,I,node66node84,3,timber
flow_timber_node66node84_t4,0.0,9.0,I,node66node84,4,timber
flow_timber_node66node84_t5,0.0,9.0,I,node66node84,5,timber
flow_wide_node66node84_t1,0.0,9.0,I,node66node84,1,wide
flow_wide_node66node84_t2,0.0,9.0,I,node66node84,2,wide
flow_wide_node66node84_t3,0.0,9.0,I,node66node84,3,wide
flow_wide_node66node84_t4,0.0,9.0,I,node66node84,4,wide
flow_wide_node66node84_t5,0.0,9.0,I,node66node84,5,wide
flow_timber_node48node23_t1,0.0,9.0,I,node48node23,1,timber
flow_timber_node48node23_t2,0.0,9.0,I,node48node23,2,timber
flow_timber_node48node23_t3,0.0,9.0,I,node48node23,3,timber
flow_timber_node48node23_t4,0.0,9.0,I,node48node23,4,timber
flow_timber_node48node23_t5,0.0,9.0,I,node48node23,5,timber
flow_wide_node48node23_t1,0.0,9.0,I,node48node23,1,wide
flow_wide_node48node23_t2,0.0,9.0,I,node48node23,2,wide
flow_wide_node48node23_t3,0.0,9.0,I,node48node23,3,wide
flow_wide_node48node23_t4,0.0,9.0,I,node48node23,4,wide
flow_wide_node48node23_t5,0.0,9.0,I,node48node23,5,wide
flow_timber_node48node31_t1,0.0,9.0,I,node48node31,1,timber
flow_timber_node48node31_t2,0.0,9.0,I,node48node31,2,timber
flow_timber_node48node31_t3,0.0,9.0,I,node48node31,3,timber
flow_timber_node48node31_t4,0.0,9.0,I,node48node31,4,timber
flow_timber_node48node31_t5,0.0,9.0,I,node48node31,5,timber
flow_wide_node48node31_t1,0.0,9.0,I,node48node31,1,wide
flow_wide_node48node31_t2,0.0,9.0,I,node48node31,2,wide
flow_wide_node48node31_t3,0.0,9.0,I,node48node31,3,wide
flow_wide_node48node31_t4,0.0,9.0,I,node48node31,4,wide
flow_wide_node48node31_t5,0.0,9.0,I,node48node31,5,wide
flow_timber_node48node68_t1,0.0,9.0,I,node48node68,1,timber
flow_timber_node48node68_t2,0.0,9.0,I,node48node68,2,timber
flow_timber_node48node68_t3,0.0,9.0,I,node48node68,3,timber
flow_timber_node48node68_t4,0.0,9.0,I,node48node68,4,timber
flow_timber_node48node68_t5,0.0,9.0,I,node48node68,5,timber
flow_wide_node48node68_t1,0.0,9.0,I,node48node68,1,wide
flow_wide_node48node68_t2,0.0,9.0,I,node48node68,2,wide
flow_wide_node48node68_t3,0.0,9.0,I,node48node68,3,wide
flow_wide_node48node68_t4,0.0,9.0,I,node48node68,4,wide
flow_wide_node48node68_t5,0.0,9.0,I,node48node68,5,wide
flow_timber_node48node86_t1,0.0,9.0,I,node48node86,1,timber
flow_timber_node48node86_t2,0.0,9.0,I,node48node86,2,timber
flow_timber_node48node86_t3,0.0,9.0,I,node48node86,3,timber
flow_timber_node48node86_t4,0.0,9.0,I,node48node86,4,timber
flow_timber_node48node86_t5,0.0,9.0,I,node48node86,5,timber
flow_wide_node48node86_t1,0.0,9.0,I,node48node86,1,wide
flow_wide_node48node86_t2,0.0,9.0,I,node48node86,2,wide
flow_wide_node48node86_t3,0.0,9.0,I,node48node86,3,wide
flow_wide_node48node86_t4,0.0,9.0,I,node48node86,4,wide
flow_wide_node48node86_t5,0.0,9.0,I,node48node86,5,wide
flow_timber_node48node89_t1,0.0,9.0,I,node48node89,1,timber
flow_timber_node48node89_t2,0.0,9.0,I,node48node89,2,timber
flow_timber_node48node89_t3,0.0,9.0,I,node48node89,3,timber
flow_timber_node48node89_t4,0.0,9.0,I,node48node89,4,timber
flow_timber_node48node89_t5,0.0,9.0,I,node48node89,5,timber
flow_wide_node48node89_t1,0.0,9.0,I,node48node89,1,wide
flow_wide_node48node89_t2,0.0,9.0,I,node48node89,2,wide
flow_wide_node48node89_t3,0.0,9.0,I,node48node89,3,wide
flow_wide_node48node89_t4,0.0,9.0,I,node48node89,4,wide
flow_wide_node48node89_t5,0.0,9.0,I,node48node89,5,wide
flow_timber_node63node24_t1,0.0,9.0,I,node63node24,1,timber
flow_timber_node63node24_t2,0.0,9.0,I,node63node24,2,timber
flow_timber_node63node24_t3,0.0,9.0,I,node63node24,3,timber
flow_timber_node63node24_t4,0.0,9.0,I,node63node24,4,timber
flow_timber_node63node24_t5,0.0,9.0,I,node63node24,5,timber
flow_wide_node63node24_t1,0.0,9.0,I,node63node24,1,wide
flow_wide_node63node24_t2,0.0,9.0,I,node63node24,2,wide
flow_wide_node63node24_t3,0.0,9.0,I,node63node24,3,wide
flow_wide_node63node24_t4,0.0,9.0,I,node63node24,4,wide
flow_wide_node63node24_t5,0.0,9.0,I,node63node24,5,wide
flow_timber_node63node53_t1,0.0,9.0,I,node63node53,1,timber
flow_timber_node63node53_t2,0.0,9.0,I,node63node53,2,timber
flow_timber_node63node53_t3,0.0,9.0,I,node63node53,3,timber
flow_timber_node63node53_t4,0.0,9.0,I,node63node53,4,timber
flow_timber_node63node53_t5,0.0,9.0,I,node63node53,5,timber
flow_wide_node63node53_t1,0.0,9.0,I,node63node53,1,wide
flow_wide_node63node53_t2,0.0,9.0,I,node63node53,2,wide
flow_wide_node63node53_t3,0.0,9.0,I,node63node53,3,wide
flow_wide_node63node53_t4,0.0,9.0,I,node63node53,4,wide
flow_wide_node63node53_t5,0.0,9.0,I,node63node53,5,wide
flow_timber_node63node82_t1,0.0,9.0,I,node63node82,1,timber
flow_timber_node63node82_t2,0.0,9.0,I,node63node82,2,timber
flow_timber_node63node82_t3,0.0,9.0,I,node63node82,3,timber
flow_timber_node63node82_t4,0.0,9.0,I,node63node82,4,timber
flow_timber_node63node82_t5,0.0,9.0,I,node63node82,5,timber
flow_wide_node63node82_t1,0.0,9.0,I,node63node82,1,wide
flow_wide_node63node82_t2,0.0,9.0,I,node63node82,2,wide
flow_wide_node63node82_t3,0.0,9.0,I,node63node82,3,wide
flow_wide_node63node82_t4,0.0,9.0,I,node63node82,4,wide
flow_wide_node63node82_t5,0.0,9.0,I,node63node82,5,wide
flow_timber_node27node37_t1,0.0,9.0,I,node27node37,1,timber
flow_timber_node27node37_t2,0.0,9.0,I,node27node37,2,timber
flow_timber_node27node37_t3,0.0,9.0,I,node27node37,3,timber
flow_timber_node27node37_t4,0.0,9.0,I,node27node37,4,timber
flow_timber_node27node37_t5,0.0,9.0,I,node27node37,5,timber
flow_wide_node27node37_t1,0.0,9.0,I,node27node37,1,wide
flow_wide_node27node37_t2,0.0,9.0,I,node27node37,2,wide
flow_wide_node27node37_t3,0.0,9.0,I,node27node37,3,wide
flow_wide_node27node37_t4,0.0,9.0,I,node27node37,4,wide
flow_wide_node27node37_t5,0.0,9.0,I,node27node37,5,wide
flow_timber_node27node54_t1,0.0,9.0,I,node27node54,1,timber
flow_timber_node27node54_t2,0.0,9.0,I,node27node54,2,timber
flow_timber_node27node54_t3,0.0,9.0,I,node27node54,3,timber
flow_timber_node27node54_t4,0.0,9.0,I,node27node54,4,timber
flow_timber_node27node54_t5,0.0,9.0,I,node27node54,5,timber
flow_wide_node27node54_t1,0.0,9.0,I,node27node54,1,wide
flow_wide_node27node54_t2,0.0,9.0,I,node27node54,2,wide
flow_wide_node27node54_t3,0.0,9.0,I,node27node54,3,wide
flow_wide_node27node54_t4,0.0,9.0,I,node27node54,4,wide
flow_wide_node27node54_t5,0.0,9.0,I,node27node54,5,wide
flow_timber_node27node64_t1,0.0,9.0,I,node27node64,1,timber
flow_timber_node27node64_t2,0.0,9.0,I,node27node64,2,timber
flow_timber_node27node64_t3,0.0,9.0,I,node27node64,3,timber
flow_timber_node27node64_t4,0.0,9.0,I,node27node64,4,timber
flow_timber_node27node64_t5,0.0,9.0,I,node27node64,5,timber
flow_wide_node27node64_t1,0.0,9.0,I,node27node64,1,wide
flow_wide_node27node64_t2,0.0,9.0,I,node27node64,2,wide
flow_wide_node27node64_t3,0.0,9.0,I,node27node64,3,wide
flow_wide_node27node64_t4,0.0,9.0,I,node27node64,4,wide
flow_wide_node27node64_t5,0.0,9.0,I,node27node64,5,wide
flow_timber_node27node82_t1,0.0,9.0,I,node27node82,1,timber
flow_timber_node27node82_t2,0.0,9.0,I,node27node82,2,timber
flow_timber_node27node82_t3,0.0,9.0,I,node27node82,3,timber
flow_timber_node27node82_t4,0.0,9.0,I,node27node82,4,timber
flow_timber_node27node82_t5,0.0,9.0,I,node27node82,5,timber
flow_wide_node27node82_t1,0.0,9.0,I,node27node82,1,wide
flow_wide_node27node82_t2,0.0,9.0,I,node27node82,2,wide
flow_wide_node27node82_t3,0.0,9.0,I,node27node82,3,wide
flow_wide_node27node82_t4,0.0,9.0,I,node27node82,4,wide
flow_wide_node27node82_t5,0.0,9.0,I,node27node82,5,wide
flow_timber_node27node84_t1,0.0,9.0,I,node27node84,1,timber
flow_timber_node27node84_t2,0.0,9.0,I,node27node84,2,timber
flow_timber_node27node84_t3,0.0,9.0,I,node27node84,3,timber
flow_timber_node27node84_t4,0.0,9.0,I,node27node84,4,timber
flow_timber_node27node84_t5,0.0,9.0,I,node27node84,5,timber
flow_wide_node27node84_t1,0.0,9.0,I,node27node84,1,wide
flow_wide_node27node84_t2,0.0,9.0,I,node27node84,2,wide
flow_wide_node27node84_t3,0.0,9.0,I,node27node84,3,wide
flow_wide_node27node84_t4,0.0,9.0,I,node27node84,4,wide
flow_wide_node27node84_t5,0.0,9.0,I,node27node84,5,wide
flow_timber_node27node85_t1,0.0,9.0,I,node27node85,1,timber
flow_timber_node27node85_t2,0.0,9.0,I,node27node85,2,timber
flow_timber_node27node85_t3,0.0,9.0,I,node27node85,3,timber
flow_timber_node27node85_t4,0.0,9.0,I,node27node85,4,timber
flow_timber_node27node85_t5,0.0,9.0,I,node27node85,5,timber
flow_wide_node27node85_t1,0.0,9.0,I,node27node85,1,wide
flow_wide_node27node85_t2,0.0,9.0,I,node27node85,2,wide
flow_wide_node27node85_t3,0.0,9.0,I,node27node85,3,wide
flow_wide_node27node85_t4,0.0,9.0,I,node27node85,4,wide
flow_wide_node27node85_t5,0.0,9.0,I,node27node85,5,wide
flow_timber_node37node27_t1,0.0,9.0,I,node37node27,1,timber
flow_timber_node37node27_t2,0.0,9.0,I,node37node27,2,timber
flow_timber_node37node27_t3,0.0,9.0,I,node37node27,3,timber
flow_timber_node37node27_t4,0.0,9.0,I,node37node27,4,timber
flow_timber_node37node27_t5,0.0,9.0,I,node37node27,5,timber
flow_wide_node37node27_t1,0.0,9.0,I,node37node27,1,wide
flow_wide_node37node27_t2,0.0,9.0,I,node37node27,2,wide
flow_wide_node37node27_t3,0.0,9.0,I,node37node27,3,wide
flow_wide_node37node27_t4,0.0,9.0,I,node37node27,4,wide
flow_wide_node37node27_t5,0.0,9.0,I,node37node27,5,wide
flow_timber_node37node43_t1,0.0,9.0,I,node37node43,1,timber
flow_timber_node37node43_t2,0.0,9.0,I,node37node43,2,timber
flow_timber_node37node43_t3,0.0,9.0,I,node37node43,3,timber
flow_timber_node37node43_t4,0.0,9.0,I,node37node43,4,timber
flow_timber_node37node43_t5,0.0,9.0,I,node37node43,5,timber
flow_wide_node37node43_t1,0.0,9.0,I,node37node43,1,wide
flow_wide_node37node43_t2,0.0,9.0,I,node37node43,2,wide
flow_wide_node37node43_t3,0.0,9.0,I,node37node43,3,wide
flow_wide_node37node43_t4,0.0,9.0,I,node37node43,4,wide
flow_wide_node37node43_t5,0.0,9.0,I,node37node43,5,wide
flow_timber_node37node84_t1,0.0,9.0,I,node37node84,1,timber
flow_timber_node37node84_t2,0.0,9.0,I,node37node84,2,timber
flow_timber_node37node84_t3,0.0,9.0,I,node37node84,3,timber
flow_timber_node37node84_t4,0.0,9.0,I,node37node84,4,timber
flow_timber_node37node84_t5,0.0,9.0,I,node37node84,5,timber
flow_wide_node37node84_t1,0.0,9.0,I,node37node84,1,wide
flow_wide_node37node84_t2,0.0,9.0,I,node37node84,2,wide
flow_wide_node37node84_t3,0.0,9.0,I,node37node84,3,wide
flow_wide_node37node84_t4,0.0,9.0,I,node37node84,4,wide
flow_wide_node37node84_t5,0.0,9.0,I,node37node84,5,wide
flow_timber_node37node85_t1,0.0,9.0,I,node37node85,1,timber
flow_timber_node37node85_t2,0.0,9.0,I,node37node85,2,timber
flow_timber_node37node85_t3,0.0,9.0,I,node37node85,3,timber
flow_timber_node37node85_t4,0.0,9.0,I,node37node85,4,timber
flow_timber_node37node85_t5,0.0,9.0,I,node37node85,5,timber
flow_wide_node37node85_t1,0.0,9.0,I,node37node85,1,wide
flow_wide_node37node85_t2,0.0,9.0,I,node37node85,2,wide
flow_wide_node37node85_t3,0.0,9.0,I,node37node85,3,wide
flow_wide_node37node85_t4,0.0,9.0,I,node37node85,4,wide
flow_wide_node37node85_t5,0.0,9.0,I,node37node85,5,wide
flow_timber_node64node27_t1,0.0,9.0,I,node64node27,1,timber
flow_timber_node64node27_t2,0.0,9.0,I,node64node27,2,timber
flow_timber_node64node27_t3,0.0,9.0,I,node64node27,3,timber
flow_timber_node64node27_t4,0.0,9.0,I,node64node27,4,timber
flow_timber_node64node27_t5,0.0,9.0,I,node64node27,5,timber
flow_wide_node64node27_t1,0.0,9.0,I,node64node27,1,wide
flow_wide_node64node27_t2,0.0,9.0,I,node64node27,2,wide
flow_wide_node64node27_t3,0.0,9.0,I,node64node27,3,wide
flow_wide_node64node27_t4,0.0,9.0,I,node64node27,4,wide
flow_wide_node64node27_t5,0.0,9.0,I,node64node27,5,wide
flow_timber_node64node53_t1,0.0,9.0,I,node64node53,1,timber
flow_timber_node64node53_t2,0.0,9.0,I,node64node53,2,timber
flow_timber_node64node53_t3,0.0,9.0,I,node64node53,3,timber
flow_timber_node64node53_t4,0.0,9.0,I,node64node53,4,timber
flow_timber_node64node53_t5,0.0,9.0,I,node64node53,5,timber
flow_wide_node64node53_t1,0.0,9.0,I,node64node53,1,wide
flow_wide_node64node53_t2,0.0,9.0,I,node64node53,2,wide
flow_wide_node64node53_t3,0.0,9.0,I,node64node53,3,wide
flow_wide_node64node53_t4,0.0,9.0,I,node64node53,4,wide
flow_wide_node64node53_t5,0.0,9.0,I,node64node53,5,wide
flow_timber_node64node82_t1,0.0,9.0,I,node64node82,1,timber
flow_timber_node64node82_t2,0.0,9.0,I,node64node82,2,timber
flow_timber_node64node82_t3,0.0,9.0,I,node64node82,3,timber
flow_timber_node64node82_t4,0.0,9.0,I,node64node82,4,timber
flow_timber_node64node82_t5,0.0,9.0,I,node64node82,5,timber
flow_wide_node64node82_t1,0.0,9.0,I,node64node82,1,wide
flow_wide_node64node82_t2,0.0,9.0,I,node64node82,2,wide
flow_wide_node64node82_t3,0.0,9.0,I,node64node82,3,wide
flow_wide_node64node82_t4,0.0,9.0,I,node64node82,4,wide
flow_wide_node64node82_t5,0.0,9.0,I,node64node82,5,wide
flow_timber_node64node85_t1,0.0,9.0,I,node64node85,1,timber
flow_timber_node64node85_t2,0.0,9.0,I,node64node85,2,timber
flow_timber_node64node85_t3,0.0,9.0,I,node64node85,3,timber
flow_timber_node64node85_t4,0.0,9.0,I,node64node85,4,timber
flow_timber_node64node85_t5,0.0,9.0,I,node64node85,5,timber
flow_wide_node64node85_t1,0.0,9.0,I,node64node85,1,wide
flow_wide_node64node85_t2,0.0,9.0,I,node64node85,2,wide
flow_wide_node64node85_t3,0.0,9.0,I,node64node85,3,wide
flow_wide_node64node85_t4,0.0,9.0,I,node64node85,4,wide
flow_wide_node64node85_t5,0.0,9.0,I,node64node85,5,wide
flow_timber_node91node28_t1,0.0,9.0,I,node91node28,1,timber
flow_timber_node91node28_t2,0.0,9.0,I,node91node28,2,timber
flow_timber_node91node28_t3,0.0,9.0,I,node91node28,3,timber
flow_timber_node91node28_t4,0.0,9.0,I,node91node28,4,timber
flow_timber_node91node28_t5,0.0,9.0,I,node91node28,5,timber
flow_wide_node91node28_t1,0.0,9.0,I,node91node28,1,wide
flow_wide_node91node28_t2,0.0,9.0,I,node91node28,2,wide
flow_wide_node91node28_t3,0.0,9.0,I,node91node28,3,wide
flow_wide_node91node28_t4,0.0,9.0,I,node91node28,4,wide
flow_wide_node91node28_t5,0.0,9.0,I,node91node28,5,wide
flow_timber_node91node36_t1,0.0,9.0,I,node91node36,1,timber
flow_timber_node91node36_t2,0.0,9.0,I,node91node36,2,timber
flow_timber_node91node36_t3,0.0,9.0,I,node91node36,3,timber
flow_timber_node91node36_t4,0.0,9.0,I,node91node36,4,timber
flow_timber_node91node36_t5,0.0,9.0,I,node91node36,5,timber
flow_wide_node91node36_t1,0.0,9.0,I,node91node36,1,wide
flow_wide_node91node36_t2,0.0,9.0,I,node91node36,2,wide
flow_wide_node91node36_t3,0.0,9.0,I,node91node36,3,wide
flow_wide_node91node36_t4,0.0,9.0,I,node91node36,4,wide
flow_wide_node91node36_t5,0.0,9.0,I,node91node36,5,wide
flow_timber_node91node50_t1,0.0,9.0,I,node91node50,1,timber
flow_timber_node91node50_t2,0.0,9.0,I,node91node50,2,timber
flow_timber_node91node50_t3,0.0,9.0,I,node91node50,3,timber
flow_timber_node91node50_t4,0.0,9.0,I,node91node50,4,timber
flow_timber_node91node50_t5,0.0,9.0,I,node91node50,5,timber
flow_wide_node91node50_t1,0.0,9.0,I,node91node50,1,wide
flow_wide_node91node50_t2,0.0,9.0,I,node91node50,2,wide
flow_wide_node91node50_t3,0.0,9.0,I,node91node50,3,wide
flow_wide_node91node50_t4,0.0,9.0,I,node91node50,4,wide
flow_wide_node91node50_t5,0.0,9.0,I,node91node50,5,wide
flow_timber_node91node52_t1,0.0,9.0,I,node91node52,1,timber
flow_timber_node91node52_t2,0.0,9.0,I,node91node52,2,timber
flow_timber_node91node52_t3,0.0,9.0,I,node91node52,3,timber
flow_timber_node91node52_t4,0.0,9.0,I,node91node52,4,timber
flow_timber_node91node52_t5,0.0,9.0,I,node91node52,5,timber
flow_wide_node91node52_t1,0.0,9.0,I,node91node52,1,wide
flow_wide_node91node52_t2,0.0,9.0,I,node91node52,2,wide
flow_wide_node91node52_t3,0.0,9.0,I,node91node52,3,wide
flow_wide_node91node52_t4,0.0,9.0,I,node91node52,4,wide
flow_wide_node91node52_t5,0.0,9.0,I,node91node52,5,wide
flow_timber_node45node29_t1,0.0,9.0,I,node45node29,1,timber
flow_timber_node45node29_t2,0.0,9.0,I,node45node29,2,timber
flow_timber_node45node29_t3,0.0,9.0,I,node45node29,3,timber
flow_timber_node45node29_t4,0.0,9.0,I,node45node29,4,timber
flow_timber_node45node29_t5,0.0,9.0,I,node45node29,5,timber
flow_wide_node45node29_t1,0.0,9.0,I,node45node29,1,wide
flow_wide_node45node29_t2,0.0,9.0,I,node45node29,2,wide
flow_wide_node45node29_t3,0.0,9.0,I,node45node29,3,wide
flow_wide_node45node29_t4,0.0,9.0,I,node45node29,4,wide
flow_wide_node45node29_t5,0.0,9.0,I,node45node29,5,wide
flow_timber_node45node35_t1,0.0,9.0,I,node45node35,1,timber
flow_timber_node45node35_t2,0.0,9.0,I,node45node35,2,timber
flow_timber_node45node35_t3,0.0,9.0,I,node45node35,3,timber
flow_timber_node45node35_t4,0.0,9.0,I,node45node35,4,timber
flow_timber_node45node35_t5,0.0,9.0,I,node45node35,5,timber
flow_wide_node45node35_t1,0.0,9.0,I,node45node35,1,wide
flow_wide_node45node35_t2,0.0,9.0,I,node45node35,2,wide
flow_wide_node45node35_t3,0.0,9.0,I,node45node35,3,wide
flow_wide_node45node35_t4,0.0,9.0,I,node45node35,4,wide
flow_wide_node45node35_t5,0.0,9.0,I,node45node35,5,wide
flow_timber_node45node42_t1,0.0,9.0,I,node45node42,1,timber
flow_timber_node45node42_t2,0.0,9.0,I,node45node42,2,timber
flow_timber_node45node42_t3,0.0,9.0,I,node45node42,3,timber
flow_timber_node45node42_t4,0.0,9.0,I,node45node42,4,timber
flow_timber_node45node42_t5,0.0,9.0,I,node45node42,5,timber
flow_wide_node45node42_t1,0.0,9.0,I,node45node42,1,wide
flow_wide_node45node42_t2,0.0,9.0,I,node45node42,2,wide
flow_wide_node45node42_t3,0.0,9.0,I,node45node42,3,wide
flow_wide_node45node42_t4,0.0,9.0,I,node45node42,4,wide
flow_wide_node45node42_t5,0.0,9.0,I,node45node42,5,wide
flow_timber_node45node46_t1,0.0,9.0,I,node45node46,1,timber
flow_timber_node45node46_t2,0.0,9.0,I,node45node46,2,timber
flow_timber_node45node46_t3,0.0,9.0,I,node45node46,3,timber
flow_timber_node45node46_t4,0.0,9.0,I,node45node46,4,timber
flow_timber_node45node46_t5,0.0,9.0,I,node45node46,5,timber
flow_wide_node45node46_t1,0.0,9.0,I,node45node46,1,wide
flow_wide_node45node46_t2,0.0,9.0,I,node45node46,2,wide
flow_wide_node45node46_t3,0.0,9.0,I,node45node46,3,wide
flow_wide_node45node46_t4,0.0,9.0,I,node45node46,4,wide
flow_wide_node45node46_t5,0.0,9.0,I,node45node46,5,wide
flow_timber_node45node77_t1,0.0,9.0,I,node45node77,1,timber
flow_timber_node45node77_t2,0.0,9.0,I,node45node77,2,timber
flow_timber_node45node77_t3,0.0,9.0,I,node45node77,3,timber
flow_timber_node45node77_t4,0.0,9.0,I,node45node77,4,timber
flow_timber_node45node77_t5,0.0,9.0,I,node45node77,5,timber
flow_wide_node45node77_t1,0.0,9.0,I,node45node77,1,wide
flow_wide_node45node77_t2,0.0,9.0,I,node45node77,2,wide
flow_wide_node45node77_t3,0.0,9.0,I,node45node77,3,wide
flow_wide_node45node77_t4,0.0,9.0,I,node45node77,4,wide
flow_wide_node45node77_t5,0.0,9.0,I,node45node77,5,wide
flow_timber_node45node78_t1,0.0,9.0,I,node45node78,1,timber
flow_timber_node45node78_t2,0.0,9.0,I,node45node78,2,timber
flow_timber_node45node78_t3,0.0,9.0,I,node45node78,3,timber
flow_timber_node45node78_t4,0.0,9.0,I,node45node78,4,timber
flow_timber_node45node78_t5,0.0,9.0,I,node45node78,5,timber
flow_wide_node45node78_t1,0.0,9.0,I,node45node78,1,wide
flow_wide_node45node78_t2,0.0,9.0,I,node45node78,2,wide
flow_wide_node45node78_t3,0.0,9.0,I,node45node78,3,wide
flow_wide_node45node78_t4,0.0,9.0,I,node45node78,4,wide
flow_wide_node45node78_t5,0.0,9.0,I,node45node78,5,wide
flow_timber_node45node81_t1,0.0,9.0,I,node45node81,1,timber
flow_timber_node45node81_t2,0.0,9.0,I,node45node81,2,timber
flow_timber_node45node81_t3,0.0,9.0,I,node45node81,3,timber
flow_timber_node45node81_t4,0.0,9.0,I,node45node81,4,timber
flow_timber_node45node81_t5,0.0,9.0,I,node45node81,5,timber
flow_wide_node45node81_t1,0.0,9.0,I,node45node81,1,wide
flow_wide_node45node81_t2,0.0,9.0,I,node45node81,2,wide
flow_wide_node45node81_t3,0.0,9.0,I,node45node81,3,wide
flow_wide_node45node81_t4,0.0,9.0,I,node45node81,4,wide
flow_wide_node45node81_t5,0.0,9.0,I,node45node81,5,wide
flow_timber_node32node47_t1,0.0,9.0,I,node32node47,1,timber
flow_timber_node32node47_t2,0.0,9.0,I,node32node47,2,timber
flow_timber_node32node47_t3,0.0,9.0,I,node32node47,3,timber
flow_timber_node32node47_t4,0.0,9.0,I,node32node47,4,timber
flow_timber_node32node47_t5,0.0,9.0,I,node32node47,5,timber
flow_wide_node32node47_t1,0.0,9.0,I,node32node47,1,wide
flow_wide_node32node47_t2,0.0,9.0,I,node32node47,2,wide
flow_wide_node32node47_t3,0.0,9.0,I,node32node47,3,wide
flow_wide_node32node47_t4,0.0,9.0,I,node32node47,4,wide
flow_wide_node32node47_t5,0.0,9.0,I,node32node47,5,wide
flow_timber_node32node36_t1,0.0,9.0,I,node32node36,1,timber
flow_timber_node32node36_t2,0.0,9.0,I,node32node36,2,timber
flow_timber_node32node36_t3,0.0,9.0,I,node32node36,3,timber
flow_timber_node32node36_t4,0.0,9.0,I,node32node36,4,timber
flow_timber_node32node36_t5,0.0,9.0,I,node32node36,5,timber
flow_wide_node32node36_t1,0.0,9.0,I,node32node36,1,wide
flow_wide_node32node36_t2,0.0,9.0,I,node32node36,2,wide
flow_wide_node32node36_t3,0.0,9.0,I,node32node36,3,wide
flow_wide_node32node36_t4,0.0,9.0,I,node32node36,4,wide
flow_wide_node32node36_t5,0.0,9.0,I,node32node36,5,wide
flow_timber_node32node33_t1,0.0,9.0,I,node32node33,1,timber
flow_timber_node32node33_t2,0.0,9.0,I,node32node33,2,timber
flow_timber_node32node33_t3,0.0,9.0,I,node32node33,3,timber
flow_timber_node32node33_t4,0.0,9.0,I,node32node33,4,timber
flow_timber_node32node33_t5,0.0,9.0,I,node32node33,5,timber
flow_wide_node32node33_t1,0.0,9.0,I,node32node33,1,wide
flow_wide_node32node33_t2,0.0,9.0,I,node32node33,2,wide
flow_wide_node32node33_t3,0.0,9.0,I,node32node33,3,wide
flow_wide_node32node33_t4,0.0,9.0,I,node32node33,4,wide
flow_wide_node32node33_t5,0.0,9.0,I,node32node33,5,wide
flow_timber_node32node83_t1,0.0,9.0,I,node32node83,1,timber
flow_timber_node32node83_t2,0.0,9.0,I,node32node83,2,timber
flow_timber_node32node83_t3,0.0,9.0,I,node32node83,3,timber
flow_timber_node32node83_t4,0.0,9.0,I,node32node83,4,timber
flow_timber_node32node83_t5,0.0,9.0,I,node32node83,5,timber
flow_wide_node32node83_t1,0.0,9.0,I,node32node83,1,wide
flow_wide_node32node83_t2,0.0,9.0,I,node32node83,2,wide
flow_wide_node32node83_t3,0.0,9.0,I,node32node83,3,wide
flow_wide_node32node83_t4,0.0,9.0,I,node32node83,4,wide
flow_wide_node32node83_t5,0.0,9.0,I,node32node83,5,wide
flow_timber_node32node87_t1,0.0,9.0,I,node32node87,1,timber
flow_timber_node32node87_t2,0.0,9.0,I,node32node87,2,timber
flow_timber_node32node87_t3,0.0,9.0,I,node32node87,3,timber
flow_timber_node32node87_t4,0.0,9.0,I,node32node87,4,timber
flow_timber_node32node87_t5,0.0,9.0,I,node32node87,5,timber
flow_wide_node32node87_t1,0.0,9.0,I,node32node87,1,wide
flow_wide_node32node87_t2,0.0,9.0,I,node32node87,2,wide
flow_wide_node32node87_t3,0.0,9.0,I,node32node87,3,wide
flow_wide_node32node87_t4,0.0,9.0,I,node32node87,4,wide
flow_wide_node32node87_t5,0.0,9.0,I,node32node87,5,wide
flow_timber_node36node32_t1,0.0,9.0,I,node36node32,1,timber
flow_timber_node36node32_t2,0.0,9.0,I,node36node32,2,timber
flow_timber_node36node32_t3,0.0,9.0,I,node36node32,3,timber
flow_timber_node36node32_t4,0.0,9.0,I,node36node32,4,timber
flow_timber_node36node32_t5,0.0,9.0,I,node36node32,5,timber
flow_wide_node36node32_t1,0.0,9.0,I,node36node32,1,wide
flow_wide_node36node32_t2,0.0,9.0,I,node36node32,2,wide
flow_wide_node36node32_t3,0.0,9.0,I,node36node32,3,wide
flow_wide_node36node32_t4,0.0,9.0,I,node36node32,4,wide
flow_wide_node36node32_t5,0.0,9.0,I,node36node32,5,wide
flow_timber_node36node50_t1,0.0,9.0,I,node36node50,1,timber
flow_timber_node36node50_t2,0.0,9.0,I,node36node50,2,timber
flow_timber_node36node50_t3,0.0,9.0,I,node36node50,3,timber
flow_timber_node36node50_t4,0.0,9.0,I,node36node50,4,timber
flow_timber_node36node50_t5,0.0,9.0,I,node36node50,5,timber
flow_wide_node36node50_t1,0.0,9.0,I,node36node50,1,wide
flow_wide_node36node50_t2,0.0,9.0,I,node36node50,2,wide
flow_wide_node36node50_t3,0.0,9.0,I,node36node50,3,wide
flow_wide_node36node50_t4,0.0,9.0,I,node36node50,4,wide
flow_wide_node36node50_t5,0.0,9.0,I,node36node50,5,wide
flow_timber_node36node52_t1,0.0,9.0,I,node36node52,1,timber
flow_timber_node36node52_t2,0.0,9.0,I,node36node52,2,timber
flow_timber_node36node52_t3,0.0,9.0,I,node36node52,3,timber
flow_timber_node36node52_t4,0.0,9.0,I,node36node52,4,timber
flow_timber_node36node52_t5,0.0,9.0,I,node36node52,5,timber
flow_wide_node36node52_t1,0.0,9.0,I,node36node52,1,wide
flow_wide_node36node52_t2,0.0,9.0,I,node36node52,2,wide
flow_wide_node36node52_t3,0.0,9.0,I,node36node52,3,wide
flow_wide_node36node52_t4,0.0,9.0,I,node36node52,4,wide
flow_wide_node36node52_t5,0.0,9.0,I,node36node52,5,wide
flow_timber_node36node87_t1,0.0,9.0,I,node36node87,1,timber
flow_timber_node36node87_t2,0.0,9.0,I,node36node87,2,timber
flow_timber_node36node87_t3,0.0,9.0,I,node36node87,3,timber
flow_timber_node36node87_t4,0.0,9.0,I,node36node87,4,timber
flow_timber_node36node87_t5,0.0,9.0,I,node36node87,5,timber
flow_wide_node36node87_t1,0.0,9.0,I,node36node87,1,wide
flow_wide_node36node87_t2,0.0,9.0,I,node36node87,2,wide
flow_wide_node36node87_t3,0.0,9.0,I,node36node87,3,wide
flow_wide_node36node87_t4,0.0,9.0,I,node36node87,4,wide
flow_wide_node36node87_t5,0.0,9.0,I,node36node87,5,wide
flow_timber_node36node91_t1,0.0,9.0,I,node36node91,1,timber
flow_timber_node36node91_t2,0.0,9.0,I,node36node91,2,timber
flow_timber_node36node91_t3,0.0,9.0,I,node36node91,3,timber
flow_timber_node36node91_t4,0.0,9.0,I,node36node91,4,timber
flow_timber_node36node91_t5,0.0,9.0,I,node36node91,5,timber
flow_wide_node36node91_t1,0.0,9.0,I,node36node91,1,wide
flow_wide_node36node91_t2,0.0,9.0,I,node36node91,2,wide
flow_wide_node36node91_t3,0.0,9.0,I,node36node91,3,wide
flow_wide_node36node91_t4,0.0,9.0,I,node36node91,4,wide
flow_wide_node36node91_t5,0.0,9.0,I,node36node91,5,wide
flow_timber_node71node34_t1,0.0,9.0,I,node71node34,1,timber
flow_timber_node71node34_t2,0.0,9.0,I,node71node34,2,timber
flow_timber_node71node34_t3,0.0,9.0,I,node71node34,3,timber
flow_timber_node71node34_t4,0.0,9.0,I,node71node34,4,timber
flow_timber_node71node34_t5,0.0,9.0,I,node71node34,5,timber
flow_wide_node71node34_t1,0.0,9.0,I,node71node34,1,wide
flow_wide_node71node34_t2,0.0,9.0,I,node71node34,2,wide
flow_wide_node71node34_t3,0.0,9.0,I,node71node34,3,wide
flow_wide_node71node34_t4,0.0,9.0,I,node71node34,4,wide
flow_wide_node71node34_t5,0.0,9.0,I,node71node34,5,wide
flow_timber_node71node70_t1,0.0,9.0,I,node71node70,1,timber
flow_timber_node71node70_t2,0.0,9.0,I,node71node70,2,timber
flow_timber_node71node70_t3,0.0,9.0,I,node71node70,3,timber
flow_timber_node71node70_t4,0.0,9.0,I,node71node70,4,timber
flow_timber_node71node70_t5,0.0,9.0,I,node71node70,5,timber
flow_wide_node71node70_t1,0.0,9.0,I,node71node70,1,wide
flow_wide_node71node70_t2,0.0,9.0,I,node71node70,2,wide
flow_wide_node71node70_t3,0.0,9.0,I,node71node70,3,wide
flow_wide_node71node70_t4,0.0,9.0,I,node71node70,4,wide
flow_wide_node71node70_t5,0.0,9.0,I,node71node70,5,wide
flow_timber_node71node89_t1,0.0,9.0,I,node71node89,1,timber
flow_timber_node71node89_t2,0.0,9.0,I,node71node89,2,timber
flow_timber_node71node89_t3,0.0,9.0,I,node71node89,3,timber
flow_timber_node71node89_t4,0.0,9.0,I,node71node89,4,timber
flow_timber_node71node89_t5,0.0,9.0,I,node71node89,5,timber
flow_wide_node71node89_t1,0.0,9.0,I,node71node89,1,wide
flow_wide_node71node89_t2,0.0,9.0,I,node71node89,2,wide
flow_wide_node71node89_t3,0.0,9.0,I,node71node89,3,wide
flow_wide_node71node89_t4,0.0,9.0,I,node71node89,4,wide
flow_wide_node71node89_t5,0.0,9.0,I,node71node89,5,wide
flow_timber_node51node38_t1,0.0,9.0,I,node51node38,1,timber
flow_timber_node51node38_t2,0.0,9.0,I,node51node38,2,timber
flow_timber_node51node38_t3,0.0,9.0,I,node51node38,3,timber
flow_timber_node51node38_t4,0.0,9.0,I,node51node38,4,timber
flow_timber_node51node38_t5,0.0,9.0,I,node51node38,5,timber
flow_wide_node51node38_t1,0.0,9.0,I,node51node38,1,wide
flow_wide_node51node38_t2,0.0,9.0,I,node51node38,2,wide
flow_wide_node51node38_t3,0.0,9.0,I,node51node38,3,wide
flow_wide_node51node38_t4,0.0,9.0,I,node51node38,4,wide
flow_wide_node51node38_t5,0.0,9.0,I,node51node38,5,wide
flow_timber_node51node60_t1,0.0,9.0,I,node51node60,1,timber
flow_timber_node51node60_t2,0.0,9.0,I,node51node60,2,timber
flow_timber_node51node60_t3,0.0,9.0,I,node51node60,3,timber
flow_timber_node51node60_t4,0.0,9.0,I,node51node60,4,timber
flow_timber_node51node60_t5,0.0,9.0,I,node51node60,5,timber
flow_wide_node51node60_t1,0.0,9.0,I,node51node60,1,wide
flow_wide_node51node60_t2,0.0,9.0,I,node51node60,2,wide
flow_wide_node51node60_t3,0.0,9.0,I,node51node60,3,wide
flow_wide_node51node60_t4,0.0,9.0,I,node51node60,4,wide
flow_wide_node51node60_t5,0.0,9.0,I,node51node60,5,wide
flow_timber_node51node79_t1,0.0,9.0,I,node51node79,1,timber
flow_timber_node51node79_t2,0.0,9.0,I,node51node79,2,timber
flow_timber_node51node79_t3,0.0,9.0,I,node51node79,3,timber
flow_timber_node51node79_t4,0.0,9.0,I,node51node79,4,timber
flow_timber_node51node79_t5,0.0,9.0,I,node51node79,5,timber
flow_wide_node51node79_t1,0.0,9.0,I,node51node79,1,wide
flow_wide_node51node79_t2,0.0,9.0,I,node51node79,2,wide
flow_wide_node51node79_t3,0.0,9.0,I,node51node79,3,wide
flow_wide_node51node79_t4,0.0,9.0,I,node51node79,4,wide
flow_wide_node51node79_t5,0.0,9.0,I,node51node79,5,wide
flow_timber_node51node81_t1,0.0,9.0,I,node51node81,1,timber
flow_timber_node51node81_t2,0.0,9.0,I,node51node81,2,timber
flow_timber_node51node81_t3,0.0,9.0,I,node51node81,3,timber
flow_timber_node51node81_t4,0.0,9.0,I,node51node81,4,timber
flow_timber_node51node81_t5,0.0,9.0,I,node51node81,5,timber
flow_wide_node51node81_t1,0.0,9.0,I,node51node81,1,wide
flow_wide_node51node81_t2,0.0,9.0,I,node51node81,2,wide
flow_wide_node51node81_t3,0.0,9.0,I,node51node81,3,wide
flow_wide_node51node81_t4,0.0,9.0,I,node51node81,4,wide
flow_wide_node51node81_t5,0.0,9.0,I,node51node81,5,wide
flow_timber_node67node39_t1,0.0,9.0,I,node67node39,1,timber
flow_timber_node67node39_t2,0.0,9.0,I,node67node39,2,timber
flow_timber_node67node39_t3,0.0,9.0,I,node67node39,3,timber
flow_timber_node67node39_t4,0.0,9.0,I,node67node39,4,timber
flow_timber_node67node39_t5,0.0,9.0,I,node67node39,5,timber
flow_wide_node67node39_t1,0.0,9.0,I,node67node39,1,wide
flow_wide_node67node39_t2,0.0,9.0,I,node67node39,2,wide
flow_wide_node67node39_t3,0.0,9.0,I,node67node39,3,wide
flow_wide_node67node39_t4,0.0,9.0,I,node67node39,4,wide
flow_wide_node67node39_t5,0.0,9.0,I,node67node39,5,wide
flow_timber_node67node53_t1,0.0,9.0,I,node67node53,1,timber
flow_timber_node67node53_t2,0.0,9.0,I,node67node53,2,timber
flow_timber_node67node53_t3,0.0,9.0,I,node67node53,3,timber
flow_timber_node67node53_t4,0.0,9.0,I,node67node53,4,timber
flow_timber_node67node53_t5,0.0,9.0,I,node67node53,5,timber
flow_wide_node67node53_t1,0.0,9.0,I,node67node53,1,wide
flow_wide_node67node53_t2,0.0,9.0,I,node67node53,2,wide
flow_wide_node67node53_t3,0.0,9.0,I,node67node53,3,wide
flow_wide_node67node53_t4,0.0,9.0,I,node67node53,4,wide
flow_wide_node67node53_t5,0.0,9.0,I,node67node53,5,wide
flow_timber_node67node85_t1,0.0,9.0,I,node67node85,1,timber
flow_timber_node67node85_t2,0.0,9.0,I,node67node85,2,timber
flow_timber_node67node85_t3,0.0,9.0,I,node67node85,3,timber
flow_timber_node67node85_t4,0.0,9.0,I,node67node85,4,timber
flow_timber_node67node85_t5,0.0,9.0,I,node67node85,5,timber
flow_wide_node67node85_t1,0.0,9.0,I,node67node85,1,wide
flow_wide_node67node85_t2,0.0,9.0,I,node67node85,2,wide
flow_wide_node67node85_t3,0.0,9.0,I,node67node85,3,wide
flow_wide_node67node85_t4,0.0,9.0,I,node67node85,4,wide
flow_wide_node67node85_t5,0.0,9.0,I,node67node85,5,wide
flow_timber_node42node45_t1,0.0,9.0,I,node42node45,1,timber
flow_timber_node42node45_t2,0.0,9.0,I,node42node45,2,timber
flow_timber_node42node45_t3,0.0,9.0,I,node42node45,3,timber
flow_timber_node42node45_t4,0.0,9.0,I,node42node45,4,timber
flow_timber_node42node45_t5,0.0,9.0,I,node42node45,5,timber
flow_wide_node42node45_t1,0.0,9.0,I,node42node45,1,wide
flow_wide_node42node45_t2,0.0,9.0,I,node42node45,2,wide
flow_wide_node42node45_t3,0.0,9.0,I,node42node45,3,wide
flow_wide_node42node45_t4,0.0,9.0,I,node42node45,4,wide
flow_wide_node42node45_t5,0.0,9.0,I,node42node45,5,wide
flow_timber_node42node46_t1,0.0,9.0,I,node42node46,1,timber
flow_timber_node42node46_t2,0.0,9.0,I,node42node46,2,timber
flow_timber_node42node46_t3,0.0,9.0,I,node42node46,3,timber
flow_timber_node42node46_t4,0.0,9.0,I,node42node46,4,timber
flow_timber_node42node46_t5,0.0,9.0,I,node42node46,5,timber
flow_wide_node42node46_t1,0.0,9.0,I,node42node46,1,wide
flow_wide_node42node46_t2,0.0,9.0,I,node42node46,2,wide
flow_wide_node42node46_t3,0.0,9.0,I,node42node46,3,wide
flow_wide_node42node46_t4,0.0,9.0,I,node42node46,4,wide
flow_wide_node42node46_t5,0.0,9.0,I,node42node46,5,wide
flow_timber_node42node78_t1,0.0,9.0,I,node42node78,1,timber
flow_timber_node42node78_t2,0.0,9.0,I,node42node78,2,timber
flow_timber_node42node78_t3,0.0,9.0,I,node42node78,3,timber
flow_timber_node42node78_t4,0.0,9.0,I,node42node78,4,timber
flow_timber_node42node78_t5,0.0,9.0,I,node42node78,5,timber
flow_wide_node42node78_t1,0.0,9.0,I,node42node78,1,wide
flow_wide_node42node78_t2,0.0,9.0,I,node42node78,2,wide
flow_wide_node42node78_t3,0.0,9.0,I,node42node78,3,wide
flow_wide_node42node78_t4,0.0,9.0,I,node42node78,4,wide
flow_wide_node42node78_t5,0.0,9.0,I,node42node78,5,wide
flow_timber_node78node42_t1,0.0,9.0,I,node78node42,1,timber
flow_timber_node78node42_t2,0.0,9.0,I,node78node42,2,timber
flow_timber_node78node42_t3,0.0,9.0,I,node78node42,3,timber
flow_timber_node78node42_t4,0.0,9.0,I,node78node42,4,timber
flow_timber_node78node42_t5,0.0,9.0,I,node78node42,5,timber
flow_wide_node78node42_t1,0.0,9.0,I,node78node42,1,wide
flow_wide_node78node42_t2,0.0,9.0,I,node78node42,2,wide
flow_wide_node78node42_t3,0.0,9.0,I,node78node42,3,wide
flow_wide_node78node42_t4,0.0,9.0,I,node78node42,4,wide
flow_wide_node78node42_t5,0.0,9.0,I,node78node42,5,wide
flow_timber_node78node45_t1,0.0,9.0,I,node78node45,1,timber
flow_timber_node78node45_t2,0.0,9.0,I,node78node45,2,timber
flow_timber_node78node45_t3,0.0,9.0,I,node78node45,3,timber
flow_timber_node78node45_t4,0.0,9.0,I,node78node45,4,timber
flow_timber_node78node45_t5,0.0,9.0,I,node78node45,5,timber
flow_wide_node78node45_t1,0.0,9.0,I,node78node45,1,wide
flow_wide_node78node45_t2,0.0,9.0,I,node78node45,2,wide
flow_wide_node78node45_t3,0.0,9.0,I,node78node45,3,wide
flow_wide_node78node45_t4,0.0,9.0,I,node78node45,4,wide
flow_wide_node78node45_t5,0.0,9.0,I,node78node45,5,wide
flow_timber_node78node46_t1,0.0,9.0,I,node78node46,1,timber
flow_timber_node78node46_t2,0.0,9.0,I,node78node46,2,timber
flow_timber_node78node46_t3,0.0,9.0,I,node78node46,3,timber
flow_timber_node78node46_t4,0.0,9.0,I,node78node46,4,timber
flow_timber_node78node46_t5,0.0,9.0,I,node78node46,5,timber
flow_wide_node78node46_t1,0.0,9.0,I,node78node46,1,wide
flow_wide_node78node46_t2,0.0,9.0,I,node78node46,2,wide
flow_wide_node78node46_t3,0.0,9.0,I,node78node46,3,wide
flow_wide_node78node46_t4,0.0,9.0,I,node78node46,4,wide
flow_wide_node78node46_t5,0.0,9.0,I,node78node46,5,wide
flow_timber_node55node49_t1,0.0,9.0,I,node55node49,1,timber
flow_timber_node55node49_t2,0.0,9.0,I,node55node49,2,timber
flow_timber_node55node49_t3,0.0,9.0,I,node55node49,3,timber
flow_timber_node55node49_t4,0.0,9.0,I,node55node49,4,timber
flow_timber_node55node49_t5,0.0,9.0,I,node55node49,5,timber
flow_wide_node55node49_t1,0.0,9.0,I,node55node49,1,wide
flow_wide_node55node49_t2,0.0,9.0,I,node55node49,2,wide
flow_wide_node55node49_t3,0.0,9.0,I,node55node49,3,wide
flow_wide_node55node49_t4,0.0,9.0,I,node55node49,4,wide
flow_wide_node55node49_t5,0.0,9.0,I,node55node49,5,wide
flow_timber_node55node58_t1,0.0,9.0,I,node55node58,1,timber
flow_timber_node55node58_t2,0.0,9.0,I,node55node58,2,timber
flow_timber_node55node58_t3,0.0,9.0,I,node55node58,3,timber
flow_timber_node55node58_t4,0.0,9.0,I,node55node58,4,timber
flow_timber_node55node58_t5,0.0,9.0,I,node55node58,5,timber
flow_wide_node55node58_t1,0.0,9.0,I,node55node58,1,wide
flow_wide_node55node58_t2,0.0,9.0,I,node55node58,2,wide
flow_wide_node55node58_t3,0.0,9.0,I,node55node58,3,wide
flow_wide_node55node58_t4,0.0,9.0,I,node55node58,4,wide
flow_wide_node55node58_t5,0.0,9.0,I,node55node58,5,wide
flow_timber_node55node75_t1,0.0,9.0,I,node55node75,1,timber
flow_timber_node55node75_t2,0.0,9.0,I,node55node75,2,timber
flow_timber_node55node75_t3,0.0,9.0,I,node55node75,3,timber
flow_timber_node55node75_t4,0.0,9.0,I,node55node75,4,timber
flow_timber_node55node75_t5,0.0,9.0,I,node55node75,5,timber
flow_wide_node55node75_t1,0.0,9.0,I,node55node75,1,wide
flow_wide_node55node75_t2,0.0,9.0,I,node55node75,2,wide
flow_wide_node55node75_t3,0.0,9.0,I,node55node75,3,wide
flow_wide_node55node75_t4,0.0,9.0,I,node55node75,4,wide
flow_wide_node55node75_t5,0.0,9.0,I,node55node75,5,wide
flow_timber_node53node64_t1,0.0,9.0,I,node53node64,1,timber
flow_timber_node53node64_t2,0.0,9.0,I,node53node64,2,timber
flow_timber_node53node64_t3,0.0,9.0,I,node53node64,3,timber
flow_timber_node53node64_t4,0.0,9.0,I,node53node64,4,timber
flow_timber_node53node64_t5,0.0,9.0,I,node53node64,5,timber
flow_wide_node53node64_t1,0.0,9.0,I,node53node64,1,wide
flow_wide_node53node64_t2,0.0,9.0,I,node53node64,2,wide
flow_wide_node53node64_t3,0.0,9.0,I,node53node64,3,wide
flow_wide_node53node64_t4,0.0,9.0,I,node53node64,4,wide
flow_wide_node53node64_t5,0.0,9.0,I,node53node64,5,wide
flow_timber_node53node67_t1,0.0,9.0,I,node53node67,1,timber
flow_timber_node53node67_t2,0.0,9.0,I,node53node67,2,timber
flow_timber_node53node67_t3,0.0,9.0,I,node53node67,3,timber
flow_timber_node53node67_t4,0.0,9.0,I,node53node67,4,timber
flow_timber_node53node67_t5,0.0,9.0,I,node53node67,5,timber
flow_wide_node53node67_t1,0.0,9.0,I,node53node67,1,wide
flow_wide_node53node67_t2,0.0,9.0,I,node53node67,2,wide
flow_wide_node53node67_t3,0.0,9.0,I,node53node67,3,wide
flow_wide_node53node67_t4,0.0,9.0,I,node53node67,4,wide
flow_wide_node53node67_t5,0.0,9.0,I,node53node67,5,wide
flow_timber_node53node63_t1,0.0,9.0,I,node53node63,1,timber
flow_timber_node53node63_t2,0.0,9.0,I,node53node63,2,timber
flow_timber_node53node63_t3,0.0,9.0,I,node53node63,3,timber
flow_timber_node53node63_t4,0.0,9.0,I,node53node63,4,timber
flow_timber_node53node63_t5,0.0,9.0,I,node53node63,5,timber
flow_wide_node53node63_t1,0.0,9.0,I,node53node63,1,wide
flow_wide_node53node63_t2,0.0,9.0,I,node53node63,2,wide
flow_wide_node53node63_t3,0.0,9.0,I,node53node63,3,wide
flow_wide_node53node63_t4,0.0,9.0,I,node53node63,4,wide
flow_wide_node53node63_t5,0.0,9.0,I,node53node63,5,wide
flow_timber_node53node82_t1,0.0,9.0,I,node53node82,1,timber
flow_timber_node53node82_t2,0.0,9.0,I,node53node82,2,timber
flow_timber_node53node82_t3,0.0,9.0,I,node53node82,3,timber
flow_timber_node53node82_t4,0.0,9.0,I,node53node82,4,timber
flow_timber_node53node82_t5,0.0,9.0,I,node53node82,5,timber
flow_wide_node53node82_t1,0.0,9.0,I,node53node82,1,wide
flow_wide_node53node82_t2,0.0,9.0,I,node53node82,2,wide
flow_wide_node53node82_t3,0.0,9.0,I,node53node82,3,wide
flow_wide_node53node82_t4,0.0,9.0,I,node53node82,4,wide
flow_wide_node53node82_t5,0.0,9.0,I,node53node82,5,wide
flow_timber_node53node85_t1,0.0,9.0,I,node53node85,1,timber
flow_timber_node53node85_t2,0.0,9.0,I,node53node85,2,timber
flow_timber_node53node85_t3,0.0,9.0,I,node53node85,3,timber
flow_timber_node53node85_t4,0.0,9.0,I,node53node85,4,timber
flow_timber_node53node85_t5,0.0,9.0,I,node53node85,5,timber
flow_wide_node53node85_t1,0.0,9.0,I,node53node85,1,wide
flow_wide_node53node85_t2,0.0,9.0,I,node53node85,2,wide
flow_wide_node53node85_t3,0.0,9.0,I,node53node85,3,wide
flow_wide_node53node85_t4,0.0,9.0,I,node53node85,4,wide
flow_wide_node53node85_t5,0.0,9.0,I,node53node85,5,wide
flow_timber_node65node54_t1,0.0,9.0,I,node65node54,1,timber
flow_timber_node65node54_t2,0.0,9.0,I,node65node54,2,timber
flow_timber_node65node54_t3,0.0,9.0,I,node65node54,3,timber
flow_timber_node65node54_t4,0.0,9.0,I,node65node54,4,timber
flow_timber_node65node54_t5,0.0,9.0,I,node65node54,5,timber
flow_wide_node65node54_t1,0.0,9.0,I,node65node54,1,wide
flow_wide_node65node54_t2,0.0,9.0,I,node65node54,2,wide
flow_wide_node65node54_t3,0.0,9.0,I,node65node54,3,wide
flow_wide_node65node54_t4,0.0,9.0,I,node65node54,4,wide
flow_wide_node65node54_t5,0.0,9.0,I,node65node54,5,wide
flow_timber_node65node66_t1,0.0,9.0,I,node65node66,1,timber
flow_timber_node65node66_t2,0.0,9.0,I,node65node66,2,timber
flow_timber_node65node66_t3,0.0,9.0,I,node65node66,3,timber
flow_timber_node65node66_t4,0.0,9.0,I,node65node66,4,timber
flow_timber_node65node66_t5,0.0,9.0,I,node65node66,5,timber
flow_wide_node65node66_t1,0.0,9.0,I,node65node66,1,wide
flow_wide_node65node66_t2,0.0,9.0,I,node65node66,2,wide
flow_wide_node65node66_t3,0.0,9.0,I,node65node66,3,wide
flow_wide_node65node66_t4,0.0,9.0,I,node65node66,4,wide
flow_wide_node65node66_t5,0.0,9.0,I,node65node66,5,wide
flow_timber_node65node84_t1,0.0,9.0,I,node65node84,1,timber
flow_timber_node65node84_t2,0.0,9.0,I,node65node84,2,timber
flow_timber_node65node84_t3,0.0,9.0,I,node65node84,3,timber
flow_timber_node65node84_t4,0.0,9.0,I,node65node84,4,timber
flow_timber_node65node84_t5,0.0,9.0,I,node65node84,5,timber
flow_wide_node65node84_t1,0.0,9.0,I,node65node84,1,wide
flow_wide_node65node84_t2,0.0,9.0,I,node65node84,2,wide
flow_wide_node65node84_t3,0.0,9.0,I,node65node84,3,wide
flow_wide_node65node84_t4,0.0,9.0,I,node65node84,4,wide
flow_wide_node65node84_t5,0.0,9.0,I,node65node84,5,wide
flow_timber_node58node55_t1,0.0,9.0,I,node58node55,1,timber
flow_timber_node58node55_t2,0.0,9.0,I,node58node55,2,timber
flow_timber_node58node55_t3,0.0,9.0,I,node58node55,3,timber
flow_timber_node58node55_t4,0.0,9.0,I,node58node55,4,timber
flow_timber_node58node55_t5,0.0,9.0,I,node58node55,5,timber
flow_wide_node58node55_t1,0.0,9.0,I,node58node55,1,wide
flow_wide_node58node55_t2,0.0,9.0,I,node58node55,2,wide
flow_wide_node58node55_t3,0.0,9.0,I,node58node55,3,wide
flow_wide_node58node55_t4,0.0,9.0,I,node58node55,4,wide
flow_wide_node58node55_t5,0.0,9.0,I,node58node55,5,wide
flow_timber_node58node56_t1,0.0,9.0,I,node58node56,1,timber
flow_timber_node58node56_t2,0.0,9.0,I,node58node56,2,timber
flow_timber_node58node56_t3,0.0,9.0,I,node58node56,3,timber
flow_timber_node58node56_t4,0.0,9.0,I,node58node56,4,timber
flow_timber_node58node56_t5,0.0,9.0,I,node58node56,5,timber
flow_wide_node58node56_t1,0.0,9.0,I,node58node56,1,wide
flow_wide_node58node56_t2,0.0,9.0,I,node58node56,2,wide
flow_wide_node58node56_t3,0.0,9.0,I,node58node56,3,wide
flow_wide_node58node56_t4,0.0,9.0,I,node58node56,4,wide
flow_wide_node58node56_t5,0.0,9.0,I,node58node56,5,wide
flow_timber_node58node75_t1,0.0,9.0,I,node58node75,1,timber
flow_timber_node58node75_t2,0.0,9.0,I,node58node75,2,timber
flow_timber_node58node75_t3,0.0,9.0,I,node58node75,3,timber
flow_timber_node58node75_t4,0.0,9.0,I,node58node75,4,timber
flow_timber_node58node75_t5,0.0,9.0,I,node58node75,5,timber
flow_wide_node58node75_t1,0.0,9.0,I,node58node75,1,wide
flow_wide_node58node75_t2,0.0,9.0,I,node58node75,2,wide
flow_wide_node58node75_t3,0.0,9.0,I,node58node75,3,wide
flow_wide_node58node75_t4,0.0,9.0,I,node58node75,4,wide
flow_wide_node58node75_t5,0.0,9.0,I,node58node75,5,wide
