variable,value
C_timber_node1node42_t1,1.0
C_timber_node1node42_t2,1.0
C_timber_node1node42_t3,1.0
C_timber_node1node42_t4,1.0
C_timber_node1node42_t5,1.0
C_wide_node1node42_t1,1.0
C_wide_node1node42_t2,1.0
C_wide_node1node42_t3,1.0
C_wide_node1node42_t4,1.0
C_wide_node1node42_t5,1.0
C_timber_node1node4_t1,1.0
C_timber_node1node4_t2,1.0
C_timber_node1node4_t3,1.0
C_timber_node1node4_t4,1.0
C_timber_node1node4_t5,1.0
C_wide_node1node4_t1,1.0
C_wide_node1node4_t2,1.0
C_wide_node1node4_t3,1.0
C_wide_node1node4_t4,1.0
C_wide_node1node4_t5,1.0
C_timber_node1node39_t1,1.0
C_timber_node1node39_t2,1.0
C_timber_node1node39_t3,1.0
C_timber_node1node39_t4,1.0
C_timber_node1node39_t5,1.0
C_wide_node1node39_t1,1.0
C_wide_node1node39_t2,1.0
C_wide_node1node39_t3,1.0
C_wide_node1node39_t4,1.0
C_wide_node1node39_t5,1.0
C_timber_node1node92_t1,1.0
C_timber_node1node92_t2,1.0
C_timber_node1node92_t3,1.0
C_timber_node1node92_t4,1.0
C_timber_node1node92_t5,1.0
C_wide_node1node92_t1,1.0
C_wide_node1node92_t2,1.0
C_wide_node1node92_t3,1.0
C_wide_node1node92_t4,1.0
C_wide_node1node92_t5,1.0
C_timber_node1node93_t1,1.0
C_timber_node1node93_t2,1.0
C_timber_node1node93_t3,1.0
C_timber_node1node93_t4,1.0
C_timber_node1node93_t5,1.0
C_wide_node1node93_t1,1.0
C_wide_node1node93_t2,1.0
C_wide_node1node93_t3,1.0
C_wide_node1node93_t4,1.0
C_wide_node1node93_t5,1.0
C_timber_node1node94_t1,1.0
C_timber_node1node94_t2,1.0
C_timber_node1node94_t3,1.0
C_timber_node1node94_t4,1.0
C_timber_node1node94_t5,1.0
C_wide_node1node94_t1,1.0
C_wide_node1node94_t2,1.0
C_wide_node1node94_t3,1.0
C_wide_node1node94_t4,1.0
C_wide_node1node94_t5,1.0
C_timber_node2node74_t1,1.0
C_timber_node2node74_t2,1.0
C_timber_node2node74_t3,1.0
C_timber_node2node74_t4,1.0
C_timber_node2node74_t5,1.0
C_wide_node2node74_t1,1.0
C_wide_node2node74_t2,1.0
C_wide_node2node74_t3,1.0
C_wide_node2node74_t4,1.0
C_wide_node2node74_t5,1.0
C_timber_node2node79_t1,1.0
C_timber_node2node79_t2,1.0
C_timber_node2node79_t3,1.0
C_timber_node2node79_t4,1.0
C_timber_node2node79_t5,1.0
C_wide_node2node79_t1,1.0
C_wide_node2node79_t2,1.0
C_wide_node2node79_t3,1.0
C_wide_node2node79_t4,1.0
C_wide_node2node79_t5,1.0
C_timber_node2node50_t1,1.0
C_timber_node2node50_t2,1.0
C_timber_node2node50_t3,1.0
C_timber_node2node50_t4,1.0
C_timber_node2node50_t5,1.0
C_wide_node2node50_t1,1.0
C_wide_node2node50_t2,1.0
C_wide_node2node50_t3,1.0
C_wide_node2node50_t4,1.0
C_wide_node2node50_t5,1.0
C_timber_node2node98_t1,1.0
C_timber_node2node98_t2,1.0
C_timber_node2node98_t3,1.0
C_timber_node2node98_t4,1.0
C_timber_node2node98_t5,1.0
C_wide_node2node98_t1,1.0
C_wide_node2node98_t2,1.0
C_wide_node2node98_t3,1.0
C_wide_node2node98_t4,1.0
C_wide_node2node98_t5,1.0
C_timber_node2node100_t1,1.0
C_timber_node2node100_t2,1.0
C_timber_node2node100_t3,1.0
C_timber_node2node100_t4,1.0
C_timber_node2node100_t5,1.0
C_wide_node2node100_t1,1.0
C_wide_node2node100_t2,1.0
C_wide_node2node100_t3,1.0
C_wide_node2node100_t4,1.0
C_wide_node2node100_t5,1.0
C_timber_node3node54_t1,1.0
C_timber_node3node54_t2,1.0
C_timber_node3node54_t3,1.0
C_timber_node3node54_t4,1.0
C_timber_node3node54_t5,1.0
C_wide_node3node54_t1,1.0
C_wide_node3node54_t2,1.0
C_wide_node3node54_t3,1.0
C_wide_node3node54_t4,1.0
C_wide_node3node54_t5,1.0
C_timber_node3node18_t1,1.0
C_timber_node3node18_t2,1.0
C_timber_node3node18_t3,1.0
C_timber_node3node18_t4,1.0
C_timber_node3node18_t5,1.0
C_wide_node3node18_t1,1.0
C_wide_node3node18_t2,1.0
C_wide_node3node18_t3,1.0
C_wide_node3node18_t4,1.0
C_wide_node3node18_t5,1.0
C_timber_node3node59_t1,1.0
C_timber_node3node59_t2,1.0
C_timber_node3node59_t3,1.0
C_timber_node3node59_t4,1.0
C_timber_node3node59_t5,1.0
C_wide_node3node59_t1,1.0
C_wide_node3node59_t2,1.0
C_wide_node3node59_t3,1.0
C_wide_node3node59_t4,1.0
C_wide_node3node59_t5,1.0
C_timber_node3node96_t1,1.0
C_timber_node3node96_t2,1.0
C_timber_node3node96_t3,1.0
C_timber_node3node96_t4,1.0
C_timber_node3node96_t5,1.0
C_wide_node3node96_t1,1.0
C_wide_node3node96_t2,1.0
C_wide_node3node96_t3,1.0
C_wide_node3node96_t4,1.0
C_wide_node3node96_t5,1.0
C_timber_node3node101_t1,1.0
C_timber_node3node101_t2,1.0
C_timber_node3node101_t3,1.0
C_timber_node3node101_t4,1.0
C_timber_node3node101_t5,1.0
C_wide_node3node101_t1,1.0
C_wide_node3node101_t2,1.0
C_wide_node3node101_t3,1.0
C_wide_node3node101_t4,1.0
C_wide_node3node101_t5,1.0
C_timber_node4node46_t1,1.0
C_timber_node4node46_t2,1.0
C_timber_node4node46_t3,1.0
C_timber_node4node46_t4,1.0
C_timber_node4node46_t5,1.0
C_wide_node4node46_t1,1.0
C_wide_node4node46_t2,1.0
C_wide_node4node46_t3,1.0
C_wide_node4node46_t4,1.0
C_wide_node4node46_t5,1.0
C_timber_node4node24_t1,1.0
C_timber_node4node24_t2,1.0
C_timber_node4node24_t3,1.0
C_timber_node4node24_t4,1.0
C_timber_node4node24_t5,1.0
C_wide_node4node24_t1,1.0
C_wide_node4node24_t2,1.0
C_wide_node4node24_t3,1.0
C_wide_node4node24_t4,1.0
C_wide_node4node24_t5,1.0
C_timber_node4node93_t1,1.0
C_timber_node4node93_t2,1.0
C_timber_node4node93_t3,1.0
C_timber_node4node93_t4,1.0
C_timber_node4node93_t5,1.0
C_wide_node4node93_t1,1.0
C_wide_node4node93_t2,1.0
C_wide_node4node93_t3,1.0
C_wide_node4node93_t4,1.0
C_wide_node4node93_t5,1.0
C_timber_node4node94_t1,1.0
C_timber_node4node94_t2,1.0
C_timber_node4node94_t3,1.0
C_timber_node4node94_t4,1.0
C_timber_node4node94_t5,1.0
C_wide_node4node94_t1,1.0
C_wide_node4node94_t2,1.0
C_wide_node4node94_t3,1.0
C_wide_node4node94_t4,1.0
C_wide_node4node94_t5,1.0
C_timber_node4node95_t1,1.0
C_timber_node4node95_t2,1.0
C_timber_node4node95_t3,1.0
C_timber_node4node95_t4,1.0
C_timber_node4node95_t5,1.0
C_wide_node4node95_t1,1.0
C_wide_node4node95_t2,1.0
C_wide_node4node95_t3,1.0
C_wide_node4node95_t4,1.0
C_wide_node4node95_t5,1.0
C_timber_node5node43_t1,1.0
C_timber_node5node43_t2,1.0
C_timber_node5node43_t3,1.0
C_timber_node5node43_t4,1.0
C_timber_node5node43_t5,1.0
C_wide_node5node43_t1,1.0
C_wide_node5node43_t2,1.0
C_wide_node5node43_t3,1.0
C_wide_node5node43_t4,1.0
C_wide_node5node43_t5,1.0
C_timber_node5node11_t1,1.0
C_timber_node5node11_t2,1.0
C_timber_node5node11_t3,1.0
C_timber_node5node11_t4,1.0
C_timber_node5node11_t5,1.0
C_wide_node5node11_t1,1.0
C_wide_node5node11_t2,1.0
C_wide_node5node11_t3,1.0
C_wide_node5node11_t4,1.0
C_wide_node5node11_t5,1.0
C_timber_node5node57_t1,1.0
C_timber_node5node57_t2,1.0
C_timber_node5node57_t3,1.0
C_timber_node5node57_t4,1.0
C_timber_node5node57_t5,1.0
C_wide_node5node57_t1,1.0
C_wide_node5node57_t2,1.0
C_wide_node5node57_t3,1.0
C_wide_node5node57_t4,1.0
C_wide_node5node57_t5,1.0
C_timber_node5node91_t1,1.0
C_timber_node5node91_t2,1.0
C_timber_node5node91_t3,1.0
C_timber_node5node91_t4,1.0
C_timber_node5node91_t5,1.0
C_wide_node5node91_t1,1.0
C_wide_node5node91_t2,1.0
C_wide_node5node91_t3,1.0
C_wide_node5node91_t4,1.0
C_wide_node5node91_t5,1.0
C_timber_node5node99_t1,1.0
C_timber_node5node99_t2,1.0
C_timber_node5node99_t3,1.0
C_timber_node5node99_t4,1.0
C_timber_node5node99_t5,1.0
C_wide_node5node99_t1,1.0
C_wide_node5node99_t2,1.0
C_wide_node5node99_t3,1.0
C_wide_node5node99_t4,1.0
C_wide_node5node99_t5,1.0
C_timber_node6node22_t1,1.0
C_timber_node6node22_t2,1.0
C_timber_node6node22_t3,1.0
C_timber_node6node22_t4,1.0
C_timber_node6node22_t5,1.0
C_wide_node6node22_t1,1.0
C_wide_node6node22_t2,1.0
C_wide_node6node22_t3,1.0
C_wide_node6node22_t4,1.0
C_wide_node6node22_t5,1.0
C_timber_node6node25_t1,1.0
C_timber_node6node25_t2,1.0
C_timber_node6node25_t3,1.0
C_timber_node6node25_t4,1.0
C_timber_node6node25_t5,1.0
C_wide_node6node25_t1,1.0
C_wide_node6node25_t2,1.0
C_wide_node6node25_t3,1.0
C_wide_node6node25_t4,1.0
C_wide_node6node25_t5,1.0
C_timber_node6node54_t1,1.0
C_timber_node6node54_t2,1.0
C_timber_node6node54_t3,1.0
C_timber_node6node54_t4,1.0
C_timber_node6node54_t5,1.0
C_wide_node6node54_t1,1.0
C_wide_node6node54_t2,1.0
C_wide_node6node54_t3,1.0
C_wide_node6node54_t4,1.0
C_wide_node6node54_t5,1.0
C_timber_node6node96_t1,1.0
C_timber_node6node96_t2,1.0
C_timber_node6node96_t3,1.0
C_timber_node6node96_t4,1.0
C_timber_node6node96_t5,1.0
C_wide_node6node96_t1,1.0
C_wide_node6node96_t2,1.0
C_wide_node6node96_t3,1.0
C_wide_node6node96_t4,1.0
C_wide_node6node96_t5,1.0
C_timber_node6node102_t1,1.0
C_timber_node6node102_t2,1.0
C_timber_node6node102_t3,1.0
C_timber_node6node102_t4,1.0
C_timber_node6node102_t5,1.0
C_wide_node6node102_t1,1.0
C_wide_node6node102_t2,1.0
C_wide_node6node102_t3,1.0
C_wide_node6node102_t4,1.0
C_wide_node6node102_t5,1.0
C_timber_node6node108_t1,1.0
C_timber_node6node108_t2,1.0
C_timber_node6node108_t3,1.0
C_timber_node6node108_t4,1.0
C_timber_node6node108_t5,1.0
C_wide_node6node108_t1,1.0
C_wide_node6node108_t2,1.0
C_wide_node6node108_t3,1.0
C_wide_node6node108_t4,1.0
C_wide_node6node108_t5,1.0
C_timber_node7node23_t1,1.0
C_timber_node7node23_t2,1.0
C_timber_node7node23_t3,1.0
C_timber_node7node23_t4,1.0
C_timber_node7node23_t5,1.0
C_wide_node7node23_t1,1.0
C_wide_node7node23_t2,1.0
C_wide_node7node23_t3,1.0
C_wide_node7node23_t4,1.0
C_wide_node7node23_t5,1.0
C_timber_node7node15_t1,1.0
C_timber_node7node15_t2,1.0
C_timber_node7node15_t3,1.0
C_timber_node7node15_t4,1.0
C_timber_node7node15_t5,1.0
C_wide_node7node15_t1,1.0
C_wide_node7node15_t2,1.0
C_wide_node7node15_t3,1.0
C_wide_node7node15_t4,1.0
C_wide_node7node15_t5,1.0
C_timber_node7node34_t1,1.0
C_timber_node7node34_t2,1.0
C_timber_node7node34_t3,1.0
C_timber_node7node34_t4,1.0
C_timber_node7node34_t5,1.0
C_wide_node7node34_t1,1.0
C_wide_node7node34_t2,1.0
C_wide_node7node34_t3,1.0
C_wide_node7node34_t4,1.0
C_wide_node7node34_t5,1.0
C_timber_node7node105_t1,1.0
C_timber_node7node105_t2,1.0
C_timber_node7node105_t3,1.0
C_timber_node7node105_t4,1.0
C_timber_node7node105_t5,1.0
C_wide_node7node105_t1,1.0
C_wide_node7node105_t2,1.0
C_wide_node7node105_t3,1.0
C_wide_node7node105_t4,1.0
C_wide_node7node105_t5,1.0
C_timber_node7node106_t1,1.0
C_timber_node7node106_t2,1.0
C_timber_node7node106_t3,1.0
C_timber_node7node106_t4,1.0
C_timber_node7node106_t5,1.0
C_wide_node7node106_t1,1.0
C_wide_node7node106_t2,1.0
C_wide_node7node106_t3,1.0
C_wide_node7node106_t4,1.0
C_wide_node7node106_t5,1.0
C_timber_node8node51_t1,1.0
C_timber_node8node51_t2,1.0
C_timber_node8node51_t3,1.0
C_timber_node8node51_t4,1.0
C_timber_node8node51_t5,1.0
C_wide_node8node51_t1,1.0
C_wide_node8node51_t2,1.0
C_wide_node8node51_t3,1.0
C_wide_node8node51_t4,1.0
C_wide_node8node51_t5,1.0
C_timber_node8node30_t1,1.0
C_timber_node8node30_t2,1.0
C_timber_node8node30_t3,1.0
C_timber_node8node30_t4,1.0
C_timber_node8node30_t5,1.0
C_wide_node8node30_t1,1.0
C_wide_node8node30_t2,1.0
C_wide_node8node30_t3,1.0
C_wide_node8node30_t4,1.0
C_wide_node8node30_t5,1.0
C_timber_node8node52_t1,1.0
C_timber_node8node52_t2,1.0
C_timber_node8node52_t3,1.0
C_timber_node8node52_t4,1.0
C_timber_node8node52_t5,1.0
C_wide_node8node52_t1,1.0
C_wide_node8node52_t2,1.0
C_wide_node8node52_t3,1.0
C_wide_node8node52_t4,1.0
C_wide_node8node52_t5,1.0
C_timber_node8node107_t1,1.0
C_timber_node8node107_t2,1.0
C_timber_node8node107_t3,1.0
C_timber_node8node107_t4,1.0
C_timber_node8node107_t5,1.0
C_wide_node8node107_t1,1.0
C_wide_node8node107_t2,1.0
C_wide_node8node107_t3,1.0
C_wide_node8node107_t4,1.0
C_wide_node8node107_t5,1.0
C_timber_node8node109_t1,1.0
C_timber_node8node109_t2,1.0
C_timber_node8node109_t3,1.0
C_timber_node8node109_t4,1.0
C_timber_node8node109_t5,1.0
C_wide_node8node109_t1,1.0
C_wide_node8node109_t2,1.0
C_wide_node8node109_t3,1.0
C_wide_node8node109_t4,1.0
C_wide_node8node109_t5,1.0
C_timber_node9node33_t1,1.0
C_timber_node9node33_t2,1.0
C_timber_node9node33_t3,1.0
C_timber_node9node33_t4,1.0
C_timber_node9node33_t5,1.0
C_wide_node9node33_t1,1.0
C_wide_node9node33_t2,1.0
C_wide_node9node33_t3,1.0
C_wide_node9node33_t4,1.0
C_wide_node9node33_t5,1.0
C_timber_node9node34_t1,1.0
C_timber_node9node34_t2,1.0
C_timber_node9node34_t3,1.0
C_timber_node9node34_t4,1.0
C_timber_node9node34_t5,1.0
C_wide_node9node34_t1,1.0
C_wide_node9node34_t2,1.0
C_wide_node9node34_t3,1.0
C_wide_node9node34_t4,1.0
C_wide_node9node34_t5,1.0
C_timber_node9node38_t1,1.0
C_timber_node9node38_t2,1.0
C_timber_node9node38_t3,1.0
C_timber_node9node38_t4,1.0
C_timber_node9node38_t5,1.0
C_wide_node9node38_t1,1.0
C_wide_node9node38_t2,1.0
C_wide_node9node38_t3,1.0
C_wide_node9node38_t4,1.0
C_wide_node9node38_t5,1.0
C_timber_node9node111_t1,1.0
C_timber_node9node111_t2,1.0
C_timber_node9node111_t3,1.0
C_timber_node9node111_t4,1.0
C_timber_node9node111_t5,1.0
C_wide_node9node111_t1,1.0
C_wide_node9node111_t2,1.0
C_wide_node9node111_t3,1.0
C_wide_node9node111_t4,1.0
C_wide_node9node111_t5,1.0
C_timber_node9node113_t1,1.0
C_timber_node9node113_t2,1.0
C_timber_node9node113_t3,1.0
C_timber_node9node113_t4,1.0
C_timber_node9node113_t5,1.0
C_wide_node9node113_t1,1.0
C_wide_node9node113_t2,1.0
C_wide_node9node113_t3,1.0
C_wide_node9node113_t4,1.0
C_wide_node9node113_t5,1.0
C_timber_node10node87_t1,1.0
C_timber_node10node87_t2,1.0
C_timber_node10node87_t3,1.0
C_timber_node10node87_t4,1.0
C_timber_node10node87_t5,1.0
C_wide_node10node87_t1,1.0
C_wide_node10node87_t2,1.0
C_wide_node10node87_t3,1.0
C_wide_node10node87_t4,1.0
C_wide_node10node87_t5,1.0
C_timber_node10node85_t1,1.0
C_timber_node10node85_t2,1.0
C_timber_node10node85_t3,1.0
C_timber_node10node85_t4,1.0
C_timber_node10node85_t5,1.0
C_wide_node10node85_t1,1.0
C_wide_node10node85_t2,1.0
C_wide_node10node85_t3,1.0
C_wide_node10node85_t4,1.0
C_wide_node10node85_t5,1.0
C_timber_node10node33_t1,1.0
C_timber_node10node33_t2,1.0
C_timber_node10node33_t3,1.0
C_timber_node10node33_t4,1.0
C_timber_node10node33_t5,1.0
C_wide_node10node33_t1,1.0
C_wide_node10node33_t2,1.0
C_wide_node10node33_t3,1.0
C_wide_node10node33_t4,1.0
C_wide_node10node33_t5,1.0
C_timber_node10node109_t1,1.0
C_timber_node10node109_t2,1.0
C_timber_node10node109_t3,1.0
C_timber_node10node109_t4,1.0
C_timber_node10node109_t5,1.0
C_wide_node10node109_t1,1.0
C_wide_node10node109_t2,1.0
C_wide_node10node109_t3,1.0
C_wide_node10node109_t4,1.0
C_wide_node10node109_t5,1.0
C_timber_node10node111_t1,1.0
C_timber_node10node111_t2,1.0
C_timber_node10node111_t3,1.0
C_timber_node10node111_t4,1.0
C_timber_node10node111_t5,1.0
C_wide_node10node111_t1,1.0
C_wide_node10node111_t2,1.0
C_wide_node10node111_t3,1.0
C_wide_node10node111_t4,1.0
C_wide_node10node111_t5,1.0
C_timber_node10node112_t1,1.0
C_timber_node10node112_t2,1.0
C_timber_node10node112_t3,1.0
C_timber_node10node112_t4,1.0
C_timber_node10node112_t5,1.0
C_wide_node10node112_t1,1.0
C_wide_node10node112_t2,1.0
C_wide_node10node112_t3,1.0
C_wide_node10node112_t4,1.0
C_wide_node10node112_t5,1.0
C_timber_node11node78_t1,1.0
C_timber_node11node78_t2,1.0
C_timber_node11node78_t3,1.0
C_timber_node11node78_t4,1.0
C_timber_node11node78_t5,1.0
C_wide_node11node78_t1,1.0
C_wide_node11node78_t2,1.0
C_wide_node11node78_t3,1.0
C_wide_node11node78_t4,1.0
C_wide_node11node78_t5,1.0
C_timber_node11node75_t1,1.0
C_timber_node11node75_t2,1.0
C_timber_node11node75_t3,1.0
C_timber_node11node75_t4,1.0
C_timber_node11node75_t5,1.0
C_wide_node11node75_t1,1.0
C_wide_node11node75_t2,1.0
C_wide_node11node75_t3,1.0
C_wide_node11node75_t4,1.0
C_wide_node11node75_t5,1.0
C_timber_node11node99_t1,1.0
C_timber_node11node99_t2,1.0
C_timber_node11node99_t3,1.0
C_timber_node11node99_t4,1.0
C_timber_node11node99_t5,1.0
C_wide_node11node99_t1,1.0
C_wide_node11node99_t2,1.0
C_wide_node11node99_t3,1.0
C_wide_node11node99_t4,1.0
C_wide_node11node99_t5,1.0
C_timber_node11node100_t1,1.0
C_timber_node11node100_t2,1.0
C_timber_node11node100_t3,1.0
C_timber_node11node100_t4,1.0
C_timber_node11node100_t5,1.0
C_wide_node11node100_t1,1.0
C_wide_node11node100_t2,1.0
C_wide_node11node100_t3,1.0
C_wide_node11node100_t4,1.0
C_wide_node11node100_t5,1.0
C_timber_node12node47_t1,1.0
C_timber_node12node47_t2,1.0
C_timber_node12node47_t3,1.0
C_timber_node12node47_t4,1.0
C_timber_node12node47_t5,1.0
C_wide_node12node47_t1,1.0
C_wide_node12node47_t2,1.0
C_wide_node12node47_t3,1.0
C_wide_node12node47_t4,1.0
C_wide_node12node47_t5,1.0
C_timber_node12node35_t1,1.0
C_timber_node12node35_t2,1.0
C_timber_node12node35_t3,1.0
C_timber_node12node35_t4,1.0
C_timber_node12node35_t5,1.0
C_wide_node12node35_t1,1.0
C_wide_node12node35_t2,1.0
C_wide_node12node35_t3,1.0
C_wide_node12node35_t4,1.0
C_wide_node12node35_t5,1.0
C_timber_node12node114_t1,1.0
C_timber_node12node114_t2,1.0
C_timber_node12node114_t3,1.0
C_timber_node12node114_t4,1.0
C_timber_node12node114_t5,1.0
C_wide_node12node114_t1,1.0
C_wide_node12node114_t2,1.0
C_wide_node12node114_t3,1.0
C_wide_node12node114_t4,1.0
C_wide_node12node114_t5,1.0
C_timber_node13node46_t1,1.0
C_timber_node13node46_t2,1.0
C_timber_node13node46_t3,1.0
C_timber_node13node46_t4,1.0
C_timber_node13node46_t5,1.0
C_wide_node13node46_t1,1.0
C_wide_node13node46_t2,1.0
C_wide_node13node46_t3,1.0
C_wide_node13node46_t4,1.0
C_wide_node13node46_t5,1.0
C_timber_node13node25_t1,1.0
C_timber_node13node25_t2,1.0
C_timber_node13node25_t3,1.0
C_timber_node13node25_t4,1.0
C_timber_node13node25_t5,1.0
C_wide_node13node25_t1,1.0
C_wide_node13node25_t2,1.0
C_wide_node13node25_t3,1.0
C_wide_node13node25_t4,1.0
C_wide_node13node25_t5,1.0
C_timber_node13node49_t1,1.0
C_timber_node13node49_t2,1.0
C_timber_node13node49_t3,1.0
C_timber_node13node49_t4,1.0
C_timber_node13node49_t5,1.0
C_wide_node13node49_t1,1.0
C_wide_node13node49_t2,1.0
C_wide_node13node49_t3,1.0
C_wide_node13node49_t4,1.0
C_wide_node13node49_t5,1.0
C_timber_node13node36_t1,1.0
C_timber_node13node36_t2,1.0
C_timber_node13node36_t3,1.0
C_timber_node13node36_t4,1.0
C_timber_node13node36_t5,1.0
C_wide_node13node36_t1,1.0
C_wide_node13node36_t2,1.0
C_wide_node13node36_t3,1.0
C_wide_node13node36_t4,1.0
C_wide_node13node36_t5,1.0
C_timber_node13node95_t1,1.0
C_timber_node13node95_t2,1.0
C_timber_node13node95_t3,1.0
C_timber_node13node95_t4,1.0
C_timber_node13node95_t5,1.0
C_wide_node13node95_t1,1.0
C_wide_node13node95_t2,1.0
C_wide_node13node95_t3,1.0
C_wide_node13node95_t4,1.0
C_wide_node13node95_t5,1.0
C_timber_node13node97_t1,1.0
C_timber_node13node97_t2,1.0
C_timber_node13node97_t3,1.0
C_timber_node13node97_t4,1.0
C_timber_node13node97_t5,1.0
C_wide_node13node97_t1,1.0
C_wide_node13node97_t2,1.0
C_wide_node13node97_t3,1.0
C_wide_node13node97_t4,1.0
C_wide_node13node97_t5,1.0
C_timber_node13node107_t1,1.0
C_timber_node13node107_t2,1.0
C_timber_node13node107_t3,1.0
C_timber_node13node107_t4,1.0
C_timber_node13node107_t5,1.0
C_wide_node13node107_t1,1.0
C_wide_node13node107_t2,1.0
C_wide_node13node107_t3,1.0
C_wide_node13node107_t4,1.0
C_wide_node13node107_t5,1.0
C_timber_node13node108_t1,1.0
C_timber_node13node108_t2,1.0
C_timber_node13node108_t3,1.0
C_timber_node13node108_t4,1.0
C_timber_node13node108_t5,1.0
C_wide_node13node108_t1,1.0
C_wide_node13node108_t2,1.0
C_wide_node13node108_t3,1.0
C_wide_node13node108_t4,1.0
C_wide_node13node108_t5,1.0
C_timber_node14node89_t1,1.0
C_timber_node14node89_t2,1.0
C_timber_node14node89_t3,1.0
C_timber_node14node89_t4,1.0
C_timber_node14node89_t5,1.0
C_wide_node14node89_t1,1.0
C_wide_node14node89_t2,1.0
C_wide_node14node89_t3,1.0
C_wide_node14node89_t4,1.0
C_wide_node14node89_t5,1.0
C_timber_node14node51_t1,1.0
C_timber_node14node51_t2,1.0
C_timber_node14node51_t3,1.0
C_timber_node14node51_t4,1.0
C_timber_node14node51_t5,1.0
C_wide_node14node51_t1,1.0
C_wide_node14node51_t2,1.0
C_wide_node14node51_t3,1.0
C_wide_node14node51_t4,1.0
C_wide_node14node51_t5,1.0
C_timber_node14node19_t1,1.0
C_timber_node14node19_t2,1.0
C_timber_node14node19_t3,1.0
C_timber_node14node19_t4,1.0
C_timber_node14node19_t5,1.0
C_wide_node14node19_t1,1.0
C_wide_node14node19_t2,1.0
C_wide_node14node19_t3,1.0
C_wide_node14node19_t4,1.0
C_wide_node14node19_t5,1.0
C_timber_node14node112_t1,1.0
C_timber_node14node112_t2,1.0
C_timber_node14node112_t3,1.0
C_timber_node14node112_t4,1.0
C_timber_node14node112_t5,1.0
C_wide_node14node112_t1,1.0
C_wide_node14node112_t2,1.0
C_wide_node14node112_t3,1.0
C_wide_node14node112_t4,1.0
C_wide_node14node112_t5,1.0
C_timber_node14node114_t1,1.0
C_timber_node14node114_t2,1.0
C_timber_node14node114_t3,1.0
C_timber_node14node114_t4,1.0
C_timber_node14node114_t5,1.0
C_wide_node14node114_t1,1.0
C_wide_node14node114_t2,1.0
C_wide_node14node114_t3,1.0
C_wide_node14node114_t4,1.0
C_wide_node14node114_t5,1.0
C_timber_node15node55_t1,1.0
C_timber_node15node55_t2,1.0
C_timber_node15node55_t3,1.0
C_timber_node15node55_t4,1.0
C_timber_node15node55_t5,1.0
C_wide_node15node55_t1,1.0
C_wide_node15node55_t2,1.0
C_wide_node15node55_t3,1.0
C_wide_node15node55_t4,1.0
C_wide_node15node55_t5,1.0
C_timber_node15node34_t1,1.0
C_timber_node15node34_t2,1.0
C_timber_node15node34_t3,1.0
C_timber_node15node34_t4,1.0
C_timber_node15node34_t5,1.0
C_wide_node15node34_t1,1.0
C_wide_node15node34_t2,1.0
C_wide_node15node34_t3,1.0
C_wide_node15node34_t4,1.0
C_wide_node15node34_t5,1.0
C_timber_node15node23_t1,1.0
C_timber_node15node23_t2,1.0
C_timber_node15node23_t3,1.0
C_timber_node15node23_t4,1.0
C_timber_node15node23_t5,1.0
C_wide_node15node23_t1,1.0
C_wide_node15node23_t2,1.0
C_wide_node15node23_t3,1.0
C_wide_node15node23_t4,1.0
C_wide_node15node23_t5,1.0
C_timber_node15node104_t1,1.0
C_timber_node15node104_t2,1.0
C_timber_node15node104_t3,1.0
C_timber_node15node104_t4,1.0
C_timber_node15node104_t5,1.0
C_wide_node15node104_t1,1.0
C_wide_node15node104_t2,1.0
C_wide_node15node104_t3,1.0
C_wide_node15node104_t4,1.0
C_wide_node15node104_t5,1.0
C_timber_node15node105_t1,1.0
C_timber_node15node105_t2,1.0
C_timber_node15node105_t3,1.0
C_timber_node15node105_t4,1.0
C_timber_node15node105_t5,1.0
C_wide_node15node105_t1,1.0
C_wide_node15node105_t2,1.0
C_wide_node15node105_t3,1.0
C_wide_node15node105_t4,1.0
C_wide_node15node105_t5,1.0
C_timber_node15node106_t1,1.0
C_timber_node15node106_t2,1.0
C_timber_node15node106_t3,1.0
C_timber_node15node106_t4,1.0
C_timber_node15node106_t5,1.0
C_wide_node15node106_t1,1.0
C_wide_node15node106_t2,1.0
C_wide_node15node106_t3,1.0
C_wide_node15node106_t4,1.0
C_wide_node15node106_t5,1.0
C_timber_node15node110_t1,1.0
C_timber_node15node110_t2,1.0
C_timber_node15node110_t3,1.0
C_timber_node15node110_t4,1.0
C_timber_node15node110_t5,1.0
C_wide_node15node110_t1,1.0
C_wide_node15node110_t2,1.0
C_wide_node15node110_t3,1.0
C_wide_node15node110_t4,1.0
C_wide_node15node110_t5,1.0
C_timber_node16node55_t1,1.0
C_timber_node16node55_t2,1.0
C_timber_node16node55_t3,1.0
C_timber_node16node55_t4,1.0
C_timber_node16node55_t5,1.0
C_wide_node16node55_t1,1.0
C_wide_node16node55_t2,1.0
C_wide_node16node55_t3,1.0
C_wide_node16node55_t4,1.0
C_wide_node16node55_t5,1.0
C_timber_node16node17_t1,1.0
C_timber_node16node17_t2,1.0
C_timber_node16node17_t3,1.0
C_timber_node16node17_t4,1.0
C_timber_node16node17_t5,1.0
C_wide_node16node17_t1,1.0
C_wide_node16node17_t2,1.0
C_wide_node16node17_t3,1.0
C_wide_node16node17_t4,1.0
C_wide_node16node17_t5,1.0
C_timber_node16node22_t1,1.0
C_timber_node16node22_t2,1.0
C_timber_node16node22_t3,1.0
C_timber_node16node22_t4,1.0
C_timber_node16node22_t5,1.0
C_wide_node16node22_t1,1.0
C_wide_node16node22_t2,1.0
C_wide_node16node22_t3,1.0
C_wide_node16node22_t4,1.0
C_wide_node16node22_t5,1.0
C_timber_node16node102_t1,1.0
C_timber_node16node102_t2,1.0
C_timber_node16node102_t3,1.0
C_timber_node16node102_t4,1.0
C_timber_node16node102_t5,1.0
C_wide_node16node102_t1,1.0
C_wide_node16node102_t2,1.0
C_wide_node16node102_t3,1.0
C_wide_node16node102_t4,1.0
C_wide_node16node102_t5,1.0
C_timber_node16node103_t1,1.0
C_timber_node16node103_t2,1.0
C_timber_node16node103_t3,1.0
C_timber_node16node103_t4,1.0
C_timber_node16node103_t5,1.0
C_wide_node16node103_t1,1.0
C_wide_node16node103_t2,1.0
C_wide_node16node103_t3,1.0
C_wide_node16node103_t4,1.0
C_wide_node16node103_t5,1.0
C_timber_node16node110_t1,1.0
C_timber_node16node110_t2,1.0
C_timber_node16node110_t3,1.0
C_timber_node16node110_t4,1.0
C_timber_node16node110_t5,1.0
C_wide_node16node110_t1,1.0
C_wide_node16node110_t2,1.0
C_wide_node16node110_t3,1.0
C_wide_node16node110_t4,1.0
C_wide_node16node110_t5,1.0
C_timber_node17node54_t1,1.0
C_timber_node17node54_t2,1.0
C_timber_node17node54_t3,1.0
C_timber_node17node54_t4,1.0
C_timber_node17node54_t5,1.0
C_wide_node17node54_t1,1.0
C_wide_node17node54_t2,1.0
C_wide_node17node54_t3,1.0
C_wide_node17node54_t4,1.0
C_wide_node17node54_t5,1.0
C_timber_node17node40_t1,1.0
C_timber_node17node40_t2,1.0
C_timber_node17node40_t3,1.0
C_timber_node17node40_t4,1.0
C_timber_node17node40_t5,1.0
C_wide_node17node40_t1,1.0
C_wide_node17node40_t2,1.0
C_wide_node17node40_t3,1.0
C_wide_node17node40_t4,1.0
C_wide_node17node40_t5,1.0
C_timber_node17node102_t1,1.0
C_timber_node17node102_t2,1.0
C_timber_node17node102_t3,1.0
C_timber_node17node102_t4,1.0
C_timber_node17node102_t5,1.0
C_wide_node17node102_t1,1.0
C_wide_node17node102_t2,1.0
C_wide_node17node102_t3,1.0
C_wide_node17node102_t4,1.0
C_wide_node17node102_t5,1.0
C_timber_node17node103_t1,1.0
C_timber_node17node103_t2,1.0
C_timber_node17node103_t3,1.0
C_timber_node17node103_t4,1.0
C_timber_node17node103_t5,1.0
C_wide_node17node103_t1,1.0
C_wide_node17node103_t2,1.0
C_wide_node17node103_t3,1.0
C_wide_node17node103_t4,1.0
C_wide_node17node103_t5,1.0
C_timber_node18node32_t1,1.0
C_timber_node18node32_t2,1.0
C_timber_node18node32_t3,1.0
C_timber_node18node32_t4,1.0
C_timber_node18node32_t5,1.0
C_wide_node18node32_t1,1.0
C_wide_node18node32_t2,1.0
C_wide_node18node32_t3,1.0
C_wide_node18node32_t4,1.0
C_wide_node18node32_t5,1.0
C_timber_node18node20_t1,1.0
C_timber_node18node20_t2,1.0
C_timber_node18node20_t3,1.0
C_timber_node18node20_t4,1.0
C_timber_node18node20_t5,1.0
C_wide_node18node20_t1,1.0
C_wide_node18node20_t2,1.0
C_wide_node18node20_t3,1.0
C_wide_node18node20_t4,1.0
C_wide_node18node20_t5,1.0
C_timber_node18node96_t1,1.0
C_timber_node18node96_t2,1.0
C_timber_node18node96_t3,1.0
C_timber_node18node96_t4,1.0
C_timber_node18node96_t5,1.0
C_wide_node18node96_t1,1.0
C_wide_node18node96_t2,1.0
C_wide_node18node96_t3,1.0
C_wide_node18node96_t4,1.0
C_wide_node18node96_t5,1.0
C_timber_node18node101_t1,1.0
C_timber_node18node101_t2,1.0
C_timber_node18node101_t3,1.0
C_timber_node18node101_t4,1.0
C_timber_node18node101_t5,1.0
C_wide_node18node101_t1,1.0
C_wide_node18node101_t2,1.0
C_wide_node18node101_t3,1.0
C_wide_node18node101_t4,1.0
C_wide_node18node101_t5,1.0
C_timber_node19node72_t1,1.0
C_timber_node19node72_t2,1.0
C_timber_node19node72_t3,1.0
C_timber_node19node72_t4,1.0
C_timber_node19node72_t5,1.0
C_wide_node19node72_t1,1.0
C_wide_node19node72_t2,1.0
C_wide_node19node72_t3,1.0
C_wide_node19node72_t4,1.0
C_wide_node19node72_t5,1.0
C_timber_node19node49_t1,1.0
C_timber_node19node49_t2,1.0
C_timber_node19node49_t3,1.0
C_timber_node19node49_t4,1.0
C_timber_node19node49_t5,1.0
C_wide_node19node49_t1,1.0
C_wide_node19node49_t2,1.0
C_wide_node19node49_t3,1.0
C_wide_node19node49_t4,1.0
C_wide_node19node49_t5,1.0
C_timber_node19node97_t1,1.0
C_timber_node19node97_t2,1.0
C_timber_node19node97_t3,1.0
C_timber_node19node97_t4,1.0
C_timber_node19node97_t5,1.0
C_wide_node19node97_t1,1.0
C_wide_node19node97_t2,1.0
C_wide_node19node97_t3,1.0
C_wide_node19node97_t4,1.0
C_wide_node19node97_t5,1.0
C_timber_node19node114_t1,1.0
C_timber_node19node114_t2,1.0
C_timber_node19node114_t3,1.0
C_timber_node19node114_t4,1.0
C_timber_node19node114_t5,1.0
C_wide_node19node114_t1,1.0
C_wide_node19node114_t2,1.0
C_wide_node19node114_t3,1.0
C_wide_node19node114_t4,1.0
C_wide_node19node114_t5,1.0
C_timber_node20node37_t1,1.0
C_timber_node20node37_t2,1.0
C_timber_node20node37_t3,1.0
C_timber_node20node37_t4,1.0
C_timber_node20node37_t5,1.0
C_wide_node20node37_t1,1.0
C_wide_node20node37_t2,1.0
C_wide_node20node37_t3,1.0
C_wide_node20node37_t4,1.0
C_wide_node20node37_t5,1.0
C_timber_node20node24_t1,1.0
C_timber_node20node24_t2,1.0
C_timber_node20node24_t3,1.0
C_timber_node20node24_t4,1.0
C_timber_node20node24_t5,1.0
C_wide_node20node24_t1,1.0
C_wide_node20node24_t2,1.0
C_wide_node20node24_t3,1.0
C_wide_node20node24_t4,1.0
C_wide_node20node24_t5,1.0
C_timber_node20node93_t1,1.0
C_timber_node20node93_t2,1.0
C_timber_node20node93_t3,1.0
C_timber_node20node93_t4,1.0
C_timber_node20node93_t5,1.0
C_wide_node20node93_t1,1.0
C_wide_node20node93_t2,1.0
C_wide_node20node93_t3,1.0
C_wide_node20node93_t4,1.0
C_wide_node20node93_t5,1.0
C_timber_node20node96_t1,1.0
C_timber_node20node96_t2,1.0
C_timber_node20node96_t3,1.0
C_timber_node20node96_t4,1.0
C_timber_node20node96_t5,1.0
C_wide_node20node96_t1,1.0
C_wide_node20node96_t2,1.0
C_wide_node20node96_t3,1.0
C_wide_node20node96_t4,1.0
C_wide_node20node96_t5,1.0
C_timber_node21node80_t1,1.0
C_timber_node21node80_t2,1.0
C_timber_node21node80_t3,1.0
C_timber_node21node80_t4,1.0
C_timber_node21node80_t5,1.0
C_wide_node21node80_t1,1.0
C_wide_node21node80_t2,1.0
C_wide_node21node80_t3,1.0
C_wide_node21node80_t4,1.0
C_wide_node21node80_t5,1.0
C_timber_node21node37_t1,1.0
C_timber_node21node37_t2,1.0
C_timber_node21node37_t3,1.0
C_timber_node21node37_t4,1.0
C_timber_node21node37_t5,1.0
C_wide_node21node37_t1,1.0
C_wide_node21node37_t2,1.0
C_wide_node21node37_t3,1.0
C_wide_node21node37_t4,1.0
C_wide_node21node37_t5,1.0
C_timber_node21node53_t1,1.0
C_timber_node21node53_t2,1.0
C_timber_node21node53_t3,1.0
C_timber_node21node53_t4,1.0
C_timber_node21node53_t5,1.0
C_wide_node21node53_t1,1.0
C_wide_node21node53_t2,1.0
C_wide_node21node53_t3,1.0
C_wide_node21node53_t4,1.0
C_wide_node21node53_t5,1.0
C_timber_node21node93_t1,1.0
C_timber_node21node93_t2,1.0
C_timber_node21node93_t3,1.0
C_timber_node21node93_t4,1.0
C_timber_node21node93_t5,1.0
C_wide_node21node93_t1,1.0
C_wide_node21node93_t2,1.0
C_wide_node21node93_t3,1.0
C_wide_node21node93_t4,1.0
C_wide_node21node93_t5,1.0
C_timber_node21node100_t1,1.0
C_timber_node21node100_t2,1.0
C_timber_node21node100_t3,1.0
C_timber_node21node100_t4,1.0
C_timber_node21node100_t5,1.0
C_wide_node21node100_t1,1.0
C_wide_node21node100_t2,1.0
C_wide_node21node100_t3,1.0
C_wide_node21node100_t4,1.0
C_wide_node21node100_t5,1.0
C_timber_node22node45_t1,1.0
C_timber_node22node45_t2,1.0
C_timber_node22node45_t3,1.0
C_timber_node22node45_t4,1.0
C_timber_node22node45_t5,1.0
C_wide_node22node45_t1,1.0
C_wide_node22node45_t2,1.0
C_wide_node22node45_t3,1.0
C_wide_node22node45_t4,1.0
C_wide_node22node45_t5,1.0
C_timber_node22node102_t1,1.0
C_timber_node22node102_t2,1.0
C_timber_node22node102_t3,1.0
C_timber_node22node102_t4,1.0
C_timber_node22node102_t5,1.0
C_wide_node22node102_t1,1.0
C_wide_node22node102_t2,1.0
C_wide_node22node102_t3,1.0
C_wide_node22node102_t4,1.0
C_wide_node22node102_t5,1.0
C_timber_node22node108_t1,1.0
C_timber_node22node108_t2,1.0
C_timber_node22node108_t3,1.0
C_timber_node22node108_t4,1.0
C_timber_node22node108_t5,1.0
C_wide_node22node108_t1,1.0
C_wide_node22node108_t2,1.0
C_wide_node22node108_t3,1.0
C_wide_node22node108_t4,1.0
C_wide_node22node108_t5,1.0
C_timber_node22node110_t1,1.0
C_timber_node22node110_t2,1.0
C_timber_node22node110_t3,1.0
C_timber_node22node110_t4,1.0
C_timber_node22node110_t5,1.0
C_wide_node22node110_t1,1.0
C_wide_node22node110_t2,1.0
C_wide_node22node110_t3,1.0
C_wide_node22node110_t4,1.0
C_wide_node22node110_t5,1.0
C_timber_node23node40_t1,1.0
C_timber_node23node40_t2,1.0
C_timber_node23node40_t3,1.0
C_timber_node23node40_t4,1.0
C_timber_node23node40_t5,1.0
C_wide_node23node40_t1,1.0
C_wide_node23node40_t2,1.0
C_wide_node23node40_t3,1.0
C_wide_node23node40_t4,1.0
C_wide_node23node40_t5,1.0
C_timber_node23node104_t1,1.0
C_timber_node23node104_t2,1.0
C_timber_node23node104_t3,1.0
C_timber_node23node104_t4,1.0
C_timber_node23node104_t5,1.0
C_wide_node23node104_t1,1.0
C_wide_node23node104_t2,1.0
C_wide_node23node104_t3,1.0
C_wide_node23node104_t4,1.0
C_wide_node23node104_t5,1.0
C_timber_node23node105_t1,1.0
C_timber_node23node105_t2,1.0
C_timber_node23node105_t3,1.0
C_timber_node23node105_t4,1.0
C_timber_node23node105_t5,1.0
C_wide_node23node105_t1,1.0
C_wide_node23node105_t2,1.0
C_wide_node23node105_t3,1.0
C_wide_node23node105_t4,1.0
C_wide_node23node105_t5,1.0
C_timber_node24node25_t1,1.0
C_timber_node24node25_t2,1.0
C_timber_node24node25_t3,1.0
C_timber_node24node25_t4,1.0
C_timber_node24node25_t5,1.0
C_wide_node24node25_t1,1.0
C_wide_node24node25_t2,1.0
C_wide_node24node25_t3,1.0
C_wide_node24node25_t4,1.0
C_wide_node24node25_t5,1.0
C_timber_node24node93_t1,1.0
C_timber_node24node93_t2,1.0
C_timber_node24node93_t3,1.0
C_timber_node24node93_t4,1.0
C_timber_node24node93_t5,1.0
C_wide_node24node93_t1,1.0
C_wide_node24node93_t2,1.0
C_wide_node24node93_t3,1.0
C_wide_node24node93_t4,1.0
C_wide_node24node93_t5,1.0
C_timber_node24node95_t1,1.0
C_timber_node24node95_t2,1.0
C_timber_node24node95_t3,1.0
C_timber_node24node95_t4,1.0
C_timber_node24node95_t5,1.0
C_wide_node24node95_t1,1.0
C_wide_node24node95_t2,1.0
C_wide_node24node95_t3,1.0
C_wide_node24node95_t4,1.0
C_wide_node24node95_t5,1.0
C_timber_node24node96_t1,1.0
C_timber_node24node96_t2,1.0
C_timber_node24node96_t3,1.0
C_timber_node24node96_t4,1.0
C_timber_node24node96_t5,1.0
C_wide_node24node96_t1,1.0
C_wide_node24node96_t2,1.0
C_wide_node24node96_t3,1.0
C_wide_node24node96_t4,1.0
C_wide_node24node96_t5,1.0
C_timber_node25node95_t1,1.0
C_timber_node25node95_t2,1.0
C_timber_node25node95_t3,1.0
C_timber_node25node95_t4,1.0
C_timber_node25node95_t5,1.0
C_wide_node25node95_t1,1.0
C_wide_node25node95_t2,1.0
C_wide_node25node95_t3,1.0
C_wide_node25node95_t4,1.0
C_wide_node25node95_t5,1.0
C_timber_node25node96_t1,1.0
C_timber_node25node96_t2,1.0
C_timber_node25node96_t3,1.0
C_timber_node25node96_t4,1.0
C_timber_node25node96_t5,1.0
C_wide_node25node96_t1,1.0
C_wide_node25node96_t2,1.0
C_wide_node25node96_t3,1.0
C_wide_node25node96_t4,1.0
C_wide_node25node96_t5,1.0
C_timber_node25node108_t1,1.0
C_timber_node25node108_t2,1.0
C_timber_node25node108_t3,1.0
C_timber_node25node108_t4,1.0
C_timber_node25node108_t5,1.0
C_wide_node25node108_t1,1.0
C_wide_node25node108_t2,1.0
C_wide_node25node108_t3,1.0
C_wide_node25node108_t4,1.0
C_wide_node25node108_t5,1.0
C_timber_node26node39_t1,1.0
C_timber_node26node39_t2,1.0
C_timber_node26node39_t3,1.0
C_timber_node26node39_t4,1.0
C_timber_node26node39_t5,1.0
C_wide_node26node39_t1,1.0
C_wide_node26node39_t2,1.0
C_wide_node26node39_t3,1.0
C_wide_node26node39_t4,1.0
C_wide_node26node39_t5,1.0
C_timber_node26node42_t1,1.0
C_timber_node26node42_t2,1.0
C_timber_node26node42_t3,1.0
C_timber_node26node42_t4,1.0
C_timber_node26node42_t5,1.0
C_wide_node26node42_t1,1.0
C_wide_node26node42_t2,1.0
C_wide_node26node42_t3,1.0
C_wide_node26node42_t4,1.0
C_wide_node26node42_t5,1.0
C_timber_node26node53_t1,1.0
C_timber_node26node53_t2,1.0
C_timber_node26node53_t3,1.0
C_timber_node26node53_t4,1.0
C_timber_node26node53_t5,1.0
C_wide_node26node53_t1,1.0
C_wide_node26node53_t2,1.0
C_wide_node26node53_t3,1.0
C_wide_node26node53_t4,1.0
C_wide_node26node53_t5,1.0
C_timber_node26node92_t1,1.0
C_timber_node26node92_t2,1.0
C_timber_node26node92_t3,1.0
C_timber_node26node92_t4,1.0
C_timber_node26node92_t5,1.0
C_wide_node26node92_t1,1.0
C_wide_node26node92_t2,1.0
C_wide_node26node92_t3,1.0
C_wide_node26node92_t4,1.0
C_wide_node26node92_t5,1.0
C_timber_node26node93_t1,1.0
C_timber_node26node93_t2,1.0
C_timber_node26node93_t3,1.0
C_timber_node26node93_t4,1.0
C_timber_node26node93_t5,1.0
C_wide_node26node93_t1,1.0
C_wide_node26node93_t2,1.0
C_wide_node26node93_t3,1.0
C_wide_node26node93_t4,1.0
C_wide_node26node93_t5,1.0
C_timber_node27node81_t1,1.0
C_timber_node27node81_t2,1.0
C_timber_node27node81_t3,1.0
C_timber_node27node81_t4,1.0
C_timber_node27node81_t5,1.0
C_wide_node27node81_t1,1.0
C_wide_node27node81_t2,1.0
C_wide_node27node81_t3,1.0
C_wide_node27node81_t4,1.0
C_wide_node27node81_t5,1.0
C_timber_node27node79_t1,1.0
C_timber_node27node79_t2,1.0
C_timber_node27node79_t3,1.0
C_timber_node27node79_t4,1.0
C_timber_node27node79_t5,1.0
C_wide_node27node79_t1,1.0
C_wide_node27node79_t2,1.0
C_wide_node27node79_t3,1.0
C_wide_node27node79_t4,1.0
C_wide_node27node79_t5,1.0
C_timber_node27node100_t1,1.0
C_timber_node27node100_t2,1.0
C_timber_node27node100_t3,1.0
C_timber_node27node100_t4,1.0
C_timber_node27node100_t5,1.0
C_wide_node27node100_t1,1.0
C_wide_node27node100_t2,1.0
C_wide_node27node100_t3,1.0
C_wide_node27node100_t4,1.0
C_wide_node27node100_t5,1.0
C_timber_node28node46_t1,1.0
C_timber_node28node46_t2,1.0
C_timber_node28node46_t3,1.0
C_timber_node28node46_t4,1.0
C_timber_node28node46_t5,1.0
C_wide_node28node46_t1,1.0
C_wide_node28node46_t2,1.0
C_wide_node28node46_t3,1.0
C_wide_node28node46_t4,1.0
C_wide_node28node46_t5,1.0
C_timber_node28node56_t1,1.0
C_timber_node28node56_t2,1.0
C_timber_node28node56_t3,1.0
C_timber_node28node56_t4,1.0
C_timber_node28node56_t5,1.0
C_wide_node28node56_t1,1.0
C_wide_node28node56_t2,1.0
C_wide_node28node56_t3,1.0
C_wide_node28node56_t4,1.0
C_wide_node28node56_t5,1.0
C_timber_node28node48_t1,1.0
C_timber_node28node48_t2,1.0
C_timber_node28node48_t3,1.0
C_timber_node28node48_t4,1.0
C_timber_node28node48_t5,1.0
C_wide_node28node48_t1,1.0
C_wide_node28node48_t2,1.0
C_wide_node28node48_t3,1.0
C_wide_node28node48_t4,1.0
C_wide_node28node48_t5,1.0
C_timber_node28node90_t1,1.0
C_timber_node28node90_t2,1.0
C_timber_node28node90_t3,1.0
C_timber_node28node90_t4,1.0
C_timber_node28node90_t5,1.0
C_wide_node28node90_t1,1.0
C_wide_node28node90_t2,1.0
C_wide_node28node90_t3,1.0
C_wide_node28node90_t4,1.0
C_wide_node28node90_t5,1.0
C_timber_node28node94_t1,1.0
C_timber_node28node94_t2,1.0
C_timber_node28node94_t3,1.0
C_timber_node28node94_t4,1.0
C_timber_node28node94_t5,1.0
C_wide_node28node94_t1,1.0
C_wide_node28node94_t2,1.0
C_wide_node28node94_t3,1.0
C_wide_node28node94_t4,1.0
C_wide_node28node94_t5,1.0
C_timber_node28node97_t1,1.0
C_timber_node28node97_t2,1.0
C_timber_node28node97_t3,1.0
C_timber_node28node97_t4,1.0
C_timber_node28node97_t5,1.0
C_wide_node28node97_t1,1.0
C_wide_node28node97_t2,1.0
C_wide_node28node97_t3,1.0
C_wide_node28node97_t4,1.0
C_wide_node28node97_t5,1.0
C_timber_node29node47_t1,1.0
C_timber_node29node47_t2,1.0
C_timber_node29node47_t3,1.0
C_timber_node29node47_t4,1.0
C_timber_node29node47_t5,1.0
C_wide_node29node47_t1,1.0
C_wide_node29node47_t2,1.0
C_wide_node29node47_t3,1.0
C_wide_node29node47_t4,1.0
C_wide_node29node47_t5,1.0
C_timber_node29node44_t1,1.0
C_timber_node29node44_t2,1.0
C_timber_node29node44_t3,1.0
C_timber_node29node44_t4,1.0
C_timber_node29node44_t5,1.0
C_wide_node29node44_t1,1.0
C_wide_node29node44_t2,1.0
C_wide_node29node44_t3,1.0
C_wide_node29node44_t4,1.0
C_wide_node29node44_t5,1.0
C_timber_node29node107_t1,1.0
C_timber_node29node107_t2,1.0
C_timber_node29node107_t3,1.0
C_timber_node29node107_t4,1.0
C_timber_node29node107_t5,1.0
C_wide_node29node107_t1,1.0
C_wide_node29node107_t2,1.0
C_wide_node29node107_t3,1.0
C_wide_node29node107_t4,1.0
C_wide_node29node107_t5,1.0
C_timber_node30node36_t1,1.0
C_timber_node30node36_t2,1.0
C_timber_node30node36_t3,1.0
C_timber_node30node36_t4,1.0
C_timber_node30node36_t5,1.0
C_wide_node30node36_t1,1.0
C_wide_node30node36_t2,1.0
C_wide_node30node36_t3,1.0
C_wide_node30node36_t4,1.0
C_wide_node30node36_t5,1.0
C_timber_node30node45_t1,1.0
C_timber_node30node45_t2,1.0
C_timber_node30node45_t3,1.0
C_timber_node30node45_t4,1.0
C_timber_node30node45_t5,1.0
C_wide_node30node45_t1,1.0
C_wide_node30node45_t2,1.0
C_wide_node30node45_t3,1.0
C_wide_node30node45_t4,1.0
C_wide_node30node45_t5,1.0
C_timber_node30node107_t1,1.0
C_timber_node30node107_t2,1.0
C_timber_node30node107_t3,1.0
C_timber_node30node107_t4,1.0
C_timber_node30node107_t5,1.0
C_wide_node30node107_t1,1.0
C_wide_node30node107_t2,1.0
C_wide_node30node107_t3,1.0
C_wide_node30node107_t4,1.0
C_wide_node30node107_t5,1.0
C_timber_node30node108_t1,1.0
C_timber_node30node108_t2,1.0
C_timber_node30node108_t3,1.0
C_timber_node30node108_t4,1.0
C_timber_node30node108_t5,1.0
C_wide_node30node108_t1,1.0
C_wide_node30node108_t2,1.0
C_wide_node30node108_t3,1.0
C_wide_node30node108_t4,1.0
C_wide_node30node108_t5,1.0
C_timber_node30node109_t1,1.0
C_timber_node30node109_t2,1.0
C_timber_node30node109_t3,1.0
C_timber_node30node109_t4,1.0
C_timber_node30node109_t5,1.0
C_wide_node30node109_t1,1.0
C_wide_node30node109_t2,1.0
C_wide_node30node109_t3,1.0
C_wide_node30node109_t4,1.0
C_wide_node30node109_t5,1.0
C_timber_node31node45_t1,1.0
C_timber_node31node45_t2,1.0
C_timber_node31node45_t3,1.0
C_timber_node31node45_t4,1.0
C_timber_node31node45_t5,1.0
C_wide_node31node45_t1,1.0
C_wide_node31node45_t2,1.0
C_wide_node31node45_t3,1.0
C_wide_node31node45_t4,1.0
C_wide_node31node45_t5,1.0
C_timber_node31node84_t1,1.0
C_timber_node31node84_t2,1.0
C_timber_node31node84_t3,1.0
C_timber_node31node84_t4,1.0
C_timber_node31node84_t5,1.0
C_wide_node31node84_t1,1.0
C_wide_node31node84_t2,1.0
C_wide_node31node84_t3,1.0
C_wide_node31node84_t4,1.0
C_wide_node31node84_t5,1.0
C_timber_node31node34_t1,1.0
C_timber_node31node34_t2,1.0
C_timber_node31node34_t3,1.0
C_timber_node31node34_t4,1.0
C_timber_node31node34_t5,1.0
C_wide_node31node34_t1,1.0
C_wide_node31node34_t2,1.0
C_wide_node31node34_t3,1.0
C_wide_node31node34_t4,1.0
C_wide_node31node34_t5,1.0
C_timber_node31node109_t1,1.0
C_timber_node31node109_t2,1.0
C_timber_node31node109_t3,1.0
C_timber_node31node109_t4,1.0
C_timber_node31node109_t5,1.0
C_wide_node31node109_t1,1.0
C_wide_node31node109_t2,1.0
C_wide_node31node109_t3,1.0
C_wide_node31node109_t4,1.0
C_wide_node31node109_t5,1.0
C_timber_node31node110_t1,1.0
C_timber_node31node110_t2,1.0
C_timber_node31node110_t3,1.0
C_timber_node31node110_t4,1.0
C_timber_node31node110_t5,1.0
C_wide_node31node110_t1,1.0
C_wide_node31node110_t2,1.0
C_wide_node31node110_t3,1.0
C_wide_node31node110_t4,1.0
C_wide_node31node110_t5,1.0
C_timber_node31node111_t1,1.0
C_timber_node31node111_t2,1.0
C_timber_node31node111_t3,1.0
C_timber_node31node111_t4,1.0
C_timber_node31node111_t5,1.0
C_wide_node31node111_t1,1.0
C_wide_node31node111_t2,1.0
C_wide_node31node111_t3,1.0
C_wide_node31node111_t4,1.0
C_wide_node31node111_t5,1.0
C_timber_node32node37_t1,1.0
C_timber_node32node37_t2,1.0
C_timber_node32node37_t3,1.0
C_timber_node32node37_t4,1.0
C_timber_node32node37_t5,1.0
C_wide_node32node37_t1,1.0
C_wide_node32node37_t2,1.0
C_wide_node32node37_t3,1.0
C_wide_node32node37_t4,1.0
C_wide_node32node37_t5,1.0
C_timber_node32node59_t1,1.0
C_timber_node32node59_t2,1.0
C_timber_node32node59_t3,1.0
C_timber_node32node59_t4,1.0
C_timber_node32node59_t5,1.0
C_wide_node32node59_t1,1.0
C_wide_node32node59_t2,1.0
C_wide_node32node59_t3,1.0
C_wide_node32node59_t4,1.0
C_wide_node32node59_t5,1.0
C_timber_node32node100_t1,1.0
C_timber_node32node100_t2,1.0
C_timber_node32node100_t3,1.0
C_timber_node32node100_t4,1.0
C_timber_node32node100_t5,1.0
C_wide_node32node100_t1,1.0
C_wide_node32node100_t2,1.0
C_wide_node32node100_t3,1.0
C_wide_node32node100_t4,1.0
C_wide_node32node100_t5,1.0
C_timber_node32node101_t1,1.0
C_timber_node32node101_t2,1.0
C_timber_node32node101_t3,1.0
C_timber_node32node101_t4,1.0
C_timber_node32node101_t5,1.0
C_wide_node32node101_t1,1.0
C_wide_node32node101_t2,1.0
C_wide_node32node101_t3,1.0
C_wide_node32node101_t4,1.0
C_wide_node32node101_t5,1.0
C_timber_node33node88_t1,1.0
C_timber_node33node88_t2,1.0
C_timber_node33node88_t3,1.0
C_timber_node33node88_t4,1.0
C_timber_node33node88_t5,1.0
C_wide_node33node88_t1,1.0
C_wide_node33node88_t2,1.0
C_wide_node33node88_t3,1.0
C_wide_node33node88_t4,1.0
C_wide_node33node88_t5,1.0
C_timber_node33node111_t1,1.0
C_timber_node33node111_t2,1.0
C_timber_node33node111_t3,1.0
C_timber_node33node111_t4,1.0
C_timber_node33node111_t5,1.0
C_wide_node33node111_t1,1.0
C_wide_node33node111_t2,1.0
C_wide_node33node111_t3,1.0
C_wide_node33node111_t4,1.0
C_wide_node33node111_t5,1.0
C_timber_node33node112_t1,1.0
C_timber_node33node112_t2,1.0
C_timber_node33node112_t3,1.0
C_timber_node33node112_t4,1.0
C_timber_node33node112_t5,1.0
C_wide_node33node112_t1,1.0
C_wide_node33node112_t2,1.0
C_wide_node33node112_t3,1.0
C_wide_node33node112_t4,1.0
C_wide_node33node112_t5,1.0
C_timber_node34node38_t1,1.0
C_timber_node34node38_t2,1.0
C_timber_node34node38_t3,1.0
C_timber_node34node38_t4,1.0
C_timber_node34node38_t5,1.0
C_wide_node34node38_t1,1.0
C_wide_node34node38_t2,1.0
C_wide_node34node38_t3,1.0
C_wide_node34node38_t4,1.0
C_wide_node34node38_t5,1.0
C_timber_node34node106_t1,1.0
C_timber_node34node106_t2,1.0
C_timber_node34node106_t3,1.0
C_timber_node34node106_t4,1.0
C_timber_node34node106_t5,1.0
C_wide_node34node106_t1,1.0
C_wide_node34node106_t2,1.0
C_wide_node34node106_t3,1.0
C_wide_node34node106_t4,1.0
C_wide_node34node106_t5,1.0
C_timber_node34node110_t1,1.0
C_timber_node34node110_t2,1.0
C_timber_node34node110_t3,1.0
C_timber_node34node110_t4,1.0
C_timber_node34node110_t5,1.0
C_wide_node34node110_t1,1.0
C_wide_node34node110_t2,1.0
C_wide_node34node110_t3,1.0
C_wide_node34node110_t4,1.0
C_wide_node34node110_t5,1.0
C_timber_node34node111_t1,1.0
C_timber_node34node111_t2,1.0
C_timber_node34node111_t3,1.0
C_timber_node34node111_t4,1.0
C_timber_node34node111_t5,1.0
C_wide_node34node111_t1,1.0
C_wide_node34node111_t2,1.0
C_wide_node34node111_t3,1.0
C_wide_node34node111_t4,1.0
C_wide_node34node111_t5,1.0
C_timber_node34node113_t1,1.0
C_timber_node34node113_t2,1.0
C_timber_node34node113_t3,1.0
C_timber_node34node113_t4,1.0
C_timber_node34node113_t5,1.0
C_wide_node34node113_t1,1.0
C_wide_node34node113_t2,1.0
C_wide_node34node113_t3,1.0
C_wide_node34node113_t4,1.0
C_wide_node34node113_t5,1.0
C_timber_node35node51_t1,1.0
C_timber_node35node51_t2,1.0
C_timber_node35node51_t3,1.0
C_timber_node35node51_t4,1.0
C_timber_node35node51_t5,1.0
C_wide_node35node51_t1,1.0
C_wide_node35node51_t2,1.0
C_wide_node35node51_t3,1.0
C_wide_node35node51_t4,1.0
C_wide_node35node51_t5,1.0
C_timber_node35node114_t1,1.0
C_timber_node35node114_t2,1.0
C_timber_node35node114_t3,1.0
C_timber_node35node114_t4,1.0
C_timber_node35node114_t5,1.0
C_wide_node35node114_t1,1.0
C_wide_node35node114_t2,1.0
C_wide_node35node114_t3,1.0
C_wide_node35node114_t4,1.0
C_wide_node35node114_t5,1.0
C_timber_node36node107_t1,1.0
C_timber_node36node107_t2,1.0
C_timber_node36node107_t3,1.0
C_timber_node36node107_t4,1.0
C_timber_node36node107_t5,1.0
C_wide_node36node107_t1,1.0
C_wide_node36node107_t2,1.0
C_wide_node36node107_t3,1.0
C_wide_node36node107_t4,1.0
C_wide_node36node107_t5,1.0
C_timber_node36node108_t1,1.0
C_timber_node36node108_t2,1.0
C_timber_node36node108_t3,1.0
C_timber_node36node108_t4,1.0
C_timber_node36node108_t5,1.0
C_wide_node36node108_t1,1.0
C_wide_node36node108_t2,1.0
C_wide_node36node108_t3,1.0
C_wide_node36node108_t4,1.0
C_wide_node36node108_t5,1.0
C_timber_node37node93_t1,1.0
C_timber_node37node93_t2,1.0
C_timber_node37node93_t3,1.0
C_timber_node37node93_t4,1.0
C_timber_node37node93_t5,1.0
C_wide_node37node93_t1,1.0
C_wide_node37node93_t2,1.0
C_wide_node37node93_t3,1.0
C_wide_node37node93_t4,1.0
C_wide_node37node93_t5,1.0
C_timber_node37node100_t1,1.0
C_timber_node37node100_t2,1.0
C_timber_node37node100_t3,1.0
C_timber_node37node100_t4,1.0
C_timber_node37node100_t5,1.0
C_wide_node37node100_t1,1.0
C_wide_node37node100_t2,1.0
C_wide_node37node100_t3,1.0
C_wide_node37node100_t4,1.0
C_wide_node37node100_t5,1.0
C_timber_node38node111_t1,1.0
C_timber_node38node111_t2,1.0
C_timber_node38node111_t3,1.0
C_timber_node38node111_t4,1.0
C_timber_node38node111_t5,1.0
C_wide_node38node111_t1,1.0
C_wide_node38node111_t2,1.0
C_wide_node38node111_t3,1.0
C_wide_node38node111_t4,1.0
C_wide_node38node111_t5,1.0
C_timber_node38node113_t1,1.0
C_timber_node38node113_t2,1.0
C_timber_node38node113_t3,1.0
C_timber_node38node113_t4,1.0
C_timber_node38node113_t5,1.0
C_wide_node38node113_t1,1.0
C_wide_node38node113_t2,1.0
C_wide_node38node113_t3,1.0
C_wide_node38node113_t4,1.0
C_wide_node38node113_t5,1.0
C_timber_node39node92_t1,1.0
C_timber_node39node92_t2,1.0
C_timber_node39node92_t3,1.0
C_timber_node39node92_t4,1.0
C_timber_node39node92_t5,1.0
C_wide_node39node92_t1,1.0
C_wide_node39node92_t2,1.0
C_wide_node39node92_t3,1.0
C_wide_node39node92_t4,1.0
C_wide_node39node92_t5,1.0
C_timber_node39node93_t1,1.0
C_timber_node39node93_t2,1.0
C_timber_node39node93_t3,1.0
C_timber_node39node93_t4,1.0
C_timber_node39node93_t5,1.0
C_wide_node39node93_t1,1.0
C_wide_node39node93_t2,1.0
C_wide_node39node93_t3,1.0
C_wide_node39node93_t4,1.0
C_wide_node39node93_t5,1.0
C_timber_node40node55_t1,1.0
C_timber_node40node55_t2,1.0
C_timber_node40node55_t3,1.0
C_timber_node40node55_t4,1.0
C_timber_node40node55_t5,1.0
C_wide_node40node55_t1,1.0
C_wide_node40node55_t2,1.0
C_wide_node40node55_t3,1.0
C_wide_node40node55_t4,1.0
C_wide_node40node55_t5,1.0
C_timber_node40node103_t1,1.0
C_timber_node40node103_t2,1.0
C_timber_node40node103_t3,1.0
C_timber_node40node103_t4,1.0
C_timber_node40node103_t5,1.0
C_wide_node40node103_t1,1.0
C_wide_node40node103_t2,1.0
C_wide_node40node103_t3,1.0
C_wide_node40node103_t4,1.0
C_wide_node40node103_t5,1.0
C_timber_node40node104_t1,1.0
C_timber_node40node104_t2,1.0
C_timber_node40node104_t3,1.0
C_timber_node40node104_t4,1.0
C_timber_node40node104_t5,1.0
C_wide_node40node104_t1,1.0
C_wide_node40node104_t2,1.0
C_wide_node40node104_t3,1.0
C_wide_node40node104_t4,1.0
C_wide_node40node104_t5,1.0
C_timber_node41node82_t1,1.0
C_timber_node41node82_t2,1.0
C_timber_node41node82_t3,1.0
C_timber_node41node82_t4,1.0
C_timber_node41node82_t5,1.0
C_wide_node41node82_t1,1.0
C_wide_node41node82_t2,1.0
C_wide_node41node82_t3,1.0
C_wide_node41node82_t4,1.0
C_wide_node41node82_t5,1.0
C_timber_node41node59_t1,1.0
C_timber_node41node59_t2,1.0
C_timber_node41node59_t3,1.0
C_timber_node41node59_t4,1.0
C_timber_node41node59_t5,1.0
C_wide_node41node59_t1,1.0
C_wide_node41node59_t2,1.0
C_wide_node41node59_t3,1.0
C_wide_node41node59_t4,1.0
C_wide_node41node59_t5,1.0
C_timber_node41node100_t1,1.0
C_timber_node41node100_t2,1.0
C_timber_node41node100_t3,1.0
C_timber_node41node100_t4,1.0
C_timber_node41node100_t5,1.0
C_wide_node41node100_t1,1.0
C_wide_node41node100_t2,1.0
C_wide_node41node100_t3,1.0
C_wide_node41node100_t4,1.0
C_wide_node41node100_t5,1.0
C_timber_node42node70_t1,1.0
C_timber_node42node70_t2,1.0
C_timber_node42node70_t3,1.0
C_timber_node42node70_t4,1.0
C_timber_node42node70_t5,1.0
C_wide_node42node70_t1,1.0
C_wide_node42node70_t2,1.0
C_wide_node42node70_t3,1.0
C_wide_node42node70_t4,1.0
C_wide_node42node70_t5,1.0
C_timber_node42node92_t1,1.0
C_timber_node42node92_t2,1.0
C_timber_node42node92_t3,1.0
C_timber_node42node92_t4,1.0
C_timber_node42node92_t5,1.0
C_wide_node42node92_t1,1.0
C_wide_node42node92_t2,1.0
C_wide_node42node92_t3,1.0
C_wide_node42node92_t4,1.0
C_wide_node42node92_t5,1.0
C_timber_node42node94_t1,1.0
C_timber_node42node94_t2,1.0
C_timber_node42node94_t3,1.0
C_timber_node42node94_t4,1.0
C_timber_node42node94_t5,1.0
C_wide_node42node94_t1,1.0
C_wide_node42node94_t2,1.0
C_wide_node42node94_t3,1.0
C_wide_node42node94_t4,1.0
C_wide_node42node94_t5,1.0
C_timber_node43node76_t1,1.0
C_timber_node43node76_t2,1.0
C_timber_node43node76_t3,1.0
C_timber_node43node76_t4,1.0
C_timber_node43node76_t5,1.0
C_wide_node43node76_t1,1.0
C_wide_node43node76_t2,1.0
C_wide_node43node76_t3,1.0
C_wide_node43node76_t4,1.0
C_wide_node43node76_t5,1.0
C_timber_node43node50_t1,1.0
C_timber_node43node50_t2,1.0
C_timber_node43node50_t3,1.0
C_timber_node43node50_t4,1.0
C_timber_node43node50_t5,1.0
C_wide_node43node50_t1,1.0
C_wide_node43node50_t2,1.0
C_wide_node43node50_t3,1.0
C_wide_node43node50_t4,1.0
C_wide_node43node50_t5,1.0
C_timber_node43node91_t1,1.0
C_timber_node43node91_t2,1.0
C_timber_node43node91_t3,1.0
C_timber_node43node91_t4,1.0
C_timber_node43node91_t5,1.0
C_wide_node43node91_t1,1.0
C_wide_node43node91_t2,1.0
C_wide_node43node91_t3,1.0
C_wide_node43node91_t4,1.0
C_wide_node43node91_t5,1.0
C_timber_node43node99_t1,1.0
C_timber_node43node99_t2,1.0
C_timber_node43node99_t3,1.0
C_timber_node43node99_t4,1.0
C_timber_node43node99_t5,1.0
C_wide_node43node99_t1,1.0
C_wide_node43node99_t2,1.0
C_wide_node43node99_t3,1.0
C_wide_node43node99_t4,1.0
C_wide_node43node99_t5,1.0
C_timber_node43node100_t1,1.0
C_timber_node43node100_t2,1.0
C_timber_node43node100_t3,1.0
C_timber_node43node100_t4,1.0
C_timber_node43node100_t5,1.0
C_wide_node43node100_t1,1.0
C_wide_node43node100_t2,1.0
C_wide_node43node100_t3,1.0
C_wide_node43node100_t4,1.0
C_wide_node43node100_t5,1.0
C_timber_node44node83_t1,1.0
C_timber_node44node83_t2,1.0
C_timber_node44node83_t3,1.0
C_timber_node44node83_t4,1.0
C_timber_node44node83_t5,1.0
C_wide_node44node83_t1,1.0
C_wide_node44node83_t2,1.0
C_wide_node44node83_t3,1.0
C_wide_node44node83_t4,1.0
C_wide_node44node83_t5,1.0
C_timber_node44node107_t1,1.0
C_timber_node44node107_t2,1.0
C_timber_node44node107_t3,1.0
C_timber_node44node107_t4,1.0
C_timber_node44node107_t5,1.0
C_wide_node44node107_t1,1.0
C_wide_node44node107_t2,1.0
C_wide_node44node107_t3,1.0
C_wide_node44node107_t4,1.0
C_wide_node44node107_t5,1.0
C_timber_node45node108_t1,1.0
C_timber_node45node108_t2,1.0
C_timber_node45node108_t3,1.0
C_timber_node45node108_t4,1.0
C_timber_node45node108_t5,1.0
C_wide_node45node108_t1,1.0
C_wide_node45node108_t2,1.0
C_wide_node45node108_t3,1.0
C_wide_node45node108_t4,1.0
C_wide_node45node108_t5,1.0
C_timber_node45node109_t1,1.0
C_timber_node45node109_t2,1.0
C_timber_node45node109_t3,1.0
C_timber_node45node109_t4,1.0
C_timber_node45node109_t5,1.0
C_wide_node45node109_t1,1.0
C_wide_node45node109_t2,1.0
C_wide_node45node109_t3,1.0
C_wide_node45node109_t4,1.0
C_wide_node45node109_t5,1.0
C_timber_node45node110_t1,1.0
C_timber_node45node110_t2,1.0
C_timber_node45node110_t3,1.0
C_timber_node45node110_t4,1.0
C_timber_node45node110_t5,1.0
C_wide_node45node110_t1,1.0
C_wide_node45node110_t2,1.0
C_wide_node45node110_t3,1.0
C_wide_node45node110_t4,1.0
C_wide_node45node110_t5,1.0
C_timber_node46node94_t1,1.0
C_timber_node46node94_t2,1.0
C_timber_node46node94_t3,1.0
C_timber_node46node94_t4,1.0
C_timber_node46node94_t5,1.0
C_wide_node46node94_t1,1.0
C_wide_node46node94_t2,1.0
C_wide_node46node94_t3,1.0
C_wide_node46node94_t4,1.0
C_wide_node46node94_t5,1.0
C_timber_node46node95_t1,1.0
C_timber_node46node95_t2,1.0
C_timber_node46node95_t3,1.0
C_timber_node46node95_t4,1.0
C_timber_node46node95_t5,1.0
C_wide_node46node95_t1,1.0
C_wide_node46node95_t2,1.0
C_wide_node46node95_t3,1.0
C_wide_node46node95_t4,1.0
C_wide_node46node95_t5,1.0
C_timber_node46node97_t1,1.0
C_timber_node46node97_t2,1.0
C_timber_node46node97_t3,1.0
C_timber_node46node97_t4,1.0
C_timber_node46node97_t5,1.0
C_wide_node46node97_t1,1.0
C_wide_node46node97_t2,1.0
C_wide_node46node97_t3,1.0
C_wide_node46node97_t4,1.0
C_wide_node46node97_t5,1.0
C_timber_node47node49_t1,1.0
C_timber_node47node49_t2,1.0
C_timber_node47node49_t3,1.0
C_timber_node47node49_t4,1.0
C_timber_node47node49_t5,1.0
C_wide_node47node49_t1,1.0
C_wide_node47node49_t2,1.0
C_wide_node47node49_t3,1.0
C_wide_node47node49_t4,1.0
C_wide_node47node49_t5,1.0
C_timber_node47node107_t1,1.0
C_timber_node47node107_t2,1.0
C_timber_node47node107_t3,1.0
C_timber_node47node107_t4,1.0
C_timber_node47node107_t5,1.0
C_wide_node47node107_t1,1.0
C_wide_node47node107_t2,1.0
C_wide_node47node107_t3,1.0
C_wide_node47node107_t4,1.0
C_wide_node47node107_t5,1.0
C_timber_node47node114_t1,1.0
C_timber_node47node114_t2,1.0
C_timber_node47node114_t3,1.0
C_timber_node47node114_t4,1.0
C_timber_node47node114_t5,1.0
C_wide_node47node114_t1,1.0
C_wide_node47node114_t2,1.0
C_wide_node47node114_t3,1.0
C_wide_node47node114_t4,1.0
C_wide_node47node114_t5,1.0
C_timber_node48node67_t1,1.0
C_timber_node48node67_t2,1.0
C_timber_node48node67_t3,1.0
C_timber_node48node67_t4,1.0
C_timber_node48node67_t5,1.0
C_wide_node48node67_t1,1.0
C_wide_node48node67_t2,1.0
C_wide_node48node67_t3,1.0
C_wide_node48node67_t4,1.0
C_wide_node48node67_t5,1.0
C_timber_node48node63_t1,1.0
C_timber_node48node63_t2,1.0
C_timber_node48node63_t3,1.0
C_timber_node48node63_t4,1.0
C_timber_node48node63_t5,1.0
C_wide_node48node63_t1,1.0
C_wide_node48node63_t2,1.0
C_wide_node48node63_t3,1.0
C_wide_node48node63_t4,1.0
C_wide_node48node63_t5,1.0
C_timber_node48node90_t1,1.0
C_timber_node48node90_t2,1.0
C_timber_node48node90_t3,1.0
C_timber_node48node90_t4,1.0
C_timber_node48node90_t5,1.0
C_wide_node48node90_t1,1.0
C_wide_node48node90_t2,1.0
C_wide_node48node90_t3,1.0
C_wide_node48node90_t4,1.0
C_wide_node48node90_t5,1.0
C_timber_node48node94_t1,1.0
C_timber_node48node94_t2,1.0
C_timber_node48node94_t3,1.0
C_timber_node48node94_t4,1.0
C_timber_node48node94_t5,1.0
C_wide_node48node94_t1,1.0
C_wide_node48node94_t2,1.0
C_wide_node48node94_t3,1.0
C_wide_node48node94_t4,1.0
C_wide_node48node94_t5,1.0
C_timber_node49node97_t1,1.0
C_timber_node49node97_t2,1.0
C_timber_node49node97_t3,1.0
C_timber_node49node97_t4,1.0
C_timber_node49node97_t5,1.0
C_wide_node49node97_t1,1.0
C_wide_node49node97_t2,1.0
C_wide_node49node97_t3,1.0
C_wide_node49node97_t4,1.0
C_wide_node49node97_t5,1.0
C_timber_node49node107_t1,1.0
C_timber_node49node107_t2,1.0
C_timber_node49node107_t3,1.0
C_timber_node49node107_t4,1.0
C_timber_node49node107_t5,1.0
C_wide_node49node107_t1,1.0
C_wide_node49node107_t2,1.0
C_wide_node49node107_t3,1.0
C_wide_node49node107_t4,1.0
C_wide_node49node107_t5,1.0
C_timber_node49node114_t1,1.0
C_timber_node49node114_t2,1.0
C_timber_node49node114_t3,1.0
C_timber_node49node114_t4,1.0
C_timber_node49node114_t5,1.0
C_wide_node49node114_t1,1.0
C_wide_node49node114_t2,1.0
C_wide_node49node114_t3,1.0
C_wide_node49node114_t4,1.0
C_wide_node49node114_t5,1.0
C_timber_node50node58_t1,1.0
C_timber_node50node58_t2,1.0
C_timber_node50node58_t3,1.0
C_timber_node50node58_t4,1.0
C_timber_node50node58_t5,1.0
C_wide_node50node58_t1,1.0
C_wide_node50node58_t2,1.0
C_wide_node50node58_t3,1.0
C_wide_node50node58_t4,1.0
C_wide_node50node58_t5,1.0
C_timber_node50node91_t1,1.0
C_timber_node50node91_t2,1.0
C_timber_node50node91_t3,1.0
C_timber_node50node91_t4,1.0
C_timber_node50node91_t5,1.0
C_wide_node50node91_t1,1.0
C_wide_node50node91_t2,1.0
C_wide_node50node91_t3,1.0
C_wide_node50node91_t4,1.0
C_wide_node50node91_t5,1.0
C_timber_node50node98_t1,1.0
C_timber_node50node98_t2,1.0
C_timber_node50node98_t3,1.0
C_timber_node50node98_t4,1.0
C_timber_node50node98_t5,1.0
C_wide_node50node98_t1,1.0
C_wide_node50node98_t2,1.0
C_wide_node50node98_t3,1.0
C_wide_node50node98_t4,1.0
C_wide_node50node98_t5,1.0
C_timber_node50node100_t1,1.0
C_timber_node50node100_t2,1.0
C_timber_node50node100_t3,1.0
C_timber_node50node100_t4,1.0
C_timber_node50node100_t5,1.0
C_wide_node50node100_t1,1.0
C_wide_node50node100_t2,1.0
C_wide_node50node100_t3,1.0
C_wide_node50node100_t4,1.0
C_wide_node50node100_t5,1.0
C_timber_node51node85_t1,1.0
C_timber_node51node85_t2,1.0
C_timber_node51node85_t3,1.0
C_timber_node51node85_t4,1.0
C_timber_node51node85_t5,1.0
C_wide_node51node85_t1,1.0
C_wide_node51node85_t2,1.0
C_wide_node51node85_t3,1.0
C_wide_node51node85_t4,1.0
C_wide_node51node85_t5,1.0
C_timber_node51node109_t1,1.0
C_timber_node51node109_t2,1.0
C_timber_node51node109_t3,1.0
C_timber_node51node109_t4,1.0
C_timber_node51node109_t5,1.0
C_wide_node51node109_t1,1.0
C_wide_node51node109_t2,1.0
C_wide_node51node109_t3,1.0
C_wide_node51node109_t4,1.0
C_wide_node51node109_t5,1.0
C_timber_node51node112_t1,1.0
C_timber_node51node112_t2,1.0
C_timber_node51node112_t3,1.0
C_timber_node51node112_t4,1.0
C_timber_node51node112_t5,1.0
C_wide_node51node112_t1,1.0
C_wide_node51node112_t2,1.0
C_wide_node51node112_t3,1.0
C_wide_node51node112_t4,1.0
C_wide_node51node112_t5,1.0
C_timber_node51node114_t1,1.0
C_timber_node51node114_t2,1.0
C_timber_node51node114_t3,1.0
C_timber_node51node114_t4,1.0
C_timber_node51node114_t5,1.0
C_wide_node51node114_t1,1.0
C_wide_node51node114_t2,1.0
C_wide_node51node114_t3,1.0
C_wide_node51node114_t4,1.0
C_wide_node51node114_t5,1.0
C_timber_node52node83_t1,1.0
C_timber_node52node83_t2,1.0
C_timber_node52node83_t3,1.0
C_timber_node52node83_t4,1.0
C_timber_node52node83_t5,1.0
C_wide_node52node83_t1,1.0
C_wide_node52node83_t2,1.0
C_wide_node52node83_t3,1.0
C_wide_node52node83_t4,1.0
C_wide_node52node83_t5,1.0
C_timber_node52node107_t1,1.0
C_timber_node52node107_t2,1.0
C_timber_node52node107_t3,1.0
C_timber_node52node107_t4,1.0
C_timber_node52node107_t5,1.0
C_wide_node52node107_t1,1.0
C_wide_node52node107_t2,1.0
C_wide_node52node107_t3,1.0
C_wide_node52node107_t4,1.0
C_wide_node52node107_t5,1.0
C_timber_node53node93_t1,1.0
C_timber_node53node93_t2,1.0
C_timber_node53node93_t3,1.0
C_timber_node53node93_t4,1.0
C_timber_node53node93_t5,1.0
C_wide_node53node93_t1,1.0
C_wide_node53node93_t2,1.0
C_wide_node53node93_t3,1.0
C_wide_node53node93_t4,1.0
C_wide_node53node93_t5,1.0
C_timber_node54node96_t1,1.0
C_timber_node54node96_t2,1.0
C_timber_node54node96_t3,1.0
C_timber_node54node96_t4,1.0
C_timber_node54node96_t5,1.0
C_wide_node54node96_t1,1.0
C_wide_node54node96_t2,1.0
C_wide_node54node96_t3,1.0
C_wide_node54node96_t4,1.0
C_wide_node54node96_t5,1.0
C_timber_node54node102_t1,1.0
C_timber_node54node102_t2,1.0
C_timber_node54node102_t3,1.0
C_timber_node54node102_t4,1.0
C_timber_node54node102_t5,1.0
C_wide_node54node102_t1,1.0
C_wide_node54node102_t2,1.0
C_wide_node54node102_t3,1.0
C_wide_node54node102_t4,1.0
C_wide_node54node102_t5,1.0
C_timber_node55node103_t1,1.0
C_timber_node55node103_t2,1.0
C_timber_node55node103_t3,1.0
C_timber_node55node103_t4,1.0
C_timber_node55node103_t5,1.0
C_wide_node55node103_t1,1.0
C_wide_node55node103_t2,1.0
C_wide_node55node103_t3,1.0
C_wide_node55node103_t4,1.0
C_wide_node55node103_t5,1.0
C_timber_node55node104_t1,1.0
C_timber_node55node104_t2,1.0
C_timber_node55node104_t3,1.0
C_timber_node55node104_t4,1.0
C_timber_node55node104_t5,1.0
C_wide_node55node104_t1,1.0
C_wide_node55node104_t2,1.0
C_wide_node55node104_t3,1.0
C_wide_node55node104_t4,1.0
C_wide_node55node104_t5,1.0
C_timber_node55node110_t1,1.0
C_timber_node55node110_t2,1.0
C_timber_node55node110_t3,1.0
C_timber_node55node110_t4,1.0
C_timber_node55node110_t5,1.0
C_wide_node55node110_t1,1.0
C_wide_node55node110_t2,1.0
C_wide_node55node110_t3,1.0
C_wide_node55node110_t4,1.0
C_wide_node55node110_t5,1.0
C_timber_node56node71_t1,1.0
C_timber_node56node71_t2,1.0
C_timber_node56node71_t3,1.0
C_timber_node56node71_t4,1.0
C_timber_node56node71_t5,1.0
C_wide_node56node71_t1,1.0
C_wide_node56node71_t2,1.0
C_wide_node56node71_t3,1.0
C_wide_node56node71_t4,1.0
C_wide_node56node71_t5,1.0
C_timber_node56node64_t1,1.0
C_timber_node56node64_t2,1.0
C_timber_node56node64_t3,1.0
C_timber_node56node64_t4,1.0
C_timber_node56node64_t5,1.0
C_wide_node56node64_t1,1.0
C_wide_node56node64_t2,1.0
C_wide_node56node64_t3,1.0
C_wide_node56node64_t4,1.0
C_wide_node56node64_t5,1.0
C_timber_node56node90_t1,1.0
C_timber_node56node90_t2,1.0
C_timber_node56node90_t3,1.0
C_timber_node56node90_t4,1.0
C_timber_node56node90_t5,1.0
C_wide_node56node90_t1,1.0
C_wide_node56node90_t2,1.0
C_wide_node56node90_t3,1.0
C_wide_node56node90_t4,1.0
C_wide_node56node90_t5,1.0
C_timber_node56node97_t1,1.0
C_timber_node56node97_t2,1.0
C_timber_node56node97_t3,1.0
C_timber_node56node97_t4,1.0
C_timber_node56node97_t5,1.0
C_wide_node56node97_t1,1.0
C_wide_node56node97_t2,1.0
C_wide_node56node97_t3,1.0
C_wide_node56node97_t4,1.0
C_wide_node56node97_t5,1.0
C_timber_node57node65_t1,1.0
C_timber_node57node65_t2,1.0
C_timber_node57node65_t3,1.0
C_timber_node57node65_t4,1.0
C_timber_node57node65_t5,1.0
C_wide_node57node65_t1,1.0
C_wide_node57node65_t2,1.0
C_wide_node57node65_t3,1.0
C_wide_node57node65_t4,1.0
C_wide_node57node65_t5,1.0
C_timber_node57node91_t1,1.0
C_timber_node57node91_t2,1.0
C_timber_node57node91_t3,1.0
C_timber_node57node91_t4,1.0
C_timber_node57node91_t5,1.0
C_wide_node57node91_t1,1.0
C_wide_node57node91_t2,1.0
C_wide_node57node91_t3,1.0
C_wide_node57node91_t4,1.0
C_wide_node57node91_t5,1.0
C_timber_node58node65_t1,1.0
C_timber_node58node65_t2,1.0
C_timber_node58node65_t3,1.0
C_timber_node58node65_t4,1.0
C_timber_node58node65_t5,1.0
C_wide_node58node65_t1,1.0
C_wide_node58node65_t2,1.0
C_wide_node58node65_t3,1.0
C_wide_node58node65_t4,1.0
C_wide_node58node65_t5,1.0
C_timber_node58node73_t1,1.0
C_timber_node58node73_t2,1.0
C_timber_node58node73_t3,1.0
C_timber_node58node73_t4,1.0
C_timber_node58node73_t5,1.0
C_wide_node58node73_t1,1.0
C_wide_node58node73_t2,1.0
C_wide_node58node73_t3,1.0
C_wide_node58node73_t4,1.0
C_wide_node58node73_t5,1.0
C_timber_node58node91_t1,1.0
C_timber_node58node91_t2,1.0
C_timber_node58node91_t3,1.0
C_timber_node58node91_t4,1.0
C_timber_node58node91_t5,1.0
C_wide_node58node91_t1,1.0
C_wide_node58node91_t2,1.0
C_wide_node58node91_t3,1.0
C_wide_node58node91_t4,1.0
C_wide_node58node91_t5,1.0
C_timber_node58node98_t1,1.0
C_timber_node58node98_t2,1.0
C_timber_node58node98_t3,1.0
C_timber_node58node98_t4,1.0
C_timber_node58node98_t5,1.0
C_wide_node58node98_t1,1.0
C_wide_node58node98_t2,1.0
C_wide_node58node98_t3,1.0
C_wide_node58node98_t4,1.0
C_wide_node58node98_t5,1.0
C_timber_node59node100_t1,1.0
C_timber_node59node100_t2,1.0
C_timber_node59node100_t3,1.0
C_timber_node59node100_t4,1.0
C_timber_node59node100_t5,1.0
C_wide_node59node100_t1,1.0
C_wide_node59node100_t2,1.0
C_wide_node59node100_t3,1.0
C_wide_node59node100_t4,1.0
C_wide_node59node100_t5,1.0
C_timber_node59node101_t1,1.0
C_timber_node59node101_t2,1.0
C_timber_node59node101_t3,1.0
C_timber_node59node101_t4,1.0
C_timber_node59node101_t5,1.0
C_wide_node59node101_t1,1.0
C_wide_node59node101_t2,1.0
C_wide_node59node101_t3,1.0
C_wide_node59node101_t4,1.0
C_wide_node59node101_t5,1.0
C_timber_node60node84_t1,1.0
C_timber_node60node84_t2,1.0
C_timber_node60node84_t3,1.0
C_timber_node60node84_t4,1.0
C_timber_node60node84_t5,1.0
C_wide_node60node84_t1,1.0
C_wide_node60node84_t2,1.0
C_wide_node60node84_t3,1.0
C_wide_node60node84_t4,1.0
C_wide_node60node84_t5,1.0
C_timber_node60node86_t1,1.0
C_timber_node60node86_t2,1.0
C_timber_node60node86_t3,1.0
C_timber_node60node86_t4,1.0
C_timber_node60node86_t5,1.0
C_wide_node60node86_t1,1.0
C_wide_node60node86_t2,1.0
C_wide_node60node86_t3,1.0
C_wide_node60node86_t4,1.0
C_wide_node60node86_t5,1.0
C_timber_node60node109_t1,1.0
C_timber_node60node109_t2,1.0
C_timber_node60node109_t3,1.0
C_timber_node60node109_t4,1.0
C_timber_node60node109_t5,1.0
C_wide_node60node109_t1,1.0
C_wide_node60node109_t2,1.0
C_wide_node60node109_t3,1.0
C_wide_node60node109_t4,1.0
C_wide_node60node109_t5,1.0
C_timber_node60node111_t1,1.0
C_timber_node60node111_t2,1.0
C_timber_node60node111_t3,1.0
C_timber_node60node111_t4,1.0
C_timber_node60node111_t5,1.0
C_wide_node60node111_t1,1.0
C_wide_node60node111_t2,1.0
C_wide_node60node111_t3,1.0
C_wide_node60node111_t4,1.0
C_wide_node60node111_t5,1.0
C_timber_node61node75_t1,1.0
C_timber_node61node75_t2,1.0
C_timber_node61node75_t3,1.0
C_timber_node61node75_t4,1.0
C_timber_node61node75_t5,1.0
C_wide_node61node75_t1,1.0
C_wide_node61node75_t2,1.0
C_wide_node61node75_t3,1.0
C_wide_node61node75_t4,1.0
C_wide_node61node75_t5,1.0
C_timber_node61node77_t1,1.0
C_timber_node61node77_t2,1.0
C_timber_node61node77_t3,1.0
C_timber_node61node77_t4,1.0
C_timber_node61node77_t5,1.0
C_wide_node61node77_t1,1.0
C_wide_node61node77_t2,1.0
C_wide_node61node77_t3,1.0
C_wide_node61node77_t4,1.0
C_wide_node61node77_t5,1.0
C_timber_node61node99_t1,1.0
C_timber_node61node99_t2,1.0
C_timber_node61node99_t3,1.0
C_timber_node61node99_t4,1.0
C_timber_node61node99_t5,1.0
C_wide_node61node99_t1,1.0
C_wide_node61node99_t2,1.0
C_wide_node61node99_t3,1.0
C_wide_node61node99_t4,1.0
C_wide_node61node99_t5,1.0
C_timber_node61node100_t1,1.0
C_timber_node61node100_t2,1.0
C_timber_node61node100_t3,1.0
C_timber_node61node100_t4,1.0
C_timber_node61node100_t5,1.0
C_wide_node61node100_t1,1.0
C_wide_node61node100_t2,1.0
C_wide_node61node100_t3,1.0
C_wide_node61node100_t4,1.0
C_wide_node61node100_t5,1.0
C_timber_node62node64_t1,1.0
C_timber_node62node64_t2,1.0
C_timber_node62node64_t3,1.0
C_timber_node62node64_t4,1.0
C_timber_node62node64_t5,1.0
C_wide_node62node64_t1,1.0
C_wide_node62node64_t2,1.0
C_wide_node62node64_t3,1.0
C_wide_node62node64_t4,1.0
C_wide_node62node64_t5,1.0
C_timber_node62node63_t1,1.0
C_timber_node62node63_t2,1.0
C_timber_node62node63_t3,1.0
C_timber_node62node63_t4,1.0
C_timber_node62node63_t5,1.0
C_wide_node62node63_t1,1.0
C_wide_node62node63_t2,1.0
C_wide_node62node63_t3,1.0
C_wide_node62node63_t4,1.0
C_wide_node62node63_t5,1.0
C_timber_node62node90_t1,1.0
C_timber_node62node90_t2,1.0
C_timber_node62node90_t3,1.0
C_timber_node62node90_t4,1.0
C_timber_node62node90_t5,1.0
C_wide_node62node90_t1,1.0
C_wide_node62node90_t2,1.0
C_wide_node62node90_t3,1.0
C_wide_node62node90_t4,1.0
C_wide_node62node90_t5,1.0
C_timber_node63node90_t1,1.0
C_timber_node63node90_t2,1.0
C_timber_node63node90_t3,1.0
C_timber_node63node90_t4,1.0
C_timber_node63node90_t5,1.0
C_wide_node63node90_t1,1.0
C_wide_node63node90_t2,1.0
C_wide_node63node90_t3,1.0
C_wide_node63node90_t4,1.0
C_wide_node63node90_t5,1.0
C_timber_node64node90_t1,1.0
C_timber_node64node90_t2,1.0
C_timber_node64node90_t3,1.0
C_timber_node64node90_t4,1.0
C_timber_node64node90_t5,1.0
C_wide_node64node90_t1,1.0
C_wide_node64node90_t2,1.0
C_wide_node64node90_t3,1.0
C_wide_node64node90_t4,1.0
C_wide_node64node90_t5,1.0
C_timber_node65node91_t1,1.0
C_timber_node65node91_t2,1.0
C_timber_node65node91_t3,1.0
C_timber_node65node91_t4,1.0
C_timber_node65node91_t5,1.0
C_wide_node65node91_t1,1.0
C_wide_node65node91_t2,1.0
C_wide_node65node91_t3,1.0
C_wide_node65node91_t4,1.0
C_wide_node65node91_t5,1.0
C_timber_node66node69_t1,1.0
C_timber_node66node69_t2,1.0
C_timber_node66node69_t3,1.0
C_timber_node66node69_t4,1.0
C_timber_node66node69_t5,1.0
C_wide_node66node69_t1,1.0
C_wide_node66node69_t2,1.0
C_wide_node66node69_t3,1.0
C_wide_node66node69_t4,1.0
C_wide_node66node69_t5,1.0
C_timber_node66node68_t1,1.0
C_timber_node66node68_t2,1.0
C_timber_node66node68_t3,1.0
C_timber_node66node68_t4,1.0
C_timber_node66node68_t5,1.0
C_wide_node66node68_t1,1.0
C_wide_node66node68_t2,1.0
C_wide_node66node68_t3,1.0
C_wide_node66node68_t4,1.0
C_wide_node66node68_t5,1.0
C_timber_node66node94_t1,1.0
C_timber_node66node94_t2,1.0
C_timber_node66node94_t3,1.0
C_timber_node66node94_t4,1.0
C_timber_node66node94_t5,1.0
C_wide_node66node94_t1,1.0
C_wide_node66node94_t2,1.0
C_wide_node66node94_t3,1.0
C_wide_node66node94_t4,1.0
C_wide_node66node94_t5,1.0
C_timber_node67node68_t1,1.0
C_timber_node67node68_t2,1.0
C_timber_node67node68_t3,1.0
C_timber_node67node68_t4,1.0
C_timber_node67node68_t5,1.0
C_wide_node67node68_t1,1.0
C_wide_node67node68_t2,1.0
C_wide_node67node68_t3,1.0
C_wide_node67node68_t4,1.0
C_wide_node67node68_t5,1.0
C_timber_node67node94_t1,1.0
C_timber_node67node94_t2,1.0
C_timber_node67node94_t3,1.0
C_timber_node67node94_t4,1.0
C_timber_node67node94_t5,1.0
C_wide_node67node94_t1,1.0
C_wide_node67node94_t2,1.0
C_wide_node67node94_t3,1.0
C_wide_node67node94_t4,1.0
C_wide_node67node94_t5,1.0
C_timber_node68node94_t1,1.0
C_timber_node68node94_t2,1.0
C_timber_node68node94_t3,1.0
C_timber_node68node94_t4,1.0
C_timber_node68node94_t5,1.0
C_wide_node68node94_t1,1.0
C_wide_node68node94_t2,1.0
C_wide_node68node94_t3,1.0
C_wide_node68node94_t4,1.0
C_wide_node68node94_t5,1.0
C_timber_node69node70_t1,1.0
C_timber_node69node70_t2,1.0
C_timber_node69node70_t3,1.0
C_timber_node69node70_t4,1.0
C_timber_node69node70_t5,1.0
C_wide_node69node70_t1,1.0
C_wide_node69node70_t2,1.0
C_wide_node69node70_t3,1.0
C_wide_node69node70_t4,1.0
C_wide_node69node70_t5,1.0
C_timber_node69node94_t1,1.0
C_timber_node69node94_t2,1.0
C_timber_node69node94_t3,1.0
C_timber_node69node94_t4,1.0
C_timber_node69node94_t5,1.0
C_wide_node69node94_t1,1.0
C_wide_node69node94_t2,1.0
C_wide_node69node94_t3,1.0
C_wide_node69node94_t4,1.0
C_wide_node69node94_t5,1.0
C_timber_node70node94_t1,1.0
C_timber_node70node94_t2,1.0
C_timber_node70node94_t3,1.0
C_timber_node70node94_t4,1.0
C_timber_node70node94_t5,1.0
C_wide_node70node94_t1,1.0
C_wide_node70node94_t2,1.0
C_wide_node70node94_t3,1.0
C_wide_node70node94_t4,1.0
C_wide_node70node94_t5,1.0
C_timber_node71node72_t1,1.0
C_timber_node71node72_t2,1.0
C_timber_node71node72_t3,1.0
C_timber_node71node72_t4,1.0
C_timber_node71node72_t5,1.0
C_wide_node71node72_t1,1.0
C_wide_node71node72_t2,1.0
C_wide_node71node72_t3,1.0
C_wide_node71node72_t4,1.0
C_wide_node71node72_t5,1.0
C_timber_node71node97_t1,1.0
C_timber_node71node97_t2,1.0
C_timber_node71node97_t3,1.0
C_timber_node71node97_t4,1.0
C_timber_node71node97_t5,1.0
C_wide_node71node97_t1,1.0
C_wide_node71node97_t2,1.0
C_wide_node71node97_t3,1.0
C_wide_node71node97_t4,1.0
C_wide_node71node97_t5,1.0
C_timber_node72node97_t1,1.0
C_timber_node72node97_t2,1.0
C_timber_node72node97_t3,1.0
C_timber_node72node97_t4,1.0
C_timber_node72node97_t5,1.0
C_wide_node72node97_t1,1.0
C_wide_node72node97_t2,1.0
C_wide_node72node97_t3,1.0
C_wide_node72node97_t4,1.0
C_wide_node72node97_t5,1.0
C_timber_node73node74_t1,1.0
C_timber_node73node74_t2,1.0
C_timber_node73node74_t3,1.0
C_timber_node73node74_t4,1.0
C_timber_node73node74_t5,1.0
C_wide_node73node74_t1,1.0
C_wide_node73node74_t2,1.0
C_wide_node73node74_t3,1.0
C_wide_node73node74_t4,1.0
C_wide_node73node74_t5,1.0
C_timber_node73node98_t1,1.0
C_timber_node73node98_t2,1.0
C_timber_node73node98_t3,1.0
C_timber_node73node98_t4,1.0
C_timber_node73node98_t5,1.0
C_wide_node73node98_t1,1.0
C_wide_node73node98_t2,1.0
C_wide_node73node98_t3,1.0
C_wide_node73node98_t4,1.0
C_wide_node73node98_t5,1.0
C_timber_node74node98_t1,1.0
C_timber_node74node98_t2,1.0
C_timber_node74node98_t3,1.0
C_timber_node74node98_t4,1.0
C_timber_node74node98_t5,1.0
C_wide_node74node98_t1,1.0
C_wide_node74node98_t2,1.0
C_wide_node74node98_t3,1.0
C_wide_node74node98_t4,1.0
C_wide_node74node98_t5,1.0
C_timber_node75node99_t1,1.0
C_timber_node75node99_t2,1.0
C_timber_node75node99_t3,1.0
C_timber_node75node99_t4,1.0
C_timber_node75node99_t5,1.0
C_wide_node75node99_t1,1.0
C_wide_node75node99_t2,1.0
C_wide_node75node99_t3,1.0
C_wide_node75node99_t4,1.0
C_wide_node75node99_t5,1.0
C_timber_node75node100_t1,1.0
C_timber_node75node100_t2,1.0
C_timber_node75node100_t3,1.0
C_timber_node75node100_t4,1.0
C_timber_node75node100_t5,1.0
C_wide_node75node100_t1,1.0
C_wide_node75node100_t2,1.0
C_wide_node75node100_t3,1.0
C_wide_node75node100_t4,1.0
C_wide_node75node100_t5,1.0
C_timber_node76node77_t1,1.0
C_timber_node76node77_t2,1.0
C_timber_node76node77_t3,1.0
C_timber_node76node77_t4,1.0
C_timber_node76node77_t5,1.0
C_wide_node76node77_t1,1.0
C_wide_node76node77_t2,1.0
C_wide_node76node77_t3,1.0
C_wide_node76node77_t4,1.0
C_wide_node76node77_t5,1.0
C_timber_node76node99_t1,1.0
C_timber_node76node99_t2,1.0
C_timber_node76node99_t3,1.0
C_timber_node76node99_t4,1.0
C_timber_node76node99_t5,1.0
C_wide_node76node99_t1,1.0
C_wide_node76node99_t2,1.0
C_wide_node76node99_t3,1.0
C_wide_node76node99_t4,1.0
C_wide_node76node99_t5,1.0
C_timber_node76node100_t1,1.0
C_timber_node76node100_t2,1.0
C_timber_node76node100_t3,1.0
C_timber_node76node100_t4,1.0
C_timber_node76node100_t5,1.0
C_wide_node76node100_t1,1.0
C_wide_node76node100_t2,1.0
C_wide_node76node100_t3,1.0
C_wide_node76node100_t4,1.0
C_wide_node76node100_t5,1.0
C_timber_node77node99_t1,1.0
C_timber_node77node99_t2,1.0
C_timber_node77node99_t3,1.0
C_timber_node77node99_t4,1.0
C_timber_node77node99_t5,1.0
C_wide_node77node99_t1,1.0
C_wide_node77node99_t2,1.0
C_wide_node77node99_t3,1.0
C_wide_node77node99_t4,1.0
C_wide_node77node99_t5,1.0
C_timber_node77node100_t1,1.0
C_timber_node77node100_t2,1.0
C_timber_node77node100_t3,1.0
C_timber_node77node100_t4,1.0
C_timber_node77node100_t5,1.0
C_wide_node77node100_t1,1.0
C_wide_node77node100_t2,1.0
C_wide_node77node100_t3,1.0
C_wide_node77node100_t4,1.0
C_wide_node77node100_t5,1.0
C_timber_node78node80_t1,1.0
C_timber_node78node80_t2,1.0
C_timber_node78node80_t3,1.0
C_timber_node78node80_t4,1.0
C_timber_node78node80_t5,1.0
C_wide_node78node80_t1,1.0
C_wide_node78node80_t2,1.0
C_wide_node78node80_t3,1.0
C_wide_node78node80_t4,1.0
C_wide_node78node80_t5,1.0
C_timber_node78node100_t1,1.0
C_timber_node78node100_t2,1.0
C_timber_node78node100_t3,1.0
C_timber_node78node100_t4,1.0
C_timber_node78node100_t5,1.0
C_wide_node78node100_t1,1.0
C_wide_node78node100_t2,1.0
C_wide_node78node100_t3,1.0
C_wide_node78node100_t4,1.0
C_wide_node78node100_t5,1.0
C_timber_node79node100_t1,1.0
C_timber_node79node100_t2,1.0
C_timber_node79node100_t3,1.0
C_timber_node79node100_t4,1.0
C_timber_node79node100_t5,1.0
C_wide_node79node100_t1,1.0
C_wide_node79node100_t2,1.0
C_wide_node79node100_t3,1.0
C_wide_node79node100_t4,1.0
C_wide_node79node100_t5,1.0
C_timber_node80node100_t1,1.0
C_timber_node80node100_t2,1.0
C_timber_node80node100_t3,1.0
C_timber_node80node100_t4,1.0
C_timber_node80node100_t5,1.0
C_wide_node80node100_t1,1.0
C_wide_node80node100_t2,1.0
C_wide_node80node100_t3,1.0
C_wide_node80node100_t4,1.0
C_wide_node80node100_t5,1.0
C_timber_node81node82_t1,1.0
C_timber_node81node82_t2,1.0
C_timber_node81node82_t3,1.0
C_timber_node81node82_t4,1.0
C_timber_node81node82_t5,1.0
C_wide_node81node82_t1,1.0
C_wide_node81node82_t2,1.0
C_wide_node81node82_t3,1.0
C_wide_node81node82_t4,1.0
C_wide_node81node82_t5,1.0
C_timber_node81node100_t1,1.0
C_timber_node81node100_t2,1.0
C_timber_node81node100_t3,1.0
C_timber_node81node100_t4,1.0
C_timber_node81node100_t5,1.0
C_wide_node81node100_t1,1.0
C_wide_node81node100_t2,1.0
C_wide_node81node100_t3,1.0
C_wide_node81node100_t4,1.0
C_wide_node81node100_t5,1.0
C_timber_node82node100_t1,1.0
C_timber_node82node100_t2,1.0
C_timber_node82node100_t3,1.0
C_timber_node82node100_t4,1.0
C_timber_node82node100_t5,1.0
C_wide_node82node100_t1,1.0
C_wide_node82node100_t2,1.0
C_wide_node82node100_t3,1.0
C_wide_node82node100_t4,1.0
C_wide_node82node100_t5,1.0
C_timber_node83node107_t1,1.0
C_timber_node83node107_t2,1.0
C_timber_node83node107_t3,1.0
C_timber_node83node107_t4,1.0
C_timber_node83node107_t5,1.0
C_wide_node83node107_t1,1.0
C_wide_node83node107_t2,1.0
C_wide_node83node107_t3,1.0
C_wide_node83node107_t4,1.0
C_wide_node83node107_t5,1.0
C_timber_node84node109_t1,1.0
C_timber_node84node109_t2,1.0
C_timber_node84node109_t3,1.0
C_timber_node84node109_t4,1.0
C_timber_node84node109_t5,1.0
C_wide_node84node109_t1,1.0
C_wide_node84node109_t2,1.0
C_wide_node84node109_t3,1.0
C_wide_node84node109_t4,1.0
C_wide_node84node109_t5,1.0
C_timber_node84node111_t1,1.0
C_timber_node84node111_t2,1.0
C_timber_node84node111_t3,1.0
C_timber_node84node111_t4,1.0
C_timber_node84node111_t5,1.0
C_wide_node84node111_t1,1.0
C_wide_node84node111_t2,1.0
C_wide_node84node111_t3,1.0
C_wide_node84node111_t4,1.0
C_wide_node84node111_t5,1.0
C_timber_node85node109_t1,1.0
C_timber_node85node109_t2,1.0
C_timber_node85node109_t3,1.0
C_timber_node85node109_t4,1.0
C_timber_node85node109_t5,1.0
C_wide_node85node109_t1,1.0
C_wide_node85node109_t2,1.0
C_wide_node85node109_t3,1.0
C_wide_node85node109_t4,1.0
C_wide_node85node109_t5,1.0
C_timber_node85node112_t1,1.0
C_timber_node85node112_t2,1.0
C_timber_node85node112_t3,1.0
C_timber_node85node112_t4,1.0
C_timber_node85node112_t5,1.0
C_wide_node85node112_t1,1.0
C_wide_node85node112_t2,1.0
C_wide_node85node112_t3,1.0
C_wide_node85node112_t4,1.0
C_wide_node85node112_t5,1.0
C_timber_node86node87_t1,1.0
C_timber_node86node87_t2,1.0
C_timber_node86node87_t3,1.0
C_timber_node86node87_t4,1.0
C_timber_node86node87_t5,1.0
C_wide_node86node87_t1,1.0
C_wide_node86node87_t2,1.0
C_wide_node86node87_t3,1.0
C_wide_node86node87_t4,1.0
C_wide_node86node87_t5,1.0
C_timber_node86node109_t1,1.0
C_timber_node86node109_t2,1.0
C_timber_node86node109_t3,1.0
C_timber_node86node109_t4,1.0
C_timber_node86node109_t5,1.0
C_wide_node86node109_t1,1.0
C_wide_node86node109_t2,1.0
C_wide_node86node109_t3,1.0
C_wide_node86node109_t4,1.0
C_wide_node86node109_t5,1.0
C_timber_node86node111_t1,1.0
C_timber_node86node111_t2,1.0
C_timber_node86node111_t3,1.0
C_timber_node86node111_t4,1.0
C_timber_node86node111_t5,1.0
C_wide_node86node111_t1,1.0
C_wide_node86node111_t2,1.0
C_wide_node86node111_t3,1.0
C_wide_node86node111_t4,1.0
C_wide_node86node111_t5,1.0
C_timber_node87node109_t1,1.0
C_timber_node87node109_t2,1.0
C_timber_node87node109_t3,1.0
C_timber_node87node109_t4,1.0
C_timber_node87node109_t5,1.0
C_wide_node87node109_t1,1.0
C_wide_node87node109_t2,1.0
C_wide_node87node109_t3,1.0
C_wide_node87node109_t4,1.0
C_wide_node87node109_t5,1.0
C_timber_node87node111_t1,1.0
C_timber_node87node111_t2,1.0
C_timber_node87node111_t3,1.0
C_timber_node87node111_t4,1.0
C_timber_node87node111_t5,1.0
C_wide_node87node111_t1,1.0
C_wide_node87node111_t2,1.0
C_wide_node87node111_t3,1.0
C_wide_node87node111_t4,1.0
C_wide_node87node111_t5,1.0
C_timber_node88node89_t1,1.0
C_timber_node88node89_t2,1.0
C_timber_node88node89_t3,1.0
C_timber_node88node89_t4,1.0
C_timber_node88node89_t5,1.0
C_wide_node88node89_t1,1.0
C_wide_node88node89_t2,1.0
C_wide_node88node89_t3,1.0
C_wide_node88node89_t4,1.0
C_wide_node88node89_t5,1.0
C_timber_node88node112_t1,1.0
C_timber_node88node112_t2,1.0
C_timber_node88node112_t3,1.0
C_timber_node88node112_t4,1.0
C_timber_node88node112_t5,1.0
C_wide_node88node112_t1,1.0
C_wide_node88node112_t2,1.0
C_wide_node88node112_t3,1.0
C_wide_node88node112_t4,1.0
C_wide_node88node112_t5,1.0
C_timber_node89node112_t1,1.0
C_timber_node89node112_t2,1.0
C_timber_node89node112_t3,1.0
C_timber_node89node112_t4,1.0
C_timber_node89node112_t5,1.0
C_wide_node89node112_t1,1.0
C_wide_node89node112_t2,1.0
C_wide_node89node112_t3,1.0
C_wide_node89node112_t4,1.0
C_wide_node89node112_t5,1.0
M_wide_node1node42_t2,1.0
M_wide_node1node42_t3,1.0
M_wide_node1node42_t4,1.0
M_wide_node1node42_t5,1.0
M_wide_node1node4_t2,1.0
M_wide_node1node4_t3,1.0
M_wide_node1node4_t4,1.0
M_wide_node1node4_t5,1.0
M_wide_node1node39_t2,1.0
M_wide_node1node39_t3,1.0
M_wide_node1node39_t4,1.0
M_wide_node1node39_t5,1.0
M_timber_node1node92_t2,1.0
M_wide_node1node92_t2,1.0
M_wide_node1node92_t3,1.0
M_wide_node1node92_t4,1.0
M_wide_node1node92_t5,1.0
M_timber_node1node93_t2,1.0
M_wide_node1node93_t2,1.0
M_wide_node1node93_t3,1.0
M_wide_node1node93_t4,1.0
M_wide_node1node93_t5,1.0
M_timber_node1node94_t2,1.0
M_wide_node1node94_t2,1.0
M_wide_node1node94_t3,1.0
M_wide_node1node94_t4,1.0
M_wide_node1node94_t5,1.0
M_wide_node2node74_t2,1.0
M_wide_node2node74_t3,1.0
M_wide_node2node74_t4,1.0
M_wide_node2node74_t5,1.0
M_wide_node2node79_t2,1.0
M_wide_node2node79_t3,1.0
M_wide_node2node79_t4,1.0
M_wide_node2node79_t5,1.0
M_wide_node2node50_t2,1.0
M_wide_node2node50_t3,1.0
M_wide_node2node50_t4,1.0
M_wide_node2node50_t5,1.0
M_timber_node2node98_t2,1.0
M_wide_node2node98_t2,1.0
M_wide_node2node98_t3,1.0
M_wide_node2node98_t4,1.0
M_wide_node2node98_t5,1.0
M_timber_node2node100_t2,1.0
M_wide_node2node100_t2,1.0
M_wide_node2node100_t3,1.0
M_wide_node2node100_t4,1.0
M_wide_node2node100_t5,1.0
M_wide_node3node54_t2,1.0
M_wide_node3node54_t3,1.0
M_wide_node3node54_t4,1.0
M_wide_node3node54_t5,1.0
M_wide_node3node18_t2,1.0
M_wide_node3node18_t3,1.0
M_wide_node3node18_t4,1.0
M_wide_node3node18_t5,1.0
M_wide_node3node59_t2,1.0
M_wide_node3node59_t3,1.0
M_wide_node3node59_t4,1.0
M_wide_node3node59_t5,1.0
M_timber_node3node96_t2,1.0
M_wide_node3node96_t2,1.0
M_wide_node3node96_t3,1.0
M_wide_node3node96_t4,1.0
M_wide_node3node96_t5,1.0
M_timber_node3node101_t2,1.0
M_wide_node3node101_t2,1.0
M_wide_node3node101_t3,1.0
M_wide_node3node101_t4,1.0
M_wide_node3node101_t5,1.0
M_wide_node4node46_t2,1.0
M_wide_node4node46_t3,1.0
M_wide_node4node46_t4,1.0
M_wide_node4node46_t5,1.0
M_wide_node4node24_t2,1.0
M_wide_node4node24_t3,1.0
M_wide_node4node24_t4,1.0
M_wide_node4node24_t5,1.0
M_timber_node4node93_t2,1.0
M_wide_node4node93_t2,1.0
M_wide_node4node93_t3,1.0
M_wide_node4node93_t4,1.0
M_wide_node4node93_t5,1.0
M_timber_node4node94_t2,1.0
M_wide_node4node94_t2,1.0
M_wide_node4node94_t3,1.0
M_wide_node4node94_t4,1.0
M_wide_node4node94_t5,1.0
M_timber_node4node95_t2,1.0
M_wide_node4node95_t2,1.0
M_wide_node4node95_t3,1.0
M_wide_node4node95_t4,1.0
M_wide_node4node95_t5,1.0
M_wide_node5node43_t2,1.0
M_wide_node5node43_t3,1.0
M_wide_node5node43_t4,1.0
M_wide_node5node43_t5,1.0
M_wide_node5node11_t2,1.0
M_wide_node5node11_t3,1.0
M_wide_node5node11_t4,1.0
M_wide_node5node11_t5,1.0
M_wide_node5node57_t2,1.0
M_wide_node5node57_t3,1.0
M_wide_node5node57_t4,1.0
M_wide_node5node57_t5,1.0
M_timber_node5node91_t2,1.0
M_wide_node5node91_t2,1.0
M_wide_node5node91_t3,1.0
M_wide_node5node91_t4,1.0
M_wide_node5node91_t5,1.0
M_timber_node5node99_t2,1.0
M_wide_node5node99_t2,1.0
M_wide_node5node99_t3,1.0
M_wide_node5node99_t4,1.0
M_wide_node5node99_t5,1.0
M_wide_node6node22_t2,1.0
M_wide_node6node22_t3,1.0
M_wide_node6node22_t4,1.0
M_wide_node6node22_t5,1.0
M_wide_node6node25_t2,1.0
M_wide_node6node25_t3,1.0
M_wide_node6node25_t4,1.0
M_wide_node6node25_t5,1.0
M_wide_node6node54_t2,1.0
M_wide_node6node54_t3,1.0
M_wide_node6node54_t4,1.0
M_wide_node6node54_t5,1.0
M_timber_node6node96_t2,1.0
M_wide_node6node96_t2,1.0
M_wide_node6node96_t3,1.0
M_wide_node6node96_t4,1.0
M_wide_node6node96_t5,1.0
M_timber_node6node102_t2,1.0
M_wide_node6node102_t2,1.0
M_wide_node6node102_t3,1.0
M_wide_node6node102_t4,1.0
M_wide_node6node102_t5,1.0
M_timber_node6node108_t2,1.0
M_wide_node6node108_t2,1.0
M_wide_node6node108_t3,1.0
M_wide_node6node108_t4,1.0
M_wide_node6node108_t5,1.0
M_wide_node7node23_t2,1.0
M_wide_node7node23_t3,1.0
M_wide_node7node23_t4,1.0
M_wide_node7node23_t5,1.0
M_wide_node7node15_t2,1.0
M_wide_node7node15_t3,1.0
M_wide_node7node15_t4,1.0
M_wide_node7node15_t5,1.0
M_wide_node7node34_t2,1.0
M_wide_node7node34_t3,1.0
M_wide_node7node34_t4,1.0
M_wide_node7node34_t5,1.0
M_timber_node7node105_t2,1.0
M_wide_node7node105_t2,1.0
M_wide_node7node105_t3,1.0
M_wide_node7node105_t4,1.0
M_wide_node7node105_t5,1.0
M_timber_node7node106_t2,1.0
M_wide_node7node106_t2,1.0
M_wide_node7node106_t3,1.0
M_wide_node7node106_t4,1.0
M_wide_node7node106_t5,1.0
M_wide_node8node51_t2,1.0
M_wide_node8node51_t3,1.0
M_wide_node8node51_t4,1.0
M_wide_node8node51_t5,1.0
M_wide_node8node30_t2,1.0
M_wide_node8node30_t3,1.0
M_wide_node8node30_t4,1.0
M_wide_node8node30_t5,1.0
M_wide_node8node52_t2,1.0
M_wide_node8node52_t3,1.0
M_wide_node8node52_t4,1.0
M_wide_node8node52_t5,1.0
M_timber_node8node107_t2,1.0
M_wide_node8node107_t2,1.0
M_wide_node8node107_t3,1.0
M_wide_node8node107_t4,1.0
M_wide_node8node107_t5,1.0
M_timber_node8node109_t2,1.0
M_wide_node8node109_t2,1.0
M_wide_node8node109_t3,1.0
M_wide_node8node109_t4,1.0
M_wide_node8node109_t5,1.0
M_wide_node9node33_t2,1.0
M_wide_node9node33_t3,1.0
M_wide_node9node33_t4,1.0
M_wide_node9node33_t5,1.0
M_wide_node9node34_t2,1.0
M_wide_node9node34_t3,1.0
M_wide_node9node34_t4,1.0
M_wide_node9node34_t5,1.0
M_wide_node9node38_t2,1.0
M_wide_node9node38_t3,1.0
M_wide_node9node38_t4,1.0
M_wide_node9node38_t5,1.0
M_timber_node9node111_t2,1.0
M_wide_node9node111_t2,1.0
M_wide_node9node111_t3,1.0
M_wide_node9node111_t4,1.0
M_wide_node9node111_t5,1.0
M_timber_node9node113_t2,1.0
M_wide_node9node113_t2,1.0
M_wide_node9node113_t3,1.0
M_wide_node9node113_t4,1.0
M_wide_node9node113_t5,1.0
M_timber_node10node87_t2,1.0
M_timber_node10node85_t2,1.0
M_wide_node10node33_t2,1.0
M_wide_node10node33_t3,1.0
M_wide_node10node33_t4,1.0
M_wide_node10node33_t5,1.0
M_timber_node10node109_t2,1.0
M_wide_node10node109_t2,1.0
M_wide_node10node109_t3,1.0
M_wide_node10node109_t4,1.0
M_wide_node10node109_t5,1.0
M_timber_node10node111_t2,1.0
M_wide_node10node111_t2,1.0
M_wide_node10node111_t3,1.0
M_wide_node10node111_t4,1.0
M_wide_node10node111_t5,1.0
M_timber_node10node112_t2,1.0
M_wide_node10node112_t2,1.0
M_wide_node10node112_t3,1.0
M_wide_node10node112_t4,1.0
M_wide_node10node112_t5,1.0
M_wide_node11node78_t2,1.0
M_wide_node11node78_t3,1.0
M_wide_node11node78_t4,1.0
M_wide_node11node78_t5,1.0
M_wide_node11node75_t2,1.0
M_wide_node11node75_t3,1.0
M_wide_node11node75_t4,1.0
M_wide_node11node75_t5,1.0
M_timber_node11node99_t2,1.0
M_wide_node11node99_t2,1.0
M_wide_node11node99_t3,1.0
M_wide_node11node99_t4,1.0
M_wide_node11node99_t5,1.0
M_timber_node11node100_t2,1.0
M_wide_node11node100_t2,1.0
M_wide_node11node100_t3,1.0
M_wide_node11node100_t4,1.0
M_wide_node11node100_t5,1.0
M_wide_node12node47_t2,1.0
M_wide_node12node47_t3,1.0
M_wide_node12node47_t4,1.0
M_wide_node12node47_t5,1.0
M_timber_node12node35_t2,1.0
M_timber_node12node114_t2,1.0
M_wide_node12node114_t2,1.0
M_wide_node12node114_t3,1.0
M_wide_node12node114_t4,1.0
M_wide_node12node114_t5,1.0
M_wide_node13node46_t2,1.0
M_wide_node13node46_t3,1.0
M_wide_node13node46_t4,1.0
M_wide_node13node46_t5,1.0
M_wide_node13node25_t2,1.0
M_wide_node13node25_t3,1.0
M_wide_node13node25_t4,1.0
M_wide_node13node25_t5,1.0
M_wide_node13node49_t2,1.0
M_wide_node13node49_t3,1.0
M_wide_node13node49_t4,1.0
M_wide_node13node49_t5,1.0
M_wide_node13node36_t2,1.0
M_wide_node13node36_t3,1.0
M_wide_node13node36_t4,1.0
M_wide_node13node36_t5,1.0
M_timber_node13node95_t2,1.0
M_wide_node13node95_t2,1.0
M_wide_node13node95_t3,1.0
M_wide_node13node95_t4,1.0
M_wide_node13node95_t5,1.0
M_timber_node13node97_t2,1.0
M_wide_node13node97_t2,1.0
M_wide_node13node97_t3,1.0
M_wide_node13node97_t4,1.0
M_wide_node13node97_t5,1.0
M_timber_node13node107_t2,1.0
M_wide_node13node107_t2,1.0
M_wide_node13node107_t3,1.0
M_wide_node13node107_t4,1.0
M_wide_node13node107_t5,1.0
M_timber_node13node108_t2,1.0
M_wide_node13node108_t2,1.0
M_wide_node13node108_t3,1.0
M_wide_node13node108_t4,1.0
M_wide_node13node108_t5,1.0
M_wide_node14node89_t2,1.0
M_wide_node14node89_t3,1.0
M_wide_node14node89_t4,1.0
M_wide_node14node89_t5,1.0
M_wide_node14node51_t2,1.0
M_wide_node14node51_t3,1.0
M_wide_node14node51_t4,1.0
M_wide_node14node51_t5,1.0
M_wide_node14node19_t2,1.0
M_wide_node14node19_t3,1.0
M_wide_node14node19_t4,1.0
M_wide_node14node19_t5,1.0
M_timber_node14node112_t2,1.0
M_wide_node14node112_t2,1.0
M_wide_node14node112_t3,1.0
M_wide_node14node112_t4,1.0
M_wide_node14node112_t5,1.0
M_timber_node14node114_t2,1.0
M_wide_node14node114_t2,1.0
M_wide_node14node114_t3,1.0
M_wide_node14node114_t4,1.0
M_wide_node14node114_t5,1.0
M_wide_node15node55_t2,1.0
M_wide_node15node55_t3,1.0
M_wide_node15node55_t4,1.0
M_wide_node15node55_t5,1.0
M_wide_node15node34_t2,1.0
M_wide_node15node34_t3,1.0
M_wide_node15node34_t4,1.0
M_wide_node15node34_t5,1.0
M_wide_node15node23_t2,1.0
M_wide_node15node23_t3,1.0
M_wide_node15node23_t4,1.0
M_wide_node15node23_t5,1.0
M_timber_node15node104_t2,1.0
M_wide_node15node104_t2,1.0
M_wide_node15node104_t3,1.0
M_wide_node15node104_t4,1.0
M_wide_node15node104_t5,1.0
M_timber_node15node105_t2,1.0
M_wide_node15node105_t2,1.0
M_wide_node15node105_t3,1.0
M_wide_node15node105_t4,1.0
M_wide_node15node105_t5,1.0
M_timber_node15node106_t2,1.0
M_wide_node15node106_t2,1.0
M_wide_node15node106_t3,1.0
M_wide_node15node106_t4,1.0
M_wide_node15node106_t5,1.0
M_timber_node15node110_t2,1.0
M_wide_node15node110_t2,1.0
M_wide_node15node110_t3,1.0
M_wide_node15node110_t4,1.0
M_wide_node15node110_t5,1.0
M_wide_node16node55_t2,1.0
M_wide_node16node55_t3,1.0
M_wide_node16node55_t4,1.0
M_wide_node16node55_t5,1.0
M_wide_node16node17_t2,1.0
M_wide_node16node17_t3,1.0
M_wide_node16node17_t4,1.0
M_wide_node16node17_t5,1.0
M_wide_node16node22_t2,1.0
M_wide_node16node22_t3,1.0
M_wide_node16node22_t4,1.0
M_wide_node16node22_t5,1.0
M_timber_node16node102_t2,1.0
M_wide_node16node102_t2,1.0
M_wide_node16node102_t3,1.0
M_wide_node16node102_t4,1.0
M_wide_node16node102_t5,1.0
M_timber_node16node103_t2,1.0
M_wide_node16node103_t2,1.0
M_wide_node16node103_t3,1.0
M_wide_node16node103_t4,1.0
M_wide_node16node103_t5,1.0
M_timber_node16node110_t2,1.0
M_wide_node16node110_t2,1.0
M_wide_node16node110_t3,1.0
M_wide_node16node110_t4,1.0
M_wide_node16node110_t5,1.0
M_wide_node17node54_t2,1.0
M_wide_node17node54_t3,1.0
M_wide_node17node54_t4,1.0
M_wide_node17node54_t5,1.0
M_wide_node17node40_t2,1.0
M_wide_node17node40_t3,1.0
M_wide_node17node40_t4,1.0
M_wide_node17node40_t5,1.0
M_timber_node17node102_t2,1.0
M_wide_node17node102_t2,1.0
M_wide_node17node102_t3,1.0
M_wide_node17node102_t4,1.0
M_wide_node17node102_t5,1.0
M_timber_node17node103_t2,1.0
M_wide_node17node103_t2,1.0
M_wide_node17node103_t3,1.0
M_wide_node17node103_t4,1.0
M_wide_node17node103_t5,1.0
M_wide_node18node32_t2,1.0
M_wide_node18node32_t3,1.0
M_wide_node18node32_t4,1.0
M_wide_node18node32_t5,1.0
M_wide_node18node20_t2,1.0
M_wide_node18node20_t3,1.0
M_wide_node18node20_t4,1.0
M_wide_node18node20_t5,1.0
M_timber_node18node96_t2,1.0
M_wide_node18node96_t2,1.0
M_wide_node18node96_t3,1.0
M_wide_node18node96_t4,1.0
M_wide_node18node96_t5,1.0
M_timber_node18node101_t2,1.0
M_wide_node18node101_t2,1.0
M_wide_node18node101_t3,1.0
M_wide_node18node101_t4,1.0
M_wide_node18node101_t5,1.0
M_timber_node19node72_t2,1.0
M_wide_node19node49_t2,1.0
M_wide_node19node49_t3,1.0
M_wide_node19node49_t4,1.0
M_wide_node19node49_t5,1.0
M_timber_node19node97_t2,1.0
M_wide_node19node97_t2,1.0
M_wide_node19node97_t3,1.0
M_wide_node19node97_t4,1.0
M_wide_node19node97_t5,1.0
M_timber_node19node114_t2,1.0
M_wide_node19node114_t2,1.0
M_wide_node19node114_t3,1.0
M_wide_node19node114_t4,1.0
M_wide_node19node114_t5,1.0
M_wide_node20node37_t2,1.0
M_wide_node20node37_t3,1.0
M_wide_node20node37_t4,1.0
M_wide_node20node37_t5,1.0
M_wide_node20node24_t2,1.0
M_wide_node20node24_t3,1.0
M_wide_node20node24_t4,1.0
M_wide_node20node24_t5,1.0
M_timber_node20node93_t2,1.0
M_wide_node20node93_t2,1.0
M_wide_node20node93_t3,1.0
M_wide_node20node93_t4,1.0
M_wide_node20node93_t5,1.0
M_timber_node20node96_t2,1.0
M_wide_node20node96_t2,1.0
M_wide_node20node96_t3,1.0
M_wide_node20node96_t4,1.0
M_wide_node20node96_t5,1.0
M_wide_node21node80_t2,1.0
M_wide_node21node80_t3,1.0
M_wide_node21node80_t4,1.0
M_wide_node21node80_t5,1.0
M_wide_node21node37_t2,1.0
M_wide_node21node37_t3,1.0
M_wide_node21node37_t4,1.0
M_wide_node21node37_t5,1.0
M_wide_node21node53_t2,1.0
M_wide_node21node53_t3,1.0
M_wide_node21node53_t4,1.0
M_wide_node21node53_t5,1.0
M_timber_node21node93_t2,1.0
M_wide_node21node93_t2,1.0
M_wide_node21node93_t3,1.0
M_wide_node21node93_t4,1.0
M_wide_node21node93_t5,1.0
M_timber_node21node100_t2,1.0
M_wide_node21node100_t2,1.0
M_wide_node21node100_t3,1.0
M_wide_node21node100_t4,1.0
M_wide_node21node100_t5,1.0
M_wide_node22node45_t2,1.0
M_wide_node22node45_t3,1.0
M_wide_node22node45_t4,1.0
M_wide_node22node45_t5,1.0
M_timber_node22node102_t2,1.0
M_wide_node22node102_t2,1.0
M_wide_node22node102_t3,1.0
M_wide_node22node102_t4,1.0
M_wide_node22node102_t5,1.0
M_timber_node22node108_t2,1.0
M_wide_node22node108_t2,1.0
M_wide_node22node108_t3,1.0
M_wide_node22node108_t4,1.0
M_wide_node22node108_t5,1.0
M_timber_node22node110_t2,1.0
M_wide_node22node110_t2,1.0
M_wide_node22node110_t3,1.0
M_wide_node22node110_t4,1.0
M_wide_node22node110_t5,1.0
M_wide_node23node40_t2,1.0
M_wide_node23node40_t3,1.0
M_wide_node23node40_t4,1.0
M_wide_node23node40_t5,1.0
M_timber_node23node104_t2,1.0
M_wide_node23node104_t2,1.0
M_wide_node23node104_t3,1.0
M_wide_node23node104_t4,1.0
M_wide_node23node104_t5,1.0
M_timber_node23node105_t2,1.0
M_wide_node23node105_t2,1.0
M_wide_node23node105_t3,1.0
M_wide_node23node105_t4,1.0
M_wide_node23node105_t5,1.0
M_wide_node24node25_t2,1.0
M_wide_node24node25_t3,1.0
M_wide_node24node25_t4,1.0
M_wide_node24node25_t5,1.0
M_timber_node24node93_t2,1.0
M_wide_node24node93_t2,1.0
M_wide_node24node93_t3,1.0
M_wide_node24node93_t4,1.0
M_wide_node24node93_t5,1.0
M_timber_node24node95_t2,1.0
M_wide_node24node95_t2,1.0
M_wide_node24node95_t3,1.0
M_wide_node24node95_t4,1.0
M_wide_node24node95_t5,1.0
M_timber_node24node96_t2,1.0
M_wide_node24node96_t2,1.0
M_wide_node24node96_t3,1.0
M_wide_node24node96_t4,1.0
M_wide_node24node96_t5,1.0
M_timber_node25node95_t2,1.0
M_wide_node25node95_t2,1.0
M_wide_node25node95_t3,1.0
M_wide_node25node95_t4,1.0
M_wide_node25node95_t5,1.0
M_timber_node25node96_t2,1.0
M_wide_node25node96_t2,1.0
M_wide_node25node96_t3,1.0
M_wide_node25node96_t4,1.0
M_wide_node25node96_t5,1.0
M_timber_node25node108_t2,1.0
M_wide_node25node108_t2,1.0
M_wide_node25node108_t3,1.0
M_wide_node25node108_t4,1.0
M_wide_node25node108_t5,1.0
M_wide_node26node39_t2,1.0
M_wide_node26node39_t3,1.0
M_wide_node26node39_t4,1.0
M_wide_node26node39_t5,1.0
M_wide_node26node42_t2,1.0
M_wide_node26node42_t3,1.0
M_wide_node26node42_t4,1.0
M_wide_node26node42_t5,1.0
M_wide_node26node53_t2,1.0
M_wide_node26node53_t3,1.0
M_wide_node26node53_t4,1.0
M_wide_node26node53_t5,1.0
M_timber_node26node92_t2,1.0
M_wide_node26node92_t2,1.0
M_wide_node26node92_t3,1.0
M_wide_node26node92_t4,1.0
M_wide_node26node92_t5,1.0
M_timber_node26node93_t2,1.0
M_wide_node26node93_t2,1.0
M_wide_node26node93_t3,1.0
M_wide_node26node93_t4,1.0
M_wide_node26node93_t5,1.0
M_timber_node27node81_t2,1.0
M_timber_node27node79_t2,1.0
M_timber_node27node100_t2,1.0
M_wide_node27node100_t2,1.0
M_wide_node27node100_t3,1.0
M_wide_node27node100_t4,1.0
M_wide_node27node100_t5,1.0
M_wide_node28node46_t2,1.0
M_wide_node28node46_t3,1.0
M_wide_node28node46_t4,1.0
M_wide_node28node46_t5,1.0
M_wide_node28node56_t2,1.0
M_wide_node28node56_t3,1.0
M_wide_node28node56_t4,1.0
M_wide_node28node56_t5,1.0
M_wide_node28node48_t2,1.0
M_wide_node28node48_t3,1.0
M_wide_node28node48_t4,1.0
M_wide_node28node48_t5,1.0
M_timber_node28node90_t2,1.0
M_wide_node28node90_t2,1.0
M_wide_node28node90_t3,1.0
M_wide_node28node90_t4,1.0
M_wide_node28node90_t5,1.0
M_timber_node28node94_t2,1.0
M_wide_node28node94_t2,1.0
M_wide_node28node94_t3,1.0
M_wide_node28node94_t4,1.0
M_wide_node28node94_t5,1.0
M_timber_node28node97_t2,1.0
M_wide_node28node97_t2,1.0
M_wide_node28node97_t3,1.0
M_wide_node28node97_t4,1.0
M_wide_node28node97_t5,1.0
M_wide_node29node47_t2,1.0
M_wide_node29node47_t3,1.0
M_wide_node29node47_t4,1.0
M_wide_node29node47_t5,1.0
M_timber_node29node44_t2,1.0
M_timber_node29node107_t2,1.0
M_wide_node29node107_t2,1.0
M_wide_node29node107_t3,1.0
M_wide_node29node107_t4,1.0
M_wide_node29node107_t5,1.0
M_wide_node30node36_t2,1.0
M_wide_node30node36_t3,1.0
M_wide_node30node36_t4,1.0
M_wide_node30node36_t5,1.0
M_wide_node30node45_t2,1.0
M_wide_node30node45_t3,1.0
M_wide_node30node45_t4,1.0
M_wide_node30node45_t5,1.0
M_timber_node30node107_t2,1.0
M_wide_node30node107_t2,1.0
M_wide_node30node107_t3,1.0
M_wide_node30node107_t4,1.0
M_wide_node30node107_t5,1.0
M_timber_node30node108_t2,1.0
M_wide_node30node108_t2,1.0
M_wide_node30node108_t3,1.0
M_wide_node30node108_t4,1.0
M_wide_node30node108_t5,1.0
M_timber_node30node109_t2,1.0
M_wide_node30node109_t2,1.0
M_wide_node30node109_t3,1.0
M_wide_node30node109_t4,1.0
M_wide_node30node109_t5,1.0
M_wide_node31node45_t2,1.0
M_wide_node31node45_t3,1.0
M_wide_node31node45_t4,1.0
M_wide_node31node45_t5,1.0
M_wide_node31node84_t2,1.0
M_wide_node31node84_t3,1.0
M_wide_node31node84_t4,1.0
M_wide_node31node84_t5,1.0
M_wide_node31node34_t2,1.0
M_wide_node31node34_t3,1.0
M_wide_node31node34_t4,1.0
M_wide_node31node34_t5,1.0
M_timber_node31node109_t2,1.0
M_wide_node31node109_t2,1.0
M_wide_node31node109_t3,1.0
M_wide_node31node109_t4,1.0
M_wide_node31node109_t5,1.0
M_timber_node31node110_t2,1.0
M_wide_node31node110_t2,1.0
M_wide_node31node110_t3,1.0
M_wide_node31node110_t4,1.0
M_wide_node31node110_t5,1.0
M_timber_node31node111_t2,1.0
M_wide_node31node111_t2,1.0
M_wide_node31node111_t3,1.0
M_wide_node31node111_t4,1.0
M_wide_node31node111_t5,1.0
M_wide_node32node37_t2,1.0
M_wide_node32node37_t3,1.0
M_wide_node32node37_t4,1.0
M_wide_node32node37_t5,1.0
M_wide_node32node59_t2,1.0
M_wide_node32node59_t3,1.0
M_wide_node32node59_t4,1.0
M_wide_node32node59_t5,1.0
M_timber_node32node100_t2,1.0
M_wide_node32node100_t2,1.0
M_wide_node32node100_t3,1.0
M_wide_node32node100_t4,1.0
M_wide_node32node100_t5,1.0
M_timber_node32node101_t2,1.0
M_wide_node32node101_t2,1.0
M_wide_node32node101_t3,1.0
M_wide_node32node101_t4,1.0
M_wide_node32node101_t5,1.0
M_wide_node33node88_t2,1.0
M_wide_node33node88_t3,1.0
M_wide_node33node88_t4,1.0
M_wide_node33node88_t5,1.0
M_timber_node33node111_t2,1.0
M_wide_node33node111_t2,1.0
M_wide_node33node111_t3,1.0
M_wide_node33node111_t4,1.0
M_wide_node33node111_t5,1.0
M_timber_node33node112_t2,1.0
M_wide_node33node112_t2,1.0
M_wide_node33node112_t3,1.0
M_wide_node33node112_t4,1.0
M_wide_node33node112_t5,1.0
M_wide_node34node38_t2,1.0
M_wide_node34node38_t3,1.0
M_wide_node34node38_t4,1.0
M_wide_node34node38_t5,1.0
M_timber_node34node106_t2,1.0
M_wide_node34node106_t2,1.0
M_wide_node34node106_t3,1.0
M_wide_node34node106_t4,1.0
M_wide_node34node106_t5,1.0
M_timber_node34node110_t2,1.0
M_wide_node34node110_t2,1.0
M_wide_node34node110_t3,1.0
M_wide_node34node110_t4,1.0
M_wide_node34node110_t5,1.0
M_timber_node34node111_t2,1.0
M_wide_node34node111_t2,1.0
M_wide_node34node111_t3,1.0
M_wide_node34node111_t4,1.0
M_wide_node34node111_t5,1.0
M_timber_node34node113_t2,1.0
M_wide_node34node113_t2,1.0
M_wide_node34node113_t3,1.0
M_wide_node34node113_t4,1.0
M_wide_node34node113_t5,1.0
M_timber_node35node51_t2,1.0
M_timber_node35node114_t2,1.0
M_wide_node35node114_t2,1.0
M_wide_node35node114_t3,1.0
M_wide_node35node114_t4,1.0
M_wide_node35node114_t5,1.0
M_timber_node36node107_t2,1.0
M_wide_node36node107_t2,1.0
M_wide_node36node107_t3,1.0
M_wide_node36node107_t4,1.0
M_wide_node36node107_t5,1.0
M_timber_node36node108_t2,1.0
M_wide_node36node108_t2,1.0
M_wide_node36node108_t3,1.0
M_wide_node36node108_t4,1.0
M_wide_node36node108_t5,1.0
M_timber_node37node93_t2,1.0
M_wide_node37node93_t2,1.0
M_wide_node37node93_t3,1.0
M_wide_node37node93_t4,1.0
M_wide_node37node93_t5,1.0
M_timber_node37node100_t2,1.0
M_wide_node37node100_t2,1.0
M_wide_node37node100_t3,1.0
M_wide_node37node100_t4,1.0
M_wide_node37node100_t5,1.0
M_timber_node38node111_t2,1.0
M_wide_node38node111_t2,1.0
M_wide_node38node111_t3,1.0
M_wide_node38node111_t4,1.0
M_wide_node38node111_t5,1.0
M_timber_node38node113_t2,1.0
M_wide_node38node113_t2,1.0
M_wide_node38node113_t3,1.0
M_wide_node38node113_t4,1.0
M_wide_node38node113_t5,1.0
M_timber_node39node92_t2,1.0
M_wide_node39node92_t2,1.0
M_wide_node39node92_t3,1.0
M_wide_node39node92_t4,1.0
M_wide_node39node92_t5,1.0
M_timber_node39node93_t2,1.0
M_wide_node39node93_t2,1.0
M_wide_node39node93_t3,1.0
M_wide_node39node93_t4,1.0
M_wide_node39node93_t5,1.0
M_wide_node40node55_t2,1.0
M_wide_node40node55_t3,1.0
M_wide_node40node55_t4,1.0
M_wide_node40node55_t5,1.0
M_timber_node40node103_t2,1.0
M_wide_node40node103_t2,1.0
M_wide_node40node103_t3,1.0
M_wide_node40node103_t4,1.0
M_wide_node40node103_t5,1.0
M_timber_node40node104_t2,1.0
M_wide_node40node104_t2,1.0
M_wide_node40node104_t3,1.0
M_wide_node40node104_t4,1.0
M_wide_node40node104_t5,1.0
M_timber_node41node82_t2,1.0
M_wide_node41node59_t2,1.0
M_wide_node41node59_t3,1.0
M_wide_node41node59_t4,1.0
M_wide_node41node59_t5,1.0
M_timber_node41node100_t2,1.0
M_wide_node41node100_t2,1.0
M_wide_node41node100_t3,1.0
M_wide_node41node100_t4,1.0
M_wide_node41node100_t5,1.0
M_timber_node42node70_t2,1.0
M_timber_node42node92_t2,1.0
M_wide_node42node92_t2,1.0
M_wide_node42node92_t3,1.0
M_wide_node42node92_t4,1.0
M_wide_node42node92_t5,1.0
M_timber_node42node94_t2,1.0
M_wide_node42node94_t2,1.0
M_wide_node42node94_t3,1.0
M_wide_node42node94_t4,1.0
M_wide_node42node94_t5,1.0
M_wide_node43node76_t2,1.0
M_wide_node43node76_t3,1.0
M_wide_node43node76_t4,1.0
M_wide_node43node76_t5,1.0
M_wide_node43node50_t2,1.0
M_wide_node43node50_t3,1.0
M_wide_node43node50_t4,1.0
M_wide_node43node50_t5,1.0
M_timber_node43node91_t2,1.0
M_wide_node43node91_t2,1.0
M_wide_node43node91_t3,1.0
M_wide_node43node91_t4,1.0
M_wide_node43node91_t5,1.0
M_timber_node43node99_t2,1.0
M_wide_node43node99_t2,1.0
M_wide_node43node99_t3,1.0
M_wide_node43node99_t4,1.0
M_wide_node43node99_t5,1.0
M_timber_node43node100_t2,1.0
M_wide_node43node100_t2,1.0
M_wide_node43node100_t3,1.0
M_wide_node43node100_t4,1.0
M_wide_node43node100_t5,1.0
M_timber_node44node83_t2,1.0
M_timber_node44node107_t2,1.0
M_wide_node44node107_t2,1.0
M_wide_node44node107_t3,1.0
M_wide_node44node107_t4,1.0
M_wide_node44node107_t5,1.0
M_timber_node45node108_t2,1.0
M_wide_node45node108_t2,1.0
M_wide_node45node108_t3,1.0
M_wide_node45node108_t4,1.0
M_wide_node45node108_t5,1.0
M_timber_node45node109_t2,1.0
M_wide_node45node109_t2,1.0
M_wide_node45node109_t3,1.0
M_wide_node45node109_t4,1.0
M_wide_node45node109_t5,1.0
M_timber_node45node110_t2,1.0
M_wide_node45node110_t2,1.0
M_wide_node45node110_t3,1.0
M_wide_node45node110_t4,1.0
M_wide_node45node110_t5,1.0
M_timber_node46node94_t2,1.0
M_wide_node46node94_t2,1.0
M_wide_node46node94_t3,1.0
M_wide_node46node94_t4,1.0
M_wide_node46node94_t5,1.0
M_timber_node46node95_t2,1.0
M_wide_node46node95_t2,1.0
M_wide_node46node95_t3,1.0
M_wide_node46node95_t4,1.0
M_wide_node46node95_t5,1.0
M_timber_node46node97_t2,1.0
M_wide_node46node97_t2,1.0
M_wide_node46node97_t3,1.0
M_wide_node46node97_t4,1.0
M_wide_node46node97_t5,1.0
M_wide_node47node49_t2,1.0
M_wide_node47node49_t3,1.0
M_wide_node47node49_t4,1.0
M_wide_node47node49_t5,1.0
M_timber_node47node107_t2,1.0
M_wide_node47node107_t2,1.0
M_wide_node47node107_t3,1.0
M_wide_node47node107_t4,1.0
M_wide_node47node107_t5,1.0
M_timber_node47node114_t2,1.0
M_wide_node47node114_t2,1.0
M_wide_node47node114_t3,1.0
M_wide_node47node114_t4,1.0
M_wide_node47node114_t5,1.0
M_timber_node48node67_t2,1.0
M_timber_node48node63_t2,1.0
M_timber_node48node90_t2,1.0
M_wide_node48node90_t2,1.0
M_wide_node48node90_t3,1.0
M_wide_node48node90_t4,1.0
M_wide_node48node90_t5,1.0
M_timber_node48node94_t2,1.0
M_wide_node48node94_t2,1.0
M_wide_node48node94_t3,1.0
M_wide_node48node94_t4,1.0
M_wide_node48node94_t5,1.0
M_timber_node49node97_t2,1.0
M_wide_node49node97_t2,1.0
M_wide_node49node97_t3,1.0
M_wide_node49node97_t4,1.0
M_wide_node49node97_t5,1.0
M_timber_node49node107_t2,1.0
M_wide_node49node107_t2,1.0
M_wide_node49node107_t3,1.0
M_wide_node49node107_t4,1.0
M_wide_node49node107_t5,1.0
M_timber_node49node114_t2,1.0
M_wide_node49node114_t2,1.0
M_wide_node49node114_t3,1.0
M_wide_node49node114_t4,1.0
M_wide_node49node114_t5,1.0
M_wide_node50node58_t2,1.0
M_wide_node50node58_t3,1.0
M_wide_node50node58_t4,1.0
M_wide_node50node58_t5,1.0
M_timber_node50node91_t2,1.0
M_wide_node50node91_t2,1.0
M_wide_node50node91_t3,1.0
M_wide_node50node91_t4,1.0
M_wide_node50node91_t5,1.0
M_timber_node50node98_t2,1.0
M_wide_node50node98_t2,1.0
M_wide_node50node98_t3,1.0
M_wide_node50node98_t4,1.0
M_wide_node50node98_t5,1.0
M_timber_node50node100_t2,1.0
M_wide_node50node100_t2,1.0
M_wide_node50node100_t3,1.0
M_wide_node50node100_t4,1.0
M_wide_node50node100_t5,1.0
M_timber_node51node85_t2,1.0
M_timber_node51node109_t2,1.0
M_wide_node51node109_t2,1.0
M_wide_node51node109_t3,1.0
M_wide_node51node109_t4,1.0
M_wide_node51node109_t5,1.0
M_timber_node51node112_t2,1.0
M_wide_node51node112_t2,1.0
M_wide_node51node112_t3,1.0
M_wide_node51node112_t4,1.0
M_wide_node51node112_t5,1.0
M_timber_node51node114_t2,1.0
M_wide_node51node114_t2,1.0
M_wide_node51node114_t3,1.0
M_wide_node51node114_t4,1.0
M_wide_node51node114_t5,1.0
M_timber_node52node83_t2,1.0
M_timber_node52node107_t2,1.0
M_wide_node52node107_t2,1.0
M_wide_node52node107_t3,1.0
M_wide_node52node107_t4,1.0
M_wide_node52node107_t5,1.0
M_timber_node53node93_t2,1.0
M_wide_node53node93_t2,1.0
M_wide_node53node93_t3,1.0
M_wide_node53node93_t4,1.0
M_wide_node53node93_t5,1.0
M_timber_node54node96_t2,1.0
M_wide_node54node96_t2,1.0
M_wide_node54node96_t3,1.0
M_wide_node54node96_t4,1.0
M_wide_node54node96_t5,1.0
M_timber_node54node102_t2,1.0
M_wide_node54node102_t2,1.0
M_wide_node54node102_t3,1.0
M_wide_node54node102_t4,1.0
M_wide_node54node102_t5,1.0
M_timber_node55node103_t2,1.0
M_wide_node55node103_t2,1.0
M_wide_node55node103_t3,1.0
M_wide_node55node103_t4,1.0
M_wide_node55node103_t5,1.0
M_timber_node55node104_t2,1.0
M_wide_node55node104_t2,1.0
M_wide_node55node104_t3,1.0
M_wide_node55node104_t4,1.0
M_wide_node55node104_t5,1.0
M_timber_node55node110_t2,1.0
M_wide_node55node110_t2,1.0
M_wide_node55node110_t3,1.0
M_wide_node55node110_t4,1.0
M_wide_node55node110_t5,1.0
M_wide_node56node71_t2,1.0
M_wide_node56node71_t3,1.0
M_wide_node56node71_t4,1.0
M_wide_node56node71_t5,1.0
M_wide_node56node64_t2,1.0
M_wide_node56node64_t3,1.0
M_wide_node56node64_t4,1.0
M_wide_node56node64_t5,1.0
M_timber_node56node90_t2,1.0
M_wide_node56node90_t2,1.0
M_wide_node56node90_t3,1.0
M_wide_node56node90_t4,1.0
M_wide_node56node90_t5,1.0
M_timber_node56node97_t2,1.0
M_wide_node56node97_t2,1.0
M_wide_node56node97_t3,1.0
M_wide_node56node97_t4,1.0
M_wide_node56node97_t5,1.0
M_timber_node57node65_t2,1.0
M_timber_node57node91_t2,1.0
M_wide_node57node91_t2,1.0
M_wide_node57node91_t3,1.0
M_wide_node57node91_t4,1.0
M_wide_node57node91_t5,1.0
M_wide_node58node65_t2,1.0
M_wide_node58node65_t3,1.0
M_wide_node58node65_t4,1.0
M_wide_node58node65_t5,1.0
M_wide_node58node73_t2,1.0
M_wide_node58node73_t3,1.0
M_wide_node58node73_t4,1.0
M_wide_node58node73_t5,1.0
M_timber_node58node91_t2,1.0
M_wide_node58node91_t2,1.0
M_wide_node58node91_t3,1.0
M_wide_node58node91_t4,1.0
M_wide_node58node91_t5,1.0
M_timber_node58node98_t2,1.0
M_wide_node58node98_t2,1.0
M_wide_node58node98_t3,1.0
M_wide_node58node98_t4,1.0
M_wide_node58node98_t5,1.0
M_timber_node59node100_t2,1.0
M_wide_node59node100_t2,1.0
M_wide_node59node100_t3,1.0
M_wide_node59node100_t4,1.0
M_wide_node59node100_t5,1.0
M_timber_node59node101_t2,1.0
M_wide_node59node101_t2,1.0
M_wide_node59node101_t3,1.0
M_wide_node59node101_t4,1.0
M_wide_node59node101_t5,1.0
M_timber_node60node84_t2,1.0
M_timber_node60node86_t2,1.0
M_timber_node60node109_t2,1.0
M_wide_node60node109_t2,1.0
M_wide_node60node109_t3,1.0
M_wide_node60node109_t4,1.0
M_wide_node60node109_t5,1.0
M_timber_node60node111_t2,1.0
M_wide_node60node111_t2,1.0
M_wide_node60node111_t3,1.0
M_wide_node60node111_t4,1.0
M_wide_node60node111_t5,1.0
M_timber_node61node75_t2,1.0
M_timber_node61node77_t2,1.0
M_timber_node61node99_t2,1.0
M_wide_node61node99_t2,1.0
M_wide_node61node99_t3,1.0
M_wide_node61node99_t4,1.0
M_wide_node61node99_t5,1.0
M_timber_node61node100_t2,1.0
M_wide_node61node100_t2,1.0
M_wide_node61node100_t3,1.0
M_wide_node61node100_t4,1.0
M_wide_node61node100_t5,1.0
M_timber_node62node64_t2,1.0
M_timber_node62node63_t2,1.0
M_timber_node62node90_t2,1.0
M_wide_node62node90_t2,1.0
M_wide_node62node90_t3,1.0
M_wide_node62node90_t4,1.0
M_wide_node62node90_t5,1.0
M_timber_node63node90_t2,1.0
M_wide_node63node90_t2,1.0
M_wide_node63node90_t3,1.0
M_wide_node63node90_t4,1.0
M_wide_node63node90_t5,1.0
M_timber_node64node90_t2,1.0
M_wide_node64node90_t2,1.0
M_wide_node64node90_t3,1.0
M_wide_node64node90_t4,1.0
M_wide_node64node90_t5,1.0
M_timber_node65node91_t2,1.0
M_wide_node65node91_t2,1.0
M_wide_node65node91_t3,1.0
M_wide_node65node91_t4,1.0
M_wide_node65node91_t5,1.0
M_timber_node66node69_t2,1.0
M_timber_node66node68_t2,1.0
M_timber_node66node94_t2,1.0
M_wide_node66node94_t2,1.0
M_wide_node66node94_t3,1.0
M_wide_node66node94_t4,1.0
M_wide_node66node94_t5,1.0
M_timber_node67node68_t2,1.0
M_timber_node67node94_t2,1.0
M_wide_node67node94_t2,1.0
M_wide_node67node94_t3,1.0
M_wide_node67node94_t4,1.0
M_wide_node67node94_t5,1.0
M_timber_node68node94_t2,1.0
M_wide_node68node94_t2,1.0
M_wide_node68node94_t3,1.0
M_wide_node68node94_t4,1.0
M_wide_node68node94_t5,1.0
M_timber_node69node70_t2,1.0
M_timber_node69node94_t2,1.0
M_wide_node69node94_t2,1.0
M_wide_node69node94_t3,1.0
M_wide_node69node94_t4,1.0
M_wide_node69node94_t5,1.0
M_timber_node70node94_t2,1.0
M_wide_node70node94_t2,1.0
M_wide_node70node94_t3,1.0
M_wide_node70node94_t4,1.0
M_wide_node70node94_t5,1.0
M_timber_node71node72_t2,1.0
M_timber_node71node97_t2,1.0
M_wide_node71node97_t2,1.0
M_wide_node71node97_t3,1.0
M_wide_node71node97_t4,1.0
M_wide_node71node97_t5,1.0
M_timber_node72node97_t2,1.0
M_wide_node72node97_t2,1.0
M_wide_node72node97_t3,1.0
M_wide_node72node97_t4,1.0
M_wide_node72node97_t5,1.0
M_timber_node73node74_t2,1.0
M_timber_node73node98_t2,1.0
M_wide_node73node98_t2,1.0
M_wide_node73node98_t3,1.0
M_wide_node73node98_t4,1.0
M_wide_node73node98_t5,1.0
M_timber_node74node98_t2,1.0
M_wide_node74node98_t2,1.0
M_wide_node74node98_t3,1.0
M_wide_node74node98_t4,1.0
M_wide_node74node98_t5,1.0
M_timber_node75node99_t2,1.0
M_wide_node75node99_t2,1.0
M_wide_node75node99_t3,1.0
M_wide_node75node99_t4,1.0
M_wide_node75node99_t5,1.0
M_timber_node75node100_t2,1.0
M_wide_node75node100_t2,1.0
M_wide_node75node100_t3,1.0
M_wide_node75node100_t4,1.0
M_wide_node75node100_t5,1.0
M_timber_node76node77_t2,1.0
M_timber_node76node99_t2,1.0
M_wide_node76node99_t2,1.0
M_wide_node76node99_t3,1.0
M_wide_node76node99_t4,1.0
M_wide_node76node99_t5,1.0
M_timber_node76node100_t2,1.0
M_wide_node76node100_t2,1.0
M_wide_node76node100_t3,1.0
M_wide_node76node100_t4,1.0
M_wide_node76node100_t5,1.0
M_timber_node77node99_t2,1.0
M_wide_node77node99_t2,1.0
M_wide_node77node99_t3,1.0
M_wide_node77node99_t4,1.0
M_wide_node77node99_t5,1.0
M_timber_node77node100_t2,1.0
M_wide_node77node100_t2,1.0
M_wide_node77node100_t3,1.0
M_wide_node77node100_t4,1.0
M_wide_node77node100_t5,1.0
M_timber_node78node80_t2,1.0
M_timber_node78node100_t2,1.0
M_wide_node78node100_t2,1.0
M_wide_node78node100_t3,1.0
M_wide_node78node100_t4,1.0
M_wide_node78node100_t5,1.0
M_timber_node79node100_t2,1.0
M_wide_node79node100_t2,1.0
M_wide_node79node100_t3,1.0
M_wide_node79node100_t4,1.0
M_wide_node79node100_t5,1.0
M_timber_node80node100_t2,1.0
M_wide_node80node100_t2,1.0
M_wide_node80node100_t3,1.0
M_wide_node80node100_t4,1.0
M_wide_node80node100_t5,1.0
M_timber_node81node82_t2,1.0
M_timber_node81node100_t2,1.0
M_wide_node81node100_t2,1.0
M_wide_node81node100_t3,1.0
M_wide_node81node100_t4,1.0
M_wide_node81node100_t5,1.0
M_timber_node82node100_t2,1.0
M_wide_node82node100_t2,1.0
M_wide_node82node100_t3,1.0
M_wide_node82node100_t4,1.0
M_wide_node82node100_t5,1.0
M_timber_node83node107_t2,1.0
M_wide_node83node107_t2,1.0
M_wide_node83node107_t3,1.0
M_wide_node83node107_t4,1.0
M_wide_node83node107_t5,1.0
M_timber_node84node109_t2,1.0
M_wide_node84node109_t2,1.0
M_wide_node84node109_t3,1.0
M_wide_node84node109_t4,1.0
M_wide_node84node109_t5,1.0
M_timber_node84node111_t2,1.0
M_wide_node84node111_t2,1.0
M_wide_node84node111_t3,1.0
M_wide_node84node111_t4,1.0
M_wide_node84node111_t5,1.0
M_timber_node85node109_t2,1.0
M_wide_node85node109_t2,1.0
M_wide_node85node109_t3,1.0
M_wide_node85node109_t4,1.0
M_wide_node85node109_t5,1.0
M_timber_node85node112_t2,1.0
M_wide_node85node112_t2,1.0
M_wide_node85node112_t3,1.0
M_wide_node85node112_t4,1.0
M_wide_node85node112_t5,1.0
M_timber_node86node87_t2,1.0
M_timber_node86node109_t2,1.0
M_wide_node86node109_t2,1.0
M_wide_node86node109_t3,1.0
M_wide_node86node109_t4,1.0
M_wide_node86node109_t5,1.0
M_timber_node86node111_t2,1.0
M_wide_node86node111_t2,1.0
M_wide_node86node111_t3,1.0
M_wide_node86node111_t4,1.0
M_wide_node86node111_t5,1.0
M_timber_node87node109_t2,1.0
M_wide_node87node109_t2,1.0
M_wide_node87node109_t3,1.0
M_wide_node87node109_t4,1.0
M_wide_node87node109_t5,1.0
M_timber_node87node111_t2,1.0
M_wide_node87node111_t2,1.0
M_wide_node87node111_t3,1.0
M_wide_node87node111_t4,1.0
M_wide_node87node111_t5,1.0
M_timber_node88node89_t2,1.0
M_timber_node88node112_t2,1.0
M_wide_node88node112_t2,1.0
M_wide_node88node112_t3,1.0
M_wide_node88node112_t4,1.0
M_wide_node88node112_t5,1.0
M_timber_node89node112_t2,1.0
M_wide_node89node112_t2,1.0
M_wide_node89node112_t3,1.0
M_wide_node89node112_t4,1.0
M_wide_node89node112_t5,1.0
U_node1node42_t2,1.0
U_node1node42_t3,1.0
U_node1node42_t4,1.0
U_node1node42_t5,1.0
U_node1node4_t2,1.0
U_node1node4_t3,1.0
U_node1node4_t4,1.0
U_node1node4_t5,1.0
U_node1node39_t2,1.0
U_node1node39_t3,1.0
U_node1node39_t4,1.0
U_node1node39_t5,1.0
U_node2node74_t2,1.0
U_node2node74_t3,1.0
U_node2node74_t4,1.0
U_node2node74_t5,1.0
U_node2node79_t2,1.0
U_node2node79_t3,1.0
U_node2node79_t4,1.0
U_node2node79_t5,1.0
U_node2node50_t2,1.0
U_node2node50_t3,1.0
U_node2node50_t4,1.0
U_node2node50_t5,1.0
U_node3node54_t2,1.0
U_node3node54_t3,1.0
U_node3node54_t4,1.0
U_node3node54_t5,1.0
U_node3node18_t2,1.0
U_node3node18_t3,1.0
U_node3node18_t4,1.0
U_node3node18_t5,1.0
U_node3node59_t2,1.0
U_node3node59_t3,1.0
U_node3node59_t4,1.0
U_node3node59_t5,1.0
U_node4node46_t2,1.0
U_node4node46_t3,1.0
U_node4node46_t4,1.0
U_node4node46_t5,1.0
U_node4node24_t2,1.0
U_node4node24_t3,1.0
U_node4node24_t4,1.0
U_node4node24_t5,1.0
U_node5node43_t2,1.0
U_node5node43_t3,1.0
U_node5node43_t4,1.0
U_node5node43_t5,1.0
U_node5node11_t2,1.0
U_node5node11_t3,1.0
U_node5node11_t4,1.0
U_node5node11_t5,1.0
U_node5node57_t2,1.0
U_node5node57_t3,1.0
U_node5node57_t4,1.0
U_node5node57_t5,1.0
U_node6node22_t2,1.0
U_node6node22_t3,1.0
U_node6node22_t4,1.0
U_node6node22_t5,1.0
U_node6node25_t2,1.0
U_node6node25_t3,1.0
U_node6node25_t4,1.0
U_node6node25_t5,1.0
U_node6node54_t2,1.0
U_node6node54_t3,1.0
U_node6node54_t4,1.0
U_node6node54_t5,1.0
U_node7node23_t2,1.0
U_node7node23_t3,1.0
U_node7node23_t4,1.0
U_node7node23_t5,1.0
U_node7node15_t2,1.0
U_node7node15_t3,1.0
U_node7node15_t4,1.0
U_node7node15_t5,1.0
U_node7node34_t2,1.0
U_node7node34_t3,1.0
U_node7node34_t4,1.0
U_node7node34_t5,1.0
U_node8node51_t2,1.0
U_node8node51_t3,1.0
U_node8node51_t4,1.0
U_node8node51_t5,1.0
U_node8node30_t2,1.0
U_node8node30_t3,1.0
U_node8node30_t4,1.0
U_node8node30_t5,1.0
U_node8node52_t2,1.0
U_node8node52_t3,1.0
U_node8node52_t4,1.0
U_node8node52_t5,1.0
U_node9node33_t2,1.0
U_node9node33_t3,1.0
U_node9node33_t4,1.0
U_node9node33_t5,1.0
U_node9node34_t2,1.0
U_node9node34_t3,1.0
U_node9node34_t4,1.0
U_node9node34_t5,1.0
U_node9node38_t2,1.0
U_node9node38_t3,1.0
U_node9node38_t4,1.0
U_node9node38_t5,1.0
U_node10node33_t2,1.0
U_node10node33_t3,1.0
U_node10node33_t4,1.0
U_node10node33_t5,1.0
U_node11node78_t2,1.0
U_node11node78_t3,1.0
U_node11node78_t4,1.0
U_node11node78_t5,1.0
U_node11node75_t2,1.0
U_node11node75_t3,1.0
U_node11node75_t4,1.0
U_node11node75_t5,1.0
U_node12node47_t2,1.0
U_node12node47_t3,1.0
U_node12node47_t4,1.0
U_node12node47_t5,1.0
U_node13node46_t2,1.0
U_node13node46_t3,1.0
U_node13node46_t4,1.0
U_node13node46_t5,1.0
U_node13node25_t2,1.0
U_node13node25_t3,1.0
U_node13node25_t4,1.0
U_node13node25_t5,1.0
U_node13node49_t2,1.0
U_node13node49_t3,1.0
U_node13node49_t4,1.0
U_node13node49_t5,1.0
U_node13node36_t2,1.0
U_node13node36_t3,1.0
U_node13node36_t4,1.0
U_node13node36_t5,1.0
U_node14node89_t2,1.0
U_node14node89_t3,1.0
U_node14node89_t4,1.0
U_node14node89_t5,1.0
U_node14node51_t2,1.0
U_node14node51_t3,1.0
U_node14node51_t4,1.0
U_node14node51_t5,1.0
U_node14node19_t2,1.0
U_node14node19_t3,1.0
U_node14node19_t4,1.0
U_node14node19_t5,1.0
U_node15node55_t2,1.0
U_node15node55_t3,1.0
U_node15node55_t4,1.0
U_node15node55_t5,1.0
U_node15node34_t2,1.0
U_node15node34_t3,1.0
U_node15node34_t4,1.0
U_node15node34_t5,1.0
U_node15node23_t2,1.0
U_node15node23_t3,1.0
U_node15node23_t4,1.0
U_node15node23_t5,1.0
U_node16node55_t2,1.0
U_node16node55_t3,1.0
U_node16node55_t4,1.0
U_node16node55_t5,1.0
U_node16node17_t2,1.0
U_node16node17_t3,1.0
U_node16node17_t4,1.0
U_node16node17_t5,1.0
U_node16node22_t2,1.0
U_node16node22_t3,1.0
U_node16node22_t4,1.0
U_node16node22_t5,1.0
U_node17node54_t2,1.0
U_node17node54_t3,1.0
U_node17node54_t4,1.0
U_node17node54_t5,1.0
U_node17node40_t2,1.0
U_node17node40_t3,1.0
U_node17node40_t4,1.0
U_node17node40_t5,1.0
U_node18node32_t2,1.0
U_node18node32_t3,1.0
U_node18node32_t4,1.0
U_node18node32_t5,1.0
U_node18node20_t2,1.0
U_node18node20_t3,1.0
U_node18node20_t4,1.0
U_node18node20_t5,1.0
U_node19node49_t2,1.0
U_node19node49_t3,1.0
U_node19node49_t4,1.0
U_node19node49_t5,1.0
U_node20node37_t2,1.0
U_node20node37_t3,1.0
U_node20node37_t4,1.0
U_node20node37_t5,1.0
U_node20node24_t2,1.0
U_node20node24_t3,1.0
U_node20node24_t4,1.0
U_node20node24_t5,1.0
U_node21node80_t2,1.0
U_node21node80_t3,1.0
U_node21node80_t4,1.0
U_node21node80_t5,1.0
U_node21node37_t2,1.0
U_node21node37_t3,1.0
U_node21node37_t4,1.0
U_node21node37_t5,1.0
U_node21node53_t2,1.0
U_node21node53_t3,1.0
U_node21node53_t4,1.0
U_node21node53_t5,1.0
U_node22node45_t2,1.0
U_node22node45_t3,1.0
U_node22node45_t4,1.0
U_node22node45_t5,1.0
U_node23node40_t2,1.0
U_node23node40_t3,1.0
U_node23node40_t4,1.0
U_node23node40_t5,1.0
U_node24node25_t2,1.0
U_node24node25_t3,1.0
U_node24node25_t4,1.0
U_node24node25_t5,1.0
U_node26node39_t2,1.0
U_node26node39_t3,1.0
U_node26node39_t4,1.0
U_node26node39_t5,1.0
U_node26node42_t2,1.0
U_node26node42_t3,1.0
U_node26node42_t4,1.0
U_node26node42_t5,1.0
U_node26node53_t2,1.0
U_node26node53_t3,1.0
U_node26node53_t4,1.0
U_node26node53_t5,1.0
U_node28node46_t2,1.0
U_node28node46_t3,1.0
U_node28node46_t4,1.0
U_node28node46_t5,1.0
U_node28node56_t2,1.0
U_node28node56_t3,1.0
U_node28node56_t4,1.0
U_node28node56_t5,1.0
U_node28node48_t2,1.0
U_node28node48_t3,1.0
U_node28node48_t4,1.0
U_node28node48_t5,1.0
U_node29node47_t2,1.0
U_node29node47_t3,1.0
U_node29node47_t4,1.0
U_node29node47_t5,1.0
U_node30node36_t2,1.0
U_node30node36_t3,1.0
U_node30node36_t4,1.0
U_node30node36_t5,1.0
U_node30node45_t2,1.0
U_node30node45_t3,1.0
U_node30node45_t4,1.0
U_node30node45_t5,1.0
U_node31node45_t2,1.0
U_node31node45_t3,1.0
U_node31node45_t4,1.0
U_node31node45_t5,1.0
U_node31node84_t2,1.0
U_node31node84_t3,1.0
U_node31node84_t4,1.0
U_node31node84_t5,1.0
U_node31node34_t2,1.0
U_node31node34_t3,1.0
U_node31node34_t4,1.0
U_node31node34_t5,1.0
U_node32node37_t2,1.0
U_node32node37_t3,1.0
U_node32node37_t4,1.0
U_node32node37_t5,1.0
U_node32node59_t2,1.0
U_node32node59_t3,1.0
U_node32node59_t4,1.0
U_node32node59_t5,1.0
U_node33node88_t2,1.0
U_node33node88_t3,1.0
U_node33node88_t4,1.0
U_node33node88_t5,1.0
U_node34node38_t2,1.0
U_node34node38_t3,1.0
U_node34node38_t4,1.0
U_node34node38_t5,1.0
U_node40node55_t2,1.0
U_node40node55_t3,1.0
U_node40node55_t4,1.0
U_node40node55_t5,1.0
U_node41node59_t2,1.0
U_node41node59_t3,1.0
U_node41node59_t4,1.0
U_node41node59_t5,1.0
U_node43node76_t2,1.0
U_node43node76_t3,1.0
U_node43node76_t4,1.0
U_node43node76_t5,1.0
U_node43node50_t2,1.0
U_node43node50_t3,1.0
U_node43node50_t4,1.0
U_node43node50_t5,1.0
U_node47node49_t2,1.0
U_node47node49_t3,1.0
U_node47node49_t4,1.0
U_node47node49_t5,1.0
U_node50node58_t2,1.0
U_node50node58_t3,1.0
U_node50node58_t4,1.0
U_node50node58_t5,1.0
U_node56node71_t2,1.0
U_node56node71_t3,1.0
U_node56node71_t4,1.0
U_node56node71_t5,1.0
U_node56node64_t2,1.0
U_node56node64_t3,1.0
U_node56node64_t4,1.0
U_node56node64_t5,1.0
U_node58node65_t2,1.0
U_node58node65_t3,1.0
U_node58node65_t4,1.0
U_node58node65_t5,1.0
U_node58node73_t2,1.0
U_node58node73_t3,1.0
U_node58node73_t4,1.0
U_node58node73_t5,1.0
flow_timber_node1node42_t1,1.0
flow_timber_node1node42_t3,1.0
flow_timber_node1node42_t4,1.0
flow_timber_node1node39_t2,1.0
flow_timber_node1node39_t5,1.0
flow_timber_node4node1_t1,1.0
flow_timber_node4node1_t2,1.0
flow_timber_node4node1_t3,1.0
flow_timber_node4node1_t4,1.0
flow_timber_node4node1_t5,1.0
flow_timber_node4node46_t4,9.0
flow_timber_node3node59_t1,3.0
flow_timber_node3node59_t2,2.0
flow_timber_node3node59_t3,3.0
flow_timber_node3node59_t4,2.0
flow_timber_node3node59_t5,3.0
flow_timber_node54node3_t1,1.0
flow_timber_node54node3_t2,1.0
flow_timber_node54node3_t3,1.0
flow_timber_node54node3_t5,1.0
flow_timber_node54node6_t4,9.0
flow_timber_node59node32_t4,9.0
flow_timber_node59node41_t1,3.0
flow_timber_node59node41_t2,2.0
flow_timber_node59node41_t3,3.0
flow_timber_node59node41_t5,3.0
flow_timber_node96node3_t1,1.0
flow_timber_node96node3_t2,1.0
flow_timber_node96node3_t3,1.0
flow_timber_node96node3_t4,1.0
flow_timber_node96node3_t5,1.0
flow_timber_node101node3_t1,1.0
flow_timber_node101node3_t3,1.0
flow_timber_node101node3_t4,1.0
flow_timber_node101node3_t5,1.0
flow_timber_node46node13_t4,9.0
flow_timber_node24node4_t4,9.0
flow_timber_node95node4_t1,1.0
flow_timber_node95node4_t2,1.0
flow_timber_node95node4_t3,1.0
flow_timber_node95node4_t4,1.0
flow_timber_node95node4_t5,1.0
flow_timber_node6node25_t4,9.0
flow_timber_node6node54_t1,1.0
flow_timber_node6node54_t2,1.0
flow_timber_node6node54_t3,1.0
flow_timber_node6node54_t5,1.0
flow_timber_node22node45_t4,9.0
flow_timber_node25node13_t4,9.0
flow_timber_node102node6_t1,1.0
flow_timber_node102node6_t2,1.0
flow_timber_node102node6_t3,1.0
flow_timber_node102node6_t5,1.0
flow_timber_node102node16_t4,1.0
flow_timber_node7node15_t4,9.0
flow_timber_node7node34_t1,3.0
flow_timber_node7node34_t2,5.0
flow_timber_node7node34_t3,4.0
flow_timber_node7node34_t5,4.0
flow_wide_node7node34_t1,1.0
flow_timber_node23node40_t4,9.0
flow_timber_node15node7_t1,2.0
flow_timber_node15node7_t2,3.0
flow_timber_node15node7_t3,2.0
flow_timber_node15node7_t5,2.0
flow_wide_node15node7_t1,1.0
flow_timber_node15node55_t4,6.0
flow_timber_node15node23_t4,9.0
flow_timber_node34node7_t4,8.0
flow_timber_node34node15_t4,5.0
flow_timber_node34node31_t1,3.0
flow_timber_node34node31_t2,5.0
flow_timber_node34node31_t3,4.0
flow_timber_node34node31_t5,4.0
flow_wide_node34node31_t1,1.0
flow_wide_node34node31_t2,1.0
flow_wide_node34node31_t3,1.0
flow_wide_node34node31_t4,1.0
flow_wide_node34node31_t5,1.0
flow_timber_node34node38_t4,5.0
flow_timber_node105node7_t1,1.0
flow_timber_node105node7_t2,1.0
flow_timber_node105node7_t3,1.0
flow_timber_node105node7_t4,1.0
flow_timber_node105node7_t5,1.0
flow_timber_node106node7_t2,1.0
flow_timber_node106node7_t3,1.0
flow_timber_node106node7_t5,1.0
flow_timber_node8node30_t4,9.0
flow_timber_node30node36_t4,9.0
flow_timber_node52node8_t4,9.0
flow_timber_node9node34_t4,9.0
flow_wide_node9node34_t2,1.0
flow_wide_node9node34_t3,1.0
flow_wide_node9node34_t4,1.0
flow_wide_node9node34_t5,1.0
flow_timber_node33node9_t4,4.0
flow_timber_node38node9_t4,5.0
flow_wide_node113node9_t2,1.0
flow_wide_node113node9_t3,1.0
flow_wide_node113node9_t4,1.0
flow_wide_node113node9_t5,1.0
flow_timber_node10node33_t4,4.0
flow_timber_node47node29_t4,9.0
flow_timber_node13node49_t4,9.0
flow_timber_node13node36_t4,9.0
flow_timber_node49node47_t4,9.0
flow_timber_node55node15_t1,1.0
flow_timber_node55node15_t2,1.0
flow_timber_node55node15_t3,1.0
flow_timber_node55node15_t5,1.0
flow_wide_node55node15_t1,1.0
flow_timber_node55node16_t4,6.0
flow_timber_node104node15_t1,1.0
flow_timber_node104node15_t2,1.0
flow_timber_node104node15_t3,1.0
flow_timber_node104node15_t4,1.0
flow_timber_node104node15_t5,1.0
flow_timber_node110node15_t2,1.0
flow_timber_node110node16_t4,1.0
flow_timber_node16node55_t1,1.0
flow_timber_node16node55_t2,1.0
flow_timber_node16node55_t3,1.0
flow_timber_node16node55_t5,1.0
flow_timber_node16node22_t4,9.0
flow_timber_node17node54_t4,9.0
flow_timber_node103node16_t1,1.0
flow_timber_node103node16_t2,1.0
flow_timber_node103node16_t3,1.0
flow_timber_node103node16_t4,1.0
flow_timber_node103node16_t5,1.0
flow_wide_node103node55_t1,1.0
flow_timber_node40node17_t4,9.0
flow_timber_node32node37_t4,9.0
flow_timber_node20node24_t4,9.0
flow_timber_node37node20_t4,9.0
flow_timber_node45node31_t4,9.0
flow_timber_node28node56_t4,9.0
flow_timber_node56node71_t4,9.0
flow_timber_node48node28_t4,9.0
flow_timber_node31node84_t1,3.0
flow_timber_node31node84_t2,5.0
flow_timber_node31node84_t3,4.0
flow_timber_node31node84_t5,4.0
flow_wide_node31node84_t1,1.0
flow_wide_node31node84_t2,1.0
flow_wide_node31node84_t3,1.0
flow_wide_node31node84_t4,1.0
flow_wide_node31node84_t5,1.0
flow_timber_node31node34_t4,9.0
flow_timber_node41node59_t4,7.0
