variable,lb,ub,type,edge,period,road_type
flow_timber_node1node70_t1,0.0,9.0,I,node1node70,1,timber
flow_timber_node1node70_t2,0.0,9.0,I,node1node70,2,timber
flow_timber_node1node70_t3,0.0,9.0,I,node1node70,3,timber
flow_timber_node1node70_t4,0.0,9.0,I,node1node70,4,timber
flow_timber_node1node70_t5,0.0,9.0,I,node1node70,5,timber
flow_wide_node1node70_t1,0.0,9.0,I,node1node70,1,wide
flow_wide_node1node70_t2,0.0,9.0,I,node1node70,2,wide
flow_wide_node1node70_t3,0.0,9.0,I,node1node70,3,wide
flow_wide_node1node70_t4,0.0,9.0,I,node1node70,4,wide
flow_wide_node1node70_t5,0.0,9.0,I,node1node70,5,wide
flow_timber_node1node40_t1,0.0,9.0,I,node1node40,1,timber
flow_timber_node1node40_t2,0.0,9.0,I,node1node40,2,timber
flow_timber_node1node40_t3,0.0,9.0,I,node1node40,3,timber
flow_timber_node1node40_t4,0.0,9.0,I,node1node40,4,timber
flow_timber_node1node40_t5,0.0,9.0,I,node1node40,5,timber
flow_wide_node1node40_t1,0.0,9.0,I,node1node40,1,wide
flow_wide_node1node40_t2,0.0,9.0,I,node1node40,2,wide
flow_wide_node1node40_t3,0.0,9.0,I,node1node40,3,wide
flow_wide_node1node40_t4,0.0,9.0,I,node1node40,4,wide
flow_wide_node1node40_t5,0.0,9.0,I,node1node40,5,wide
flow_timber_node1node8_t1,0.0,9.0,I,node1node8,1,timber
flow_timber_node1node8_t2,0.0,9.0,I,node1node8,2,timber
flow_timber_node1node8_t3,0.0,9.0,I,node1node8,3,timber
flow_timber_node1node8_t4,0.0,9.0,I,node1node8,4,timber
flow_timber_node1node8_t5,0.0,9.0,I,node1node8,5,timber
flow_wide_node1node8_t1,0.0,9.0,I,node1node8,1,wide
flow_wide_node1node8_t2,0.0,9.0,I,node1node8,2,wide
flow_wide_node1node8_t3,0.0,9.0,I,node1node8,3,wide
flow_wide_node1node8_t4,0.0,9.0,I,node1node8,4,wide
flow_wide_node1node8_t5,0.0,9.0,I,node1node8,5,wide
flow_timber_node1node88_t1,0.0,9.0,I,node1node88,1,timber
flow_timber_node1node88_t2,0.0,9.0,I,node1node88,2,timber
flow_timber_node1node88_t3,0.0,9.0,I,node1node88,3,timber
flow_timber_node1node88_t4,0.0,9.0,I,node1node88,4,timber
flow_timber_node1node88_t5,0.0,9.0,I,node1node88,5,timber
flow_wide_node1node88_t1,0.0,9.0,I,node1node88,1,wide
flow_wide_node1node88_t2,0.0,9.0,I,node1node88,2,wide
flow_wide_node1node88_t3,0.0,9.0,I,node1node88,3,wide
flow_wide_node1node88_t4,0.0,9.0,I,node1node88,4,wide
flow_wide_node1node88_t5,0.0,9.0,I,node1node88,5,wide
flow_timber_node1node91_t1,0.0,9.0,I,node1node91,1,timber
flow_timber_node1node91_t2,0.0,9.0,I,node1node91,2,timber
flow_timber_node1node91_t3,0.0,9.0,I,node1node91,3,timber
flow_timber_node1node91_t4,0.0,9.0,I,node1node91,4,timber
flow_timber_node1node91_t5,0.0,9.0,I,node1node91,5,timber
flow_wide_node1node91_t1,0.0,9.0,I,node1node91,1,wide
flow_wide_node1node91_t2,0.0,9.0,I,node1node91,2,wide
flow_wide_node1node91_t3,0.0,9.0,I,node1node91,3,wide
flow_wide_node1node91_t4,0.0,9.0,I,node1node91,4,wide
flow_wide_node1node91_t5,0.0,9.0,I,node1node91,5,wide
flow_timber_node1node94_t1,0.0,9.0,I,node1node94,1,timber
flow_timber_node1node94_t2,0.0,9.0,I,node1node94,2,timber
flow_timber_node1node94_t3,0.0,9.0,I,node1node94,3,timber
flow_timber_node1node94_t4,0.0,9.0,I,node1node94,4,timber
flow_timber_node1node94_t5,0.0,9.0,I,node1node94,5,timber
flow_wide_node1node94_t1,0.0,9.0,I,node1node94,1,wide
flow_wide_node1node94_t2,0.0,9.0,I,node1node94,2,wide
flow_wide_node1node94_t3,0.0,9.0,I,node1node94,3,wide
flow_wide_node1node94_t4,0.0,9.0,I,node1node94,4,wide
flow_wide_node1node94_t5,0.0,9.0,I,node1node94,5,wide
flow_timber_node70node1_t1,0.0,9.0,I,node70node1,1,timber
flow_timber_node70node1_t2,0.0,9.0,I,node70node1,2,timber
flow_timber_node70node1_t3,0.0,9.0,I,node70node1,3,timber
flow_timber_node70node1_t4,0.0,9.0,I,node70node1,4,timber
flow_timber_node70node1_t5,0.0,9.0,I,node70node1,5,timber
flow_wide_node70node1_t1,0.0,9.0,I,node70node1,1,wide
flow_wide_node70node1_t2,0.0,9.0,I,node70node1,2,wide
flow_wide_node70node1_t3,0.0,9.0,I,node70node1,3,wide
flow_wide_node70node1_t4,0.0,9.0,I,node70node1,4,wide
flow_wide_node70node1_t5,0.0,9.0,I,node70node1,5,wide
flow_timber_node70node68_t1,0.0,9.0,I,node70node68,1,timber
flow_timber_node70node68_t2,0.0,9.0,I,node70node68,2,timber
flow_timber_node70node68_t3,0.0,9.0,I,node70node68,3,timber
flow_timber_node70node68_t4,0.0,9.0,I,node70node68,4,timber
flow_timber_node70node68_t5,0.0,9.0,I,node70node68,5,timber
flow_wide_node70node68_t1,0.0,9.0,I,node70node68,1,wide
flow_wide_node70node68_t2,0.0,9.0,I,node70node68,2,wide
flow_wide_node70node68_t3,0.0,9.0,I,node70node68,3,wide
flow_wide_node70node68_t4,0.0,9.0,I,node70node68,4,wide
flow_wide_node70node68_t5,0.0,9.0,I,node70node68,5,wide
flow_timber_node70node88_t1,0.0,9.0,I,node70node88,1,timber
flow_timber_node70node88_t2,0.0,9.0,I,node70node88,2,timber
flow_timber_node70node88_t3,0.0,9.0,I,node70node88,3,timber
flow_timber_node70node88_t4,0.0,9.0,I,node70node88,4,timber
flow_timber_node70node88_t5,0.0,9.0,I,node70node88,5,timber
flow_wide_node70node88_t1,0.0,9.0,I,node70node88,1,wide
flow_wide_node70node88_t2,0.0,9.0,I,node70node88,2,wide
flow_wide_node70node88_t3,0.0,9.0,I,node70node88,3,wide
flow_wide_node70node88_t4,0.0,9.0,I,node70node88,4,wide
flow_wide_node70node88_t5,0.0,9.0,I,node70node88,5,wide
flow_timber_node70node94_t1,0.0,9.0,I,node70node94,1,timber
flow_timber_node70node94_t2,0.0,9.0,I,node70node94,2,timber
flow_timber_node70node94_t3,0.0,9.0,I,node70node94,3,timber
flow_timber_node70node94_t4,0.0,9.0,I,node70node94,4,timber
flow_timber_node70node94_t5,0.0,9.0,I,node70node94,5,timber
flow_wide_node70node94_t1,0.0,9.0,I,node70node94,1,wide
flow_wide_node70node94_t2,0.0,9.0,I,node70node94,2,wide
flow_wide_node70node94_t3,0.0,9.0,I,node70node94,3,wide
flow_wide_node70node94_t4,0.0,9.0,I,node70node94,4,wide
flow_wide_node70node94_t5,0.0,9.0,I,node70node94,5,wide
flow_timber_node40node1_t1,0.0,9.0,I,node40node1,1,timber
flow_timber_node40node1_t2,0.0,9.0,I,node40node1,2,timber
flow_timber_node40node1_t3,0.0,9.0,I,node40node1,3,timber
flow_timber_node40node1_t4,0.0,9.0,I,node40node1,4,timber
flow_timber_node40node1_t5,0.0,9.0,I,node40node1,5,timber
flow_wide_node40node1_t1,0.0,9.0,I,node40node1,1,wide
flow_wide_node40node1_t2,0.0,9.0,I,node40node1,2,wide
flow_wide_node40node1_t3,0.0,9.0,I,node40node1,3,wide
flow_wide_node40node1_t4,0.0,9.0,I,node40node1,4,wide
flow_wide_node40node1_t5,0.0,9.0,I,node40node1,5,wide
flow_timber_node40node26_t1,0.0,9.0,I,node40node26,1,timber
flow_timber_node40node26_t2,0.0,9.0,I,node40node26,2,timber
flow_timber_node40node26_t3,0.0,9.0,I,node40node26,3,timber
flow_timber_node40node26_t4,0.0,9.0,I,node40node26,4,timber
flow_timber_node40node26_t5,0.0,9.0,I,node40node26,5,timber
flow_wide_node40node26_t1,0.0,9.0,I,node40node26,1,wide
flow_wide_node40node26_t2,0.0,9.0,I,node40node26,2,wide
flow_wide_node40node26_t3,0.0,9.0,I,node40node26,3,wide
flow_wide_node40node26_t4,0.0,9.0,I,node40node26,4,wide
flow_wide_node40node26_t5,0.0,9.0,I,node40node26,5,wide
flow_timber_node40node91_t1,0.0,9.0,I,node40node91,1,timber
flow_timber_node40node91_t2,0.0,9.0,I,node40node91,2,timber
flow_timber_node40node91_t3,0.0,9.0,I,node40node91,3,timber
flow_timber_node40node91_t4,0.0,9.0,I,node40node91,4,timber
flow_timber_node40node91_t5,0.0,9.0,I,node40node91,5,timber
flow_wide_node40node91_t1,0.0,9.0,I,node40node91,1,wide
flow_wide_node40node91_t2,0.0,9.0,I,node40node91,2,wide
flow_wide_node40node91_t3,0.0,9.0,I,node40node91,3,wide
flow_wide_node40node91_t4,0.0,9.0,I,node40node91,4,wide
flow_wide_node40node91_t5,0.0,9.0,I,node40node91,5,wide
flow_timber_node40node94_t1,0.0,9.0,I,node40node94,1,timber
flow_timber_node40node94_t2,0.0,9.0,I,node40node94,2,timber
flow_timber_node40node94_t3,0.0,9.0,I,node40node94,3,timber
flow_timber_node40node94_t4,0.0,9.0,I,node40node94,4,timber
flow_timber_node40node94_t5,0.0,9.0,I,node40node94,5,timber
flow_wide_node40node94_t1,0.0,9.0,I,node40node94,1,wide
flow_wide_node40node94_t2,0.0,9.0,I,node40node94,2,wide
flow_wide_node40node94_t3,0.0,9.0,I,node40node94,3,wide
flow_wide_node40node94_t4,0.0,9.0,I,node40node94,4,wide
flow_wide_node40node94_t5,0.0,9.0,I,node40node94,5,wide
flow_timber_node8node1_t1,0.0,9.0,I,node8node1,1,timber
flow_timber_node8node1_t2,0.0,9.0,I,node8node1,2,timber
flow_timber_node8node1_t3,0.0,9.0,I,node8node1,3,timber
flow_timber_node8node1_t4,0.0,9.0,I,node8node1,4,timber
flow_timber_node8node1_t5,0.0,9.0,I,node8node1,5,timber
flow_wide_node8node1_t1,0.0,9.0,I,node8node1,1,wide
flow_wide_node8node1_t2,0.0,9.0,I,node8node1,2,wide
flow_wide_node8node1_t3,0.0,9.0,I,node8node1,3,wide
flow_wide_node8node1_t4,0.0,9.0,I,node8node1,4,wide
flow_wide_node8node1_t5,0.0,9.0,I,node8node1,5,wide
flow_timber_node8node44_t1,0.0,9.0,I,node8node44,1,timber
flow_timber_node8node44_t2,0.0,9.0,I,node8node44,2,timber
flow_timber_node8node44_t3,0.0,9.0,I,node8node44,3,timber
flow_timber_node8node44_t4,0.0,9.0,I,node8node44,4,timber
flow_timber_node8node44_t5,0.0,9.0,I,node8node44,5,timber
flow_wide_node8node44_t1,0.0,9.0,I,node8node44,1,wide
flow_wide_node8node44_t2,0.0,9.0,I,node8node44,2,wide
flow_wide_node8node44_t3,0.0,9.0,I,node8node44,3,wide
flow_wide_node8node44_t4,0.0,9.0,I,node8node44,4,wide
flow_wide_node8node44_t5,0.0,9.0,I,node8node44,5,wide
flow_timber_node8node88_t1,0.0,9.0,I,node8node88,1,timber
flow_timber_node8node88_t2,0.0,9.0,I,node8node88,2,timber
flow_timber_node8node88_t3,0.0,9.0,I,node8node88,3,timber
flow_timber_node8node88_t4,0.0,9.0,I,node8node88,4,timber
flow_timber_node8node88_t5,0.0,9.0,I,node8node88,5,timber
flow_wide_node8node88_t1,0.0,9.0,I,node8node88,1,wide
flow_wide_node8node88_t2,0.0,9.0,I,node8node88,2,wide
flow_wide_node8node88_t3,0.0,9.0,I,node8node88,3,wide
flow_wide_node8node88_t4,0.0,9.0,I,node8node88,4,wide
flow_wide_node8node88_t5,0.0,9.0,I,node8node88,5,wide
flow_timber_node8node91_t1,0.0,9.0,I,node8node91,1,timber
flow_timber_node8node91_t2,0.0,9.0,I,node8node91,2,timber
flow_timber_node8node91_t3,0.0,9.0,I,node8node91,3,timber
flow_timber_node8node91_t4,0.0,9.0,I,node8node91,4,timber
flow_timber_node8node91_t5,0.0,9.0,I,node8node91,5,timber
flow_wide_node8node91_t1,0.0,9.0,I,node8node91,1,wide
flow_wide_node8node91_t2,0.0,9.0,I,node8node91,2,wide
flow_wide_node8node91_t3,0.0,9.0,I,node8node91,3,wide
flow_wide_node8node91_t4,0.0,9.0,I,node8node91,4,wide
flow_wide_node8node91_t5,0.0,9.0,I,node8node91,5,wide
flow_timber_node88node1_t1,0.0,9.0,I,node88node1,1,timber
flow_timber_node88node1_t2,0.0,9.0,I,node88node1,2,timber
flow_timber_node88node1_t3,0.0,9.0,I,node88node1,3,timber
flow_timber_node88node1_t4,0.0,9.0,I,node88node1,4,timber
flow_timber_node88node1_t5,0.0,9.0,I,node88node1,5,timber
flow_wide_node88node1_t1,0.0,9.0,I,node88node1,1,wide
flow_wide_node88node1_t2,0.0,9.0,I,node88node1,2,wide
flow_wide_node88node1_t3,0.0,9.0,I,node88node1,3,wide
flow_wide_node88node1_t4,0.0,9.0,I,node88node1,4,wide
flow_wide_node88node1_t5,0.0,9.0,I,node88node1,5,wide
flow_timber_node88node8_t1,0.0,9.0,I,node88node8,1,timber
flow_timber_node88node8_t2,0.0,9.0,I,node88node8,2,timber
flow_timber_node88node8_t3,0.0,9.0,I,node88node8,3,timber
flow_timber_node88node8_t4,0.0,9.0,I,node88node8,4,timber
flow_timber_node88node8_t5,0.0,9.0,I,node88node8,5,timber
flow_wide_node88node8_t1,0.0,9.0,I,node88node8,1,wide
flow_wide_node88node8_t2,0.0,9.0,I,node88node8,2,wide
flow_wide_node88node8_t3,0.0,9.0,I,node88node8,3,wide
flow_wide_node88node8_t4,0.0,9.0,I,node88node8,4,wide
flow_wide_node88node8_t5,0.0,9.0,I,node88node8,5,wide
flow_timber_node88node11_t1,0.0,9.0,I,node88node11,1,timber
flow_timber_node88node11_t2,0.0,9.0,I,node88node11,2,timber
flow_timber_node88node11_t3,0.0,9.0,I,node88node11,3,timber
flow_timber_node88node11_t4,0.0,9.0,I,node88node11,4,timber
flow_timber_node88node11_t5,0.0,9.0,I,node88node11,5,timber
flow_wide_node88node11_t1,0.0,9.0,I,node88node11,1,wide
flow_wide_node88node11_t2,0.0,9.0,I,node88node11,2,wide
flow_wide_node88node11_t3,0.0,9.0,I,node88node11,3,wide
flow_wide_node88node11_t4,0.0,9.0,I,node88node11,4,wide
flow_wide_node88node11_t5,0.0,9.0,I,node88node11,5,wide
flow_timber_node88node24_t1,0.0,9.0,I,node88node24,1,timber
flow_timber_node88node24_t2,0.0,9.0,I,node88node24,2,timber
flow_timber_node88node24_t3,0.0,9.0,I,node88node24,3,timber
flow_timber_node88node24_t4,0.0,9.0,I,node88node24,4,timber
flow_timber_node88node24_t5,0.0,9.0,I,node88node24,5,timber
flow_wide_node88node24_t1,0.0,9.0,I,node88node24,1,wide
flow_wide_node88node24_t2,0.0,9.0,I,node88node24,2,wide
flow_wide_node88node24_t3,0.0,9.0,I,node88node24,3,wide
flow_wide_node88node24_t4,0.0,9.0,I,node88node24,4,wide
flow_wide_node88node24_t5,0.0,9.0,I,node88node24,5,wide
flow_timber_node88node32_t1,0.0,9.0,I,node88node32,1,timber
flow_timber_node88node32_t2,0.0,9.0,I,node88node32,2,timber
flow_timber_node88node32_t3,0.0,9.0,I,node88node32,3,timber
flow_timber_node88node32_t4,0.0,9.0,I,node88node32,4,timber
flow_timber_node88node32_t5,0.0,9.0,I,node88node32,5,timber
flow_wide_node88node32_t1,0.0,9.0,I,node88node32,1,wide
flow_wide_node88node32_t2,0.0,9.0,I,node88node32,2,wide
flow_wide_node88node32_t3,0.0,9.0,I,node88node32,3,wide
flow_wide_node88node32_t4,0.0,9.0,I,node88node32,4,wide
flow_wide_node88node32_t5,0.0,9.0,I,node88node32,5,wide
flow_timber_node88node39_t1,0.0,9.0,I,node88node39,1,timber
flow_timber_node88node39_t2,0.0,9.0,I,node88node39,2,timber
flow_timber_node88node39_t3,0.0,9.0,I,node88node39,3,timber
flow_timber_node88node39_t4,0.0,9.0,I,node88node39,4,timber
flow_timber_node88node39_t5,0.0,9.0,I,node88node39,5,timber
flow_wide_node88node39_t1,0.0,9.0,I,node88node39,1,wide
flow_wide_node88node39_t2,0.0,9.0,I,node88node39,2,wide
flow_wide_node88node39_t3,0.0,9.0,I,node88node39,3,wide
flow_wide_node88node39_t4,0.0,9.0,I,node88node39,4,wide
flow_wide_node88node39_t5,0.0,9.0,I,node88node39,5,wide
flow_timber_node88node41_t1,0.0,9.0,I,node88node41,1,timber
flow_timber_node88node41_t2,0.0,9.0,I,node88node41,2,timber
flow_timber_node88node41_t3,0.0,9.0,I,node88node41,3,timber
flow_timber_node88node41_t4,0.0,9.0,I,node88node41,4,timber
flow_timber_node88node41_t5,0.0,9.0,I,node88node41,5,timber
flow_wide_node88node41_t1,0.0,9.0,I,node88node41,1,wide
flow_wide_node88node41_t2,0.0,9.0,I,node88node41,2,wide
flow_wide_node88node41_t3,0.0,9.0,I,node88node41,3,wide
flow_wide_node88node41_t4,0.0,9.0,I,node88node41,4,wide
flow_wide_node88node41_t5,0.0,9.0,I,node88node41,5,wide
flow_timber_node88node44_t1,0.0,9.0,I,node88node44,1,timber
flow_timber_node88node44_t2,0.0,9.0,I,node88node44,2,timber
flow_timber_node88node44_t3,0.0,9.0,I,node88node44,3,timber
flow_timber_node88node44_t4,0.0,9.0,I,node88node44,4,timber
flow_timber_node88node44_t5,0.0,9.0,I,node88node44,5,timber
flow_wide_node88node44_t1,0.0,9.0,I,node88node44,1,wide
flow_wide_node88node44_t2,0.0,9.0,I,node88node44,2,wide
flow_wide_node88node44_t3,0.0,9.0,I,node88node44,3,wide
flow_wide_node88node44_t4,0.0,9.0,I,node88node44,4,wide
flow_wide_node88node44_t5,0.0,9.0,I,node88node44,5,wide
flow_timber_node88node45_t1,0.0,9.0,I,node88node45,1,timber
flow_timber_node88node45_t2,0.0,9.0,I,node88node45,2,timber
flow_timber_node88node45_t3,0.0,9.0,I,node88node45,3,timber
flow_timber_node88node45_t4,0.0,9.0,I,node88node45,4,timber
flow_timber_node88node45_t5,0.0,9.0,I,node88node45,5,timber
flow_wide_node88node45_t1,0.0,9.0,I,node88node45,1,wide
flow_wide_node88node45_t2,0.0,9.0,I,node88node45,2,wide
flow_wide_node88node45_t3,0.0,9.0,I,node88node45,3,wide
flow_wide_node88node45_t4,0.0,9.0,I,node88node45,4,wide
flow_wide_node88node45_t5,0.0,9.0,I,node88node45,5,wide
flow_timber_node88node51_t1,0.0,9.0,I,node88node51,1,timber
flow_timber_node88node51_t2,0.0,9.0,I,node88node51,2,timber
flow_timber_node88node51_t3,0.0,9.0,I,node88node51,3,timber
flow_timber_node88node51_t4,0.0,9.0,I,node88node51,4,timber
flow_timber_node88node51_t5,0.0,9.0,I,node88node51,5,timber
flow_wide_node88node51_t1,0.0,9.0,I,node88node51,1,wide
flow_wide_node88node51_t2,0.0,9.0,I,node88node51,2,wide
flow_wide_node88node51_t3,0.0,9.0,I,node88node51,3,wide
flow_wide_node88node51_t4,0.0,9.0,I,node88node51,4,wide
flow_wide_node88node51_t5,0.0,9.0,I,node88node51,5,wide
flow_timber_node88node61_t1,0.0,9.0,I,node88node61,1,timber
flow_timber_node88node61_t2,0.0,9.0,I,node88node61,2,timber
flow_timber_node88node61_t3,0.0,9.0,I,node88node61,3,timber
flow_timber_node88node61_t4,0.0,9.0,I,node88node61,4,timber
flow_timber_node88node61_t5,0.0,9.0,I,node88node61,5,timber
flow_wide_node88node61_t1,0.0,9.0,I,node88node61,1,wide
flow_wide_node88node61_t2,0.0,9.0,I,node88node61,2,wide
flow_wide_node88node61_t3,0.0,9.0,I,node88node61,3,wide
flow_wide_node88node61_t4,0.0,9.0,I,node88node61,4,wide
flow_wide_node88node61_t5,0.0,9.0,I,node88node61,5,wide
flow_timber_node88node62_t1,0.0,9.0,I,node88node62,1,timber
flow_timber_node88node62_t2,0.0,9.0,I,node88node62,2,timber
flow_timber_node88node62_t3,0.0,9.0,I,node88node62,3,timber
flow_timber_node88node62_t4,0.0,9.0,I,node88node62,4,timber
flow_timber_node88node62_t5,0.0,9.0,I,node88node62,5,timber
flow_wide_node88node62_t1,0.0,9.0,I,node88node62,1,wide
flow_wide_node88node62_t2,0.0,9.0,I,node88node62,2,wide
flow_wide_node88node62_t3,0.0,9.0,I,node88node62,3,wide
flow_wide_node88node62_t4,0.0,9.0,I,node88node62,4,wide
flow_wide_node88node62_t5,0.0,9.0,I,node88node62,5,wide
flow_timber_node88node67_t1,0.0,9.0,I,node88node67,1,timber
flow_timber_node88node67_t2,0.0,9.0,I,node88node67,2,timber
flow_timber_node88node67_t3,0.0,9.0,I,node88node67,3,timber
flow_timber_node88node67_t4,0.0,9.0,I,node88node67,4,timber
flow_timber_node88node67_t5,0.0,9.0,I,node88node67,5,timber
flow_wide_node88node67_t1,0.0,9.0,I,node88node67,1,wide
flow_wide_node88node67_t2,0.0,9.0,I,node88node67,2,wide
flow_wide_node88node67_t3,0.0,9.0,I,node88node67,3,wide
flow_wide_node88node67_t4,0.0,9.0,I,node88node67,4,wide
flow_wide_node88node67_t5,0.0,9.0,I,node88node67,5,wide
flow_timber_node88node68_t1,0.0,9.0,I,node88node68,1,timber
flow_timber_node88node68_t2,0.0,9.0,I,node88node68,2,timber
flow_timber_node88node68_t3,0.0,9.0,I,node88node68,3,timber
flow_timber_node88node68_t4,0.0,9.0,I,node88node68,4,timber
flow_timber_node88node68_t5,0.0,9.0,I,node88node68,5,timber
flow_wide_node88node68_t1,0.0,9.0,I,node88node68,1,wide
flow_wide_node88node68_t2,0.0,9.0,I,node88node68,2,wide
flow_wide_node88node68_t3,0.0,9.0,I,node88node68,3,wide
flow_wide_node88node68_t4,0.0,9.0,I,node88node68,4,wide
flow_wide_node88node68_t5,0.0,9.0,I,node88node68,5,wide
flow_timber_node88node69_t1,0.0,9.0,I,node88node69,1,timber
flow_timber_node88node69_t2,0.0,9.0,I,node88node69,2,timber
flow_timber_node88node69_t3,0.0,9.0,I,node88node69,3,timber
flow_timber_node88node69_t4,0.0,9.0,I,node88node69,4,timber
flow_timber_node88node69_t5,0.0,9.0,I,node88node69,5,timber
flow_wide_node88node69_t1,0.0,9.0,I,node88node69,1,wide
flow_wide_node88node69_t2,0.0,9.0,I,node88node69,2,wide
flow_wide_node88node69_t3,0.0,9.0,I,node88node69,3,wide
flow_wide_node88node69_t4,0.0,9.0,I,node88node69,4,wide
flow_wide_node88node69_t5,0.0,9.0,I,node88node69,5,wide
flow_timber_node88node70_t1,0.0,9.0,I,node88node70,1,timber
flow_timber_node88node70_t2,0.0,9.0,I,node88node70,2,timber
flow_timber_node88node70_t3,0.0,9.0,I,node88node70,3,timber
flow_timber_node88node70_t4,0.0,9.0,I,node88node70,4,timber
flow_timber_node88node70_t5,0.0,9.0,I,node88node70,5,timber
flow_wide_node88node70_t1,0.0,9.0,I,node88node70,1,wide
flow_wide_node88node70_t2,0.0,9.0,I,node88node70,2,wide
flow_wide_node88node70_t3,0.0,9.0,I,node88node70,3,wide
flow_wide_node88node70_t4,0.0,9.0,I,node88node70,4,wide
flow_wide_node88node70_t5,0.0,9.0,I,node88node70,5,wide
flow_timber_node88node71_t1,0.0,9.0,I,node88node71,1,timber
flow_timber_node88node71_t2,0.0,9.0,I,node88node71,2,timber
flow_timber_node88node71_t3,0.0,9.0,I,node88node71,3,timber
flow_timber_node88node71_t4,0.0,9.0,I,node88node71,4,timber
flow_timber_node88node71_t5,0.0,9.0,I,node88node71,5,timber
flow_wide_node88node71_t1,0.0,9.0,I,node88node71,1,wide
flow_wide_node88node71_t2,0.0,9.0,I,node88node71,2,wide
flow_wide_node88node71_t3,0.0,9.0,I,node88node71,3,wide
flow_wide_node88node71_t4,0.0,9.0,I,node88node71,4,wide
flow_wide_node88node71_t5,0.0,9.0,I,node88node71,5,wide
flow_timber_node91node1_t1,0.0,9.0,I,node91node1,1,timber
flow_timber_node91node1_t2,0.0,9.0,I,node91node1,2,timber
flow_timber_node91node1_t3,0.0,9.0,I,node91node1,3,timber
flow_timber_node91node1_t4,0.0,9.0,I,node91node1,4,timber
flow_timber_node91node1_t5,0.0,9.0,I,node91node1,5,timber
flow_wide_node91node1_t1,0.0,9.0,I,node91node1,1,wide
flow_wide_node91node1_t2,0.0,9.0,I,node91node1,2,wide
flow_wide_node91node1_t3,0.0,9.0,I,node91node1,3,wide
flow_wide_node91node1_t4,0.0,9.0,I,node91node1,4,wide
flow_wide_node91node1_t5,0.0,9.0,I,node91node1,5,wide
flow_timber_node91node8_t1,0.0,9.0,I,node91node8,1,timber
flow_timber_node91node8_t2,0.0,9.0,I,node91node8,2,timber
flow_timber_node91node8_t3,0.0,9.0,I,node91node8,3,timber
flow_timber_node91node8_t4,0.0,9.0,I,node91node8,4,timber
flow_timber_node91node8_t5,0.0,9.0,I,node91node8,5,timber
flow_wide_node91node8_t1,0.0,9.0,I,node91node8,1,wide
flow_wide_node91node8_t2,0.0,9.0,I,node91node8,2,wide
flow_wide_node91node8_t3,0.0,9.0,I,node91node8,3,wide
flow_wide_node91node8_t4,0.0,9.0,I,node91node8,4,wide
flow_wide_node91node8_t5,0.0,9.0,I,node91node8,5,wide
flow_timber_node91node12_t1,0.0,9.0,I,node91node12,1,timber
flow_timber_node91node12_t2,0.0,9.0,I,node91node12,2,timber
flow_timber_node91node12_t3,0.0,9.0,I,node91node12,3,timber
flow_timber_node91node12_t4,0.0,9.0,I,node91node12,4,timber
flow_timber_node91node12_t5,0.0,9.0,I,node91node12,5,timber
flow_wide_node91node12_t1,0.0,9.0,I,node91node12,1,wide
flow_wide_node91node12_t2,0.0,9.0,I,node91node12,2,wide
flow_wide_node91node12_t3,0.0,9.0,I,node91node12,3,wide
flow_wide_node91node12_t4,0.0,9.0,I,node91node12,4,wide
flow_wide_node91node12_t5,0.0,9.0,I,node91node12,5,wide
flow_timber_node91node26_t1,0.0,9.0,I,node91node26,1,timber
flow_timber_node91node26_t2,0.0,9.0,I,node91node26,2,timber
flow_timber_node91node26_t3,0.0,9.0,I,node91node26,3,timber
flow_timber_node91node26_t4,0.0,9.0,I,node91node26,4,timber
flow_timber_node91node26_t5,0.0,9.0,I,node91node26,5,timber
flow_wide_node91node26_t1,0.0,9.0,I,node91node26,1,wide
flow_wide_node91node26_t2,0.0,9.0,I,node91node26,2,wide
flow_wide_node91node26_t3,0.0,9.0,I,node91node26,3,wide
flow_wide_node91node26_t4,0.0,9.0,I,node91node26,4,wide
flow_wide_node91node26_t5,0.0,9.0,I,node91node26,5,wide
flow_timber_node91node40_t1,0.0,9.0,I,node91node40,1,timber
flow_timber_node91node40_t2,0.0,9.0,I,node91node40,2,timber
flow_timber_node91node40_t3,0.0,9.0,I,node91node40,3,timber
flow_timber_node91node40_t4,0.0,9.0,I,node91node40,4,timber
flow_timber_node91node40_t5,0.0,9.0,I,node91node40,5,timber
flow_wide_node91node40_t1,0.0,9.0,I,node91node40,1,wide
flow_wide_node91node40_t2,0.0,9.0,I,node91node40,2,wide
flow_wide_node91node40_t3,0.0,9.0,I,node91node40,3,wide
flow_wide_node91node40_t4,0.0,9.0,I,node91node40,4,wide
flow_wide_node91node40_t5,0.0,9.0,I,node91node40,5,wide
flow_timber_node91node44_t1,0.0,9.0,I,node91node44,1,timber
flow_timber_node91node44_t2,0.0,9.0,I,node91node44,2,timber
flow_timber_node91node44_t3,0.0,9.0,I,node91node44,3,timber
flow_timber_node91node44_t4,0.0,9.0,I,node91node44,4,timber
flow_timber_node91node44_t5,0.0,9.0,I,node91node44,5,timber
flow_wide_node91node44_t1,0.0,9.0,I,node91node44,1,wide
flow_wide_node91node44_t2,0.0,9.0,I,node91node44,2,wide
flow_wide_node91node44_t3,0.0,9.0,I,node91node44,3,wide
flow_wide_node91node44_t4,0.0,9.0,I,node91node44,4,wide
flow_wide_node91node44_t5,0.0,9.0,I,node91node44,5,wide
flow_timber_node91node66_t1,0.0,9.0,I,node91node66,1,timber
flow_timber_node91node66_t2,0.0,9.0,I,node91node66,2,timber
flow_timber_node91node66_t3,0.0,9.0,I,node91node66,3,timber
flow_timber_node91node66_t4,0.0,9.0,I,node91node66,4,timber
flow_timber_node91node66_t5,0.0,9.0,I,node91node66,5,timber
flow_wide_node91node66_t1,0.0,9.0,I,node91node66,1,wide
flow_wide_node91node66_t2,0.0,9.0,I,node91node66,2,wide
flow_wide_node91node66_t3,0.0,9.0,I,node91node66,3,wide
flow_wide_node91node66_t4,0.0,9.0,I,node91node66,4,wide
flow_wide_node91node66_t5,0.0,9.0,I,node91node66,5,wide
flow_timber_node94node1_t1,0.0,9.0,I,node94node1,1,timber
flow_timber_node94node1_t2,0.0,9.0,I,node94node1,2,timber
flow_timber_node94node1_t3,0.0,9.0,I,node94node1,3,timber
flow_timber_node94node1_t4,0.0,9.0,I,node94node1,4,timber
flow_timber_node94node1_t5,0.0,9.0,I,node94node1,5,timber
flow_wide_node94node1_t1,0.0,9.0,I,node94node1,1,wide
flow_wide_node94node1_t2,0.0,9.0,I,node94node1,2,wide
flow_wide_node94node1_t3,0.0,9.0,I,node94node1,3,wide
flow_wide_node94node1_t4,0.0,9.0,I,node94node1,4,wide
flow_wide_node94node1_t5,0.0,9.0,I,node94node1,5,wide
flow_timber_node94node21_t1,0.0,9.0,I,node94node21,1,timber
flow_timber_node94node21_t2,0.0,9.0,I,node94node21,2,timber
flow_timber_node94node21_t3,0.0,9.0,I,node94node21,3,timber
flow_timber_node94node21_t4,0.0,9.0,I,node94node21,4,timber
flow_timber_node94node21_t5,0.0,9.0,I,node94node21,5,timber
flow_wide_node94node21_t1,0.0,9.0,I,node94node21,1,wide
flow_wide_node94node21_t2,0.0,9.0,I,node94node21,2,wide
flow_wide_node94node21_t3,0.0,9.0,I,node94node21,3,wide
flow_wide_node94node21_t4,0.0,9.0,I,node94node21,4,wide
flow_wide_node94node21_t5,0.0,9.0,I,node94node21,5,wide
flow_timber_node94node26_t1,0.0,9.0,I,node94node26,1,timber
flow_timber_node94node26_t2,0.0,9.0,I,node94node26,2,timber
flow_timber_node94node26_t3,0.0,9.0,I,node94node26,3,timber
flow_timber_node94node26_t4,0.0,9.0,I,node94node26,4,timber
flow_timber_node94node26_t5,0.0,9.0,I,node94node26,5,timber
flow_wide_node94node26_t1,0.0,9.0,I,node94node26,1,wide
flow_wide_node94node26_t2,0.0,9.0,I,node94node26,2,wide
flow_wide_node94node26_t3,0.0,9.0,I,node94node26,3,wide
flow_wide_node94node26_t4,0.0,9.0,I,node94node26,4,wide
flow_wide_node94node26_t5,0.0,9.0,I,node94node26,5,wide
flow_timber_node94node40_t1,0.0,9.0,I,node94node40,1,timber
flow_timber_node94node40_t2,0.0,9.0,I,node94node40,2,timber
flow_timber_node94node40_t3,0.0,9.0,I,node94node40,3,timber
flow_timber_node94node40_t4,0.0,9.0,I,node94node40,4,timber
flow_timber_node94node40_t5,0.0,9.0,I,node94node40,5,timber
flow_wide_node94node40_t1,0.0,9.0,I,node94node40,1,wide
flow_wide_node94node40_t2,0.0,9.0,I,node94node40,2,wide
flow_wide_node94node40_t3,0.0,9.0,I,node94node40,3,wide
flow_wide_node94node40_t4,0.0,9.0,I,node94node40,4,wide
flow_wide_node94node40_t5,0.0,9.0,I,node94node40,5,wide
flow_timber_node94node41_t1,0.0,9.0,I,node94node41,1,timber
flow_timber_node94node41_t2,0.0,9.0,I,node94node41,2,timber
flow_timber_node94node41_t3,0.0,9.0,I,node94node41,3,timber
flow_timber_node94node41_t4,0.0,9.0,I,node94node41,4,timber
flow_timber_node94node41_t5,0.0,9.0,I,node94node41,5,timber
flow_wide_node94node41_t1,0.0,9.0,I,node94node41,1,wide
flow_wide_node94node41_t2,0.0,9.0,I,node94node41,2,wide
flow_wide_node94node41_t3,0.0,9.0,I,node94node41,3,wide
flow_wide_node94node41_t4,0.0,9.0,I,node94node41,4,wide
flow_wide_node94node41_t5,0.0,9.0,I,node94node41,5,wide
flow_timber_node94node54_t1,0.0,9.0,I,node94node54,1,timber
flow_timber_node94node54_t2,0.0,9.0,I,node94node54,2,timber
flow_timber_node94node54_t3,0.0,9.0,I,node94node54,3,timber
flow_timber_node94node54_t4,0.0,9.0,I,node94node54,4,timber
flow_timber_node94node54_t5,0.0,9.0,I,node94node54,5,timber
flow_wide_node94node54_t1,0.0,9.0,I,node94node54,1,wide
flow_wide_node94node54_t2,0.0,9.0,I,node94node54,2,wide
flow_wide_node94node54_t3,0.0,9.0,I,node94node54,3,wide
flow_wide_node94node54_t4,0.0,9.0,I,node94node54,4,wide
flow_wide_node94node54_t5,0.0,9.0,I,node94node54,5,wide
flow_timber_node94node68_t1,0.0,9.0,I,node94node68,1,timber
flow_timber_node94node68_t2,0.0,9.0,I,node94node68,2,timber
flow_timber_node94node68_t3,0.0,9.0,I,node94node68,3,timber
flow_timber_node94node68_t4,0.0,9.0,I,node94node68,4,timber
flow_timber_node94node68_t5,0.0,9.0,I,node94node68,5,timber
flow_wide_node94node68_t1,0.0,9.0,I,node94node68,1,wide
flow_wide_node94node68_t2,0.0,9.0,I,node94node68,2,wide
flow_wide_node94node68_t3,0.0,9.0,I,node94node68,3,wide
flow_wide_node94node68_t4,0.0,9.0,I,node94node68,4,wide
flow_wide_node94node68_t5,0.0,9.0,I,node94node68,5,wide
flow_timber_node94node70_t1,0.0,9.0,I,node94node70,1,timber
flow_timber_node94node70_t2,0.0,9.0,I,node94node70,2,timber
flow_timber_node94node70_t3,0.0,9.0,I,node94node70,3,timber
flow_timber_node94node70_t4,0.0,9.0,I,node94node70,4,timber
flow_timber_node94node70_t5,0.0,9.0,I,node94node70,5,timber
flow_wide_node94node70_t1,0.0,9.0,I,node94node70,1,wide
flow_wide_node94node70_t2,0.0,9.0,I,node94node70,2,wide
flow_wide_node94node70_t3,0.0,9.0,I,node94node70,3,wide
flow_wide_node94node70_t4,0.0,9.0,I,node94node70,4,wide
flow_wide_node94node70_t5,0.0,9.0,I,node94node70,5,wide
flow_timber_node94node72_t1,0.0,9.0,I,node94node72,1,timber
flow_timber_node94node72_t2,0.0,9.0,I,node94node72,2,timber
flow_timber_node94node72_t3,0.0,9.0,I,node94node72,3,timber
flow_timber_node94node72_t4,0.0,9.0,I,node94node72,4,timber
flow_timber_node94node72_t5,0.0,9.0,I,node94node72,5,timber
flow_wide_node94node72_t1,0.0,9.0,I,node94node72,1,wide
flow_wide_node94node72_t2,0.0,9.0,I,node94node72,2,wide
flow_wide_node94node72_t3,0.0,9.0,I,node94node72,3,wide
flow_wide_node94node72_t4,0.0,9.0,I,node94node72,4,wide
flow_wide_node94node72_t5,0.0,9.0,I,node94node72,5,wide
flow_timber_node2node53_t1,0.0,9.0,I,node2node53,1,timber
flow_timber_node2node53_t2,0.0,9.0,I,node2node53,2,timber
flow_timber_node2node53_t3,0.0,9.0,I,node2node53,3,timber
flow_timber_node2node53_t4,0.0,9.0,I,node2node53,4,timber
flow_timber_node2node53_t5,0.0,9.0,I,node2node53,5,timber
flow_wide_node2node53_t1,0.0,9.0,I,node2node53,1,wide
flow_wide_node2node53_t2,0.0,9.0,I,node2node53,2,wide
flow_wide_node2node53_t3,0.0,9.0,I,node2node53,3,wide
flow_wide_node2node53_t4,0.0,9.0,I,node2node53,4,wide
flow_wide_node2node53_t5,0.0,9.0,I,node2node53,5,wide
flow_timber_node2node38_t1,0.0,9.0,I,node2node38,1,timber
flow_timber_node2node38_t2,0.0,9.0,I,node2node38,2,timber
flow_timber_node2node38_t3,0.0,9.0,I,node2node38,3,timber
flow_timber_node2node38_t4,0.0,9.0,I,node2node38,4,timber
flow_timber_node2node38_t5,0.0,9.0,I,node2node38,5,timber
flow_wide_node2node38_t1,0.0,9.0,I,node2node38,1,wide
flow_wide_node2node38_t2,0.0,9.0,I,node2node38,2,wide
flow_wide_node2node38_t3,0.0,9.0,I,node2node38,3,wide
flow_wide_node2node38_t4,0.0,9.0,I,node2node38,4,wide
flow_wide_node2node38_t5,0.0,9.0,I,node2node38,5,wide
flow_timber_node2node3_t1,0.0,9.0,I,node2node3,1,timber
flow_timber_node2node3_t2,0.0,9.0,I,node2node3,2,timber
flow_timber_node2node3_t3,0.0,9.0,I,node2node3,3,timber
flow_timber_node2node3_t4,0.0,9.0,I,node2node3,4,timber
flow_timber_node2node3_t5,0.0,9.0,I,node2node3,5,timber
flow_wide_node2node3_t1,0.0,9.0,I,node2node3,1,wide
flow_wide_node2node3_t2,0.0,9.0,I,node2node3,2,wide
flow_wide_node2node3_t3,0.0,9.0,I,node2node3,3,wide
flow_wide_node2node3_t4,0.0,9.0,I,node2node3,4,wide
flow_wide_node2node3_t5,0.0,9.0,I,node2node3,5,wide
flow_timber_node2node13_t1,0.0,9.0,I,node2node13,1,timber
flow_timber_node2node13_t2,0.0,9.0,I,node2node13,2,timber
flow_timber_node2node13_t3,0.0,9.0,I,node2node13,3,timber
flow_timber_node2node13_t4,0.0,9.0,I,node2node13,4,timber
flow_timber_node2node13_t5,0.0,9.0,I,node2node13,5,timber
flow_wide_node2node13_t1,0.0,9.0,I,node2node13,1,wide
flow_wide_node2node13_t2,0.0,9.0,I,node2node13,2,wide
flow_wide_node2node13_t3,0.0,9.0,I,node2node13,3,wide
flow_wide_node2node13_t4,0.0,9.0,I,node2node13,4,wide
flow_wide_node2node13_t5,0.0,9.0,I,node2node13,5,wide
flow_timber_node2node85_t1,0.0,9.0,I,node2node85,1,timber
flow_timber_node2node85_t2,0.0,9.0,I,node2node85,2,timber
flow_timber_node2node85_t3,0.0,9.0,I,node2node85,3,timber
flow_timber_node2node85_t4,0.0,9.0,I,node2node85,4,timber
flow_timber_node2node85_t5,0.0,9.0,I,node2node85,5,timber
flow_wide_node2node85_t1,0.0,9.0,I,node2node85,1,wide
flow_wide_node2node85_t2,0.0,9.0,I,node2node85,2,wide
flow_wide_node2node85_t3,0.0,9.0,I,node2node85,3,wide
flow_wide_node2node85_t4,0.0,9.0,I,node2node85,4,wide
flow_wide_node2node85_t5,0.0,9.0,I,node2node85,5,wide
flow_timber_node2node86_t1,0.0,9.0,I,node2node86,1,timber
flow_timber_node2node86_t2,0.0,9.0,I,node2node86,2,timber
flow_timber_node2node86_t3,0.0,9.0,I,node2node86,3,timber
flow_timber_node2node86_t4,0.0,9.0,I,node2node86,4,timber
flow_timber_node2node86_t5,0.0,9.0,I,node2node86,5,timber
flow_wide_node2node86_t1,0.0,9.0,I,node2node86,1,wide
flow_wide_node2node86_t2,0.0,9.0,I,node2node86,2,wide
flow_wide_node2node86_t3,0.0,9.0,I,node2node86,3,wide
flow_wide_node2node86_t4,0.0,9.0,I,node2node86,4,wide
flow_wide_node2node86_t5,0.0,9.0,I,node2node86,5,wide
flow_timber_node2node89_t1,0.0,9.0,I,node2node89,1,timber
flow_timber_node2node89_t2,0.0,9.0,I,node2node89,2,timber
flow_timber_node2node89_t3,0.0,9.0,I,node2node89,3,timber
flow_timber_node2node89_t4,0.0,9.0,I,node2node89,4,timber
flow_timber_node2node89_t5,0.0,9.0,I,node2node89,5,timber
flow_wide_node2node89_t1,0.0,9.0,I,node2node89,1,wide
flow_wide_node2node89_t2,0.0,9.0,I,node2node89,2,wide
flow_wide_node2node89_t3,0.0,9.0,I,node2node89,3,wide
flow_wide_node2node89_t4,0.0,9.0,I,node2node89,4,wide
flow_wide_node2node89_t5,0.0,9.0,I,node2node89,5,wide
flow_timber_node2node92_t1,0.0,9.0,I,node2node92,1,timber
flow_timber_node2node92_t2,0.0,9.0,I,node2node92,2,timber
flow_timber_node2node92_t3,0.0,9.0,I,node2node92,3,timber
flow_timber_node2node92_t4,0.0,9.0,I,node2node92,4,timber
flow_timber_node2node92_t5,0.0,9.0,I,node2node92,5,timber
flow_wide_node2node92_t1,0.0,9.0,I,node2node92,1,wide
flow_wide_node2node92_t2,0.0,9.0,I,node2node92,2,wide
flow_wide_node2node92_t3,0.0,9.0,I,node2node92,3,wide
flow_wide_node2node92_t4,0.0,9.0,I,node2node92,4,wide
flow_wide_node2node92_t5,0.0,9.0,I,node2node92,5,wide
flow_timber_node53node2_t1,0.0,9.0,I,node53node2,1,timber
flow_timber_node53node2_t2,0.0,9.0,I,node53node2,2,timber
flow_timber_node53node2_t3,0.0,9.0,I,node53node2,3,timber
flow_timber_node53node2_t4,0.0,9.0,I,node53node2,4,timber
flow_timber_node53node2_t5,0.0,9.0,I,node53node2,5,timber
flow_wide_node53node2_t1,0.0,9.0,I,node53node2,1,wide
flow_wide_node53node2_t2,0.0,9.0,I,node53node2,2,wide
flow_wide_node53node2_t3,0.0,9.0,I,node53node2,3,wide
flow_wide_node53node2_t4,0.0,9.0,I,node53node2,4,wide
flow_wide_node53node2_t5,0.0,9.0,I,node53node2,5,wide
flow_timber_node53node31_t1,0.0,9.0,I,node53node31,1,timber
flow_timber_node53node31_t2,0.0,9.0,I,node53node31,2,timber
flow_timber_node53node31_t3,0.0,9.0,I,node53node31,3,timber
flow_timber_node53node31_t4,0.0,9.0,I,node53node31,4,timber
flow_timber_node53node31_t5,0.0,9.0,I,node53node31,5,timber
flow_wide_node53node31_t1,0.0,9.0,I,node53node31,1,wide
flow_wide_node53node31_t2,0.0,9.0,I,node53node31,2,wide
flow_wide_node53node31_t3,0.0,9.0,I,node53node31,3,wide
flow_wide_node53node31_t4,0.0,9.0,I,node53node31,4,wide
flow_wide_node53node31_t5,0.0,9.0,I,node53node31,5,wide
flow_timber_node53node36_t1,0.0,9.0,I,node53node36,1,timber
flow_timber_node53node36_t2,0.0,9.0,I,node53node36,2,timber
flow_timber_node53node36_t3,0.0,9.0,I,node53node36,3,timber
flow_timber_node53node36_t4,0.0,9.0,I,node53node36,4,timber
flow_timber_node53node36_t5,0.0,9.0,I,node53node36,5,timber
flow_wide_node53node36_t1,0.0,9.0,I,node53node36,1,wide
flow_wide_node53node36_t2,0.0,9.0,I,node53node36,2,wide
flow_wide_node53node36_t3,0.0,9.0,I,node53node36,3,wide
flow_wide_node53node36_t4,0.0,9.0,I,node53node36,4,wide
flow_wide_node53node36_t5,0.0,9.0,I,node53node36,5,wide
flow_timber_node53node85_t1,0.0,9.0,I,node53node85,1,timber
flow_timber_node53node85_t2,0.0,9.0,I,node53node85,2,timber
flow_timber_node53node85_t3,0.0,9.0,I,node53node85,3,timber
flow_timber_node53node85_t4,0.0,9.0,I,node53node85,4,timber
flow_timber_node53node85_t5,0.0,9.0,I,node53node85,5,timber
flow_wide_node53node85_t1,0.0,9.0,I,node53node85,1,wide
flow_wide_node53node85_t2,0.0,9.0,I,node53node85,2,wide
flow_wide_node53node85_t3,0.0,9.0,I,node53node85,3,wide
flow_wide_node53node85_t4,0.0,9.0,I,node53node85,4,wide
flow_wide_node53node85_t5,0.0,9.0,I,node53node85,5,wide
flow_timber_node53node86_t1,0.0,9.0,I,node53node86,1,timber
flow_timber_node53node86_t2,0.0,9.0,I,node53node86,2,timber
flow_timber_node53node86_t3,0.0,9.0,I,node53node86,3,timber
flow_timber_node53node86_t4,0.0,9.0,I,node53node86,4,timber
flow_timber_node53node86_t5,0.0,9.0,I,node53node86,5,timber
flow_wide_node53node86_t1,0.0,9.0,I,node53node86,1,wide
flow_wide_node53node86_t2,0.0,9.0,I,node53node86,2,wide
flow_wide_node53node86_t3,0.0,9.0,I,node53node86,3,wide
flow_wide_node53node86_t4,0.0,9.0,I,node53node86,4,wide
flow_wide_node53node86_t5,0.0,9.0,I,node53node86,5,wide
flow_timber_node53node90_t1,0.0,9.0,I,node53node90,1,timber
flow_timber_node53node90_t2,0.0,9.0,I,node53node90,2,timber
flow_timber_node53node90_t3,0.0,9.0,I,node53node90,3,timber
flow_timber_node53node90_t4,0.0,9.0,I,node53node90,4,timber
flow_timber_node53node90_t5,0.0,9.0,I,node53node90,5,timber
flow_wide_node53node90_t1,0.0,9.0,I,node53node90,1,wide
flow_wide_node53node90_t2,0.0,9.0,I,node53node90,2,wide
flow_wide_node53node90_t3,0.0,9.0,I,node53node90,3,wide
flow_wide_node53node90_t4,0.0,9.0,I,node53node90,4,wide
flow_wide_node53node90_t5,0.0,9.0,I,node53node90,5,wide
flow_timber_node38node2_t1,0.0,9.0,I,node38node2,1,timber
flow_timber_node38node2_t2,0.0,9.0,I,node38node2,2,timber
flow_timber_node38node2_t3,0.0,9.0,I,node38node2,3,timber
flow_timber_node38node2_t4,0.0,9.0,I,node38node2,4,timber
flow_timber_node38node2_t5,0.0,9.0,I,node38node2,5,timber
flow_wide_node38node2_t1,0.0,9.0,I,node38node2,1,wide
flow_wide_node38node2_t2,0.0,9.0,I,node38node2,2,wide
flow_wide_node38node2_t3,0.0,9.0,I,node38node2,3,wide
flow_wide_node38node2_t4,0.0,9.0,I,node38node2,4,wide
flow_wide_node38node2_t5,0.0,9.0,I,node38node2,5,wide
flow_timber_node38node9_t1,0.0,9.0,I,node38node9,1,timber
flow_timber_node38node9_t2,0.0,9.0,I,node38node9,2,timber
flow_timber_node38node9_t3,0.0,9.0,I,node38node9,3,timber
flow_timber_node38node9_t4,0.0,9.0,I,node38node9,4,timber
flow_timber_node38node9_t5,0.0,9.0,I,node38node9,5,timber
flow_wide_node38node9_t1,0.0,9.0,I,node38node9,1,wide
flow_wide_node38node9_t2,0.0,9.0,I,node38node9,2,wide
flow_wide_node38node9_t3,0.0,9.0,I,node38node9,3,wide
flow_wide_node38node9_t4,0.0,9.0,I,node38node9,4,wide
flow_wide_node38node9_t5,0.0,9.0,I,node38node9,5,wide
flow_timber_node38node21_t1,0.0,9.0,I,node38node21,1,timber
flow_timber_node38node21_t2,0.0,9.0,I,node38node21,2,timber
flow_timber_node38node21_t3,0.0,9.0,I,node38node21,3,timber
flow_timber_node38node21_t4,0.0,9.0,I,node38node21,4,timber
flow_timber_node38node21_t5,0.0,9.0,I,node38node21,5,timber
flow_wide_node38node21_t1,0.0,9.0,I,node38node21,1,wide
flow_wide_node38node21_t2,0.0,9.0,I,node38node21,2,wide
flow_wide_node38node21_t3,0.0,9.0,I,node38node21,3,wide
flow_wide_node38node21_t4,0.0,9.0,I,node38node21,4,wide
flow_wide_node38node21_t5,0.0,9.0,I,node38node21,5,wide
flow_timber_node38node89_t1,0.0,9.0,I,node38node89,1,timber
flow_timber_node38node89_t2,0.0,9.0,I,node38node89,2,timber
flow_timber_node38node89_t3,0.0,9.0,I,node38node89,3,timber
flow_timber_node38node89_t4,0.0,9.0,I,node38node89,4,timber
flow_timber_node38node89_t5,0.0,9.0,I,node38node89,5,timber
flow_wide_node38node89_t1,0.0,9.0,I,node38node89,1,wide
flow_wide_node38node89_t2,0.0,9.0,I,node38node89,2,wide
flow_wide_node38node89_t3,0.0,9.0,I,node38node89,3,wide
flow_wide_node38node89_t4,0.0,9.0,I,node38node89,4,wide
flow_wide_node38node89_t5,0.0,9.0,I,node38node89,5,wide
flow_timber_node38node92_t1,0.0,9.0,I,node38node92,1,timber
flow_timber_node38node92_t2,0.0,9.0,I,node38node92,2,timber
flow_timber_node38node92_t3,0.0,9.0,I,node38node92,3,timber
flow_timber_node38node92_t4,0.0,9.0,I,node38node92,4,timber
flow_timber_node38node92_t5,0.0,9.0,I,node38node92,5,timber
flow_wide_node38node92_t1,0.0,9.0,I,node38node92,1,wide
flow_wide_node38node92_t2,0.0,9.0,I,node38node92,2,wide
flow_wide_node38node92_t3,0.0,9.0,I,node38node92,3,wide
flow_wide_node38node92_t4,0.0,9.0,I,node38node92,4,wide
flow_wide_node38node92_t5,0.0,9.0,I,node38node92,5,wide
flow_timber_node38node95_t1,0.0,9.0,I,node38node95,1,timber
flow_timber_node38node95_t2,0.0,9.0,I,node38node95,2,timber
flow_timber_node38node95_t3,0.0,9.0,I,node38node95,3,timber
flow_timber_node38node95_t4,0.0,9.0,I,node38node95,4,timber
flow_timber_node38node95_t5,0.0,9.0,I,node38node95,5,timber
flow_wide_node38node95_t1,0.0,9.0,I,node38node95,1,wide
flow_wide_node38node95_t2,0.0,9.0,I,node38node95,2,wide
flow_wide_node38node95_t3,0.0,9.0,I,node38node95,3,wide
flow_wide_node38node95_t4,0.0,9.0,I,node38node95,4,wide
flow_wide_node38node95_t5,0.0,9.0,I,node38node95,5,wide
flow_timber_node3node2_t1,0.0,9.0,I,node3node2,1,timber
flow_timber_node3node2_t2,0.0,9.0,I,node3node2,2,timber
flow_timber_node3node2_t3,0.0,9.0,I,node3node2,3,timber
flow_timber_node3node2_t4,0.0,9.0,I,node3node2,4,timber
flow_timber_node3node2_t5,0.0,9.0,I,node3node2,5,timber
flow_wide_node3node2_t1,0.0,9.0,I,node3node2,1,wide
flow_wide_node3node2_t2,0.0,9.0,I,node3node2,2,wide
flow_wide_node3node2_t3,0.0,9.0,I,node3node2,3,wide
flow_wide_node3node2_t4,0.0,9.0,I,node3node2,4,wide
flow_wide_node3node2_t5,0.0,9.0,I,node3node2,5,wide
flow_timber_node3node36_t1,0.0,9.0,I,node3node36,1,timber
flow_timber_node3node36_t2,0.0,9.0,I,node3node36,2,timber
flow_timber_node3node36_t3,0.0,9.0,I,node3node36,3,timber
flow_timber_node3node36_t4,0.0,9.0,I,node3node36,4,timber
flow_timber_node3node36_t5,0.0,9.0,I,node3node36,5,timber
flow_wide_node3node36_t1,0.0,9.0,I,node3node36,1,wide
flow_wide_node3node36_t2,0.0,9.0,I,node3node36,2,wide
flow_wide_node3node36_t3,0.0,9.0,I,node3node36,3,wide
flow_wide_node3node36_t4,0.0,9.0,I,node3node36,4,wide
flow_wide_node3node36_t5,0.0,9.0,I,node3node36,5,wide
flow_timber_node3node9_t1,0.0,9.0,I,node3node9,1,timber
flow_timber_node3node9_t2,0.0,9.0,I,node3node9,2,timber
flow_timber_node3node9_t3,0.0,9.0,I,node3node9,3,timber
flow_timber_node3node9_t4,0.0,9.0,I,node3node9,4,timber
flow_timber_node3node9_t5,0.0,9.0,I,node3node9,5,timber
flow_wide_node3node9_t1,0.0,9.0,I,node3node9,1,wide
flow_wide_node3node9_t2,0.0,9.0,I,node3node9,2,wide
flow_wide_node3node9_t3,0.0,9.0,I,node3node9,3,wide
flow_wide_node3node9_t4,0.0,9.0,I,node3node9,4,wide
flow_wide_node3node9_t5,0.0,9.0,I,node3node9,5,wide
flow_timber_node3node86_t1,0.0,9.0,I,node3node86,1,timber
flow_timber_node3node86_t2,0.0,9.0,I,node3node86,2,timber
flow_timber_node3node86_t3,0.0,9.0,I,node3node86,3,timber
flow_timber_node3node86_t4,0.0,9.0,I,node3node86,4,timber
flow_timber_node3node86_t5,0.0,9.0,I,node3node86,5,timber
flow_wide_node3node86_t1,0.0,9.0,I,node3node86,1,wide
flow_wide_node3node86_t2,0.0,9.0,I,node3node86,2,wide
flow_wide_node3node86_t3,0.0,9.0,I,node3node86,3,wide
flow_wide_node3node86_t4,0.0,9.0,I,node3node86,4,wide
flow_wide_node3node86_t5,0.0,9.0,I,node3node86,5,wide
flow_timber_node3node90_t1,0.0,9.0,I,node3node90,1,timber
flow_timber_node3node90_t2,0.0,9.0,I,node3node90,2,timber
flow_timber_node3node90_t3,0.0,9.0,I,node3node90,3,timber
flow_timber_node3node90_t4,0.0,9.0,I,node3node90,4,timber
flow_timber_node3node90_t5,0.0,9.0,I,node3node90,5,timber
flow_wide_node3node90_t1,0.0,9.0,I,node3node90,1,wide
flow_wide_node3node90_t2,0.0,9.0,I,node3node90,2,wide
flow_wide_node3node90_t3,0.0,9.0,I,node3node90,3,wide
flow_wide_node3node90_t4,0.0,9.0,I,node3node90,4,wide
flow_wide_node3node90_t5,0.0,9.0,I,node3node90,5,wide
flow_timber_node3node92_t1,0.0,9.0,I,node3node92,1,timber
flow_timber_node3node92_t2,0.0,9.0,I,node3node92,2,timber
flow_timber_node3node92_t3,0.0,9.0,I,node3node92,3,timber
flow_timber_node3node92_t4,0.0,9.0,I,node3node92,4,timber
flow_timber_node3node92_t5,0.0,9.0,I,node3node92,5,timber
flow_wide_node3node92_t1,0.0,9.0,I,node3node92,1,wide
flow_wide_node3node92_t2,0.0,9.0,I,node3node92,2,wide
flow_wide_node3node92_t3,0.0,9.0,I,node3node92,3,wide
flow_wide_node3node92_t4,0.0,9.0,I,node3node92,4,wide
flow_wide_node3node92_t5,0.0,9.0,I,node3node92,5,wide
flow_timber_node13node2_t1,0.0,9.0,I,node13node2,1,timber
flow_timber_node13node2_t2,0.0,9.0,I,node13node2,2,timber
flow_timber_node13node2_t3,0.0,9.0,I,node13node2,3,timber
flow_timber_node13node2_t4,0.0,9.0,I,node13node2,4,timber
flow_timber_node13node2_t5,0.0,9.0,I,node13node2,5,timber
flow_wide_node13node2_t1,0.0,9.0,I,node13node2,1,wide
flow_wide_node13node2_t2,0.0,9.0,I,node13node2,2,wide
flow_wide_node13node2_t3,0.0,9.0,I,node13node2,3,wide
flow_wide_node13node2_t4,0.0,9.0,I,node13node2,4,wide
flow_wide_node13node2_t5,0.0,9.0,I,node13node2,5,wide
flow_timber_node13node47_t1,0.0,9.0,I,node13node47,1,timber
flow_timber_node13node47_t2,0.0,9.0,I,node13node47,2,timber
flow_timber_node13node47_t3,0.0,9.0,I,node13node47,3,timber
flow_timber_node13node47_t4,0.0,9.0,I,node13node47,4,timber
flow_timber_node13node47_t5,0.0,9.0,I,node13node47,5,timber
flow_wide_node13node47_t1,0.0,9.0,I,node13node47,1,wide
flow_wide_node13node47_t2,0.0,9.0,I,node13node47,2,wide
flow_wide_node13node47_t3,0.0,9.0,I,node13node47,3,wide
flow_wide_node13node47_t4,0.0,9.0,I,node13node47,4,wide
flow_wide_node13node47_t5,0.0,9.0,I,node13node47,5,wide
flow_timber_node13node31_t1,0.0,9.0,I,node13node31,1,timber
flow_timber_node13node31_t2,0.0,9.0,I,node13node31,2,timber
flow_timber_node13node31_t3,0.0,9.0,I,node13node31,3,timber
flow_timber_node13node31_t4,0.0,9.0,I,node13node31,4,timber
flow_timber_node13node31_t5,0.0,9.0,I,node13node31,5,timber
flow_wide_node13node31_t1,0.0,9.0,I,node13node31,1,wide
flow_wide_node13node31_t2,0.0,9.0,I,node13node31,2,wide
flow_wide_node13node31_t3,0.0,9.0,I,node13node31,3,wide
flow_wide_node13node31_t4,0.0,9.0,I,node13node31,4,wide
flow_wide_node13node31_t5,0.0,9.0,I,node13node31,5,wide
flow_timber_node13node84_t1,0.0,9.0,I,node13node84,1,timber
flow_timber_node13node84_t2,0.0,9.0,I,node13node84,2,timber
flow_timber_node13node84_t3,0.0,9.0,I,node13node84,3,timber
flow_timber_node13node84_t4,0.0,9.0,I,node13node84,4,timber
flow_timber_node13node84_t5,0.0,9.0,I,node13node84,5,timber
flow_wide_node13node84_t1,0.0,9.0,I,node13node84,1,wide
flow_wide_node13node84_t2,0.0,9.0,I,node13node84,2,wide
flow_wide_node13node84_t3,0.0,9.0,I,node13node84,3,wide
flow_wide_node13node84_t4,0.0,9.0,I,node13node84,4,wide
flow_wide_node13node84_t5,0.0,9.0,I,node13node84,5,wide
flow_timber_node13node85_t1,0.0,9.0,I,node13node85,1,timber
flow_timber_node13node85_t2,0.0,9.0,I,node13node85,2,timber
flow_timber_node13node85_t3,0.0,9.0,I,node13node85,3,timber
flow_timber_node13node85_t4,0.0,9.0,I,node13node85,4,timber
flow_timber_node13node85_t5,0.0,9.0,I,node13node85,5,timber
flow_wide_node13node85_t1,0.0,9.0,I,node13node85,1,wide
flow_wide_node13node85_t2,0.0,9.0,I,node13node85,2,wide
flow_wide_node13node85_t3,0.0,9.0,I,node13node85,3,wide
flow_wide_node13node85_t4,0.0,9.0,I,node13node85,4,wide
flow_wide_node13node85_t5,0.0,9.0,I,node13node85,5,wide
flow_timber_node13node89_t1,0.0,9.0,I,node13node89,1,timber
flow_timber_node13node89_t2,0.0,9.0,I,node13node89,2,timber
flow_timber_node13node89_t3,0.0,9.0,I,node13node89,3,timber
flow_timber_node13node89_t4,0.0,9.0,I,node13node89,4,timber
flow_timber_node13node89_t5,0.0,9.0,I,node13node89,5,timber
flow_wide_node13node89_t1,0.0,9.0,I,node13node89,1,wide
flow_wide_node13node89_t2,0.0,9.0,I,node13node89,2,wide
flow_wide_node13node89_t3,0.0,9.0,I,node13node89,3,wide
flow_wide_node13node89_t4,0.0,9.0,I,node13node89,4,wide
flow_wide_node13node89_t5,0.0,9.0,I,node13node89,5,wide
flow_timber_node85node2_t1,0.0,9.0,I,node85node2,1,timber
flow_timber_node85node2_t2,0.0,9.0,I,node85node2,2,timber
flow_timber_node85node2_t3,0.0,9.0,I,node85node2,3,timber
flow_timber_node85node2_t4,0.0,9.0,I,node85node2,4,timber
flow_timber_node85node2_t5,0.0,9.0,I,node85node2,5,timber
flow_wide_node85node2_t1,0.0,9.0,I,node85node2,1,wide
flow_wide_node85node2_t2,0.0,9.0,I,node85node2,2,wide
flow_wide_node85node2_t3,0.0,9.0,I,node85node2,3,wide
flow_wide_node85node2_t4,0.0,9.0,I,node85node2,4,wide
flow_wide_node85node2_t5,0.0,9.0,I,node85node2,5,wide
flow_timber_node85node13_t1,0.0,9.0,I,node85node13,1,timber
flow_timber_node85node13_t2,0.0,9.0,I,node85node13,2,timber
flow_timber_node85node13_t3,0.0,9.0,I,node85node13,3,timber
flow_timber_node85node13_t4,0.0,9.0,I,node85node13,4,timber
flow_timber_node85node13_t5,0.0,9.0,I,node85node13,5,timber
flow_wide_node85node13_t1,0.0,9.0,I,node85node13,1,wide
flow_wide_node85node13_t2,0.0,9.0,I,node85node13,2,wide
flow_wide_node85node13_t3,0.0,9.0,I,node85node13,3,wide
flow_wide_node85node13_t4,0.0,9.0,I,node85node13,4,wide
flow_wide_node85node13_t5,0.0,9.0,I,node85node13,5,wide
flow_timber_node85node31_t1,0.0,9.0,I,node85node31,1,timber
flow_timber_node85node31_t2,0.0,9.0,I,node85node31,2,timber
flow_timber_node85node31_t3,0.0,9.0,I,node85node31,3,timber
flow_timber_node85node31_t4,0.0,9.0,I,node85node31,4,timber
flow_timber_node85node31_t5,0.0,9.0,I,node85node31,5,timber
flow_wide_node85node31_t1,0.0,9.0,I,node85node31,1,wide
flow_wide_node85node31_t2,0.0,9.0,I,node85node31,2,wide
flow_wide_node85node31_t3,0.0,9.0,I,node85node31,3,wide
flow_wide_node85node31_t4,0.0,9.0,I,node85node31,4,wide
flow_wide_node85node31_t5,0.0,9.0,I,node85node31,5,wide
flow_timber_node85node53_t1,0.0,9.0,I,node85node53,1,timber
flow_timber_node85node53_t2,0.0,9.0,I,node85node53,2,timber
flow_timber_node85node53_t3,0.0,9.0,I,node85node53,3,timber
flow_timber_node85node53_t4,0.0,9.0,I,node85node53,4,timber
flow_timber_node85node53_t5,0.0,9.0,I,node85node53,5,timber
flow_wide_node85node53_t1,0.0,9.0,I,node85node53,1,wide
flow_wide_node85node53_t2,0.0,9.0,I,node85node53,2,wide
flow_wide_node85node53_t3,0.0,9.0,I,node85node53,3,wide
flow_wide_node85node53_t4,0.0,9.0,I,node85node53,4,wide
flow_wide_node85node53_t5,0.0,9.0,I,node85node53,5,wide
flow_timber_node86node2_t1,0.0,9.0,I,node86node2,1,timber
flow_timber_node86node2_t2,0.0,9.0,I,node86node2,2,timber
flow_timber_node86node2_t3,0.0,9.0,I,node86node2,3,timber
flow_timber_node86node2_t4,0.0,9.0,I,node86node2,4,timber
flow_timber_node86node2_t5,0.0,9.0,I,node86node2,5,timber
flow_wide_node86node2_t1,0.0,9.0,I,node86node2,1,wide
flow_wide_node86node2_t2,0.0,9.0,I,node86node2,2,wide
flow_wide_node86node2_t3,0.0,9.0,I,node86node2,3,wide
flow_wide_node86node2_t4,0.0,9.0,I,node86node2,4,wide
flow_wide_node86node2_t5,0.0,9.0,I,node86node2,5,wide
flow_timber_node86node3_t1,0.0,9.0,I,node86node3,1,timber
flow_timber_node86node3_t2,0.0,9.0,I,node86node3,2,timber
flow_timber_node86node3_t3,0.0,9.0,I,node86node3,3,timber
flow_timber_node86node3_t4,0.0,9.0,I,node86node3,4,timber
flow_timber_node86node3_t5,0.0,9.0,I,node86node3,5,timber
flow_wide_node86node3_t1,0.0,9.0,I,node86node3,1,wide
flow_wide_node86node3_t2,0.0,9.0,I,node86node3,2,wide
flow_wide_node86node3_t3,0.0,9.0,I,node86node3,3,wide
flow_wide_node86node3_t4,0.0,9.0,I,node86node3,4,wide
flow_wide_node86node3_t5,0.0,9.0,I,node86node3,5,wide
flow_timber_node86node36_t1,0.0,9.0,I,node86node36,1,timber
flow_timber_node86node36_t2,0.0,9.0,I,node86node36,2,timber
flow_timber_node86node36_t3,0.0,9.0,I,node86node36,3,timber
flow_timber_node86node36_t4,0.0,9.0,I,node86node36,4,timber
flow_timber_node86node36_t5,0.0,9.0,I,node86node36,5,timber
flow_wide_node86node36_t1,0.0,9.0,I,node86node36,1,wide
flow_wide_node86node36_t2,0.0,9.0,I,node86node36,2,wide
flow_wide_node86node36_t3,0.0,9.0,I,node86node36,3,wide
flow_wide_node86node36_t4,0.0,9.0,I,node86node36,4,wide
flow_wide_node86node36_t5,0.0,9.0,I,node86node36,5,wide
flow_timber_node86node53_t1,0.0,9.0,I,node86node53,1,timber
flow_timber_node86node53_t2,0.0,9.0,I,node86node53,2,timber
flow_timber_node86node53_t3,0.0,9.0,I,node86node53,3,timber
flow_timber_node86node53_t4,0.0,9.0,I,node86node53,4,timber
flow_timber_node86node53_t5,0.0,9.0,I,node86node53,5,timber
flow_wide_node86node53_t1,0.0,9.0,I,node86node53,1,wide
flow_wide_node86node53_t2,0.0,9.0,I,node86node53,2,wide
flow_wide_node86node53_t3,0.0,9.0,I,node86node53,3,wide
flow_wide_node86node53_t4,0.0,9.0,I,node86node53,4,wide
flow_wide_node86node53_t5,0.0,9.0,I,node86node53,5,wide
flow_timber_node89node2_t1,0.0,9.0,I,node89node2,1,timber
flow_timber_node89node2_t2,0.0,9.0,I,node89node2,2,timber
flow_timber_node89node2_t3,0.0,9.0,I,node89node2,3,timber
flow_timber_node89node2_t4,0.0,9.0,I,node89node2,4,timber
flow_timber_node89node2_t5,0.0,9.0,I,node89node2,5,timber
flow_wide_node89node2_t1,0.0,9.0,I,node89node2,1,wide
flow_wide_node89node2_t2,0.0,9.0,I,node89node2,2,wide
flow_wide_node89node2_t3,0.0,9.0,I,node89node2,3,wide
flow_wide_node89node2_t4,0.0,9.0,I,node89node2,4,wide
flow_wide_node89node2_t5,0.0,9.0,I,node89node2,5,wide
flow_timber_node89node12_t1,0.0,9.0,I,node89node12,1,timber
flow_timber_node89node12_t2,0.0,9.0,I,node89node12,2,timber
flow_timber_node89node12_t3,0.0,9.0,I,node89node12,3,timber
flow_timber_node89node12_t4,0.0,9.0,I,node89node12,4,timber
flow_timber_node89node12_t5,0.0,9.0,I,node89node12,5,timber
flow_wide_node89node12_t1,0.0,9.0,I,node89node12,1,wide
flow_wide_node89node12_t2,0.0,9.0,I,node89node12,2,wide
flow_wide_node89node12_t3,0.0,9.0,I,node89node12,3,wide
flow_wide_node89node12_t4,0.0,9.0,I,node89node12,4,wide
flow_wide_node89node12_t5,0.0,9.0,I,node89node12,5,wide
flow_timber_node89node13_t1,0.0,9.0,I,node89node13,1,timber
flow_timber_node89node13_t2,0.0,9.0,I,node89node13,2,timber
flow_timber_node89node13_t3,0.0,9.0,I,node89node13,3,timber
flow_timber_node89node13_t4,0.0,9.0,I,node89node13,4,timber
flow_timber_node89node13_t5,0.0,9.0,I,node89node13,5,timber
flow_wide_node89node13_t1,0.0,9.0,I,node89node13,1,wide
flow_wide_node89node13_t2,0.0,9.0,I,node89node13,2,wide
flow_wide_node89node13_t3,0.0,9.0,I,node89node13,3,wide
flow_wide_node89node13_t4,0.0,9.0,I,node89node13,4,wide
flow_wide_node89node13_t5,0.0,9.0,I,node89node13,5,wide
flow_timber_node89node21_t1,0.0,9.0,I,node89node21,1,timber
flow_timber_node89node21_t2,0.0,9.0,I,node89node21,2,timber
flow_timber_node89node21_t3,0.0,9.0,I,node89node21,3,timber
flow_timber_node89node21_t4,0.0,9.0,I,node89node21,4,timber
flow_timber_node89node21_t5,0.0,9.0,I,node89node21,5,timber
flow_wide_node89node21_t1,0.0,9.0,I,node89node21,1,wide
flow_wide_node89node21_t2,0.0,9.0,I,node89node21,2,wide
flow_wide_node89node21_t3,0.0,9.0,I,node89node21,3,wide
flow_wide_node89node21_t4,0.0,9.0,I,node89node21,4,wide
flow_wide_node89node21_t5,0.0,9.0,I,node89node21,5,wide
flow_timber_node89node26_t1,0.0,9.0,I,node89node26,1,timber
flow_timber_node89node26_t2,0.0,9.0,I,node89node26,2,timber
flow_timber_node89node26_t3,0.0,9.0,I,node89node26,3,timber
flow_timber_node89node26_t4,0.0,9.0,I,node89node26,4,timber
flow_timber_node89node26_t5,0.0,9.0,I,node89node26,5,timber
flow_wide_node89node26_t1,0.0,9.0,I,node89node26,1,wide
flow_wide_node89node26_t2,0.0,9.0,I,node89node26,2,wide
flow_wide_node89node26_t3,0.0,9.0,I,node89node26,3,wide
flow_wide_node89node26_t4,0.0,9.0,I,node89node26,4,wide
flow_wide_node89node26_t5,0.0,9.0,I,node89node26,5,wide
flow_timber_node89node38_t1,0.0,9.0,I,node89node38,1,timber
flow_timber_node89node38_t2,0.0,9.0,I,node89node38,2,timber
flow_timber_node89node38_t3,0.0,9.0,I,node89node38,3,timber
flow_timber_node89node38_t4,0.0,9.0,I,node89node38,4,timber
flow_timber_node89node38_t5,0.0,9.0,I,node89node38,5,timber
flow_wide_node89node38_t1,0.0,9.0,I,node89node38,1,wide
flow_wide_node89node38_t2,0.0,9.0,I,node89node38,2,wide
flow_wide_node89node38_t3,0.0,9.0,I,node89node38,3,wide
flow_wide_node89node38_t4,0.0,9.0,I,node89node38,4,wide
flow_wide_node89node38_t5,0.0,9.0,I,node89node38,5,wide
flow_timber_node89node47_t1,0.0,9.0,I,node89node47,1,timber
flow_timber_node89node47_t2,0.0,9.0,I,node89node47,2,timber
flow_timber_node89node47_t3,0.0,9.0,I,node89node47,3,timber
flow_timber_node89node47_t4,0.0,9.0,I,node89node47,4,timber
flow_timber_node89node47_t5,0.0,9.0,I,node89node47,5,timber
flow_wide_node89node47_t1,0.0,9.0,I,node89node47,1,wide
flow_wide_node89node47_t2,0.0,9.0,I,node89node47,2,wide
flow_wide_node89node47_t3,0.0,9.0,I,node89node47,3,wide
flow_wide_node89node47_t4,0.0,9.0,I,node89node47,4,wide
flow_wide_node89node47_t5,0.0,9.0,I,node89node47,5,wide
flow_timber_node92node2_t1,0.0,9.0,I,node92node2,1,timber
flow_timber_node92node2_t2,0.0,9.0,I,node92node2,2,timber
flow_timber_node92node2_t3,0.0,9.0,I,node92node2,3,timber
flow_timber_node92node2_t4,0.0,9.0,I,node92node2,4,timber
flow_timber_node92node2_t5,0.0,9.0,I,node92node2,5,timber
flow_wide_node92node2_t1,0.0,9.0,I,node92node2,1,wide
flow_wide_node92node2_t2,0.0,9.0,I,node92node2,2,wide
flow_wide_node92node2_t3,0.0,9.0,I,node92node2,3,wide
flow_wide_node92node2_t4,0.0,9.0,I,node92node2,4,wide
flow_wide_node92node2_t5,0.0,9.0,I,node92node2,5,wide
flow_timber_node92node3_t1,0.0,9.0,I,node92node3,1,timber
flow_timber_node92node3_t2,0.0,9.0,I,node92node3,2,timber
flow_timber_node92node3_t3,0.0,9.0,I,node92node3,3,timber
flow_timber_node92node3_t4,0.0,9.0,I,node92node3,4,timber
flow_timber_node92node3_t5,0.0,9.0,I,node92node3,5,timber
flow_wide_node92node3_t1,0.0,9.0,I,node92node3,1,wide
flow_wide_node92node3_t2,0.0,9.0,I,node92node3,2,wide
flow_wide_node92node3_t3,0.0,9.0,I,node92node3,3,wide
flow_wide_node92node3_t4,0.0,9.0,I,node92node3,4,wide
flow_wide_node92node3_t5,0.0,9.0,I,node92node3,5,wide
flow_timber_node92node9_t1,0.0,9.0,I,node92node9,1,timber
flow_timber_node92node9_t2,0.0,9.0,I,node92node9,2,timber
flow_timber_node92node9_t3,0.0,9.0,I,node92node9,3,timber
flow_timber_node92node9_t4,0.0,9.0,I,node92node9,4,timber
flow_timber_node92node9_t5,0.0,9.0,I,node92node9,5,timber
flow_wide_node92node9_t1,0.0,9.0,I,node92node9,1,wide
flow_wide_node92node9_t2,0.0,9.0,I,node92node9,2,wide
flow_wide_node92node9_t3,0.0,9.0,I,node92node9,3,wide
flow_wide_node92node9_t4,0.0,9.0,I,node92node9,4,wide
flow_wide_node92node9_t5,0.0,9.0,I,node92node9,5,wide
flow_timber_node92node38_t1,0.0,9.0,I,node92node38,1,timber
flow_timber_node92node38_t2,0.0,9.0,I,node92node38,2,timber
flow_timber_node92node38_t3,0.0,9.0,I,node92node38,3,timber
flow_timber_node92node38_t4,0.0,9.0,I,node92node38,4,timber
flow_timber_node92node38_t5,0.0,9.0,I,node92node38,5,timber
flow_wide_node92node38_t1,0.0,9.0,I,node92node38,1,wide
flow_wide_node92node38_t2,0.0,9.0,I,node92node38,2,wide
flow_wide_node92node38_t3,0.0,9.0,I,node92node38,3,wide
flow_wide_node92node38_t4,0.0,9.0,I,node92node38,4,wide
flow_wide_node92node38_t5,0.0,9.0,I,node92node38,5,wide
flow_timber_node36node3_t1,0.0,9.0,I,node36node3,1,timber
flow_timber_node36node3_t2,0.0,9.0,I,node36node3,2,timber
flow_timber_node36node3_t3,0.0,9.0,I,node36node3,3,timber
flow_timber_node36node3_t4,0.0,9.0,I,node36node3,4,timber
flow_timber_node36node3_t5,0.0,9.0,I,node36node3,5,timber
flow_wide_node36node3_t1,0.0,9.0,I,node36node3,1,wide
flow_wide_node36node3_t2,0.0,9.0,I,node36node3,2,wide
flow_wide_node36node3_t3,0.0,9.0,I,node36node3,3,wide
flow_wide_node36node3_t4,0.0,9.0,I,node36node3,4,wide
flow_wide_node36node3_t5,0.0,9.0,I,node36node3,5,wide
flow_timber_node36node53_t1,0.0,9.0,I,node36node53,1,timber
flow_timber_node36node53_t2,0.0,9.0,I,node36node53,2,timber
flow_timber_node36node53_t3,0.0,9.0,I,node36node53,3,timber
flow_timber_node36node53_t4,0.0,9.0,I,node36node53,4,timber
flow_timber_node36node53_t5,0.0,9.0,I,node36node53,5,timber
flow_wide_node36node53_t1,0.0,9.0,I,node36node53,1,wide
flow_wide_node36node53_t2,0.0,9.0,I,node36node53,2,wide
flow_wide_node36node53_t3,0.0,9.0,I,node36node53,3,wide
flow_wide_node36node53_t4,0.0,9.0,I,node36node53,4,wide
flow_wide_node36node53_t5,0.0,9.0,I,node36node53,5,wide
flow_timber_node36node86_t1,0.0,9.0,I,node36node86,1,timber
flow_timber_node36node86_t2,0.0,9.0,I,node36node86,2,timber
flow_timber_node36node86_t3,0.0,9.0,I,node36node86,3,timber
flow_timber_node36node86_t4,0.0,9.0,I,node36node86,4,timber
flow_timber_node36node86_t5,0.0,9.0,I,node36node86,5,timber
flow_wide_node36node86_t1,0.0,9.0,I,node36node86,1,wide
flow_wide_node36node86_t2,0.0,9.0,I,node36node86,2,wide
flow_wide_node36node86_t3,0.0,9.0,I,node36node86,3,wide
flow_wide_node36node86_t4,0.0,9.0,I,node36node86,4,wide
flow_wide_node36node86_t5,0.0,9.0,I,node36node86,5,wide
flow_timber_node36node90_t1,0.0,9.0,I,node36node90,1,timber
flow_timber_node36node90_t2,0.0,9.0,I,node36node90,2,timber
flow_timber_node36node90_t3,0.0,9.0,I,node36node90,3,timber
flow_timber_node36node90_t4,0.0,9.0,I,node36node90,4,timber
flow_timber_node36node90_t5,0.0,9.0,I,node36node90,5,timber
flow_wide_node36node90_t1,0.0,9.0,I,node36node90,1,wide
flow_wide_node36node90_t2,0.0,9.0,I,node36node90,2,wide
flow_wide_node36node90_t3,0.0,9.0,I,node36node90,3,wide
flow_wide_node36node90_t4,0.0,9.0,I,node36node90,4,wide
flow_wide_node36node90_t5,0.0,9.0,I,node36node90,5,wide
flow_timber_node9node3_t1,0.0,9.0,I,node9node3,1,timber
flow_timber_node9node3_t2,0.0,9.0,I,node9node3,2,timber
flow_timber_node9node3_t3,0.0,9.0,I,node9node3,3,timber
flow_timber_node9node3_t4,0.0,9.0,I,node9node3,4,timber
flow_timber_node9node3_t5,0.0,9.0,I,node9node3,5,timber
flow_wide_node9node3_t1,0.0,9.0,I,node9node3,1,wide
flow_wide_node9node3_t2,0.0,9.0,I,node9node3,2,wide
flow_wide_node9node3_t3,0.0,9.0,I,node9node3,3,wide
flow_wide_node9node3_t4,0.0,9.0,I,node9node3,4,wide
flow_wide_node9node3_t5,0.0,9.0,I,node9node3,5,wide
flow_timber_node9node38_t1,0.0,9.0,I,node9node38,1,timber
flow_timber_node9node38_t2,0.0,9.0,I,node9node38,2,timber
flow_timber_node9node38_t3,0.0,9.0,I,node9node38,3,timber
flow_timber_node9node38_t4,0.0,9.0,I,node9node38,4,timber
flow_timber_node9node38_t5,0.0,9.0,I,node9node38,5,timber
flow_wide_node9node38_t1,0.0,9.0,I,node9node38,1,wide
flow_wide_node9node38_t2,0.0,9.0,I,node9node38,2,wide
flow_wide_node9node38_t3,0.0,9.0,I,node9node38,3,wide
flow_wide_node9node38_t4,0.0,9.0,I,node9node38,4,wide
flow_wide_node9node38_t5,0.0,9.0,I,node9node38,5,wide
flow_timber_node9node27_t1,0.0,9.0,I,node9node27,1,timber
flow_timber_node9node27_t2,0.0,9.0,I,node9node27,2,timber
flow_timber_node9node27_t3,0.0,9.0,I,node9node27,3,timber
flow_timber_node9node27_t4,0.0,9.0,I,node9node27,4,timber
flow_timber_node9node27_t5,0.0,9.0,I,node9node27,5,timber
flow_wide_node9node27_t1,0.0,9.0,I,node9node27,1,wide
flow_wide_node9node27_t2,0.0,9.0,I,node9node27,2,wide
flow_wide_node9node27_t3,0.0,9.0,I,node9node27,3,wide
flow_wide_node9node27_t4,0.0,9.0,I,node9node27,4,wide
flow_wide_node9node27_t5,0.0,9.0,I,node9node27,5,wide
flow_timber_node9node90_t1,0.0,9.0,I,node9node90,1,timber
flow_timber_node9node90_t2,0.0,9.0,I,node9node90,2,timber
flow_timber_node9node90_t3,0.0,9.0,I,node9node90,3,timber
flow_timber_node9node90_t4,0.0,9.0,I,node9node90,4,timber
flow_timber_node9node90_t5,0.0,9.0,I,node9node90,5,timber
flow_wide_node9node90_t1,0.0,9.0,I,node9node90,1,wide
flow_wide_node9node90_t2,0.0,9.0,I,node9node90,2,wide
flow_wide_node9node90_t3,0.0,9.0,I,node9node90,3,wide
flow_wide_node9node90_t4,0.0,9.0,I,node9node90,4,wide
flow_wide_node9node90_t5,0.0,9.0,I,node9node90,5,wide
flow_timber_node9node92_t1,0.0,9.0,I,node9node92,1,timber
flow_timber_node9node92_t2,0.0,9.0,I,node9node92,2,timber
flow_timber_node9node92_t3,0.0,9.0,I,node9node92,3,timber
flow_timber_node9node92_t4,0.0,9.0,I,node9node92,4,timber
flow_timber_node9node92_t5,0.0,9.0,I,node9node92,5,timber
flow_wide_node9node92_t1,0.0,9.0,I,node9node92,1,wide
flow_wide_node9node92_t2,0.0,9.0,I,node9node92,2,wide
flow_wide_node9node92_t3,0.0,9.0,I,node9node92,3,wide
flow_wide_node9node92_t4,0.0,9.0,I,node9node92,4,wide
flow_wide_node9node92_t5,0.0,9.0,I,node9node92,5,wide
flow_timber_node9node95_t1,0.0,9.0,I,node9node95,1,timber
flow_timber_node9node95_t2,0.0,9.0,I,node9node95,2,timber
flow_timber_node9node95_t3,0.0,9.0,I,node9node95,3,timber
flow_timber_node9node95_t4,0.0,9.0,I,node9node95,4,timber
flow_timber_node9node95_t5,0.0,9.0,I,node9node95,5,timber
flow_wide_node9node95_t1,0.0,9.0,I,node9node95,1,wide
flow_wide_node9node95_t2,0.0,9.0,I,node9node95,2,wide
flow_wide_node9node95_t3,0.0,9.0,I,node9node95,3,wide
flow_wide_node9node95_t4,0.0,9.0,I,node9node95,4,wide
flow_wide_node9node95_t5,0.0,9.0,I,node9node95,5,wide
flow_timber_node90node3_t1,0.0,9.0,I,node90node3,1,timber
flow_timber_node90node3_t2,0.0,9.0,I,node90node3,2,timber
flow_timber_node90node3_t3,0.0,9.0,I,node90node3,3,timber
flow_timber_node90node3_t4,0.0,9.0,I,node90node3,4,timber
flow_timber_node90node3_t5,0.0,9.0,I,node90node3,5,timber
flow_wide_node90node3_t1,0.0,9.0,I,node90node3,1,wide
flow_wide_node90node3_t2,0.0,9.0,I,node90node3,2,wide
flow_wide_node90node3_t3,0.0,9.0,I,node90node3,3,wide
flow_wide_node90node3_t4,0.0,9.0,I,node90node3,4,wide
flow_wide_node90node3_t5,0.0,9.0,I,node90node3,5,wide
flow_timber_node90node9_t1,0.0,9.0,I,node90node9,1,timber
flow_timber_node90node9_t2,0.0,9.0,I,node90node9,2,timber
flow_timber_node90node9_t3,0.0,9.0,I,node90node9,3,timber
flow_timber_node90node9_t4,0.0,9.0,I,node90node9,4,timber
flow_timber_node90node9_t5,0.0,9.0,I,node90node9,5,timber
flow_wide_node90node9_t1,0.0,9.0,I,node90node9,1,wide
flow_wide_node90node9_t2,0.0,9.0,I,node90node9,2,wide
flow_wide_node90node9_t3,0.0,9.0,I,node90node9,3,wide
flow_wide_node90node9_t4,0.0,9.0,I,node90node9,4,wide
flow_wide_node90node9_t5,0.0,9.0,I,node90node9,5,wide
flow_timber_node90node16_t1,0.0,9.0,I,node90node16,1,timber
flow_timber_node90node16_t2,0.0,9.0,I,node90node16,2,timber
flow_timber_node90node16_t3,0.0,9.0,I,node90node16,3,timber
flow_timber_node90node16_t4,0.0,9.0,I,node90node16,4,timber
flow_timber_node90node16_t5,0.0,9.0,I,node90node16,5,timber
flow_wide_node90node16_t1,0.0,9.0,I,node90node16,1,wide
flow_wide_node90node16_t2,0.0,9.0,I,node90node16,2,wide
flow_wide_node90node16_t3,0.0,9.0,I,node90node16,3,wide
flow_wide_node90node16_t4,0.0,9.0,I,node90node16,4,wide
flow_wide_node90node16_t5,0.0,9.0,I,node90node16,5,wide
flow_timber_node90node20_t1,0.0,9.0,I,node90node20,1,timber
flow_timber_node90node20_t2,0.0,9.0,I,node90node20,2,timber
flow_timber_node90node20_t3,0.0,9.0,I,node90node20,3,timber
flow_timber_node90node20_t4,0.0,9.0,I,node90node20,4,timber
flow_timber_node90node20_t5,0.0,9.0,I,node90node20,5,timber
flow_wide_node90node20_t1,0.0,9.0,I,node90node20,1,wide
flow_wide_node90node20_t2,0.0,9.0,I,node90node20,2,wide
flow_wide_node90node20_t3,0.0,9.0,I,node90node20,3,wide
flow_wide_node90node20_t4,0.0,9.0,I,node90node20,4,wide
flow_wide_node90node20_t5,0.0,9.0,I,node90node20,5,wide
flow_timber_node90node22_t1,0.0,9.0,I,node90node22,1,timber
flow_timber_node90node22_t2,0.0,9.0,I,node90node22,2,timber
flow_timber_node90node22_t3,0.0,9.0,I,node90node22,3,timber
flow_timber_node90node22_t4,0.0,9.0,I,node90node22,4,timber
flow_timber_node90node22_t5,0.0,9.0,I,node90node22,5,timber
flow_wide_node90node22_t1,0.0,9.0,I,node90node22,1,wide
flow_wide_node90node22_t2,0.0,9.0,I,node90node22,2,wide
flow_wide_node90node22_t3,0.0,9.0,I,node90node22,3,wide
flow_wide_node90node22_t4,0.0,9.0,I,node90node22,4,wide
flow_wide_node90node22_t5,0.0,9.0,I,node90node22,5,wide
flow_timber_node90node27_t1,0.0,9.0,I,node90node27,1,timber
flow_timber_node90node27_t2,0.0,9.0,I,node90node27,2,timber
flow_timber_node90node27_t3,0.0,9.0,I,node90node27,3,timber
flow_timber_node90node27_t4,0.0,9.0,I,node90node27,4,timber
flow_timber_node90node27_t5,0.0,9.0,I,node90node27,5,timber
flow_wide_node90node27_t1,0.0,9.0,I,node90node27,1,wide
flow_wide_node90node27_t2,0.0,9.0,I,node90node27,2,wide
flow_wide_node90node27_t3,0.0,9.0,I,node90node27,3,wide
flow_wide_node90node27_t4,0.0,9.0,I,node90node27,4,wide
flow_wide_node90node27_t5,0.0,9.0,I,node90node27,5,wide
flow_timber_node90node30_t1,0.0,9.0,I,node90node30,1,timber
flow_timber_node90node30_t2,0.0,9.0,I,node90node30,2,timber
flow_timber_node90node30_t3,0.0,9.0,I,node90node30,3,timber
flow_timber_node90node30_t4,0.0,9.0,I,node90node30,4,timber
flow_timber_node90node30_t5,0.0,9.0,I,node90node30,5,timber
flow_wide_node90node30_t1,0.0,9.0,I,node90node30,1,wide
flow_wide_node90node30_t2,0.0,9.0,I,node90node30,2,wide
flow_wide_node90node30_t3,0.0,9.0,I,node90node30,3,wide
flow_wide_node90node30_t4,0.0,9.0,I,node90node30,4,wide
flow_wide_node90node30_t5,0.0,9.0,I,node90node30,5,wide
flow_timber_node90node31_t1,0.0,9.0,I,node90node31,1,timber
flow_timber_node90node31_t2,0.0,9.0,I,node90node31,2,timber
flow_timber_node90node31_t3,0.0,9.0,I,node90node31,3,timber
flow_timber_node90node31_t4,0.0,9.0,I,node90node31,4,timber
flow_timber_node90node31_t5,0.0,9.0,I,node90node31,5,timber
flow_wide_node90node31_t1,0.0,9.0,I,node90node31,1,wide
flow_wide_node90node31_t2,0.0,9.0,I,node90node31,2,wide
flow_wide_node90node31_t3,0.0,9.0,I,node90node31,3,wide
flow_wide_node90node31_t4,0.0,9.0,I,node90node31,4,wide
flow_wide_node90node31_t5,0.0,9.0,I,node90node31,5,wide
flow_timber_node90node36_t1,0.0,9.0,I,node90node36,1,timber
flow_timber_node90node36_t2,0.0,9.0,I,node90node36,2,timber
flow_timber_node90node36_t3,0.0,9.0,I,node90node36,3,timber
flow_timber_node90node36_t4,0.0,9.0,I,node90node36,4,timber
flow_timber_node90node36_t5,0.0,9.0,I,node90node36,5,timber
flow_wide_node90node36_t1,0.0,9.0,I,node90node36,1,wide
flow_wide_node90node36_t2,0.0,9.0,I,node90node36,2,wide
flow_wide_node90node36_t3,0.0,9.0,I,node90node36,3,wide
flow_wide_node90node36_t4,0.0,9.0,I,node90node36,4,wide
flow_wide_node90node36_t5,0.0,9.0,I,node90node36,5,wide
flow_timber_node90node37_t1,0.0,9.0,I,node90node37,1,timber
flow_timber_node90node37_t2,0.0,9.0,I,node90node37,2,timber
flow_timber_node90node37_t3,0.0,9.0,I,node90node37,3,timber
flow_timber_node90node37_t4,0.0,9.0,I,node90node37,4,timber
flow_timber_node90node37_t5,0.0,9.0,I,node90node37,5,timber
flow_wide_node90node37_t1,0.0,9.0,I,node90node37,1,wide
flow_wide_node90node37_t2,0.0,9.0,I,node90node37,2,wide
flow_wide_node90node37_t3,0.0,9.0,I,node90node37,3,wide
flow_wide_node90node37_t4,0.0,9.0,I,node90node37,4,wide
flow_wide_node90node37_t5,0.0,9.0,I,node90node37,5,wide
flow_timber_node90node49_t1,0.0,9.0,I,node90node49,1,timber
flow_timber_node90node49_t2,0.0,9.0,I,node90node49,2,timber
flow_timber_node90node49_t3,0.0,9.0,I,node90node49,3,timber
flow_timber_node90node49_t4,0.0,9.0,I,node90node49,4,timber
flow_timber_node90node49_t5,0.0,9.0,I,node90node49,5,timber
flow_wide_node90node49_t1,0.0,9.0,I,node90node49,1,wide
flow_wide_node90node49_t2,0.0,9.0,I,node90node49,2,wide
flow_wide_node90node49_t3,0.0,9.0,I,node90node49,3,wide
flow_wide_node90node49_t4,0.0,9.0,I,node90node49,4,wide
flow_wide_node90node49_t5,0.0,9.0,I,node90node49,5,wide
flow_timber_node90node53_t1,0.0,9.0,I,node90node53,1,timber
flow_timber_node90node53_t2,0.0,9.0,I,node90node53,2,timber
flow_timber_node90node53_t3,0.0,9.0,I,node90node53,3,timber
flow_timber_node90node53_t4,0.0,9.0,I,node90node53,4,timber
flow_timber_node90node53_t5,0.0,9.0,I,node90node53,5,timber
flow_wide_node90node53_t1,0.0,9.0,I,node90node53,1,wide
flow_wide_node90node53_t2,0.0,9.0,I,node90node53,2,wide
flow_wide_node90node53_t3,0.0,9.0,I,node90node53,3,wide
flow_wide_node90node53_t4,0.0,9.0,I,node90node53,4,wide
flow_wide_node90node53_t5,0.0,9.0,I,node90node53,5,wide
flow_timber_node4node5_t1,0.0,9.0,I,node4node5,1,timber
flow_timber_node4node5_t2,0.0,9.0,I,node4node5,2,timber
flow_timber_node4node5_t3,0.0,9.0,I,node4node5,3,timber
flow_timber_node4node5_t4,0.0,9.0,I,node4node5,4,timber
flow_timber_node4node5_t5,0.0,9.0,I,node4node5,5,timber
flow_wide_node4node5_t1,0.0,9.0,I,node4node5,1,wide
flow_wide_node4node5_t2,0.0,9.0,I,node4node5,2,wide
flow_wide_node4node5_t3,0.0,9.0,I,node4node5,3,wide
flow_wide_node4node5_t4,0.0,9.0,I,node4node5,4,wide
flow_wide_node4node5_t5,0.0,9.0,I,node4node5,5,wide
flow_timber_node4node46_t1,0.0,9.0,I,node4node46,1,timber
flow_timber_node4node46_t2,0.0,9.0,I,node4node46,2,timber
flow_timber_node4node46_t3,0.0,9.0,I,node4node46,3,timber
flow_timber_node4node46_t4,0.0,9.0,I,node4node46,4,timber
flow_timber_node4node46_t5,0.0,9.0,I,node4node46,5,timber
flow_wide_node4node46_t1,0.0,9.0,I,node4node46,1,wide
flow_wide_node4node46_t2,0.0,9.0,I,node4node46,2,wide
flow_wide_node4node46_t3,0.0,9.0,I,node4node46,3,wide
flow_wide_node4node46_t4,0.0,9.0,I,node4node46,4,wide
flow_wide_node4node46_t5,0.0,9.0,I,node4node46,5,wide
flow_timber_node4node96_t1,0.0,9.0,I,node4node96,1,timber
flow_timber_node4node96_t2,0.0,9.0,I,node4node96,2,timber
flow_timber_node4node96_t3,0.0,9.0,I,node4node96,3,timber
flow_timber_node4node96_t4,0.0,9.0,I,node4node96,4,timber
flow_timber_node4node96_t5,0.0,9.0,I,node4node96,5,timber
flow_wide_node4node96_t1,0.0,9.0,I,node4node96,1,wide
flow_wide_node4node96_t2,0.0,9.0,I,node4node96,2,wide
flow_wide_node4node96_t3,0.0,9.0,I,node4node96,3,wide
flow_wide_node4node96_t4,0.0,9.0,I,node4node96,4,wide
flow_wide_node4node96_t5,0.0,9.0,I,node4node96,5,wide
flow_timber_node5node4_t1,0.0,9.0,I,node5node4,1,timber
flow_timber_node5node4_t2,0.0,9.0,I,node5node4,2,timber
flow_timber_node5node4_t3,0.0,9.0,I,node5node4,3,timber
flow_timber_node5node4_t4,0.0,9.0,I,node5node4,4,timber
flow_timber_node5node4_t5,0.0,9.0,I,node5node4,5,timber
flow_wide_node5node4_t1,0.0,9.0,I,node5node4,1,wide
flow_wide_node5node4_t2,0.0,9.0,I,node5node4,2,wide
flow_wide_node5node4_t3,0.0,9.0,I,node5node4,3,wide
flow_wide_node5node4_t4,0.0,9.0,I,node5node4,4,wide
flow_wide_node5node4_t5,0.0,9.0,I,node5node4,5,wide
flow_timber_node5node30_t1,0.0,9.0,I,node5node30,1,timber
flow_timber_node5node30_t2,0.0,9.0,I,node5node30,2,timber
flow_timber_node5node30_t3,0.0,9.0,I,node5node30,3,timber
flow_timber_node5node30_t4,0.0,9.0,I,node5node30,4,timber
flow_timber_node5node30_t5,0.0,9.0,I,node5node30,5,timber
flow_wide_node5node30_t1,0.0,9.0,I,node5node30,1,wide
flow_wide_node5node30_t2,0.0,9.0,I,node5node30,2,wide
flow_wide_node5node30_t3,0.0,9.0,I,node5node30,3,wide
flow_wide_node5node30_t4,0.0,9.0,I,node5node30,4,wide
flow_wide_node5node30_t5,0.0,9.0,I,node5node30,5,wide
flow_timber_node5node50_t1,0.0,9.0,I,node5node50,1,timber
flow_timber_node5node50_t2,0.0,9.0,I,node5node50,2,timber
flow_timber_node5node50_t3,0.0,9.0,I,node5node50,3,timber
flow_timber_node5node50_t4,0.0,9.0,I,node5node50,4,timber
flow_timber_node5node50_t5,0.0,9.0,I,node5node50,5,timber
flow_wide_node5node50_t1,0.0,9.0,I,node5node50,1,wide
flow_wide_node5node50_t2,0.0,9.0,I,node5node50,2,wide
flow_wide_node5node50_t3,0.0,9.0,I,node5node50,3,wide
flow_wide_node5node50_t4,0.0,9.0,I,node5node50,4,wide
flow_wide_node5node50_t5,0.0,9.0,I,node5node50,5,wide
flow_timber_node5node81_t1,0.0,9.0,I,node5node81,1,timber
flow_timber_node5node81_t2,0.0,9.0,I,node5node81,2,timber
flow_timber_node5node81_t3,0.0,9.0,I,node5node81,3,timber
flow_timber_node5node81_t4,0.0,9.0,I,node5node81,4,timber
flow_timber_node5node81_t5,0.0,9.0,I,node5node81,5,timber
flow_wide_node5node81_t1,0.0,9.0,I,node5node81,1,wide
flow_wide_node5node81_t2,0.0,9.0,I,node5node81,2,wide
flow_wide_node5node81_t3,0.0,9.0,I,node5node81,3,wide
flow_wide_node5node81_t4,0.0,9.0,I,node5node81,4,wide
flow_wide_node5node81_t5,0.0,9.0,I,node5node81,5,wide
flow_timber_node5node96_t1,0.0,9.0,I,node5node96,1,timber
flow_timber_node5node96_t2,0.0,9.0,I,node5node96,2,timber
flow_timber_node5node96_t3,0.0,9.0,I,node5node96,3,timber
flow_timber_node5node96_t4,0.0,9.0,I,node5node96,4,timber
flow_timber_node5node96_t5,0.0,9.0,I,node5node96,5,timber
flow_wide_node5node96_t1,0.0,9.0,I,node5node96,1,wide
flow_wide_node5node96_t2,0.0,9.0,I,node5node96,2,wide
flow_wide_node5node96_t3,0.0,9.0,I,node5node96,3,wide
flow_wide_node5node96_t4,0.0,9.0,I,node5node96,4,wide
flow_wide_node5node96_t5,0.0,9.0,I,node5node96,5,wide
flow_timber_node46node4_t1,0.0,9.0,I,node46node4,1,timber
flow_timber_node46node4_t2,0.0,9.0,I,node46node4,2,timber
flow_timber_node46node4_t3,0.0,9.0,I,node46node4,3,timber
flow_timber_node46node4_t4,0.0,9.0,I,node46node4,4,timber
flow_timber_node46node4_t5,0.0,9.0,I,node46node4,5,timber
flow_wide_node46node4_t1,0.0,9.0,I,node46node4,1,wide
flow_wide_node46node4_t2,0.0,9.0,I,node46node4,2,wide
flow_wide_node46node4_t3,0.0,9.0,I,node46node4,3,wide
flow_wide_node46node4_t4,0.0,9.0,I,node46node4,4,wide
flow_wide_node46node4_t5,0.0,9.0,I,node46node4,5,wide
flow_timber_node46node27_t1,0.0,9.0,I,node46node27,1,timber
flow_timber_node46node27_t2,0.0,9.0,I,node46node27,2,timber
flow_timber_node46node27_t3,0.0,9.0,I,node46node27,3,timber
flow_timber_node46node27_t4,0.0,9.0,I,node46node27,4,timber
flow_timber_node46node27_t5,0.0,9.0,I,node46node27,5,timber
flow_wide_node46node27_t1,0.0,9.0,I,node46node27,1,wide
flow_wide_node46node27_t2,0.0,9.0,I,node46node27,2,wide
flow_wide_node46node27_t3,0.0,9.0,I,node46node27,3,wide
flow_wide_node46node27_t4,0.0,9.0,I,node46node27,4,wide
flow_wide_node46node27_t5,0.0,9.0,I,node46node27,5,wide
flow_timber_node46node54_t1,0.0,9.0,I,node46node54,1,timber
flow_timber_node46node54_t2,0.0,9.0,I,node46node54,2,timber
flow_timber_node46node54_t3,0.0,9.0,I,node46node54,3,timber
flow_timber_node46node54_t4,0.0,9.0,I,node46node54,4,timber
flow_timber_node46node54_t5,0.0,9.0,I,node46node54,5,timber
flow_wide_node46node54_t1,0.0,9.0,I,node46node54,1,wide
flow_wide_node46node54_t2,0.0,9.0,I,node46node54,2,wide
flow_wide_node46node54_t3,0.0,9.0,I,node46node54,3,wide
flow_wide_node46node54_t4,0.0,9.0,I,node46node54,4,wide
flow_wide_node46node54_t5,0.0,9.0,I,node46node54,5,wide
flow_timber_node46node95_t1,0.0,9.0,I,node46node95,1,timber
flow_timber_node46node95_t2,0.0,9.0,I,node46node95,2,timber
flow_timber_node46node95_t3,0.0,9.0,I,node46node95,3,timber
flow_timber_node46node95_t4,0.0,9.0,I,node46node95,4,timber
flow_timber_node46node95_t5,0.0,9.0,I,node46node95,5,timber
flow_wide_node46node95_t1,0.0,9.0,I,node46node95,1,wide
flow_wide_node46node95_t2,0.0,9.0,I,node46node95,2,wide
flow_wide_node46node95_t3,0.0,9.0,I,node46node95,3,wide
flow_wide_node46node95_t4,0.0,9.0,I,node46node95,4,wide
flow_wide_node46node95_t5,0.0,9.0,I,node46node95,5,wide
flow_timber_node46node96_t1,0.0,9.0,I,node46node96,1,timber
flow_timber_node46node96_t2,0.0,9.0,I,node46node96,2,timber
flow_timber_node46node96_t3,0.0,9.0,I,node46node96,3,timber
flow_timber_node46node96_t4,0.0,9.0,I,node46node96,4,timber
flow_timber_node46node96_t5,0.0,9.0,I,node46node96,5,timber
flow_wide_node46node96_t1,0.0,9.0,I,node46node96,1,wide
flow_wide_node46node96_t2,0.0,9.0,I,node46node96,2,wide
flow_wide_node46node96_t3,0.0,9.0,I,node46node96,3,wide
flow_wide_node46node96_t4,0.0,9.0,I,node46node96,4,wide
flow_wide_node46node96_t5,0.0,9.0,I,node46node96,5,wide
flow_timber_node96node4_t1,0.0,9.0,I,node96node4,1,timber
flow_timber_node96node4_t2,0.0,9.0,I,node96node4,2,timber
flow_timber_node96node4_t3,0.0,9.0,I,node96node4,3,timber
flow_timber_node96node4_t4,0.0,9.0,I,node96node4,4,timber
flow_timber_node96node4_t5,0.0,9.0,I,node96node4,5,timber
flow_wide_node96node4_t1,0.0,9.0,I,node96node4,1,wide
flow_wide_node96node4_t2,0.0,9.0,I,node96node4,2,wide
flow_wide_node96node4_t3,0.0,9.0,I,node96node4,3,wide
flow_wide_node96node4_t4,0.0,9.0,I,node96node4,4,wide
flow_wide_node96node4_t5,0.0,9.0,I,node96node4,5,wide
flow_timber_node96node5_t1,0.0,9.0,I,node96node5,1,timber
flow_timber_node96node5_t2,0.0,9.0,I,node96node5,2,timber
flow_timber_node96node5_t3,0.0,9.0,I,node96node5,3,timber
flow_timber_node96node5_t4,0.0,9.0,I,node96node5,4,timber
flow_timber_node96node5_t5,0.0,9.0,I,node96node5,5,timber
flow_wide_node96node5_t1,0.0,9.0,I,node96node5,1,wide
flow_wide_node96node5_t2,0.0,9.0,I,node96node5,2,wide
flow_wide_node96node5_t3,0.0,9.0,I,node96node5,3,wide
flow_wide_node96node5_t4,0.0,9.0,I,node96node5,4,wide
flow_wide_node96node5_t5,0.0,9.0,I,node96node5,5,wide
flow_timber_node96node27_t1,0.0,9.0,I,node96node27,1,timber
flow_timber_node96node27_t2,0.0,9.0,I,node96node27,2,timber
flow_timber_node96node27_t3,0.0,9.0,I,node96node27,3,timber
flow_timber_node96node27_t4,0.0,9.0,I,node96node27,4,timber
flow_timber_node96node27_t5,0.0,9.0,I,node96node27,5,timber
flow_wide_node96node27_t1,0.0,9.0,I,node96node27,1,wide
flow_wide_node96node27_t2,0.0,9.0,I,node96node27,2,wide
flow_wide_node96node27_t3,0.0,9.0,I,node96node27,3,wide
flow_wide_node96node27_t4,0.0,9.0,I,node96node27,4,wide
flow_wide_node96node27_t5,0.0,9.0,I,node96node27,5,wide
flow_timber_node96node30_t1,0.0,9.0,I,node96node30,1,timber
flow_timber_node96node30_t2,0.0,9.0,I,node96node30,2,timber
flow_timber_node96node30_t3,0.0,9.0,I,node96node30,3,timber
flow_timber_node96node30_t4,0.0,9.0,I,node96node30,4,timber
flow_timber_node96node30_t5,0.0,9.0,I,node96node30,5,timber
flow_wide_node96node30_t1,0.0,9.0,I,node96node30,1,wide
flow_wide_node96node30_t2,0.0,9.0,I,node96node30,2,wide
flow_wide_node96node30_t3,0.0,9.0,I,node96node30,3,wide
flow_wide_node96node30_t4,0.0,9.0,I,node96node30,4,wide
flow_wide_node96node30_t5,0.0,9.0,I,node96node30,5,wide
flow_timber_node96node46_t1,0.0,9.0,I,node96node46,1,timber
flow_timber_node96node46_t2,0.0,9.0,I,node96node46,2,timber
flow_timber_node96node46_t3,0.0,9.0,I,node96node46,3,timber
flow_timber_node96node46_t4,0.0,9.0,I,node96node46,4,timber
flow_timber_node96node46_t5,0.0,9.0,I,node96node46,5,timber
flow_wide_node96node46_t1,0.0,9.0,I,node96node46,1,wide
flow_wide_node96node46_t2,0.0,9.0,I,node96node46,2,wide
flow_wide_node96node46_t3,0.0,9.0,I,node96node46,3,wide
flow_wide_node96node46_t4,0.0,9.0,I,node96node46,4,wide
flow_wide_node96node46_t5,0.0,9.0,I,node96node46,5,wide
flow_timber_node30node5_t1,0.0,9.0,I,node30node5,1,timber
flow_timber_node30node5_t2,0.0,9.0,I,node30node5,2,timber
flow_timber_node30node5_t3,0.0,9.0,I,node30node5,3,timber
flow_timber_node30node5_t4,0.0,9.0,I,node30node5,4,timber
flow_timber_node30node5_t5,0.0,9.0,I,node30node5,5,timber
flow_wide_node30node5_t1,0.0,9.0,I,node30node5,1,wide
flow_wide_node30node5_t2,0.0,9.0,I,node30node5,2,wide
flow_wide_node30node5_t3,0.0,9.0,I,node30node5,3,wide
flow_wide_node30node5_t4,0.0,9.0,I,node30node5,4,wide
flow_wide_node30node5_t5,0.0,9.0,I,node30node5,5,wide
flow_timber_node30node27_t1,0.0,9.0,I,node30node27,1,timber
flow_timber_node30node27_t2,0.0,9.0,I,node30node27,2,timber
flow_timber_node30node27_t3,0.0,9.0,I,node30node27,3,timber
flow_timber_node30node27_t4,0.0,9.0,I,node30node27,4,timber
flow_timber_node30node27_t5,0.0,9.0,I,node30node27,5,timber
flow_wide_node30node27_t1,0.0,9.0,I,node30node27,1,wide
flow_wide_node30node27_t2,0.0,9.0,I,node30node27,2,wide
flow_wide_node30node27_t3,0.0,9.0,I,node30node27,3,wide
flow_wide_node30node27_t4,0.0,9.0,I,node30node27,4,wide
flow_wide_node30node27_t5,0.0,9.0,I,node30node27,5,wide
flow_timber_node30node49_t1,0.0,9.0,I,node30node49,1,timber
flow_timber_node30node49_t2,0.0,9.0,I,node30node49,2,timber
flow_timber_node30node49_t3,0.0,9.0,I,node30node49,3,timber
flow_timber_node30node49_t4,0.0,9.0,I,node30node49,4,timber
flow_timber_node30node49_t5,0.0,9.0,I,node30node49,5,timber
flow_wide_node30node49_t1,0.0,9.0,I,node30node49,1,wide
flow_wide_node30node49_t2,0.0,9.0,I,node30node49,2,wide
flow_wide_node30node49_t3,0.0,9.0,I,node30node49,3,wide
flow_wide_node30node49_t4,0.0,9.0,I,node30node49,4,wide
flow_wide_node30node49_t5,0.0,9.0,I,node30node49,5,wide
flow_timber_node30node81_t1,0.0,9.0,I,node30node81,1,timber
flow_timber_node30node81_t2,0.0,9.0,I,node30node81,2,timber
flow_timber_node30node81_t3,0.0,9.0,I,node30node81,3,timber
flow_timber_node30node81_t4,0.0,9.0,I,node30node81,4,timber
flow_timber_node30node81_t5,0.0,9.0,I,node30node81,5,timber
flow_wide_node30node81_t1,0.0,9.0,I,node30node81,1,wide
flow_wide_node30node81_t2,0.0,9.0,I,node30node81,2,wide
flow_wide_node30node81_t3,0.0,9.0,I,node30node81,3,wide
flow_wide_node30node81_t4,0.0,9.0,I,node30node81,4,wide
flow_wide_node30node81_t5,0.0,9.0,I,node30node81,5,wide
flow_timber_node30node90_t1,0.0,9.0,I,node30node90,1,timber
flow_timber_node30node90_t2,0.0,9.0,I,node30node90,2,timber
flow_timber_node30node90_t3,0.0,9.0,I,node30node90,3,timber
flow_timber_node30node90_t4,0.0,9.0,I,node30node90,4,timber
flow_timber_node30node90_t5,0.0,9.0,I,node30node90,5,timber
flow_wide_node30node90_t1,0.0,9.0,I,node30node90,1,wide
flow_wide_node30node90_t2,0.0,9.0,I,node30node90,2,wide
flow_wide_node30node90_t3,0.0,9.0,I,node30node90,3,wide
flow_wide_node30node90_t4,0.0,9.0,I,node30node90,4,wide
flow_wide_node30node90_t5,0.0,9.0,I,node30node90,5,wide
flow_timber_node30node96_t1,0.0,9.0,I,node30node96,1,timber
flow_timber_node30node96_t2,0.0,9.0,I,node30node96,2,timber
flow_timber_node30node96_t3,0.0,9.0,I,node30node96,3,timber
flow_timber_node30node96_t4,0.0,9.0,I,node30node96,4,timber
flow_timber_node30node96_t5,0.0,9.0,I,node30node96,5,timber
flow_wide_node30node96_t1,0.0,9.0,I,node30node96,1,wide
flow_wide_node30node96_t2,0.0,9.0,I,node30node96,2,wide
flow_wide_node30node96_t3,0.0,9.0,I,node30node96,3,wide
flow_wide_node30node96_t4,0.0,9.0,I,node30node96,4,wide
flow_wide_node30node96_t5,0.0,9.0,I,node30node96,5,wide
flow_timber_node50node5_t1,0.0,9.0,I,node50node5,1,timber
flow_timber_node50node5_t2,0.0,9.0,I,node50node5,2,timber
flow_timber_node50node5_t3,0.0,9.0,I,node50node5,3,timber
flow_timber_node50node5_t4,0.0,9.0,I,node50node5,4,timber
flow_timber_node50node5_t5,0.0,9.0,I,node50node5,5,timber
flow_wide_node50node5_t1,0.0,9.0,I,node50node5,1,wide
flow_wide_node50node5_t2,0.0,9.0,I,node50node5,2,wide
flow_wide_node50node5_t3,0.0,9.0,I,node50node5,3,wide
flow_wide_node50node5_t4,0.0,9.0,I,node50node5,4,wide
flow_wide_node50node5_t5,0.0,9.0,I,node50node5,5,wide
flow_timber_node50node35_t1,0.0,9.0,I,node50node35,1,timber
flow_timber_node50node35_t2,0.0,9.0,I,node50node35,2,timber
flow_timber_node50node35_t3,0.0,9.0,I,node50node35,3,timber
flow_timber_node50node35_t4,0.0,9.0,I,node50node35,4,timber
flow_timber_node50node35_t5,0.0,9.0,I,node50node35,5,timber
flow_wide_node50node35_t1,0.0,9.0,I,node50node35,1,wide
flow_wide_node50node35_t2,0.0,9.0,I,node50node35,2,wide
flow_wide_node50node35_t3,0.0,9.0,I,node50node35,3,wide
flow_wide_node50node35_t4,0.0,9.0,I,node50node35,4,wide
flow_wide_node50node35_t5,0.0,9.0,I,node50node35,5,wide
flow_timber_node50node42_t1,0.0,9.0,I,node50node42,1,timber
flow_timber_node50node42_t2,0.0,9.0,I,node50node42,2,timber
flow_timber_node50node42_t3,0.0,9.0,I,node50node42,3,timber
flow_timber_node50node42_t4,0.0,9.0,I,node50node42,4,timber
flow_timber_node50node42_t5,0.0,9.0,I,node50node42,5,timber
flow_wide_node50node42_t1,0.0,9.0,I,node50node42,1,wide
flow_wide_node50node42_t2,0.0,9.0,I,node50node42,2,wide
flow_wide_node50node42_t3,0.0,9.0,I,node50node42,3,wide
flow_wide_node50node42_t4,0.0,9.0,I,node50node42,4,wide
flow_wide_node50node42_t5,0.0,9.0,I,node50node42,5,wide
flow_timber_node50node77_t1,0.0,9.0,I,node50node77,1,timber
flow_timber_node50node77_t2,0.0,9.0,I,node50node77,2,timber
flow_timber_node50node77_t3,0.0,9.0,I,node50node77,3,timber
flow_timber_node50node77_t4,0.0,9.0,I,node50node77,4,timber
flow_timber_node50node77_t5,0.0,9.0,I,node50node77,5,timber
flow_wide_node50node77_t1,0.0,9.0,I,node50node77,1,wide
flow_wide_node50node77_t2,0.0,9.0,I,node50node77,2,wide
flow_wide_node50node77_t3,0.0,9.0,I,node50node77,3,wide
flow_wide_node50node77_t4,0.0,9.0,I,node50node77,4,wide
flow_wide_node50node77_t5,0.0,9.0,I,node50node77,5,wide
flow_timber_node50node81_t1,0.0,9.0,I,node50node81,1,timber
flow_timber_node50node81_t2,0.0,9.0,I,node50node81,2,timber
flow_timber_node50node81_t3,0.0,9.0,I,node50node81,3,timber
flow_timber_node50node81_t4,0.0,9.0,I,node50node81,4,timber
flow_timber_node50node81_t5,0.0,9.0,I,node50node81,5,timber
flow_wide_node50node81_t1,0.0,9.0,I,node50node81,1,wide
flow_wide_node50node81_t2,0.0,9.0,I,node50node81,2,wide
flow_wide_node50node81_t3,0.0,9.0,I,node50node81,3,wide
flow_wide_node50node81_t4,0.0,9.0,I,node50node81,4,wide
flow_wide_node50node81_t5,0.0,9.0,I,node50node81,5,wide
flow_timber_node81node5_t1,0.0,9.0,I,node81node5,1,timber
flow_timber_node81node5_t2,0.0,9.0,I,node81node5,2,timber
flow_timber_node81node5_t3,0.0,9.0,I,node81node5,3,timber
flow_timber_node81node5_t4,0.0,9.0,I,node81node5,4,timber
flow_timber_node81node5_t5,0.0,9.0,I,node81node5,5,timber
flow_wide_node81node5_t1,0.0,9.0,I,node81node5,1,wide
flow_wide_node81node5_t2,0.0,9.0,I,node81node5,2,wide
flow_wide_node81node5_t3,0.0,9.0,I,node81node5,3,wide
flow_wide_node81node5_t4,0.0,9.0,I,node81node5,4,wide
flow_wide_node81node5_t5,0.0,9.0,I,node81node5,5,wide
flow_timber_node81node19_t1,0.0,9.0,I,node81node19,1,timber
flow_timber_node81node19_t2,0.0,9.0,I,node81node19,2,timber
flow_timber_node81node19_t3,0.0,9.0,I,node81node19,3,timber
flow_timber_node81node19_t4,0.0,9.0,I,node81node19,4,timber
flow_timber_node81node19_t5,0.0,9.0,I,node81node19,5,timber
flow_wide_node81node19_t1,0.0,9.0,I,node81node19,1,wide
flow_wide_node81node19_t2,0.0,9.0,I,node81node19,2,wide
flow_wide_node81node19_t3,0.0,9.0,I,node81node19,3,wide
flow_wide_node81node19_t4,0.0,9.0,I,node81node19,4,wide
flow_wide_node81node19_t5,0.0,9.0,I,node81node19,5,wide
flow_timber_node81node25_t1,0.0,9.0,I,node81node25,1,timber
flow_timber_node81node25_t2,0.0,9.0,I,node81node25,2,timber
flow_timber_node81node25_t3,0.0,9.0,I,node81node25,3,timber
flow_timber_node81node25_t4,0.0,9.0,I,node81node25,4,timber
flow_timber_node81node25_t5,0.0,9.0,I,node81node25,5,timber
flow_wide_node81node25_t1,0.0,9.0,I,node81node25,1,wide
flow_wide_node81node25_t2,0.0,9.0,I,node81node25,2,wide
flow_wide_node81node25_t3,0.0,9.0,I,node81node25,3,wide
flow_wide_node81node25_t4,0.0,9.0,I,node81node25,4,wide
flow_wide_node81node25_t5,0.0,9.0,I,node81node25,5,wide
flow_timber_node81node30_t1,0.0,9.0,I,node81node30,1,timber
flow_timber_node81node30_t2,0.0,9.0,I,node81node30,2,timber
flow_timber_node81node30_t3,0.0,9.0,I,node81node30,3,timber
flow_timber_node81node30_t4,0.0,9.0,I,node81node30,4,timber
flow_timber_node81node30_t5,0.0,9.0,I,node81node30,5,timber
flow_wide_node81node30_t1,0.0,9.0,I,node81node30,1,wide
flow_wide_node81node30_t2,0.0,9.0,I,node81node30,2,wide
flow_wide_node81node30_t3,0.0,9.0,I,node81node30,3,wide
flow_wide_node81node30_t4,0.0,9.0,I,node81node30,4,wide
flow_wide_node81node30_t5,0.0,9.0,I,node81node30,5,wide
flow_timber_node81node35_t1,0.0,9.0,I,node81node35,1,timber
flow_timber_node81node35_t2,0.0,9.0,I,node81node35,2,timber
flow_timber_node81node35_t3,0.0,9.0,I,node81node35,3,timber
flow_timber_node81node35_t4,0.0,9.0,I,node81node35,4,timber
flow_timber_node81node35_t5,0.0,9.0,I,node81node35,5,timber
flow_wide_node81node35_t1,0.0,9.0,I,node81node35,1,wide
flow_wide_node81node35_t2,0.0,9.0,I,node81node35,2,wide
flow_wide_node81node35_t3,0.0,9.0,I,node81node35,3,wide
flow_wide_node81node35_t4,0.0,9.0,I,node81node35,4,wide
flow_wide_node81node35_t5,0.0,9.0,I,node81node35,5,wide
flow_timber_node81node43_t1,0.0,9.0,I,node81node43,1,timber
flow_timber_node81node43_t2,0.0,9.0,I,node81node43,2,timber
flow_timber_node81node43_t3,0.0,9.0,I,node81node43,3,timber
flow_timber_node81node43_t4,0.0,9.0,I,node81node43,4,timber
flow_timber_node81node43_t5,0.0,9.0,I,node81node43,5,timber
flow_wide_node81node43_t1,0.0,9.0,I,node81node43,1,wide
flow_wide_node81node43_t2,0.0,9.0,I,node81node43,2,wide
flow_wide_node81node43_t3,0.0,9.0,I,node81node43,3,wide
flow_wide_node81node43_t4,0.0,9.0,I,node81node43,4,wide
flow_wide_node81node43_t5,0.0,9.0,I,node81node43,5,wide
flow_timber_node81node49_t1,0.0,9.0,I,node81node49,1,timber
flow_timber_node81node49_t2,0.0,9.0,I,node81node49,2,timber
flow_timber_node81node49_t3,0.0,9.0,I,node81node49,3,timber
flow_timber_node81node49_t4,0.0,9.0,I,node81node49,4,timber
flow_timber_node81node49_t5,0.0,9.0,I,node81node49,5,timber
flow_wide_node81node49_t1,0.0,9.0,I,node81node49,1,wide
flow_wide_node81node49_t2,0.0,9.0,I,node81node49,2,wide
flow_wide_node81node49_t3,0.0,9.0,I,node81node49,3,wide
flow_wide_node81node49_t4,0.0,9.0,I,node81node49,4,wide
flow_wide_node81node49_t5,0.0,9.0,I,node81node49,5,wide
flow_timber_node81node50_t1,0.0,9.0,I,node81node50,1,timber
flow_timber_node81node50_t2,0.0,9.0,I,node81node50,2,timber
flow_timber_node81node50_t3,0.0,9.0,I,node81node50,3,timber
flow_timber_node81node50_t4,0.0,9.0,I,node81node50,4,timber
flow_timber_node81node50_t5,0.0,9.0,I,node81node50,5,timber
flow_wide_node81node50_t1,0.0,9.0,I,node81node50,1,wide
flow_wide_node81node50_t2,0.0,9.0,I,node81node50,2,wide
flow_wide_node81node50_t3,0.0,9.0,I,node81node50,3,wide
flow_wide_node81node50_t4,0.0,9.0,I,node81node50,4,wide
flow_wide_node81node50_t5,0.0,9.0,I,node81node50,5,wide
flow_timber_node6node51_t1,0.0,9.0,I,node6node51,1,timber
flow_timber_node6node51_t2,0.0,9.0,I,node6node51,2,timber
flow_timber_node6node51_t3,0.0,9.0,I,node6node51,3,timber
flow_timber_node6node51_t4,0.0,9.0,I,node6node51,4,timber
flow_timber_node6node51_t5,0.0,9.0,I,node6node51,5,timber
flow_wide_node6node51_t1,0.0,9.0,I,node6node51,1,wide
flow_wide_node6node51_t2,0.0,9.0,I,node6node51,2,wide
flow_wide_node6node51_t3,0.0,9.0,I,node6node51,3,wide
flow_wide_node6node51_t4,0.0,9.0,I,node6node51,4,wide
flow_wide_node6node51_t5,0.0,9.0,I,node6node51,5,wide
flow_timber_node6node15_t1,0.0,9.0,I,node6node15,1,timber
flow_timber_node6node15_t2,0.0,9.0,I,node6node15,2,timber
flow_timber_node6node15_t3,0.0,9.0,I,node6node15,3,timber
flow_timber_node6node15_t4,0.0,9.0,I,node6node15,4,timber
flow_timber_node6node15_t5,0.0,9.0,I,node6node15,5,timber
flow_wide_node6node15_t1,0.0,9.0,I,node6node15,1,wide
flow_wide_node6node15_t2,0.0,9.0,I,node6node15,2,wide
flow_wide_node6node15_t3,0.0,9.0,I,node6node15,3,wide
flow_wide_node6node15_t4,0.0,9.0,I,node6node15,4,wide
flow_wide_node6node15_t5,0.0,9.0,I,node6node15,5,wide
flow_timber_node6node56_t1,0.0,9.0,I,node6node56,1,timber
flow_timber_node6node56_t2,0.0,9.0,I,node6node56,2,timber
flow_timber_node6node56_t3,0.0,9.0,I,node6node56,3,timber
flow_timber_node6node56_t4,0.0,9.0,I,node6node56,4,timber
flow_timber_node6node56_t5,0.0,9.0,I,node6node56,5,timber
flow_wide_node6node56_t1,0.0,9.0,I,node6node56,1,wide
flow_wide_node6node56_t2,0.0,9.0,I,node6node56,2,wide
flow_wide_node6node56_t3,0.0,9.0,I,node6node56,3,wide
flow_wide_node6node56_t4,0.0,9.0,I,node6node56,4,wide
flow_wide_node6node56_t5,0.0,9.0,I,node6node56,5,wide
flow_timber_node6node75_t1,0.0,9.0,I,node6node75,1,timber
flow_timber_node6node75_t2,0.0,9.0,I,node6node75,2,timber
flow_timber_node6node75_t3,0.0,9.0,I,node6node75,3,timber
flow_timber_node6node75_t4,0.0,9.0,I,node6node75,4,timber
flow_timber_node6node75_t5,0.0,9.0,I,node6node75,5,timber
flow_wide_node6node75_t1,0.0,9.0,I,node6node75,1,wide
flow_wide_node6node75_t2,0.0,9.0,I,node6node75,2,wide
flow_wide_node6node75_t3,0.0,9.0,I,node6node75,3,wide
flow_wide_node6node75_t4,0.0,9.0,I,node6node75,4,wide
flow_wide_node6node75_t5,0.0,9.0,I,node6node75,5,wide
flow_timber_node6node76_t1,0.0,9.0,I,node6node76,1,timber
flow_timber_node6node76_t2,0.0,9.0,I,node6node76,2,timber
flow_timber_node6node76_t3,0.0,9.0,I,node6node76,3,timber
flow_timber_node6node76_t4,0.0,9.0,I,node6node76,4,timber
flow_timber_node6node76_t5,0.0,9.0,I,node6node76,5,timber
flow_wide_node6node76_t1,0.0,9.0,I,node6node76,1,wide
flow_wide_node6node76_t2,0.0,9.0,I,node6node76,2,wide
flow_wide_node6node76_t3,0.0,9.0,I,node6node76,3,wide
flow_wide_node6node76_t4,0.0,9.0,I,node6node76,4,wide
flow_wide_node6node76_t5,0.0,9.0,I,node6node76,5,wide
flow_timber_node6node80_t1,0.0,9.0,I,node6node80,1,timber
flow_timber_node6node80_t2,0.0,9.0,I,node6node80,2,timber
flow_timber_node6node80_t3,0.0,9.0,I,node6node80,3,timber
flow_timber_node6node80_t4,0.0,9.0,I,node6node80,4,timber
flow_timber_node6node80_t5,0.0,9.0,I,node6node80,5,timber
flow_wide_node6node80_t1,0.0,9.0,I,node6node80,1,wide
flow_wide_node6node80_t2,0.0,9.0,I,node6node80,2,wide
flow_wide_node6node80_t3,0.0,9.0,I,node6node80,3,wide
flow_wide_node6node80_t4,0.0,9.0,I,node6node80,4,wide
flow_wide_node6node80_t5,0.0,9.0,I,node6node80,5,wide
flow_timber_node51node6_t1,0.0,9.0,I,node51node6,1,timber
flow_timber_node51node6_t2,0.0,9.0,I,node51node6,2,timber
flow_timber_node51node6_t3,0.0,9.0,I,node51node6,3,timber
flow_timber_node51node6_t4,0.0,9.0,I,node51node6,4,timber
flow_timber_node51node6_t5,0.0,9.0,I,node51node6,5,timber
flow_wide_node51node6_t1,0.0,9.0,I,node51node6,1,wide
flow_wide_node51node6_t2,0.0,9.0,I,node51node6,2,wide
flow_wide_node51node6_t3,0.0,9.0,I,node51node6,3,wide
flow_wide_node51node6_t4,0.0,9.0,I,node51node6,4,wide
flow_wide_node51node6_t5,0.0,9.0,I,node51node6,5,wide
flow_timber_node51node39_t1,0.0,9.0,I,node51node39,1,timber
flow_timber_node51node39_t2,0.0,9.0,I,node51node39,2,timber
flow_timber_node51node39_t3,0.0,9.0,I,node51node39,3,timber
flow_timber_node51node39_t4,0.0,9.0,I,node51node39,4,timber
flow_timber_node51node39_t5,0.0,9.0,I,node51node39,5,timber
flow_wide_node51node39_t1,0.0,9.0,I,node51node39,1,wide
flow_wide_node51node39_t2,0.0,9.0,I,node51node39,2,wide
flow_wide_node51node39_t3,0.0,9.0,I,node51node39,3,wide
flow_wide_node51node39_t4,0.0,9.0,I,node51node39,4,wide
flow_wide_node51node39_t5,0.0,9.0,I,node51node39,5,wide
flow_timber_node51node62_t1,0.0,9.0,I,node51node62,1,timber
flow_timber_node51node62_t2,0.0,9.0,I,node51node62,2,timber
flow_timber_node51node62_t3,0.0,9.0,I,node51node62,3,timber
flow_timber_node51node62_t4,0.0,9.0,I,node51node62,4,timber
flow_timber_node51node62_t5,0.0,9.0,I,node51node62,5,timber
flow_wide_node51node62_t1,0.0,9.0,I,node51node62,1,wide
flow_wide_node51node62_t2,0.0,9.0,I,node51node62,2,wide
flow_wide_node51node62_t3,0.0,9.0,I,node51node62,3,wide
flow_wide_node51node62_t4,0.0,9.0,I,node51node62,4,wide
flow_wide_node51node62_t5,0.0,9.0,I,node51node62,5,wide
flow_timber_node51node60_t1,0.0,9.0,I,node51node60,1,timber
flow_timber_node51node60_t2,0.0,9.0,I,node51node60,2,timber
flow_timber_node51node60_t3,0.0,9.0,I,node51node60,3,timber
flow_timber_node51node60_t4,0.0,9.0,I,node51node60,4,timber
flow_timber_node51node60_t5,0.0,9.0,I,node51node60,5,timber
flow_wide_node51node60_t1,0.0,9.0,I,node51node60,1,wide
flow_wide_node51node60_t2,0.0,9.0,I,node51node60,2,wide
flow_wide_node51node60_t3,0.0,9.0,I,node51node60,3,wide
flow_wide_node51node60_t4,0.0,9.0,I,node51node60,4,wide
flow_wide_node51node60_t5,0.0,9.0,I,node51node60,5,wide
flow_timber_node51node76_t1,0.0,9.0,I,node51node76,1,timber
flow_timber_node51node76_t2,0.0,9.0,I,node51node76,2,timber
flow_timber_node51node76_t3,0.0,9.0,I,node51node76,3,timber
flow_timber_node51node76_t4,0.0,9.0,I,node51node76,4,timber
flow_timber_node51node76_t5,0.0,9.0,I,node51node76,5,timber
flow_wide_node51node76_t1,0.0,9.0,I,node51node76,1,wide
flow_wide_node51node76_t2,0.0,9.0,I,node51node76,2,wide
flow_wide_node51node76_t3,0.0,9.0,I,node51node76,3,wide
flow_wide_node51node76_t4,0.0,9.0,I,node51node76,4,wide
flow_wide_node51node76_t5,0.0,9.0,I,node51node76,5,wide
flow_timber_node51node78_t1,0.0,9.0,I,node51node78,1,timber
flow_timber_node51node78_t2,0.0,9.0,I,node51node78,2,timber
flow_timber_node51node78_t3,0.0,9.0,I,node51node78,3,timber
flow_timber_node51node78_t4,0.0,9.0,I,node51node78,4,timber
flow_timber_node51node78_t5,0.0,9.0,I,node51node78,5,timber
flow_wide_node51node78_t1,0.0,9.0,I,node51node78,1,wide
flow_wide_node51node78_t2,0.0,9.0,I,node51node78,2,wide
flow_wide_node51node78_t3,0.0,9.0,I,node51node78,3,wide
flow_wide_node51node78_t4,0.0,9.0,I,node51node78,4,wide
flow_wide_node51node78_t5,0.0,9.0,I,node51node78,5,wide
flow_timber_node51node80_t1,0.0,9.0,I,node51node80,1,timber
flow_timber_node51node80_t2,0.0,9.0,I,node51node80,2,timber
flow_timber_node51node80_t3,0.0,9.0,I,node51node80,3,timber
flow_timber_node51node80_t4,0.0,9.0,I,node51node80,4,timber
flow_timber_node51node80_t5,0.0,9.0,I,node51node80,5,timber
flow_wide_node51node80_t1,0.0,9.0,I,node51node80,1,wide
flow_wide_node51node80_t2,0.0,9.0,I,node51node80,2,wide
flow_wide_node51node80_t3,0.0,9.0,I,node51node80,3,wide
flow_wide_node51node80_t4,0.0,9.0,I,node51node80,4,wide
flow_wide_node51node80_t5,0.0,9.0,I,node51node80,5,wide
flow_timber_node51node88_t1,0.0,9.0,I,node51node88,1,timber
flow_timber_node51node88_t2,0.0,9.0,I,node51node88,2,timber
flow_timber_node51node88_t3,0.0,9.0,I,node51node88,3,timber
flow_timber_node51node88_t4,0.0,9.0,I,node51node88,4,timber
flow_timber_node51node88_t5,0.0,9.0,I,node51node88,5,timber
flow_wide_node51node88_t1,0.0,9.0,I,node51node88,1,wide
flow_wide_node51node88_t2,0.0,9.0,I,node51node88,2,wide
flow_wide_node51node88_t3,0.0,9.0,I,node51node88,3,wide
flow_wide_node51node88_t4,0.0,9.0,I,node51node88,4,wide
flow_wide_node51node88_t5,0.0,9.0,I,node51node88,5,wide
flow_timber_node15node6_t1,0.0,9.0,I,node15node6,1,timber
flow_timber_node15node6_t2,0.0,9.0,I,node15node6,2,timber
flow_timber_node15node6_t3,0.0,9.0,I,node15node6,3,timber
flow_timber_node15node6_t4,0.0,9.0,I,node15node6,4,timber
flow_timber_node15node6_t5,0.0,9.0,I,node15node6,5,timber
flow_wide_node15node6_t1,0.0,9.0,I,node15node6,1,wide
flow_wide_node15node6_t2,0.0,9.0,I,node15node6,2,wide
flow_wide_node15node6_t3,0.0,9.0,I,node15node6,3,wide
flow_wide_node15node6_t4,0.0,9.0,I,node15node6,4,wide
flow_wide_node15node6_t5,0.0,9.0,I,node15node6,5,wide
flow_timber_node15node55_t1,0.0,9.0,I,node15node55,1,timber
flow_timber_node15node55_t2,0.0,9.0,I,node15node55,2,timber
flow_timber_node15node55_t3,0.0,9.0,I,node15node55,3,timber
flow_timber_node15node55_t4,0.0,9.0,I,node15node55,4,timber
flow_timber_node15node55_t5,0.0,9.0,I,node15node55,5,timber
flow_wide_node15node55_t1,0.0,9.0,I,node15node55,1,wide
flow_wide_node15node55_t2,0.0,9.0,I,node15node55,2,wide
flow_wide_node15node55_t3,0.0,9.0,I,node15node55,3,wide
flow_wide_node15node55_t4,0.0,9.0,I,node15node55,4,wide
flow_wide_node15node55_t5,0.0,9.0,I,node15node55,5,wide
flow_timber_node15node16_t1,0.0,9.0,I,node15node16,1,timber
flow_timber_node15node16_t2,0.0,9.0,I,node15node16,2,timber
flow_timber_node15node16_t3,0.0,9.0,I,node15node16,3,timber
flow_timber_node15node16_t4,0.0,9.0,I,node15node16,4,timber
flow_timber_node15node16_t5,0.0,9.0,I,node15node16,5,timber
flow_wide_node15node16_t1,0.0,9.0,I,node15node16,1,wide
flow_wide_node15node16_t2,0.0,9.0,I,node15node16,2,wide
flow_wide_node15node16_t3,0.0,9.0,I,node15node16,3,wide
flow_wide_node15node16_t4,0.0,9.0,I,node15node16,4,wide
flow_wide_node15node16_t5,0.0,9.0,I,node15node16,5,wide
flow_timber_node15node75_t1,0.0,9.0,I,node15node75,1,timber
flow_timber_node15node75_t2,0.0,9.0,I,node15node75,2,timber
flow_timber_node15node75_t3,0.0,9.0,I,node15node75,3,timber
flow_timber_node15node75_t4,0.0,9.0,I,node15node75,4,timber
flow_timber_node15node75_t5,0.0,9.0,I,node15node75,5,timber
flow_wide_node15node75_t1,0.0,9.0,I,node15node75,1,wide
flow_wide_node15node75_t2,0.0,9.0,I,node15node75,2,wide
flow_wide_node15node75_t3,0.0,9.0,I,node15node75,3,wide
flow_wide_node15node75_t4,0.0,9.0,I,node15node75,4,wide
flow_wide_node15node75_t5,0.0,9.0,I,node15node75,5,wide
flow_timber_node15node79_t1,0.0,9.0,I,node15node79,1,timber
flow_timber_node15node79_t2,0.0,9.0,I,node15node79,2,timber
flow_timber_node15node79_t3,0.0,9.0,I,node15node79,3,timber
flow_timber_node15node79_t4,0.0,9.0,I,node15node79,4,timber
flow_timber_node15node79_t5,0.0,9.0,I,node15node79,5,timber
flow_wide_node15node79_t1,0.0,9.0,I,node15node79,1,wide
flow_wide_node15node79_t2,0.0,9.0,I,node15node79,2,wide
flow_wide_node15node79_t3,0.0,9.0,I,node15node79,3,wide
flow_wide_node15node79_t4,0.0,9.0,I,node15node79,4,wide
flow_wide_node15node79_t5,0.0,9.0,I,node15node79,5,wide
flow_timber_node15node80_t1,0.0,9.0,I,node15node80,1,timber
flow_timber_node15node80_t2,0.0,9.0,I,node15node80,2,timber
flow_timber_node15node80_t3,0.0,9.0,I,node15node80,3,timber
flow_timber_node15node80_t4,0.0,9.0,I,node15node80,4,timber
flow_timber_node15node80_t5,0.0,9.0,I,node15node80,5,timber
flow_wide_node15node80_t1,0.0,9.0,I,node15node80,1,wide
flow_wide_node15node80_t2,0.0,9.0,I,node15node80,2,wide
flow_wide_node15node80_t3,0.0,9.0,I,node15node80,3,wide
flow_wide_node15node80_t4,0.0,9.0,I,node15node80,4,wide
flow_wide_node15node80_t5,0.0,9.0,I,node15node80,5,wide
flow_timber_node56node6_t1,0.0,9.0,I,node56node6,1,timber
flow_timber_node56node6_t2,0.0,9.0,I,node56node6,2,timber
flow_timber_node56node6_t3,0.0,9.0,I,node56node6,3,timber
flow_timber_node56node6_t4,0.0,9.0,I,node56node6,4,timber
flow_timber_node56node6_t5,0.0,9.0,I,node56node6,5,timber
flow_wide_node56node6_t1,0.0,9.0,I,node56node6,1,wide
flow_wide_node56node6_t2,0.0,9.0,I,node56node6,2,wide
flow_wide_node56node6_t3,0.0,9.0,I,node56node6,3,wide
flow_wide_node56node6_t4,0.0,9.0,I,node56node6,4,wide
flow_wide_node56node6_t5,0.0,9.0,I,node56node6,5,wide
flow_timber_node56node33_t1,0.0,9.0,I,node56node33,1,timber
flow_timber_node56node33_t2,0.0,9.0,I,node56node33,2,timber
flow_timber_node56node33_t3,0.0,9.0,I,node56node33,3,timber
flow_timber_node56node33_t4,0.0,9.0,I,node56node33,4,timber
flow_timber_node56node33_t5,0.0,9.0,I,node56node33,5,timber
flow_wide_node56node33_t1,0.0,9.0,I,node56node33,1,wide
flow_wide_node56node33_t2,0.0,9.0,I,node56node33,2,wide
flow_wide_node56node33_t3,0.0,9.0,I,node56node33,3,wide
flow_wide_node56node33_t4,0.0,9.0,I,node56node33,4,wide
flow_wide_node56node33_t5,0.0,9.0,I,node56node33,5,wide
flow_timber_node56node75_t1,0.0,9.0,I,node56node75,1,timber
flow_timber_node56node75_t2,0.0,9.0,I,node56node75,2,timber
flow_timber_node56node75_t3,0.0,9.0,I,node56node75,3,timber
flow_timber_node56node75_t4,0.0,9.0,I,node56node75,4,timber
flow_timber_node56node75_t5,0.0,9.0,I,node56node75,5,timber
flow_wide_node56node75_t1,0.0,9.0,I,node56node75,1,wide
flow_wide_node56node75_t2,0.0,9.0,I,node56node75,2,wide
flow_wide_node56node75_t3,0.0,9.0,I,node56node75,3,wide
flow_wide_node56node75_t4,0.0,9.0,I,node56node75,4,wide
flow_wide_node56node75_t5,0.0,9.0,I,node56node75,5,wide
flow_timber_node56node76_t1,0.0,9.0,I,node56node76,1,timber
flow_timber_node56node76_t2,0.0,9.0,I,node56node76,2,timber
flow_timber_node56node76_t3,0.0,9.0,I,node56node76,3,timber
flow_timber_node56node76_t4,0.0,9.0,I,node56node76,4,timber
flow_timber_node56node76_t5,0.0,9.0,I,node56node76,5,timber
flow_wide_node56node76_t1,0.0,9.0,I,node56node76,1,wide
flow_wide_node56node76_t2,0.0,9.0,I,node56node76,2,wide
flow_wide_node56node76_t3,0.0,9.0,I,node56node76,3,wide
flow_wide_node56node76_t4,0.0,9.0,I,node56node76,4,wide
flow_wide_node56node76_t5,0.0,9.0,I,node56node76,5,wide
flow_timber_node75node6_t1,0.0,9.0,I,node75node6,1,timber
flow_timber_node75node6_t2,0.0,9.0,I,node75node6,2,timber
flow_timber_node75node6_t3,0.0,9.0,I,node75node6,3,timber
flow_timber_node75node6_t4,0.0,9.0,I,node75node6,4,timber
flow_timber_node75node6_t5,0.0,9.0,I,node75node6,5,timber
flow_wide_node75node6_t1,0.0,9.0,I,node75node6,1,wide
flow_wide_node75node6_t2,0.0,9.0,I,node75node6,2,wide
flow_wide_node75node6_t3,0.0,9.0,I,node75node6,3,wide
flow_wide_node75node6_t4,0.0,9.0,I,node75node6,4,wide
flow_wide_node75node6_t5,0.0,9.0,I,node75node6,5,wide
flow_timber_node75node10_t1,0.0,9.0,I,node75node10,1,timber
flow_timber_node75node10_t2,0.0,9.0,I,node75node10,2,timber
flow_timber_node75node10_t3,0.0,9.0,I,node75node10,3,timber
flow_timber_node75node10_t4,0.0,9.0,I,node75node10,4,timber
flow_timber_node75node10_t5,0.0,9.0,I,node75node10,5,timber
flow_wide_node75node10_t1,0.0,9.0,I,node75node10,1,wide
flow_wide_node75node10_t2,0.0,9.0,I,node75node10,2,wide
flow_wide_node75node10_t3,0.0,9.0,I,node75node10,3,wide
flow_wide_node75node10_t4,0.0,9.0,I,node75node10,4,wide
flow_wide_node75node10_t5,0.0,9.0,I,node75node10,5,wide
flow_timber_node75node15_t1,0.0,9.0,I,node75node15,1,timber
flow_timber_node75node15_t2,0.0,9.0,I,node75node15,2,timber
flow_timber_node75node15_t3,0.0,9.0,I,node75node15,3,timber
flow_timber_node75node15_t4,0.0,9.0,I,node75node15,4,timber
flow_timber_node75node15_t5,0.0,9.0,I,node75node15,5,timber
flow_wide_node75node15_t1,0.0,9.0,I,node75node15,1,wide
flow_wide_node75node15_t2,0.0,9.0,I,node75node15,2,wide
flow_wide_node75node15_t3,0.0,9.0,I,node75node15,3,wide
flow_wide_node75node15_t4,0.0,9.0,I,node75node15,4,wide
flow_wide_node75node15_t5,0.0,9.0,I,node75node15,5,wide
flow_timber_node75node18_t1,0.0,9.0,I,node75node18,1,timber
flow_timber_node75node18_t2,0.0,9.0,I,node75node18,2,timber
flow_timber_node75node18_t3,0.0,9.0,I,node75node18,3,timber
flow_timber_node75node18_t4,0.0,9.0,I,node75node18,4,timber
flow_timber_node75node18_t5,0.0,9.0,I,node75node18,5,timber
flow_wide_node75node18_t1,0.0,9.0,I,node75node18,1,wide
flow_wide_node75node18_t2,0.0,9.0,I,node75node18,2,wide
flow_wide_node75node18_t3,0.0,9.0,I,node75node18,3,wide
flow_wide_node75node18_t4,0.0,9.0,I,node75node18,4,wide
flow_wide_node75node18_t5,0.0,9.0,I,node75node18,5,wide
flow_timber_node75node29_t1,0.0,9.0,I,node75node29,1,timber
flow_timber_node75node29_t2,0.0,9.0,I,node75node29,2,timber
flow_timber_node75node29_t3,0.0,9.0,I,node75node29,3,timber
flow_timber_node75node29_t4,0.0,9.0,I,node75node29,4,timber
flow_timber_node75node29_t5,0.0,9.0,I,node75node29,5,timber
flow_wide_node75node29_t1,0.0,9.0,I,node75node29,1,wide
flow_wide_node75node29_t2,0.0,9.0,I,node75node29,2,wide
flow_wide_node75node29_t3,0.0,9.0,I,node75node29,3,wide
flow_wide_node75node29_t4,0.0,9.0,I,node75node29,4,wide
flow_wide_node75node29_t5,0.0,9.0,I,node75node29,5,wide
flow_timber_node75node33_t1,0.0,9.0,I,node75node33,1,timber
flow_timber_node75node33_t2,0.0,9.0,I,node75node33,2,timber
flow_timber_node75node33_t3,0.0,9.0,I,node75node33,3,timber
flow_timber_node75node33_t4,0.0,9.0,I,node75node33,4,timber
flow_timber_node75node33_t5,0.0,9.0,I,node75node33,5,timber
flow_wide_node75node33_t1,0.0,9.0,I,node75node33,1,wide
flow_wide_node75node33_t2,0.0,9.0,I,node75node33,2,wide
flow_wide_node75node33_t3,0.0,9.0,I,node75node33,3,wide
flow_wide_node75node33_t4,0.0,9.0,I,node75node33,4,wide
flow_wide_node75node33_t5,0.0,9.0,I,node75node33,5,wide
flow_timber_node75node55_t1,0.0,9.0,I,node75node55,1,timber
flow_timber_node75node55_t2,0.0,9.0,I,node75node55,2,timber
flow_timber_node75node55_t3,0.0,9.0,I,node75node55,3,timber
flow_timber_node75node55_t4,0.0,9.0,I,node75node55,4,timber
flow_timber_node75node55_t5,0.0,9.0,I,node75node55,5,timber
flow_wide_node75node55_t1,0.0,9.0,I,node75node55,1,wide
flow_wide_node75node55_t2,0.0,9.0,I,node75node55,2,wide
flow_wide_node75node55_t3,0.0,9.0,I,node75node55,3,wide
flow_wide_node75node55_t4,0.0,9.0,I,node75node55,4,wide
flow_wide_node75node55_t5,0.0,9.0,I,node75node55,5,wide
flow_timber_node75node56_t1,0.0,9.0,I,node75node56,1,timber
flow_timber_node75node56_t2,0.0,9.0,I,node75node56,2,timber
flow_timber_node75node56_t3,0.0,9.0,I,node75node56,3,timber
flow_timber_node75node56_t4,0.0,9.0,I,node75node56,4,timber
flow_timber_node75node56_t5,0.0,9.0,I,node75node56,5,timber
flow_wide_node75node56_t1,0.0,9.0,I,node75node56,1,wide
flow_wide_node75node56_t2,0.0,9.0,I,node75node56,2,wide
flow_wide_node75node56_t3,0.0,9.0,I,node75node56,3,wide
flow_wide_node75node56_t4,0.0,9.0,I,node75node56,4,wide
flow_wide_node75node56_t5,0.0,9.0,I,node75node56,5,wide
flow_timber_node75node57_t1,0.0,9.0,I,node75node57,1,timber
flow_timber_node75node57_t2,0.0,9.0,I,node75node57,2,timber
flow_timber_node75node57_t3,0.0,9.0,I,node75node57,3,timber
flow_timber_node75node57_t4,0.0,9.0,I,node75node57,4,timber
flow_timber_node75node57_t5,0.0,9.0,I,node75node57,5,timber
flow_wide_node75node57_t1,0.0,9.0,I,node75node57,1,wide
flow_wide_node75node57_t2,0.0,9.0,I,node75node57,2,wide
flow_wide_node75node57_t3,0.0,9.0,I,node75node57,3,wide
flow_wide_node75node57_t4,0.0,9.0,I,node75node57,4,wide
flow_wide_node75node57_t5,0.0,9.0,I,node75node57,5,wide
flow_timber_node75node58_t1,0.0,9.0,I,node75node58,1,timber
flow_timber_node75node58_t2,0.0,9.0,I,node75node58,2,timber
flow_timber_node75node58_t3,0.0,9.0,I,node75node58,3,timber
flow_timber_node75node58_t4,0.0,9.0,I,node75node58,4,timber
flow_timber_node75node58_t5,0.0,9.0,I,node75node58,5,timber
flow_wide_node75node58_t1,0.0,9.0,I,node75node58,1,wide
flow_wide_node75node58_t2,0.0,9.0,I,node75node58,2,wide
flow_wide_node75node58_t3,0.0,9.0,I,node75node58,3,wide
flow_wide_node75node58_t4,0.0,9.0,I,node75node58,4,wide
flow_wide_node75node58_t5,0.0,9.0,I,node75node58,5,wide
flow_timber_node75node59_t1,0.0,9.0,I,node75node59,1,timber
flow_timber_node75node59_t2,0.0,9.0,I,node75node59,2,timber
flow_timber_node75node59_t3,0.0,9.0,I,node75node59,3,timber
flow_timber_node75node59_t4,0.0,9.0,I,node75node59,4,timber
flow_timber_node75node59_t5,0.0,9.0,I,node75node59,5,timber
flow_wide_node75node59_t1,0.0,9.0,I,node75node59,1,wide
flow_wide_node75node59_t2,0.0,9.0,I,node75node59,2,wide
flow_wide_node75node59_t3,0.0,9.0,I,node75node59,3,wide
flow_wide_node75node59_t4,0.0,9.0,I,node75node59,4,wide
flow_wide_node75node59_t5,0.0,9.0,I,node75node59,5,wide
flow_timber_node76node6_t1,0.0,9.0,I,node76node6,1,timber
flow_timber_node76node6_t2,0.0,9.0,I,node76node6,2,timber
flow_timber_node76node6_t3,0.0,9.0,I,node76node6,3,timber
flow_timber_node76node6_t4,0.0,9.0,I,node76node6,4,timber
flow_timber_node76node6_t5,0.0,9.0,I,node76node6,5,timber
flow_wide_node76node6_t1,0.0,9.0,I,node76node6,1,wide
flow_wide_node76node6_t2,0.0,9.0,I,node76node6,2,wide
flow_wide_node76node6_t3,0.0,9.0,I,node76node6,3,wide
flow_wide_node76node6_t4,0.0,9.0,I,node76node6,4,wide
flow_wide_node76node6_t5,0.0,9.0,I,node76node6,5,wide
flow_timber_node76node17_t1,0.0,9.0,I,node76node17,1,timber
flow_timber_node76node17_t2,0.0,9.0,I,node76node17,2,timber
flow_timber_node76node17_t3,0.0,9.0,I,node76node17,3,timber
flow_timber_node76node17_t4,0.0,9.0,I,node76node17,4,timber
flow_timber_node76node17_t5,0.0,9.0,I,node76node17,5,timber
flow_wide_node76node17_t1,0.0,9.0,I,node76node17,1,wide
flow_wide_node76node17_t2,0.0,9.0,I,node76node17,2,wide
flow_wide_node76node17_t3,0.0,9.0,I,node76node17,3,wide
flow_wide_node76node17_t4,0.0,9.0,I,node76node17,4,wide
flow_wide_node76node17_t5,0.0,9.0,I,node76node17,5,wide
flow_timber_node76node33_t1,0.0,9.0,I,node76node33,1,timber
flow_timber_node76node33_t2,0.0,9.0,I,node76node33,2,timber
flow_timber_node76node33_t3,0.0,9.0,I,node76node33,3,timber
flow_timber_node76node33_t4,0.0,9.0,I,node76node33,4,timber
flow_timber_node76node33_t5,0.0,9.0,I,node76node33,5,timber
flow_wide_node76node33_t1,0.0,9.0,I,node76node33,1,wide
flow_wide_node76node33_t2,0.0,9.0,I,node76node33,2,wide
flow_wide_node76node33_t3,0.0,9.0,I,node76node33,3,wide
flow_wide_node76node33_t4,0.0,9.0,I,node76node33,4,wide
flow_wide_node76node33_t5,0.0,9.0,I,node76node33,5,wide
flow_timber_node76node51_t1,0.0,9.0,I,node76node51,1,timber
flow_timber_node76node51_t2,0.0,9.0,I,node76node51,2,timber
flow_timber_node76node51_t3,0.0,9.0,I,node76node51,3,timber
flow_timber_node76node51_t4,0.0,9.0,I,node76node51,4,timber
flow_timber_node76node51_t5,0.0,9.0,I,node76node51,5,timber
flow_wide_node76node51_t1,0.0,9.0,I,node76node51,1,wide
flow_wide_node76node51_t2,0.0,9.0,I,node76node51,2,wide
flow_wide_node76node51_t3,0.0,9.0,I,node76node51,3,wide
flow_wide_node76node51_t4,0.0,9.0,I,node76node51,4,wide
flow_wide_node76node51_t5,0.0,9.0,I,node76node51,5,wide
flow_timber_node76node56_t1,0.0,9.0,I,node76node56,1,timber
flow_timber_node76node56_t2,0.0,9.0,I,node76node56,2,timber
flow_timber_node76node56_t3,0.0,9.0,I,node76node56,3,timber
flow_timber_node76node56_t4,0.0,9.0,I,node76node56,4,timber
flow_timber_node76node56_t5,0.0,9.0,I,node76node56,5,timber
flow_wide_node76node56_t1,0.0,9.0,I,node76node56,1,wide
flow_wide_node76node56_t2,0.0,9.0,I,node76node56,2,wide
flow_wide_node76node56_t3,0.0,9.0,I,node76node56,3,wide
flow_wide_node76node56_t4,0.0,9.0,I,node76node56,4,wide
flow_wide_node76node56_t5,0.0,9.0,I,node76node56,5,wide
flow_timber_node76node60_t1,0.0,9.0,I,node76node60,1,timber
flow_timber_node76node60_t2,0.0,9.0,I,node76node60,2,timber
flow_timber_node76node60_t3,0.0,9.0,I,node76node60,3,timber
flow_timber_node76node60_t4,0.0,9.0,I,node76node60,4,timber
flow_timber_node76node60_t5,0.0,9.0,I,node76node60,5,timber
flow_wide_node76node60_t1,0.0,9.0,I,node76node60,1,wide
flow_wide_node76node60_t2,0.0,9.0,I,node76node60,2,wide
flow_wide_node76node60_t3,0.0,9.0,I,node76node60,3,wide
flow_wide_node76node60_t4,0.0,9.0,I,node76node60,4,wide
flow_wide_node76node60_t5,0.0,9.0,I,node76node60,5,wide
flow_timber_node80node6_t1,0.0,9.0,I,node80node6,1,timber
flow_timber_node80node6_t2,0.0,9.0,I,node80node6,2,timber
flow_timber_node80node6_t3,0.0,9.0,I,node80node6,3,timber
flow_timber_node80node6_t4,0.0,9.0,I,node80node6,4,timber
flow_timber_node80node6_t5,0.0,9.0,I,node80node6,5,timber
flow_wide_node80node6_t1,0.0,9.0,I,node80node6,1,wide
flow_wide_node80node6_t2,0.0,9.0,I,node80node6,2,wide
flow_wide_node80node6_t3,0.0,9.0,I,node80node6,3,wide
flow_wide_node80node6_t4,0.0,9.0,I,node80node6,4,wide
flow_wide_node80node6_t5,0.0,9.0,I,node80node6,5,wide
flow_timber_node80node15_t1,0.0,9.0,I,node80node15,1,timber
flow_timber_node80node15_t2,0.0,9.0,I,node80node15,2,timber
flow_timber_node80node15_t3,0.0,9.0,I,node80node15,3,timber
flow_timber_node80node15_t4,0.0,9.0,I,node80node15,4,timber
flow_timber_node80node15_t5,0.0,9.0,I,node80node15,5,timber
flow_wide_node80node15_t1,0.0,9.0,I,node80node15,1,wide
flow_wide_node80node15_t2,0.0,9.0,I,node80node15,2,wide
flow_wide_node80node15_t3,0.0,9.0,I,node80node15,3,wide
flow_wide_node80node15_t4,0.0,9.0,I,node80node15,4,wide
flow_wide_node80node15_t5,0.0,9.0,I,node80node15,5,wide
flow_timber_node80node16_t1,0.0,9.0,I,node80node16,1,timber
flow_timber_node80node16_t2,0.0,9.0,I,node80node16,2,timber
flow_timber_node80node16_t3,0.0,9.0,I,node80node16,3,timber
flow_timber_node80node16_t4,0.0,9.0,I,node80node16,4,timber
flow_timber_node80node16_t5,0.0,9.0,I,node80node16,5,timber
flow_wide_node80node16_t1,0.0,9.0,I,node80node16,1,wide
flow_wide_node80node16_t2,0.0,9.0,I,node80node16,2,wide
flow_wide_node80node16_t3,0.0,9.0,I,node80node16,3,wide
flow_wide_node80node16_t4,0.0,9.0,I,node80node16,4,wide
flow_wide_node80node16_t5,0.0,9.0,I,node80node16,5,wide
flow_timber_node80node22_t1,0.0,9.0,I,node80node22,1,timber
flow_timber_node80node22_t2,0.0,9.0,I,node80node22,2,timber
flow_timber_node80node22_t3,0.0,9.0,I,node80node22,3,timber
flow_timber_node80node22_t4,0.0,9.0,I,node80node22,4,timber
flow_timber_node80node22_t5,0.0,9.0,I,node80node22,5,timber
flow_wide_node80node22_t1,0.0,9.0,I,node80node22,1,wide
flow_wide_node80node22_t2,0.0,9.0,I,node80node22,2,wide
flow_wide_node80node22_t3,0.0,9.0,I,node80node22,3,wide
flow_wide_node80node22_t4,0.0,9.0,I,node80node22,4,wide
flow_wide_node80node22_t5,0.0,9.0,I,node80node22,5,wide
flow_timber_node80node39_t1,0.0,9.0,I,node80node39,1,timber
flow_timber_node80node39_t2,0.0,9.0,I,node80node39,2,timber
flow_timber_node80node39_t3,0.0,9.0,I,node80node39,3,timber
flow_timber_node80node39_t4,0.0,9.0,I,node80node39,4,timber
flow_timber_node80node39_t5,0.0,9.0,I,node80node39,5,timber
flow_wide_node80node39_t1,0.0,9.0,I,node80node39,1,wide
flow_wide_node80node39_t2,0.0,9.0,I,node80node39,2,wide
flow_wide_node80node39_t3,0.0,9.0,I,node80node39,3,wide
flow_wide_node80node39_t4,0.0,9.0,I,node80node39,4,wide
flow_wide_node80node39_t5,0.0,9.0,I,node80node39,5,wide
flow_timber_node80node51_t1,0.0,9.0,I,node80node51,1,timber
flow_timber_node80node51_t2,0.0,9.0,I,node80node51,2,timber
flow_timber_node80node51_t3,0.0,9.0,I,node80node51,3,timber
flow_timber_node80node51_t4,0.0,9.0,I,node80node51,4,timber
flow_timber_node80node51_t5,0.0,9.0,I,node80node51,5,timber
flow_wide_node80node51_t1,0.0,9.0,I,node80node51,1,wide
flow_wide_node80node51_t2,0.0,9.0,I,node80node51,2,wide
flow_wide_node80node51_t3,0.0,9.0,I,node80node51,3,wide
flow_wide_node80node51_t4,0.0,9.0,I,node80node51,4,wide
flow_wide_node80node51_t5,0.0,9.0,I,node80node51,5,wide
flow_timber_node7node10_t1,0.0,9.0,I,node7node10,1,timber
flow_timber_node7node10_t2,0.0,9.0,I,node7node10,2,timber
flow_timber_node7node10_t3,0.0,9.0,I,node7node10,3,timber
flow_timber_node7node10_t4,0.0,9.0,I,node7node10,4,timber
flow_timber_node7node10_t5,0.0,9.0,I,node7node10,5,timber
flow_wide_node7node10_t1,0.0,9.0,I,node7node10,1,wide
flow_wide_node7node10_t2,0.0,9.0,I,node7node10,2,wide
flow_wide_node7node10_t3,0.0,9.0,I,node7node10,3,wide
flow_wide_node7node10_t4,0.0,9.0,I,node7node10,4,wide
flow_wide_node7node10_t5,0.0,9.0,I,node7node10,5,wide
flow_timber_node7node42_t1,0.0,9.0,I,node7node42,1,timber
flow_timber_node7node42_t2,0.0,9.0,I,node7node42,2,timber
flow_timber_node7node42_t3,0.0,9.0,I,node7node42,3,timber
flow_timber_node7node42_t4,0.0,9.0,I,node7node42,4,timber
flow_timber_node7node42_t5,0.0,9.0,I,node7node42,5,timber
flow_wide_node7node42_t1,0.0,9.0,I,node7node42,1,wide
flow_wide_node7node42_t2,0.0,9.0,I,node7node42,2,wide
flow_wide_node7node42_t3,0.0,9.0,I,node7node42,3,wide
flow_wide_node7node42_t4,0.0,9.0,I,node7node42,4,wide
flow_wide_node7node42_t5,0.0,9.0,I,node7node42,5,wide
flow_timber_node7node33_t1,0.0,9.0,I,node7node33,1,timber
flow_timber_node7node33_t2,0.0,9.0,I,node7node33,2,timber
flow_timber_node7node33_t3,0.0,9.0,I,node7node33,3,timber
flow_timber_node7node33_t4,0.0,9.0,I,node7node33,4,timber
flow_timber_node7node33_t5,0.0,9.0,I,node7node33,5,timber
flow_wide_node7node33_t1,0.0,9.0,I,node7node33,1,wide
flow_wide_node7node33_t2,0.0,9.0,I,node7node33,2,wide
flow_wide_node7node33_t3,0.0,9.0,I,node7node33,3,wide
flow_wide_node7node33_t4,0.0,9.0,I,node7node33,4,wide
flow_wide_node7node33_t5,0.0,9.0,I,node7node33,5,wide
flow_timber_node7node73_t1,0.0,9.0,I,node7node73,1,timber
flow_timber_node7node73_t2,0.0,9.0,I,node7node73,2,timber
flow_timber_node7node73_t3,0.0,9.0,I,node7node73,3,timber
flow_timber_node7node73_t4,0.0,9.0,I,node7node73,4,timber
flow_timber_node7node73_t5,0.0,9.0,I,node7node73,5,timber
flow_wide_node7node73_t1,0.0,9.0,I,node7node73,1,wide
flow_wide_node7node73_t2,0.0,9.0,I,node7node73,2,wide
flow_wide_node7node73_t3,0.0,9.0,I,node7node73,3,wide
flow_wide_node7node73_t4,0.0,9.0,I,node7node73,4,wide
flow_wide_node7node73_t5,0.0,9.0,I,node7node73,5,wide
flow_timber_node7node74_t1,0.0,9.0,I,node7node74,1,timber
flow_timber_node7node74_t2,0.0,9.0,I,node7node74,2,timber
flow_timber_node7node74_t3,0.0,9.0,I,node7node74,3,timber
flow_timber_node7node74_t4,0.0,9.0,I,node7node74,4,timber
flow_timber_node7node74_t5,0.0,9.0,I,node7node74,5,timber
flow_wide_node7node74_t1,0.0,9.0,I,node7node74,1,wide
flow_wide_node7node74_t2,0.0,9.0,I,node7node74,2,wide
flow_wide_node7node74_t3,0.0,9.0,I,node7node74,3,wide
flow_wide_node7node74_t4,0.0,9.0,I,node7node74,4,wide
flow_wide_node7node74_t5,0.0,9.0,I,node7node74,5,wide
flow_timber_node10node7_t1,0.0,9.0,I,node10node7,1,timber
flow_timber_node10node7_t2,0.0,9.0,I,node10node7,2,timber
flow_timber_node10node7_t3,0.0,9.0,I,node10node7,3,timber
flow_timber_node10node7_t4,0.0,9.0,I,node10node7,4,timber
flow_timber_node10node7_t5,0.0,9.0,I,node10node7,5,timber
flow_wide_node10node7_t1,0.0,9.0,I,node10node7,1,wide
flow_wide_node10node7_t2,0.0,9.0,I,node10node7,2,wide
flow_wide_node10node7_t3,0.0,9.0,I,node10node7,3,wide
flow_wide_node10node7_t4,0.0,9.0,I,node10node7,4,wide
flow_wide_node10node7_t5,0.0,9.0,I,node10node7,5,wide
flow_timber_node10node58_t1,0.0,9.0,I,node10node58,1,timber
flow_timber_node10node58_t2,0.0,9.0,I,node10node58,2,timber
flow_timber_node10node58_t3,0.0,9.0,I,node10node58,3,timber
flow_timber_node10node58_t4,0.0,9.0,I,node10node58,4,timber
flow_timber_node10node58_t5,0.0,9.0,I,node10node58,5,timber
flow_wide_node10node58_t1,0.0,9.0,I,node10node58,1,wide
flow_wide_node10node58_t2,0.0,9.0,I,node10node58,2,wide
flow_wide_node10node58_t3,0.0,9.0,I,node10node58,3,wide
flow_wide_node10node58_t4,0.0,9.0,I,node10node58,4,wide
flow_wide_node10node58_t5,0.0,9.0,I,node10node58,5,wide
flow_timber_node10node33_t1,0.0,9.0,I,node10node33,1,timber
flow_timber_node10node33_t2,0.0,9.0,I,node10node33,2,timber
flow_timber_node10node33_t3,0.0,9.0,I,node10node33,3,timber
flow_timber_node10node33_t4,0.0,9.0,I,node10node33,4,timber
flow_timber_node10node33_t5,0.0,9.0,I,node10node33,5,timber
flow_wide_node10node33_t1,0.0,9.0,I,node10node33,1,wide
flow_wide_node10node33_t2,0.0,9.0,I,node10node33,2,wide
flow_wide_node10node33_t3,0.0,9.0,I,node10node33,3,wide
flow_wide_node10node33_t4,0.0,9.0,I,node10node33,4,wide
flow_wide_node10node33_t5,0.0,9.0,I,node10node33,5,wide
flow_timber_node10node42_t1,0.0,9.0,I,node10node42,1,timber
flow_timber_node10node42_t2,0.0,9.0,I,node10node42,2,timber
flow_timber_node10node42_t3,0.0,9.0,I,node10node42,3,timber
flow_timber_node10node42_t4,0.0,9.0,I,node10node42,4,timber
flow_timber_node10node42_t5,0.0,9.0,I,node10node42,5,timber
flow_wide_node10node42_t1,0.0,9.0,I,node10node42,1,wide
flow_wide_node10node42_t2,0.0,9.0,I,node10node42,2,wide
flow_wide_node10node42_t3,0.0,9.0,I,node10node42,3,wide
flow_wide_node10node42_t4,0.0,9.0,I,node10node42,4,wide
flow_wide_node10node42_t5,0.0,9.0,I,node10node42,5,wide
flow_timber_node10node73_t1,0.0,9.0,I,node10node73,1,timber
flow_timber_node10node73_t2,0.0,9.0,I,node10node73,2,timber
flow_timber_node10node73_t3,0.0,9.0,I,node10node73,3,timber
flow_timber_node10node73_t4,0.0,9.0,I,node10node73,4,timber
flow_timber_node10node73_t5,0.0,9.0,I,node10node73,5,timber
flow_wide_node10node73_t1,0.0,9.0,I,node10node73,1,wide
flow_wide_node10node73_t2,0.0,9.0,I,node10node73,2,wide
flow_wide_node10node73_t3,0.0,9.0,I,node10node73,3,wide
flow_wide_node10node73_t4,0.0,9.0,I,node10node73,4,wide
flow_wide_node10node73_t5,0.0,9.0,I,node10node73,5,wide
flow_timber_node10node74_t1,0.0,9.0,I,node10node74,1,timber
flow_timber_node10node74_t2,0.0,9.0,I,node10node74,2,timber
flow_timber_node10node74_t3,0.0,9.0,I,node10node74,3,timber
flow_timber_node10node74_t4,0.0,9.0,I,node10node74,4,timber
flow_timber_node10node74_t5,0.0,9.0,I,node10node74,5,timber
flow_wide_node10node74_t1,0.0,9.0,I,node10node74,1,wide
flow_wide_node10node74_t2,0.0,9.0,I,node10node74,2,wide
flow_wide_node10node74_t3,0.0,9.0,I,node10node74,3,wide
flow_wide_node10node74_t4,0.0,9.0,I,node10node74,4,wide
flow_wide_node10node74_t5,0.0,9.0,I,node10node74,5,wide
flow_timber_node10node75_t1,0.0,9.0,I,node10node75,1,timber
flow_timber_node10node75_t2,0.0,9.0,I,node10node75,2,timber
flow_timber_node10node75_t3,0.0,9.0,I,node10node75,3,timber
flow_timber_node10node75_t4,0.0,9.0,I,node10node75,4,timber
flow_timber_node10node75_t5,0.0,9.0,I,node10node75,5,timber
flow_wide_node10node75_t1,0.0,9.0,I,node10node75,1,wide
flow_wide_node10node75_t2,0.0,9.0,I,node10node75,2,wide
flow_wide_node10node75_t3,0.0,9.0,I,node10node75,3,wide
flow_wide_node10node75_t4,0.0,9.0,I,node10node75,4,wide
flow_wide_node10node75_t5,0.0,9.0,I,node10node75,5,wide
flow_timber_node10node77_t1,0.0,9.0,I,node10node77,1,timber
flow_timber_node10node77_t2,0.0,9.0,I,node10node77,2,timber
flow_timber_node10node77_t3,0.0,9.0,I,node10node77,3,timber
flow_timber_node10node77_t4,0.0,9.0,I,node10node77,4,timber
flow_timber_node10node77_t5,0.0,9.0,I,node10node77,5,timber
flow_wide_node10node77_t1,0.0,9.0,I,node10node77,1,wide
flow_wide_node10node77_t2,0.0,9.0,I,node10node77,2,wide
flow_wide_node10node77_t3,0.0,9.0,I,node10node77,3,wide
flow_wide_node10node77_t4,0.0,9.0,I,node10node77,4,wide
flow_wide_node10node77_t5,0.0,9.0,I,node10node77,5,wide
flow_timber_node42node7_t1,0.0,9.0,I,node42node7,1,timber
flow_timber_node42node7_t2,0.0,9.0,I,node42node7,2,timber
flow_timber_node42node7_t3,0.0,9.0,I,node42node7,3,timber
flow_timber_node42node7_t4,0.0,9.0,I,node42node7,4,timber
flow_timber_node42node7_t5,0.0,9.0,I,node42node7,5,timber
flow_wide_node42node7_t1,0.0,9.0,I,node42node7,1,wide
flow_wide_node42node7_t2,0.0,9.0,I,node42node7,2,wide
flow_wide_node42node7_t3,0.0,9.0,I,node42node7,3,wide
flow_wide_node42node7_t4,0.0,9.0,I,node42node7,4,wide
flow_wide_node42node7_t5,0.0,9.0,I,node42node7,5,wide
flow_timber_node42node10_t1,0.0,9.0,I,node42node10,1,timber
flow_timber_node42node10_t2,0.0,9.0,I,node42node10,2,timber
flow_timber_node42node10_t3,0.0,9.0,I,node42node10,3,timber
flow_timber_node42node10_t4,0.0,9.0,I,node42node10,4,timber
flow_timber_node42node10_t5,0.0,9.0,I,node42node10,5,timber
flow_wide_node42node10_t1,0.0,9.0,I,node42node10,1,wide
flow_wide_node42node10_t2,0.0,9.0,I,node42node10,2,wide
flow_wide_node42node10_t3,0.0,9.0,I,node42node10,3,wide
flow_wide_node42node10_t4,0.0,9.0,I,node42node10,4,wide
flow_wide_node42node10_t5,0.0,9.0,I,node42node10,5,wide
flow_timber_node42node50_t1,0.0,9.0,I,node42node50,1,timber
flow_timber_node42node50_t2,0.0,9.0,I,node42node50,2,timber
flow_timber_node42node50_t3,0.0,9.0,I,node42node50,3,timber
flow_timber_node42node50_t4,0.0,9.0,I,node42node50,4,timber
flow_timber_node42node50_t5,0.0,9.0,I,node42node50,5,timber
flow_wide_node42node50_t1,0.0,9.0,I,node42node50,1,wide
flow_wide_node42node50_t2,0.0,9.0,I,node42node50,2,wide
flow_wide_node42node50_t3,0.0,9.0,I,node42node50,3,wide
flow_wide_node42node50_t4,0.0,9.0,I,node42node50,4,wide
flow_wide_node42node50_t5,0.0,9.0,I,node42node50,5,wide
flow_timber_node42node74_t1,0.0,9.0,I,node42node74,1,timber
flow_timber_node42node74_t2,0.0,9.0,I,node42node74,2,timber
flow_timber_node42node74_t3,0.0,9.0,I,node42node74,3,timber
flow_timber_node42node74_t4,0.0,9.0,I,node42node74,4,timber
flow_timber_node42node74_t5,0.0,9.0,I,node42node74,5,timber
flow_wide_node42node74_t1,0.0,9.0,I,node42node74,1,wide
flow_wide_node42node74_t2,0.0,9.0,I,node42node74,2,wide
flow_wide_node42node74_t3,0.0,9.0,I,node42node74,3,wide
flow_wide_node42node74_t4,0.0,9.0,I,node42node74,4,wide
flow_wide_node42node74_t5,0.0,9.0,I,node42node74,5,wide
flow_timber_node42node77_t1,0.0,9.0,I,node42node77,1,timber
flow_timber_node42node77_t2,0.0,9.0,I,node42node77,2,timber
flow_timber_node42node77_t3,0.0,9.0,I,node42node77,3,timber
flow_timber_node42node77_t4,0.0,9.0,I,node42node77,4,timber
flow_timber_node42node77_t5,0.0,9.0,I,node42node77,5,timber
flow_wide_node42node77_t1,0.0,9.0,I,node42node77,1,wide
flow_wide_node42node77_t2,0.0,9.0,I,node42node77,2,wide
flow_wide_node42node77_t3,0.0,9.0,I,node42node77,3,wide
flow_wide_node42node77_t4,0.0,9.0,I,node42node77,4,wide
flow_wide_node42node77_t5,0.0,9.0,I,node42node77,5,wide
flow_timber_node33node7_t1,0.0,9.0,I,node33node7,1,timber
flow_timber_node33node7_t2,0.0,9.0,I,node33node7,2,timber
flow_timber_node33node7_t3,0.0,9.0,I,node33node7,3,timber
flow_timber_node33node7_t4,0.0,9.0,I,node33node7,4,timber
flow_timber_node33node7_t5,0.0,9.0,I,node33node7,5,timber
flow_wide_node33node7_t1,0.0,9.0,I,node33node7,1,wide
flow_wide_node33node7_t2,0.0,9.0,I,node33node7,2,wide
flow_wide_node33node7_t3,0.0,9.0,I,node33node7,3,wide
flow_wide_node33node7_t4,0.0,9.0,I,node33node7,4,wide
flow_wide_node33node7_t5,0.0,9.0,I,node33node7,5,wide
flow_timber_node33node10_t1,0.0,9.0,I,node33node10,1,timber
flow_timber_node33node10_t2,0.0,9.0,I,node33node10,2,timber
flow_timber_node33node10_t3,0.0,9.0,I,node33node10,3,timber
flow_timber_node33node10_t4,0.0,9.0,I,node33node10,4,timber
flow_timber_node33node10_t5,0.0,9.0,I,node33node10,5,timber
flow_wide_node33node10_t1,0.0,9.0,I,node33node10,1,wide
flow_wide_node33node10_t2,0.0,9.0,I,node33node10,2,wide
flow_wide_node33node10_t3,0.0,9.0,I,node33node10,3,wide
flow_wide_node33node10_t4,0.0,9.0,I,node33node10,4,wide
flow_wide_node33node10_t5,0.0,9.0,I,node33node10,5,wide
flow_timber_node33node17_t1,0.0,9.0,I,node33node17,1,timber
flow_timber_node33node17_t2,0.0,9.0,I,node33node17,2,timber
flow_timber_node33node17_t3,0.0,9.0,I,node33node17,3,timber
flow_timber_node33node17_t4,0.0,9.0,I,node33node17,4,timber
flow_timber_node33node17_t5,0.0,9.0,I,node33node17,5,timber
flow_wide_node33node17_t1,0.0,9.0,I,node33node17,1,wide
flow_wide_node33node17_t2,0.0,9.0,I,node33node17,2,wide
flow_wide_node33node17_t3,0.0,9.0,I,node33node17,3,wide
flow_wide_node33node17_t4,0.0,9.0,I,node33node17,4,wide
flow_wide_node33node17_t5,0.0,9.0,I,node33node17,5,wide
flow_timber_node33node56_t1,0.0,9.0,I,node33node56,1,timber
flow_timber_node33node56_t2,0.0,9.0,I,node33node56,2,timber
flow_timber_node33node56_t3,0.0,9.0,I,node33node56,3,timber
flow_timber_node33node56_t4,0.0,9.0,I,node33node56,4,timber
flow_timber_node33node56_t5,0.0,9.0,I,node33node56,5,timber
flow_wide_node33node56_t1,0.0,9.0,I,node33node56,1,wide
flow_wide_node33node56_t2,0.0,9.0,I,node33node56,2,wide
flow_wide_node33node56_t3,0.0,9.0,I,node33node56,3,wide
flow_wide_node33node56_t4,0.0,9.0,I,node33node56,4,wide
flow_wide_node33node56_t5,0.0,9.0,I,node33node56,5,wide
flow_timber_node33node73_t1,0.0,9.0,I,node33node73,1,timber
flow_timber_node33node73_t2,0.0,9.0,I,node33node73,2,timber
flow_timber_node33node73_t3,0.0,9.0,I,node33node73,3,timber
flow_timber_node33node73_t4,0.0,9.0,I,node33node73,4,timber
flow_timber_node33node73_t5,0.0,9.0,I,node33node73,5,timber
flow_wide_node33node73_t1,0.0,9.0,I,node33node73,1,wide
flow_wide_node33node73_t2,0.0,9.0,I,node33node73,2,wide
flow_wide_node33node73_t3,0.0,9.0,I,node33node73,3,wide
flow_wide_node33node73_t4,0.0,9.0,I,node33node73,4,wide
flow_wide_node33node73_t5,0.0,9.0,I,node33node73,5,wide
flow_timber_node33node75_t1,0.0,9.0,I,node33node75,1,timber
flow_timber_node33node75_t2,0.0,9.0,I,node33node75,2,timber
flow_timber_node33node75_t3,0.0,9.0,I,node33node75,3,timber
flow_timber_node33node75_t4,0.0,9.0,I,node33node75,4,timber
flow_timber_node33node75_t5,0.0,9.0,I,node33node75,5,timber
flow_wide_node33node75_t1,0.0,9.0,I,node33node75,1,wide
flow_wide_node33node75_t2,0.0,9.0,I,node33node75,2,wide
flow_wide_node33node75_t3,0.0,9.0,I,node33node75,3,wide
flow_wide_node33node75_t4,0.0,9.0,I,node33node75,4,wide
flow_wide_node33node75_t5,0.0,9.0,I,node33node75,5,wide
flow_timber_node33node76_t1,0.0,9.0,I,node33node76,1,timber
flow_timber_node33node76_t2,0.0,9.0,I,node33node76,2,timber
flow_timber_node33node76_t3,0.0,9.0,I,node33node76,3,timber
flow_timber_node33node76_t4,0.0,9.0,I,node33node76,4,timber
flow_timber_node33node76_t5,0.0,9.0,I,node33node76,5,timber
flow_wide_node33node76_t1,0.0,9.0,I,node33node76,1,wide
flow_wide_node33node76_t2,0.0,9.0,I,node33node76,2,wide
flow_wide_node33node76_t3,0.0,9.0,I,node33node76,3,wide
flow_wide_node33node76_t4,0.0,9.0,I,node33node76,4,wide
flow_wide_node33node76_t5,0.0,9.0,I,node33node76,5,wide
flow_timber_node73node7_t1,0.0,9.0,I,node73node7,1,timber
flow_timber_node73node7_t2,0.0,9.0,I,node73node7,2,timber
flow_timber_node73node7_t3,0.0,9.0,I,node73node7,3,timber
flow_timber_node73node7_t4,0.0,9.0,I,node73node7,4,timber
flow_timber_node73node7_t5,0.0,9.0,I,node73node7,5,timber
flow_wide_node73node7_t1,0.0,9.0,I,node73node7,1,wide
flow_wide_node73node7_t2,0.0,9.0,I,node73node7,2,wide
flow_wide_node73node7_t3,0.0,9.0,I,node73node7,3,wide
flow_wide_node73node7_t4,0.0,9.0,I,node73node7,4,wide
flow_wide_node73node7_t5,0.0,9.0,I,node73node7,5,wide
flow_timber_node73node10_t1,0.0,9.0,I,node73node10,1,timber
flow_timber_node73node10_t2,0.0,9.0,I,node73node10,2,timber
flow_timber_node73node10_t3,0.0,9.0,I,node73node10,3,timber
flow_timber_node73node10_t4,0.0,9.0,I,node73node10,4,timber
flow_timber_node73node10_t5,0.0,9.0,I,node73node10,5,timber
flow_wide_node73node10_t1,0.0,9.0,I,node73node10,1,wide
flow_wide_node73node10_t2,0.0,9.0,I,node73node10,2,wide
flow_wide_node73node10_t3,0.0,9.0,I,node73node10,3,wide
flow_wide_node73node10_t4,0.0,9.0,I,node73node10,4,wide
flow_wide_node73node10_t5,0.0,9.0,I,node73node10,5,wide
flow_timber_node73node33_t1,0.0,9.0,I,node73node33,1,timber
flow_timber_node73node33_t2,0.0,9.0,I,node73node33,2,timber
flow_timber_node73node33_t3,0.0,9.0,I,node73node33,3,timber
flow_timber_node73node33_t4,0.0,9.0,I,node73node33,4,timber
flow_timber_node73node33_t5,0.0,9.0,I,node73node33,5,timber
flow_wide_node73node33_t1,0.0,9.0,I,node73node33,1,wide
flow_wide_node73node33_t2,0.0,9.0,I,node73node33,2,wide
flow_wide_node73node33_t3,0.0,9.0,I,node73node33,3,wide
flow_wide_node73node33_t4,0.0,9.0,I,node73node33,4,wide
flow_wide_node73node33_t5,0.0,9.0,I,node73node33,5,wide
flow_timber_node74node7_t1,0.0,9.0,I,node74node7,1,timber
flow_timber_node74node7_t2,0.0,9.0,I,node74node7,2,timber
flow_timber_node74node7_t3,0.0,9.0,I,node74node7,3,timber
flow_timber_node74node7_t4,0.0,9.0,I,node74node7,4,timber
flow_timber_node74node7_t5,0.0,9.0,I,node74node7,5,timber
flow_wide_node74node7_t1,0.0,9.0,I,node74node7,1,wide
flow_wide_node74node7_t2,0.0,9.0,I,node74node7,2,wide
flow_wide_node74node7_t3,0.0,9.0,I,node74node7,3,wide
flow_wide_node74node7_t4,0.0,9.0,I,node74node7,4,wide
flow_wide_node74node7_t5,0.0,9.0,I,node74node7,5,wide
flow_timber_node74node10_t1,0.0,9.0,I,node74node10,1,timber
flow_timber_node74node10_t2,0.0,9.0,I,node74node10,2,timber
flow_timber_node74node10_t3,0.0,9.0,I,node74node10,3,timber
flow_timber_node74node10_t4,0.0,9.0,I,node74node10,4,timber
flow_timber_node74node10_t5,0.0,9.0,I,node74node10,5,timber
flow_wide_node74node10_t1,0.0,9.0,I,node74node10,1,wide
flow_wide_node74node10_t2,0.0,9.0,I,node74node10,2,wide
flow_wide_node74node10_t3,0.0,9.0,I,node74node10,3,wide
flow_wide_node74node10_t4,0.0,9.0,I,node74node10,4,wide
flow_wide_node74node10_t5,0.0,9.0,I,node74node10,5,wide
flow_timber_node74node42_t1,0.0,9.0,I,node74node42,1,timber
flow_timber_node74node42_t2,0.0,9.0,I,node74node42,2,timber
flow_timber_node74node42_t3,0.0,9.0,I,node74node42,3,timber
flow_timber_node74node42_t4,0.0,9.0,I,node74node42,4,timber
flow_timber_node74node42_t5,0.0,9.0,I,node74node42,5,timber
flow_wide_node74node42_t1,0.0,9.0,I,node74node42,1,wide
flow_wide_node74node42_t2,0.0,9.0,I,node74node42,2,wide
flow_wide_node74node42_t3,0.0,9.0,I,node74node42,3,wide
flow_wide_node74node42_t4,0.0,9.0,I,node74node42,4,wide
flow_wide_node74node42_t5,0.0,9.0,I,node74node42,5,wide
flow_timber_node44node8_t1,0.0,9.0,I,node44node8,1,timber
flow_timber_node44node8_t2,0.0,9.0,I,node44node8,2,timber
flow_timber_node44node8_t3,0.0,9.0,I,node44node8,3,timber
flow_timber_node44node8_t4,0.0,9.0,I,node44node8,4,timber
flow_timber_node44node8_t5,0.0,9.0,I,node44node8,5,timber
flow_wide_node44node8_t1,0.0,9.0,I,node44node8,1,wide
flow_wide_node44node8_t2,0.0,9.0,I,node44node8,2,wide
flow_wide_node44node8_t3,0.0,9.0,I,node44node8,3,wide
flow_wide_node44node8_t4,0.0,9.0,I,node44node8,4,wide
flow_wide_node44node8_t5,0.0,9.0,I,node44node8,5,wide
flow_timber_node44node45_t1,0.0,9.0,I,node44node45,1,timber
flow_timber_node44node45_t2,0.0,9.0,I,node44node45,2,timber
flow_timber_node44node45_t3,0.0,9.0,I,node44node45,3,timber
flow_timber_node44node45_t4,0.0,9.0,I,node44node45,4,timber
flow_timber_node44node45_t5,0.0,9.0,I,node44node45,5,timber
flow_wide_node44node45_t1,0.0,9.0,I,node44node45,1,wide
flow_wide_node44node45_t2,0.0,9.0,I,node44node45,2,wide
flow_wide_node44node45_t3,0.0,9.0,I,node44node45,3,wide
flow_wide_node44node45_t4,0.0,9.0,I,node44node45,4,wide
flow_wide_node44node45_t5,0.0,9.0,I,node44node45,5,wide
flow_timber_node44node66_t1,0.0,9.0,I,node44node66,1,timber
flow_timber_node44node66_t2,0.0,9.0,I,node44node66,2,timber
flow_timber_node44node66_t3,0.0,9.0,I,node44node66,3,timber
flow_timber_node44node66_t4,0.0,9.0,I,node44node66,4,timber
flow_timber_node44node66_t5,0.0,9.0,I,node44node66,5,timber
flow_wide_node44node66_t1,0.0,9.0,I,node44node66,1,wide
flow_wide_node44node66_t2,0.0,9.0,I,node44node66,2,wide
flow_wide_node44node66_t3,0.0,9.0,I,node44node66,3,wide
flow_wide_node44node66_t4,0.0,9.0,I,node44node66,4,wide
flow_wide_node44node66_t5,0.0,9.0,I,node44node66,5,wide
flow_timber_node44node84_t1,0.0,9.0,I,node44node84,1,timber
flow_timber_node44node84_t2,0.0,9.0,I,node44node84,2,timber
flow_timber_node44node84_t3,0.0,9.0,I,node44node84,3,timber
flow_timber_node44node84_t4,0.0,9.0,I,node44node84,4,timber
flow_timber_node44node84_t5,0.0,9.0,I,node44node84,5,timber
flow_wide_node44node84_t1,0.0,9.0,I,node44node84,1,wide
flow_wide_node44node84_t2,0.0,9.0,I,node44node84,2,wide
flow_wide_node44node84_t3,0.0,9.0,I,node44node84,3,wide
flow_wide_node44node84_t4,0.0,9.0,I,node44node84,4,wide
flow_wide_node44node84_t5,0.0,9.0,I,node44node84,5,wide
flow_timber_node44node88_t1,0.0,9.0,I,node44node88,1,timber
flow_timber_node44node88_t2,0.0,9.0,I,node44node88,2,timber
flow_timber_node44node88_t3,0.0,9.0,I,node44node88,3,timber
flow_timber_node44node88_t4,0.0,9.0,I,node44node88,4,timber
flow_timber_node44node88_t5,0.0,9.0,I,node44node88,5,timber
flow_wide_node44node88_t1,0.0,9.0,I,node44node88,1,wide
flow_wide_node44node88_t2,0.0,9.0,I,node44node88,2,wide
flow_wide_node44node88_t3,0.0,9.0,I,node44node88,3,wide
flow_wide_node44node88_t4,0.0,9.0,I,node44node88,4,wide
flow_wide_node44node88_t5,0.0,9.0,I,node44node88,5,wide
flow_timber_node44node91_t1,0.0,9.0,I,node44node91,1,timber
flow_timber_node44node91_t2,0.0,9.0,I,node44node91,2,timber
flow_timber_node44node91_t3,0.0,9.0,I,node44node91,3,timber
flow_timber_node44node91_t4,0.0,9.0,I,node44node91,4,timber
flow_timber_node44node91_t5,0.0,9.0,I,node44node91,5,timber
flow_wide_node44node91_t1,0.0,9.0,I,node44node91,1,wide
flow_wide_node44node91_t2,0.0,9.0,I,node44node91,2,wide
flow_wide_node44node91_t3,0.0,9.0,I,node44node91,3,wide
flow_wide_node44node91_t4,0.0,9.0,I,node44node91,4,wide
flow_wide_node44node91_t5,0.0,9.0,I,node44node91,5,wide
flow_timber_node27node9_t1,0.0,9.0,I,node27node9,1,timber
flow_timber_node27node9_t2,0.0,9.0,I,node27node9,2,timber
flow_timber_node27node9_t3,0.0,9.0,I,node27node9,3,timber
flow_timber_node27node9_t4,0.0,9.0,I,node27node9,4,timber
flow_timber_node27node9_t5,0.0,9.0,I,node27node9,5,timber
flow_wide_node27node9_t1,0.0,9.0,I,node27node9,1,wide
flow_wide_node27node9_t2,0.0,9.0,I,node27node9,2,wide
flow_wide_node27node9_t3,0.0,9.0,I,node27node9,3,wide
flow_wide_node27node9_t4,0.0,9.0,I,node27node9,4,wide
flow_wide_node27node9_t5,0.0,9.0,I,node27node9,5,wide
flow_timber_node27node46_t1,0.0,9.0,I,node27node46,1,timber
flow_timber_node27node46_t2,0.0,9.0,I,node27node46,2,timber
flow_timber_node27node46_t3,0.0,9.0,I,node27node46,3,timber
flow_timber_node27node46_t4,0.0,9.0,I,node27node46,4,timber
flow_timber_node27node46_t5,0.0,9.0,I,node27node46,5,timber
flow_wide_node27node46_t1,0.0,9.0,I,node27node46,1,wide
flow_wide_node27node46_t2,0.0,9.0,I,node27node46,2,wide
flow_wide_node27node46_t3,0.0,9.0,I,node27node46,3,wide
flow_wide_node27node46_t4,0.0,9.0,I,node27node46,4,wide
flow_wide_node27node46_t5,0.0,9.0,I,node27node46,5,wide
flow_timber_node27node30_t1,0.0,9.0,I,node27node30,1,timber
flow_timber_node27node30_t2,0.0,9.0,I,node27node30,2,timber
flow_timber_node27node30_t3,0.0,9.0,I,node27node30,3,timber
flow_timber_node27node30_t4,0.0,9.0,I,node27node30,4,timber
flow_timber_node27node30_t5,0.0,9.0,I,node27node30,5,timber
flow_wide_node27node30_t1,0.0,9.0,I,node27node30,1,wide
flow_wide_node27node30_t2,0.0,9.0,I,node27node30,2,wide
flow_wide_node27node30_t3,0.0,9.0,I,node27node30,3,wide
flow_wide_node27node30_t4,0.0,9.0,I,node27node30,4,wide
flow_wide_node27node30_t5,0.0,9.0,I,node27node30,5,wide
flow_timber_node27node90_t1,0.0,9.0,I,node27node90,1,timber
flow_timber_node27node90_t2,0.0,9.0,I,node27node90,2,timber
flow_timber_node27node90_t3,0.0,9.0,I,node27node90,3,timber
flow_timber_node27node90_t4,0.0,9.0,I,node27node90,4,timber
flow_timber_node27node90_t5,0.0,9.0,I,node27node90,5,timber
flow_wide_node27node90_t1,0.0,9.0,I,node27node90,1,wide
flow_wide_node27node90_t2,0.0,9.0,I,node27node90,2,wide
flow_wide_node27node90_t3,0.0,9.0,I,node27node90,3,wide
flow_wide_node27node90_t4,0.0,9.0,I,node27node90,4,wide
flow_wide_node27node90_t5,0.0,9.0,I,node27node90,5,wide
flow_timber_node27node95_t1,0.0,9.0,I,node27node95,1,timber
flow_timber_node27node95_t2,0.0,9.0,I,node27node95,2,timber
flow_timber_node27node95_t3,0.0,9.0,I,node27node95,3,timber
flow_timber_node27node95_t4,0.0,9.0,I,node27node95,4,timber
flow_timber_node27node95_t5,0.0,9.0,I,node27node95,5,timber
flow_wide_node27node95_t1,0.0,9.0,I,node27node95,1,wide
flow_wide_node27node95_t2,0.0,9.0,I,node27node95,2,wide
flow_wide_node27node95_t3,0.0,9.0,I,node27node95,3,wide
flow_wide_node27node95_t4,0.0,9.0,I,node27node95,4,wide
flow_wide_node27node95_t5,0.0,9.0,I,node27node95,5,wide
flow_timber_node27node96_t1,0.0,9.0,I,node27node96,1,timber
flow_timber_node27node96_t2,0.0,9.0,I,node27node96,2,timber
flow_timber_node27node96_t3,0.0,9.0,I,node27node96,3,timber
flow_timber_node27node96_t4,0.0,9.0,I,node27node96,4,timber
flow_timber_node27node96_t5,0.0,9.0,I,node27node96,5,timber
flow_wide_node27node96_t1,0.0,9.0,I,node27node96,1,wide
flow_wide_node27node96_t2,0.0,9.0,I,node27node96,2,wide
flow_wide_node27node96_t3,0.0,9.0,I,node27node96,3,wide
flow_wide_node27node96_t4,0.0,9.0,I,node27node96,4,wide
flow_wide_node27node96_t5,0.0,9.0,I,node27node96,5,wide
flow_timber_node95node9_t1,0.0,9.0,I,node95node9,1,timber
flow_timber_node95node9_t2,0.0,9.0,I,node95node9,2,timber
flow_timber_node95node9_t3,0.0,9.0,I,node95node9,3,timber
flow_timber_node95node9_t4,0.0,9.0,I,node95node9,4,timber
flow_timber_node95node9_t5,0.0,9.0,I,node95node9,5,timber
flow_wide_node95node9_t1,0.0,9.0,I,node95node9,1,wide
flow_wide_node95node9_t2,0.0,9.0,I,node95node9,2,wide
flow_wide_node95node9_t3,0.0,9.0,I,node95node9,3,wide
flow_wide_node95node9_t4,0.0,9.0,I,node95node9,4,wide
flow_wide_node95node9_t5,0.0,9.0,I,node95node9,5,wide
flow_timber_node95node21_t1,0.0,9.0,I,node95node21,1,timber
flow_timber_node95node21_t2,0.0,9.0,I,node95node21,2,timber
flow_timber_node95node21_t3,0.0,9.0,I,node95node21,3,timber
flow_timber_node95node21_t4,0.0,9.0,I,node95node21,4,timber
flow_timber_node95node21_t5,0.0,9.0,I,node95node21,5,timber
flow_wide_node95node21_t1,0.0,9.0,I,node95node21,1,wide
flow_wide_node95node21_t2,0.0,9.0,I,node95node21,2,wide
flow_wide_node95node21_t3,0.0,9.0,I,node95node21,3,wide
flow_wide_node95node21_t4,0.0,9.0,I,node95node21,4,wide
flow_wide_node95node21_t5,0.0,9.0,I,node95node21,5,wide
flow_timber_node95node27_t1,0.0,9.0,I,node95node27,1,timber
flow_timber_node95node27_t2,0.0,9.0,I,node95node27,2,timber
flow_timber_node95node27_t3,0.0,9.0,I,node95node27,3,timber
flow_timber_node95node27_t4,0.0,9.0,I,node95node27,4,timber
flow_timber_node95node27_t5,0.0,9.0,I,node95node27,5,timber
flow_wide_node95node27_t1,0.0,9.0,I,node95node27,1,wide
flow_wide_node95node27_t2,0.0,9.0,I,node95node27,2,wide
flow_wide_node95node27_t3,0.0,9.0,I,node95node27,3,wide
flow_wide_node95node27_t4,0.0,9.0,I,node95node27,4,wide
flow_wide_node95node27_t5,0.0,9.0,I,node95node27,5,wide
flow_timber_node95node38_t1,0.0,9.0,I,node95node38,1,timber
flow_timber_node95node38_t2,0.0,9.0,I,node95node38,2,timber
flow_timber_node95node38_t3,0.0,9.0,I,node95node38,3,timber
flow_timber_node95node38_t4,0.0,9.0,I,node95node38,4,timber
flow_timber_node95node38_t5,0.0,9.0,I,node95node38,5,timber
flow_wide_node95node38_t1,0.0,9.0,I,node95node38,1,wide
flow_wide_node95node38_t2,0.0,9.0,I,node95node38,2,wide
flow_wide_node95node38_t3,0.0,9.0,I,node95node38,3,wide
flow_wide_node95node38_t4,0.0,9.0,I,node95node38,4,wide
flow_wide_node95node38_t5,0.0,9.0,I,node95node38,5,wide
flow_timber_node95node46_t1,0.0,9.0,I,node95node46,1,timber
flow_timber_node95node46_t2,0.0,9.0,I,node95node46,2,timber
flow_timber_node95node46_t3,0.0,9.0,I,node95node46,3,timber
flow_timber_node95node46_t4,0.0,9.0,I,node95node46,4,timber
flow_timber_node95node46_t5,0.0,9.0,I,node95node46,5,timber
flow_wide_node95node46_t1,0.0,9.0,I,node95node46,1,wide
flow_wide_node95node46_t2,0.0,9.0,I,node95node46,2,wide
flow_wide_node95node46_t3,0.0,9.0,I,node95node46,3,wide
flow_wide_node95node46_t4,0.0,9.0,I,node95node46,4,wide
flow_wide_node95node46_t5,0.0,9.0,I,node95node46,5,wide
flow_timber_node95node54_t1,0.0,9.0,I,node95node54,1,timber
flow_timber_node95node54_t2,0.0,9.0,I,node95node54,2,timber
flow_timber_node95node54_t3,0.0,9.0,I,node95node54,3,timber
flow_timber_node95node54_t4,0.0,9.0,I,node95node54,4,timber
flow_timber_node95node54_t5,0.0,9.0,I,node95node54,5,timber
flow_wide_node95node54_t1,0.0,9.0,I,node95node54,1,wide
flow_wide_node95node54_t2,0.0,9.0,I,node95node54,2,wide
flow_wide_node95node54_t3,0.0,9.0,I,node95node54,3,wide
flow_wide_node95node54_t4,0.0,9.0,I,node95node54,4,wide
flow_wide_node95node54_t5,0.0,9.0,I,node95node54,5,wide
flow_timber_node58node10_t1,0.0,9.0,I,node58node10,1,timber
flow_timber_node58node10_t2,0.0,9.0,I,node58node10,2,timber
flow_timber_node58node10_t3,0.0,9.0,I,node58node10,3,timber
flow_timber_node58node10_t4,0.0,9.0,I,node58node10,4,timber
flow_timber_node58node10_t5,0.0,9.0,I,node58node10,5,timber
flow_wide_node58node10_t1,0.0,9.0,I,node58node10,1,wide
flow_wide_node58node10_t2,0.0,9.0,I,node58node10,2,wide
flow_wide_node58node10_t3,0.0,9.0,I,node58node10,3,wide
flow_wide_node58node10_t4,0.0,9.0,I,node58node10,4,wide
flow_wide_node58node10_t5,0.0,9.0,I,node58node10,5,wide
flow_timber_node58node57_t1,0.0,9.0,I,node58node57,1,timber
flow_timber_node58node57_t2,0.0,9.0,I,node58node57,2,timber
flow_timber_node58node57_t3,0.0,9.0,I,node58node57,3,timber
flow_timber_node58node57_t4,0.0,9.0,I,node58node57,4,timber
flow_timber_node58node57_t5,0.0,9.0,I,node58node57,5,timber
flow_wide_node58node57_t1,0.0,9.0,I,node58node57,1,wide
flow_wide_node58node57_t2,0.0,9.0,I,node58node57,2,wide
flow_wide_node58node57_t3,0.0,9.0,I,node58node57,3,wide
flow_wide_node58node57_t4,0.0,9.0,I,node58node57,4,wide
flow_wide_node58node57_t5,0.0,9.0,I,node58node57,5,wide
flow_timber_node58node75_t1,0.0,9.0,I,node58node75,1,timber
flow_timber_node58node75_t2,0.0,9.0,I,node58node75,2,timber
flow_timber_node58node75_t3,0.0,9.0,I,node58node75,3,timber
flow_timber_node58node75_t4,0.0,9.0,I,node58node75,4,timber
flow_timber_node58node75_t5,0.0,9.0,I,node58node75,5,timber
flow_wide_node58node75_t1,0.0,9.0,I,node58node75,1,wide
flow_wide_node58node75_t2,0.0,9.0,I,node58node75,2,wide
flow_wide_node58node75_t3,0.0,9.0,I,node58node75,3,wide
flow_wide_node58node75_t4,0.0,9.0,I,node58node75,4,wide
flow_wide_node58node75_t5,0.0,9.0,I,node58node75,5,wide
flow_timber_node58node77_t1,0.0,9.0,I,node58node77,1,timber
flow_timber_node58node77_t2,0.0,9.0,I,node58node77,2,timber
flow_timber_node58node77_t3,0.0,9.0,I,node58node77,3,timber
flow_timber_node58node77_t4,0.0,9.0,I,node58node77,4,timber
flow_timber_node58node77_t5,0.0,9.0,I,node58node77,5,timber
flow_wide_node58node77_t1,0.0,9.0,I,node58node77,1,wide
flow_wide_node58node77_t2,0.0,9.0,I,node58node77,2,wide
flow_wide_node58node77_t3,0.0,9.0,I,node58node77,3,wide
flow_wide_node58node77_t4,0.0,9.0,I,node58node77,4,wide
flow_wide_node58node77_t5,0.0,9.0,I,node58node77,5,wide
flow_timber_node77node10_t1,0.0,9.0,I,node77node10,1,timber
flow_timber_node77node10_t2,0.0,9.0,I,node77node10,2,timber
flow_timber_node77node10_t3,0.0,9.0,I,node77node10,3,timber
flow_timber_node77node10_t4,0.0,9.0,I,node77node10,4,timber
flow_timber_node77node10_t5,0.0,9.0,I,node77node10,5,timber
flow_wide_node77node10_t1,0.0,9.0,I,node77node10,1,wide
flow_wide_node77node10_t2,0.0,9.0,I,node77node10,2,wide
flow_wide_node77node10_t3,0.0,9.0,I,node77node10,3,wide
flow_wide_node77node10_t4,0.0,9.0,I,node77node10,4,wide
flow_wide_node77node10_t5,0.0,9.0,I,node77node10,5,wide
flow_timber_node77node18_t1,0.0,9.0,I,node77node18,1,timber
flow_timber_node77node18_t2,0.0,9.0,I,node77node18,2,timber
flow_timber_node77node18_t3,0.0,9.0,I,node77node18,3,timber
flow_timber_node77node18_t4,0.0,9.0,I,node77node18,4,timber
flow_timber_node77node18_t5,0.0,9.0,I,node77node18,5,timber
flow_wide_node77node18_t1,0.0,9.0,I,node77node18,1,wide
flow_wide_node77node18_t2,0.0,9.0,I,node77node18,2,wide
flow_wide_node77node18_t3,0.0,9.0,I,node77node18,3,wide
flow_wide_node77node18_t4,0.0,9.0,I,node77node18,4,wide
flow_wide_node77node18_t5,0.0,9.0,I,node77node18,5,wide
flow_timber_node77node35_t1,0.0,9.0,I,node77node35,1,timber
flow_timber_node77node35_t2,0.0,9.0,I,node77node35,2,timber
flow_timber_node77node35_t3,0.0,9.0,I,node77node35,3,timber
flow_timber_node77node35_t4,0.0,9.0,I,node77node35,4,timber
flow_timber_node77node35_t5,0.0,9.0,I,node77node35,5,timber
flow_wide_node77node35_t1,0.0,9.0,I,node77node35,1,wide
flow_wide_node77node35_t2,0.0,9.0,I,node77node35,2,wide
flow_wide_node77node35_t3,0.0,9.0,I,node77node35,3,wide
flow_wide_node77node35_t4,0.0,9.0,I,node77node35,4,wide
flow_wide_node77node35_t5,0.0,9.0,I,node77node35,5,wide
flow_timber_node77node42_t1,0.0,9.0,I,node77node42,1,timber
flow_timber_node77node42_t2,0.0,9.0,I,node77node42,2,timber
flow_timber_node77node42_t3,0.0,9.0,I,node77node42,3,timber
flow_timber_node77node42_t4,0.0,9.0,I,node77node42,4,timber
flow_timber_node77node42_t5,0.0,9.0,I,node77node42,5,timber
flow_wide_node77node42_t1,0.0,9.0,I,node77node42,1,wide
flow_wide_node77node42_t2,0.0,9.0,I,node77node42,2,wide
flow_wide_node77node42_t3,0.0,9.0,I,node77node42,3,wide
flow_wide_node77node42_t4,0.0,9.0,I,node77node42,4,wide
flow_wide_node77node42_t5,0.0,9.0,I,node77node42,5,wide
flow_timber_node77node50_t1,0.0,9.0,I,node77node50,1,timber
flow_timber_node77node50_t2,0.0,9.0,I,node77node50,2,timber
flow_timber_node77node50_t3,0.0,9.0,I,node77node50,3,timber
flow_timber_node77node50_t4,0.0,9.0,I,node77node50,4,timber
flow_timber_node77node50_t5,0.0,9.0,I,node77node50,5,timber
flow_wide_node77node50_t1,0.0,9.0,I,node77node50,1,wide
flow_wide_node77node50_t2,0.0,9.0,I,node77node50,2,wide
flow_wide_node77node50_t3,0.0,9.0,I,node77node50,3,wide
flow_wide_node77node50_t4,0.0,9.0,I,node77node50,4,wide
flow_wide_node77node50_t5,0.0,9.0,I,node77node50,5,wide
flow_timber_node77node57_t1,0.0,9.0,I,node77node57,1,timber
flow_timber_node77node57_t2,0.0,9.0,I,node77node57,2,timber
flow_timber_node77node57_t3,0.0,9.0,I,node77node57,3,timber
flow_timber_node77node57_t4,0.0,9.0,I,node77node57,4,timber
flow_timber_node77node57_t5,0.0,9.0,I,node77node57,5,timber
flow_wide_node77node57_t1,0.0,9.0,I,node77node57,1,wide
flow_wide_node77node57_t2,0.0,9.0,I,node77node57,2,wide
flow_wide_node77node57_t3,0.0,9.0,I,node77node57,3,wide
flow_wide_node77node57_t4,0.0,9.0,I,node77node57,4,wide
flow_wide_node77node57_t5,0.0,9.0,I,node77node57,5,wide
flow_timber_node77node58_t1,0.0,9.0,I,node77node58,1,timber
flow_timber_node77node58_t2,0.0,9.0,I,node77node58,2,timber
flow_timber_node77node58_t3,0.0,9.0,I,node77node58,3,timber
flow_timber_node77node58_t4,0.0,9.0,I,node77node58,4,timber
flow_timber_node77node58_t5,0.0,9.0,I,node77node58,5,timber
flow_wide_node77node58_t1,0.0,9.0,I,node77node58,1,wide
flow_wide_node77node58_t2,0.0,9.0,I,node77node58,2,wide
flow_wide_node77node58_t3,0.0,9.0,I,node77node58,3,wide
flow_wide_node77node58_t4,0.0,9.0,I,node77node58,4,wide
flow_wide_node77node58_t5,0.0,9.0,I,node77node58,5,wide
flow_timber_node11node69_t1,0.0,9.0,I,node11node69,1,timber
flow_timber_node11node69_t2,0.0,9.0,I,node11node69,2,timber
flow_timber_node11node69_t3,0.0,9.0,I,node11node69,3,timber
flow_timber_node11node69_t4,0.0,9.0,I,node11node69,4,timber
flow_timber_node11node69_t5,0.0,9.0,I,node11node69,5,timber
flow_wide_node11node69_t1,0.0,9.0,I,node11node69,1,wide
flow_wide_node11node69_t2,0.0,9.0,I,node11node69,2,wide
flow_wide_node11node69_t3,0.0,9.0,I,node11node69,3,wide
flow_wide_node11node69_t4,0.0,9.0,I,node11node69,4,wide
flow_wide_node11node69_t5,0.0,9.0,I,node11node69,5,wide
flow_timber_node11node34_t1,0.0,9.0,I,node11node34,1,timber
flow_timber_node11node34_t2,0.0,9.0,I,node11node34,2,timber
flow_timber_node11node34_t3,0.0,9.0,I,node11node34,3,timber
flow_timber_node11node34_t4,0.0,9.0,I,node11node34,4,timber
flow_timber_node11node34_t5,0.0,9.0,I,node11node34,5,timber
flow_wide_node11node34_t1,0.0,9.0,I,node11node34,1,wide
flow_wide_node11node34_t2,0.0,9.0,I,node11node34,2,wide
flow_wide_node11node34_t3,0.0,9.0,I,node11node34,3,wide
flow_wide_node11node34_t4,0.0,9.0,I,node11node34,4,wide
flow_wide_node11node34_t5,0.0,9.0,I,node11node34,5,wide
flow_timber_node11node41_t1,0.0,9.0,I,node11node41,1,timber
flow_timber_node11node41_t2,0.0,9.0,I,node11node41,2,timber
flow_timber_node11node41_t3,0.0,9.0,I,node11node41,3,timber
flow_timber_node11node41_t4,0.0,9.0,I,node11node41,4,timber
flow_timber_node11node41_t5,0.0,9.0,I,node11node41,5,timber
flow_wide_node11node41_t1,0.0,9.0,I,node11node41,1,wide
flow_wide_node11node41_t2,0.0,9.0,I,node11node41,2,wide
flow_wide_node11node41_t3,0.0,9.0,I,node11node41,3,wide
flow_wide_node11node41_t4,0.0,9.0,I,node11node41,4,wide
flow_wide_node11node41_t5,0.0,9.0,I,node11node41,5,wide
flow_timber_node11node88_t1,0.0,9.0,I,node11node88,1,timber
flow_timber_node11node88_t2,0.0,9.0,I,node11node88,2,timber
flow_timber_node11node88_t3,0.0,9.0,I,node11node88,3,timber
flow_timber_node11node88_t4,0.0,9.0,I,node11node88,4,timber
flow_timber_node11node88_t5,0.0,9.0,I,node11node88,5,timber
flow_wide_node11node88_t1,0.0,9.0,I,node11node88,1,wide
flow_wide_node11node88_t2,0.0,9.0,I,node11node88,2,wide
flow_wide_node11node88_t3,0.0,9.0,I,node11node88,3,wide
flow_wide_node11node88_t4,0.0,9.0,I,node11node88,4,wide
flow_wide_node11node88_t5,0.0,9.0,I,node11node88,5,wide
flow_timber_node11node93_t1,0.0,9.0,I,node11node93,1,timber
flow_timber_node11node93_t2,0.0,9.0,I,node11node93,2,timber
flow_timber_node11node93_t3,0.0,9.0,I,node11node93,3,timber
flow_timber_node11node93_t4,0.0,9.0,I,node11node93,4,timber
flow_timber_node11node93_t5,0.0,9.0,I,node11node93,5,timber
flow_wide_node11node93_t1,0.0,9.0,I,node11node93,1,wide
flow_wide_node11node93_t2,0.0,9.0,I,node11node93,2,wide
flow_wide_node11node93_t3,0.0,9.0,I,node11node93,3,wide
flow_wide_node11node93_t4,0.0,9.0,I,node11node93,4,wide
flow_wide_node11node93_t5,0.0,9.0,I,node11node93,5,wide
flow_timber_node69node11_t1,0.0,9.0,I,node69node11,1,timber
flow_timber_node69node11_t2,0.0,9.0,I,node69node11,2,timber
flow_timber_node69node11_t3,0.0,9.0,I,node69node11,3,timber
flow_timber_node69node11_t4,0.0,9.0,I,node69node11,4,timber
flow_timber_node69node11_t5,0.0,9.0,I,node69node11,5,timber
flow_wide_node69node11_t1,0.0,9.0,I,node69node11,1,wide
flow_wide_node69node11_t2,0.0,9.0,I,node69node11,2,wide
flow_wide_node69node11_t3,0.0,9.0,I,node69node11,3,wide
flow_wide_node69node11_t4,0.0,9.0,I,node69node11,4,wide
flow_wide_node69node11_t5,0.0,9.0,I,node69node11,5,wide
flow_timber_node69node71_t1,0.0,9.0,I,node69node71,1,timber
flow_timber_node69node71_t2,0.0,9.0,I,node69node71,2,timber
flow_timber_node69node71_t3,0.0,9.0,I,node69node71,3,timber
flow_timber_node69node71_t4,0.0,9.0,I,node69node71,4,timber
flow_timber_node69node71_t5,0.0,9.0,I,node69node71,5,timber
flow_wide_node69node71_t1,0.0,9.0,I,node69node71,1,wide
flow_wide_node69node71_t2,0.0,9.0,I,node69node71,2,wide
flow_wide_node69node71_t3,0.0,9.0,I,node69node71,3,wide
flow_wide_node69node71_t4,0.0,9.0,I,node69node71,4,wide
flow_wide_node69node71_t5,0.0,9.0,I,node69node71,5,wide
flow_timber_node69node88_t1,0.0,9.0,I,node69node88,1,timber
flow_timber_node69node88_t2,0.0,9.0,I,node69node88,2,timber
flow_timber_node69node88_t3,0.0,9.0,I,node69node88,3,timber
flow_timber_node69node88_t4,0.0,9.0,I,node69node88,4,timber
flow_timber_node69node88_t5,0.0,9.0,I,node69node88,5,timber
flow_wide_node69node88_t1,0.0,9.0,I,node69node88,1,wide
flow_wide_node69node88_t2,0.0,9.0,I,node69node88,2,wide
flow_wide_node69node88_t3,0.0,9.0,I,node69node88,3,wide
flow_wide_node69node88_t4,0.0,9.0,I,node69node88,4,wide
flow_wide_node69node88_t5,0.0,9.0,I,node69node88,5,wide
flow_timber_node69node93_t1,0.0,9.0,I,node69node93,1,timber
flow_timber_node69node93_t2,0.0,9.0,I,node69node93,2,timber
flow_timber_node69node93_t3,0.0,9.0,I,node69node93,3,timber
flow_timber_node69node93_t4,0.0,9.0,I,node69node93,4,timber
flow_timber_node69node93_t5,0.0,9.0,I,node69node93,5,timber
flow_wide_node69node93_t1,0.0,9.0,I,node69node93,1,wide
flow_wide_node69node93_t2,0.0,9.0,I,node69node93,2,wide
flow_wide_node69node93_t3,0.0,9.0,I,node69node93,3,wide
flow_wide_node69node93_t4,0.0,9.0,I,node69node93,4,wide
flow_wide_node69node93_t5,0.0,9.0,I,node69node93,5,wide
flow_timber_node34node11_t1,0.0,9.0,I,node34node11,1,timber
flow_timber_node34node11_t2,0.0,9.0,I,node34node11,2,timber
flow_timber_node34node11_t3,0.0,9.0,I,node34node11,3,timber
flow_timber_node34node11_t4,0.0,9.0,I,node34node11,4,timber
flow_timber_node34node11_t5,0.0,9.0,I,node34node11,5,timber
flow_wide_node34node11_t1,0.0,9.0,I,node34node11,1,wide
flow_wide_node34node11_t2,0.0,9.0,I,node34node11,2,wide
flow_wide_node34node11_t3,0.0,9.0,I,node34node11,3,wide
flow_wide_node34node11_t4,0.0,9.0,I,node34node11,4,wide
flow_wide_node34node11_t5,0.0,9.0,I,node34node11,5,wide
flow_timber_node34node14_t1,0.0,9.0,I,node34node14,1,timber
flow_timber_node34node14_t2,0.0,9.0,I,node34node14,2,timber
flow_timber_node34node14_t3,0.0,9.0,I,node34node14,3,timber
flow_timber_node34node14_t4,0.0,9.0,I,node34node14,4,timber
flow_timber_node34node14_t5,0.0,9.0,I,node34node14,5,timber
flow_wide_node34node14_t1,0.0,9.0,I,node34node14,1,wide
flow_wide_node34node14_t2,0.0,9.0,I,node34node14,2,wide
flow_wide_node34node14_t3,0.0,9.0,I,node34node14,3,wide
flow_wide_node34node14_t4,0.0,9.0,I,node34node14,4,wide
flow_wide_node34node14_t5,0.0,9.0,I,node34node14,5,wide
flow_timber_node34node93_t1,0.0,9.0,I,node34node93,1,timber
flow_timber_node34node93_t2,0.0,9.0,I,node34node93,2,timber
flow_timber_node34node93_t3,0.0,9.0,I,node34node93,3,timber
flow_timber_node34node93_t4,0.0,9.0,I,node34node93,4,timber
flow_timber_node34node93_t5,0.0,9.0,I,node34node93,5,timber
flow_wide_node34node93_t1,0.0,9.0,I,node34node93,1,wide
flow_wide_node34node93_t2,0.0,9.0,I,node34node93,2,wide
flow_wide_node34node93_t3,0.0,9.0,I,node34node93,3,wide
flow_wide_node34node93_t4,0.0,9.0,I,node34node93,4,wide
flow_wide_node34node93_t5,0.0,9.0,I,node34node93,5,wide
flow_timber_node41node11_t1,0.0,9.0,I,node41node11,1,timber
flow_timber_node41node11_t2,0.0,9.0,I,node41node11,2,timber
flow_timber_node41node11_t3,0.0,9.0,I,node41node11,3,timber
flow_timber_node41node11_t4,0.0,9.0,I,node41node11,4,timber
flow_timber_node41node11_t5,0.0,9.0,I,node41node11,5,timber
flow_wide_node41node11_t1,0.0,9.0,I,node41node11,1,wide
flow_wide_node41node11_t2,0.0,9.0,I,node41node11,2,wide
flow_wide_node41node11_t3,0.0,9.0,I,node41node11,3,wide
flow_wide_node41node11_t4,0.0,9.0,I,node41node11,4,wide
flow_wide_node41node11_t5,0.0,9.0,I,node41node11,5,wide
flow_timber_node41node68_t1,0.0,9.0,I,node41node68,1,timber
flow_timber_node41node68_t2,0.0,9.0,I,node41node68,2,timber
flow_timber_node41node68_t3,0.0,9.0,I,node41node68,3,timber
flow_timber_node41node68_t4,0.0,9.0,I,node41node68,4,timber
flow_timber_node41node68_t5,0.0,9.0,I,node41node68,5,timber
flow_wide_node41node68_t1,0.0,9.0,I,node41node68,1,wide
flow_wide_node41node68_t2,0.0,9.0,I,node41node68,2,wide
flow_wide_node41node68_t3,0.0,9.0,I,node41node68,3,wide
flow_wide_node41node68_t4,0.0,9.0,I,node41node68,4,wide
flow_wide_node41node68_t5,0.0,9.0,I,node41node68,5,wide
flow_timber_node41node72_t1,0.0,9.0,I,node41node72,1,timber
flow_timber_node41node72_t2,0.0,9.0,I,node41node72,2,timber
flow_timber_node41node72_t3,0.0,9.0,I,node41node72,3,timber
flow_timber_node41node72_t4,0.0,9.0,I,node41node72,4,timber
flow_timber_node41node72_t5,0.0,9.0,I,node41node72,5,timber
flow_wide_node41node72_t1,0.0,9.0,I,node41node72,1,wide
flow_wide_node41node72_t2,0.0,9.0,I,node41node72,2,wide
flow_wide_node41node72_t3,0.0,9.0,I,node41node72,3,wide
flow_wide_node41node72_t4,0.0,9.0,I,node41node72,4,wide
flow_wide_node41node72_t5,0.0,9.0,I,node41node72,5,wide
flow_timber_node41node88_t1,0.0,9.0,I,node41node88,1,timber
flow_timber_node41node88_t2,0.0,9.0,I,node41node88,2,timber
flow_timber_node41node88_t3,0.0,9.0,I,node41node88,3,timber
flow_timber_node41node88_t4,0.0,9.0,I,node41node88,4,timber
flow_timber_node41node88_t5,0.0,9.0,I,node41node88,5,timber
flow_wide_node41node88_t1,0.0,9.0,I,node41node88,1,wide
flow_wide_node41node88_t2,0.0,9.0,I,node41node88,2,wide
flow_wide_node41node88_t3,0.0,9.0,I,node41node88,3,wide
flow_wide_node41node88_t4,0.0,9.0,I,node41node88,4,wide
flow_wide_node41node88_t5,0.0,9.0,I,node41node88,5,wide
flow_timber_node41node94_t1,0.0,9.0,I,node41node94,1,timber
flow_timber_node41node94_t2,0.0,9.0,I,node41node94,2,timber
flow_timber_node41node94_t3,0.0,9.0,I,node41node94,3,timber
flow_timber_node41node94_t4,0.0,9.0,I,node41node94,4,timber
flow_timber_node41node94_t5,0.0,9.0,I,node41node94,5,timber
flow_wide_node41node94_t1,0.0,9.0,I,node41node94,1,wide
flow_wide_node41node94_t2,0.0,9.0,I,node41node94,2,wide
flow_wide_node41node94_t3,0.0,9.0,I,node41node94,3,wide
flow_wide_node41node94_t4,0.0,9.0,I,node41node94,4,wide
flow_wide_node41node94_t5,0.0,9.0,I,node41node94,5,wide
flow_timber_node93node11_t1,0.0,9.0,I,node93node11,1,timber
flow_timber_node93node11_t2,0.0,9.0,I,node93node11,2,timber
flow_timber_node93node11_t3,0.0,9.0,I,node93node11,3,timber
flow_timber_node93node11_t4,0.0,9.0,I,node93node11,4,timber
flow_timber_node93node11_t5,0.0,9.0,I,node93node11,5,timber
flow_wide_node93node11_t1,0.0,9.0,I,node93node11,1,wide
flow_wide_node93node11_t2,0.0,9.0,I,node93node11,2,wide
flow_wide_node93node11_t3,0.0,9.0,I,node93node11,3,wide
flow_wide_node93node11_t4,0.0,9.0,I,node93node11,4,wide
flow_wide_node93node11_t5,0.0,9.0,I,node93node11,5,wide
flow_timber_node93node14_t1,0.0,9.0,I,node93node14,1,timber
flow_timber_node93node14_t2,0.0,9.0,I,node93node14,2,timber
flow_timber_node93node14_t3,0.0,9.0,I,node93node14,3,timber
flow_timber_node93node14_t4,0.0,9.0,I,node93node14,4,timber
flow_timber_node93node14_t5,0.0,9.0,I,node93node14,5,timber
flow_wide_node93node14_t1,0.0,9.0,I,node93node14,1,wide
flow_wide_node93node14_t2,0.0,9.0,I,node93node14,2,wide
flow_wide_node93node14_t3,0.0,9.0,I,node93node14,3,wide
flow_wide_node93node14_t4,0.0,9.0,I,node93node14,4,wide
flow_wide_node93node14_t5,0.0,9.0,I,node93node14,5,wide
flow_timber_node93node24_t1,0.0,9.0,I,node93node24,1,timber
flow_timber_node93node24_t2,0.0,9.0,I,node93node24,2,timber
flow_timber_node93node24_t3,0.0,9.0,I,node93node24,3,timber
flow_timber_node93node24_t4,0.0,9.0,I,node93node24,4,timber
flow_timber_node93node24_t5,0.0,9.0,I,node93node24,5,timber
flow_wide_node93node24_t1,0.0,9.0,I,node93node24,1,wide
flow_wide_node93node24_t2,0.0,9.0,I,node93node24,2,wide
flow_wide_node93node24_t3,0.0,9.0,I,node93node24,3,wide
flow_wide_node93node24_t4,0.0,9.0,I,node93node24,4,wide
flow_wide_node93node24_t5,0.0,9.0,I,node93node24,5,wide
flow_timber_node93node32_t1,0.0,9.0,I,node93node32,1,timber
flow_timber_node93node32_t2,0.0,9.0,I,node93node32,2,timber
flow_timber_node93node32_t3,0.0,9.0,I,node93node32,3,timber
flow_timber_node93node32_t4,0.0,9.0,I,node93node32,4,timber
flow_timber_node93node32_t5,0.0,9.0,I,node93node32,5,timber
flow_wide_node93node32_t1,0.0,9.0,I,node93node32,1,wide
flow_wide_node93node32_t2,0.0,9.0,I,node93node32,2,wide
flow_wide_node93node32_t3,0.0,9.0,I,node93node32,3,wide
flow_wide_node93node32_t4,0.0,9.0,I,node93node32,4,wide
flow_wide_node93node32_t5,0.0,9.0,I,node93node32,5,wide
flow_timber_node93node34_t1,0.0,9.0,I,node93node34,1,timber
flow_timber_node93node34_t2,0.0,9.0,I,node93node34,2,timber
flow_timber_node93node34_t3,0.0,9.0,I,node93node34,3,timber
flow_timber_node93node34_t4,0.0,9.0,I,node93node34,4,timber
flow_timber_node93node34_t5,0.0,9.0,I,node93node34,5,timber
flow_wide_node93node34_t1,0.0,9.0,I,node93node34,1,wide
flow_wide_node93node34_t2,0.0,9.0,I,node93node34,2,wide
flow_wide_node93node34_t3,0.0,9.0,I,node93node34,3,wide
flow_wide_node93node34_t4,0.0,9.0,I,node93node34,4,wide
flow_wide_node93node34_t5,0.0,9.0,I,node93node34,5,wide
flow_timber_node93node48_t1,0.0,9.0,I,node93node48,1,timber
flow_timber_node93node48_t2,0.0,9.0,I,node93node48,2,timber
flow_timber_node93node48_t3,0.0,9.0,I,node93node48,3,timber
flow_timber_node93node48_t4,0.0,9.0,I,node93node48,4,timber
flow_timber_node93node48_t5,0.0,9.0,I,node93node48,5,timber
flow_wide_node93node48_t1,0.0,9.0,I,node93node48,1,wide
flow_wide_node93node48_t2,0.0,9.0,I,node93node48,2,wide
flow_wide_node93node48_t3,0.0,9.0,I,node93node48,3,wide
flow_wide_node93node48_t4,0.0,9.0,I,node93node48,4,wide
flow_wide_node93node48_t5,0.0,9.0,I,node93node48,5,wide
flow_timber_node93node67_t1,0.0,9.0,I,node93node67,1,timber
flow_timber_node93node67_t2,0.0,9.0,I,node93node67,2,timber
flow_timber_node93node67_t3,0.0,9.0,I,node93node67,3,timber
flow_timber_node93node67_t4,0.0,9.0,I,node93node67,4,timber
flow_timber_node93node67_t5,0.0,9.0,I,node93node67,5,timber
flow_wide_node93node67_t1,0.0,9.0,I,node93node67,1,wide
flow_wide_node93node67_t2,0.0,9.0,I,node93node67,2,wide
flow_wide_node93node67_t3,0.0,9.0,I,node93node67,3,wide
flow_wide_node93node67_t4,0.0,9.0,I,node93node67,4,wide
flow_wide_node93node67_t5,0.0,9.0,I,node93node67,5,wide
flow_timber_node93node69_t1,0.0,9.0,I,node93node69,1,timber
flow_timber_node93node69_t2,0.0,9.0,I,node93node69,2,timber
flow_timber_node93node69_t3,0.0,9.0,I,node93node69,3,timber
flow_timber_node93node69_t4,0.0,9.0,I,node93node69,4,timber
flow_timber_node93node69_t5,0.0,9.0,I,node93node69,5,timber
flow_wide_node93node69_t1,0.0,9.0,I,node93node69,1,wide
flow_wide_node93node69_t2,0.0,9.0,I,node93node69,2,wide
flow_wide_node93node69_t3,0.0,9.0,I,node93node69,3,wide
flow_wide_node93node69_t4,0.0,9.0,I,node93node69,4,wide
flow_wide_node93node69_t5,0.0,9.0,I,node93node69,5,wide
flow_timber_node93node71_t1,0.0,9.0,I,node93node71,1,timber
flow_timber_node93node71_t2,0.0,9.0,I,node93node71,2,timber
flow_timber_node93node71_t3,0.0,9.0,I,node93node71,3,timber
flow_timber_node93node71_t4,0.0,9.0,I,node93node71,4,timber
flow_timber_node93node71_t5,0.0,9.0,I,node93node71,5,timber
flow_wide_node93node71_t1,0.0,9.0,I,node93node71,1,wide
flow_wide_node93node71_t2,0.0,9.0,I,node93node71,2,wide
flow_wide_node93node71_t3,0.0,9.0,I,node93node71,3,wide
flow_wide_node93node71_t4,0.0,9.0,I,node93node71,4,wide
flow_wide_node93node71_t5,0.0,9.0,I,node93node71,5,wide
flow_timber_node12node47_t1,0.0,9.0,I,node12node47,1,timber
flow_timber_node12node47_t2,0.0,9.0,I,node12node47,2,timber
flow_timber_node12node47_t3,0.0,9.0,I,node12node47,3,timber
flow_timber_node12node47_t4,0.0,9.0,I,node12node47,4,timber
flow_timber_node12node47_t5,0.0,9.0,I,node12node47,5,timber
flow_wide_node12node47_t1,0.0,9.0,I,node12node47,1,wide
flow_wide_node12node47_t2,0.0,9.0,I,node12node47,2,wide
flow_wide_node12node47_t3,0.0,9.0,I,node12node47,3,wide
flow_wide_node12node47_t4,0.0,9.0,I,node12node47,4,wide
flow_wide_node12node47_t5,0.0,9.0,I,node12node47,5,wide
flow_timber_node12node66_t1,0.0,9.0,I,node12node66,1,timber
flow_timber_node12node66_t2,0.0,9.0,I,node12node66,2,timber
flow_timber_node12node66_t3,0.0,9.0,I,node12node66,3,timber
flow_timber_node12node66_t4,0.0,9.0,I,node12node66,4,timber
flow_timber_node12node66_t5,0.0,9.0,I,node12node66,5,timber
flow_wide_node12node66_t1,0.0,9.0,I,node12node66,1,wide
flow_wide_node12node66_t2,0.0,9.0,I,node12node66,2,wide
flow_wide_node12node66_t3,0.0,9.0,I,node12node66,3,wide
flow_wide_node12node66_t4,0.0,9.0,I,node12node66,4,wide
flow_wide_node12node66_t5,0.0,9.0,I,node12node66,5,wide
flow_timber_node12node26_t1,0.0,9.0,I,node12node26,1,timber
flow_timber_node12node26_t2,0.0,9.0,I,node12node26,2,timber
flow_timber_node12node26_t3,0.0,9.0,I,node12node26,3,timber
flow_timber_node12node26_t4,0.0,9.0,I,node12node26,4,timber
flow_timber_node12node26_t5,0.0,9.0,I,node12node26,5,timber
flow_wide_node12node26_t1,0.0,9.0,I,node12node26,1,wide
flow_wide_node12node26_t2,0.0,9.0,I,node12node26,2,wide
flow_wide_node12node26_t3,0.0,9.0,I,node12node26,3,wide
flow_wide_node12node26_t4,0.0,9.0,I,node12node26,4,wide
flow_wide_node12node26_t5,0.0,9.0,I,node12node26,5,wide
flow_timber_node12node84_t1,0.0,9.0,I,node12node84,1,timber
flow_timber_node12node84_t2,0.0,9.0,I,node12node84,2,timber
flow_timber_node12node84_t3,0.0,9.0,I,node12node84,3,timber
flow_timber_node12node84_t4,0.0,9.0,I,node12node84,4,timber
flow_timber_node12node84_t5,0.0,9.0,I,node12node84,5,timber
flow_wide_node12node84_t1,0.0,9.0,I,node12node84,1,wide
flow_wide_node12node84_t2,0.0,9.0,I,node12node84,2,wide
flow_wide_node12node84_t3,0.0,9.0,I,node12node84,3,wide
flow_wide_node12node84_t4,0.0,9.0,I,node12node84,4,wide
flow_wide_node12node84_t5,0.0,9.0,I,node12node84,5,wide
flow_timber_node12node89_t1,0.0,9.0,I,node12node89,1,timber
flow_timber_node12node89_t2,0.0,9.0,I,node12node89,2,timber
flow_timber_node12node89_t3,0.0,9.0,I,node12node89,3,timber
flow_timber_node12node89_t4,0.0,9.0,I,node12node89,4,timber
flow_timber_node12node89_t5,0.0,9.0,I,node12node89,5,timber
flow_wide_node12node89_t1,0.0,9.0,I,node12node89,1,wide
flow_wide_node12node89_t2,0.0,9.0,I,node12node89,2,wide
flow_wide_node12node89_t3,0.0,9.0,I,node12node89,3,wide
flow_wide_node12node89_t4,0.0,9.0,I,node12node89,4,wide
flow_wide_node12node89_t5,0.0,9.0,I,node12node89,5,wide
flow_timber_node12node91_t1,0.0,9.0,I,node12node91,1,timber
flow_timber_node12node91_t2,0.0,9.0,I,node12node91,2,timber
flow_timber_node12node91_t3,0.0,9.0,I,node12node91,3,timber
flow_timber_node12node91_t4,0.0,9.0,I,node12node91,4,timber
flow_timber_node12node91_t5,0.0,9.0,I,node12node91,5,timber
flow_wide_node12node91_t1,0.0,9.0,I,node12node91,1,wide
flow_wide_node12node91_t2,0.0,9.0,I,node12node91,2,wide
flow_wide_node12node91_t3,0.0,9.0,I,node12node91,3,wide
flow_wide_node12node91_t4,0.0,9.0,I,node12node91,4,wide
flow_wide_node12node91_t5,0.0,9.0,I,node12node91,5,wide
flow_timber_node47node12_t1,0.0,9.0,I,node47node12,1,timber
flow_timber_node47node12_t2,0.0,9.0,I,node47node12,2,timber
flow_timber_node47node12_t3,0.0,9.0,I,node47node12,3,timber
flow_timber_node47node12_t4,0.0,9.0,I,node47node12,4,timber
flow_timber_node47node12_t5,0.0,9.0,I,node47node12,5,timber
flow_wide_node47node12_t1,0.0,9.0,I,node47node12,1,wide
flow_wide_node47node12_t2,0.0,9.0,I,node47node12,2,wide
flow_wide_node47node12_t3,0.0,9.0,I,node47node12,3,wide
flow_wide_node47node12_t4,0.0,9.0,I,node47node12,4,wide
flow_wide_node47node12_t5,0.0,9.0,I,node47node12,5,wide
flow_timber_node47node13_t1,0.0,9.0,I,node47node13,1,timber
flow_timber_node47node13_t2,0.0,9.0,I,node47node13,2,timber
flow_timber_node47node13_t3,0.0,9.0,I,node47node13,3,timber
flow_timber_node47node13_t4,0.0,9.0,I,node47node13,4,timber
flow_timber_node47node13_t5,0.0,9.0,I,node47node13,5,timber
flow_wide_node47node13_t1,0.0,9.0,I,node47node13,1,wide
flow_wide_node47node13_t2,0.0,9.0,I,node47node13,2,wide
flow_wide_node47node13_t3,0.0,9.0,I,node47node13,3,wide
flow_wide_node47node13_t4,0.0,9.0,I,node47node13,4,wide
flow_wide_node47node13_t5,0.0,9.0,I,node47node13,5,wide
flow_timber_node47node84_t1,0.0,9.0,I,node47node84,1,timber
flow_timber_node47node84_t2,0.0,9.0,I,node47node84,2,timber
flow_timber_node47node84_t3,0.0,9.0,I,node47node84,3,timber
flow_timber_node47node84_t4,0.0,9.0,I,node47node84,4,timber
flow_timber_node47node84_t5,0.0,9.0,I,node47node84,5,timber
flow_wide_node47node84_t1,0.0,9.0,I,node47node84,1,wide
flow_wide_node47node84_t2,0.0,9.0,I,node47node84,2,wide
flow_wide_node47node84_t3,0.0,9.0,I,node47node84,3,wide
flow_wide_node47node84_t4,0.0,9.0,I,node47node84,4,wide
flow_wide_node47node84_t5,0.0,9.0,I,node47node84,5,wide
flow_timber_node47node89_t1,0.0,9.0,I,node47node89,1,timber
flow_timber_node47node89_t2,0.0,9.0,I,node47node89,2,timber
flow_timber_node47node89_t3,0.0,9.0,I,node47node89,3,timber
flow_timber_node47node89_t4,0.0,9.0,I,node47node89,4,timber
flow_timber_node47node89_t5,0.0,9.0,I,node47node89,5,timber
flow_wide_node47node89_t1,0.0,9.0,I,node47node89,1,wide
flow_wide_node47node89_t2,0.0,9.0,I,node47node89,2,wide
flow_wide_node47node89_t3,0.0,9.0,I,node47node89,3,wide
flow_wide_node47node89_t4,0.0,9.0,I,node47node89,4,wide
flow_wide_node47node89_t5,0.0,9.0,I,node47node89,5,wide
flow_timber_node66node12_t1,0.0,9.0,I,node66node12,1,timber
flow_timber_node66node12_t2,0.0,9.0,I,node66node12,2,timber
flow_timber_node66node12_t3,0.0,9.0,I,node66node12,3,timber
flow_timber_node66node12_t4,0.0,9.0,I,node66node12,4,timber
flow_timber_node66node12_t5,0.0,9.0,I,node66node12,5,timber
flow_wide_node66node12_t1,0.0,9.0,I,node66node12,1,wide
flow_wide_node66node12_t2,0.0,9.0,I,node66node12,2,wide
flow_wide_node66node12_t3,0.0,9.0,I,node66node12,3,wide
flow_wide_node66node12_t4,0.0,9.0,I,node66node12,4,wide
flow_wide_node66node12_t5,0.0,9.0,I,node66node12,5,wide
flow_timber_node66node44_t1,0.0,9.0,I,node66node44,1,timber
flow_timber_node66node44_t2,0.0,9.0,I,node66node44,2,timber
flow_timber_node66node44_t3,0.0,9.0,I,node66node44,3,timber
flow_timber_node66node44_t4,0.0,9.0,I,node66node44,4,timber
flow_timber_node66node44_t5,0.0,9.0,I,node66node44,5,timber
flow_wide_node66node44_t1,0.0,9.0,I,node66node44,1,wide
flow_wide_node66node44_t2,0.0,9.0,I,node66node44,2,wide
flow_wide_node66node44_t3,0.0,9.0,I,node66node44,3,wide
flow_wide_node66node44_t4,0.0,9.0,I,node66node44,4,wide
flow_wide_node66node44_t5,0.0,9.0,I,node66node44,5,wide
flow_timber_node66node84_t1,0.0,9.0,I,node66node84,1,timber
flow_timber_node66node84_t2,0.0,9.0,I,node66node84,2,timber
flow_timber_node66node84_t3,0.0,9.0,I,node66node84,3,timber
flow_timber_node66node84_t4,0.0,9.0,I,node66node84,4,timber
flow_timber_node66node84_t5,0.0,9.0,I,node66node84,5,timber
flow_wide_node66node84_t1,0.0,9.0,I,node66node84,1,wide
flow_wide_node66node84_t2,0.0,9.0,I,node66node84,2,wide
flow_wide_node66node84_t3,0.0,9.0,I,node66node84,3,wide
flow_wide_node66node84_t4,0.0,9.0,I,node66node84,4,wide
flow_wide_node66node84_t5,0.0,9.0,I,node66node84,5,wide
flow_timber_node66node91_t1,0.0,9.0,I,node66node91,1,timber
flow_timber_node66node91_t2,0.0,9.0,I,node66node91,2,timber
flow_timber_node66node91_t3,0.0,9.0,I,node66node91,3,timber
flow_timber_node66node91_t4,0.0,9.0,I,node66node91,4,timber
flow_timber_node66node91_t5,0.0,9.0,I,node66node91,5,timber
flow_wide_node66node91_t1,0.0,9.0,I,node66node91,1,wide
flow_wide_node66node91_t2,0.0,9.0,I,node66node91,2,wide
flow_wide_node66node91_t3,0.0,9.0,I,node66node91,3,wide
flow_wide_node66node91_t4,0.0,9.0,I,node66node91,4,wide
flow_wide_node66node91_t5,0.0,9.0,I,node66node91,5,wide
flow_timber_node26node12_t1,0.0,9.0,I,node26node12,1,timber
flow_timber_node26node12_t2,0.0,9.0,I,node26node12,2,timber
flow_timber_node26node12_t3,0.0,9.0,I,node26node12,3,timber
flow_timber_node26node12_t4,0.0,9.0,I,node26node12,4,timber
flow_timber_node26node12_t5,0.0,9.0,I,node26node12,5,timber
flow_wide_node26node12_t1,0.0,9.0,I,node26node12,1,wide
flow_wide_node26node12_t2,0.0,9.0,I,node26node12,2,wide
flow_wide_node26node12_t3,0.0,9.0,I,node26node12,3,wide
flow_wide_node26node12_t4,0.0,9.0,I,node26node12,4,wide
flow_wide_node26node12_t5,0.0,9.0,I,node26node12,5,wide
flow_timber_node26node21_t1,0.0,9.0,I,node26node21,1,timber
flow_timber_node26node21_t2,0.0,9.0,I,node26node21,2,timber
flow_timber_node26node21_t3,0.0,9.0,I,node26node21,3,timber
flow_timber_node26node21_t4,0.0,9.0,I,node26node21,4,timber
flow_timber_node26node21_t5,0.0,9.0,I,node26node21,5,timber
flow_wide_node26node21_t1,0.0,9.0,I,node26node21,1,wide
flow_wide_node26node21_t2,0.0,9.0,I,node26node21,2,wide
flow_wide_node26node21_t3,0.0,9.0,I,node26node21,3,wide
flow_wide_node26node21_t4,0.0,9.0,I,node26node21,4,wide
flow_wide_node26node21_t5,0.0,9.0,I,node26node21,5,wide
flow_timber_node26node40_t1,0.0,9.0,I,node26node40,1,timber
flow_timber_node26node40_t2,0.0,9.0,I,node26node40,2,timber
flow_timber_node26node40_t3,0.0,9.0,I,node26node40,3,timber
flow_timber_node26node40_t4,0.0,9.0,I,node26node40,4,timber
flow_timber_node26node40_t5,0.0,9.0,I,node26node40,5,timber
flow_wide_node26node40_t1,0.0,9.0,I,node26node40,1,wide
flow_wide_node26node40_t2,0.0,9.0,I,node26node40,2,wide
flow_wide_node26node40_t3,0.0,9.0,I,node26node40,3,wide
flow_wide_node26node40_t4,0.0,9.0,I,node26node40,4,wide
flow_wide_node26node40_t5,0.0,9.0,I,node26node40,5,wide
flow_timber_node26node89_t1,0.0,9.0,I,node26node89,1,timber
flow_timber_node26node89_t2,0.0,9.0,I,node26node89,2,timber
flow_timber_node26node89_t3,0.0,9.0,I,node26node89,3,timber
flow_timber_node26node89_t4,0.0,9.0,I,node26node89,4,timber
flow_timber_node26node89_t5,0.0,9.0,I,node26node89,5,timber
flow_wide_node26node89_t1,0.0,9.0,I,node26node89,1,wide
flow_wide_node26node89_t2,0.0,9.0,I,node26node89,2,wide
flow_wide_node26node89_t3,0.0,9.0,I,node26node89,3,wide
flow_wide_node26node89_t4,0.0,9.0,I,node26node89,4,wide
flow_wide_node26node89_t5,0.0,9.0,I,node26node89,5,wide
flow_timber_node26node91_t1,0.0,9.0,I,node26node91,1,timber
flow_timber_node26node91_t2,0.0,9.0,I,node26node91,2,timber
flow_timber_node26node91_t3,0.0,9.0,I,node26node91,3,timber
flow_timber_node26node91_t4,0.0,9.0,I,node26node91,4,timber
flow_timber_node26node91_t5,0.0,9.0,I,node26node91,5,timber
flow_wide_node26node91_t1,0.0,9.0,I,node26node91,1,wide
flow_wide_node26node91_t2,0.0,9.0,I,node26node91,2,wide
flow_wide_node26node91_t3,0.0,9.0,I,node26node91,3,wide
flow_wide_node26node91_t4,0.0,9.0,I,node26node91,4,wide
flow_wide_node26node91_t5,0.0,9.0,I,node26node91,5,wide
flow_timber_node26node94_t1,0.0,9.0,I,node26node94,1,timber
flow_timber_node26node94_t2,0.0,9.0,I,node26node94,2,timber
flow_timber_node26node94_t3,0.0,9.0,I,node26node94,3,timber
flow_timber_node26node94_t4,0.0,9.0,I,node26node94,4,timber
flow_timber_node26node94_t5,0.0,9.0,I,node26node94,5,timber
flow_wide_node26node94_t1,0.0,9.0,I,node26node94,1,wide
flow_wide_node26node94_t2,0.0,9.0,I,node26node94,2,wide
flow_wide_node26node94_t3,0.0,9.0,I,node26node94,3,wide
flow_wide_node26node94_t4,0.0,9.0,I,node26node94,4,wide
flow_wide_node26node94_t5,0.0,9.0,I,node26node94,5,wide
flow_timber_node84node12_t1,0.0,9.0,I,node84node12,1,timber
flow_timber_node84node12_t2,0.0,9.0,I,node84node12,2,timber
flow_timber_node84node12_t3,0.0,9.0,I,node84node12,3,timber
flow_timber_node84node12_t4,0.0,9.0,I,node84node12,4,timber
flow_timber_node84node12_t5,0.0,9.0,I,node84node12,5,timber
flow_wide_node84node12_t1,0.0,9.0,I,node84node12,1,wide
flow_wide_node84node12_t2,0.0,9.0,I,node84node12,2,wide
flow_wide_node84node12_t3,0.0,9.0,I,node84node12,3,wide
flow_wide_node84node12_t4,0.0,9.0,I,node84node12,4,wide
flow_wide_node84node12_t5,0.0,9.0,I,node84node12,5,wide
flow_timber_node84node13_t1,0.0,9.0,I,node84node13,1,timber
flow_timber_node84node13_t2,0.0,9.0,I,node84node13,2,timber
flow_timber_node84node13_t3,0.0,9.0,I,node84node13,3,timber
flow_timber_node84node13_t4,0.0,9.0,I,node84node13,4,timber
flow_timber_node84node13_t5,0.0,9.0,I,node84node13,5,timber
flow_wide_node84node13_t1,0.0,9.0,I,node84node13,1,wide
flow_wide_node84node13_t2,0.0,9.0,I,node84node13,2,wide
flow_wide_node84node13_t3,0.0,9.0,I,node84node13,3,wide
flow_wide_node84node13_t4,0.0,9.0,I,node84node13,4,wide
flow_wide_node84node13_t5,0.0,9.0,I,node84node13,5,wide
flow_timber_node84node22_t1,0.0,9.0,I,node84node22,1,timber
flow_timber_node84node22_t2,0.0,9.0,I,node84node22,2,timber
flow_timber_node84node22_t3,0.0,9.0,I,node84node22,3,timber
flow_timber_node84node22_t4,0.0,9.0,I,node84node22,4,timber
flow_timber_node84node22_t5,0.0,9.0,I,node84node22,5,timber
flow_wide_node84node22_t1,0.0,9.0,I,node84node22,1,wide
flow_wide_node84node22_t2,0.0,9.0,I,node84node22,2,wide
flow_wide_node84node22_t3,0.0,9.0,I,node84node22,3,wide
flow_wide_node84node22_t4,0.0,9.0,I,node84node22,4,wide
flow_wide_node84node22_t5,0.0,9.0,I,node84node22,5,wide
flow_timber_node84node31_t1,0.0,9.0,I,node84node31,1,timber
flow_timber_node84node31_t2,0.0,9.0,I,node84node31,2,timber
flow_timber_node84node31_t3,0.0,9.0,I,node84node31,3,timber
flow_timber_node84node31_t4,0.0,9.0,I,node84node31,4,timber
flow_timber_node84node31_t5,0.0,9.0,I,node84node31,5,timber
flow_wide_node84node31_t1,0.0,9.0,I,node84node31,1,wide
flow_wide_node84node31_t2,0.0,9.0,I,node84node31,2,wide
flow_wide_node84node31_t3,0.0,9.0,I,node84node31,3,wide
flow_wide_node84node31_t4,0.0,9.0,I,node84node31,4,wide
flow_wide_node84node31_t5,0.0,9.0,I,node84node31,5,wide
flow_timber_node84node39_t1,0.0,9.0,I,node84node39,1,timber
flow_timber_node84node39_t2,0.0,9.0,I,node84node39,2,timber
flow_timber_node84node39_t3,0.0,9.0,I,node84node39,3,timber
flow_timber_node84node39_t4,0.0,9.0,I,node84node39,4,timber
flow_timber_node84node39_t5,0.0,9.0,I,node84node39,5,timber
flow_wide_node84node39_t1,0.0,9.0,I,node84node39,1,wide
flow_wide_node84node39_t2,0.0,9.0,I,node84node39,2,wide
flow_wide_node84node39_t3,0.0,9.0,I,node84node39,3,wide
flow_wide_node84node39_t4,0.0,9.0,I,node84node39,4,wide
flow_wide_node84node39_t5,0.0,9.0,I,node84node39,5,wide
flow_timber_node84node44_t1,0.0,9.0,I,node84node44,1,timber
flow_timber_node84node44_t2,0.0,9.0,I,node84node44,2,timber
flow_timber_node84node44_t3,0.0,9.0,I,node84node44,3,timber
flow_timber_node84node44_t4,0.0,9.0,I,node84node44,4,timber
flow_timber_node84node44_t5,0.0,9.0,I,node84node44,5,timber
flow_wide_node84node44_t1,0.0,9.0,I,node84node44,1,wide
flow_wide_node84node44_t2,0.0,9.0,I,node84node44,2,wide
flow_wide_node84node44_t3,0.0,9.0,I,node84node44,3,wide
flow_wide_node84node44_t4,0.0,9.0,I,node84node44,4,wide
flow_wide_node84node44_t5,0.0,9.0,I,node84node44,5,wide
flow_timber_node84node45_t1,0.0,9.0,I,node84node45,1,timber
flow_timber_node84node45_t2,0.0,9.0,I,node84node45,2,timber
flow_timber_node84node45_t3,0.0,9.0,I,node84node45,3,timber
flow_timber_node84node45_t4,0.0,9.0,I,node84node45,4,timber
flow_timber_node84node45_t5,0.0,9.0,I,node84node45,5,timber
flow_wide_node84node45_t1,0.0,9.0,I,node84node45,1,wide
flow_wide_node84node45_t2,0.0,9.0,I,node84node45,2,wide
flow_wide_node84node45_t3,0.0,9.0,I,node84node45,3,wide
flow_wide_node84node45_t4,0.0,9.0,I,node84node45,4,wide
flow_wide_node84node45_t5,0.0,9.0,I,node84node45,5,wide
flow_timber_node84node47_t1,0.0,9.0,I,node84node47,1,timber
flow_timber_node84node47_t2,0.0,9.0,I,node84node47,2,timber
flow_timber_node84node47_t3,0.0,9.0,I,node84node47,3,timber
flow_timber_node84node47_t4,0.0,9.0,I,node84node47,4,timber
flow_timber_node84node47_t5,0.0,9.0,I,node84node47,5,timber
flow_wide_node84node47_t1,0.0,9.0,I,node84node47,1,wide
flow_wide_node84node47_t2,0.0,9.0,I,node84node47,2,wide
flow_wide_node84node47_t3,0.0,9.0,I,node84node47,3,wide
flow_wide_node84node47_t4,0.0,9.0,I,node84node47,4,wide
flow_wide_node84node47_t5,0.0,9.0,I,node84node47,5,wide
flow_timber_node84node66_t1,0.0,9.0,I,node84node66,1,timber
flow_timber_node84node66_t2,0.0,9.0,I,node84node66,2,timber
flow_timber_node84node66_t3,0.0,9.0,I,node84node66,3,timber
flow_timber_node84node66_t4,0.0,9.0,I,node84node66,4,timber
flow_timber_node84node66_t5,0.0,9.0,I,node84node66,5,timber
flow_wide_node84node66_t1,0.0,9.0,I,node84node66,1,wide
flow_wide_node84node66_t2,0.0,9.0,I,node84node66,2,wide
flow_wide_node84node66_t3,0.0,9.0,I,node84node66,3,wide
flow_wide_node84node66_t4,0.0,9.0,I,node84node66,4,wide
flow_wide_node84node66_t5,0.0,9.0,I,node84node66,5,wide
flow_timber_node31node13_t1,0.0,9.0,I,node31node13,1,timber
flow_timber_node31node13_t2,0.0,9.0,I,node31node13,2,timber
flow_timber_node31node13_t3,0.0,9.0,I,node31node13,3,timber
flow_timber_node31node13_t4,0.0,9.0,I,node31node13,4,timber
flow_timber_node31node13_t5,0.0,9.0,I,node31node13,5,timber
flow_wide_node31node13_t1,0.0,9.0,I,node31node13,1,wide
flow_wide_node31node13_t2,0.0,9.0,I,node31node13,2,wide
flow_wide_node31node13_t3,0.0,9.0,I,node31node13,3,wide
flow_wide_node31node13_t4,0.0,9.0,I,node31node13,4,wide
flow_wide_node31node13_t5,0.0,9.0,I,node31node13,5,wide
flow_timber_node31node22_t1,0.0,9.0,I,node31node22,1,timber
flow_timber_node31node22_t2,0.0,9.0,I,node31node22,2,timber
flow_timber_node31node22_t3,0.0,9.0,I,node31node22,3,timber
flow_timber_node31node22_t4,0.0,9.0,I,node31node22,4,timber
flow_timber_node31node22_t5,0.0,9.0,I,node31node22,5,timber
flow_wide_node31node22_t1,0.0,9.0,I,node31node22,1,wide
flow_wide_node31node22_t2,0.0,9.0,I,node31node22,2,wide
flow_wide_node31node22_t3,0.0,9.0,I,node31node22,3,wide
flow_wide_node31node22_t4,0.0,9.0,I,node31node22,4,wide
flow_wide_node31node22_t5,0.0,9.0,I,node31node22,5,wide
flow_timber_node31node53_t1,0.0,9.0,I,node31node53,1,timber
flow_timber_node31node53_t2,0.0,9.0,I,node31node53,2,timber
flow_timber_node31node53_t3,0.0,9.0,I,node31node53,3,timber
flow_timber_node31node53_t4,0.0,9.0,I,node31node53,4,timber
flow_timber_node31node53_t5,0.0,9.0,I,node31node53,5,timber
flow_wide_node31node53_t1,0.0,9.0,I,node31node53,1,wide
flow_wide_node31node53_t2,0.0,9.0,I,node31node53,2,wide
flow_wide_node31node53_t3,0.0,9.0,I,node31node53,3,wide
flow_wide_node31node53_t4,0.0,9.0,I,node31node53,4,wide
flow_wide_node31node53_t5,0.0,9.0,I,node31node53,5,wide
flow_timber_node31node84_t1,0.0,9.0,I,node31node84,1,timber
flow_timber_node31node84_t2,0.0,9.0,I,node31node84,2,timber
flow_timber_node31node84_t3,0.0,9.0,I,node31node84,3,timber
flow_timber_node31node84_t4,0.0,9.0,I,node31node84,4,timber
flow_timber_node31node84_t5,0.0,9.0,I,node31node84,5,timber
flow_wide_node31node84_t1,0.0,9.0,I,node31node84,1,wide
flow_wide_node31node84_t2,0.0,9.0,I,node31node84,2,wide
flow_wide_node31node84_t3,0.0,9.0,I,node31node84,3,wide
flow_wide_node31node84_t4,0.0,9.0,I,node31node84,4,wide
flow_wide_node31node84_t5,0.0,9.0,I,node31node84,5,wide
flow_timber_node31node85_t1,0.0,9.0,I,node31node85,1,timber
flow_timber_node31node85_t2,0.0,9.0,I,node31node85,2,timber
flow_timber_node31node85_t3,0.0,9.0,I,node31node85,3,timber
flow_timber_node31node85_t4,0.0,9.0,I,node31node85,4,timber
flow_timber_node31node85_t5,0.0,9.0,I,node31node85,5,timber
flow_wide_node31node85_t1,0.0,9.0,I,node31node85,1,wide
flow_wide_node31node85_t2,0.0,9.0,I,node31node85,2,wide
flow_wide_node31node85_t3,0.0,9.0,I,node31node85,3,wide
flow_wide_node31node85_t4,0.0,9.0,I,node31node85,4,wide
flow_wide_node31node85_t5,0.0,9.0,I,node31node85,5,wide
flow_timber_node31node90_t1,0.0,9.0,I,node31node90,1,timber
flow_timber_node31node90_t2,0.0,9.0,I,node31node90,2,timber
flow_timber_node31node90_t3,0.0,9.0,I,node31node90,3,timber
flow_timber_node31node90_t4,0.0,9.0,I,node31node90,4,timber
flow_timber_node31node90_t5,0.0,9.0,I,node31node90,5,timber
flow_wide_node31node90_t1,0.0,9.0,I,node31node90,1,wide
flow_wide_node31node90_t2,0.0,9.0,I,node31node90,2,wide
flow_wide_node31node90_t3,0.0,9.0,I,node31node90,3,wide
flow_wide_node31node90_t4,0.0,9.0,I,node31node90,4,wide
flow_wide_node31node90_t5,0.0,9.0,I,node31node90,5,wide
flow_timber_node14node34_t1,0.0,9.0,I,node14node34,1,timber
flow_timber_node14node34_t2,0.0,9.0,I,node14node34,2,timber
flow_timber_node14node34_t3,0.0,9.0,I,node14node34,3,timber
flow_timber_node14node34_t4,0.0,9.0,I,node14node34,4,timber
flow_timber_node14node34_t5,0.0,9.0,I,node14node34,5,timber
flow_wide_node14node34_t1,0.0,9.0,I,node14node34,1,wide
flow_wide_node14node34_t2,0.0,9.0,I,node14node34,2,wide
flow_wide_node14node34_t3,0.0,9.0,I,node14node34,3,wide
flow_wide_node14node34_t4,0.0,9.0,I,node14node34,4,wide
flow_wide_node14node34_t5,0.0,9.0,I,node14node34,5,wide
flow_timber_node14node48_t1,0.0,9.0,I,node14node48,1,timber
flow_timber_node14node48_t2,0.0,9.0,I,node14node48,2,timber
flow_timber_node14node48_t3,0.0,9.0,I,node14node48,3,timber
flow_timber_node14node48_t4,0.0,9.0,I,node14node48,4,timber
flow_timber_node14node48_t5,0.0,9.0,I,node14node48,5,timber
flow_wide_node14node48_t1,0.0,9.0,I,node14node48,1,wide
flow_wide_node14node48_t2,0.0,9.0,I,node14node48,2,wide
flow_wide_node14node48_t3,0.0,9.0,I,node14node48,3,wide
flow_wide_node14node48_t4,0.0,9.0,I,node14node48,4,wide
flow_wide_node14node48_t5,0.0,9.0,I,node14node48,5,wide
flow_timber_node14node93_t1,0.0,9.0,I,node14node93,1,timber
flow_timber_node14node93_t2,0.0,9.0,I,node14node93,2,timber
flow_timber_node14node93_t3,0.0,9.0,I,node14node93,3,timber
flow_timber_node14node93_t4,0.0,9.0,I,node14node93,4,timber
flow_timber_node14node93_t5,0.0,9.0,I,node14node93,5,timber
flow_wide_node14node93_t1,0.0,9.0,I,node14node93,1,wide
flow_wide_node14node93_t2,0.0,9.0,I,node14node93,2,wide
flow_wide_node14node93_t3,0.0,9.0,I,node14node93,3,wide
flow_wide_node14node93_t4,0.0,9.0,I,node14node93,4,wide
flow_wide_node14node93_t5,0.0,9.0,I,node14node93,5,wide
flow_timber_node48node14_t1,0.0,9.0,I,node48node14,1,timber
flow_timber_node48node14_t2,0.0,9.0,I,node48node14,2,timber
flow_timber_node48node14_t3,0.0,9.0,I,node48node14,3,timber
flow_timber_node48node14_t4,0.0,9.0,I,node48node14,4,timber
flow_timber_node48node14_t5,0.0,9.0,I,node48node14,5,timber
flow_wide_node48node14_t1,0.0,9.0,I,node48node14,1,wide
flow_wide_node48node14_t2,0.0,9.0,I,node48node14,2,wide
flow_wide_node48node14_t3,0.0,9.0,I,node48node14,3,wide
flow_wide_node48node14_t4,0.0,9.0,I,node48node14,4,wide
flow_wide_node48node14_t5,0.0,9.0,I,node48node14,5,wide
flow_timber_node48node17_t1,0.0,9.0,I,node48node17,1,timber
flow_timber_node48node17_t2,0.0,9.0,I,node48node17,2,timber
flow_timber_node48node17_t3,0.0,9.0,I,node48node17,3,timber
flow_timber_node48node17_t4,0.0,9.0,I,node48node17,4,timber
flow_timber_node48node17_t5,0.0,9.0,I,node48node17,5,timber
flow_wide_node48node17_t1,0.0,9.0,I,node48node17,1,wide
flow_wide_node48node17_t2,0.0,9.0,I,node48node17,2,wide
flow_wide_node48node17_t3,0.0,9.0,I,node48node17,3,wide
flow_wide_node48node17_t4,0.0,9.0,I,node48node17,4,wide
flow_wide_node48node17_t5,0.0,9.0,I,node48node17,5,wide
flow_timber_node48node32_t1,0.0,9.0,I,node48node32,1,timber
flow_timber_node48node32_t2,0.0,9.0,I,node48node32,2,timber
flow_timber_node48node32_t3,0.0,9.0,I,node48node32,3,timber
flow_timber_node48node32_t4,0.0,9.0,I,node48node32,4,timber
flow_timber_node48node32_t5,0.0,9.0,I,node48node32,5,timber
flow_wide_node48node32_t1,0.0,9.0,I,node48node32,1,wide
flow_wide_node48node32_t2,0.0,9.0,I,node48node32,2,wide
flow_wide_node48node32_t3,0.0,9.0,I,node48node32,3,wide
flow_wide_node48node32_t4,0.0,9.0,I,node48node32,4,wide
flow_wide_node48node32_t5,0.0,9.0,I,node48node32,5,wide
flow_timber_node48node78_t1,0.0,9.0,I,node48node78,1,timber
flow_timber_node48node78_t2,0.0,9.0,I,node48node78,2,timber
flow_timber_node48node78_t3,0.0,9.0,I,node48node78,3,timber
flow_timber_node48node78_t4,0.0,9.0,I,node48node78,4,timber
flow_timber_node48node78_t5,0.0,9.0,I,node48node78,5,timber
flow_wide_node48node78_t1,0.0,9.0,I,node48node78,1,wide
flow_wide_node48node78_t2,0.0,9.0,I,node48node78,2,wide
flow_wide_node48node78_t3,0.0,9.0,I,node48node78,3,wide
flow_wide_node48node78_t4,0.0,9.0,I,node48node78,4,wide
flow_wide_node48node78_t5,0.0,9.0,I,node48node78,5,wide
flow_timber_node48node93_t1,0.0,9.0,I,node48node93,1,timber
flow_timber_node48node93_t2,0.0,9.0,I,node48node93,2,timber
flow_timber_node48node93_t3,0.0,9.0,I,node48node93,3,timber
flow_timber_node48node93_t4,0.0,9.0,I,node48node93,4,timber
flow_timber_node48node93_t5,0.0,9.0,I,node48node93,5,timber
flow_wide_node48node93_t1,0.0,9.0,I,node48node93,1,wide
flow_wide_node48node93_t2,0.0,9.0,I,node48node93,2,wide
flow_wide_node48node93_t3,0.0,9.0,I,node48node93,3,wide
flow_wide_node48node93_t4,0.0,9.0,I,node48node93,4,wide
flow_wide_node48node93_t5,0.0,9.0,I,node48node93,5,wide
flow_timber_node55node15_t1,0.0,9.0,I,node55node15,1,timber
flow_timber_node55node15_t2,0.0,9.0,I,node55node15,2,timber
flow_timber_node55node15_t3,0.0,9.0,I,node55node15,3,timber
flow_timber_node55node15_t4,0.0,9.0,I,node55node15,4,timber
flow_timber_node55node15_t5,0.0,9.0,I,node55node15,5,timber
flow_wide_node55node15_t1,0.0,9.0,I,node55node15,1,wide
flow_wide_node55node15_t2,0.0,9.0,I,node55node15,2,wide
flow_wide_node55node15_t3,0.0,9.0,I,node55node15,3,wide
flow_wide_node55node15_t4,0.0,9.0,I,node55node15,4,wide
flow_wide_node55node15_t5,0.0,9.0,I,node55node15,5,wide
flow_timber_node55node59_t1,0.0,9.0,I,node55node59,1,timber
flow_timber_node55node59_t2,0.0,9.0,I,node55node59,2,timber
flow_timber_node55node59_t3,0.0,9.0,I,node55node59,3,timber
flow_timber_node55node59_t4,0.0,9.0,I,node55node59,4,timber
flow_timber_node55node59_t5,0.0,9.0,I,node55node59,5,timber
flow_wide_node55node59_t1,0.0,9.0,I,node55node59,1,wide
flow_wide_node55node59_t2,0.0,9.0,I,node55node59,2,wide
flow_wide_node55node59_t3,0.0,9.0,I,node55node59,3,wide
flow_wide_node55node59_t4,0.0,9.0,I,node55node59,4,wide
flow_wide_node55node59_t5,0.0,9.0,I,node55node59,5,wide
flow_timber_node55node75_t1,0.0,9.0,I,node55node75,1,timber
flow_timber_node55node75_t2,0.0,9.0,I,node55node75,2,timber
flow_timber_node55node75_t3,0.0,9.0,I,node55node75,3,timber
flow_timber_node55node75_t4,0.0,9.0,I,node55node75,4,timber
flow_timber_node55node75_t5,0.0,9.0,I,node55node75,5,timber
flow_wide_node55node75_t1,0.0,9.0,I,node55node75,1,wide
flow_wide_node55node75_t2,0.0,9.0,I,node55node75,2,wide
flow_wide_node55node75_t3,0.0,9.0,I,node55node75,3,wide
flow_wide_node55node75_t4,0.0,9.0,I,node55node75,4,wide
flow_wide_node55node75_t5,0.0,9.0,I,node55node75,5,wide
flow_timber_node55node79_t1,0.0,9.0,I,node55node79,1,timber
flow_timber_node55node79_t2,0.0,9.0,I,node55node79,2,timber
flow_timber_node55node79_t3,0.0,9.0,I,node55node79,3,timber
flow_timber_node55node79_t4,0.0,9.0,I,node55node79,4,timber
flow_timber_node55node79_t5,0.0,9.0,I,node55node79,5,timber
flow_wide_node55node79_t1,0.0,9.0,I,node55node79,1,wide
flow_wide_node55node79_t2,0.0,9.0,I,node55node79,2,wide
flow_wide_node55node79_t3,0.0,9.0,I,node55node79,3,wide
flow_wide_node55node79_t4,0.0,9.0,I,node55node79,4,wide
flow_wide_node55node79_t5,0.0,9.0,I,node55node79,5,wide
flow_timber_node16node15_t1,0.0,9.0,I,node16node15,1,timber
flow_timber_node16node15_t2,0.0,9.0,I,node16node15,2,timber
flow_timber_node16node15_t3,0.0,9.0,I,node16node15,3,timber
flow_timber_node16node15_t4,0.0,9.0,I,node16node15,4,timber
flow_timber_node16node15_t5,0.0,9.0,I,node16node15,5,timber
flow_wide_node16node15_t1,0.0,9.0,I,node16node15,1,wide
flow_wide_node16node15_t2,0.0,9.0,I,node16node15,2,wide
flow_wide_node16node15_t3,0.0,9.0,I,node16node15,3,wide
flow_wide_node16node15_t4,0.0,9.0,I,node16node15,4,wide
flow_wide_node16node15_t5,0.0,9.0,I,node16node15,5,wide
flow_timber_node16node22_t1,0.0,9.0,I,node16node22,1,timber
flow_timber_node16node22_t2,0.0,9.0,I,node16node22,2,timber
flow_timber_node16node22_t3,0.0,9.0,I,node16node22,3,timber
flow_timber_node16node22_t4,0.0,9.0,I,node16node22,4,timber
flow_timber_node16node22_t5,0.0,9.0,I,node16node22,5,timber
flow_wide_node16node22_t1,0.0,9.0,I,node16node22,1,wide
flow_wide_node16node22_t2,0.0,9.0,I,node16node22,2,wide
flow_wide_node16node22_t3,0.0,9.0,I,node16node22,3,wide
flow_wide_node16node22_t4,0.0,9.0,I,node16node22,4,wide
flow_wide_node16node22_t5,0.0,9.0,I,node16node22,5,wide
flow_timber_node16node37_t1,0.0,9.0,I,node16node37,1,timber
flow_timber_node16node37_t2,0.0,9.0,I,node16node37,2,timber
flow_timber_node16node37_t3,0.0,9.0,I,node16node37,3,timber
flow_timber_node16node37_t4,0.0,9.0,I,node16node37,4,timber
flow_timber_node16node37_t5,0.0,9.0,I,node16node37,5,timber
flow_wide_node16node37_t1,0.0,9.0,I,node16node37,1,wide
flow_wide_node16node37_t2,0.0,9.0,I,node16node37,2,wide
flow_wide_node16node37_t3,0.0,9.0,I,node16node37,3,wide
flow_wide_node16node37_t4,0.0,9.0,I,node16node37,4,wide
flow_wide_node16node37_t5,0.0,9.0,I,node16node37,5,wide
flow_timber_node16node79_t1,0.0,9.0,I,node16node79,1,timber
flow_timber_node16node79_t2,0.0,9.0,I,node16node79,2,timber
flow_timber_node16node79_t3,0.0,9.0,I,node16node79,3,timber
flow_timber_node16node79_t4,0.0,9.0,I,node16node79,4,timber
flow_timber_node16node79_t5,0.0,9.0,I,node16node79,5,timber
flow_wide_node16node79_t1,0.0,9.0,I,node16node79,1,wide
flow_wide_node16node79_t2,0.0,9.0,I,node16node79,2,wide
flow_wide_node16node79_t3,0.0,9.0,I,node16node79,3,wide
flow_wide_node16node79_t4,0.0,9.0,I,node16node79,4,wide
flow_wide_node16node79_t5,0.0,9.0,I,node16node79,5,wide
flow_timber_node16node80_t1,0.0,9.0,I,node16node80,1,timber
flow_timber_node16node80_t2,0.0,9.0,I,node16node80,2,timber
flow_timber_node16node80_t3,0.0,9.0,I,node16node80,3,timber
flow_timber_node16node80_t4,0.0,9.0,I,node16node80,4,timber
flow_timber_node16node80_t5,0.0,9.0,I,node16node80,5,timber
flow_wide_node16node80_t1,0.0,9.0,I,node16node80,1,wide
flow_wide_node16node80_t2,0.0,9.0,I,node16node80,2,wide
flow_wide_node16node80_t3,0.0,9.0,I,node16node80,3,wide
flow_wide_node16node80_t4,0.0,9.0,I,node16node80,4,wide
flow_wide_node16node80_t5,0.0,9.0,I,node16node80,5,wide
flow_timber_node16node90_t1,0.0,9.0,I,node16node90,1,timber
flow_timber_node16node90_t2,0.0,9.0,I,node16node90,2,timber
flow_timber_node16node90_t3,0.0,9.0,I,node16node90,3,timber
flow_timber_node16node90_t4,0.0,9.0,I,node16node90,4,timber
flow_timber_node16node90_t5,0.0,9.0,I,node16node90,5,timber
flow_wide_node16node90_t1,0.0,9.0,I,node16node90,1,wide
flow_wide_node16node90_t2,0.0,9.0,I,node16node90,2,wide
flow_wide_node16node90_t3,0.0,9.0,I,node16node90,3,wide
flow_wide_node16node90_t4,0.0,9.0,I,node16node90,4,wide
flow_wide_node16node90_t5,0.0,9.0,I,node16node90,5,wide
flow_timber_node79node15_t1,0.0,9.0,I,node79node15,1,timber
flow_timber_node79node15_t2,0.0,9.0,I,node79node15,2,timber
flow_timber_node79node15_t3,0.0,9.0,I,node79node15,3,timber
flow_timber_node79node15_t4,0.0,9.0,I,node79node15,4,timber
flow_timber_node79node15_t5,0.0,9.0,I,node79node15,5,timber
flow_wide_node79node15_t1,0.0,9.0,I,node79node15,1,wide
flow_wide_node79node15_t2,0.0,9.0,I,node79node15,2,wide
flow_wide_node79node15_t3,0.0,9.0,I,node79node15,3,wide
flow_wide_node79node15_t4,0.0,9.0,I,node79node15,4,wide
flow_wide_node79node15_t5,0.0,9.0,I,node79node15,5,wide
flow_timber_node79node16_t1,0.0,9.0,I,node79node16,1,timber
flow_timber_node79node16_t2,0.0,9.0,I,node79node16,2,timber
flow_timber_node79node16_t3,0.0,9.0,I,node79node16,3,timber
flow_timber_node79node16_t4,0.0,9.0,I,node79node16,4,timber
flow_timber_node79node16_t5,0.0,9.0,I,node79node16,5,timber
flow_wide_node79node16_t1,0.0,9.0,I,node79node16,1,wide
flow_wide_node79node16_t2,0.0,9.0,I,node79node16,2,wide
flow_wide_node79node16_t3,0.0,9.0,I,node79node16,3,wide
flow_wide_node79node16_t4,0.0,9.0,I,node79node16,4,wide
flow_wide_node79node16_t5,0.0,9.0,I,node79node16,5,wide
flow_timber_node79node18_t1,0.0,9.0,I,node79node18,1,timber
flow_timber_node79node18_t2,0.0,9.0,I,node79node18,2,timber
flow_timber_node79node18_t3,0.0,9.0,I,node79node18,3,timber
flow_timber_node79node18_t4,0.0,9.0,I,node79node18,4,timber
flow_timber_node79node18_t5,0.0,9.0,I,node79node18,5,timber
flow_wide_node79node18_t1,0.0,9.0,I,node79node18,1,wide
flow_wide_node79node18_t2,0.0,9.0,I,node79node18,2,wide
flow_wide_node79node18_t3,0.0,9.0,I,node79node18,3,wide
flow_wide_node79node18_t4,0.0,9.0,I,node79node18,4,wide
flow_wide_node79node18_t5,0.0,9.0,I,node79node18,5,wide
flow_timber_node79node23_t1,0.0,9.0,I,node79node23,1,timber
flow_timber_node79node23_t2,0.0,9.0,I,node79node23,2,timber
flow_timber_node79node23_t3,0.0,9.0,I,node79node23,3,timber
flow_timber_node79node23_t4,0.0,9.0,I,node79node23,4,timber
flow_timber_node79node23_t5,0.0,9.0,I,node79node23,5,timber
flow_wide_node79node23_t1,0.0,9.0,I,node79node23,1,wide
flow_wide_node79node23_t2,0.0,9.0,I,node79node23,2,wide
flow_wide_node79node23_t3,0.0,9.0,I,node79node23,3,wide
flow_wide_node79node23_t4,0.0,9.0,I,node79node23,4,wide
flow_wide_node79node23_t5,0.0,9.0,I,node79node23,5,wide
flow_timber_node79node29_t1,0.0,9.0,I,node79node29,1,timber
flow_timber_node79node29_t2,0.0,9.0,I,node79node29,2,timber
flow_timber_node79node29_t3,0.0,9.0,I,node79node29,3,timber
flow_timber_node79node29_t4,0.0,9.0,I,node79node29,4,timber
flow_timber_node79node29_t5,0.0,9.0,I,node79node29,5,timber
flow_wide_node79node29_t1,0.0,9.0,I,node79node29,1,wide
flow_wide_node79node29_t2,0.0,9.0,I,node79node29,2,wide
flow_wide_node79node29_t3,0.0,9.0,I,node79node29,3,wide
flow_wide_node79node29_t4,0.0,9.0,I,node79node29,4,wide
flow_wide_node79node29_t5,0.0,9.0,I,node79node29,5,wide
flow_timber_node79node35_t1,0.0,9.0,I,node79node35,1,timber
flow_timber_node79node35_t2,0.0,9.0,I,node79node35,2,timber
flow_timber_node79node35_t3,0.0,9.0,I,node79node35,3,timber
flow_timber_node79node35_t4,0.0,9.0,I,node79node35,4,timber
flow_timber_node79node35_t5,0.0,9.0,I,node79node35,5,timber
flow_wide_node79node35_t1,0.0,9.0,I,node79node35,1,wide
flow_wide_node79node35_t2,0.0,9.0,I,node79node35,2,wide
flow_wide_node79node35_t3,0.0,9.0,I,node79node35,3,wide
flow_wide_node79node35_t4,0.0,9.0,I,node79node35,4,wide
flow_wide_node79node35_t5,0.0,9.0,I,node79node35,5,wide
flow_timber_node79node37_t1,0.0,9.0,I,node79node37,1,timber
flow_timber_node79node37_t2,0.0,9.0,I,node79node37,2,timber
flow_timber_node79node37_t3,0.0,9.0,I,node79node37,3,timber
flow_timber_node79node37_t4,0.0,9.0,I,node79node37,4,timber
flow_timber_node79node37_t5,0.0,9.0,I,node79node37,5,timber
flow_wide_node79node37_t1,0.0,9.0,I,node79node37,1,wide
flow_wide_node79node37_t2,0.0,9.0,I,node79node37,2,wide
flow_wide_node79node37_t3,0.0,9.0,I,node79node37,3,wide
flow_wide_node79node37_t4,0.0,9.0,I,node79node37,4,wide
flow_wide_node79node37_t5,0.0,9.0,I,node79node37,5,wide
flow_timber_node79node43_t1,0.0,9.0,I,node79node43,1,timber
flow_timber_node79node43_t2,0.0,9.0,I,node79node43,2,timber
flow_timber_node79node43_t3,0.0,9.0,I,node79node43,3,timber
flow_timber_node79node43_t4,0.0,9.0,I,node79node43,4,timber
flow_timber_node79node43_t5,0.0,9.0,I,node79node43,5,timber
flow_wide_node79node43_t1,0.0,9.0,I,node79node43,1,wide
flow_wide_node79node43_t2,0.0,9.0,I,node79node43,2,wide
flow_wide_node79node43_t3,0.0,9.0,I,node79node43,3,wide
flow_wide_node79node43_t4,0.0,9.0,I,node79node43,4,wide
flow_wide_node79node43_t5,0.0,9.0,I,node79node43,5,wide
flow_timber_node79node55_t1,0.0,9.0,I,node79node55,1,timber
flow_timber_node79node55_t2,0.0,9.0,I,node79node55,2,timber
flow_timber_node79node55_t3,0.0,9.0,I,node79node55,3,timber
flow_timber_node79node55_t4,0.0,9.0,I,node79node55,4,timber
flow_timber_node79node55_t5,0.0,9.0,I,node79node55,5,timber
flow_wide_node79node55_t1,0.0,9.0,I,node79node55,1,wide
flow_wide_node79node55_t2,0.0,9.0,I,node79node55,2,wide
flow_wide_node79node55_t3,0.0,9.0,I,node79node55,3,wide
flow_wide_node79node55_t4,0.0,9.0,I,node79node55,4,wide
flow_wide_node79node55_t5,0.0,9.0,I,node79node55,5,wide
flow_timber_node79node59_t1,0.0,9.0,I,node79node59,1,timber
flow_timber_node79node59_t2,0.0,9.0,I,node79node59,2,timber
flow_timber_node79node59_t3,0.0,9.0,I,node79node59,3,timber
flow_timber_node79node59_t4,0.0,9.0,I,node79node59,4,timber
flow_timber_node79node59_t5,0.0,9.0,I,node79node59,5,timber
flow_wide_node79node59_t1,0.0,9.0,I,node79node59,1,wide
flow_wide_node79node59_t2,0.0,9.0,I,node79node59,2,wide
flow_wide_node79node59_t3,0.0,9.0,I,node79node59,3,wide
flow_wide_node79node59_t4,0.0,9.0,I,node79node59,4,wide
flow_wide_node79node59_t5,0.0,9.0,I,node79node59,5,wide
flow_timber_node79node63_t1,0.0,9.0,I,node79node63,1,timber
flow_timber_node79node63_t2,0.0,9.0,I,node79node63,2,timber
flow_timber_node79node63_t3,0.0,9.0,I,node79node63,3,timber
flow_timber_node79node63_t4,0.0,9.0,I,node79node63,4,timber
flow_timber_node79node63_t5,0.0,9.0,I,node79node63,5,timber
flow_wide_node79node63_t1,0.0,9.0,I,node79node63,1,wide
flow_wide_node79node63_t2,0.0,9.0,I,node79node63,2,wide
flow_wide_node79node63_t3,0.0,9.0,I,node79node63,3,wide
flow_wide_node79node63_t4,0.0,9.0,I,node79node63,4,wide
flow_wide_node79node63_t5,0.0,9.0,I,node79node63,5,wide
flow_timber_node22node16_t1,0.0,9.0,I,node22node16,1,timber
flow_timber_node22node16_t2,0.0,9.0,I,node22node16,2,timber
flow_timber_node22node16_t3,0.0,9.0,I,node22node16,3,timber
flow_timber_node22node16_t4,0.0,9.0,I,node22node16,4,timber
flow_timber_node22node16_t5,0.0,9.0,I,node22node16,5,timber
flow_wide_node22node16_t1,0.0,9.0,I,node22node16,1,wide
flow_wide_node22node16_t2,0.0,9.0,I,node22node16,2,wide
flow_wide_node22node16_t3,0.0,9.0,I,node22node16,3,wide
flow_wide_node22node16_t4,0.0,9.0,I,node22node16,4,wide
flow_wide_node22node16_t5,0.0,9.0,I,node22node16,5,wide
flow_timber_node22node39_t1,0.0,9.0,I,node22node39,1,timber
flow_timber_node22node39_t2,0.0,9.0,I,node22node39,2,timber
flow_timber_node22node39_t3,0.0,9.0,I,node22node39,3,timber
flow_timber_node22node39_t4,0.0,9.0,I,node22node39,4,timber
flow_timber_node22node39_t5,0.0,9.0,I,node22node39,5,timber
flow_wide_node22node39_t1,0.0,9.0,I,node22node39,1,wide
flow_wide_node22node39_t2,0.0,9.0,I,node22node39,2,wide
flow_wide_node22node39_t3,0.0,9.0,I,node22node39,3,wide
flow_wide_node22node39_t4,0.0,9.0,I,node22node39,4,wide
flow_wide_node22node39_t5,0.0,9.0,I,node22node39,5,wide
flow_timber_node22node31_t1,0.0,9.0,I,node22node31,1,timber
flow_timber_node22node31_t2,0.0,9.0,I,node22node31,2,timber
flow_timber_node22node31_t3,0.0,9.0,I,node22node31,3,timber
flow_timber_node22node31_t4,0.0,9.0,I,node22node31,4,timber
flow_timber_node22node31_t5,0.0,9.0,I,node22node31,5,timber
flow_wide_node22node31_t1,0.0,9.0,I,node22node31,1,wide
flow_wide_node22node31_t2,0.0,9.0,I,node22node31,2,wide
flow_wide_node22node31_t3,0.0,9.0,I,node22node31,3,wide
flow_wide_node22node31_t4,0.0,9.0,I,node22node31,4,wide
flow_wide_node22node31_t5,0.0,9.0,I,node22node31,5,wide
flow_timber_node22node80_t1,0.0,9.0,I,node22node80,1,timber
flow_timber_node22node80_t2,0.0,9.0,I,node22node80,2,timber
flow_timber_node22node80_t3,0.0,9.0,I,node22node80,3,timber
flow_timber_node22node80_t4,0.0,9.0,I,node22node80,4,timber
flow_timber_node22node80_t5,0.0,9.0,I,node22node80,5,timber
flow_wide_node22node80_t1,0.0,9.0,I,node22node80,1,wide
flow_wide_node22node80_t2,0.0,9.0,I,node22node80,2,wide
flow_wide_node22node80_t3,0.0,9.0,I,node22node80,3,wide
flow_wide_node22node80_t4,0.0,9.0,I,node22node80,4,wide
flow_wide_node22node80_t5,0.0,9.0,I,node22node80,5,wide
flow_timber_node22node84_t1,0.0,9.0,I,node22node84,1,timber
flow_timber_node22node84_t2,0.0,9.0,I,node22node84,2,timber
flow_timber_node22node84_t3,0.0,9.0,I,node22node84,3,timber
flow_timber_node22node84_t4,0.0,9.0,I,node22node84,4,timber
flow_timber_node22node84_t5,0.0,9.0,I,node22node84,5,timber
flow_wide_node22node84_t1,0.0,9.0,I,node22node84,1,wide
flow_wide_node22node84_t2,0.0,9.0,I,node22node84,2,wide
flow_wide_node22node84_t3,0.0,9.0,I,node22node84,3,wide
flow_wide_node22node84_t4,0.0,9.0,I,node22node84,4,wide
flow_wide_node22node84_t5,0.0,9.0,I,node22node84,5,wide
flow_timber_node22node90_t1,0.0,9.0,I,node22node90,1,timber
flow_timber_node22node90_t2,0.0,9.0,I,node22node90,2,timber
flow_timber_node22node90_t3,0.0,9.0,I,node22node90,3,timber
flow_timber_node22node90_t4,0.0,9.0,I,node22node90,4,timber
flow_timber_node22node90_t5,0.0,9.0,I,node22node90,5,timber
flow_wide_node22node90_t1,0.0,9.0,I,node22node90,1,wide
flow_wide_node22node90_t2,0.0,9.0,I,node22node90,2,wide
flow_wide_node22node90_t3,0.0,9.0,I,node22node90,3,wide
flow_wide_node22node90_t4,0.0,9.0,I,node22node90,4,wide
flow_wide_node22node90_t5,0.0,9.0,I,node22node90,5,wide
flow_timber_node37node16_t1,0.0,9.0,I,node37node16,1,timber
flow_timber_node37node16_t2,0.0,9.0,I,node37node16,2,timber
flow_timber_node37node16_t3,0.0,9.0,I,node37node16,3,timber
flow_timber_node37node16_t4,0.0,9.0,I,node37node16,4,timber
flow_timber_node37node16_t5,0.0,9.0,I,node37node16,5,timber
flow_wide_node37node16_t1,0.0,9.0,I,node37node16,1,wide
flow_wide_node37node16_t2,0.0,9.0,I,node37node16,2,wide
flow_wide_node37node16_t3,0.0,9.0,I,node37node16,3,wide
flow_wide_node37node16_t4,0.0,9.0,I,node37node16,4,wide
flow_wide_node37node16_t5,0.0,9.0,I,node37node16,5,wide
flow_timber_node37node20_t1,0.0,9.0,I,node37node20,1,timber
flow_timber_node37node20_t2,0.0,9.0,I,node37node20,2,timber
flow_timber_node37node20_t3,0.0,9.0,I,node37node20,3,timber
flow_timber_node37node20_t4,0.0,9.0,I,node37node20,4,timber
flow_timber_node37node20_t5,0.0,9.0,I,node37node20,5,timber
flow_wide_node37node20_t1,0.0,9.0,I,node37node20,1,wide
flow_wide_node37node20_t2,0.0,9.0,I,node37node20,2,wide
flow_wide_node37node20_t3,0.0,9.0,I,node37node20,3,wide
flow_wide_node37node20_t4,0.0,9.0,I,node37node20,4,wide
flow_wide_node37node20_t5,0.0,9.0,I,node37node20,5,wide
flow_timber_node37node23_t1,0.0,9.0,I,node37node23,1,timber
flow_timber_node37node23_t2,0.0,9.0,I,node37node23,2,timber
flow_timber_node37node23_t3,0.0,9.0,I,node37node23,3,timber
flow_timber_node37node23_t4,0.0,9.0,I,node37node23,4,timber
flow_timber_node37node23_t5,0.0,9.0,I,node37node23,5,timber
flow_wide_node37node23_t1,0.0,9.0,I,node37node23,1,wide
flow_wide_node37node23_t2,0.0,9.0,I,node37node23,2,wide
flow_wide_node37node23_t3,0.0,9.0,I,node37node23,3,wide
flow_wide_node37node23_t4,0.0,9.0,I,node37node23,4,wide
flow_wide_node37node23_t5,0.0,9.0,I,node37node23,5,wide
flow_timber_node37node79_t1,0.0,9.0,I,node37node79,1,timber
flow_timber_node37node79_t2,0.0,9.0,I,node37node79,2,timber
flow_timber_node37node79_t3,0.0,9.0,I,node37node79,3,timber
flow_timber_node37node79_t4,0.0,9.0,I,node37node79,4,timber
flow_timber_node37node79_t5,0.0,9.0,I,node37node79,5,timber
flow_wide_node37node79_t1,0.0,9.0,I,node37node79,1,wide
flow_wide_node37node79_t2,0.0,9.0,I,node37node79,2,wide
flow_wide_node37node79_t3,0.0,9.0,I,node37node79,3,wide
flow_wide_node37node79_t4,0.0,9.0,I,node37node79,4,wide
flow_wide_node37node79_t5,0.0,9.0,I,node37node79,5,wide
flow_timber_node37node83_t1,0.0,9.0,I,node37node83,1,timber
flow_timber_node37node83_t2,0.0,9.0,I,node37node83,2,timber
flow_timber_node37node83_t3,0.0,9.0,I,node37node83,3,timber
flow_timber_node37node83_t4,0.0,9.0,I,node37node83,4,timber
flow_timber_node37node83_t5,0.0,9.0,I,node37node83,5,timber
flow_wide_node37node83_t1,0.0,9.0,I,node37node83,1,wide
flow_wide_node37node83_t2,0.0,9.0,I,node37node83,2,wide
flow_wide_node37node83_t3,0.0,9.0,I,node37node83,3,wide
flow_wide_node37node83_t4,0.0,9.0,I,node37node83,4,wide
flow_wide_node37node83_t5,0.0,9.0,I,node37node83,5,wide
flow_timber_node37node90_t1,0.0,9.0,I,node37node90,1,timber
flow_timber_node37node90_t2,0.0,9.0,I,node37node90,2,timber
flow_timber_node37node90_t3,0.0,9.0,I,node37node90,3,timber
flow_timber_node37node90_t4,0.0,9.0,I,node37node90,4,timber
flow_timber_node37node90_t5,0.0,9.0,I,node37node90,5,timber
flow_wide_node37node90_t1,0.0,9.0,I,node37node90,1,wide
flow_wide_node37node90_t2,0.0,9.0,I,node37node90,2,wide
flow_wide_node37node90_t3,0.0,9.0,I,node37node90,3,wide
flow_wide_node37node90_t4,0.0,9.0,I,node37node90,4,wide
flow_wide_node37node90_t5,0.0,9.0,I,node37node90,5,wide
flow_timber_node17node33_t1,0.0,9.0,I,node17node33,1,timber
flow_timber_node17node33_t2,0.0,9.0,I,node17node33,2,timber
flow_timber_node17node33_t3,0.0,9.0,I,node17node33,3,timber
flow_timber_node17node33_t4,0.0,9.0,I,node17node33,4,timber
flow_timber_node17node33_t5,0.0,9.0,I,node17node33,5,timber
flow_wide_node17node33_t1,0.0,9.0,I,node17node33,1,wide
flow_wide_node17node33_t2,0.0,9.0,I,node17node33,2,wide
flow_wide_node17node33_t3,0.0,9.0,I,node17node33,3,wide
flow_wide_node17node33_t4,0.0,9.0,I,node17node33,4,wide
flow_wide_node17node33_t5,0.0,9.0,I,node17node33,5,wide
flow_timber_node17node48_t1,0.0,9.0,I,node17node48,1,timber
flow_timber_node17node48_t2,0.0,9.0,I,node17node48,2,timber
flow_timber_node17node48_t3,0.0,9.0,I,node17node48,3,timber
flow_timber_node17node48_t4,0.0,9.0,I,node17node48,4,timber
flow_timber_node17node48_t5,0.0,9.0,I,node17node48,5,timber
flow_wide_node17node48_t1,0.0,9.0,I,node17node48,1,wide
flow_wide_node17node48_t2,0.0,9.0,I,node17node48,2,wide
flow_wide_node17node48_t3,0.0,9.0,I,node17node48,3,wide
flow_wide_node17node48_t4,0.0,9.0,I,node17node48,4,wide
flow_wide_node17node48_t5,0.0,9.0,I,node17node48,5,wide
flow_timber_node17node60_t1,0.0,9.0,I,node17node60,1,timber
flow_timber_node17node60_t2,0.0,9.0,I,node17node60,2,timber
flow_timber_node17node60_t3,0.0,9.0,I,node17node60,3,timber
flow_timber_node17node60_t4,0.0,9.0,I,node17node60,4,timber
flow_timber_node17node60_t5,0.0,9.0,I,node17node60,5,timber
flow_wide_node17node60_t1,0.0,9.0,I,node17node60,1,wide
flow_wide_node17node60_t2,0.0,9.0,I,node17node60,2,wide
flow_wide_node17node60_t3,0.0,9.0,I,node17node60,3,wide
flow_wide_node17node60_t4,0.0,9.0,I,node17node60,4,wide
flow_wide_node17node60_t5,0.0,9.0,I,node17node60,5,wide
flow_timber_node17node76_t1,0.0,9.0,I,node17node76,1,timber
flow_timber_node17node76_t2,0.0,9.0,I,node17node76,2,timber
flow_timber_node17node76_t3,0.0,9.0,I,node17node76,3,timber
flow_timber_node17node76_t4,0.0,9.0,I,node17node76,4,timber
flow_timber_node17node76_t5,0.0,9.0,I,node17node76,5,timber
flow_wide_node17node76_t1,0.0,9.0,I,node17node76,1,wide
flow_wide_node17node76_t2,0.0,9.0,I,node17node76,2,wide
flow_wide_node17node76_t3,0.0,9.0,I,node17node76,3,wide
flow_wide_node17node76_t4,0.0,9.0,I,node17node76,4,wide
flow_wide_node17node76_t5,0.0,9.0,I,node17node76,5,wide
flow_timber_node17node78_t1,0.0,9.0,I,node17node78,1,timber
flow_timber_node17node78_t2,0.0,9.0,I,node17node78,2,timber
flow_timber_node17node78_t3,0.0,9.0,I,node17node78,3,timber
flow_timber_node17node78_t4,0.0,9.0,I,node17node78,4,timber
flow_timber_node17node78_t5,0.0,9.0,I,node17node78,5,timber
flow_wide_node17node78_t1,0.0,9.0,I,node17node78,1,wide
flow_wide_node17node78_t2,0.0,9.0,I,node17node78,2,wide
flow_wide_node17node78_t3,0.0,9.0,I,node17node78,3,wide
flow_wide_node17node78_t4,0.0,9.0,I,node17node78,4,wide
flow_wide_node17node78_t5,0.0,9.0,I,node17node78,5,wide
flow_timber_node60node17_t1,0.0,9.0,I,node60node17,1,timber
flow_timber_node60node17_t2,0.0,9.0,I,node60node17,2,timber
flow_timber_node60node17_t3,0.0,9.0,I,node60node17,3,timber
flow_timber_node60node17_t4,0.0,9.0,I,node60node17,4,timber
flow_timber_node60node17_t5,0.0,9.0,I,node60node17,5,timber
flow_wide_node60node17_t1,0.0,9.0,I,node60node17,1,wide
flow_wide_node60node17_t2,0.0,9.0,I,node60node17,2,wide
flow_wide_node60node17_t3,0.0,9.0,I,node60node17,3,wide
flow_wide_node60node17_t4,0.0,9.0,I,node60node17,4,wide
flow_wide_node60node17_t5,0.0,9.0,I,node60node17,5,wide
flow_timber_node60node51_t1,0.0,9.0,I,node60node51,1,timber
flow_timber_node60node51_t2,0.0,9.0,I,node60node51,2,timber
flow_timber_node60node51_t3,0.0,9.0,I,node60node51,3,timber
flow_timber_node60node51_t4,0.0,9.0,I,node60node51,4,timber
flow_timber_node60node51_t5,0.0,9.0,I,node60node51,5,timber
flow_wide_node60node51_t1,0.0,9.0,I,node60node51,1,wide
flow_wide_node60node51_t2,0.0,9.0,I,node60node51,2,wide
flow_wide_node60node51_t3,0.0,9.0,I,node60node51,3,wide
flow_wide_node60node51_t4,0.0,9.0,I,node60node51,4,wide
flow_wide_node60node51_t5,0.0,9.0,I,node60node51,5,wide
flow_timber_node60node76_t1,0.0,9.0,I,node60node76,1,timber
flow_timber_node60node76_t2,0.0,9.0,I,node60node76,2,timber
flow_timber_node60node76_t3,0.0,9.0,I,node60node76,3,timber
flow_timber_node60node76_t4,0.0,9.0,I,node60node76,4,timber
flow_timber_node60node76_t5,0.0,9.0,I,node60node76,5,timber
flow_wide_node60node76_t1,0.0,9.0,I,node60node76,1,wide
flow_wide_node60node76_t2,0.0,9.0,I,node60node76,2,wide
flow_wide_node60node76_t3,0.0,9.0,I,node60node76,3,wide
flow_wide_node60node76_t4,0.0,9.0,I,node60node76,4,wide
flow_wide_node60node76_t5,0.0,9.0,I,node60node76,5,wide
flow_timber_node60node78_t1,0.0,9.0,I,node60node78,1,timber
flow_timber_node60node78_t2,0.0,9.0,I,node60node78,2,timber
flow_timber_node60node78_t3,0.0,9.0,I,node60node78,3,timber
flow_timber_node60node78_t4,0.0,9.0,I,node60node78,4,timber
flow_timber_node60node78_t5,0.0,9.0,I,node60node78,5,timber
flow_wide_node60node78_t1,0.0,9.0,I,node60node78,1,wide
flow_wide_node60node78_t2,0.0,9.0,I,node60node78,2,wide
flow_wide_node60node78_t3,0.0,9.0,I,node60node78,3,wide
flow_wide_node60node78_t4,0.0,9.0,I,node60node78,4,wide
flow_wide_node60node78_t5,0.0,9.0,I,node60node78,5,wide
flow_timber_node78node17_t1,0.0,9.0,I,node78node17,1,timber
flow_timber_node78node17_t2,0.0,9.0,I,node78node17,2,timber
flow_timber_node78node17_t3,0.0,9.0,I,node78node17,3,timber
flow_timber_node78node17_t4,0.0,9.0,I,node78node17,4,timber
flow_timber_node78node17_t5,0.0,9.0,I,node78node17,5,timber
flow_wide_node78node17_t1,0.0,9.0,I,node78node17,1,wide
flow_wide_node78node17_t2,0.0,9.0,I,node78node17,2,wide
flow_wide_node78node17_t3,0.0,9.0,I,node78node17,3,wide
flow_wide_node78node17_t4,0.0,9.0,I,node78node17,4,wide
flow_wide_node78node17_t5,0.0,9.0,I,node78node17,5,wide
flow_timber_node78node32_t1,0.0,9.0,I,node78node32,1,timber
flow_timber_node78node32_t2,0.0,9.0,I,node78node32,2,timber
flow_timber_node78node32_t3,0.0,9.0,I,node78node32,3,timber
flow_timber_node78node32_t4,0.0,9.0,I,node78node32,4,timber
flow_timber_node78node32_t5,0.0,9.0,I,node78node32,5,timber
flow_wide_node78node32_t1,0.0,9.0,I,node78node32,1,wide
flow_wide_node78node32_t2,0.0,9.0,I,node78node32,2,wide
flow_wide_node78node32_t3,0.0,9.0,I,node78node32,3,wide
flow_wide_node78node32_t4,0.0,9.0,I,node78node32,4,wide
flow_wide_node78node32_t5,0.0,9.0,I,node78node32,5,wide
flow_timber_node78node48_t1,0.0,9.0,I,node78node48,1,timber
flow_timber_node78node48_t2,0.0,9.0,I,node78node48,2,timber
flow_timber_node78node48_t3,0.0,9.0,I,node78node48,3,timber
flow_timber_node78node48_t4,0.0,9.0,I,node78node48,4,timber
flow_timber_node78node48_t5,0.0,9.0,I,node78node48,5,timber
flow_wide_node78node48_t1,0.0,9.0,I,node78node48,1,wide
flow_wide_node78node48_t2,0.0,9.0,I,node78node48,2,wide
flow_wide_node78node48_t3,0.0,9.0,I,node78node48,3,wide
flow_wide_node78node48_t4,0.0,9.0,I,node78node48,4,wide
flow_wide_node78node48_t5,0.0,9.0,I,node78node48,5,wide
flow_timber_node78node51_t1,0.0,9.0,I,node78node51,1,timber
flow_timber_node78node51_t2,0.0,9.0,I,node78node51,2,timber
flow_timber_node78node51_t3,0.0,9.0,I,node78node51,3,timber
flow_timber_node78node51_t4,0.0,9.0,I,node78node51,4,timber
flow_timber_node78node51_t5,0.0,9.0,I,node78node51,5,timber
flow_wide_node78node51_t1,0.0,9.0,I,node78node51,1,wide
flow_wide_node78node51_t2,0.0,9.0,I,node78node51,2,wide
flow_wide_node78node51_t3,0.0,9.0,I,node78node51,3,wide
flow_wide_node78node51_t4,0.0,9.0,I,node78node51,4,wide
flow_wide_node78node51_t5,0.0,9.0,I,node78node51,5,wide
flow_timber_node78node60_t1,0.0,9.0,I,node78node60,1,timber
flow_timber_node78node60_t2,0.0,9.0,I,node78node60,2,timber
flow_timber_node78node60_t3,0.0,9.0,I,node78node60,3,timber
flow_timber_node78node60_t4,0.0,9.0,I,node78node60,4,timber
flow_timber_node78node60_t5,0.0,9.0,I,node78node60,5,timber
flow_wide_node78node60_t1,0.0,9.0,I,node78node60,1,wide
flow_wide_node78node60_t2,0.0,9.0,I,node78node60,2,wide
flow_wide_node78node60_t3,0.0,9.0,I,node78node60,3,wide
flow_wide_node78node60_t4,0.0,9.0,I,node78node60,4,wide
flow_wide_node78node60_t5,0.0,9.0,I,node78node60,5,wide
flow_timber_node78node61_t1,0.0,9.0,I,node78node61,1,timber
flow_timber_node78node61_t2,0.0,9.0,I,node78node61,2,timber
flow_timber_node78node61_t3,0.0,9.0,I,node78node61,3,timber
flow_timber_node78node61_t4,0.0,9.0,I,node78node61,4,timber
flow_timber_node78node61_t5,0.0,9.0,I,node78node61,5,timber
flow_wide_node78node61_t1,0.0,9.0,I,node78node61,1,wide
flow_wide_node78node61_t2,0.0,9.0,I,node78node61,2,wide
flow_wide_node78node61_t3,0.0,9.0,I,node78node61,3,wide
flow_wide_node78node61_t4,0.0,9.0,I,node78node61,4,wide
flow_wide_node78node61_t5,0.0,9.0,I,node78node61,5,wide
flow_timber_node78node62_t1,0.0,9.0,I,node78node62,1,timber
flow_timber_node78node62_t2,0.0,9.0,I,node78node62,2,timber
flow_timber_node78node62_t3,0.0,9.0,I,node78node62,3,timber
flow_timber_node78node62_t4,0.0,9.0,I,node78node62,4,timber
flow_timber_node78node62_t5,0.0,9.0,I,node78node62,5,timber
flow_wide_node78node62_t1,0.0,9.0,I,node78node62,1,wide
flow_wide_node78node62_t2,0.0,9.0,I,node78node62,2,wide
flow_wide_node78node62_t3,0.0,9.0,I,node78node62,3,wide
flow_wide_node78node62_t4,0.0,9.0,I,node78node62,4,wide
flow_wide_node78node62_t5,0.0,9.0,I,node78node62,5,wide
flow_timber_node18node29_t1,0.0,9.0,I,node18node29,1,timber
flow_timber_node18node29_t2,0.0,9.0,I,node18node29,2,timber
flow_timber_node18node29_t3,0.0,9.0,I,node18node29,3,timber
flow_timber_node18node29_t4,0.0,9.0,I,node18node29,4,timber
flow_timber_node18node29_t5,0.0,9.0,I,node18node29,5,timber
flow_wide_node18node29_t1,0.0,9.0,I,node18node29,1,wide
flow_wide_node18node29_t2,0.0,9.0,I,node18node29,2,wide
flow_wide_node18node29_t3,0.0,9.0,I,node18node29,3,wide
flow_wide_node18node29_t4,0.0,9.0,I,node18node29,4,wide
flow_wide_node18node29_t5,0.0,9.0,I,node18node29,5,wide
flow_timber_node18node57_t1,0.0,9.0,I,node18node57,1,timber
flow_timber_node18node57_t2,0.0,9.0,I,node18node57,2,timber
flow_timber_node18node57_t3,0.0,9.0,I,node18node57,3,timber
flow_timber_node18node57_t4,0.0,9.0,I,node18node57,4,timber
flow_timber_node18node57_t5,0.0,9.0,I,node18node57,5,timber
flow_wide_node18node57_t1,0.0,9.0,I,node18node57,1,wide
flow_wide_node18node57_t2,0.0,9.0,I,node18node57,2,wide
flow_wide_node18node57_t3,0.0,9.0,I,node18node57,3,wide
flow_wide_node18node57_t4,0.0,9.0,I,node18node57,4,wide
flow_wide_node18node57_t5,0.0,9.0,I,node18node57,5,wide
flow_timber_node18node35_t1,0.0,9.0,I,node18node35,1,timber
flow_timber_node18node35_t2,0.0,9.0,I,node18node35,2,timber
flow_timber_node18node35_t3,0.0,9.0,I,node18node35,3,timber
flow_timber_node18node35_t4,0.0,9.0,I,node18node35,4,timber
flow_timber_node18node35_t5,0.0,9.0,I,node18node35,5,timber
flow_wide_node18node35_t1,0.0,9.0,I,node18node35,1,wide
flow_wide_node18node35_t2,0.0,9.0,I,node18node35,2,wide
flow_wide_node18node35_t3,0.0,9.0,I,node18node35,3,wide
flow_wide_node18node35_t4,0.0,9.0,I,node18node35,4,wide
flow_wide_node18node35_t5,0.0,9.0,I,node18node35,5,wide
flow_timber_node18node75_t1,0.0,9.0,I,node18node75,1,timber
flow_timber_node18node75_t2,0.0,9.0,I,node18node75,2,timber
flow_timber_node18node75_t3,0.0,9.0,I,node18node75,3,timber
flow_timber_node18node75_t4,0.0,9.0,I,node18node75,4,timber
flow_timber_node18node75_t5,0.0,9.0,I,node18node75,5,timber
flow_wide_node18node75_t1,0.0,9.0,I,node18node75,1,wide
flow_wide_node18node75_t2,0.0,9.0,I,node18node75,2,wide
flow_wide_node18node75_t3,0.0,9.0,I,node18node75,3,wide
flow_wide_node18node75_t4,0.0,9.0,I,node18node75,4,wide
flow_wide_node18node75_t5,0.0,9.0,I,node18node75,5,wide
flow_timber_node18node77_t1,0.0,9.0,I,node18node77,1,timber
flow_timber_node18node77_t2,0.0,9.0,I,node18node77,2,timber
flow_timber_node18node77_t3,0.0,9.0,I,node18node77,3,timber
flow_timber_node18node77_t4,0.0,9.0,I,node18node77,4,timber
flow_timber_node18node77_t5,0.0,9.0,I,node18node77,5,timber
flow_wide_node18node77_t1,0.0,9.0,I,node18node77,1,wide
flow_wide_node18node77_t2,0.0,9.0,I,node18node77,2,wide
flow_wide_node18node77_t3,0.0,9.0,I,node18node77,3,wide
flow_wide_node18node77_t4,0.0,9.0,I,node18node77,4,wide
flow_wide_node18node77_t5,0.0,9.0,I,node18node77,5,wide
flow_timber_node18node79_t1,0.0,9.0,I,node18node79,1,timber
flow_timber_node18node79_t2,0.0,9.0,I,node18node79,2,timber
flow_timber_node18node79_t3,0.0,9.0,I,node18node79,3,timber
flow_timber_node18node79_t4,0.0,9.0,I,node18node79,4,timber
flow_timber_node18node79_t5,0.0,9.0,I,node18node79,5,timber
flow_wide_node18node79_t1,0.0,9.0,I,node18node79,1,wide
flow_wide_node18node79_t2,0.0,9.0,I,node18node79,2,wide
flow_wide_node18node79_t3,0.0,9.0,I,node18node79,3,wide
flow_wide_node18node79_t4,0.0,9.0,I,node18node79,4,wide
flow_wide_node18node79_t5,0.0,9.0,I,node18node79,5,wide
flow_timber_node29node18_t1,0.0,9.0,I,node29node18,1,timber
flow_timber_node29node18_t2,0.0,9.0,I,node29node18,2,timber
flow_timber_node29node18_t3,0.0,9.0,I,node29node18,3,timber
flow_timber_node29node18_t4,0.0,9.0,I,node29node18,4,timber
flow_timber_node29node18_t5,0.0,9.0,I,node29node18,5,timber
flow_wide_node29node18_t1,0.0,9.0,I,node29node18,1,wide
flow_wide_node29node18_t2,0.0,9.0,I,node29node18,2,wide
flow_wide_node29node18_t3,0.0,9.0,I,node29node18,3,wide
flow_wide_node29node18_t4,0.0,9.0,I,node29node18,4,wide
flow_wide_node29node18_t5,0.0,9.0,I,node29node18,5,wide
flow_timber_node29node59_t1,0.0,9.0,I,node29node59,1,timber
flow_timber_node29node59_t2,0.0,9.0,I,node29node59,2,timber
flow_timber_node29node59_t3,0.0,9.0,I,node29node59,3,timber
flow_timber_node29node59_t4,0.0,9.0,I,node29node59,4,timber
flow_timber_node29node59_t5,0.0,9.0,I,node29node59,5,timber
flow_wide_node29node59_t1,0.0,9.0,I,node29node59,1,wide
flow_wide_node29node59_t2,0.0,9.0,I,node29node59,2,wide
flow_wide_node29node59_t3,0.0,9.0,I,node29node59,3,wide
flow_wide_node29node59_t4,0.0,9.0,I,node29node59,4,wide
flow_wide_node29node59_t5,0.0,9.0,I,node29node59,5,wide
flow_timber_node29node75_t1,0.0,9.0,I,node29node75,1,timber
flow_timber_node29node75_t2,0.0,9.0,I,node29node75,2,timber
flow_timber_node29node75_t3,0.0,9.0,I,node29node75,3,timber
flow_timber_node29node75_t4,0.0,9.0,I,node29node75,4,timber
flow_timber_node29node75_t5,0.0,9.0,I,node29node75,5,timber
flow_wide_node29node75_t1,0.0,9.0,I,node29node75,1,wide
flow_wide_node29node75_t2,0.0,9.0,I,node29node75,2,wide
flow_wide_node29node75_t3,0.0,9.0,I,node29node75,3,wide
flow_wide_node29node75_t4,0.0,9.0,I,node29node75,4,wide
flow_wide_node29node75_t5,0.0,9.0,I,node29node75,5,wide
flow_timber_node29node79_t1,0.0,9.0,I,node29node79,1,timber
flow_timber_node29node79_t2,0.0,9.0,I,node29node79,2,timber
flow_timber_node29node79_t3,0.0,9.0,I,node29node79,3,timber
flow_timber_node29node79_t4,0.0,9.0,I,node29node79,4,timber
flow_timber_node29node79_t5,0.0,9.0,I,node29node79,5,timber
flow_wide_node29node79_t1,0.0,9.0,I,node29node79,1,wide
flow_wide_node29node79_t2,0.0,9.0,I,node29node79,2,wide
flow_wide_node29node79_t3,0.0,9.0,I,node29node79,3,wide
flow_wide_node29node79_t4,0.0,9.0,I,node29node79,4,wide
flow_wide_node29node79_t5,0.0,9.0,I,node29node79,5,wide
flow_timber_node57node18_t1,0.0,9.0,I,node57node18,1,timber
flow_timber_node57node18_t2,0.0,9.0,I,node57node18,2,timber
flow_timber_node57node18_t3,0.0,9.0,I,node57node18,3,timber
flow_timber_node57node18_t4,0.0,9.0,I,node57node18,4,timber
flow_timber_node57node18_t5,0.0,9.0,I,node57node18,5,timber
flow_wide_node57node18_t1,0.0,9.0,I,node57node18,1,wide
flow_wide_node57node18_t2,0.0,9.0,I,node57node18,2,wide
flow_wide_node57node18_t3,0.0,9.0,I,node57node18,3,wide
flow_wide_node57node18_t4,0.0,9.0,I,node57node18,4,wide
flow_wide_node57node18_t5,0.0,9.0,I,node57node18,5,wide
flow_timber_node57node58_t1,0.0,9.0,I,node57node58,1,timber
flow_timber_node57node58_t2,0.0,9.0,I,node57node58,2,timber
flow_timber_node57node58_t3,0.0,9.0,I,node57node58,3,timber
flow_timber_node57node58_t4,0.0,9.0,I,node57node58,4,timber
flow_timber_node57node58_t5,0.0,9.0,I,node57node58,5,timber
flow_wide_node57node58_t1,0.0,9.0,I,node57node58,1,wide
flow_wide_node57node58_t2,0.0,9.0,I,node57node58,2,wide
flow_wide_node57node58_t3,0.0,9.0,I,node57node58,3,wide
flow_wide_node57node58_t4,0.0,9.0,I,node57node58,4,wide
flow_wide_node57node58_t5,0.0,9.0,I,node57node58,5,wide
flow_timber_node57node75_t1,0.0,9.0,I,node57node75,1,timber
flow_timber_node57node75_t2,0.0,9.0,I,node57node75,2,timber
flow_timber_node57node75_t3,0.0,9.0,I,node57node75,3,timber
flow_timber_node57node75_t4,0.0,9.0,I,node57node75,4,timber
flow_timber_node57node75_t5,0.0,9.0,I,node57node75,5,timber
flow_wide_node57node75_t1,0.0,9.0,I,node57node75,1,wide
flow_wide_node57node75_t2,0.0,9.0,I,node57node75,2,wide
flow_wide_node57node75_t3,0.0,9.0,I,node57node75,3,wide
flow_wide_node57node75_t4,0.0,9.0,I,node57node75,4,wide
flow_wide_node57node75_t5,0.0,9.0,I,node57node75,5,wide
flow_timber_node57node77_t1,0.0,9.0,I,node57node77,1,timber
flow_timber_node57node77_t2,0.0,9.0,I,node57node77,2,timber
flow_timber_node57node77_t3,0.0,9.0,I,node57node77,3,timber
flow_timber_node57node77_t4,0.0,9.0,I,node57node77,4,timber
flow_timber_node57node77_t5,0.0,9.0,I,node57node77,5,timber
flow_wide_node57node77_t1,0.0,9.0,I,node57node77,1,wide
flow_wide_node57node77_t2,0.0,9.0,I,node57node77,2,wide
flow_wide_node57node77_t3,0.0,9.0,I,node57node77,3,wide
flow_wide_node57node77_t4,0.0,9.0,I,node57node77,4,wide
flow_wide_node57node77_t5,0.0,9.0,I,node57node77,5,wide
flow_timber_node35node18_t1,0.0,9.0,I,node35node18,1,timber
flow_timber_node35node18_t2,0.0,9.0,I,node35node18,2,timber
flow_timber_node35node18_t3,0.0,9.0,I,node35node18,3,timber
flow_timber_node35node18_t4,0.0,9.0,I,node35node18,4,timber
flow_timber_node35node18_t5,0.0,9.0,I,node35node18,5,timber
flow_wide_node35node18_t1,0.0,9.0,I,node35node18,1,wide
flow_wide_node35node18_t2,0.0,9.0,I,node35node18,2,wide
flow_wide_node35node18_t3,0.0,9.0,I,node35node18,3,wide
flow_wide_node35node18_t4,0.0,9.0,I,node35node18,4,wide
flow_wide_node35node18_t5,0.0,9.0,I,node35node18,5,wide
flow_timber_node35node50_t1,0.0,9.0,I,node35node50,1,timber
flow_timber_node35node50_t2,0.0,9.0,I,node35node50,2,timber
flow_timber_node35node50_t3,0.0,9.0,I,node35node50,3,timber
flow_timber_node35node50_t4,0.0,9.0,I,node35node50,4,timber
flow_timber_node35node50_t5,0.0,9.0,I,node35node50,5,timber
flow_wide_node35node50_t1,0.0,9.0,I,node35node50,1,wide
flow_wide_node35node50_t2,0.0,9.0,I,node35node50,2,wide
flow_wide_node35node50_t3,0.0,9.0,I,node35node50,3,wide
flow_wide_node35node50_t4,0.0,9.0,I,node35node50,4,wide
flow_wide_node35node50_t5,0.0,9.0,I,node35node50,5,wide
flow_timber_node35node43_t1,0.0,9.0,I,node35node43,1,timber
flow_timber_node35node43_t2,0.0,9.0,I,node35node43,2,timber
flow_timber_node35node43_t3,0.0,9.0,I,node35node43,3,timber
flow_timber_node35node43_t4,0.0,9.0,I,node35node43,4,timber
flow_timber_node35node43_t5,0.0,9.0,I,node35node43,5,timber
flow_wide_node35node43_t1,0.0,9.0,I,node35node43,1,wide
flow_wide_node35node43_t2,0.0,9.0,I,node35node43,2,wide
flow_wide_node35node43_t3,0.0,9.0,I,node35node43,3,wide
flow_wide_node35node43_t4,0.0,9.0,I,node35node43,4,wide
flow_wide_node35node43_t5,0.0,9.0,I,node35node43,5,wide
flow_timber_node35node77_t1,0.0,9.0,I,node35node77,1,timber
flow_timber_node35node77_t2,0.0,9.0,I,node35node77,2,timber
flow_timber_node35node77_t3,0.0,9.0,I,node35node77,3,timber
flow_timber_node35node77_t4,0.0,9.0,I,node35node77,4,timber
flow_timber_node35node77_t5,0.0,9.0,I,node35node77,5,timber
flow_wide_node35node77_t1,0.0,9.0,I,node35node77,1,wide
flow_wide_node35node77_t2,0.0,9.0,I,node35node77,2,wide
flow_wide_node35node77_t3,0.0,9.0,I,node35node77,3,wide
flow_wide_node35node77_t4,0.0,9.0,I,node35node77,4,wide
flow_wide_node35node77_t5,0.0,9.0,I,node35node77,5,wide
flow_timber_node35node79_t1,0.0,9.0,I,node35node79,1,timber
flow_timber_node35node79_t2,0.0,9.0,I,node35node79,2,timber
flow_timber_node35node79_t3,0.0,9.0,I,node35node79,3,timber
flow_timber_node35node79_t4,0.0,9.0,I,node35node79,4,timber
flow_timber_node35node79_t5,0.0,9.0,I,node35node79,5,timber
flow_wide_node35node79_t1,0.0,9.0,I,node35node79,1,wide
flow_wide_node35node79_t2,0.0,9.0,I,node35node79,2,wide
flow_wide_node35node79_t3,0.0,9.0,I,node35node79,3,wide
flow_wide_node35node79_t4,0.0,9.0,I,node35node79,4,wide
flow_wide_node35node79_t5,0.0,9.0,I,node35node79,5,wide
flow_timber_node35node81_t1,0.0,9.0,I,node35node81,1,timber
flow_timber_node35node81_t2,0.0,9.0,I,node35node81,2,timber
flow_timber_node35node81_t3,0.0,9.0,I,node35node81,3,timber
flow_timber_node35node81_t4,0.0,9.0,I,node35node81,4,timber
flow_timber_node35node81_t5,0.0,9.0,I,node35node81,5,timber
flow_wide_node35node81_t1,0.0,9.0,I,node35node81,1,wide
flow_wide_node35node81_t2,0.0,9.0,I,node35node81,2,wide
flow_wide_node35node81_t3,0.0,9.0,I,node35node81,3,wide
flow_wide_node35node81_t4,0.0,9.0,I,node35node81,4,wide
flow_wide_node35node81_t5,0.0,9.0,I,node35node81,5,wide
flow_timber_node19node25_t1,0.0,9.0,I,node19node25,1,timber
flow_timber_node19node25_t2,0.0,9.0,I,node19node25,2,timber
flow_timber_node19node25_t3,0.0,9.0,I,node19node25,3,timber
flow_timber_node19node25_t4,0.0,9.0,I,node19node25,4,timber
flow_timber_node19node25_t5,0.0,9.0,I,node19node25,5,timber
flow_wide_node19node25_t1,0.0,9.0,I,node19node25,1,wide
flow_wide_node19node25_t2,0.0,9.0,I,node19node25,2,wide
flow_wide_node19node25_t3,0.0,9.0,I,node19node25,3,wide
flow_wide_node19node25_t4,0.0,9.0,I,node19node25,4,wide
flow_wide_node19node25_t5,0.0,9.0,I,node19node25,5,wide
flow_timber_node19node64_t1,0.0,9.0,I,node19node64,1,timber
flow_timber_node19node64_t2,0.0,9.0,I,node19node64,2,timber
flow_timber_node19node64_t3,0.0,9.0,I,node19node64,3,timber
flow_timber_node19node64_t4,0.0,9.0,I,node19node64,4,timber
flow_timber_node19node64_t5,0.0,9.0,I,node19node64,5,timber
flow_wide_node19node64_t1,0.0,9.0,I,node19node64,1,wide
flow_wide_node19node64_t2,0.0,9.0,I,node19node64,2,wide
flow_wide_node19node64_t3,0.0,9.0,I,node19node64,3,wide
flow_wide_node19node64_t4,0.0,9.0,I,node19node64,4,wide
flow_wide_node19node64_t5,0.0,9.0,I,node19node64,5,wide
flow_timber_node19node49_t1,0.0,9.0,I,node19node49,1,timber
flow_timber_node19node49_t2,0.0,9.0,I,node19node49,2,timber
flow_timber_node19node49_t3,0.0,9.0,I,node19node49,3,timber
flow_timber_node19node49_t4,0.0,9.0,I,node19node49,4,timber
flow_timber_node19node49_t5,0.0,9.0,I,node19node49,5,timber
flow_wide_node19node49_t1,0.0,9.0,I,node19node49,1,wide
flow_wide_node19node49_t2,0.0,9.0,I,node19node49,2,wide
flow_wide_node19node49_t3,0.0,9.0,I,node19node49,3,wide
flow_wide_node19node49_t4,0.0,9.0,I,node19node49,4,wide
flow_wide_node19node49_t5,0.0,9.0,I,node19node49,5,wide
flow_timber_node19node81_t1,0.0,9.0,I,node19node81,1,timber
flow_timber_node19node81_t2,0.0,9.0,I,node19node81,2,timber
flow_timber_node19node81_t3,0.0,9.0,I,node19node81,3,timber
flow_timber_node19node81_t4,0.0,9.0,I,node19node81,4,timber
flow_timber_node19node81_t5,0.0,9.0,I,node19node81,5,timber
flow_wide_node19node81_t1,0.0,9.0,I,node19node81,1,wide
flow_wide_node19node81_t2,0.0,9.0,I,node19node81,2,wide
flow_wide_node19node81_t3,0.0,9.0,I,node19node81,3,wide
flow_wide_node19node81_t4,0.0,9.0,I,node19node81,4,wide
flow_wide_node19node81_t5,0.0,9.0,I,node19node81,5,wide
flow_timber_node19node83_t1,0.0,9.0,I,node19node83,1,timber
flow_timber_node19node83_t2,0.0,9.0,I,node19node83,2,timber
flow_timber_node19node83_t3,0.0,9.0,I,node19node83,3,timber
flow_timber_node19node83_t4,0.0,9.0,I,node19node83,4,timber
flow_timber_node19node83_t5,0.0,9.0,I,node19node83,5,timber
flow_wide_node19node83_t1,0.0,9.0,I,node19node83,1,wide
flow_wide_node19node83_t2,0.0,9.0,I,node19node83,2,wide
flow_wide_node19node83_t3,0.0,9.0,I,node19node83,3,wide
flow_wide_node19node83_t4,0.0,9.0,I,node19node83,4,wide
flow_wide_node19node83_t5,0.0,9.0,I,node19node83,5,wide
flow_timber_node19node87_t1,0.0,9.0,I,node19node87,1,timber
flow_timber_node19node87_t2,0.0,9.0,I,node19node87,2,timber
flow_timber_node19node87_t3,0.0,9.0,I,node19node87,3,timber
flow_timber_node19node87_t4,0.0,9.0,I,node19node87,4,timber
flow_timber_node19node87_t5,0.0,9.0,I,node19node87,5,timber
flow_wide_node19node87_t1,0.0,9.0,I,node19node87,1,wide
flow_wide_node19node87_t2,0.0,9.0,I,node19node87,2,wide
flow_wide_node19node87_t3,0.0,9.0,I,node19node87,3,wide
flow_wide_node19node87_t4,0.0,9.0,I,node19node87,4,wide
flow_wide_node19node87_t5,0.0,9.0,I,node19node87,5,wide
flow_timber_node25node19_t1,0.0,9.0,I,node25node19,1,timber
flow_timber_node25node19_t2,0.0,9.0,I,node25node19,2,timber
flow_timber_node25node19_t3,0.0,9.0,I,node25node19,3,timber
flow_timber_node25node19_t4,0.0,9.0,I,node25node19,4,timber
flow_timber_node25node19_t5,0.0,9.0,I,node25node19,5,timber
flow_wide_node25node19_t1,0.0,9.0,I,node25node19,1,wide
flow_wide_node25node19_t2,0.0,9.0,I,node25node19,2,wide
flow_wide_node25node19_t3,0.0,9.0,I,node25node19,3,wide
flow_wide_node25node19_t4,0.0,9.0,I,node25node19,4,wide
flow_wide_node25node19_t5,0.0,9.0,I,node25node19,5,wide
flow_timber_node25node28_t1,0.0,9.0,I,node25node28,1,timber
flow_timber_node25node28_t2,0.0,9.0,I,node25node28,2,timber
flow_timber_node25node28_t3,0.0,9.0,I,node25node28,3,timber
flow_timber_node25node28_t4,0.0,9.0,I,node25node28,4,timber
flow_timber_node25node28_t5,0.0,9.0,I,node25node28,5,timber
flow_wide_node25node28_t1,0.0,9.0,I,node25node28,1,wide
flow_wide_node25node28_t2,0.0,9.0,I,node25node28,2,wide
flow_wide_node25node28_t3,0.0,9.0,I,node25node28,3,wide
flow_wide_node25node28_t4,0.0,9.0,I,node25node28,4,wide
flow_wide_node25node28_t5,0.0,9.0,I,node25node28,5,wide
flow_timber_node25node43_t1,0.0,9.0,I,node25node43,1,timber
flow_timber_node25node43_t2,0.0,9.0,I,node25node43,2,timber
flow_timber_node25node43_t3,0.0,9.0,I,node25node43,3,timber
flow_timber_node25node43_t4,0.0,9.0,I,node25node43,4,timber
flow_timber_node25node43_t5,0.0,9.0,I,node25node43,5,timber
flow_wide_node25node43_t1,0.0,9.0,I,node25node43,1,wide
flow_wide_node25node43_t2,0.0,9.0,I,node25node43,2,wide
flow_wide_node25node43_t3,0.0,9.0,I,node25node43,3,wide
flow_wide_node25node43_t4,0.0,9.0,I,node25node43,4,wide
flow_wide_node25node43_t5,0.0,9.0,I,node25node43,5,wide
flow_timber_node25node81_t1,0.0,9.0,I,node25node81,1,timber
flow_timber_node25node81_t2,0.0,9.0,I,node25node81,2,timber
flow_timber_node25node81_t3,0.0,9.0,I,node25node81,3,timber
flow_timber_node25node81_t4,0.0,9.0,I,node25node81,4,timber
flow_timber_node25node81_t5,0.0,9.0,I,node25node81,5,timber
flow_wide_node25node81_t1,0.0,9.0,I,node25node81,1,wide
flow_wide_node25node81_t2,0.0,9.0,I,node25node81,2,wide
flow_wide_node25node81_t3,0.0,9.0,I,node25node81,3,wide
flow_wide_node25node81_t4,0.0,9.0,I,node25node81,4,wide
flow_wide_node25node81_t5,0.0,9.0,I,node25node81,5,wide
flow_timber_node25node82_t1,0.0,9.0,I,node25node82,1,timber
flow_timber_node25node82_t2,0.0,9.0,I,node25node82,2,timber
flow_timber_node25node82_t3,0.0,9.0,I,node25node82,3,timber
flow_timber_node25node82_t4,0.0,9.0,I,node25node82,4,timber
flow_timber_node25node82_t5,0.0,9.0,I,node25node82,5,timber
flow_wide_node25node82_t1,0.0,9.0,I,node25node82,1,wide
flow_wide_node25node82_t2,0.0,9.0,I,node25node82,2,wide
flow_wide_node25node82_t3,0.0,9.0,I,node25node82,3,wide
flow_wide_node25node82_t4,0.0,9.0,I,node25node82,4,wide
flow_wide_node25node82_t5,0.0,9.0,I,node25node82,5,wide
flow_timber_node25node83_t1,0.0,9.0,I,node25node83,1,timber
flow_timber_node25node83_t2,0.0,9.0,I,node25node83,2,timber
flow_timber_node25node83_t3,0.0,9.0,I,node25node83,3,timber
flow_timber_node25node83_t4,0.0,9.0,I,node25node83,4,timber
flow_timber_node25node83_t5,0.0,9.0,I,node25node83,5,timber
flow_wide_node25node83_t1,0.0,9.0,I,node25node83,1,wide
flow_wide_node25node83_t2,0.0,9.0,I,node25node83,2,wide
flow_wide_node25node83_t3,0.0,9.0,I,node25node83,3,wide
flow_wide_node25node83_t4,0.0,9.0,I,node25node83,4,wide
flow_wide_node25node83_t5,0.0,9.0,I,node25node83,5,wide
flow_timber_node64node19_t1,0.0,9.0,I,node64node19,1,timber
flow_timber_node64node19_t2,0.0,9.0,I,node64node19,2,timber
flow_timber_node64node19_t3,0.0,9.0,I,node64node19,3,timber
flow_timber_node64node19_t4,0.0,9.0,I,node64node19,4,timber
flow_timber_node64node19_t5,0.0,9.0,I,node64node19,5,timber
flow_wide_node64node19_t1,0.0,9.0,I,node64node19,1,wide
flow_wide_node64node19_t2,0.0,9.0,I,node64node19,2,wide
flow_wide_node64node19_t3,0.0,9.0,I,node64node19,3,wide
flow_wide_node64node19_t4,0.0,9.0,I,node64node19,4,wide
flow_wide_node64node19_t5,0.0,9.0,I,node64node19,5,wide
flow_timber_node64node65_t1,0.0,9.0,I,node64node65,1,timber
flow_timber_node64node65_t2,0.0,9.0,I,node64node65,2,timber
flow_timber_node64node65_t3,0.0,9.0,I,node64node65,3,timber
flow_timber_node64node65_t4,0.0,9.0,I,node64node65,4,timber
flow_timber_node64node65_t5,0.0,9.0,I,node64node65,5,timber
flow_wide_node64node65_t1,0.0,9.0,I,node64node65,1,wide
flow_wide_node64node65_t2,0.0,9.0,I,node64node65,2,wide
flow_wide_node64node65_t3,0.0,9.0,I,node64node65,3,wide
flow_wide_node64node65_t4,0.0,9.0,I,node64node65,4,wide
flow_wide_node64node65_t5,0.0,9.0,I,node64node65,5,wide
flow_timber_node64node83_t1,0.0,9.0,I,node64node83,1,timber
flow_timber_node64node83_t2,0.0,9.0,I,node64node83,2,timber
flow_timber_node64node83_t3,0.0,9.0,I,node64node83,3,timber
flow_timber_node64node83_t4,0.0,9.0,I,node64node83,4,timber
flow_timber_node64node83_t5,0.0,9.0,I,node64node83,5,timber
flow_wide_node64node83_t1,0.0,9.0,I,node64node83,1,wide
flow_wide_node64node83_t2,0.0,9.0,I,node64node83,2,wide
flow_wide_node64node83_t3,0.0,9.0,I,node64node83,3,wide
flow_wide_node64node83_t4,0.0,9.0,I,node64node83,4,wide
flow_wide_node64node83_t5,0.0,9.0,I,node64node83,5,wide
flow_timber_node64node87_t1,0.0,9.0,I,node64node87,1,timber
flow_timber_node64node87_t2,0.0,9.0,I,node64node87,2,timber
flow_timber_node64node87_t3,0.0,9.0,I,node64node87,3,timber
flow_timber_node64node87_t4,0.0,9.0,I,node64node87,4,timber
flow_timber_node64node87_t5,0.0,9.0,I,node64node87,5,timber
flow_wide_node64node87_t1,0.0,9.0,I,node64node87,1,wide
flow_wide_node64node87_t2,0.0,9.0,I,node64node87,2,wide
flow_wide_node64node87_t3,0.0,9.0,I,node64node87,3,wide
flow_wide_node64node87_t4,0.0,9.0,I,node64node87,4,wide
flow_wide_node64node87_t5,0.0,9.0,I,node64node87,5,wide
flow_timber_node49node19_t1,0.0,9.0,I,node49node19,1,timber
flow_timber_node49node19_t2,0.0,9.0,I,node49node19,2,timber
flow_timber_node49node19_t3,0.0,9.0,I,node49node19,3,timber
flow_timber_node49node19_t4,0.0,9.0,I,node49node19,4,timber
flow_timber_node49node19_t5,0.0,9.0,I,node49node19,5,timber
flow_wide_node49node19_t1,0.0,9.0,I,node49node19,1,wide
flow_wide_node49node19_t2,0.0,9.0,I,node49node19,2,wide
flow_wide_node49node19_t3,0.0,9.0,I,node49node19,3,wide
flow_wide_node49node19_t4,0.0,9.0,I,node49node19,4,wide
flow_wide_node49node19_t5,0.0,9.0,I,node49node19,5,wide
flow_timber_node49node20_t1,0.0,9.0,I,node49node20,1,timber
flow_timber_node49node20_t2,0.0,9.0,I,node49node20,2,timber
flow_timber_node49node20_t3,0.0,9.0,I,node49node20,3,timber
flow_timber_node49node20_t4,0.0,9.0,I,node49node20,4,timber
flow_timber_node49node20_t5,0.0,9.0,I,node49node20,5,timber
flow_wide_node49node20_t1,0.0,9.0,I,node49node20,1,wide
flow_wide_node49node20_t2,0.0,9.0,I,node49node20,2,wide
flow_wide_node49node20_t3,0.0,9.0,I,node49node20,3,wide
flow_wide_node49node20_t4,0.0,9.0,I,node49node20,4,wide
flow_wide_node49node20_t5,0.0,9.0,I,node49node20,5,wide
flow_timber_node49node30_t1,0.0,9.0,I,node49node30,1,timber
flow_timber_node49node30_t2,0.0,9.0,I,node49node30,2,timber
flow_timber_node49node30_t3,0.0,9.0,I,node49node30,3,timber
flow_timber_node49node30_t4,0.0,9.0,I,node49node30,4,timber
flow_timber_node49node30_t5,0.0,9.0,I,node49node30,5,timber
flow_wide_node49node30_t1,0.0,9.0,I,node49node30,1,wide
flow_wide_node49node30_t2,0.0,9.0,I,node49node30,2,wide
flow_wide_node49node30_t3,0.0,9.0,I,node49node30,3,wide
flow_wide_node49node30_t4,0.0,9.0,I,node49node30,4,wide
flow_wide_node49node30_t5,0.0,9.0,I,node49node30,5,wide
flow_timber_node49node81_t1,0.0,9.0,I,node49node81,1,timber
flow_timber_node49node81_t2,0.0,9.0,I,node49node81,2,timber
flow_timber_node49node81_t3,0.0,9.0,I,node49node81,3,timber
flow_timber_node49node81_t4,0.0,9.0,I,node49node81,4,timber
flow_timber_node49node81_t5,0.0,9.0,I,node49node81,5,timber
flow_wide_node49node81_t1,0.0,9.0,I,node49node81,1,wide
flow_wide_node49node81_t2,0.0,9.0,I,node49node81,2,wide
flow_wide_node49node81_t3,0.0,9.0,I,node49node81,3,wide
flow_wide_node49node81_t4,0.0,9.0,I,node49node81,4,wide
flow_wide_node49node81_t5,0.0,9.0,I,node49node81,5,wide
flow_timber_node49node87_t1,0.0,9.0,I,node49node87,1,timber
flow_timber_node49node87_t2,0.0,9.0,I,node49node87,2,timber
flow_timber_node49node87_t3,0.0,9.0,I,node49node87,3,timber
flow_timber_node49node87_t4,0.0,9.0,I,node49node87,4,timber
flow_timber_node49node87_t5,0.0,9.0,I,node49node87,5,timber
flow_wide_node49node87_t1,0.0,9.0,I,node49node87,1,wide
flow_wide_node49node87_t2,0.0,9.0,I,node49node87,2,wide
flow_wide_node49node87_t3,0.0,9.0,I,node49node87,3,wide
flow_wide_node49node87_t4,0.0,9.0,I,node49node87,4,wide
flow_wide_node49node87_t5,0.0,9.0,I,node49node87,5,wide
flow_timber_node49node90_t1,0.0,9.0,I,node49node90,1,timber
flow_timber_node49node90_t2,0.0,9.0,I,node49node90,2,timber
flow_timber_node49node90_t3,0.0,9.0,I,node49node90,3,timber
flow_timber_node49node90_t4,0.0,9.0,I,node49node90,4,timber
flow_timber_node49node90_t5,0.0,9.0,I,node49node90,5,timber
flow_wide_node49node90_t1,0.0,9.0,I,node49node90,1,wide
flow_wide_node49node90_t2,0.0,9.0,I,node49node90,2,wide
flow_wide_node49node90_t3,0.0,9.0,I,node49node90,3,wide
flow_wide_node49node90_t4,0.0,9.0,I,node49node90,4,wide
flow_wide_node49node90_t5,0.0,9.0,I,node49node90,5,wide
flow_timber_node83node19_t1,0.0,9.0,I,node83node19,1,timber
flow_timber_node83node19_t2,0.0,9.0,I,node83node19,2,timber
flow_timber_node83node19_t3,0.0,9.0,I,node83node19,3,timber
flow_timber_node83node19_t4,0.0,9.0,I,node83node19,4,timber
flow_timber_node83node19_t5,0.0,9.0,I,node83node19,5,timber
flow_wide_node83node19_t1,0.0,9.0,I,node83node19,1,wide
flow_wide_node83node19_t2,0.0,9.0,I,node83node19,2,wide
flow_wide_node83node19_t3,0.0,9.0,I,node83node19,3,wide
flow_wide_node83node19_t4,0.0,9.0,I,node83node19,4,wide
flow_wide_node83node19_t5,0.0,9.0,I,node83node19,5,wide
flow_timber_node83node20_t1,0.0,9.0,I,node83node20,1,timber
flow_timber_node83node20_t2,0.0,9.0,I,node83node20,2,timber
flow_timber_node83node20_t3,0.0,9.0,I,node83node20,3,timber
flow_timber_node83node20_t4,0.0,9.0,I,node83node20,4,timber
flow_timber_node83node20_t5,0.0,9.0,I,node83node20,5,timber
flow_wide_node83node20_t1,0.0,9.0,I,node83node20,1,wide
flow_wide_node83node20_t2,0.0,9.0,I,node83node20,2,wide
flow_wide_node83node20_t3,0.0,9.0,I,node83node20,3,wide
flow_wide_node83node20_t4,0.0,9.0,I,node83node20,4,wide
flow_wide_node83node20_t5,0.0,9.0,I,node83node20,5,wide
flow_timber_node83node23_t1,0.0,9.0,I,node83node23,1,timber
flow_timber_node83node23_t2,0.0,9.0,I,node83node23,2,timber
flow_timber_node83node23_t3,0.0,9.0,I,node83node23,3,timber
flow_timber_node83node23_t4,0.0,9.0,I,node83node23,4,timber
flow_timber_node83node23_t5,0.0,9.0,I,node83node23,5,timber
flow_wide_node83node23_t1,0.0,9.0,I,node83node23,1,wide
flow_wide_node83node23_t2,0.0,9.0,I,node83node23,2,wide
flow_wide_node83node23_t3,0.0,9.0,I,node83node23,3,wide
flow_wide_node83node23_t4,0.0,9.0,I,node83node23,4,wide
flow_wide_node83node23_t5,0.0,9.0,I,node83node23,5,wide
flow_timber_node83node25_t1,0.0,9.0,I,node83node25,1,timber
flow_timber_node83node25_t2,0.0,9.0,I,node83node25,2,timber
flow_timber_node83node25_t3,0.0,9.0,I,node83node25,3,timber
flow_timber_node83node25_t4,0.0,9.0,I,node83node25,4,timber
flow_timber_node83node25_t5,0.0,9.0,I,node83node25,5,timber
flow_wide_node83node25_t1,0.0,9.0,I,node83node25,1,wide
flow_wide_node83node25_t2,0.0,9.0,I,node83node25,2,wide
flow_wide_node83node25_t3,0.0,9.0,I,node83node25,3,wide
flow_wide_node83node25_t4,0.0,9.0,I,node83node25,4,wide
flow_wide_node83node25_t5,0.0,9.0,I,node83node25,5,wide
flow_timber_node83node28_t1,0.0,9.0,I,node83node28,1,timber
flow_timber_node83node28_t2,0.0,9.0,I,node83node28,2,timber
flow_timber_node83node28_t3,0.0,9.0,I,node83node28,3,timber
flow_timber_node83node28_t4,0.0,9.0,I,node83node28,4,timber
flow_timber_node83node28_t5,0.0,9.0,I,node83node28,5,timber
flow_wide_node83node28_t1,0.0,9.0,I,node83node28,1,wide
flow_wide_node83node28_t2,0.0,9.0,I,node83node28,2,wide
flow_wide_node83node28_t3,0.0,9.0,I,node83node28,3,wide
flow_wide_node83node28_t4,0.0,9.0,I,node83node28,4,wide
flow_wide_node83node28_t5,0.0,9.0,I,node83node28,5,wide
flow_timber_node83node37_t1,0.0,9.0,I,node83node37,1,timber
flow_timber_node83node37_t2,0.0,9.0,I,node83node37,2,timber
flow_timber_node83node37_t3,0.0,9.0,I,node83node37,3,timber
flow_timber_node83node37_t4,0.0,9.0,I,node83node37,4,timber
flow_timber_node83node37_t5,0.0,9.0,I,node83node37,5,timber
flow_wide_node83node37_t1,0.0,9.0,I,node83node37,1,wide
flow_wide_node83node37_t2,0.0,9.0,I,node83node37,2,wide
flow_wide_node83node37_t3,0.0,9.0,I,node83node37,3,wide
flow_wide_node83node37_t4,0.0,9.0,I,node83node37,4,wide
flow_wide_node83node37_t5,0.0,9.0,I,node83node37,5,wide
flow_timber_node83node52_t1,0.0,9.0,I,node83node52,1,timber
flow_timber_node83node52_t2,0.0,9.0,I,node83node52,2,timber
flow_timber_node83node52_t3,0.0,9.0,I,node83node52,3,timber
flow_timber_node83node52_t4,0.0,9.0,I,node83node52,4,timber
flow_timber_node83node52_t5,0.0,9.0,I,node83node52,5,timber
flow_wide_node83node52_t1,0.0,9.0,I,node83node52,1,wide
flow_wide_node83node52_t2,0.0,9.0,I,node83node52,2,wide
flow_wide_node83node52_t3,0.0,9.0,I,node83node52,3,wide
flow_wide_node83node52_t4,0.0,9.0,I,node83node52,4,wide
flow_wide_node83node52_t5,0.0,9.0,I,node83node52,5,wide
flow_timber_node83node64_t1,0.0,9.0,I,node83node64,1,timber
flow_timber_node83node64_t2,0.0,9.0,I,node83node64,2,timber
flow_timber_node83node64_t3,0.0,9.0,I,node83node64,3,timber
flow_timber_node83node64_t4,0.0,9.0,I,node83node64,4,timber
flow_timber_node83node64_t5,0.0,9.0,I,node83node64,5,timber
flow_wide_node83node64_t1,0.0,9.0,I,node83node64,1,wide
flow_wide_node83node64_t2,0.0,9.0,I,node83node64,2,wide
flow_wide_node83node64_t3,0.0,9.0,I,node83node64,3,wide
flow_wide_node83node64_t4,0.0,9.0,I,node83node64,4,wide
flow_wide_node83node64_t5,0.0,9.0,I,node83node64,5,wide
flow_timber_node83node65_t1,0.0,9.0,I,node83node65,1,timber
flow_timber_node83node65_t2,0.0,9.0,I,node83node65,2,timber
flow_timber_node83node65_t3,0.0,9.0,I,node83node65,3,timber
flow_timber_node83node65_t4,0.0,9.0,I,node83node65,4,timber
flow_timber_node83node65_t5,0.0,9.0,I,node83node65,5,timber
flow_wide_node83node65_t1,0.0,9.0,I,node83node65,1,wide
flow_wide_node83node65_t2,0.0,9.0,I,node83node65,2,wide
flow_wide_node83node65_t3,0.0,9.0,I,node83node65,3,wide
flow_wide_node83node65_t4,0.0,9.0,I,node83node65,4,wide
flow_wide_node83node65_t5,0.0,9.0,I,node83node65,5,wide
flow_timber_node87node19_t1,0.0,9.0,I,node87node19,1,timber
flow_timber_node87node19_t2,0.0,9.0,I,node87node19,2,timber
flow_timber_node87node19_t3,0.0,9.0,I,node87node19,3,timber
flow_timber_node87node19_t4,0.0,9.0,I,node87node19,4,timber
flow_timber_node87node19_t5,0.0,9.0,I,node87node19,5,timber
flow_wide_node87node19_t1,0.0,9.0,I,node87node19,1,wide
flow_wide_node87node19_t2,0.0,9.0,I,node87node19,2,wide
flow_wide_node87node19_t3,0.0,9.0,I,node87node19,3,wide
flow_wide_node87node19_t4,0.0,9.0,I,node87node19,4,wide
flow_wide_node87node19_t5,0.0,9.0,I,node87node19,5,wide
flow_timber_node87node20_t1,0.0,9.0,I,node87node20,1,timber
flow_timber_node87node20_t2,0.0,9.0,I,node87node20,2,timber
flow_timber_node87node20_t3,0.0,9.0,I,node87node20,3,timber
flow_timber_node87node20_t4,0.0,9.0,I,node87node20,4,timber
flow_timber_node87node20_t5,0.0,9.0,I,node87node20,5,timber
flow_wide_node87node20_t1,0.0,9.0,I,node87node20,1,wide
flow_wide_node87node20_t2,0.0,9.0,I,node87node20,2,wide
flow_wide_node87node20_t3,0.0,9.0,I,node87node20,3,wide
flow_wide_node87node20_t4,0.0,9.0,I,node87node20,4,wide
flow_wide_node87node20_t5,0.0,9.0,I,node87node20,5,wide
flow_timber_node87node49_t1,0.0,9.0,I,node87node49,1,timber
flow_timber_node87node49_t2,0.0,9.0,I,node87node49,2,timber
flow_timber_node87node49_t3,0.0,9.0,I,node87node49,3,timber
flow_timber_node87node49_t4,0.0,9.0,I,node87node49,4,timber
flow_timber_node87node49_t5,0.0,9.0,I,node87node49,5,timber
flow_wide_node87node49_t1,0.0,9.0,I,node87node49,1,wide
flow_wide_node87node49_t2,0.0,9.0,I,node87node49,2,wide
flow_wide_node87node49_t3,0.0,9.0,I,node87node49,3,wide
flow_wide_node87node49_t4,0.0,9.0,I,node87node49,4,wide
flow_wide_node87node49_t5,0.0,9.0,I,node87node49,5,wide
flow_timber_node87node52_t1,0.0,9.0,I,node87node52,1,timber
flow_timber_node87node52_t2,0.0,9.0,I,node87node52,2,timber
flow_timber_node87node52_t3,0.0,9.0,I,node87node52,3,timber
flow_timber_node87node52_t4,0.0,9.0,I,node87node52,4,timber
flow_timber_node87node52_t5,0.0,9.0,I,node87node52,5,timber
flow_wide_node87node52_t1,0.0,9.0,I,node87node52,1,wide
flow_wide_node87node52_t2,0.0,9.0,I,node87node52,2,wide
flow_wide_node87node52_t3,0.0,9.0,I,node87node52,3,wide
flow_wide_node87node52_t4,0.0,9.0,I,node87node52,4,wide
flow_wide_node87node52_t5,0.0,9.0,I,node87node52,5,wide
flow_timber_node87node64_t1,0.0,9.0,I,node87node64,1,timber
flow_timber_node87node64_t2,0.0,9.0,I,node87node64,2,timber
flow_timber_node87node64_t3,0.0,9.0,I,node87node64,3,timber
flow_timber_node87node64_t4,0.0,9.0,I,node87node64,4,timber
flow_timber_node87node64_t5,0.0,9.0,I,node87node64,5,timber
flow_wide_node87node64_t1,0.0,9.0,I,node87node64,1,wide
flow_wide_node87node64_t2,0.0,9.0,I,node87node64,2,wide
flow_wide_node87node64_t3,0.0,9.0,I,node87node64,3,wide
flow_wide_node87node64_t4,0.0,9.0,I,node87node64,4,wide
flow_wide_node87node64_t5,0.0,9.0,I,node87node64,5,wide
flow_timber_node87node65_t1,0.0,9.0,I,node87node65,1,timber
flow_timber_node87node65_t2,0.0,9.0,I,node87node65,2,timber
flow_timber_node87node65_t3,0.0,9.0,I,node87node65,3,timber
flow_timber_node87node65_t4,0.0,9.0,I,node87node65,4,timber
flow_timber_node87node65_t5,0.0,9.0,I,node87node65,5,timber
flow_wide_node87node65_t1,0.0,9.0,I,node87node65,1,wide
flow_wide_node87node65_t2,0.0,9.0,I,node87node65,2,wide
flow_wide_node87node65_t3,0.0,9.0,I,node87node65,3,wide
flow_wide_node87node65_t4,0.0,9.0,I,node87node65,4,wide
flow_wide_node87node65_t5,0.0,9.0,I,node87node65,5,wide
flow_timber_node20node52_t1,0.0,9.0,I,node20node52,1,timber
flow_timber_node20node52_t2,0.0,9.0,I,node20node52,2,timber
flow_timber_node20node52_t3,0.0,9.0,I,node20node52,3,timber
flow_timber_node20node52_t4,0.0,9.0,I,node20node52,4,timber
flow_timber_node20node52_t5,0.0,9.0,I,node20node52,5,timber
flow_wide_node20node52_t1,0.0,9.0,I,node20node52,1,wide
flow_wide_node20node52_t2,0.0,9.0,I,node20node52,2,wide
flow_wide_node20node52_t3,0.0,9.0,I,node20node52,3,wide
flow_wide_node20node52_t4,0.0,9.0,I,node20node52,4,wide
flow_wide_node20node52_t5,0.0,9.0,I,node20node52,5,wide
flow_timber_node20node49_t1,0.0,9.0,I,node20node49,1,timber
flow_timber_node20node49_t2,0.0,9.0,I,node20node49,2,timber
flow_timber_node20node49_t3,0.0,9.0,I,node20node49,3,timber
flow_timber_node20node49_t4,0.0,9.0,I,node20node49,4,timber
flow_timber_node20node49_t5,0.0,9.0,I,node20node49,5,timber
flow_wide_node20node49_t1,0.0,9.0,I,node20node49,1,wide
flow_wide_node20node49_t2,0.0,9.0,I,node20node49,2,wide
flow_wide_node20node49_t3,0.0,9.0,I,node20node49,3,wide
flow_wide_node20node49_t4,0.0,9.0,I,node20node49,4,wide
flow_wide_node20node49_t5,0.0,9.0,I,node20node49,5,wide
flow_timber_node20node37_t1,0.0,9.0,I,node20node37,1,timber
flow_timber_node20node37_t2,0.0,9.0,I,node20node37,2,timber
flow_timber_node20node37_t3,0.0,9.0,I,node20node37,3,timber
flow_timber_node20node37_t4,0.0,9.0,I,node20node37,4,timber
flow_timber_node20node37_t5,0.0,9.0,I,node20node37,5,timber
flow_wide_node20node37_t1,0.0,9.0,I,node20node37,1,wide
flow_wide_node20node37_t2,0.0,9.0,I,node20node37,2,wide
flow_wide_node20node37_t3,0.0,9.0,I,node20node37,3,wide
flow_wide_node20node37_t4,0.0,9.0,I,node20node37,4,wide
flow_wide_node20node37_t5,0.0,9.0,I,node20node37,5,wide
flow_timber_node20node83_t1,0.0,9.0,I,node20node83,1,timber
flow_timber_node20node83_t2,0.0,9.0,I,node20node83,2,timber
flow_timber_node20node83_t3,0.0,9.0,I,node20node83,3,timber
flow_timber_node20node83_t4,0.0,9.0,I,node20node83,4,timber
flow_timber_node20node83_t5,0.0,9.0,I,node20node83,5,timber
flow_wide_node20node83_t1,0.0,9.0,I,node20node83,1,wide
flow_wide_node20node83_t2,0.0,9.0,I,node20node83,2,wide
flow_wide_node20node83_t3,0.0,9.0,I,node20node83,3,wide
flow_wide_node20node83_t4,0.0,9.0,I,node20node83,4,wide
flow_wide_node20node83_t5,0.0,9.0,I,node20node83,5,wide
flow_timber_node20node87_t1,0.0,9.0,I,node20node87,1,timber
flow_timber_node20node87_t2,0.0,9.0,I,node20node87,2,timber
flow_timber_node20node87_t3,0.0,9.0,I,node20node87,3,timber
flow_timber_node20node87_t4,0.0,9.0,I,node20node87,4,timber
flow_timber_node20node87_t5,0.0,9.0,I,node20node87,5,timber
flow_wide_node20node87_t1,0.0,9.0,I,node20node87,1,wide
flow_wide_node20node87_t2,0.0,9.0,I,node20node87,2,wide
flow_wide_node20node87_t3,0.0,9.0,I,node20node87,3,wide
flow_wide_node20node87_t4,0.0,9.0,I,node20node87,4,wide
flow_wide_node20node87_t5,0.0,9.0,I,node20node87,5,wide
flow_timber_node20node90_t1,0.0,9.0,I,node20node90,1,timber
flow_timber_node20node90_t2,0.0,9.0,I,node20node90,2,timber
flow_timber_node20node90_t3,0.0,9.0,I,node20node90,3,timber
flow_timber_node20node90_t4,0.0,9.0,I,node20node90,4,timber
flow_timber_node20node90_t5,0.0,9.0,I,node20node90,5,timber
flow_wide_node20node90_t1,0.0,9.0,I,node20node90,1,wide
flow_wide_node20node90_t2,0.0,9.0,I,node20node90,2,wide
flow_wide_node20node90_t3,0.0,9.0,I,node20node90,3,wide
flow_wide_node20node90_t4,0.0,9.0,I,node20node90,4,wide
flow_wide_node20node90_t5,0.0,9.0,I,node20node90,5,wide
flow_timber_node52node20_t1,0.0,9.0,I,node52node20,1,timber
flow_timber_node52node20_t2,0.0,9.0,I,node52node20,2,timber
flow_timber_node52node20_t3,0.0,9.0,I,node52node20,3,timber
flow_timber_node52node20_t4,0.0,9.0,I,node52node20,4,timber
flow_timber_node52node20_t5,0.0,9.0,I,node52node20,5,timber
flow_wide_node52node20_t1,0.0,9.0,I,node52node20,1,wide
flow_wide_node52node20_t2,0.0,9.0,I,node52node20,2,wide
flow_wide_node52node20_t3,0.0,9.0,I,node52node20,3,wide
flow_wide_node52node20_t4,0.0,9.0,I,node52node20,4,wide
flow_wide_node52node20_t5,0.0,9.0,I,node52node20,5,wide
flow_timber_node52node65_t1,0.0,9.0,I,node52node65,1,timber
flow_timber_node52node65_t2,0.0,9.0,I,node52node65,2,timber
flow_timber_node52node65_t3,0.0,9.0,I,node52node65,3,timber
flow_timber_node52node65_t4,0.0,9.0,I,node52node65,4,timber
flow_timber_node52node65_t5,0.0,9.0,I,node52node65,5,timber
flow_wide_node52node65_t1,0.0,9.0,I,node52node65,1,wide
flow_wide_node52node65_t2,0.0,9.0,I,node52node65,2,wide
flow_wide_node52node65_t3,0.0,9.0,I,node52node65,3,wide
flow_wide_node52node65_t4,0.0,9.0,I,node52node65,4,wide
flow_wide_node52node65_t5,0.0,9.0,I,node52node65,5,wide
flow_timber_node52node83_t1,0.0,9.0,I,node52node83,1,timber
flow_timber_node52node83_t2,0.0,9.0,I,node52node83,2,timber
flow_timber_node52node83_t3,0.0,9.0,I,node52node83,3,timber
flow_timber_node52node83_t4,0.0,9.0,I,node52node83,4,timber
flow_timber_node52node83_t5,0.0,9.0,I,node52node83,5,timber
flow_wide_node52node83_t1,0.0,9.0,I,node52node83,1,wide
flow_wide_node52node83_t2,0.0,9.0,I,node52node83,2,wide
flow_wide_node52node83_t3,0.0,9.0,I,node52node83,3,wide
flow_wide_node52node83_t4,0.0,9.0,I,node52node83,4,wide
flow_wide_node52node83_t5,0.0,9.0,I,node52node83,5,wide
flow_timber_node52node87_t1,0.0,9.0,I,node52node87,1,timber
flow_timber_node52node87_t2,0.0,9.0,I,node52node87,2,timber
flow_timber_node52node87_t3,0.0,9.0,I,node52node87,3,timber
flow_timber_node52node87_t4,0.0,9.0,I,node52node87,4,timber
flow_timber_node52node87_t5,0.0,9.0,I,node52node87,5,timber
flow_wide_node52node87_t1,0.0,9.0,I,node52node87,1,wide
flow_wide_node52node87_t2,0.0,9.0,I,node52node87,2,wide
flow_wide_node52node87_t3,0.0,9.0,I,node52node87,3,wide
flow_wide_node52node87_t4,0.0,9.0,I,node52node87,4,wide
flow_wide_node52node87_t5,0.0,9.0,I,node52node87,5,wide
flow_timber_node21node26_t1,0.0,9.0,I,node21node26,1,timber
flow_timber_node21node26_t2,0.0,9.0,I,node21node26,2,timber
flow_timber_node21node26_t3,0.0,9.0,I,node21node26,3,timber
flow_timber_node21node26_t4,0.0,9.0,I,node21node26,4,timber
flow_timber_node21node26_t5,0.0,9.0,I,node21node26,5,timber
flow_wide_node21node26_t1,0.0,9.0,I,node21node26,1,wide
flow_wide_node21node26_t2,0.0,9.0,I,node21node26,2,wide
flow_wide_node21node26_t3,0.0,9.0,I,node21node26,3,wide
flow_wide_node21node26_t4,0.0,9.0,I,node21node26,4,wide
flow_wide_node21node26_t5,0.0,9.0,I,node21node26,5,wide
flow_timber_node21node38_t1,0.0,9.0,I,node21node38,1,timber
flow_timber_node21node38_t2,0.0,9.0,I,node21node38,2,timber
flow_timber_node21node38_t3,0.0,9.0,I,node21node38,3,timber
flow_timber_node21node38_t4,0.0,9.0,I,node21node38,4,timber
flow_timber_node21node38_t5,0.0,9.0,I,node21node38,5,timber
flow_wide_node21node38_t1,0.0,9.0,I,node21node38,1,wide
flow_wide_node21node38_t2,0.0,9.0,I,node21node38,2,wide
flow_wide_node21node38_t3,0.0,9.0,I,node21node38,3,wide
flow_wide_node21node38_t4,0.0,9.0,I,node21node38,4,wide
flow_wide_node21node38_t5,0.0,9.0,I,node21node38,5,wide
flow_timber_node21node54_t1,0.0,9.0,I,node21node54,1,timber
flow_timber_node21node54_t2,0.0,9.0,I,node21node54,2,timber
flow_timber_node21node54_t3,0.0,9.0,I,node21node54,3,timber
flow_timber_node21node54_t4,0.0,9.0,I,node21node54,4,timber
flow_timber_node21node54_t5,0.0,9.0,I,node21node54,5,timber
flow_wide_node21node54_t1,0.0,9.0,I,node21node54,1,wide
flow_wide_node21node54_t2,0.0,9.0,I,node21node54,2,wide
flow_wide_node21node54_t3,0.0,9.0,I,node21node54,3,wide
flow_wide_node21node54_t4,0.0,9.0,I,node21node54,4,wide
flow_wide_node21node54_t5,0.0,9.0,I,node21node54,5,wide
flow_timber_node21node89_t1,0.0,9.0,I,node21node89,1,timber
flow_timber_node21node89_t2,0.0,9.0,I,node21node89,2,timber
flow_timber_node21node89_t3,0.0,9.0,I,node21node89,3,timber
flow_timber_node21node89_t4,0.0,9.0,I,node21node89,4,timber
flow_timber_node21node89_t5,0.0,9.0,I,node21node89,5,timber
flow_wide_node21node89_t1,0.0,9.0,I,node21node89,1,wide
flow_wide_node21node89_t2,0.0,9.0,I,node21node89,2,wide
flow_wide_node21node89_t3,0.0,9.0,I,node21node89,3,wide
flow_wide_node21node89_t4,0.0,9.0,I,node21node89,4,wide
flow_wide_node21node89_t5,0.0,9.0,I,node21node89,5,wide
flow_timber_node21node94_t1,0.0,9.0,I,node21node94,1,timber
flow_timber_node21node94_t2,0.0,9.0,I,node21node94,2,timber
flow_timber_node21node94_t3,0.0,9.0,I,node21node94,3,timber
flow_timber_node21node94_t4,0.0,9.0,I,node21node94,4,timber
flow_timber_node21node94_t5,0.0,9.0,I,node21node94,5,timber
flow_wide_node21node94_t1,0.0,9.0,I,node21node94,1,wide
flow_wide_node21node94_t2,0.0,9.0,I,node21node94,2,wide
flow_wide_node21node94_t3,0.0,9.0,I,node21node94,3,wide
flow_wide_node21node94_t4,0.0,9.0,I,node21node94,4,wide
flow_wide_node21node94_t5,0.0,9.0,I,node21node94,5,wide
flow_timber_node21node95_t1,0.0,9.0,I,node21node95,1,timber
flow_timber_node21node95_t2,0.0,9.0,I,node21node95,2,timber
flow_timber_node21node95_t3,0.0,9.0,I,node21node95,3,timber
flow_timber_node21node95_t4,0.0,9.0,I,node21node95,4,timber
flow_timber_node21node95_t5,0.0,9.0,I,node21node95,5,timber
flow_wide_node21node95_t1,0.0,9.0,I,node21node95,1,wide
flow_wide_node21node95_t2,0.0,9.0,I,node21node95,2,wide
flow_wide_node21node95_t3,0.0,9.0,I,node21node95,3,wide
flow_wide_node21node95_t4,0.0,9.0,I,node21node95,4,wide
flow_wide_node21node95_t5,0.0,9.0,I,node21node95,5,wide
flow_timber_node54node21_t1,0.0,9.0,I,node54node21,1,timber
flow_timber_node54node21_t2,0.0,9.0,I,node54node21,2,timber
flow_timber_node54node21_t3,0.0,9.0,I,node54node21,3,timber
flow_timber_node54node21_t4,0.0,9.0,I,node54node21,4,timber
flow_timber_node54node21_t5,0.0,9.0,I,node54node21,5,timber
flow_wide_node54node21_t1,0.0,9.0,I,node54node21,1,wide
flow_wide_node54node21_t2,0.0,9.0,I,node54node21,2,wide
flow_wide_node54node21_t3,0.0,9.0,I,node54node21,3,wide
flow_wide_node54node21_t4,0.0,9.0,I,node54node21,4,wide
flow_wide_node54node21_t5,0.0,9.0,I,node54node21,5,wide
flow_timber_node54node46_t1,0.0,9.0,I,node54node46,1,timber
flow_timber_node54node46_t2,0.0,9.0,I,node54node46,2,timber
flow_timber_node54node46_t3,0.0,9.0,I,node54node46,3,timber
flow_timber_node54node46_t4,0.0,9.0,I,node54node46,4,timber
flow_timber_node54node46_t5,0.0,9.0,I,node54node46,5,timber
flow_wide_node54node46_t1,0.0,9.0,I,node54node46,1,wide
flow_wide_node54node46_t2,0.0,9.0,I,node54node46,2,wide
flow_wide_node54node46_t3,0.0,9.0,I,node54node46,3,wide
flow_wide_node54node46_t4,0.0,9.0,I,node54node46,4,wide
flow_wide_node54node46_t5,0.0,9.0,I,node54node46,5,wide
flow_timber_node54node72_t1,0.0,9.0,I,node54node72,1,timber
flow_timber_node54node72_t2,0.0,9.0,I,node54node72,2,timber
flow_timber_node54node72_t3,0.0,9.0,I,node54node72,3,timber
flow_timber_node54node72_t4,0.0,9.0,I,node54node72,4,timber
flow_timber_node54node72_t5,0.0,9.0,I,node54node72,5,timber
flow_wide_node54node72_t1,0.0,9.0,I,node54node72,1,wide
flow_wide_node54node72_t2,0.0,9.0,I,node54node72,2,wide
flow_wide_node54node72_t3,0.0,9.0,I,node54node72,3,wide
flow_wide_node54node72_t4,0.0,9.0,I,node54node72,4,wide
flow_wide_node54node72_t5,0.0,9.0,I,node54node72,5,wide
flow_timber_node54node94_t1,0.0,9.0,I,node54node94,1,timber
flow_timber_node54node94_t2,0.0,9.0,I,node54node94,2,timber
flow_timber_node54node94_t3,0.0,9.0,I,node54node94,3,timber
flow_timber_node54node94_t4,0.0,9.0,I,node54node94,4,timber
flow_timber_node54node94_t5,0.0,9.0,I,node54node94,5,timber
flow_wide_node54node94_t1,0.0,9.0,I,node54node94,1,wide
flow_wide_node54node94_t2,0.0,9.0,I,node54node94,2,wide
flow_wide_node54node94_t3,0.0,9.0,I,node54node94,3,wide
flow_wide_node54node94_t4,0.0,9.0,I,node54node94,4,wide
flow_wide_node54node94_t5,0.0,9.0,I,node54node94,5,wide
flow_timber_node54node95_t1,0.0,9.0,I,node54node95,1,timber
flow_timber_node54node95_t2,0.0,9.0,I,node54node95,2,timber
flow_timber_node54node95_t3,0.0,9.0,I,node54node95,3,timber
flow_timber_node54node95_t4,0.0,9.0,I,node54node95,4,timber
flow_timber_node54node95_t5,0.0,9.0,I,node54node95,5,timber
flow_wide_node54node95_t1,0.0,9.0,I,node54node95,1,wide
flow_wide_node54node95_t2,0.0,9.0,I,node54node95,2,wide
flow_wide_node54node95_t3,0.0,9.0,I,node54node95,3,wide
flow_wide_node54node95_t4,0.0,9.0,I,node54node95,4,wide
flow_wide_node54node95_t5,0.0,9.0,I,node54node95,5,wide
flow_timber_node39node22_t1,0.0,9.0,I,node39node22,1,timber
flow_timber_node39node22_t2,0.0,9.0,I,node39node22,2,timber
flow_timber_node39node22_t3,0.0,9.0,I,node39node22,3,timber
flow_timber_node39node22_t4,0.0,9.0,I,node39node22,4,timber
flow_timber_node39node22_t5,0.0,9.0,I,node39node22,5,timber
flow_wide_node39node22_t1,0.0,9.0,I,node39node22,1,wide
flow_wide_node39node22_t2,0.0,9.0,I,node39node22,2,wide
flow_wide_node39node22_t3,0.0,9.0,I,node39node22,3,wide
flow_wide_node39node22_t4,0.0,9.0,I,node39node22,4,wide
flow_wide_node39node22_t5,0.0,9.0,I,node39node22,5,wide
flow_timber_node39node45_t1,0.0,9.0,I,node39node45,1,timber
flow_timber_node39node45_t2,0.0,9.0,I,node39node45,2,timber
flow_timber_node39node45_t3,0.0,9.0,I,node39node45,3,timber
flow_timber_node39node45_t4,0.0,9.0,I,node39node45,4,timber
flow_timber_node39node45_t5,0.0,9.0,I,node39node45,5,timber
flow_wide_node39node45_t1,0.0,9.0,I,node39node45,1,wide
flow_wide_node39node45_t2,0.0,9.0,I,node39node45,2,wide
flow_wide_node39node45_t3,0.0,9.0,I,node39node45,3,wide
flow_wide_node39node45_t4,0.0,9.0,I,node39node45,4,wide
flow_wide_node39node45_t5,0.0,9.0,I,node39node45,5,wide
flow_timber_node39node51_t1,0.0,9.0,I,node39node51,1,timber
flow_timber_node39node51_t2,0.0,9.0,I,node39node51,2,timber
flow_timber_node39node51_t3,0.0,9.0,I,node39node51,3,timber
flow_timber_node39node51_t4,0.0,9.0,I,node39node51,4,timber
flow_timber_node39node51_t5,0.0,9.0,I,node39node51,5,timber
flow_wide_node39node51_t1,0.0,9.0,I,node39node51,1,wide
flow_wide_node39node51_t2,0.0,9.0,I,node39node51,2,wide
flow_wide_node39node51_t3,0.0,9.0,I,node39node51,3,wide
flow_wide_node39node51_t4,0.0,9.0,I,node39node51,4,wide
flow_wide_node39node51_t5,0.0,9.0,I,node39node51,5,wide
flow_timber_node39node80_t1,0.0,9.0,I,node39node80,1,timber
flow_timber_node39node80_t2,0.0,9.0,I,node39node80,2,timber
flow_timber_node39node80_t3,0.0,9.0,I,node39node80,3,timber
flow_timber_node39node80_t4,0.0,9.0,I,node39node80,4,timber
flow_timber_node39node80_t5,0.0,9.0,I,node39node80,5,timber
flow_wide_node39node80_t1,0.0,9.0,I,node39node80,1,wide
flow_wide_node39node80_t2,0.0,9.0,I,node39node80,2,wide
flow_wide_node39node80_t3,0.0,9.0,I,node39node80,3,wide
flow_wide_node39node80_t4,0.0,9.0,I,node39node80,4,wide
flow_wide_node39node80_t5,0.0,9.0,I,node39node80,5,wide
flow_timber_node39node84_t1,0.0,9.0,I,node39node84,1,timber
flow_timber_node39node84_t2,0.0,9.0,I,node39node84,2,timber
flow_timber_node39node84_t3,0.0,9.0,I,node39node84,3,timber
flow_timber_node39node84_t4,0.0,9.0,I,node39node84,4,timber
flow_timber_node39node84_t5,0.0,9.0,I,node39node84,5,timber
flow_wide_node39node84_t1,0.0,9.0,I,node39node84,1,wide
flow_wide_node39node84_t2,0.0,9.0,I,node39node84,2,wide
flow_wide_node39node84_t3,0.0,9.0,I,node39node84,3,wide
flow_wide_node39node84_t4,0.0,9.0,I,node39node84,4,wide
flow_wide_node39node84_t5,0.0,9.0,I,node39node84,5,wide
flow_timber_node39node88_t1,0.0,9.0,I,node39node88,1,timber
flow_timber_node39node88_t2,0.0,9.0,I,node39node88,2,timber
flow_timber_node39node88_t3,0.0,9.0,I,node39node88,3,timber
flow_timber_node39node88_t4,0.0,9.0,I,node39node88,4,timber
flow_timber_node39node88_t5,0.0,9.0,I,node39node88,5,timber
flow_wide_node39node88_t1,0.0,9.0,I,node39node88,1,wide
flow_wide_node39node88_t2,0.0,9.0,I,node39node88,2,wide
flow_wide_node39node88_t3,0.0,9.0,I,node39node88,3,wide
flow_wide_node39node88_t4,0.0,9.0,I,node39node88,4,wide
flow_wide_node39node88_t5,0.0,9.0,I,node39node88,5,wide
flow_timber_node23node28_t1,0.0,9.0,I,node23node28,1,timber
flow_timber_node23node28_t2,0.0,9.0,I,node23node28,2,timber
flow_timber_node23node28_t3,0.0,9.0,I,node23node28,3,timber
flow_timber_node23node28_t4,0.0,9.0,I,node23node28,4,timber
flow_timber_node23node28_t5,0.0,9.0,I,node23node28,5,timber
flow_wide_node23node28_t1,0.0,9.0,I,node23node28,1,wide
flow_wide_node23node28_t2,0.0,9.0,I,node23node28,2,wide
flow_wide_node23node28_t3,0.0,9.0,I,node23node28,3,wide
flow_wide_node23node28_t4,0.0,9.0,I,node23node28,4,wide
flow_wide_node23node28_t5,0.0,9.0,I,node23node28,5,wide
flow_timber_node23node37_t1,0.0,9.0,I,node23node37,1,timber
flow_timber_node23node37_t2,0.0,9.0,I,node23node37,2,timber
flow_timber_node23node37_t3,0.0,9.0,I,node23node37,3,timber
flow_timber_node23node37_t4,0.0,9.0,I,node23node37,4,timber
flow_timber_node23node37_t5,0.0,9.0,I,node23node37,5,timber
flow_wide_node23node37_t1,0.0,9.0,I,node23node37,1,wide
flow_wide_node23node37_t2,0.0,9.0,I,node23node37,2,wide
flow_wide_node23node37_t3,0.0,9.0,I,node23node37,3,wide
flow_wide_node23node37_t4,0.0,9.0,I,node23node37,4,wide
flow_wide_node23node37_t5,0.0,9.0,I,node23node37,5,wide
flow_timber_node23node63_t1,0.0,9.0,I,node23node63,1,timber
flow_timber_node23node63_t2,0.0,9.0,I,node23node63,2,timber
flow_timber_node23node63_t3,0.0,9.0,I,node23node63,3,timber
flow_timber_node23node63_t4,0.0,9.0,I,node23node63,4,timber
flow_timber_node23node63_t5,0.0,9.0,I,node23node63,5,timber
flow_wide_node23node63_t1,0.0,9.0,I,node23node63,1,wide
flow_wide_node23node63_t2,0.0,9.0,I,node23node63,2,wide
flow_wide_node23node63_t3,0.0,9.0,I,node23node63,3,wide
flow_wide_node23node63_t4,0.0,9.0,I,node23node63,4,wide
flow_wide_node23node63_t5,0.0,9.0,I,node23node63,5,wide
flow_timber_node23node79_t1,0.0,9.0,I,node23node79,1,timber
flow_timber_node23node79_t2,0.0,9.0,I,node23node79,2,timber
flow_timber_node23node79_t3,0.0,9.0,I,node23node79,3,timber
flow_timber_node23node79_t4,0.0,9.0,I,node23node79,4,timber
flow_timber_node23node79_t5,0.0,9.0,I,node23node79,5,timber
flow_wide_node23node79_t1,0.0,9.0,I,node23node79,1,wide
flow_wide_node23node79_t2,0.0,9.0,I,node23node79,2,wide
flow_wide_node23node79_t3,0.0,9.0,I,node23node79,3,wide
flow_wide_node23node79_t4,0.0,9.0,I,node23node79,4,wide
flow_wide_node23node79_t5,0.0,9.0,I,node23node79,5,wide
flow_timber_node23node82_t1,0.0,9.0,I,node23node82,1,timber
flow_timber_node23node82_t2,0.0,9.0,I,node23node82,2,timber
flow_timber_node23node82_t3,0.0,9.0,I,node23node82,3,timber
flow_timber_node23node82_t4,0.0,9.0,I,node23node82,4,timber
flow_timber_node23node82_t5,0.0,9.0,I,node23node82,5,timber
flow_wide_node23node82_t1,0.0,9.0,I,node23node82,1,wide
flow_wide_node23node82_t2,0.0,9.0,I,node23node82,2,wide
flow_wide_node23node82_t3,0.0,9.0,I,node23node82,3,wide
flow_wide_node23node82_t4,0.0,9.0,I,node23node82,4,wide
flow_wide_node23node82_t5,0.0,9.0,I,node23node82,5,wide
flow_timber_node23node83_t1,0.0,9.0,I,node23node83,1,timber
flow_timber_node23node83_t2,0.0,9.0,I,node23node83,2,timber
flow_timber_node23node83_t3,0.0,9.0,I,node23node83,3,timber
flow_timber_node23node83_t4,0.0,9.0,I,node23node83,4,timber
flow_timber_node23node83_t5,0.0,9.0,I,node23node83,5,timber
flow_wide_node23node83_t1,0.0,9.0,I,node23node83,1,wide
flow_wide_node23node83_t2,0.0,9.0,I,node23node83,2,wide
flow_wide_node23node83_t3,0.0,9.0,I,node23node83,3,wide
flow_wide_node23node83_t4,0.0,9.0,I,node23node83,4,wide
flow_wide_node23node83_t5,0.0,9.0,I,node23node83,5,wide
flow_timber_node28node23_t1,0.0,9.0,I,node28node23,1,timber
flow_timber_node28node23_t2,0.0,9.0,I,node28node23,2,timber
flow_timber_node28node23_t3,0.0,9.0,I,node28node23,3,timber
flow_timber_node28node23_t4,0.0,9.0,I,node28node23,4,timber
flow_timber_node28node23_t5,0.0,9.0,I,node28node23,5,timber
flow_wide_node28node23_t1,0.0,9.0,I,node28node23,1,wide
flow_wide_node28node23_t2,0.0,9.0,I,node28node23,2,wide
flow_wide_node28node23_t3,0.0,9.0,I,node28node23,3,wide
flow_wide_node28node23_t4,0.0,9.0,I,node28node23,4,wide
flow_wide_node28node23_t5,0.0,9.0,I,node28node23,5,wide
flow_timber_node28node25_t1,0.0,9.0,I,node28node25,1,timber
flow_timber_node28node25_t2,0.0,9.0,I,node28node25,2,timber
flow_timber_node28node25_t3,0.0,9.0,I,node28node25,3,timber
flow_timber_node28node25_t4,0.0,9.0,I,node28node25,4,timber
flow_timber_node28node25_t5,0.0,9.0,I,node28node25,5,timber
flow_wide_node28node25_t1,0.0,9.0,I,node28node25,1,wide
flow_wide_node28node25_t2,0.0,9.0,I,node28node25,2,wide
flow_wide_node28node25_t3,0.0,9.0,I,node28node25,3,wide
flow_wide_node28node25_t4,0.0,9.0,I,node28node25,4,wide
flow_wide_node28node25_t5,0.0,9.0,I,node28node25,5,wide
flow_timber_node28node82_t1,0.0,9.0,I,node28node82,1,timber
flow_timber_node28node82_t2,0.0,9.0,I,node28node82,2,timber
flow_timber_node28node82_t3,0.0,9.0,I,node28node82,3,timber
flow_timber_node28node82_t4,0.0,9.0,I,node28node82,4,timber
flow_timber_node28node82_t5,0.0,9.0,I,node28node82,5,timber
flow_wide_node28node82_t1,0.0,9.0,I,node28node82,1,wide
flow_wide_node28node82_t2,0.0,9.0,I,node28node82,2,wide
flow_wide_node28node82_t3,0.0,9.0,I,node28node82,3,wide
flow_wide_node28node82_t4,0.0,9.0,I,node28node82,4,wide
flow_wide_node28node82_t5,0.0,9.0,I,node28node82,5,wide
flow_timber_node28node83_t1,0.0,9.0,I,node28node83,1,timber
flow_timber_node28node83_t2,0.0,9.0,I,node28node83,2,timber
flow_timber_node28node83_t3,0.0,9.0,I,node28node83,3,timber
flow_timber_node28node83_t4,0.0,9.0,I,node28node83,4,timber
flow_timber_node28node83_t5,0.0,9.0,I,node28node83,5,timber
flow_wide_node28node83_t1,0.0,9.0,I,node28node83,1,wide
flow_wide_node28node83_t2,0.0,9.0,I,node28node83,2,wide
flow_wide_node28node83_t3,0.0,9.0,I,node28node83,3,wide
flow_wide_node28node83_t4,0.0,9.0,I,node28node83,4,wide
flow_wide_node28node83_t5,0.0,9.0,I,node28node83,5,wide
flow_timber_node63node23_t1,0.0,9.0,I,node63node23,1,timber
flow_timber_node63node23_t2,0.0,9.0,I,node63node23,2,timber
flow_timber_node63node23_t3,0.0,9.0,I,node63node23,3,timber
flow_timber_node63node23_t4,0.0,9.0,I,node63node23,4,timber
flow_timber_node63node23_t5,0.0,9.0,I,node63node23,5,timber
flow_wide_node63node23_t1,0.0,9.0,I,node63node23,1,wide
flow_wide_node63node23_t2,0.0,9.0,I,node63node23,2,wide
flow_wide_node63node23_t3,0.0,9.0,I,node63node23,3,wide
flow_wide_node63node23_t4,0.0,9.0,I,node63node23,4,wide
flow_wide_node63node23_t5,0.0,9.0,I,node63node23,5,wide
flow_timber_node63node43_t1,0.0,9.0,I,node63node43,1,timber
flow_timber_node63node43_t2,0.0,9.0,I,node63node43,2,timber
flow_timber_node63node43_t3,0.0,9.0,I,node63node43,3,timber
flow_timber_node63node43_t4,0.0,9.0,I,node63node43,4,timber
flow_timber_node63node43_t5,0.0,9.0,I,node63node43,5,timber
flow_wide_node63node43_t1,0.0,9.0,I,node63node43,1,wide
flow_wide_node63node43_t2,0.0,9.0,I,node63node43,2,wide
flow_wide_node63node43_t3,0.0,9.0,I,node63node43,3,wide
flow_wide_node63node43_t4,0.0,9.0,I,node63node43,4,wide
flow_wide_node63node43_t5,0.0,9.0,I,node63node43,5,wide
flow_timber_node63node79_t1,0.0,9.0,I,node63node79,1,timber
flow_timber_node63node79_t2,0.0,9.0,I,node63node79,2,timber
flow_timber_node63node79_t3,0.0,9.0,I,node63node79,3,timber
flow_timber_node63node79_t4,0.0,9.0,I,node63node79,4,timber
flow_timber_node63node79_t5,0.0,9.0,I,node63node79,5,timber
flow_wide_node63node79_t1,0.0,9.0,I,node63node79,1,wide
flow_wide_node63node79_t2,0.0,9.0,I,node63node79,2,wide
flow_wide_node63node79_t3,0.0,9.0,I,node63node79,3,wide
flow_wide_node63node79_t4,0.0,9.0,I,node63node79,4,wide
flow_wide_node63node79_t5,0.0,9.0,I,node63node79,5,wide
flow_timber_node63node82_t1,0.0,9.0,I,node63node82,1,timber
flow_timber_node63node82_t2,0.0,9.0,I,node63node82,2,timber
flow_timber_node63node82_t3,0.0,9.0,I,node63node82,3,timber
flow_timber_node63node82_t4,0.0,9.0,I,node63node82,4,timber
flow_timber_node63node82_t5,0.0,9.0,I,node63node82,5,timber
flow_wide_node63node82_t1,0.0,9.0,I,node63node82,1,wide
flow_wide_node63node82_t2,0.0,9.0,I,node63node82,2,wide
flow_wide_node63node82_t3,0.0,9.0,I,node63node82,3,wide
flow_wide_node63node82_t4,0.0,9.0,I,node63node82,4,wide
flow_wide_node63node82_t5,0.0,9.0,I,node63node82,5,wide
flow_timber_node82node23_t1,0.0,9.0,I,node82node23,1,timber
flow_timber_node82node23_t2,0.0,9.0,I,node82node23,2,timber
flow_timber_node82node23_t3,0.0,9.0,I,node82node23,3,timber
flow_timber_node82node23_t4,0.0,9.0,I,node82node23,4,timber
flow_timber_node82node23_t5,0.0,9.0,I,node82node23,5,timber
flow_wide_node82node23_t1,0.0,9.0,I,node82node23,1,wide
flow_wide_node82node23_t2,0.0,9.0,I,node82node23,2,wide
flow_wide_node82node23_t3,0.0,9.0,I,node82node23,3,wide
flow_wide_node82node23_t4,0.0,9.0,I,node82node23,4,wide
flow_wide_node82node23_t5,0.0,9.0,I,node82node23,5,wide
flow_timber_node82node25_t1,0.0,9.0,I,node82node25,1,timber
flow_timber_node82node25_t2,0.0,9.0,I,node82node25,2,timber
flow_timber_node82node25_t3,0.0,9.0,I,node82node25,3,timber
flow_timber_node82node25_t4,0.0,9.0,I,node82node25,4,timber
flow_timber_node82node25_t5,0.0,9.0,I,node82node25,5,timber
flow_wide_node82node25_t1,0.0,9.0,I,node82node25,1,wide
flow_wide_node82node25_t2,0.0,9.0,I,node82node25,2,wide
flow_wide_node82node25_t3,0.0,9.0,I,node82node25,3,wide
flow_wide_node82node25_t4,0.0,9.0,I,node82node25,4,wide
flow_wide_node82node25_t5,0.0,9.0,I,node82node25,5,wide
flow_timber_node82node28_t1,0.0,9.0,I,node82node28,1,timber
flow_timber_node82node28_t2,0.0,9.0,I,node82node28,2,timber
flow_timber_node82node28_t3,0.0,9.0,I,node82node28,3,timber
flow_timber_node82node28_t4,0.0,9.0,I,node82node28,4,timber
flow_timber_node82node28_t5,0.0,9.0,I,node82node28,5,timber
flow_wide_node82node28_t1,0.0,9.0,I,node82node28,1,wide
flow_wide_node82node28_t2,0.0,9.0,I,node82node28,2,wide
flow_wide_node82node28_t3,0.0,9.0,I,node82node28,3,wide
flow_wide_node82node28_t4,0.0,9.0,I,node82node28,4,wide
flow_wide_node82node28_t5,0.0,9.0,I,node82node28,5,wide
flow_timber_node82node43_t1,0.0,9.0,I,node82node43,1,timber
flow_timber_node82node43_t2,0.0,9.0,I,node82node43,2,timber
flow_timber_node82node43_t3,0.0,9.0,I,node82node43,3,timber
flow_timber_node82node43_t4,0.0,9.0,I,node82node43,4,timber
flow_timber_node82node43_t5,0.0,9.0,I,node82node43,5,timber
flow_wide_node82node43_t1,0.0,9.0,I,node82node43,1,wide
flow_wide_node82node43_t2,0.0,9.0,I,node82node43,2,wide
flow_wide_node82node43_t3,0.0,9.0,I,node82node43,3,wide
flow_wide_node82node43_t4,0.0,9.0,I,node82node43,4,wide
flow_wide_node82node43_t5,0.0,9.0,I,node82node43,5,wide
flow_timber_node82node63_t1,0.0,9.0,I,node82node63,1,timber
flow_timber_node82node63_t2,0.0,9.0,I,node82node63,2,timber
flow_timber_node82node63_t3,0.0,9.0,I,node82node63,3,timber
flow_timber_node82node63_t4,0.0,9.0,I,node82node63,4,timber
flow_timber_node82node63_t5,0.0,9.0,I,node82node63,5,timber
flow_wide_node82node63_t1,0.0,9.0,I,node82node63,1,wide
flow_wide_node82node63_t2,0.0,9.0,I,node82node63,2,wide
flow_wide_node82node63_t3,0.0,9.0,I,node82node63,3,wide
flow_wide_node82node63_t4,0.0,9.0,I,node82node63,4,wide
flow_wide_node82node63_t5,0.0,9.0,I,node82node63,5,wide
flow_timber_node24node71_t1,0.0,9.0,I,node24node71,1,timber
flow_timber_node24node71_t2,0.0,9.0,I,node24node71,2,timber
flow_timber_node24node71_t3,0.0,9.0,I,node24node71,3,timber
flow_timber_node24node71_t4,0.0,9.0,I,node24node71,4,timber
flow_timber_node24node71_t5,0.0,9.0,I,node24node71,5,timber
flow_wide_node24node71_t1,0.0,9.0,I,node24node71,1,wide
flow_wide_node24node71_t2,0.0,9.0,I,node24node71,2,wide
flow_wide_node24node71_t3,0.0,9.0,I,node24node71,3,wide
flow_wide_node24node71_t4,0.0,9.0,I,node24node71,4,wide
flow_wide_node24node71_t5,0.0,9.0,I,node24node71,5,wide
flow_timber_node24node67_t1,0.0,9.0,I,node24node67,1,timber
flow_timber_node24node67_t2,0.0,9.0,I,node24node67,2,timber
flow_timber_node24node67_t3,0.0,9.0,I,node24node67,3,timber
flow_timber_node24node67_t4,0.0,9.0,I,node24node67,4,timber
flow_timber_node24node67_t5,0.0,9.0,I,node24node67,5,timber
flow_wide_node24node67_t1,0.0,9.0,I,node24node67,1,wide
flow_wide_node24node67_t2,0.0,9.0,I,node24node67,2,wide
flow_wide_node24node67_t3,0.0,9.0,I,node24node67,3,wide
flow_wide_node24node67_t4,0.0,9.0,I,node24node67,4,wide
flow_wide_node24node67_t5,0.0,9.0,I,node24node67,5,wide
flow_timber_node24node88_t1,0.0,9.0,I,node24node88,1,timber
flow_timber_node24node88_t2,0.0,9.0,I,node24node88,2,timber
flow_timber_node24node88_t3,0.0,9.0,I,node24node88,3,timber
flow_timber_node24node88_t4,0.0,9.0,I,node24node88,4,timber
flow_timber_node24node88_t5,0.0,9.0,I,node24node88,5,timber
flow_wide_node24node88_t1,0.0,9.0,I,node24node88,1,wide
flow_wide_node24node88_t2,0.0,9.0,I,node24node88,2,wide
flow_wide_node24node88_t3,0.0,9.0,I,node24node88,3,wide
flow_wide_node24node88_t4,0.0,9.0,I,node24node88,4,wide
flow_wide_node24node88_t5,0.0,9.0,I,node24node88,5,wide
flow_timber_node24node93_t1,0.0,9.0,I,node24node93,1,timber
flow_timber_node24node93_t2,0.0,9.0,I,node24node93,2,timber
flow_timber_node24node93_t3,0.0,9.0,I,node24node93,3,timber
flow_timber_node24node93_t4,0.0,9.0,I,node24node93,4,timber
flow_timber_node24node93_t5,0.0,9.0,I,node24node93,5,timber
flow_wide_node24node93_t1,0.0,9.0,I,node24node93,1,wide
flow_wide_node24node93_t2,0.0,9.0,I,node24node93,2,wide
flow_wide_node24node93_t3,0.0,9.0,I,node24node93,3,wide
flow_wide_node24node93_t4,0.0,9.0,I,node24node93,4,wide
flow_wide_node24node93_t5,0.0,9.0,I,node24node93,5,wide
flow_timber_node71node24_t1,0.0,9.0,I,node71node24,1,timber
flow_timber_node71node24_t2,0.0,9.0,I,node71node24,2,timber
flow_timber_node71node24_t3,0.0,9.0,I,node71node24,3,timber
flow_timber_node71node24_t4,0.0,9.0,I,node71node24,4,timber
flow_timber_node71node24_t5,0.0,9.0,I,node71node24,5,timber
flow_wide_node71node24_t1,0.0,9.0,I,node71node24,1,wide
flow_wide_node71node24_t2,0.0,9.0,I,node71node24,2,wide
flow_wide_node71node24_t3,0.0,9.0,I,node71node24,3,wide
flow_wide_node71node24_t4,0.0,9.0,I,node71node24,4,wide
flow_wide_node71node24_t5,0.0,9.0,I,node71node24,5,wide
flow_timber_node71node69_t1,0.0,9.0,I,node71node69,1,timber
flow_timber_node71node69_t2,0.0,9.0,I,node71node69,2,timber
flow_timber_node71node69_t3,0.0,9.0,I,node71node69,3,timber
flow_timber_node71node69_t4,0.0,9.0,I,node71node69,4,timber
flow_timber_node71node69_t5,0.0,9.0,I,node71node69,5,timber
flow_wide_node71node69_t1,0.0,9.0,I,node71node69,1,wide
flow_wide_node71node69_t2,0.0,9.0,I,node71node69,2,wide
flow_wide_node71node69_t3,0.0,9.0,I,node71node69,3,wide
flow_wide_node71node69_t4,0.0,9.0,I,node71node69,4,wide
flow_wide_node71node69_t5,0.0,9.0,I,node71node69,5,wide
flow_timber_node71node88_t1,0.0,9.0,I,node71node88,1,timber
flow_timber_node71node88_t2,0.0,9.0,I,node71node88,2,timber
flow_timber_node71node88_t3,0.0,9.0,I,node71node88,3,timber
flow_timber_node71node88_t4,0.0,9.0,I,node71node88,4,timber
flow_timber_node71node88_t5,0.0,9.0,I,node71node88,5,timber
flow_wide_node71node88_t1,0.0,9.0,I,node71node88,1,wide
flow_wide_node71node88_t2,0.0,9.0,I,node71node88,2,wide
flow_wide_node71node88_t3,0.0,9.0,I,node71node88,3,wide
flow_wide_node71node88_t4,0.0,9.0,I,node71node88,4,wide
flow_wide_node71node88_t5,0.0,9.0,I,node71node88,5,wide
flow_timber_node71node93_t1,0.0,9.0,I,node71node93,1,timber
flow_timber_node71node93_t2,0.0,9.0,I,node71node93,2,timber
flow_timber_node71node93_t3,0.0,9.0,I,node71node93,3,timber
flow_timber_node71node93_t4,0.0,9.0,I,node71node93,4,timber
flow_timber_node71node93_t5,0.0,9.0,I,node71node93,5,timber
flow_wide_node71node93_t1,0.0,9.0,I,node71node93,1,wide
flow_wide_node71node93_t2,0.0,9.0,I,node71node93,2,wide
flow_wide_node71node93_t3,0.0,9.0,I,node71node93,3,wide
flow_wide_node71node93_t4,0.0,9.0,I,node71node93,4,wide
flow_wide_node71node93_t5,0.0,9.0,I,node71node93,5,wide
flow_timber_node67node24_t1,0.0,9.0,I,node67node24,1,timber
flow_timber_node67node24_t2,0.0,9.0,I,node67node24,2,timber
flow_timber_node67node24_t3,0.0,9.0,I,node67node24,3,timber
flow_timber_node67node24_t4,0.0,9.0,I,node67node24,4,timber
flow_timber_node67node24_t5,0.0,9.0,I,node67node24,5,timber
flow_wide_node67node24_t1,0.0,9.0,I,node67node24,1,wide
flow_wide_node67node24_t2,0.0,9.0,I,node67node24,2,wide
flow_wide_node67node24_t3,0.0,9.0,I,node67node24,3,wide
flow_wide_node67node24_t4,0.0,9.0,I,node67node24,4,wide
flow_wide_node67node24_t5,0.0,9.0,I,node67node24,5,wide
flow_timber_node67node32_t1,0.0,9.0,I,node67node32,1,timber
flow_timber_node67node32_t2,0.0,9.0,I,node67node32,2,timber
flow_timber_node67node32_t3,0.0,9.0,I,node67node32,3,timber
flow_timber_node67node32_t4,0.0,9.0,I,node67node32,4,timber
flow_timber_node67node32_t5,0.0,9.0,I,node67node32,5,timber
flow_wide_node67node32_t1,0.0,9.0,I,node67node32,1,wide
flow_wide_node67node32_t2,0.0,9.0,I,node67node32,2,wide
flow_wide_node67node32_t3,0.0,9.0,I,node67node32,3,wide
flow_wide_node67node32_t4,0.0,9.0,I,node67node32,4,wide
flow_wide_node67node32_t5,0.0,9.0,I,node67node32,5,wide
flow_timber_node67node88_t1,0.0,9.0,I,node67node88,1,timber
flow_timber_node67node88_t2,0.0,9.0,I,node67node88,2,timber
flow_timber_node67node88_t3,0.0,9.0,I,node67node88,3,timber
flow_timber_node67node88_t4,0.0,9.0,I,node67node88,4,timber
flow_timber_node67node88_t5,0.0,9.0,I,node67node88,5,timber
flow_wide_node67node88_t1,0.0,9.0,I,node67node88,1,wide
flow_wide_node67node88_t2,0.0,9.0,I,node67node88,2,wide
flow_wide_node67node88_t3,0.0,9.0,I,node67node88,3,wide
flow_wide_node67node88_t4,0.0,9.0,I,node67node88,4,wide
flow_wide_node67node88_t5,0.0,9.0,I,node67node88,5,wide
flow_timber_node67node93_t1,0.0,9.0,I,node67node93,1,timber
flow_timber_node67node93_t2,0.0,9.0,I,node67node93,2,timber
flow_timber_node67node93_t3,0.0,9.0,I,node67node93,3,timber
flow_timber_node67node93_t4,0.0,9.0,I,node67node93,4,timber
flow_timber_node67node93_t5,0.0,9.0,I,node67node93,5,timber
flow_wide_node67node93_t1,0.0,9.0,I,node67node93,1,wide
flow_wide_node67node93_t2,0.0,9.0,I,node67node93,2,wide
flow_wide_node67node93_t3,0.0,9.0,I,node67node93,3,wide
flow_wide_node67node93_t4,0.0,9.0,I,node67node93,4,wide
flow_wide_node67node93_t5,0.0,9.0,I,node67node93,5,wide
flow_timber_node43node25_t1,0.0,9.0,I,node43node25,1,timber
flow_timber_node43node25_t2,0.0,9.0,I,node43node25,2,timber
flow_timber_node43node25_t3,0.0,9.0,I,node43node25,3,timber
flow_timber_node43node25_t4,0.0,9.0,I,node43node25,4,timber
flow_timber_node43node25_t5,0.0,9.0,I,node43node25,5,timber
flow_wide_node43node25_t1,0.0,9.0,I,node43node25,1,wide
flow_wide_node43node25_t2,0.0,9.0,I,node43node25,2,wide
flow_wide_node43node25_t3,0.0,9.0,I,node43node25,3,wide
flow_wide_node43node25_t4,0.0,9.0,I,node43node25,4,wide
flow_wide_node43node25_t5,0.0,9.0,I,node43node25,5,wide
flow_timber_node43node35_t1,0.0,9.0,I,node43node35,1,timber
flow_timber_node43node35_t2,0.0,9.0,I,node43node35,2,timber
flow_timber_node43node35_t3,0.0,9.0,I,node43node35,3,timber
flow_timber_node43node35_t4,0.0,9.0,I,node43node35,4,timber
flow_timber_node43node35_t5,0.0,9.0,I,node43node35,5,timber
flow_wide_node43node35_t1,0.0,9.0,I,node43node35,1,wide
flow_wide_node43node35_t2,0.0,9.0,I,node43node35,2,wide
flow_wide_node43node35_t3,0.0,9.0,I,node43node35,3,wide
flow_wide_node43node35_t4,0.0,9.0,I,node43node35,4,wide
flow_wide_node43node35_t5,0.0,9.0,I,node43node35,5,wide
flow_timber_node43node63_t1,0.0,9.0,I,node43node63,1,timber
flow_timber_node43node63_t2,0.0,9.0,I,node43node63,2,timber
flow_timber_node43node63_t3,0.0,9.0,I,node43node63,3,timber
flow_timber_node43node63_t4,0.0,9.0,I,node43node63,4,timber
flow_timber_node43node63_t5,0.0,9.0,I,node43node63,5,timber
flow_wide_node43node63_t1,0.0,9.0,I,node43node63,1,wide
flow_wide_node43node63_t2,0.0,9.0,I,node43node63,2,wide
flow_wide_node43node63_t3,0.0,9.0,I,node43node63,3,wide
flow_wide_node43node63_t4,0.0,9.0,I,node43node63,4,wide
flow_wide_node43node63_t5,0.0,9.0,I,node43node63,5,wide
flow_timber_node43node79_t1,0.0,9.0,I,node43node79,1,timber
flow_timber_node43node79_t2,0.0,9.0,I,node43node79,2,timber
flow_timber_node43node79_t3,0.0,9.0,I,node43node79,3,timber
flow_timber_node43node79_t4,0.0,9.0,I,node43node79,4,timber
flow_timber_node43node79_t5,0.0,9.0,I,node43node79,5,timber
flow_wide_node43node79_t1,0.0,9.0,I,node43node79,1,wide
flow_wide_node43node79_t2,0.0,9.0,I,node43node79,2,wide
flow_wide_node43node79_t3,0.0,9.0,I,node43node79,3,wide
flow_wide_node43node79_t4,0.0,9.0,I,node43node79,4,wide
flow_wide_node43node79_t5,0.0,9.0,I,node43node79,5,wide
flow_timber_node43node81_t1,0.0,9.0,I,node43node81,1,timber
flow_timber_node43node81_t2,0.0,9.0,I,node43node81,2,timber
flow_timber_node43node81_t3,0.0,9.0,I,node43node81,3,timber
flow_timber_node43node81_t4,0.0,9.0,I,node43node81,4,timber
flow_timber_node43node81_t5,0.0,9.0,I,node43node81,5,timber
flow_wide_node43node81_t1,0.0,9.0,I,node43node81,1,wide
flow_wide_node43node81_t2,0.0,9.0,I,node43node81,2,wide
flow_wide_node43node81_t3,0.0,9.0,I,node43node81,3,wide
flow_wide_node43node81_t4,0.0,9.0,I,node43node81,4,wide
flow_wide_node43node81_t5,0.0,9.0,I,node43node81,5,wide
flow_timber_node43node82_t1,0.0,9.0,I,node43node82,1,timber
flow_timber_node43node82_t2,0.0,9.0,I,node43node82,2,timber
flow_timber_node43node82_t3,0.0,9.0,I,node43node82,3,timber
flow_timber_node43node82_t4,0.0,9.0,I,node43node82,4,timber
flow_timber_node43node82_t5,0.0,9.0,I,node43node82,5,timber
flow_wide_node43node82_t1,0.0,9.0,I,node43node82,1,wide
flow_wide_node43node82_t2,0.0,9.0,I,node43node82,2,wide
flow_wide_node43node82_t3,0.0,9.0,I,node43node82,3,wide
flow_wide_node43node82_t4,0.0,9.0,I,node43node82,4,wide
flow_wide_node43node82_t5,0.0,9.0,I,node43node82,5,wide
flow_timber_node59node29_t1,0.0,9.0,I,node59node29,1,timber
flow_timber_node59node29_t2,0.0,9.0,I,node59node29,2,timber
flow_timber_node59node29_t3,0.0,9.0,I,node59node29,3,timber
flow_timber_node59node29_t4,0.0,9.0,I,node59node29,4,timber
flow_timber_node59node29_t5,0.0,9.0,I,node59node29,5,timber
flow_wide_node59node29_t1,0.0,9.0,I,node59node29,1,wide
flow_wide_node59node29_t2,0.0,9.0,I,node59node29,2,wide
flow_wide_node59node29_t3,0.0,9.0,I,node59node29,3,wide
flow_wide_node59node29_t4,0.0,9.0,I,node59node29,4,wide
flow_wide_node59node29_t5,0.0,9.0,I,node59node29,5,wide
flow_timber_node59node55_t1,0.0,9.0,I,node59node55,1,timber
flow_timber_node59node55_t2,0.0,9.0,I,node59node55,2,timber
flow_timber_node59node55_t3,0.0,9.0,I,node59node55,3,timber
flow_timber_node59node55_t4,0.0,9.0,I,node59node55,4,timber
flow_timber_node59node55_t5,0.0,9.0,I,node59node55,5,timber
flow_wide_node59node55_t1,0.0,9.0,I,node59node55,1,wide
flow_wide_node59node55_t2,0.0,9.0,I,node59node55,2,wide
flow_wide_node59node55_t3,0.0,9.0,I,node59node55,3,wide
flow_wide_node59node55_t4,0.0,9.0,I,node59node55,4,wide
flow_wide_node59node55_t5,0.0,9.0,I,node59node55,5,wide
flow_timber_node59node75_t1,0.0,9.0,I,node59node75,1,timber
flow_timber_node59node75_t2,0.0,9.0,I,node59node75,2,timber
flow_timber_node59node75_t3,0.0,9.0,I,node59node75,3,timber
flow_timber_node59node75_t4,0.0,9.0,I,node59node75,4,timber
flow_timber_node59node75_t5,0.0,9.0,I,node59node75,5,timber
flow_wide_node59node75_t1,0.0,9.0,I,node59node75,1,wide
flow_wide_node59node75_t2,0.0,9.0,I,node59node75,2,wide
flow_wide_node59node75_t3,0.0,9.0,I,node59node75,3,wide
flow_wide_node59node75_t4,0.0,9.0,I,node59node75,4,wide
flow_wide_node59node75_t5,0.0,9.0,I,node59node75,5,wide
flow_timber_node59node79_t1,0.0,9.0,I,node59node79,1,timber
flow_timber_node59node79_t2,0.0,9.0,I,node59node79,2,timber
flow_timber_node59node79_t3,0.0,9.0,I,node59node79,3,timber
flow_timber_node59node79_t4,0.0,9.0,I,node59node79,4,timber
flow_timber_node59node79_t5,0.0,9.0,I,node59node79,5,timber
flow_wide_node59node79_t1,0.0,9.0,I,node59node79,1,wide
flow_wide_node59node79_t2,0.0,9.0,I,node59node79,2,wide
flow_wide_node59node79_t3,0.0,9.0,I,node59node79,3,wide
flow_wide_node59node79_t4,0.0,9.0,I,node59node79,4,wide
flow_wide_node59node79_t5,0.0,9.0,I,node59node79,5,wide
flow_timber_node32node48_t1,0.0,9.0,I,node32node48,1,timber
flow_timber_node32node48_t2,0.0,9.0,I,node32node48,2,timber
flow_timber_node32node48_t3,0.0,9.0,I,node32node48,3,timber
flow_timber_node32node48_t4,0.0,9.0,I,node32node48,4,timber
flow_timber_node32node48_t5,0.0,9.0,I,node32node48,5,timber
flow_wide_node32node48_t1,0.0,9.0,I,node32node48,1,wide
flow_wide_node32node48_t2,0.0,9.0,I,node32node48,2,wide
flow_wide_node32node48_t3,0.0,9.0,I,node32node48,3,wide
flow_wide_node32node48_t4,0.0,9.0,I,node32node48,4,wide
flow_wide_node32node48_t5,0.0,9.0,I,node32node48,5,wide
flow_timber_node32node67_t1,0.0,9.0,I,node32node67,1,timber
flow_timber_node32node67_t2,0.0,9.0,I,node32node67,2,timber
flow_timber_node32node67_t3,0.0,9.0,I,node32node67,3,timber
flow_timber_node32node67_t4,0.0,9.0,I,node32node67,4,timber
flow_timber_node32node67_t5,0.0,9.0,I,node32node67,5,timber
flow_wide_node32node67_t1,0.0,9.0,I,node32node67,1,wide
flow_wide_node32node67_t2,0.0,9.0,I,node32node67,2,wide
flow_wide_node32node67_t3,0.0,9.0,I,node32node67,3,wide
flow_wide_node32node67_t4,0.0,9.0,I,node32node67,4,wide
flow_wide_node32node67_t5,0.0,9.0,I,node32node67,5,wide
flow_timber_node32node61_t1,0.0,9.0,I,node32node61,1,timber
flow_timber_node32node61_t2,0.0,9.0,I,node32node61,2,timber
flow_timber_node32node61_t3,0.0,9.0,I,node32node61,3,timber
flow_timber_node32node61_t4,0.0,9.0,I,node32node61,4,timber
flow_timber_node32node61_t5,0.0,9.0,I,node32node61,5,timber
flow_wide_node32node61_t1,0.0,9.0,I,node32node61,1,wide
flow_wide_node32node61_t2,0.0,9.0,I,node32node61,2,wide
flow_wide_node32node61_t3,0.0,9.0,I,node32node61,3,wide
flow_wide_node32node61_t4,0.0,9.0,I,node32node61,4,wide
flow_wide_node32node61_t5,0.0,9.0,I,node32node61,5,wide
flow_timber_node32node78_t1,0.0,9.0,I,node32node78,1,timber
flow_timber_node32node78_t2,0.0,9.0,I,node32node78,2,timber
flow_timber_node32node78_t3,0.0,9.0,I,node32node78,3,timber
flow_timber_node32node78_t4,0.0,9.0,I,node32node78,4,timber
flow_timber_node32node78_t5,0.0,9.0,I,node32node78,5,timber
flow_wide_node32node78_t1,0.0,9.0,I,node32node78,1,wide
flow_wide_node32node78_t2,0.0,9.0,I,node32node78,2,wide
flow_wide_node32node78_t3,0.0,9.0,I,node32node78,3,wide
flow_wide_node32node78_t4,0.0,9.0,I,node32node78,4,wide
flow_wide_node32node78_t5,0.0,9.0,I,node32node78,5,wide
flow_timber_node32node88_t1,0.0,9.0,I,node32node88,1,timber
flow_timber_node32node88_t2,0.0,9.0,I,node32node88,2,timber
flow_timber_node32node88_t3,0.0,9.0,I,node32node88,3,timber
flow_timber_node32node88_t4,0.0,9.0,I,node32node88,4,timber
flow_timber_node32node88_t5,0.0,9.0,I,node32node88,5,timber
flow_wide_node32node88_t1,0.0,9.0,I,node32node88,1,wide
flow_wide_node32node88_t2,0.0,9.0,I,node32node88,2,wide
flow_wide_node32node88_t3,0.0,9.0,I,node32node88,3,wide
flow_wide_node32node88_t4,0.0,9.0,I,node32node88,4,wide
flow_wide_node32node88_t5,0.0,9.0,I,node32node88,5,wide
flow_timber_node32node93_t1,0.0,9.0,I,node32node93,1,timber
flow_timber_node32node93_t2,0.0,9.0,I,node32node93,2,timber
flow_timber_node32node93_t3,0.0,9.0,I,node32node93,3,timber
flow_timber_node32node93_t4,0.0,9.0,I,node32node93,4,timber
flow_timber_node32node93_t5,0.0,9.0,I,node32node93,5,timber
flow_wide_node32node93_t1,0.0,9.0,I,node32node93,1,wide
flow_wide_node32node93_t2,0.0,9.0,I,node32node93,2,wide
flow_wide_node32node93_t3,0.0,9.0,I,node32node93,3,wide
flow_wide_node32node93_t4,0.0,9.0,I,node32node93,4,wide
flow_wide_node32node93_t5,0.0,9.0,I,node32node93,5,wide
flow_timber_node61node32_t1,0.0,9.0,I,node61node32,1,timber
flow_timber_node61node32_t2,0.0,9.0,I,node61node32,2,timber
flow_timber_node61node32_t3,0.0,9.0,I,node61node32,3,timber
flow_timber_node61node32_t4,0.0,9.0,I,node61node32,4,timber
flow_timber_node61node32_t5,0.0,9.0,I,node61node32,5,timber
flow_wide_node61node32_t1,0.0,9.0,I,node61node32,1,wide
flow_wide_node61node32_t2,0.0,9.0,I,node61node32,2,wide
flow_wide_node61node32_t3,0.0,9.0,I,node61node32,3,wide
flow_wide_node61node32_t4,0.0,9.0,I,node61node32,4,wide
flow_wide_node61node32_t5,0.0,9.0,I,node61node32,5,wide
flow_timber_node61node62_t1,0.0,9.0,I,node61node62,1,timber
flow_timber_node61node62_t2,0.0,9.0,I,node61node62,2,timber
flow_timber_node61node62_t3,0.0,9.0,I,node61node62,3,timber
flow_timber_node61node62_t4,0.0,9.0,I,node61node62,4,timber
flow_timber_node61node62_t5,0.0,9.0,I,node61node62,5,timber
flow_wide_node61node62_t1,0.0,9.0,I,node61node62,1,wide
flow_wide_node61node62_t2,0.0,9.0,I,node61node62,2,wide
flow_wide_node61node62_t3,0.0,9.0,I,node61node62,3,wide
flow_wide_node61node62_t4,0.0,9.0,I,node61node62,4,wide
flow_wide_node61node62_t5,0.0,9.0,I,node61node62,5,wide
flow_timber_node61node78_t1,0.0,9.0,I,node61node78,1,timber
flow_timber_node61node78_t2,0.0,9.0,I,node61node78,2,timber
flow_timber_node61node78_t3,0.0,9.0,I,node61node78,3,timber
flow_timber_node61node78_t4,0.0,9.0,I,node61node78,4,timber
flow_timber_node61node78_t5,0.0,9.0,I,node61node78,5,timber
flow_wide_node61node78_t1,0.0,9.0,I,node61node78,1,wide
flow_wide_node61node78_t2,0.0,9.0,I,node61node78,2,wide
flow_wide_node61node78_t3,0.0,9.0,I,node61node78,3,wide
flow_wide_node61node78_t4,0.0,9.0,I,node61node78,4,wide
flow_wide_node61node78_t5,0.0,9.0,I,node61node78,5,wide
flow_timber_node61node88_t1,0.0,9.0,I,node61node88,1,timber
flow_timber_node61node88_t2,0.0,9.0,I,node61node88,2,timber
flow_timber_node61node88_t3,0.0,9.0,I,node61node88,3,timber
flow_timber_node61node88_t4,0.0,9.0,I,node61node88,4,timber
flow_timber_node61node88_t5,0.0,9.0,I,node61node88,5,timber
flow_wide_node61node88_t1,0.0,9.0,I,node61node88,1,wide
flow_wide_node61node88_t2,0.0,9.0,I,node61node88,2,wide
flow_wide_node61node88_t3,0.0,9.0,I,node61node88,3,wide
flow_wide_node61node88_t4,0.0,9.0,I,node61node88,4,wide
flow_wide_node61node88_t5,0.0,9.0,I,node61node88,5,wide
flow_timber_node45node39_t1,0.0,9.0,I,node45node39,1,timber
flow_timber_node45node39_t2,0.0,9.0,I,node45node39,2,timber
flow_timber_node45node39_t3,0.0,9.0,I,node45node39,3,timber
flow_timber_node45node39_t4,0.0,9.0,I,node45node39,4,timber
flow_timber_node45node39_t5,0.0,9.0,I,node45node39,5,timber
flow_wide_node45node39_t1,0.0,9.0,I,node45node39,1,wide
flow_wide_node45node39_t2,0.0,9.0,I,node45node39,2,wide
flow_wide_node45node39_t3,0.0,9.0,I,node45node39,3,wide
flow_wide_node45node39_t4,0.0,9.0,I,node45node39,4,wide
flow_wide_node45node39_t5,0.0,9.0,I,node45node39,5,wide
flow_timber_node45node44_t1,0.0,9.0,I,node45node44,1,timber
flow_timber_node45node44_t2,0.0,9.0,I,node45node44,2,timber
flow_timber_node45node44_t3,0.0,9.0,I,node45node44,3,timber
flow_timber_node45node44_t4,0.0,9.0,I,node45node44,4,timber
flow_timber_node45node44_t5,0.0,9.0,I,node45node44,5,timber
flow_wide_node45node44_t1,0.0,9.0,I,node45node44,1,wide
flow_wide_node45node44_t2,0.0,9.0,I,node45node44,2,wide
flow_wide_node45node44_t3,0.0,9.0,I,node45node44,3,wide
flow_wide_node45node44_t4,0.0,9.0,I,node45node44,4,wide
flow_wide_node45node44_t5,0.0,9.0,I,node45node44,5,wide
flow_timber_node45node84_t1,0.0,9.0,I,node45node84,1,timber
flow_timber_node45node84_t2,0.0,9.0,I,node45node84,2,timber
flow_timber_node45node84_t3,0.0,9.0,I,node45node84,3,timber
flow_timber_node45node84_t4,0.0,9.0,I,node45node84,4,timber
flow_timber_node45node84_t5,0.0,9.0,I,node45node84,5,timber
flow_wide_node45node84_t1,0.0,9.0,I,node45node84,1,wide
flow_wide_node45node84_t2,0.0,9.0,I,node45node84,2,wide
flow_wide_node45node84_t3,0.0,9.0,I,node45node84,3,wide
flow_wide_node45node84_t4,0.0,9.0,I,node45node84,4,wide
flow_wide_node45node84_t5,0.0,9.0,I,node45node84,5,wide
flow_timber_node45node88_t1,0.0,9.0,I,node45node88,1,timber
flow_timber_node45node88_t2,0.0,9.0,I,node45node88,2,timber
flow_timber_node45node88_t3,0.0,9.0,I,node45node88,3,timber
flow_timber_node45node88_t4,0.0,9.0,I,node45node88,4,timber
flow_timber_node45node88_t5,0.0,9.0,I,node45node88,5,timber
flow_wide_node45node88_t1,0.0,9.0,I,node45node88,1,wide
flow_wide_node45node88_t2,0.0,9.0,I,node45node88,2,wide
flow_wide_node45node88_t3,0.0,9.0,I,node45node88,3,wide
flow_wide_node45node88_t4,0.0,9.0,I,node45node88,4,wide
flow_wide_node45node88_t5,0.0,9.0,I,node45node88,5,wide
flow_timber_node68node41_t1,0.0,9.0,I,node68node41,1,timber
flow_timber_node68node41_t2,0.0,9.0,I,node68node41,2,timber
flow_timber_node68node41_t3,0.0,9.0,I,node68node41,3,timber
flow_timber_node68node41_t4,0.0,9.0,I,node68node41,4,timber
flow_timber_node68node41_t5,0.0,9.0,I,node68node41,5,timber
flow_wide_node68node41_t1,0.0,9.0,I,node68node41,1,wide
flow_wide_node68node41_t2,0.0,9.0,I,node68node41,2,wide
flow_wide_node68node41_t3,0.0,9.0,I,node68node41,3,wide
flow_wide_node68node41_t4,0.0,9.0,I,node68node41,4,wide
flow_wide_node68node41_t5,0.0,9.0,I,node68node41,5,wide
flow_timber_node68node70_t1,0.0,9.0,I,node68node70,1,timber
flow_timber_node68node70_t2,0.0,9.0,I,node68node70,2,timber
flow_timber_node68node70_t3,0.0,9.0,I,node68node70,3,timber
flow_timber_node68node70_t4,0.0,9.0,I,node68node70,4,timber
flow_timber_node68node70_t5,0.0,9.0,I,node68node70,5,timber
flow_wide_node68node70_t1,0.0,9.0,I,node68node70,1,wide
flow_wide_node68node70_t2,0.0,9.0,I,node68node70,2,wide
flow_wide_node68node70_t3,0.0,9.0,I,node68node70,3,wide
flow_wide_node68node70_t4,0.0,9.0,I,node68node70,4,wide
flow_wide_node68node70_t5,0.0,9.0,I,node68node70,5,wide
flow_timber_node68node88_t1,0.0,9.0,I,node68node88,1,timber
flow_timber_node68node88_t2,0.0,9.0,I,node68node88,2,timber
flow_timber_node68node88_t3,0.0,9.0,I,node68node88,3,timber
flow_timber_node68node88_t4,0.0,9.0,I,node68node88,4,timber
flow_timber_node68node88_t5,0.0,9.0,I,node68node88,5,timber
flow_wide_node68node88_t1,0.0,9.0,I,node68node88,1,wide
flow_wide_node68node88_t2,0.0,9.0,I,node68node88,2,wide
flow_wide_node68node88_t3,0.0,9.0,I,node68node88,3,wide
flow_wide_node68node88_t4,0.0,9.0,I,node68node88,4,wide
flow_wide_node68node88_t5,0.0,9.0,I,node68node88,5,wide
flow_timber_node68node94_t1,0.0,9.0,I,node68node94,1,timber
flow_timber_node68node94_t2,0.0,9.0,I,node68node94,2,timber
flow_timber_node68node94_t3,0.0,9.0,I,node68node94,3,timber
flow_timber_node68node94_t4,0.0,9.0,I,node68node94,4,timber
flow_timber_node68node94_t5,0.0,9.0,I,node68node94,5,timber
flow_wide_node68node94_t1,0.0,9.0,I,node68node94,1,wide
flow_wide_node68node94_t2,0.0,9.0,I,node68node94,2,wide
flow_wide_node68node94_t3,0.0,9.0,I,node68node94,3,wide
flow_wide_node68node94_t4,0.0,9.0,I,node68node94,4,wide
flow_wide_node68node94_t5,0.0,9.0,I,node68node94,5,wide
flow_timber_node72node41_t1,0.0,9.0,I,node72node41,1,timber
flow_timber_node72node41_t2,0.0,9.0,I,node72node41,2,timber
flow_timber_node72node41_t3,0.0,9.0,I,node72node41,3,timber
flow_timber_node72node41_t4,0.0,9.0,I,node72node41,4,timber
flow_timber_node72node41_t5,0.0,9.0,I,node72node41,5,timber
flow_wide_node72node41_t1,0.0,9.0,I,node72node41,1,wide
flow_wide_node72node41_t2,0.0,9.0,I,node72node41,2,wide
flow_wide_node72node41_t3,0.0,9.0,I,node72node41,3,wide
flow_wide_node72node41_t4,0.0,9.0,I,node72node41,4,wide
flow_wide_node72node41_t5,0.0,9.0,I,node72node41,5,wide
flow_timber_node72node54_t1,0.0,9.0,I,node72node54,1,timber
flow_timber_node72node54_t2,0.0,9.0,I,node72node54,2,timber
flow_timber_node72node54_t3,0.0,9.0,I,node72node54,3,timber
flow_timber_node72node54_t4,0.0,9.0,I,node72node54,4,timber
flow_timber_node72node54_t5,0.0,9.0,I,node72node54,5,timber
flow_wide_node72node54_t1,0.0,9.0,I,node72node54,1,wide
flow_wide_node72node54_t2,0.0,9.0,I,node72node54,2,wide
flow_wide_node72node54_t3,0.0,9.0,I,node72node54,3,wide
flow_wide_node72node54_t4,0.0,9.0,I,node72node54,4,wide
flow_wide_node72node54_t5,0.0,9.0,I,node72node54,5,wide
flow_timber_node72node94_t1,0.0,9.0,I,node72node94,1,timber
flow_timber_node72node94_t2,0.0,9.0,I,node72node94,2,timber
flow_timber_node72node94_t3,0.0,9.0,I,node72node94,3,timber
flow_timber_node72node94_t4,0.0,9.0,I,node72node94,4,timber
flow_timber_node72node94_t5,0.0,9.0,I,node72node94,5,timber
flow_wide_node72node94_t1,0.0,9.0,I,node72node94,1,wide
flow_wide_node72node94_t2,0.0,9.0,I,node72node94,2,wide
flow_wide_node72node94_t3,0.0,9.0,I,node72node94,3,wide
flow_wide_node72node94_t4,0.0,9.0,I,node72node94,4,wide
flow_wide_node72node94_t5,0.0,9.0,I,node72node94,5,wide
flow_timber_node62node51_t1,0.0,9.0,I,node62node51,1,timber
flow_timber_node62node51_t2,0.0,9.0,I,node62node51,2,timber
flow_timber_node62node51_t3,0.0,9.0,I,node62node51,3,timber
flow_timber_node62node51_t4,0.0,9.0,I,node62node51,4,timber
flow_timber_node62node51_t5,0.0,9.0,I,node62node51,5,timber
flow_wide_node62node51_t1,0.0,9.0,I,node62node51,1,wide
flow_wide_node62node51_t2,0.0,9.0,I,node62node51,2,wide
flow_wide_node62node51_t3,0.0,9.0,I,node62node51,3,wide
flow_wide_node62node51_t4,0.0,9.0,I,node62node51,4,wide
flow_wide_node62node51_t5,0.0,9.0,I,node62node51,5,wide
flow_timber_node62node61_t1,0.0,9.0,I,node62node61,1,timber
flow_timber_node62node61_t2,0.0,9.0,I,node62node61,2,timber
flow_timber_node62node61_t3,0.0,9.0,I,node62node61,3,timber
flow_timber_node62node61_t4,0.0,9.0,I,node62node61,4,timber
flow_timber_node62node61_t5,0.0,9.0,I,node62node61,5,timber
flow_wide_node62node61_t1,0.0,9.0,I,node62node61,1,wide
flow_wide_node62node61_t2,0.0,9.0,I,node62node61,2,wide
flow_wide_node62node61_t3,0.0,9.0,I,node62node61,3,wide
flow_wide_node62node61_t4,0.0,9.0,I,node62node61,4,wide
flow_wide_node62node61_t5,0.0,9.0,I,node62node61,5,wide
flow_timber_node62node78_t1,0.0,9.0,I,node62node78,1,timber
flow_timber_node62node78_t2,0.0,9.0,I,node62node78,2,timber
flow_timber_node62node78_t3,0.0,9.0,I,node62node78,3,timber
flow_timber_node62node78_t4,0.0,9.0,I,node62node78,4,timber
flow_timber_node62node78_t5,0.0,9.0,I,node62node78,5,timber
flow_wide_node62node78_t1,0.0,9.0,I,node62node78,1,wide
flow_wide_node62node78_t2,0.0,9.0,I,node62node78,2,wide
flow_wide_node62node78_t3,0.0,9.0,I,node62node78,3,wide
flow_wide_node62node78_t4,0.0,9.0,I,node62node78,4,wide
flow_wide_node62node78_t5,0.0,9.0,I,node62node78,5,wide
flow_timber_node62node88_t1,0.0,9.0,I,node62node88,1,timber
flow_timber_node62node88_t2,0.0,9.0,I,node62node88,2,timber
flow_timber_node62node88_t3,0.0,9.0,I,node62node88,3,timber
flow_timber_node62node88_t4,0.0,9.0,I,node62node88,4,timber
flow_timber_node62node88_t5,0.0,9.0,I,node62node88,5,timber
flow_wide_node62node88_t1,0.0,9.0,I,node62node88,1,wide
flow_wide_node62node88_t2,0.0,9.0,I,node62node88,2,wide
flow_wide_node62node88_t3,0.0,9.0,I,node62node88,3,wide
flow_wide_node62node88_t4,0.0,9.0,I,node62node88,4,wide
flow_wide_node62node88_t5,0.0,9.0,I,node62node88,5,wide
flow_timber_node65node52_t1,0.0,9.0,I,node65node52,1,timber
flow_timber_node65node52_t2,0.0,9.0,I,node65node52,2,timber
flow_timber_node65node52_t3,0.0,9.0,I,node65node52,3,timber
flow_timber_node65node52_t4,0.0,9.0,I,node65node52,4,timber
flow_timber_node65node52_t5,0.0,9.0,I,node65node52,5,timber
flow_wide_node65node52_t1,0.0,9.0,I,node65node52,1,wide
flow_wide_node65node52_t2,0.0,9.0,I,node65node52,2,wide
flow_wide_node65node52_t3,0.0,9.0,I,node65node52,3,wide
flow_wide_node65node52_t4,0.0,9.0,I,node65node52,4,wide
flow_wide_node65node52_t5,0.0,9.0,I,node65node52,5,wide
flow_timber_node65node64_t1,0.0,9.0,I,node65node64,1,timber
flow_timber_node65node64_t2,0.0,9.0,I,node65node64,2,timber
flow_timber_node65node64_t3,0.0,9.0,I,node65node64,3,timber
flow_timber_node65node64_t4,0.0,9.0,I,node65node64,4,timber
flow_timber_node65node64_t5,0.0,9.0,I,node65node64,5,timber
flow_wide_node65node64_t1,0.0,9.0,I,node65node64,1,wide
flow_wide_node65node64_t2,0.0,9.0,I,node65node64,2,wide
flow_wide_node65node64_t3,0.0,9.0,I,node65node64,3,wide
flow_wide_node65node64_t4,0.0,9.0,I,node65node64,4,wide
flow_wide_node65node64_t5,0.0,9.0,I,node65node64,5,wide
flow_timber_node65node83_t1,0.0,9.0,I,node65node83,1,timber
flow_timber_node65node83_t2,0.0,9.0,I,node65node83,2,timber
flow_timber_node65node83_t3,0.0,9.0,I,node65node83,3,timber
flow_timber_node65node83_t4,0.0,9.0,I,node65node83,4,timber
flow_timber_node65node83_t5,0.0,9.0,I,node65node83,5,timber
flow_wide_node65node83_t1,0.0,9.0,I,node65node83,1,wide
flow_wide_node65node83_t2,0.0,9.0,I,node65node83,2,wide
flow_wide_node65node83_t3,0.0,9.0,I,node65node83,3,wide
flow_wide_node65node83_t4,0.0,9.0,I,node65node83,4,wide
flow_wide_node65node83_t5,0.0,9.0,I,node65node83,5,wide
flow_timber_node65node87_t1,0.0,9.0,I,node65node87,1,timber
flow_timber_node65node87_t2,0.0,9.0,I,node65node87,2,timber
flow_timber_node65node87_t3,0.0,9.0,I,node65node87,3,timber
flow_timber_node65node87_t4,0.0,9.0,I,node65node87,4,timber
flow_timber_node65node87_t5,0.0,9.0,I,node65node87,5,timber
flow_wide_node65node87_t1,0.0,9.0,I,node65node87,1,wide
flow_wide_node65node87_t2,0.0,9.0,I,node65node87,2,wide
flow_wide_node65node87_t3,0.0,9.0,I,node65node87,3,wide
flow_wide_node65node87_t4,0.0,9.0,I,node65node87,4,wide
flow_wide_node65node87_t5,0.0,9.0,I,node65node87,5,wide
