ID_UG;nodes
1216;(-21315.86408, 151610.06391),(-21719.61768, 151405.23831),(-21776.74288, 151477.46281),(-21836.14178, 152122.67691),(-22095.67248, 152026.04321),(-21576.85379, 151956.75766),(-21485.8434, 151446.56777),(-21425.86911, 151482.40692),(-21364.5396, 151533.92118),(-21616.56553, 151756.46461)
1215;(-22156.98848, 151784.12701),(-22130.25188, 151703.33831),(-22131.19338, 151998.07341),(-22359.46108, 152204.81581),(-22167.32808, 152030.79911),(-22449.13978, 152241.05621),(-22532.48368, 151799.64211),(-22164.18023, 151984.30061),(-22314.47581, 151934.36703)
818;(-22130.25188, 151703.33831),(-21719.61768, 151405.23831),(-21776.74288, 151477.46281),(-21829.65448, 151359.44871),(-22180.73738, 151024.20061),(-21920.74078, 151298.44841),(-22532.48368, 151799.64211),(-22088.34188, 151716.73975),(-21860.37425, 151348.00855),(-22013.6168, 151180.48517),(-22037.69115, 151175.05322),(-21903.10909, 150905.51229),(-22198.54959, 151360.17909)
839;(-22131.19338, 151998.07341),(-22339.33738, 152194.75401),(-22359.46108, 152204.81581),(-22167.32808, 152030.79911),(-21836.14178, 152122.67691),(-22188.78878, 152287.43571),(-22095.67248, 152026.04321),(-22449.13978, 152241.05621),(-22385.20578, 152340.08801),(-21993.65609, 152171.44355),(-22168.35233, 152178.5924)
1530;(-22339.33738, 152194.75401),(-22359.46108, 152204.81581),(-22167.32808, 152030.79911),(-22287.17807, 152112.52472)
1536;(-22188.78878, 152287.43571),(-22385.20578, 152340.08801),(-22074.42118, 152377.57993),(-22161.78301, 152610.04471),(-22244.20883, 152568.84586)
