ID_UG;nodes
842;(-20945.79298, 152083.71261),(-20894.65738, 152294.33101),(-20971.51108, 152287.29341),(-20621.73578, 152310.44621),(-20379.17318, 152148.13031),(-20391.64553, 151975.50952),(-20855.40696, 152286.94596),(-20680.81871, 152160.5311)
1221;(-20945.79298, 152083.71261),(-20971.51108, 152287.29341),(-21087.89608, 152226.05061),(-21037.40848, 151976.20771),(-21072.42326, 151927.00712),(-21047.493, 151966.78138),(-21084.84774, 152167.13498),(-20904.38092, 151765.99494)
837;(-21866.12438, 152918.91581),(-21287.68328, 153143.27701),(-21815.63848, 152827.63641),(-21561.11748, 152835.45561),(-21224.05408, 153018.81081),(-21610.61998, 153213.06452),(-21724.43688, 153135.24647),(-21889.45545, 152882.92177),(-21898.31742, 152899.8012),(-21552.53835, 153016.87413)
1155;(-21065.13288, 152618.63231),(-20894.65738, 152294.33101),(-20971.51108, 152287.29341),(-21158.80358, 152609.69661),(-21332.22898, 152539.08571),(-20497.87888, 152432.63621),(-21268.32068, 152479.41461),(-20621.73578, 152310.44621),(-21449.33148, 152536.14291),(-21087.89608, 152226.05061),(-21815.63848, 152827.63641),(-21143.91978, 152808.75511),(-21561.11748, 152835.45561),(-20716.34408, 152443.08461),(-21387.10682, 152539.95851),(-21114.55831, 152715.39585),(-21073.73431, 152660.9802),(-20885.70972, 152304.62818),(-20960.91749, 152313.11867),(-21174.74529, 152554.57589)
1420;(-21158.80358, 152609.69661),(-21332.22898, 152539.08571),(-21268.32068, 152479.41461),(-21314.04073, 152529.97344),(-21165.25118, 152506.4834)
840;(-20497.87888, 152432.63621),(-20621.73578, 152310.44621),(-20379.17318, 152148.13031),(-20384.30125, 152292.70992)
838;(-21287.68328, 153143.27701),(-21143.91978, 152808.75511),(-21561.11748, 152835.45561),(-21224.05408, 153018.81081),(-21091.46797, 152912.8438),(-21285.33911, 152914.6102)
