variable,value,node_type_info,action,road_type,edge,period
C_node1node9_timber_t0,0.0,node1transit_node9transit,C,timber,node1node9,0.0
C_node1node9_timber_t1,0.0,node1transit_node9transit,C,timber,node1node9,1.0
C_node1node9_timber_t2,0.0,node1transit_node9transit,C,timber,node1node9,2.0
C_node1node9_timber_t3,0.0,node1transit_node9transit,C,timber,node1node9,3.0
C_node1node9_timber_t4,0.0,node1transit_node9transit,C,timber,node1node9,4.0
C_node1node9_timber_t5,0.0,node1transit_node9transit,C,timber,node1node9,5.0
C_node1node9_wide_t0,0.0,node1transit_node9transit,C,wide,node1node9,0.0
C_node1node9_wide_t1,0.0,node1transit_node9transit,C,wide,node1node9,1.0
C_node1node9_wide_t2,0.0,node1transit_node9transit,C,wide,node1node9,2.0
C_node1node9_wide_t3,0.0,node1transit_node9transit,C,wide,node1node9,3.0
C_node1node9_wide_t4,0.0,node1transit_node9transit,C,wide,node1node9,4.0
C_node1node9_wide_t5,0.0,node1transit_node9transit,C,wide,node1node9,5.0
C_node1node17_timber_t0,0.0,node1transit_node17exit,C,timber,node1node17,0.0
C_node1node17_timber_t1,0.0,node1transit_node17exit,C,timber,node1node17,1.0
C_node1node17_timber_t2,0.0,node1transit_node17exit,C,timber,node1node17,2.0
C_node1node17_timber_t3,0.0,node1transit_node17exit,C,timber,node1node17,3.0
C_node1node17_timber_t4,0.0,node1transit_node17exit,C,timber,node1node17,4.0
C_node1node17_timber_t5,0.0,node1transit_node17exit,C,timber,node1node17,5.0
C_node1node17_wide_t0,0.0,node1transit_node17exit,C,wide,node1node17,0.0
C_node1node17_wide_t1,0.0,node1transit_node17exit,C,wide,node1node17,1.0
C_node1node17_wide_t2,0.0,node1transit_node17exit,C,wide,node1node17,2.0
C_node1node17_wide_t3,0.0,node1transit_node17exit,C,wide,node1node17,3.0
C_node1node17_wide_t4,0.0,node1transit_node17exit,C,wide,node1node17,4.0
C_node1node17_wide_t5,0.0,node1transit_node17exit,C,wide,node1node17,5.0
C_node1node5_timber_t0,0.0,node1transit_node5transit,C,timber,node1node5,0.0
C_node1node5_timber_t1,0.0,node1transit_node5transit,C,timber,node1node5,1.0
C_node1node5_timber_t2,0.0,node1transit_node5transit,C,timber,node1node5,2.0
C_node1node5_timber_t3,0.0,node1transit_node5transit,C,timber,node1node5,3.0
C_node1node5_timber_t4,0.0,node1transit_node5transit,C,timber,node1node5,4.0
C_node1node5_timber_t5,0.0,node1transit_node5transit,C,timber,node1node5,5.0
C_node1node5_wide_t0,0.0,node1transit_node5transit,C,wide,node1node5,0.0
C_node1node5_wide_t1,0.0,node1transit_node5transit,C,wide,node1node5,1.0
C_node1node5_wide_t2,0.0,node1transit_node5transit,C,wide,node1node5,2.0
C_node1node5_wide_t3,0.0,node1transit_node5transit,C,wide,node1node5,3.0
C_node1node5_wide_t4,0.0,node1transit_node5transit,C,wide,node1node5,4.0
C_node1node5_wide_t5,0.0,node1transit_node5transit,C,wide,node1node5,5.0
C_node1node19_timber_t0,0.0,node1transit_node19source,C,timber,node1node19,0.0
C_node1node19_timber_t1,0.0,node1transit_node19source,C,timber,node1node19,1.0
C_node1node19_timber_t2,1.0,node1transit_node19source,C,timber,node1node19,2.0
C_node1node19_timber_t3,0.0,node1transit_node19source,C,timber,node1node19,3.0
C_node1node19_timber_t4,0.0,node1transit_node19source,C,timber,node1node19,4.0
C_node1node19_timber_t5,0.0,node1transit_node19source,C,timber,node1node19,5.0
C_node1node19_wide_t0,0.0,node1transit_node19source,C,wide,node1node19,0.0
C_node1node19_wide_t1,0.0,node1transit_node19source,C,wide,node1node19,1.0
C_node1node19_wide_t2,0.0,node1transit_node19source,C,wide,node1node19,2.0
C_node1node19_wide_t3,0.0,node1transit_node19source,C,wide,node1node19,3.0
C_node1node19_wide_t4,0.0,node1transit_node19source,C,wide,node1node19,4.0
C_node1node19_wide_t5,0.0,node1transit_node19source,C,wide,node1node19,5.0
C_node2node3_timber_t0,0.0,node2transit_node3exit,C,timber,node2node3,0.0
C_node2node3_timber_t1,0.0,node2transit_node3exit,C,timber,node2node3,1.0
C_node2node3_timber_t2,0.0,node2transit_node3exit,C,timber,node2node3,2.0
C_node2node3_timber_t3,0.0,node2transit_node3exit,C,timber,node2node3,3.0
C_node2node3_timber_t4,0.0,node2transit_node3exit,C,timber,node2node3,4.0
C_node2node3_timber_t5,0.0,node2transit_node3exit,C,timber,node2node3,5.0
C_node2node3_wide_t0,0.0,node2transit_node3exit,C,wide,node2node3,0.0
C_node2node3_wide_t1,0.0,node2transit_node3exit,C,wide,node2node3,1.0
C_node2node3_wide_t2,0.0,node2transit_node3exit,C,wide,node2node3,2.0
C_node2node3_wide_t3,0.0,node2transit_node3exit,C,wide,node2node3,3.0
C_node2node3_wide_t4,0.0,node2transit_node3exit,C,wide,node2node3,4.0
C_node2node3_wide_t5,1.0,node2transit_node3exit,C,wide,node2node3,5.0
C_node2node9_timber_t0,0.0,node2transit_node9transit,C,timber,node2node9,0.0
C_node2node9_timber_t1,0.0,node2transit_node9transit,C,timber,node2node9,1.0
C_node2node9_timber_t2,0.0,node2transit_node9transit,C,timber,node2node9,2.0
C_node2node9_timber_t3,0.0,node2transit_node9transit,C,timber,node2node9,3.0
C_node2node9_timber_t4,0.0,node2transit_node9transit,C,timber,node2node9,4.0
C_node2node9_timber_t5,0.0,node2transit_node9transit,C,timber,node2node9,5.0
C_node2node9_wide_t0,0.0,node2transit_node9transit,C,wide,node2node9,0.0
C_node2node9_wide_t1,0.0,node2transit_node9transit,C,wide,node2node9,1.0
C_node2node9_wide_t2,0.0,node2transit_node9transit,C,wide,node2node9,2.0
C_node2node9_wide_t3,0.0,node2transit_node9transit,C,wide,node2node9,3.0
C_node2node9_wide_t4,0.0,node2transit_node9transit,C,wide,node2node9,4.0
C_node2node9_wide_t5,1.0,node2transit_node9transit,C,wide,node2node9,5.0
C_node2node6_timber_t0,0.0,node2transit_node6transit,C,timber,node2node6,0.0
C_node2node6_timber_t1,0.0,node2transit_node6transit,C,timber,node2node6,1.0
C_node2node6_timber_t2,0.0,node2transit_node6transit,C,timber,node2node6,2.0
C_node2node6_timber_t3,0.0,node2transit_node6transit,C,timber,node2node6,3.0
C_node2node6_timber_t4,0.0,node2transit_node6transit,C,timber,node2node6,4.0
C_node2node6_timber_t5,0.0,node2transit_node6transit,C,timber,node2node6,5.0
C_node2node6_wide_t0,0.0,node2transit_node6transit,C,wide,node2node6,0.0
C_node2node6_wide_t1,0.0,node2transit_node6transit,C,wide,node2node6,1.0
C_node2node6_wide_t2,0.0,node2transit_node6transit,C,wide,node2node6,2.0
C_node2node6_wide_t3,0.0,node2transit_node6transit,C,wide,node2node6,3.0
C_node2node6_wide_t4,0.0,node2transit_node6transit,C,wide,node2node6,4.0
C_node2node6_wide_t5,0.0,node2transit_node6transit,C,wide,node2node6,5.0
C_node3node5_timber_t0,0.0,node3exit_node5transit,C,timber,node3node5,0.0
C_node3node5_timber_t1,0.0,node3exit_node5transit,C,timber,node3node5,1.0
C_node3node5_timber_t2,0.0,node3exit_node5transit,C,timber,node3node5,2.0
C_node3node5_timber_t3,0.0,node3exit_node5transit,C,timber,node3node5,3.0
C_node3node5_timber_t4,0.0,node3exit_node5transit,C,timber,node3node5,4.0
C_node3node5_timber_t5,0.0,node3exit_node5transit,C,timber,node3node5,5.0
C_node3node5_wide_t0,0.0,node3exit_node5transit,C,wide,node3node5,0.0
C_node3node5_wide_t1,0.0,node3exit_node5transit,C,wide,node3node5,1.0
C_node3node5_wide_t2,0.0,node3exit_node5transit,C,wide,node3node5,2.0
C_node3node5_wide_t3,0.0,node3exit_node5transit,C,wide,node3node5,3.0
C_node3node5_wide_t4,0.0,node3exit_node5transit,C,wide,node3node5,4.0
C_node3node5_wide_t5,0.0,node3exit_node5transit,C,wide,node3node5,5.0
C_node4node11_timber_t0,0.0,node4transit_node11transit,C,timber,node4node11,0.0
C_node4node11_timber_t1,1.0,node4transit_node11transit,C,timber,node4node11,1.0
C_node4node11_timber_t2,0.0,node4transit_node11transit,C,timber,node4node11,2.0
C_node4node11_timber_t3,0.0,node4transit_node11transit,C,timber,node4node11,3.0
C_node4node11_timber_t4,0.0,node4transit_node11transit,C,timber,node4node11,4.0
C_node4node11_timber_t5,0.0,node4transit_node11transit,C,timber,node4node11,5.0
C_node4node11_wide_t0,0.0,node4transit_node11transit,C,wide,node4node11,0.0
C_node4node11_wide_t1,0.0,node4transit_node11transit,C,wide,node4node11,1.0
C_node4node11_wide_t2,0.0,node4transit_node11transit,C,wide,node4node11,2.0
C_node4node11_wide_t3,0.0,node4transit_node11transit,C,wide,node4node11,3.0
C_node4node11_wide_t4,0.0,node4transit_node11transit,C,wide,node4node11,4.0
C_node4node11_wide_t5,0.0,node4transit_node11transit,C,wide,node4node11,5.0
C_node4node10_timber_t0,0.0,node4transit_node10transit,C,timber,node4node10,0.0
C_node4node10_timber_t1,0.0,node4transit_node10transit,C,timber,node4node10,1.0
C_node4node10_timber_t2,0.0,node4transit_node10transit,C,timber,node4node10,2.0
C_node4node10_timber_t3,0.0,node4transit_node10transit,C,timber,node4node10,3.0
C_node4node10_timber_t4,0.0,node4transit_node10transit,C,timber,node4node10,4.0
C_node4node10_timber_t5,0.0,node4transit_node10transit,C,timber,node4node10,5.0
C_node4node10_wide_t0,0.0,node4transit_node10transit,C,wide,node4node10,0.0
C_node4node10_wide_t1,0.0,node4transit_node10transit,C,wide,node4node10,1.0
C_node4node10_wide_t2,0.0,node4transit_node10transit,C,wide,node4node10,2.0
C_node4node10_wide_t3,0.0,node4transit_node10transit,C,wide,node4node10,3.0
C_node4node10_wide_t4,0.0,node4transit_node10transit,C,wide,node4node10,4.0
C_node4node10_wide_t5,0.0,node4transit_node10transit,C,wide,node4node10,5.0
C_node4node8_timber_t0,0.0,node4transit_node8transit,C,timber,node4node8,0.0
C_node4node8_timber_t1,0.0,node4transit_node8transit,C,timber,node4node8,1.0
C_node4node8_timber_t2,0.0,node4transit_node8transit,C,timber,node4node8,2.0
C_node4node8_timber_t3,0.0,node4transit_node8transit,C,timber,node4node8,3.0
C_node4node8_timber_t4,0.0,node4transit_node8transit,C,timber,node4node8,4.0
C_node4node8_timber_t5,0.0,node4transit_node8transit,C,timber,node4node8,5.0
C_node4node8_wide_t0,0.0,node4transit_node8transit,C,wide,node4node8,0.0
C_node4node8_wide_t1,0.0,node4transit_node8transit,C,wide,node4node8,1.0
C_node4node8_wide_t2,0.0,node4transit_node8transit,C,wide,node4node8,2.0
C_node4node8_wide_t3,0.0,node4transit_node8transit,C,wide,node4node8,3.0
C_node4node8_wide_t4,0.0,node4transit_node8transit,C,wide,node4node8,4.0
C_node4node8_wide_t5,0.0,node4transit_node8transit,C,wide,node4node8,5.0
C_node4node18_timber_t0,0.0,node4transit_node18source,C,timber,node4node18,0.0
C_node4node18_timber_t1,1.0,node4transit_node18source,C,timber,node4node18,1.0
C_node4node18_timber_t2,0.0,node4transit_node18source,C,timber,node4node18,2.0
C_node4node18_timber_t3,0.0,node4transit_node18source,C,timber,node4node18,3.0
C_node4node18_timber_t4,-0.0,node4transit_node18source,C,timber,node4node18,4.0
C_node4node18_timber_t5,-0.0,node4transit_node18source,C,timber,node4node18,5.0
C_node4node18_wide_t0,0.0,node4transit_node18source,C,wide,node4node18,0.0
C_node4node18_wide_t1,0.0,node4transit_node18source,C,wide,node4node18,1.0
C_node4node18_wide_t2,0.0,node4transit_node18source,C,wide,node4node18,2.0
C_node4node18_wide_t3,0.0,node4transit_node18source,C,wide,node4node18,3.0
C_node4node18_wide_t4,0.0,node4transit_node18source,C,wide,node4node18,4.0
C_node4node18_wide_t5,0.0,node4transit_node18source,C,wide,node4node18,5.0
C_node5node9_timber_t0,0.0,node5transit_node9transit,C,timber,node5node9,0.0
C_node5node9_timber_t1,0.0,node5transit_node9transit,C,timber,node5node9,1.0
C_node5node9_timber_t2,0.0,node5transit_node9transit,C,timber,node5node9,2.0
C_node5node9_timber_t3,0.0,node5transit_node9transit,C,timber,node5node9,3.0
C_node5node9_timber_t4,0.0,node5transit_node9transit,C,timber,node5node9,4.0
C_node5node9_timber_t5,0.0,node5transit_node9transit,C,timber,node5node9,5.0
C_node5node9_wide_t0,0.0,node5transit_node9transit,C,wide,node5node9,0.0
C_node5node9_wide_t1,0.0,node5transit_node9transit,C,wide,node5node9,1.0
C_node5node9_wide_t2,0.0,node5transit_node9transit,C,wide,node5node9,2.0
C_node5node9_wide_t3,0.0,node5transit_node9transit,C,wide,node5node9,3.0
C_node5node9_wide_t4,0.0,node5transit_node9transit,C,wide,node5node9,4.0
C_node5node9_wide_t5,0.0,node5transit_node9transit,C,wide,node5node9,5.0
C_node5node19_timber_t0,0.0,node5transit_node19source,C,timber,node5node19,0.0
C_node5node19_timber_t1,0.0,node5transit_node19source,C,timber,node5node19,1.0
C_node5node19_timber_t2,0.0,node5transit_node19source,C,timber,node5node19,2.0
C_node5node19_timber_t3,0.0,node5transit_node19source,C,timber,node5node19,3.0
C_node5node19_timber_t4,0.0,node5transit_node19source,C,timber,node5node19,4.0
C_node5node19_timber_t5,0.0,node5transit_node19source,C,timber,node5node19,5.0
C_node5node19_wide_t0,0.0,node5transit_node19source,C,wide,node5node19,0.0
C_node5node19_wide_t1,0.0,node5transit_node19source,C,wide,node5node19,1.0
C_node5node19_wide_t2,0.0,node5transit_node19source,C,wide,node5node19,2.0
C_node5node19_wide_t3,0.0,node5transit_node19source,C,wide,node5node19,3.0
C_node5node19_wide_t4,0.0,node5transit_node19source,C,wide,node5node19,4.0
C_node5node19_wide_t5,1.0,node5transit_node19source,C,wide,node5node19,5.0
C_node6node13_timber_t0,0.0,node6transit_node13exit,C,timber,node6node13,0.0
C_node6node13_timber_t1,0.0,node6transit_node13exit,C,timber,node6node13,1.0
C_node6node13_timber_t2,0.0,node6transit_node13exit,C,timber,node6node13,2.0
C_node6node13_timber_t3,0.0,node6transit_node13exit,C,timber,node6node13,3.0
C_node6node13_timber_t4,0.0,node6transit_node13exit,C,timber,node6node13,4.0
C_node6node13_timber_t5,0.0,node6transit_node13exit,C,timber,node6node13,5.0
C_node6node13_wide_t0,0.0,node6transit_node13exit,C,wide,node6node13,0.0
C_node6node13_wide_t1,0.0,node6transit_node13exit,C,wide,node6node13,1.0
C_node6node13_wide_t2,0.0,node6transit_node13exit,C,wide,node6node13,2.0
C_node6node13_wide_t3,0.0,node6transit_node13exit,C,wide,node6node13,3.0
C_node6node13_wide_t4,0.0,node6transit_node13exit,C,wide,node6node13,4.0
C_node6node13_wide_t5,0.0,node6transit_node13exit,C,wide,node6node13,5.0
C_node6node10_timber_t0,0.0,node6transit_node10transit,C,timber,node6node10,0.0
C_node6node10_timber_t1,0.0,node6transit_node10transit,C,timber,node6node10,1.0
C_node6node10_timber_t2,0.0,node6transit_node10transit,C,timber,node6node10,2.0
C_node6node10_timber_t3,0.0,node6transit_node10transit,C,timber,node6node10,3.0
C_node6node10_timber_t4,0.0,node6transit_node10transit,C,timber,node6node10,4.0
C_node6node10_timber_t5,0.0,node6transit_node10transit,C,timber,node6node10,5.0
C_node6node10_wide_t0,0.0,node6transit_node10transit,C,wide,node6node10,0.0
C_node6node10_wide_t1,0.0,node6transit_node10transit,C,wide,node6node10,1.0
C_node6node10_wide_t2,0.0,node6transit_node10transit,C,wide,node6node10,2.0
C_node6node10_wide_t3,0.0,node6transit_node10transit,C,wide,node6node10,3.0
C_node6node10_wide_t4,0.0,node6transit_node10transit,C,wide,node6node10,4.0
C_node6node10_wide_t5,0.0,node6transit_node10transit,C,wide,node6node10,5.0
C_node7node15_timber_t0,0.0,node7transit_node15exit,C,timber,node7node15,0.0
C_node7node15_timber_t1,0.0,node7transit_node15exit,C,timber,node7node15,1.0
C_node7node15_timber_t2,0.0,node7transit_node15exit,C,timber,node7node15,2.0
C_node7node15_timber_t3,0.0,node7transit_node15exit,C,timber,node7node15,3.0
C_node7node15_timber_t4,0.0,node7transit_node15exit,C,timber,node7node15,4.0
C_node7node15_timber_t5,0.0,node7transit_node15exit,C,timber,node7node15,5.0
C_node7node15_wide_t0,0.0,node7transit_node15exit,C,wide,node7node15,0.0
C_node7node15_wide_t1,0.0,node7transit_node15exit,C,wide,node7node15,1.0
C_node7node15_wide_t2,0.0,node7transit_node15exit,C,wide,node7node15,2.0
C_node7node15_wide_t3,0.0,node7transit_node15exit,C,wide,node7node15,3.0
C_node7node15_wide_t4,0.0,node7transit_node15exit,C,wide,node7node15,4.0
C_node7node15_wide_t5,0.0,node7transit_node15exit,C,wide,node7node15,5.0
C_node7node17_timber_t0,0.0,node7transit_node17exit,C,timber,node7node17,0.0
C_node7node17_timber_t1,0.0,node7transit_node17exit,C,timber,node7node17,1.0
C_node7node17_timber_t2,0.0,node7transit_node17exit,C,timber,node7node17,2.0
C_node7node17_timber_t3,0.0,node7transit_node17exit,C,timber,node7node17,3.0
C_node7node17_timber_t4,0.0,node7transit_node17exit,C,timber,node7node17,4.0
C_node7node17_timber_t5,0.0,node7transit_node17exit,C,timber,node7node17,5.0
C_node7node17_wide_t0,0.0,node7transit_node17exit,C,wide,node7node17,0.0
C_node7node17_wide_t1,0.0,node7transit_node17exit,C,wide,node7node17,1.0
C_node7node17_wide_t2,0.0,node7transit_node17exit,C,wide,node7node17,2.0
C_node7node17_wide_t3,0.0,node7transit_node17exit,C,wide,node7node17,3.0
C_node7node17_wide_t4,0.0,node7transit_node17exit,C,wide,node7node17,4.0
C_node7node17_wide_t5,0.0,node7transit_node17exit,C,wide,node7node17,5.0
C_node7node12_timber_t0,0.0,node7transit_node12exit,C,timber,node7node12,0.0
C_node7node12_timber_t1,0.0,node7transit_node12exit,C,timber,node7node12,1.0
C_node7node12_timber_t2,0.0,node7transit_node12exit,C,timber,node7node12,2.0
C_node7node12_timber_t3,0.0,node7transit_node12exit,C,timber,node7node12,3.0
C_node7node12_timber_t4,0.0,node7transit_node12exit,C,timber,node7node12,4.0
C_node7node12_timber_t5,0.0,node7transit_node12exit,C,timber,node7node12,5.0
C_node7node12_wide_t0,0.0,node7transit_node12exit,C,wide,node7node12,0.0
C_node7node12_wide_t1,0.0,node7transit_node12exit,C,wide,node7node12,1.0
C_node7node12_wide_t2,0.0,node7transit_node12exit,C,wide,node7node12,2.0
C_node7node12_wide_t3,0.0,node7transit_node12exit,C,wide,node7node12,3.0
C_node7node12_wide_t4,0.0,node7transit_node12exit,C,wide,node7node12,4.0
C_node7node12_wide_t5,0.0,node7transit_node12exit,C,wide,node7node12,5.0
C_node8node15_timber_t0,0.0,node8transit_node15exit,C,timber,node8node15,0.0
C_node8node15_timber_t1,0.0,node8transit_node15exit,C,timber,node8node15,1.0
C_node8node15_timber_t2,0.0,node8transit_node15exit,C,timber,node8node15,2.0
C_node8node15_timber_t3,0.0,node8transit_node15exit,C,timber,node8node15,3.0
C_node8node15_timber_t4,0.0,node8transit_node15exit,C,timber,node8node15,4.0
C_node8node15_timber_t5,0.0,node8transit_node15exit,C,timber,node8node15,5.0
C_node8node15_wide_t0,0.0,node8transit_node15exit,C,wide,node8node15,0.0
C_node8node15_wide_t1,0.0,node8transit_node15exit,C,wide,node8node15,1.0
C_node8node15_wide_t2,0.0,node8transit_node15exit,C,wide,node8node15,2.0
C_node8node15_wide_t3,0.0,node8transit_node15exit,C,wide,node8node15,3.0
C_node8node15_wide_t4,0.0,node8transit_node15exit,C,wide,node8node15,4.0
C_node8node15_wide_t5,0.0,node8transit_node15exit,C,wide,node8node15,5.0
C_node8node10_timber_t0,0.0,node8transit_node10transit,C,timber,node8node10,0.0
C_node8node10_timber_t1,0.0,node8transit_node10transit,C,timber,node8node10,1.0
C_node8node10_timber_t2,0.0,node8transit_node10transit,C,timber,node8node10,2.0
C_node8node10_timber_t3,0.0,node8transit_node10transit,C,timber,node8node10,3.0
C_node8node10_timber_t4,0.0,node8transit_node10transit,C,timber,node8node10,4.0
C_node8node10_timber_t5,0.0,node8transit_node10transit,C,timber,node8node10,5.0
C_node8node10_wide_t0,0.0,node8transit_node10transit,C,wide,node8node10,0.0
C_node8node10_wide_t1,0.0,node8transit_node10transit,C,wide,node8node10,1.0
C_node8node10_wide_t2,0.0,node8transit_node10transit,C,wide,node8node10,2.0
C_node8node10_wide_t3,0.0,node8transit_node10transit,C,wide,node8node10,3.0
C_node8node10_wide_t4,0.0,node8transit_node10transit,C,wide,node8node10,4.0
C_node8node10_wide_t5,0.0,node8transit_node10transit,C,wide,node8node10,5.0
C_node8node18_timber_t0,0.0,node8transit_node18source,C,timber,node8node18,0.0
C_node8node18_timber_t1,1.0,node8transit_node18source,C,timber,node8node18,1.0
C_node8node18_timber_t2,0.0,node8transit_node18source,C,timber,node8node18,2.0
C_node8node18_timber_t3,0.0,node8transit_node18source,C,timber,node8node18,3.0
C_node8node18_timber_t4,-0.0,node8transit_node18source,C,timber,node8node18,4.0
C_node8node18_timber_t5,0.0,node8transit_node18source,C,timber,node8node18,5.0
C_node8node18_wide_t0,0.0,node8transit_node18source,C,wide,node8node18,0.0
C_node8node18_wide_t1,0.0,node8transit_node18source,C,wide,node8node18,1.0
C_node8node18_wide_t2,0.0,node8transit_node18source,C,wide,node8node18,2.0
C_node8node18_wide_t3,0.0,node8transit_node18source,C,wide,node8node18,3.0
C_node8node18_wide_t4,0.0,node8transit_node18source,C,wide,node8node18,4.0
C_node8node18_wide_t5,-0.0,node8transit_node18source,C,wide,node8node18,5.0
C_node9node19_timber_t0,0.0,node9transit_node19source,C,timber,node9node19,0.0
C_node9node19_timber_t1,0.0,node9transit_node19source,C,timber,node9node19,1.0
C_node9node19_timber_t2,0.0,node9transit_node19source,C,timber,node9node19,2.0
C_node9node19_timber_t3,0.0,node9transit_node19source,C,timber,node9node19,3.0
C_node9node19_timber_t4,0.0,node9transit_node19source,C,timber,node9node19,4.0
C_node9node19_timber_t5,0.0,node9transit_node19source,C,timber,node9node19,5.0
C_node9node19_wide_t0,0.0,node9transit_node19source,C,wide,node9node19,0.0
C_node9node19_wide_t1,0.0,node9transit_node19source,C,wide,node9node19,1.0
C_node9node19_wide_t2,0.0,node9transit_node19source,C,wide,node9node19,2.0
C_node9node19_wide_t3,1.0,node9transit_node19source,C,wide,node9node19,3.0
C_node9node19_wide_t4,0.0,node9transit_node19source,C,wide,node9node19,4.0
C_node9node19_wide_t5,0.0,node9transit_node19source,C,wide,node9node19,5.0
C_node10node18_timber_t0,0.0,node10transit_node18source,C,timber,node10node18,0.0
C_node10node18_timber_t1,1.0,node10transit_node18source,C,timber,node10node18,1.0
C_node10node18_timber_t2,0.0,node10transit_node18source,C,timber,node10node18,2.0
C_node10node18_timber_t3,0.0,node10transit_node18source,C,timber,node10node18,3.0
C_node10node18_timber_t4,-0.0,node10transit_node18source,C,timber,node10node18,4.0
C_node10node18_timber_t5,0.0,node10transit_node18source,C,timber,node10node18,5.0
C_node10node18_wide_t0,0.0,node10transit_node18source,C,wide,node10node18,0.0
C_node10node18_wide_t1,0.0,node10transit_node18source,C,wide,node10node18,1.0
C_node10node18_wide_t2,0.0,node10transit_node18source,C,wide,node10node18,2.0
C_node10node18_wide_t3,0.0,node10transit_node18source,C,wide,node10node18,3.0
C_node10node18_wide_t4,0.0,node10transit_node18source,C,wide,node10node18,4.0
C_node10node18_wide_t5,-0.0,node10transit_node18source,C,wide,node10node18,5.0
C_node11node14_timber_t0,0.0,node11transit_node14exit,C,timber,node11node14,0.0
C_node11node14_timber_t1,1.0,node11transit_node14exit,C,timber,node11node14,1.0
C_node11node14_timber_t2,0.0,node11transit_node14exit,C,timber,node11node14,2.0
C_node11node14_timber_t3,0.0,node11transit_node14exit,C,timber,node11node14,3.0
C_node11node14_timber_t4,0.0,node11transit_node14exit,C,timber,node11node14,4.0
C_node11node14_timber_t5,0.0,node11transit_node14exit,C,timber,node11node14,5.0
C_node11node14_wide_t0,0.0,node11transit_node14exit,C,wide,node11node14,0.0
C_node11node14_wide_t1,0.0,node11transit_node14exit,C,wide,node11node14,1.0
C_node11node14_wide_t2,0.0,node11transit_node14exit,C,wide,node11node14,2.0
C_node11node14_wide_t3,0.0,node11transit_node14exit,C,wide,node11node14,3.0
C_node11node14_wide_t4,0.0,node11transit_node14exit,C,wide,node11node14,4.0
C_node11node14_wide_t5,0.0,node11transit_node14exit,C,wide,node11node14,5.0
C_node11node16_timber_t0,0.0,node11transit_node16exit,C,timber,node11node16,0.0
C_node11node16_timber_t1,0.0,node11transit_node16exit,C,timber,node11node16,1.0
C_node11node16_timber_t2,0.0,node11transit_node16exit,C,timber,node11node16,2.0
C_node11node16_timber_t3,0.0,node11transit_node16exit,C,timber,node11node16,3.0
C_node11node16_timber_t4,0.0,node11transit_node16exit,C,timber,node11node16,4.0
C_node11node16_timber_t5,0.0,node11transit_node16exit,C,timber,node11node16,5.0
C_node11node16_wide_t0,0.0,node11transit_node16exit,C,wide,node11node16,0.0
C_node11node16_wide_t1,0.0,node11transit_node16exit,C,wide,node11node16,1.0
C_node11node16_wide_t2,0.0,node11transit_node16exit,C,wide,node11node16,2.0
C_node11node16_wide_t3,0.0,node11transit_node16exit,C,wide,node11node16,3.0
C_node11node16_wide_t4,0.0,node11transit_node16exit,C,wide,node11node16,4.0
C_node11node16_wide_t5,0.0,node11transit_node16exit,C,wide,node11node16,5.0
C_node12node16_timber_t0,0.0,node12exit_node16exit,C,timber,node12node16,0.0
C_node12node16_timber_t1,0.0,node12exit_node16exit,C,timber,node12node16,1.0
C_node12node16_timber_t2,0.0,node12exit_node16exit,C,timber,node12node16,2.0
C_node12node16_timber_t3,0.0,node12exit_node16exit,C,timber,node12node16,3.0
C_node12node16_timber_t4,0.0,node12exit_node16exit,C,timber,node12node16,4.0
C_node12node16_timber_t5,0.0,node12exit_node16exit,C,timber,node12node16,5.0
C_node12node16_wide_t0,0.0,node12exit_node16exit,C,wide,node12node16,0.0
C_node12node16_wide_t1,0.0,node12exit_node16exit,C,wide,node12node16,1.0
C_node12node16_wide_t2,0.0,node12exit_node16exit,C,wide,node12node16,2.0
C_node12node16_wide_t3,0.0,node12exit_node16exit,C,wide,node12node16,3.0
C_node12node16_wide_t4,0.0,node12exit_node16exit,C,wide,node12node16,4.0
C_node12node16_wide_t5,0.0,node12exit_node16exit,C,wide,node12node16,5.0
C_node13node14_timber_t0,0.0,node13exit_node14exit,C,timber,node13node14,0.0
C_node13node14_timber_t1,0.0,node13exit_node14exit,C,timber,node13node14,1.0
C_node13node14_timber_t2,0.0,node13exit_node14exit,C,timber,node13node14,2.0
C_node13node14_timber_t3,0.0,node13exit_node14exit,C,timber,node13node14,3.0
C_node13node14_timber_t4,0.0,node13exit_node14exit,C,timber,node13node14,4.0
C_node13node14_timber_t5,0.0,node13exit_node14exit,C,timber,node13node14,5.0
C_node13node14_wide_t0,0.0,node13exit_node14exit,C,wide,node13node14,0.0
C_node13node14_wide_t1,0.0,node13exit_node14exit,C,wide,node13node14,1.0
C_node13node14_wide_t2,0.0,node13exit_node14exit,C,wide,node13node14,2.0
C_node13node14_wide_t3,0.0,node13exit_node14exit,C,wide,node13node14,3.0
C_node13node14_wide_t4,0.0,node13exit_node14exit,C,wide,node13node14,4.0
C_node13node14_wide_t5,0.0,node13exit_node14exit,C,wide,node13node14,5.0
M_node1node9_timber_t0,0.0,node1transit_node9transit,M,timber,node1node9,0.0
M_node1node9_timber_t1,0.0,node1transit_node9transit,M,timber,node1node9,1.0
M_node1node9_timber_t2,0.0,node1transit_node9transit,M,timber,node1node9,2.0
M_node1node9_timber_t3,0.0,node1transit_node9transit,M,timber,node1node9,3.0
M_node1node9_timber_t4,0.0,node1transit_node9transit,M,timber,node1node9,4.0
M_node1node9_timber_t5,0.0,node1transit_node9transit,M,timber,node1node9,5.0
M_node1node9_wide_t0,0.0,node1transit_node9transit,M,wide,node1node9,0.0
M_node1node9_wide_t1,0.0,node1transit_node9transit,M,wide,node1node9,1.0
M_node1node9_wide_t2,0.0,node1transit_node9transit,M,wide,node1node9,2.0
M_node1node9_wide_t3,0.0,node1transit_node9transit,M,wide,node1node9,3.0
M_node1node9_wide_t4,0.0,node1transit_node9transit,M,wide,node1node9,4.0
M_node1node9_wide_t5,0.0,node1transit_node9transit,M,wide,node1node9,5.0
M_node1node17_timber_t0,0.0,node1transit_node17exit,M,timber,node1node17,0.0
M_node1node17_timber_t1,0.0,node1transit_node17exit,M,timber,node1node17,1.0
M_node1node17_timber_t2,0.0,node1transit_node17exit,M,timber,node1node17,2.0
M_node1node17_timber_t3,0.0,node1transit_node17exit,M,timber,node1node17,3.0
M_node1node17_timber_t4,0.0,node1transit_node17exit,M,timber,node1node17,4.0
M_node1node17_timber_t5,0.0,node1transit_node17exit,M,timber,node1node17,5.0
M_node1node17_wide_t0,0.0,node1transit_node17exit,M,wide,node1node17,0.0
M_node1node17_wide_t1,0.0,node1transit_node17exit,M,wide,node1node17,1.0
M_node1node17_wide_t2,0.0,node1transit_node17exit,M,wide,node1node17,2.0
M_node1node17_wide_t3,0.0,node1transit_node17exit,M,wide,node1node17,3.0
M_node1node17_wide_t4,0.0,node1transit_node17exit,M,wide,node1node17,4.0
M_node1node17_wide_t5,0.0,node1transit_node17exit,M,wide,node1node17,5.0
M_node1node5_timber_t0,0.0,node1transit_node5transit,M,timber,node1node5,0.0
M_node1node5_timber_t1,0.0,node1transit_node5transit,M,timber,node1node5,1.0
M_node1node5_timber_t2,0.0,node1transit_node5transit,M,timber,node1node5,2.0
M_node1node5_timber_t3,0.0,node1transit_node5transit,M,timber,node1node5,3.0
M_node1node5_timber_t4,0.0,node1transit_node5transit,M,timber,node1node5,4.0
M_node1node5_timber_t5,0.0,node1transit_node5transit,M,timber,node1node5,5.0
M_node1node5_wide_t0,0.0,node1transit_node5transit,M,wide,node1node5,0.0
M_node1node5_wide_t1,0.0,node1transit_node5transit,M,wide,node1node5,1.0
M_node1node5_wide_t2,0.0,node1transit_node5transit,M,wide,node1node5,2.0
M_node1node5_wide_t3,0.0,node1transit_node5transit,M,wide,node1node5,3.0
M_node1node5_wide_t4,0.0,node1transit_node5transit,M,wide,node1node5,4.0
M_node1node5_wide_t5,0.0,node1transit_node5transit,M,wide,node1node5,5.0
M_node1node19_timber_t0,0.0,node1transit_node19source,M,timber,node1node19,0.0
M_node1node19_timber_t1,0.0,node1transit_node19source,M,timber,node1node19,1.0
M_node1node19_timber_t2,0.0,node1transit_node19source,M,timber,node1node19,2.0
M_node1node19_timber_t3,1.0,node1transit_node19source,M,timber,node1node19,3.0
M_node1node19_timber_t4,1.0,node1transit_node19source,M,timber,node1node19,4.0
M_node1node19_timber_t5,0.0,node1transit_node19source,M,timber,node1node19,5.0
M_node1node19_wide_t0,0.0,node1transit_node19source,M,wide,node1node19,0.0
M_node1node19_wide_t1,0.0,node1transit_node19source,M,wide,node1node19,1.0
M_node1node19_wide_t2,0.0,node1transit_node19source,M,wide,node1node19,2.0
M_node1node19_wide_t3,0.0,node1transit_node19source,M,wide,node1node19,3.0
M_node1node19_wide_t4,0.0,node1transit_node19source,M,wide,node1node19,4.0
M_node1node19_wide_t5,0.0,node1transit_node19source,M,wide,node1node19,5.0
M_node2node3_timber_t0,0.0,node2transit_node3exit,M,timber,node2node3,0.0
M_node2node3_timber_t1,0.0,node2transit_node3exit,M,timber,node2node3,1.0
M_node2node3_timber_t2,0.0,node2transit_node3exit,M,timber,node2node3,2.0
M_node2node3_timber_t3,0.0,node2transit_node3exit,M,timber,node2node3,3.0
M_node2node3_timber_t4,0.0,node2transit_node3exit,M,timber,node2node3,4.0
M_node2node3_timber_t5,0.0,node2transit_node3exit,M,timber,node2node3,5.0
M_node2node3_wide_t0,0.0,node2transit_node3exit,M,wide,node2node3,0.0
M_node2node3_wide_t1,0.0,node2transit_node3exit,M,wide,node2node3,1.0
M_node2node3_wide_t2,0.0,node2transit_node3exit,M,wide,node2node3,2.0
M_node2node3_wide_t3,0.0,node2transit_node3exit,M,wide,node2node3,3.0
M_node2node3_wide_t4,0.0,node2transit_node3exit,M,wide,node2node3,4.0
M_node2node3_wide_t5,0.0,node2transit_node3exit,M,wide,node2node3,5.0
M_node2node9_timber_t0,0.0,node2transit_node9transit,M,timber,node2node9,0.0
M_node2node9_timber_t1,0.0,node2transit_node9transit,M,timber,node2node9,1.0
M_node2node9_timber_t2,0.0,node2transit_node9transit,M,timber,node2node9,2.0
M_node2node9_timber_t3,0.0,node2transit_node9transit,M,timber,node2node9,3.0
M_node2node9_timber_t4,0.0,node2transit_node9transit,M,timber,node2node9,4.0
M_node2node9_timber_t5,0.0,node2transit_node9transit,M,timber,node2node9,5.0
M_node2node9_wide_t0,0.0,node2transit_node9transit,M,wide,node2node9,0.0
M_node2node9_wide_t1,0.0,node2transit_node9transit,M,wide,node2node9,1.0
M_node2node9_wide_t2,0.0,node2transit_node9transit,M,wide,node2node9,2.0
M_node2node9_wide_t3,0.0,node2transit_node9transit,M,wide,node2node9,3.0
M_node2node9_wide_t4,0.0,node2transit_node9transit,M,wide,node2node9,4.0
M_node2node9_wide_t5,0.0,node2transit_node9transit,M,wide,node2node9,5.0
M_node2node6_timber_t0,0.0,node2transit_node6transit,M,timber,node2node6,0.0
M_node2node6_timber_t1,0.0,node2transit_node6transit,M,timber,node2node6,1.0
M_node2node6_timber_t2,0.0,node2transit_node6transit,M,timber,node2node6,2.0
M_node2node6_timber_t3,0.0,node2transit_node6transit,M,timber,node2node6,3.0
M_node2node6_timber_t4,0.0,node2transit_node6transit,M,timber,node2node6,4.0
M_node2node6_timber_t5,0.0,node2transit_node6transit,M,timber,node2node6,5.0
M_node2node6_wide_t0,0.0,node2transit_node6transit,M,wide,node2node6,0.0
M_node2node6_wide_t1,0.0,node2transit_node6transit,M,wide,node2node6,1.0
M_node2node6_wide_t2,0.0,node2transit_node6transit,M,wide,node2node6,2.0
M_node2node6_wide_t3,0.0,node2transit_node6transit,M,wide,node2node6,3.0
M_node2node6_wide_t4,0.0,node2transit_node6transit,M,wide,node2node6,4.0
M_node2node6_wide_t5,0.0,node2transit_node6transit,M,wide,node2node6,5.0
M_node3node5_timber_t0,0.0,node3exit_node5transit,M,timber,node3node5,0.0
M_node3node5_timber_t1,0.0,node3exit_node5transit,M,timber,node3node5,1.0
M_node3node5_timber_t2,0.0,node3exit_node5transit,M,timber,node3node5,2.0
M_node3node5_timber_t3,0.0,node3exit_node5transit,M,timber,node3node5,3.0
M_node3node5_timber_t4,0.0,node3exit_node5transit,M,timber,node3node5,4.0
M_node3node5_timber_t5,0.0,node3exit_node5transit,M,timber,node3node5,5.0
M_node3node5_wide_t0,0.0,node3exit_node5transit,M,wide,node3node5,0.0
M_node3node5_wide_t1,0.0,node3exit_node5transit,M,wide,node3node5,1.0
M_node3node5_wide_t2,0.0,node3exit_node5transit,M,wide,node3node5,2.0
M_node3node5_wide_t3,0.0,node3exit_node5transit,M,wide,node3node5,3.0
M_node3node5_wide_t4,0.0,node3exit_node5transit,M,wide,node3node5,4.0
M_node3node5_wide_t5,0.0,node3exit_node5transit,M,wide,node3node5,5.0
M_node4node11_timber_t0,0.0,node4transit_node11transit,M,timber,node4node11,0.0
M_node4node11_timber_t1,0.0,node4transit_node11transit,M,timber,node4node11,1.0
M_node4node11_timber_t2,1.0,node4transit_node11transit,M,timber,node4node11,2.0
M_node4node11_timber_t3,1.0,node4transit_node11transit,M,timber,node4node11,3.0
M_node4node11_timber_t4,1.0,node4transit_node11transit,M,timber,node4node11,4.0
M_node4node11_timber_t5,1.0,node4transit_node11transit,M,timber,node4node11,5.0
M_node4node11_wide_t0,0.0,node4transit_node11transit,M,wide,node4node11,0.0
M_node4node11_wide_t1,0.0,node4transit_node11transit,M,wide,node4node11,1.0
M_node4node11_wide_t2,0.0,node4transit_node11transit,M,wide,node4node11,2.0
M_node4node11_wide_t3,0.0,node4transit_node11transit,M,wide,node4node11,3.0
M_node4node11_wide_t4,0.0,node4transit_node11transit,M,wide,node4node11,4.0
M_node4node11_wide_t5,0.0,node4transit_node11transit,M,wide,node4node11,5.0
M_node4node10_timber_t0,0.0,node4transit_node10transit,M,timber,node4node10,0.0
M_node4node10_timber_t1,0.0,node4transit_node10transit,M,timber,node4node10,1.0
M_node4node10_timber_t2,0.0,node4transit_node10transit,M,timber,node4node10,2.0
M_node4node10_timber_t3,0.0,node4transit_node10transit,M,timber,node4node10,3.0
M_node4node10_timber_t4,0.0,node4transit_node10transit,M,timber,node4node10,4.0
M_node4node10_timber_t5,0.0,node4transit_node10transit,M,timber,node4node10,5.0
M_node4node10_wide_t0,0.0,node4transit_node10transit,M,wide,node4node10,0.0
M_node4node10_wide_t1,0.0,node4transit_node10transit,M,wide,node4node10,1.0
M_node4node10_wide_t2,0.0,node4transit_node10transit,M,wide,node4node10,2.0
M_node4node10_wide_t3,0.0,node4transit_node10transit,M,wide,node4node10,3.0
M_node4node10_wide_t4,0.0,node4transit_node10transit,M,wide,node4node10,4.0
M_node4node10_wide_t5,0.0,node4transit_node10transit,M,wide,node4node10,5.0
M_node4node8_timber_t0,0.0,node4transit_node8transit,M,timber,node4node8,0.0
M_node4node8_timber_t1,0.0,node4transit_node8transit,M,timber,node4node8,1.0
M_node4node8_timber_t2,0.0,node4transit_node8transit,M,timber,node4node8,2.0
M_node4node8_timber_t3,0.0,node4transit_node8transit,M,timber,node4node8,3.0
M_node4node8_timber_t4,0.0,node4transit_node8transit,M,timber,node4node8,4.0
M_node4node8_timber_t5,0.0,node4transit_node8transit,M,timber,node4node8,5.0
M_node4node8_wide_t0,0.0,node4transit_node8transit,M,wide,node4node8,0.0
M_node4node8_wide_t1,0.0,node4transit_node8transit,M,wide,node4node8,1.0
M_node4node8_wide_t2,0.0,node4transit_node8transit,M,wide,node4node8,2.0
M_node4node8_wide_t3,0.0,node4transit_node8transit,M,wide,node4node8,3.0
M_node4node8_wide_t4,0.0,node4transit_node8transit,M,wide,node4node8,4.0
M_node4node8_wide_t5,0.0,node4transit_node8transit,M,wide,node4node8,5.0
M_node4node18_timber_t0,0.0,node4transit_node18source,M,timber,node4node18,0.0
M_node4node18_timber_t1,0.0,node4transit_node18source,M,timber,node4node18,1.0
M_node4node18_timber_t2,1.0,node4transit_node18source,M,timber,node4node18,2.0
M_node4node18_timber_t3,1.0,node4transit_node18source,M,timber,node4node18,3.0
M_node4node18_timber_t4,1.0,node4transit_node18source,M,timber,node4node18,4.0
M_node4node18_timber_t5,0.0,node4transit_node18source,M,timber,node4node18,5.0
M_node4node18_wide_t0,0.0,node4transit_node18source,M,wide,node4node18,0.0
M_node4node18_wide_t1,0.0,node4transit_node18source,M,wide,node4node18,1.0
M_node4node18_wide_t2,0.0,node4transit_node18source,M,wide,node4node18,2.0
M_node4node18_wide_t3,0.0,node4transit_node18source,M,wide,node4node18,3.0
M_node4node18_wide_t4,-0.0,node4transit_node18source,M,wide,node4node18,4.0
M_node4node18_wide_t5,-0.0,node4transit_node18source,M,wide,node4node18,5.0
M_node5node9_timber_t0,0.0,node5transit_node9transit,M,timber,node5node9,0.0
M_node5node9_timber_t1,0.0,node5transit_node9transit,M,timber,node5node9,1.0
M_node5node9_timber_t2,0.0,node5transit_node9transit,M,timber,node5node9,2.0
M_node5node9_timber_t3,0.0,node5transit_node9transit,M,timber,node5node9,3.0
M_node5node9_timber_t4,0.0,node5transit_node9transit,M,timber,node5node9,4.0
M_node5node9_timber_t5,0.0,node5transit_node9transit,M,timber,node5node9,5.0
M_node5node9_wide_t0,0.0,node5transit_node9transit,M,wide,node5node9,0.0
M_node5node9_wide_t1,0.0,node5transit_node9transit,M,wide,node5node9,1.0
M_node5node9_wide_t2,0.0,node5transit_node9transit,M,wide,node5node9,2.0
M_node5node9_wide_t3,0.0,node5transit_node9transit,M,wide,node5node9,3.0
M_node5node9_wide_t4,0.0,node5transit_node9transit,M,wide,node5node9,4.0
M_node5node9_wide_t5,0.0,node5transit_node9transit,M,wide,node5node9,5.0
M_node5node19_timber_t0,0.0,node5transit_node19source,M,timber,node5node19,0.0
M_node5node19_timber_t1,0.0,node5transit_node19source,M,timber,node5node19,1.0
M_node5node19_timber_t2,0.0,node5transit_node19source,M,timber,node5node19,2.0
M_node5node19_timber_t3,0.0,node5transit_node19source,M,timber,node5node19,3.0
M_node5node19_timber_t4,0.0,node5transit_node19source,M,timber,node5node19,4.0
M_node5node19_timber_t5,0.0,node5transit_node19source,M,timber,node5node19,5.0
M_node5node19_wide_t0,0.0,node5transit_node19source,M,wide,node5node19,0.0
M_node5node19_wide_t1,0.0,node5transit_node19source,M,wide,node5node19,1.0
M_node5node19_wide_t2,0.0,node5transit_node19source,M,wide,node5node19,2.0
M_node5node19_wide_t3,0.0,node5transit_node19source,M,wide,node5node19,3.0
M_node5node19_wide_t4,0.0,node5transit_node19source,M,wide,node5node19,4.0
M_node5node19_wide_t5,0.0,node5transit_node19source,M,wide,node5node19,5.0
M_node6node13_timber_t0,0.0,node6transit_node13exit,M,timber,node6node13,0.0
M_node6node13_timber_t1,0.0,node6transit_node13exit,M,timber,node6node13,1.0
M_node6node13_timber_t2,0.0,node6transit_node13exit,M,timber,node6node13,2.0
M_node6node13_timber_t3,0.0,node6transit_node13exit,M,timber,node6node13,3.0
M_node6node13_timber_t4,0.0,node6transit_node13exit,M,timber,node6node13,4.0
M_node6node13_timber_t5,0.0,node6transit_node13exit,M,timber,node6node13,5.0
M_node6node13_wide_t0,0.0,node6transit_node13exit,M,wide,node6node13,0.0
M_node6node13_wide_t1,0.0,node6transit_node13exit,M,wide,node6node13,1.0
M_node6node13_wide_t2,0.0,node6transit_node13exit,M,wide,node6node13,2.0
M_node6node13_wide_t3,0.0,node6transit_node13exit,M,wide,node6node13,3.0
M_node6node13_wide_t4,0.0,node6transit_node13exit,M,wide,node6node13,4.0
M_node6node13_wide_t5,0.0,node6transit_node13exit,M,wide,node6node13,5.0
M_node6node10_timber_t0,0.0,node6transit_node10transit,M,timber,node6node10,0.0
M_node6node10_timber_t1,0.0,node6transit_node10transit,M,timber,node6node10,1.0
M_node6node10_timber_t2,0.0,node6transit_node10transit,M,timber,node6node10,2.0
M_node6node10_timber_t3,0.0,node6transit_node10transit,M,timber,node6node10,3.0
M_node6node10_timber_t4,0.0,node6transit_node10transit,M,timber,node6node10,4.0
M_node6node10_timber_t5,0.0,node6transit_node10transit,M,timber,node6node10,5.0
M_node6node10_wide_t0,0.0,node6transit_node10transit,M,wide,node6node10,0.0
M_node6node10_wide_t1,0.0,node6transit_node10transit,M,wide,node6node10,1.0
M_node6node10_wide_t2,0.0,node6transit_node10transit,M,wide,node6node10,2.0
M_node6node10_wide_t3,0.0,node6transit_node10transit,M,wide,node6node10,3.0
M_node6node10_wide_t4,0.0,node6transit_node10transit,M,wide,node6node10,4.0
M_node6node10_wide_t5,0.0,node6transit_node10transit,M,wide,node6node10,5.0
M_node7node15_timber_t0,0.0,node7transit_node15exit,M,timber,node7node15,0.0
M_node7node15_timber_t1,0.0,node7transit_node15exit,M,timber,node7node15,1.0
M_node7node15_timber_t2,0.0,node7transit_node15exit,M,timber,node7node15,2.0
M_node7node15_timber_t3,0.0,node7transit_node15exit,M,timber,node7node15,3.0
M_node7node15_timber_t4,0.0,node7transit_node15exit,M,timber,node7node15,4.0
M_node7node15_timber_t5,0.0,node7transit_node15exit,M,timber,node7node15,5.0
M_node7node15_wide_t0,0.0,node7transit_node15exit,M,wide,node7node15,0.0
M_node7node15_wide_t1,0.0,node7transit_node15exit,M,wide,node7node15,1.0
M_node7node15_wide_t2,0.0,node7transit_node15exit,M,wide,node7node15,2.0
M_node7node15_wide_t3,0.0,node7transit_node15exit,M,wide,node7node15,3.0
M_node7node15_wide_t4,0.0,node7transit_node15exit,M,wide,node7node15,4.0
M_node7node15_wide_t5,0.0,node7transit_node15exit,M,wide,node7node15,5.0
M_node7node17_timber_t0,0.0,node7transit_node17exit,M,timber,node7node17,0.0
M_node7node17_timber_t1,0.0,node7transit_node17exit,M,timber,node7node17,1.0
M_node7node17_timber_t2,0.0,node7transit_node17exit,M,timber,node7node17,2.0
M_node7node17_timber_t3,0.0,node7transit_node17exit,M,timber,node7node17,3.0
M_node7node17_timber_t4,0.0,node7transit_node17exit,M,timber,node7node17,4.0
M_node7node17_timber_t5,0.0,node7transit_node17exit,M,timber,node7node17,5.0
M_node7node17_wide_t0,0.0,node7transit_node17exit,M,wide,node7node17,0.0
M_node7node17_wide_t1,0.0,node7transit_node17exit,M,wide,node7node17,1.0
M_node7node17_wide_t2,0.0,node7transit_node17exit,M,wide,node7node17,2.0
M_node7node17_wide_t3,0.0,node7transit_node17exit,M,wide,node7node17,3.0
M_node7node17_wide_t4,0.0,node7transit_node17exit,M,wide,node7node17,4.0
M_node7node17_wide_t5,0.0,node7transit_node17exit,M,wide,node7node17,5.0
M_node7node12_timber_t0,0.0,node7transit_node12exit,M,timber,node7node12,0.0
M_node7node12_timber_t1,0.0,node7transit_node12exit,M,timber,node7node12,1.0
M_node7node12_timber_t2,0.0,node7transit_node12exit,M,timber,node7node12,2.0
M_node7node12_timber_t3,0.0,node7transit_node12exit,M,timber,node7node12,3.0
M_node7node12_timber_t4,0.0,node7transit_node12exit,M,timber,node7node12,4.0
M_node7node12_timber_t5,0.0,node7transit_node12exit,M,timber,node7node12,5.0
M_node7node12_wide_t0,0.0,node7transit_node12exit,M,wide,node7node12,0.0
M_node7node12_wide_t1,0.0,node7transit_node12exit,M,wide,node7node12,1.0
M_node7node12_wide_t2,0.0,node7transit_node12exit,M,wide,node7node12,2.0
M_node7node12_wide_t3,0.0,node7transit_node12exit,M,wide,node7node12,3.0
M_node7node12_wide_t4,0.0,node7transit_node12exit,M,wide,node7node12,4.0
M_node7node12_wide_t5,0.0,node7transit_node12exit,M,wide,node7node12,5.0
M_node8node15_timber_t0,0.0,node8transit_node15exit,M,timber,node8node15,0.0
M_node8node15_timber_t1,0.0,node8transit_node15exit,M,timber,node8node15,1.0
M_node8node15_timber_t2,0.0,node8transit_node15exit,M,timber,node8node15,2.0
M_node8node15_timber_t3,0.0,node8transit_node15exit,M,timber,node8node15,3.0
M_node8node15_timber_t4,0.0,node8transit_node15exit,M,timber,node8node15,4.0
M_node8node15_timber_t5,0.0,node8transit_node15exit,M,timber,node8node15,5.0
M_node8node15_wide_t0,0.0,node8transit_node15exit,M,wide,node8node15,0.0
M_node8node15_wide_t1,0.0,node8transit_node15exit,M,wide,node8node15,1.0
M_node8node15_wide_t2,0.0,node8transit_node15exit,M,wide,node8node15,2.0
M_node8node15_wide_t3,0.0,node8transit_node15exit,M,wide,node8node15,3.0
M_node8node15_wide_t4,0.0,node8transit_node15exit,M,wide,node8node15,4.0
M_node8node15_wide_t5,0.0,node8transit_node15exit,M,wide,node8node15,5.0
M_node8node10_timber_t0,0.0,node8transit_node10transit,M,timber,node8node10,0.0
M_node8node10_timber_t1,0.0,node8transit_node10transit,M,timber,node8node10,1.0
M_node8node10_timber_t2,0.0,node8transit_node10transit,M,timber,node8node10,2.0
M_node8node10_timber_t3,0.0,node8transit_node10transit,M,timber,node8node10,3.0
M_node8node10_timber_t4,0.0,node8transit_node10transit,M,timber,node8node10,4.0
M_node8node10_timber_t5,0.0,node8transit_node10transit,M,timber,node8node10,5.0
M_node8node10_wide_t0,0.0,node8transit_node10transit,M,wide,node8node10,0.0
M_node8node10_wide_t1,0.0,node8transit_node10transit,M,wide,node8node10,1.0
M_node8node10_wide_t2,0.0,node8transit_node10transit,M,wide,node8node10,2.0
M_node8node10_wide_t3,0.0,node8transit_node10transit,M,wide,node8node10,3.0
M_node8node10_wide_t4,0.0,node8transit_node10transit,M,wide,node8node10,4.0
M_node8node10_wide_t5,0.0,node8transit_node10transit,M,wide,node8node10,5.0
M_node8node18_timber_t0,0.0,node8transit_node18source,M,timber,node8node18,0.0
M_node8node18_timber_t1,0.0,node8transit_node18source,M,timber,node8node18,1.0
M_node8node18_timber_t2,1.0,node8transit_node18source,M,timber,node8node18,2.0
M_node8node18_timber_t3,0.0,node8transit_node18source,M,timber,node8node18,3.0
M_node8node18_timber_t4,0.0,node8transit_node18source,M,timber,node8node18,4.0
M_node8node18_timber_t5,0.0,node8transit_node18source,M,timber,node8node18,5.0
M_node8node18_wide_t0,0.0,node8transit_node18source,M,wide,node8node18,0.0
M_node8node18_wide_t1,0.0,node8transit_node18source,M,wide,node8node18,1.0
M_node8node18_wide_t2,0.0,node8transit_node18source,M,wide,node8node18,2.0
M_node8node18_wide_t3,-0.0,node8transit_node18source,M,wide,node8node18,3.0
M_node8node18_wide_t4,1.0,node8transit_node18source,M,wide,node8node18,4.0
M_node8node18_wide_t5,1.0,node8transit_node18source,M,wide,node8node18,5.0
M_node9node19_timber_t0,0.0,node9transit_node19source,M,timber,node9node19,0.0
M_node9node19_timber_t1,0.0,node9transit_node19source,M,timber,node9node19,1.0
M_node9node19_timber_t2,0.0,node9transit_node19source,M,timber,node9node19,2.0
M_node9node19_timber_t3,0.0,node9transit_node19source,M,timber,node9node19,3.0
M_node9node19_timber_t4,0.0,node9transit_node19source,M,timber,node9node19,4.0
M_node9node19_timber_t5,0.0,node9transit_node19source,M,timber,node9node19,5.0
M_node9node19_wide_t0,0.0,node9transit_node19source,M,wide,node9node19,0.0
M_node9node19_wide_t1,0.0,node9transit_node19source,M,wide,node9node19,1.0
M_node9node19_wide_t2,0.0,node9transit_node19source,M,wide,node9node19,2.0
M_node9node19_wide_t3,0.0,node9transit_node19source,M,wide,node9node19,3.0
M_node9node19_wide_t4,1.0,node9transit_node19source,M,wide,node9node19,4.0
M_node9node19_wide_t5,1.0,node9transit_node19source,M,wide,node9node19,5.0
M_node10node18_timber_t0,0.0,node10transit_node18source,M,timber,node10node18,0.0
M_node10node18_timber_t1,0.0,node10transit_node18source,M,timber,node10node18,1.0
M_node10node18_timber_t2,1.0,node10transit_node18source,M,timber,node10node18,2.0
M_node10node18_timber_t3,1.0,node10transit_node18source,M,timber,node10node18,3.0
M_node10node18_timber_t4,1.0,node10transit_node18source,M,timber,node10node18,4.0
M_node10node18_timber_t5,1.0,node10transit_node18source,M,timber,node10node18,5.0
M_node10node18_wide_t0,0.0,node10transit_node18source,M,wide,node10node18,0.0
M_node10node18_wide_t1,0.0,node10transit_node18source,M,wide,node10node18,1.0
M_node10node18_wide_t2,0.0,node10transit_node18source,M,wide,node10node18,2.0
M_node10node18_wide_t3,0.0,node10transit_node18source,M,wide,node10node18,3.0
M_node10node18_wide_t4,-0.0,node10transit_node18source,M,wide,node10node18,4.0
M_node10node18_wide_t5,-0.0,node10transit_node18source,M,wide,node10node18,5.0
M_node11node14_timber_t0,0.0,node11transit_node14exit,M,timber,node11node14,0.0
M_node11node14_timber_t1,0.0,node11transit_node14exit,M,timber,node11node14,1.0
M_node11node14_timber_t2,1.0,node11transit_node14exit,M,timber,node11node14,2.0
M_node11node14_timber_t3,1.0,node11transit_node14exit,M,timber,node11node14,3.0
M_node11node14_timber_t4,1.0,node11transit_node14exit,M,timber,node11node14,4.0
M_node11node14_timber_t5,1.0,node11transit_node14exit,M,timber,node11node14,5.0
M_node11node14_wide_t0,0.0,node11transit_node14exit,M,wide,node11node14,0.0
M_node11node14_wide_t1,0.0,node11transit_node14exit,M,wide,node11node14,1.0
M_node11node14_wide_t2,0.0,node11transit_node14exit,M,wide,node11node14,2.0
M_node11node14_wide_t3,0.0,node11transit_node14exit,M,wide,node11node14,3.0
M_node11node14_wide_t4,0.0,node11transit_node14exit,M,wide,node11node14,4.0
M_node11node14_wide_t5,0.0,node11transit_node14exit,M,wide,node11node14,5.0
M_node11node16_timber_t0,0.0,node11transit_node16exit,M,timber,node11node16,0.0
M_node11node16_timber_t1,0.0,node11transit_node16exit,M,timber,node11node16,1.0
M_node11node16_timber_t2,0.0,node11transit_node16exit,M,timber,node11node16,2.0
M_node11node16_timber_t3,0.0,node11transit_node16exit,M,timber,node11node16,3.0
M_node11node16_timber_t4,0.0,node11transit_node16exit,M,timber,node11node16,4.0
M_node11node16_timber_t5,0.0,node11transit_node16exit,M,timber,node11node16,5.0
M_node11node16_wide_t0,0.0,node11transit_node16exit,M,wide,node11node16,0.0
M_node11node16_wide_t1,0.0,node11transit_node16exit,M,wide,node11node16,1.0
M_node11node16_wide_t2,0.0,node11transit_node16exit,M,wide,node11node16,2.0
M_node11node16_wide_t3,0.0,node11transit_node16exit,M,wide,node11node16,3.0
M_node11node16_wide_t4,0.0,node11transit_node16exit,M,wide,node11node16,4.0
M_node11node16_wide_t5,0.0,node11transit_node16exit,M,wide,node11node16,5.0
M_node12node16_timber_t0,0.0,node12exit_node16exit,M,timber,node12node16,0.0
M_node12node16_timber_t1,0.0,node12exit_node16exit,M,timber,node12node16,1.0
M_node12node16_timber_t2,0.0,node12exit_node16exit,M,timber,node12node16,2.0
M_node12node16_timber_t3,0.0,node12exit_node16exit,M,timber,node12node16,3.0
M_node12node16_timber_t4,0.0,node12exit_node16exit,M,timber,node12node16,4.0
M_node12node16_timber_t5,0.0,node12exit_node16exit,M,timber,node12node16,5.0
M_node12node16_wide_t0,0.0,node12exit_node16exit,M,wide,node12node16,0.0
M_node12node16_wide_t1,0.0,node12exit_node16exit,M,wide,node12node16,1.0
M_node12node16_wide_t2,0.0,node12exit_node16exit,M,wide,node12node16,2.0
M_node12node16_wide_t3,0.0,node12exit_node16exit,M,wide,node12node16,3.0
M_node12node16_wide_t4,0.0,node12exit_node16exit,M,wide,node12node16,4.0
M_node12node16_wide_t5,0.0,node12exit_node16exit,M,wide,node12node16,5.0
M_node13node14_timber_t0,0.0,node13exit_node14exit,M,timber,node13node14,0.0
M_node13node14_timber_t1,0.0,node13exit_node14exit,M,timber,node13node14,1.0
M_node13node14_timber_t2,0.0,node13exit_node14exit,M,timber,node13node14,2.0
M_node13node14_timber_t3,0.0,node13exit_node14exit,M,timber,node13node14,3.0
M_node13node14_timber_t4,0.0,node13exit_node14exit,M,timber,node13node14,4.0
M_node13node14_timber_t5,0.0,node13exit_node14exit,M,timber,node13node14,5.0
M_node13node14_wide_t0,0.0,node13exit_node14exit,M,wide,node13node14,0.0
M_node13node14_wide_t1,0.0,node13exit_node14exit,M,wide,node13node14,1.0
M_node13node14_wide_t2,0.0,node13exit_node14exit,M,wide,node13node14,2.0
M_node13node14_wide_t3,0.0,node13exit_node14exit,M,wide,node13node14,3.0
M_node13node14_wide_t4,0.0,node13exit_node14exit,M,wide,node13node14,4.0
M_node13node14_wide_t5,0.0,node13exit_node14exit,M,wide,node13node14,5.0
U_node1node9_t0,0.0,node1transit_node9transit,U,,node1node9,0.0
U_node1node9_t1,0.0,node1transit_node9transit,U,,node1node9,1.0
U_node1node9_t2,0.0,node1transit_node9transit,U,,node1node9,2.0
U_node1node9_t3,0.0,node1transit_node9transit,U,,node1node9,3.0
U_node1node9_t4,0.0,node1transit_node9transit,U,,node1node9,4.0
U_node1node9_t5,0.0,node1transit_node9transit,U,,node1node9,5.0
U_node1node17_t0,0.0,node1transit_node17exit,U,,node1node17,0.0
U_node1node17_t1,0.0,node1transit_node17exit,U,,node1node17,1.0
U_node1node17_t2,0.0,node1transit_node17exit,U,,node1node17,2.0
U_node1node17_t3,0.0,node1transit_node17exit,U,,node1node17,3.0
U_node1node17_t4,0.0,node1transit_node17exit,U,,node1node17,4.0
U_node1node17_t5,0.0,node1transit_node17exit,U,,node1node17,5.0
U_node1node5_t0,0.0,node1transit_node5transit,U,,node1node5,0.0
U_node1node5_t1,0.0,node1transit_node5transit,U,,node1node5,1.0
U_node1node5_t2,0.0,node1transit_node5transit,U,,node1node5,2.0
U_node1node5_t3,0.0,node1transit_node5transit,U,,node1node5,3.0
U_node1node5_t4,0.0,node1transit_node5transit,U,,node1node5,4.0
U_node1node5_t5,0.0,node1transit_node5transit,U,,node1node5,5.0
U_node1node19_t0,0.0,node1transit_node19source,U,,node1node19,0.0
U_node1node19_t1,0.0,node1transit_node19source,U,,node1node19,1.0
U_node1node19_t2,0.0,node1transit_node19source,U,,node1node19,2.0
U_node1node19_t3,0.0,node1transit_node19source,U,,node1node19,3.0
U_node1node19_t4,0.0,node1transit_node19source,U,,node1node19,4.0
U_node1node19_t5,1.0,node1transit_node19source,U,,node1node19,5.0
U_node2node3_t0,0.0,node2transit_node3exit,U,,node2node3,0.0
U_node2node3_t1,0.0,node2transit_node3exit,U,,node2node3,1.0
U_node2node3_t2,0.0,node2transit_node3exit,U,,node2node3,2.0
U_node2node3_t3,0.0,node2transit_node3exit,U,,node2node3,3.0
U_node2node3_t4,0.0,node2transit_node3exit,U,,node2node3,4.0
U_node2node3_t5,0.0,node2transit_node3exit,U,,node2node3,5.0
U_node2node9_t0,0.0,node2transit_node9transit,U,,node2node9,0.0
U_node2node9_t1,0.0,node2transit_node9transit,U,,node2node9,1.0
U_node2node9_t2,0.0,node2transit_node9transit,U,,node2node9,2.0
U_node2node9_t3,0.0,node2transit_node9transit,U,,node2node9,3.0
U_node2node9_t4,0.0,node2transit_node9transit,U,,node2node9,4.0
U_node2node9_t5,0.0,node2transit_node9transit,U,,node2node9,5.0
U_node2node6_t0,0.0,node2transit_node6transit,U,,node2node6,0.0
U_node2node6_t1,0.0,node2transit_node6transit,U,,node2node6,1.0
U_node2node6_t2,0.0,node2transit_node6transit,U,,node2node6,2.0
U_node2node6_t3,0.0,node2transit_node6transit,U,,node2node6,3.0
U_node2node6_t4,0.0,node2transit_node6transit,U,,node2node6,4.0
U_node2node6_t5,0.0,node2transit_node6transit,U,,node2node6,5.0
U_node3node5_t0,0.0,node3exit_node5transit,U,,node3node5,0.0
U_node3node5_t1,0.0,node3exit_node5transit,U,,node3node5,1.0
U_node3node5_t2,0.0,node3exit_node5transit,U,,node3node5,2.0
U_node3node5_t3,0.0,node3exit_node5transit,U,,node3node5,3.0
U_node3node5_t4,0.0,node3exit_node5transit,U,,node3node5,4.0
U_node3node5_t5,0.0,node3exit_node5transit,U,,node3node5,5.0
U_node4node11_t0,0.0,node4transit_node11transit,U,,node4node11,0.0
U_node4node11_t1,0.0,node4transit_node11transit,U,,node4node11,1.0
U_node4node11_t2,0.0,node4transit_node11transit,U,,node4node11,2.0
U_node4node11_t3,0.0,node4transit_node11transit,U,,node4node11,3.0
U_node4node11_t4,0.0,node4transit_node11transit,U,,node4node11,4.0
U_node4node11_t5,0.0,node4transit_node11transit,U,,node4node11,5.0
U_node4node10_t0,0.0,node4transit_node10transit,U,,node4node10,0.0
U_node4node10_t1,0.0,node4transit_node10transit,U,,node4node10,1.0
U_node4node10_t2,0.0,node4transit_node10transit,U,,node4node10,2.0
U_node4node10_t3,0.0,node4transit_node10transit,U,,node4node10,3.0
U_node4node10_t4,0.0,node4transit_node10transit,U,,node4node10,4.0
U_node4node10_t5,0.0,node4transit_node10transit,U,,node4node10,5.0
U_node4node8_t0,0.0,node4transit_node8transit,U,,node4node8,0.0
U_node4node8_t1,0.0,node4transit_node8transit,U,,node4node8,1.0
U_node4node8_t2,0.0,node4transit_node8transit,U,,node4node8,2.0
U_node4node8_t3,0.0,node4transit_node8transit,U,,node4node8,3.0
U_node4node8_t4,0.0,node4transit_node8transit,U,,node4node8,4.0
U_node4node8_t5,0.0,node4transit_node8transit,U,,node4node8,5.0
U_node4node18_t0,0.0,node4transit_node18source,U,,node4node18,0.0
U_node4node18_t1,0.0,node4transit_node18source,U,,node4node18,1.0
U_node4node18_t2,0.0,node4transit_node18source,U,,node4node18,2.0
U_node4node18_t3,-0.0,node4transit_node18source,U,,node4node18,3.0
U_node4node18_t4,-0.0,node4transit_node18source,U,,node4node18,4.0
U_node4node18_t5,1.0,node4transit_node18source,U,,node4node18,5.0
U_node5node9_t0,0.0,node5transit_node9transit,U,,node5node9,0.0
U_node5node9_t1,0.0,node5transit_node9transit,U,,node5node9,1.0
U_node5node9_t2,0.0,node5transit_node9transit,U,,node5node9,2.0
U_node5node9_t3,0.0,node5transit_node9transit,U,,node5node9,3.0
U_node5node9_t4,0.0,node5transit_node9transit,U,,node5node9,4.0
U_node5node9_t5,0.0,node5transit_node9transit,U,,node5node9,5.0
U_node5node19_t0,0.0,node5transit_node19source,U,,node5node19,0.0
U_node5node19_t1,0.0,node5transit_node19source,U,,node5node19,1.0
U_node5node19_t2,0.0,node5transit_node19source,U,,node5node19,2.0
U_node5node19_t3,0.0,node5transit_node19source,U,,node5node19,3.0
U_node5node19_t4,0.0,node5transit_node19source,U,,node5node19,4.0
U_node5node19_t5,0.0,node5transit_node19source,U,,node5node19,5.0
U_node6node13_t0,0.0,node6transit_node13exit,U,,node6node13,0.0
U_node6node13_t1,0.0,node6transit_node13exit,U,,node6node13,1.0
U_node6node13_t2,0.0,node6transit_node13exit,U,,node6node13,2.0
U_node6node13_t3,0.0,node6transit_node13exit,U,,node6node13,3.0
U_node6node13_t4,0.0,node6transit_node13exit,U,,node6node13,4.0
U_node6node13_t5,0.0,node6transit_node13exit,U,,node6node13,5.0
U_node6node10_t0,0.0,node6transit_node10transit,U,,node6node10,0.0
U_node6node10_t1,0.0,node6transit_node10transit,U,,node6node10,1.0
U_node6node10_t2,0.0,node6transit_node10transit,U,,node6node10,2.0
U_node6node10_t3,0.0,node6transit_node10transit,U,,node6node10,3.0
U_node6node10_t4,0.0,node6transit_node10transit,U,,node6node10,4.0
U_node6node10_t5,0.0,node6transit_node10transit,U,,node6node10,5.0
U_node7node15_t0,0.0,node7transit_node15exit,U,,node7node15,0.0
U_node7node15_t1,0.0,node7transit_node15exit,U,,node7node15,1.0
U_node7node15_t2,0.0,node7transit_node15exit,U,,node7node15,2.0
U_node7node15_t3,0.0,node7transit_node15exit,U,,node7node15,3.0
U_node7node15_t4,0.0,node7transit_node15exit,U,,node7node15,4.0
U_node7node15_t5,0.0,node7transit_node15exit,U,,node7node15,5.0
U_node7node17_t0,0.0,node7transit_node17exit,U,,node7node17,0.0
U_node7node17_t1,0.0,node7transit_node17exit,U,,node7node17,1.0
U_node7node17_t2,0.0,node7transit_node17exit,U,,node7node17,2.0
U_node7node17_t3,0.0,node7transit_node17exit,U,,node7node17,3.0
U_node7node17_t4,0.0,node7transit_node17exit,U,,node7node17,4.0
U_node7node17_t5,0.0,node7transit_node17exit,U,,node7node17,5.0
U_node7node12_t0,0.0,node7transit_node12exit,U,,node7node12,0.0
U_node7node12_t1,0.0,node7transit_node12exit,U,,node7node12,1.0
U_node7node12_t2,0.0,node7transit_node12exit,U,,node7node12,2.0
U_node7node12_t3,0.0,node7transit_node12exit,U,,node7node12,3.0
U_node7node12_t4,0.0,node7transit_node12exit,U,,node7node12,4.0
U_node7node12_t5,0.0,node7transit_node12exit,U,,node7node12,5.0
U_node8node15_t0,0.0,node8transit_node15exit,U,,node8node15,0.0
U_node8node15_t1,0.0,node8transit_node15exit,U,,node8node15,1.0
U_node8node15_t2,0.0,node8transit_node15exit,U,,node8node15,2.0
U_node8node15_t3,0.0,node8transit_node15exit,U,,node8node15,3.0
U_node8node15_t4,0.0,node8transit_node15exit,U,,node8node15,4.0
U_node8node15_t5,0.0,node8transit_node15exit,U,,node8node15,5.0
U_node8node10_t0,0.0,node8transit_node10transit,U,,node8node10,0.0
U_node8node10_t1,0.0,node8transit_node10transit,U,,node8node10,1.0
U_node8node10_t2,0.0,node8transit_node10transit,U,,node8node10,2.0
U_node8node10_t3,0.0,node8transit_node10transit,U,,node8node10,3.0
U_node8node10_t4,0.0,node8transit_node10transit,U,,node8node10,4.0
U_node8node10_t5,0.0,node8transit_node10transit,U,,node8node10,5.0
U_node8node18_t0,0.0,node8transit_node18source,U,,node8node18,0.0
U_node8node18_t1,0.0,node8transit_node18source,U,,node8node18,1.0
U_node8node18_t2,0.0,node8transit_node18source,U,,node8node18,2.0
U_node8node18_t3,1.0,node8transit_node18source,U,,node8node18,3.0
U_node8node18_t4,-0.0,node8transit_node18source,U,,node8node18,4.0
U_node8node18_t5,-0.0,node8transit_node18source,U,,node8node18,5.0
U_node9node19_t0,0.0,node9transit_node19source,U,,node9node19,0.0
U_node9node19_t1,0.0,node9transit_node19source,U,,node9node19,1.0
U_node9node19_t2,0.0,node9transit_node19source,U,,node9node19,2.0
U_node9node19_t3,0.0,node9transit_node19source,U,,node9node19,3.0
U_node9node19_t4,0.0,node9transit_node19source,U,,node9node19,4.0
U_node9node19_t5,0.0,node9transit_node19source,U,,node9node19,5.0
U_node10node18_t0,0.0,node10transit_node18source,U,,node10node18,0.0
U_node10node18_t1,0.0,node10transit_node18source,U,,node10node18,1.0
U_node10node18_t2,0.0,node10transit_node18source,U,,node10node18,2.0
U_node10node18_t3,-0.0,node10transit_node18source,U,,node10node18,3.0
U_node10node18_t4,-0.0,node10transit_node18source,U,,node10node18,4.0
U_node10node18_t5,0.0,node10transit_node18source,U,,node10node18,5.0
U_node11node14_t0,0.0,node11transit_node14exit,U,,node11node14,0.0
U_node11node14_t1,0.0,node11transit_node14exit,U,,node11node14,1.0
U_node11node14_t2,0.0,node11transit_node14exit,U,,node11node14,2.0
U_node11node14_t3,0.0,node11transit_node14exit,U,,node11node14,3.0
U_node11node14_t4,0.0,node11transit_node14exit,U,,node11node14,4.0
U_node11node14_t5,0.0,node11transit_node14exit,U,,node11node14,5.0
U_node11node16_t0,0.0,node11transit_node16exit,U,,node11node16,0.0
U_node11node16_t1,0.0,node11transit_node16exit,U,,node11node16,1.0
U_node11node16_t2,0.0,node11transit_node16exit,U,,node11node16,2.0
U_node11node16_t3,0.0,node11transit_node16exit,U,,node11node16,3.0
U_node11node16_t4,0.0,node11transit_node16exit,U,,node11node16,4.0
U_node11node16_t5,0.0,node11transit_node16exit,U,,node11node16,5.0
U_node12node16_t0,0.0,node12exit_node16exit,U,,node12node16,0.0
U_node12node16_t1,0.0,node12exit_node16exit,U,,node12node16,1.0
U_node12node16_t2,0.0,node12exit_node16exit,U,,node12node16,2.0
U_node12node16_t3,0.0,node12exit_node16exit,U,,node12node16,3.0
U_node12node16_t4,0.0,node12exit_node16exit,U,,node12node16,4.0
U_node12node16_t5,0.0,node12exit_node16exit,U,,node12node16,5.0
U_node13node14_t0,0.0,node13exit_node14exit,U,,node13node14,0.0
U_node13node14_t1,0.0,node13exit_node14exit,U,,node13node14,1.0
U_node13node14_t2,0.0,node13exit_node14exit,U,,node13node14,2.0
U_node13node14_t3,0.0,node13exit_node14exit,U,,node13node14,3.0
U_node13node14_t4,0.0,node13exit_node14exit,U,,node13node14,4.0
U_node13node14_t5,0.0,node13exit_node14exit,U,,node13node14,5.0
flow_timber_node1node9_t1,0.0,node1transit_node9transit,flow,timber,node1node9,1.0
flow_timber_node1node9_t2,0.0,node1transit_node9transit,flow,timber,node1node9,2.0
flow_timber_node1node9_t3,0.0,node1transit_node9transit,flow,timber,node1node9,3.0
flow_timber_node1node9_t4,0.0,node1transit_node9transit,flow,timber,node1node9,4.0
flow_timber_node1node9_t5,0.0,node1transit_node9transit,flow,timber,node1node9,5.0
flow_wide_node1node9_t1,0.0,node1transit_node9transit,flow,wide,node1node9,1.0
flow_wide_node1node9_t2,0.0,node1transit_node9transit,flow,wide,node1node9,2.0
flow_wide_node1node9_t3,0.0,node1transit_node9transit,flow,wide,node1node9,3.0
flow_wide_node1node9_t4,0.0,node1transit_node9transit,flow,wide,node1node9,4.0
flow_wide_node1node9_t5,0.0,node1transit_node9transit,flow,wide,node1node9,5.0
flow_timber_node1node17_t1,0.0,node1transit_node17exit,flow,timber,node1node17,1.0
flow_timber_node1node17_t2,0.0,node1transit_node17exit,flow,timber,node1node17,2.0
flow_timber_node1node17_t3,0.0,node1transit_node17exit,flow,timber,node1node17,3.0
flow_timber_node1node17_t4,0.0,node1transit_node17exit,flow,timber,node1node17,4.0
flow_timber_node1node17_t5,0.0,node1transit_node17exit,flow,timber,node1node17,5.0
flow_wide_node1node17_t1,0.0,node1transit_node17exit,flow,wide,node1node17,1.0
flow_wide_node1node17_t2,0.0,node1transit_node17exit,flow,wide,node1node17,2.0
flow_wide_node1node17_t3,0.0,node1transit_node17exit,flow,wide,node1node17,3.0
flow_wide_node1node17_t4,0.0,node1transit_node17exit,flow,wide,node1node17,4.0
flow_wide_node1node17_t5,0.0,node1transit_node17exit,flow,wide,node1node17,5.0
flow_timber_node1node5_t1,0.0,node1transit_node5transit,flow,timber,node1node5,1.0
flow_timber_node1node5_t2,0.0,node1transit_node5transit,flow,timber,node1node5,2.0
flow_timber_node1node5_t3,0.0,node1transit_node5transit,flow,timber,node1node5,3.0
flow_timber_node1node5_t4,0.0,node1transit_node5transit,flow,timber,node1node5,4.0
flow_timber_node1node5_t5,0.0,node1transit_node5transit,flow,timber,node1node5,5.0
flow_wide_node1node5_t1,0.0,node1transit_node5transit,flow,wide,node1node5,1.0
flow_wide_node1node5_t2,0.0,node1transit_node5transit,flow,wide,node1node5,2.0
flow_wide_node1node5_t3,0.0,node1transit_node5transit,flow,wide,node1node5,3.0
flow_wide_node1node5_t4,0.0,node1transit_node5transit,flow,wide,node1node5,4.0
flow_wide_node1node5_t5,0.0,node1transit_node5transit,flow,wide,node1node5,5.0
flow_timber_node1node19_t1,0.0,node1transit_node19source,flow,timber,node1node19,1.0
flow_timber_node1node19_t2,0.0,node1transit_node19source,flow,timber,node1node19,2.0
flow_timber_node1node19_t3,0.0,node1transit_node19source,flow,timber,node1node19,3.0
flow_timber_node1node19_t4,0.0,node1transit_node19source,flow,timber,node1node19,4.0
flow_timber_node1node19_t5,0.0,node1transit_node19source,flow,timber,node1node19,5.0
flow_wide_node1node19_t1,0.0,node1transit_node19source,flow,wide,node1node19,1.0
flow_wide_node1node19_t2,0.0,node1transit_node19source,flow,wide,node1node19,2.0
flow_wide_node1node19_t3,0.0,node1transit_node19source,flow,wide,node1node19,3.0
flow_wide_node1node19_t4,0.0,node1transit_node19source,flow,wide,node1node19,4.0
flow_wide_node1node19_t5,0.0,node1transit_node19source,flow,wide,node1node19,5.0
flow_timber_node9node1_t1,0.0,node9transit_node1transit,flow,timber,node9node1,1.0
flow_timber_node9node1_t2,0.0,node9transit_node1transit,flow,timber,node9node1,2.0
flow_timber_node9node1_t3,0.0,node9transit_node1transit,flow,timber,node9node1,3.0
flow_timber_node9node1_t4,0.0,node9transit_node1transit,flow,timber,node9node1,4.0
flow_timber_node9node1_t5,0.0,node9transit_node1transit,flow,timber,node9node1,5.0
flow_wide_node9node1_t1,0.0,node9transit_node1transit,flow,wide,node9node1,1.0
flow_wide_node9node1_t2,0.0,node9transit_node1transit,flow,wide,node9node1,2.0
flow_wide_node9node1_t3,0.0,node9transit_node1transit,flow,wide,node9node1,3.0
flow_wide_node9node1_t4,0.0,node9transit_node1transit,flow,wide,node9node1,4.0
flow_wide_node9node1_t5,0.0,node9transit_node1transit,flow,wide,node9node1,5.0
flow_timber_node9node2_t1,0.0,node9transit_node2transit,flow,timber,node9node2,1.0
flow_timber_node9node2_t2,0.0,node9transit_node2transit,flow,timber,node9node2,2.0
flow_timber_node9node2_t3,0.0,node9transit_node2transit,flow,timber,node9node2,3.0
flow_timber_node9node2_t4,0.0,node9transit_node2transit,flow,timber,node9node2,4.0
flow_timber_node9node2_t5,0.0,node9transit_node2transit,flow,timber,node9node2,5.0
flow_wide_node9node2_t1,0.0,node9transit_node2transit,flow,wide,node9node2,1.0
flow_wide_node9node2_t2,0.0,node9transit_node2transit,flow,wide,node9node2,2.0
flow_wide_node9node2_t3,0.0,node9transit_node2transit,flow,wide,node9node2,3.0
flow_wide_node9node2_t4,0.0,node9transit_node2transit,flow,wide,node9node2,4.0
flow_wide_node9node2_t5,1.0,node9transit_node2transit,flow,wide,node9node2,5.0
flow_timber_node9node5_t1,0.0,node9transit_node5transit,flow,timber,node9node5,1.0
flow_timber_node9node5_t2,0.0,node9transit_node5transit,flow,timber,node9node5,2.0
flow_timber_node9node5_t3,0.0,node9transit_node5transit,flow,timber,node9node5,3.0
flow_timber_node9node5_t4,0.0,node9transit_node5transit,flow,timber,node9node5,4.0
flow_timber_node9node5_t5,0.0,node9transit_node5transit,flow,timber,node9node5,5.0
flow_wide_node9node5_t1,0.0,node9transit_node5transit,flow,wide,node9node5,1.0
flow_wide_node9node5_t2,0.0,node9transit_node5transit,flow,wide,node9node5,2.0
flow_wide_node9node5_t3,0.0,node9transit_node5transit,flow,wide,node9node5,3.0
flow_wide_node9node5_t4,0.0,node9transit_node5transit,flow,wide,node9node5,4.0
flow_wide_node9node5_t5,0.0,node9transit_node5transit,flow,wide,node9node5,5.0
flow_timber_node9node19_t1,0.0,node9transit_node19source,flow,timber,node9node19,1.0
flow_timber_node9node19_t2,0.0,node9transit_node19source,flow,timber,node9node19,2.0
flow_timber_node9node19_t3,0.0,node9transit_node19source,flow,timber,node9node19,3.0
flow_timber_node9node19_t4,0.0,node9transit_node19source,flow,timber,node9node19,4.0
flow_timber_node9node19_t5,0.0,node9transit_node19source,flow,timber,node9node19,5.0
flow_wide_node9node19_t1,0.0,node9transit_node19source,flow,wide,node9node19,1.0
flow_wide_node9node19_t2,0.0,node9transit_node19source,flow,wide,node9node19,2.0
flow_wide_node9node19_t3,0.0,node9transit_node19source,flow,wide,node9node19,3.0
flow_wide_node9node19_t4,0.0,node9transit_node19source,flow,wide,node9node19,4.0
flow_wide_node9node19_t5,0.0,node9transit_node19source,flow,wide,node9node19,5.0
flow_timber_node17node1_t1,0.0,node17exit_node1transit,flow,timber,node17node1,1.0
flow_timber_node17node1_t2,0.0,node17exit_node1transit,flow,timber,node17node1,2.0
flow_timber_node17node1_t3,0.0,node17exit_node1transit,flow,timber,node17node1,3.0
flow_timber_node17node1_t4,0.0,node17exit_node1transit,flow,timber,node17node1,4.0
flow_timber_node17node1_t5,0.0,node17exit_node1transit,flow,timber,node17node1,5.0
flow_wide_node17node1_t1,0.0,node17exit_node1transit,flow,wide,node17node1,1.0
flow_wide_node17node1_t2,0.0,node17exit_node1transit,flow,wide,node17node1,2.0
flow_wide_node17node1_t3,0.0,node17exit_node1transit,flow,wide,node17node1,3.0
flow_wide_node17node1_t4,0.0,node17exit_node1transit,flow,wide,node17node1,4.0
flow_wide_node17node1_t5,0.0,node17exit_node1transit,flow,wide,node17node1,5.0
flow_timber_node17node7_t1,0.0,node17exit_node7transit,flow,timber,node17node7,1.0
flow_timber_node17node7_t2,0.0,node17exit_node7transit,flow,timber,node17node7,2.0
flow_timber_node17node7_t3,0.0,node17exit_node7transit,flow,timber,node17node7,3.0
flow_timber_node17node7_t4,0.0,node17exit_node7transit,flow,timber,node17node7,4.0
flow_timber_node17node7_t5,0.0,node17exit_node7transit,flow,timber,node17node7,5.0
flow_wide_node17node7_t1,0.0,node17exit_node7transit,flow,wide,node17node7,1.0
flow_wide_node17node7_t2,0.0,node17exit_node7transit,flow,wide,node17node7,2.0
flow_wide_node17node7_t3,0.0,node17exit_node7transit,flow,wide,node17node7,3.0
flow_wide_node17node7_t4,0.0,node17exit_node7transit,flow,wide,node17node7,4.0
flow_wide_node17node7_t5,0.0,node17exit_node7transit,flow,wide,node17node7,5.0
flow_timber_node5node1_t1,0.0,node5transit_node1transit,flow,timber,node5node1,1.0
flow_timber_node5node1_t2,0.0,node5transit_node1transit,flow,timber,node5node1,2.0
flow_timber_node5node1_t3,0.0,node5transit_node1transit,flow,timber,node5node1,3.0
flow_timber_node5node1_t4,0.0,node5transit_node1transit,flow,timber,node5node1,4.0
flow_timber_node5node1_t5,0.0,node5transit_node1transit,flow,timber,node5node1,5.0
flow_wide_node5node1_t1,0.0,node5transit_node1transit,flow,wide,node5node1,1.0
flow_wide_node5node1_t2,0.0,node5transit_node1transit,flow,wide,node5node1,2.0
flow_wide_node5node1_t3,0.0,node5transit_node1transit,flow,wide,node5node1,3.0
flow_wide_node5node1_t4,0.0,node5transit_node1transit,flow,wide,node5node1,4.0
flow_wide_node5node1_t5,0.0,node5transit_node1transit,flow,wide,node5node1,5.0
flow_timber_node5node3_t1,0.0,node5transit_node3exit,flow,timber,node5node3,1.0
flow_timber_node5node3_t2,0.0,node5transit_node3exit,flow,timber,node5node3,2.0
flow_timber_node5node3_t3,0.0,node5transit_node3exit,flow,timber,node5node3,3.0
flow_timber_node5node3_t4,0.0,node5transit_node3exit,flow,timber,node5node3,4.0
flow_timber_node5node3_t5,0.0,node5transit_node3exit,flow,timber,node5node3,5.0
flow_wide_node5node3_t1,0.0,node5transit_node3exit,flow,wide,node5node3,1.0
flow_wide_node5node3_t2,0.0,node5transit_node3exit,flow,wide,node5node3,2.0
flow_wide_node5node3_t3,0.0,node5transit_node3exit,flow,wide,node5node3,3.0
flow_wide_node5node3_t4,0.0,node5transit_node3exit,flow,wide,node5node3,4.0
flow_wide_node5node3_t5,0.0,node5transit_node3exit,flow,wide,node5node3,5.0
flow_timber_node5node9_t1,0.0,node5transit_node9transit,flow,timber,node5node9,1.0
flow_timber_node5node9_t2,0.0,node5transit_node9transit,flow,timber,node5node9,2.0
flow_timber_node5node9_t3,0.0,node5transit_node9transit,flow,timber,node5node9,3.0
flow_timber_node5node9_t4,0.0,node5transit_node9transit,flow,timber,node5node9,4.0
flow_timber_node5node9_t5,0.0,node5transit_node9transit,flow,timber,node5node9,5.0
flow_wide_node5node9_t1,0.0,node5transit_node9transit,flow,wide,node5node9,1.0
flow_wide_node5node9_t2,0.0,node5transit_node9transit,flow,wide,node5node9,2.0
flow_wide_node5node9_t3,0.0,node5transit_node9transit,flow,wide,node5node9,3.0
flow_wide_node5node9_t4,0.0,node5transit_node9transit,flow,wide,node5node9,4.0
flow_wide_node5node9_t5,0.0,node5transit_node9transit,flow,wide,node5node9,5.0
flow_timber_node5node19_t1,0.0,node5transit_node19source,flow,timber,node5node19,1.0
flow_timber_node5node19_t2,0.0,node5transit_node19source,flow,timber,node5node19,2.0
flow_timber_node5node19_t3,0.0,node5transit_node19source,flow,timber,node5node19,3.0
flow_timber_node5node19_t4,0.0,node5transit_node19source,flow,timber,node5node19,4.0
flow_timber_node5node19_t5,0.0,node5transit_node19source,flow,timber,node5node19,5.0
flow_wide_node5node19_t1,0.0,node5transit_node19source,flow,wide,node5node19,1.0
flow_wide_node5node19_t2,0.0,node5transit_node19source,flow,wide,node5node19,2.0
flow_wide_node5node19_t3,0.0,node5transit_node19source,flow,wide,node5node19,3.0
flow_wide_node5node19_t4,0.0,node5transit_node19source,flow,wide,node5node19,4.0
flow_wide_node5node19_t5,0.0,node5transit_node19source,flow,wide,node5node19,5.0
flow_timber_node19node1_t1,0.0,node19source_node1transit,flow,timber,node19node1,1.0
flow_timber_node19node1_t2,0.0,node19source_node1transit,flow,timber,node19node1,2.0
flow_timber_node19node1_t3,0.0,node19source_node1transit,flow,timber,node19node1,3.0
flow_timber_node19node1_t4,0.0,node19source_node1transit,flow,timber,node19node1,4.0
flow_timber_node19node1_t5,0.0,node19source_node1transit,flow,timber,node19node1,5.0
flow_wide_node19node1_t1,0.0,node19source_node1transit,flow,wide,node19node1,1.0
flow_wide_node19node1_t2,0.0,node19source_node1transit,flow,wide,node19node1,2.0
flow_wide_node19node1_t3,0.0,node19source_node1transit,flow,wide,node19node1,3.0
flow_wide_node19node1_t4,0.0,node19source_node1transit,flow,wide,node19node1,4.0
flow_wide_node19node1_t5,0.0,node19source_node1transit,flow,wide,node19node1,5.0
flow_timber_node19node5_t1,0.0,node19source_node5transit,flow,timber,node19node5,1.0
flow_timber_node19node5_t2,0.0,node19source_node5transit,flow,timber,node19node5,2.0
flow_timber_node19node5_t3,0.0,node19source_node5transit,flow,timber,node19node5,3.0
flow_timber_node19node5_t4,0.0,node19source_node5transit,flow,timber,node19node5,4.0
flow_timber_node19node5_t5,0.0,node19source_node5transit,flow,timber,node19node5,5.0
flow_wide_node19node5_t1,0.0,node19source_node5transit,flow,wide,node19node5,1.0
flow_wide_node19node5_t2,0.0,node19source_node5transit,flow,wide,node19node5,2.0
flow_wide_node19node5_t3,0.0,node19source_node5transit,flow,wide,node19node5,3.0
flow_wide_node19node5_t4,0.0,node19source_node5transit,flow,wide,node19node5,4.0
flow_wide_node19node5_t5,0.0,node19source_node5transit,flow,wide,node19node5,5.0
flow_timber_node19node9_t1,0.0,node19source_node9transit,flow,timber,node19node9,1.0
flow_timber_node19node9_t2,0.0,node19source_node9transit,flow,timber,node19node9,2.0
flow_timber_node19node9_t3,0.0,node19source_node9transit,flow,timber,node19node9,3.0
flow_timber_node19node9_t4,0.0,node19source_node9transit,flow,timber,node19node9,4.0
flow_timber_node19node9_t5,0.0,node19source_node9transit,flow,timber,node19node9,5.0
flow_wide_node19node9_t1,0.0,node19source_node9transit,flow,wide,node19node9,1.0
flow_wide_node19node9_t2,0.0,node19source_node9transit,flow,wide,node19node9,2.0
flow_wide_node19node9_t3,0.0,node19source_node9transit,flow,wide,node19node9,3.0
flow_wide_node19node9_t4,0.0,node19source_node9transit,flow,wide,node19node9,4.0
flow_wide_node19node9_t5,1.0,node19source_node9transit,flow,wide,node19node9,5.0
flow_timber_node2node3_t1,0.0,node2transit_node3exit,flow,timber,node2node3,1.0
flow_timber_node2node3_t2,0.0,node2transit_node3exit,flow,timber,node2node3,2.0
flow_timber_node2node3_t3,0.0,node2transit_node3exit,flow,timber,node2node3,3.0
flow_timber_node2node3_t4,0.0,node2transit_node3exit,flow,timber,node2node3,4.0
flow_timber_node2node3_t5,0.0,node2transit_node3exit,flow,timber,node2node3,5.0
flow_wide_node2node3_t1,0.0,node2transit_node3exit,flow,wide,node2node3,1.0
flow_wide_node2node3_t2,0.0,node2transit_node3exit,flow,wide,node2node3,2.0
flow_wide_node2node3_t3,0.0,node2transit_node3exit,flow,wide,node2node3,3.0
flow_wide_node2node3_t4,0.0,node2transit_node3exit,flow,wide,node2node3,4.0
flow_wide_node2node3_t5,1.0,node2transit_node3exit,flow,wide,node2node3,5.0
flow_timber_node2node9_t1,0.0,node2transit_node9transit,flow,timber,node2node9,1.0
flow_timber_node2node9_t2,0.0,node2transit_node9transit,flow,timber,node2node9,2.0
flow_timber_node2node9_t3,0.0,node2transit_node9transit,flow,timber,node2node9,3.0
flow_timber_node2node9_t4,0.0,node2transit_node9transit,flow,timber,node2node9,4.0
flow_timber_node2node9_t5,0.0,node2transit_node9transit,flow,timber,node2node9,5.0
flow_wide_node2node9_t1,0.0,node2transit_node9transit,flow,wide,node2node9,1.0
flow_wide_node2node9_t2,0.0,node2transit_node9transit,flow,wide,node2node9,2.0
flow_wide_node2node9_t3,0.0,node2transit_node9transit,flow,wide,node2node9,3.0
flow_wide_node2node9_t4,0.0,node2transit_node9transit,flow,wide,node2node9,4.0
flow_wide_node2node9_t5,0.0,node2transit_node9transit,flow,wide,node2node9,5.0
flow_timber_node2node6_t1,0.0,node2transit_node6transit,flow,timber,node2node6,1.0
flow_timber_node2node6_t2,0.0,node2transit_node6transit,flow,timber,node2node6,2.0
flow_timber_node2node6_t3,0.0,node2transit_node6transit,flow,timber,node2node6,3.0
flow_timber_node2node6_t4,0.0,node2transit_node6transit,flow,timber,node2node6,4.0
flow_timber_node2node6_t5,0.0,node2transit_node6transit,flow,timber,node2node6,5.0
flow_wide_node2node6_t1,0.0,node2transit_node6transit,flow,wide,node2node6,1.0
flow_wide_node2node6_t2,0.0,node2transit_node6transit,flow,wide,node2node6,2.0
flow_wide_node2node6_t3,0.0,node2transit_node6transit,flow,wide,node2node6,3.0
flow_wide_node2node6_t4,0.0,node2transit_node6transit,flow,wide,node2node6,4.0
flow_wide_node2node6_t5,0.0,node2transit_node6transit,flow,wide,node2node6,5.0
flow_timber_node3node2_t1,0.0,node3exit_node2transit,flow,timber,node3node2,1.0
flow_timber_node3node2_t2,0.0,node3exit_node2transit,flow,timber,node3node2,2.0
flow_timber_node3node2_t3,0.0,node3exit_node2transit,flow,timber,node3node2,3.0
flow_timber_node3node2_t4,0.0,node3exit_node2transit,flow,timber,node3node2,4.0
flow_timber_node3node2_t5,0.0,node3exit_node2transit,flow,timber,node3node2,5.0
flow_wide_node3node2_t1,0.0,node3exit_node2transit,flow,wide,node3node2,1.0
flow_wide_node3node2_t2,0.0,node3exit_node2transit,flow,wide,node3node2,2.0
flow_wide_node3node2_t3,0.0,node3exit_node2transit,flow,wide,node3node2,3.0
flow_wide_node3node2_t4,0.0,node3exit_node2transit,flow,wide,node3node2,4.0
flow_wide_node3node2_t5,0.0,node3exit_node2transit,flow,wide,node3node2,5.0
flow_timber_node3node5_t1,0.0,node3exit_node5transit,flow,timber,node3node5,1.0
flow_timber_node3node5_t2,0.0,node3exit_node5transit,flow,timber,node3node5,2.0
flow_timber_node3node5_t3,0.0,node3exit_node5transit,flow,timber,node3node5,3.0
flow_timber_node3node5_t4,0.0,node3exit_node5transit,flow,timber,node3node5,4.0
flow_timber_node3node5_t5,0.0,node3exit_node5transit,flow,timber,node3node5,5.0
flow_wide_node3node5_t1,0.0,node3exit_node5transit,flow,wide,node3node5,1.0
flow_wide_node3node5_t2,0.0,node3exit_node5transit,flow,wide,node3node5,2.0
flow_wide_node3node5_t3,0.0,node3exit_node5transit,flow,wide,node3node5,3.0
flow_wide_node3node5_t4,0.0,node3exit_node5transit,flow,wide,node3node5,4.0
flow_wide_node3node5_t5,0.0,node3exit_node5transit,flow,wide,node3node5,5.0
flow_timber_node6node2_t1,0.0,node6transit_node2transit,flow,timber,node6node2,1.0
flow_timber_node6node2_t2,0.0,node6transit_node2transit,flow,timber,node6node2,2.0
flow_timber_node6node2_t3,0.0,node6transit_node2transit,flow,timber,node6node2,3.0
flow_timber_node6node2_t4,0.0,node6transit_node2transit,flow,timber,node6node2,4.0
flow_timber_node6node2_t5,0.0,node6transit_node2transit,flow,timber,node6node2,5.0
flow_wide_node6node2_t1,0.0,node6transit_node2transit,flow,wide,node6node2,1.0
flow_wide_node6node2_t2,0.0,node6transit_node2transit,flow,wide,node6node2,2.0
flow_wide_node6node2_t3,0.0,node6transit_node2transit,flow,wide,node6node2,3.0
flow_wide_node6node2_t4,0.0,node6transit_node2transit,flow,wide,node6node2,4.0
flow_wide_node6node2_t5,0.0,node6transit_node2transit,flow,wide,node6node2,5.0
flow_timber_node6node13_t1,0.0,node6transit_node13exit,flow,timber,node6node13,1.0
flow_timber_node6node13_t2,0.0,node6transit_node13exit,flow,timber,node6node13,2.0
flow_timber_node6node13_t3,0.0,node6transit_node13exit,flow,timber,node6node13,3.0
flow_timber_node6node13_t4,0.0,node6transit_node13exit,flow,timber,node6node13,4.0
flow_timber_node6node13_t5,0.0,node6transit_node13exit,flow,timber,node6node13,5.0
flow_wide_node6node13_t1,0.0,node6transit_node13exit,flow,wide,node6node13,1.0
flow_wide_node6node13_t2,0.0,node6transit_node13exit,flow,wide,node6node13,2.0
flow_wide_node6node13_t3,0.0,node6transit_node13exit,flow,wide,node6node13,3.0
flow_wide_node6node13_t4,0.0,node6transit_node13exit,flow,wide,node6node13,4.0
flow_wide_node6node13_t5,0.0,node6transit_node13exit,flow,wide,node6node13,5.0
flow_timber_node6node10_t1,0.0,node6transit_node10transit,flow,timber,node6node10,1.0
flow_timber_node6node10_t2,0.0,node6transit_node10transit,flow,timber,node6node10,2.0
flow_timber_node6node10_t3,0.0,node6transit_node10transit,flow,timber,node6node10,3.0
flow_timber_node6node10_t4,0.0,node6transit_node10transit,flow,timber,node6node10,4.0
flow_timber_node6node10_t5,0.0,node6transit_node10transit,flow,timber,node6node10,5.0
flow_wide_node6node10_t1,0.0,node6transit_node10transit,flow,wide,node6node10,1.0
flow_wide_node6node10_t2,0.0,node6transit_node10transit,flow,wide,node6node10,2.0
flow_wide_node6node10_t3,0.0,node6transit_node10transit,flow,wide,node6node10,3.0
flow_wide_node6node10_t4,0.0,node6transit_node10transit,flow,wide,node6node10,4.0
flow_wide_node6node10_t5,0.0,node6transit_node10transit,flow,wide,node6node10,5.0
flow_timber_node4node11_t1,1.0,node4transit_node11transit,flow,timber,node4node11,1.0
flow_timber_node4node11_t2,1.0,node4transit_node11transit,flow,timber,node4node11,2.0
flow_timber_node4node11_t3,1.0,node4transit_node11transit,flow,timber,node4node11,3.0
flow_timber_node4node11_t4,1.0,node4transit_node11transit,flow,timber,node4node11,4.0
flow_timber_node4node11_t5,1.0,node4transit_node11transit,flow,timber,node4node11,5.0
flow_wide_node4node11_t1,0.0,node4transit_node11transit,flow,wide,node4node11,1.0
flow_wide_node4node11_t2,0.0,node4transit_node11transit,flow,wide,node4node11,2.0
flow_wide_node4node11_t3,0.0,node4transit_node11transit,flow,wide,node4node11,3.0
flow_wide_node4node11_t4,0.0,node4transit_node11transit,flow,wide,node4node11,4.0
flow_wide_node4node11_t5,0.0,node4transit_node11transit,flow,wide,node4node11,5.0
flow_timber_node4node10_t1,0.0,node4transit_node10transit,flow,timber,node4node10,1.0
flow_timber_node4node10_t2,0.0,node4transit_node10transit,flow,timber,node4node10,2.0
flow_timber_node4node10_t3,0.0,node4transit_node10transit,flow,timber,node4node10,3.0
flow_timber_node4node10_t4,0.0,node4transit_node10transit,flow,timber,node4node10,4.0
flow_timber_node4node10_t5,0.0,node4transit_node10transit,flow,timber,node4node10,5.0
flow_wide_node4node10_t1,0.0,node4transit_node10transit,flow,wide,node4node10,1.0
flow_wide_node4node10_t2,0.0,node4transit_node10transit,flow,wide,node4node10,2.0
flow_wide_node4node10_t3,0.0,node4transit_node10transit,flow,wide,node4node10,3.0
flow_wide_node4node10_t4,0.0,node4transit_node10transit,flow,wide,node4node10,4.0
flow_wide_node4node10_t5,0.0,node4transit_node10transit,flow,wide,node4node10,5.0
flow_timber_node4node8_t1,0.0,node4transit_node8transit,flow,timber,node4node8,1.0
flow_timber_node4node8_t2,0.0,node4transit_node8transit,flow,timber,node4node8,2.0
flow_timber_node4node8_t3,0.0,node4transit_node8transit,flow,timber,node4node8,3.0
flow_timber_node4node8_t4,0.0,node4transit_node8transit,flow,timber,node4node8,4.0
flow_timber_node4node8_t5,0.0,node4transit_node8transit,flow,timber,node4node8,5.0
flow_wide_node4node8_t1,0.0,node4transit_node8transit,flow,wide,node4node8,1.0
flow_wide_node4node8_t2,0.0,node4transit_node8transit,flow,wide,node4node8,2.0
flow_wide_node4node8_t3,0.0,node4transit_node8transit,flow,wide,node4node8,3.0
flow_wide_node4node8_t4,0.0,node4transit_node8transit,flow,wide,node4node8,4.0
flow_wide_node4node8_t5,0.0,node4transit_node8transit,flow,wide,node4node8,5.0
flow_timber_node4node18_t1,0.0,node4transit_node18source,flow,timber,node4node18,1.0
flow_timber_node4node18_t2,0.0,node4transit_node18source,flow,timber,node4node18,2.0
flow_timber_node4node18_t3,0.0,node4transit_node18source,flow,timber,node4node18,3.0
flow_timber_node4node18_t4,0.0,node4transit_node18source,flow,timber,node4node18,4.0
flow_timber_node4node18_t5,0.0,node4transit_node18source,flow,timber,node4node18,5.0
flow_wide_node4node18_t1,0.0,node4transit_node18source,flow,wide,node4node18,1.0
flow_wide_node4node18_t2,0.0,node4transit_node18source,flow,wide,node4node18,2.0
flow_wide_node4node18_t3,0.0,node4transit_node18source,flow,wide,node4node18,3.0
flow_wide_node4node18_t4,0.0,node4transit_node18source,flow,wide,node4node18,4.0
flow_wide_node4node18_t5,0.0,node4transit_node18source,flow,wide,node4node18,5.0
flow_timber_node11node4_t1,0.0,node11transit_node4transit,flow,timber,node11node4,1.0
flow_timber_node11node4_t2,0.0,node11transit_node4transit,flow,timber,node11node4,2.0
flow_timber_node11node4_t3,0.0,node11transit_node4transit,flow,timber,node11node4,3.0
flow_timber_node11node4_t4,0.0,node11transit_node4transit,flow,timber,node11node4,4.0
flow_timber_node11node4_t5,0.0,node11transit_node4transit,flow,timber,node11node4,5.0
flow_wide_node11node4_t1,0.0,node11transit_node4transit,flow,wide,node11node4,1.0
flow_wide_node11node4_t2,0.0,node11transit_node4transit,flow,wide,node11node4,2.0
flow_wide_node11node4_t3,0.0,node11transit_node4transit,flow,wide,node11node4,3.0
flow_wide_node11node4_t4,0.0,node11transit_node4transit,flow,wide,node11node4,4.0
flow_wide_node11node4_t5,0.0,node11transit_node4transit,flow,wide,node11node4,5.0
flow_timber_node11node14_t1,1.0,node11transit_node14exit,flow,timber,node11node14,1.0
flow_timber_node11node14_t2,1.0,node11transit_node14exit,flow,timber,node11node14,2.0
flow_timber_node11node14_t3,1.0,node11transit_node14exit,flow,timber,node11node14,3.0
flow_timber_node11node14_t4,1.0,node11transit_node14exit,flow,timber,node11node14,4.0
flow_timber_node11node14_t5,1.0,node11transit_node14exit,flow,timber,node11node14,5.0
flow_wide_node11node14_t1,0.0,node11transit_node14exit,flow,wide,node11node14,1.0
flow_wide_node11node14_t2,0.0,node11transit_node14exit,flow,wide,node11node14,2.0
flow_wide_node11node14_t3,0.0,node11transit_node14exit,flow,wide,node11node14,3.0
flow_wide_node11node14_t4,0.0,node11transit_node14exit,flow,wide,node11node14,4.0
flow_wide_node11node14_t5,0.0,node11transit_node14exit,flow,wide,node11node14,5.0
flow_timber_node11node16_t1,0.0,node11transit_node16exit,flow,timber,node11node16,1.0
flow_timber_node11node16_t2,0.0,node11transit_node16exit,flow,timber,node11node16,2.0
flow_timber_node11node16_t3,0.0,node11transit_node16exit,flow,timber,node11node16,3.0
flow_timber_node11node16_t4,0.0,node11transit_node16exit,flow,timber,node11node16,4.0
flow_timber_node11node16_t5,0.0,node11transit_node16exit,flow,timber,node11node16,5.0
flow_wide_node11node16_t1,0.0,node11transit_node16exit,flow,wide,node11node16,1.0
flow_wide_node11node16_t2,0.0,node11transit_node16exit,flow,wide,node11node16,2.0
flow_wide_node11node16_t3,0.0,node11transit_node16exit,flow,wide,node11node16,3.0
flow_wide_node11node16_t4,0.0,node11transit_node16exit,flow,wide,node11node16,4.0
flow_wide_node11node16_t5,0.0,node11transit_node16exit,flow,wide,node11node16,5.0
flow_timber_node10node4_t1,0.0,node10transit_node4transit,flow,timber,node10node4,1.0
flow_timber_node10node4_t2,0.0,node10transit_node4transit,flow,timber,node10node4,2.0
flow_timber_node10node4_t3,0.0,node10transit_node4transit,flow,timber,node10node4,3.0
flow_timber_node10node4_t4,0.0,node10transit_node4transit,flow,timber,node10node4,4.0
flow_timber_node10node4_t5,0.0,node10transit_node4transit,flow,timber,node10node4,5.0
flow_wide_node10node4_t1,0.0,node10transit_node4transit,flow,wide,node10node4,1.0
flow_wide_node10node4_t2,0.0,node10transit_node4transit,flow,wide,node10node4,2.0
flow_wide_node10node4_t3,0.0,node10transit_node4transit,flow,wide,node10node4,3.0
flow_wide_node10node4_t4,0.0,node10transit_node4transit,flow,wide,node10node4,4.0
flow_wide_node10node4_t5,0.0,node10transit_node4transit,flow,wide,node10node4,5.0
flow_timber_node10node6_t1,0.0,node10transit_node6transit,flow,timber,node10node6,1.0
flow_timber_node10node6_t2,0.0,node10transit_node6transit,flow,timber,node10node6,2.0
flow_timber_node10node6_t3,0.0,node10transit_node6transit,flow,timber,node10node6,3.0
flow_timber_node10node6_t4,0.0,node10transit_node6transit,flow,timber,node10node6,4.0
flow_timber_node10node6_t5,0.0,node10transit_node6transit,flow,timber,node10node6,5.0
flow_wide_node10node6_t1,0.0,node10transit_node6transit,flow,wide,node10node6,1.0
flow_wide_node10node6_t2,0.0,node10transit_node6transit,flow,wide,node10node6,2.0
flow_wide_node10node6_t3,0.0,node10transit_node6transit,flow,wide,node10node6,3.0
flow_wide_node10node6_t4,0.0,node10transit_node6transit,flow,wide,node10node6,4.0
flow_wide_node10node6_t5,0.0,node10transit_node6transit,flow,wide,node10node6,5.0
flow_timber_node10node8_t1,0.0,node10transit_node8transit,flow,timber,node10node8,1.0
flow_timber_node10node8_t2,0.0,node10transit_node8transit,flow,timber,node10node8,2.0
flow_timber_node10node8_t3,0.0,node10transit_node8transit,flow,timber,node10node8,3.0
flow_timber_node10node8_t4,0.0,node10transit_node8transit,flow,timber,node10node8,4.0
flow_timber_node10node8_t5,0.0,node10transit_node8transit,flow,timber,node10node8,5.0
flow_wide_node10node8_t1,0.0,node10transit_node8transit,flow,wide,node10node8,1.0
flow_wide_node10node8_t2,0.0,node10transit_node8transit,flow,wide,node10node8,2.0
flow_wide_node10node8_t3,0.0,node10transit_node8transit,flow,wide,node10node8,3.0
flow_wide_node10node8_t4,0.0,node10transit_node8transit,flow,wide,node10node8,4.0
flow_wide_node10node8_t5,0.0,node10transit_node8transit,flow,wide,node10node8,5.0
flow_timber_node10node18_t1,0.0,node10transit_node18source,flow,timber,node10node18,1.0
flow_timber_node10node18_t2,0.0,node10transit_node18source,flow,timber,node10node18,2.0
flow_timber_node10node18_t3,0.0,node10transit_node18source,flow,timber,node10node18,3.0
flow_timber_node10node18_t4,0.0,node10transit_node18source,flow,timber,node10node18,4.0
flow_timber_node10node18_t5,0.0,node10transit_node18source,flow,timber,node10node18,5.0
flow_wide_node10node18_t1,0.0,node10transit_node18source,flow,wide,node10node18,1.0
flow_wide_node10node18_t2,0.0,node10transit_node18source,flow,wide,node10node18,2.0
flow_wide_node10node18_t3,0.0,node10transit_node18source,flow,wide,node10node18,3.0
flow_wide_node10node18_t4,0.0,node10transit_node18source,flow,wide,node10node18,4.0
flow_wide_node10node18_t5,0.0,node10transit_node18source,flow,wide,node10node18,5.0
flow_timber_node8node4_t1,0.0,node8transit_node4transit,flow,timber,node8node4,1.0
flow_timber_node8node4_t2,0.0,node8transit_node4transit,flow,timber,node8node4,2.0
flow_timber_node8node4_t3,0.0,node8transit_node4transit,flow,timber,node8node4,3.0
flow_timber_node8node4_t4,0.0,node8transit_node4transit,flow,timber,node8node4,4.0
flow_timber_node8node4_t5,0.0,node8transit_node4transit,flow,timber,node8node4,5.0
flow_wide_node8node4_t1,0.0,node8transit_node4transit,flow,wide,node8node4,1.0
flow_wide_node8node4_t2,0.0,node8transit_node4transit,flow,wide,node8node4,2.0
flow_wide_node8node4_t3,0.0,node8transit_node4transit,flow,wide,node8node4,3.0
flow_wide_node8node4_t4,0.0,node8transit_node4transit,flow,wide,node8node4,4.0
flow_wide_node8node4_t5,0.0,node8transit_node4transit,flow,wide,node8node4,5.0
flow_timber_node8node15_t1,0.0,node8transit_node15exit,flow,timber,node8node15,1.0
flow_timber_node8node15_t2,0.0,node8transit_node15exit,flow,timber,node8node15,2.0
flow_timber_node8node15_t3,0.0,node8transit_node15exit,flow,timber,node8node15,3.0
flow_timber_node8node15_t4,0.0,node8transit_node15exit,flow,timber,node8node15,4.0
flow_timber_node8node15_t5,0.0,node8transit_node15exit,flow,timber,node8node15,5.0
flow_wide_node8node15_t1,0.0,node8transit_node15exit,flow,wide,node8node15,1.0
flow_wide_node8node15_t2,0.0,node8transit_node15exit,flow,wide,node8node15,2.0
flow_wide_node8node15_t3,0.0,node8transit_node15exit,flow,wide,node8node15,3.0
flow_wide_node8node15_t4,0.0,node8transit_node15exit,flow,wide,node8node15,4.0
flow_wide_node8node15_t5,0.0,node8transit_node15exit,flow,wide,node8node15,5.0
flow_timber_node8node10_t1,0.0,node8transit_node10transit,flow,timber,node8node10,1.0
flow_timber_node8node10_t2,0.0,node8transit_node10transit,flow,timber,node8node10,2.0
flow_timber_node8node10_t3,0.0,node8transit_node10transit,flow,timber,node8node10,3.0
flow_timber_node8node10_t4,0.0,node8transit_node10transit,flow,timber,node8node10,4.0
flow_timber_node8node10_t5,0.0,node8transit_node10transit,flow,timber,node8node10,5.0
flow_wide_node8node10_t1,0.0,node8transit_node10transit,flow,wide,node8node10,1.0
flow_wide_node8node10_t2,0.0,node8transit_node10transit,flow,wide,node8node10,2.0
flow_wide_node8node10_t3,0.0,node8transit_node10transit,flow,wide,node8node10,3.0
flow_wide_node8node10_t4,0.0,node8transit_node10transit,flow,wide,node8node10,4.0
flow_wide_node8node10_t5,0.0,node8transit_node10transit,flow,wide,node8node10,5.0
flow_timber_node8node18_t1,0.0,node8transit_node18source,flow,timber,node8node18,1.0
flow_timber_node8node18_t2,0.0,node8transit_node18source,flow,timber,node8node18,2.0
flow_timber_node8node18_t3,0.0,node8transit_node18source,flow,timber,node8node18,3.0
flow_timber_node8node18_t4,0.0,node8transit_node18source,flow,timber,node8node18,4.0
flow_timber_node8node18_t5,0.0,node8transit_node18source,flow,timber,node8node18,5.0
flow_wide_node8node18_t1,0.0,node8transit_node18source,flow,wide,node8node18,1.0
flow_wide_node8node18_t2,0.0,node8transit_node18source,flow,wide,node8node18,2.0
flow_wide_node8node18_t3,0.0,node8transit_node18source,flow,wide,node8node18,3.0
flow_wide_node8node18_t4,0.0,node8transit_node18source,flow,wide,node8node18,4.0
flow_wide_node8node18_t5,0.0,node8transit_node18source,flow,wide,node8node18,5.0
flow_timber_node18node4_t1,1.0,node18source_node4transit,flow,timber,node18node4,1.0
flow_timber_node18node4_t2,1.0,node18source_node4transit,flow,timber,node18node4,2.0
flow_timber_node18node4_t3,1.0,node18source_node4transit,flow,timber,node18node4,3.0
flow_timber_node18node4_t4,1.0,node18source_node4transit,flow,timber,node18node4,4.0
flow_timber_node18node4_t5,1.0,node18source_node4transit,flow,timber,node18node4,5.0
flow_wide_node18node4_t1,0.0,node18source_node4transit,flow,wide,node18node4,1.0
flow_wide_node18node4_t2,0.0,node18source_node4transit,flow,wide,node18node4,2.0
flow_wide_node18node4_t3,0.0,node18source_node4transit,flow,wide,node18node4,3.0
flow_wide_node18node4_t4,0.0,node18source_node4transit,flow,wide,node18node4,4.0
flow_wide_node18node4_t5,0.0,node18source_node4transit,flow,wide,node18node4,5.0
flow_timber_node18node8_t1,0.0,node18source_node8transit,flow,timber,node18node8,1.0
flow_timber_node18node8_t2,0.0,node18source_node8transit,flow,timber,node18node8,2.0
flow_timber_node18node8_t3,0.0,node18source_node8transit,flow,timber,node18node8,3.0
flow_timber_node18node8_t4,0.0,node18source_node8transit,flow,timber,node18node8,4.0
flow_timber_node18node8_t5,0.0,node18source_node8transit,flow,timber,node18node8,5.0
flow_wide_node18node8_t1,0.0,node18source_node8transit,flow,wide,node18node8,1.0
flow_wide_node18node8_t2,0.0,node18source_node8transit,flow,wide,node18node8,2.0
flow_wide_node18node8_t3,0.0,node18source_node8transit,flow,wide,node18node8,3.0
flow_wide_node18node8_t4,0.0,node18source_node8transit,flow,wide,node18node8,4.0
flow_wide_node18node8_t5,0.0,node18source_node8transit,flow,wide,node18node8,5.0
flow_timber_node18node10_t1,0.0,node18source_node10transit,flow,timber,node18node10,1.0
flow_timber_node18node10_t2,0.0,node18source_node10transit,flow,timber,node18node10,2.0
flow_timber_node18node10_t3,0.0,node18source_node10transit,flow,timber,node18node10,3.0
flow_timber_node18node10_t4,0.0,node18source_node10transit,flow,timber,node18node10,4.0
flow_timber_node18node10_t5,0.0,node18source_node10transit,flow,timber,node18node10,5.0
flow_wide_node18node10_t1,0.0,node18source_node10transit,flow,wide,node18node10,1.0
flow_wide_node18node10_t2,0.0,node18source_node10transit,flow,wide,node18node10,2.0
flow_wide_node18node10_t3,0.0,node18source_node10transit,flow,wide,node18node10,3.0
flow_wide_node18node10_t4,0.0,node18source_node10transit,flow,wide,node18node10,4.0
flow_wide_node18node10_t5,0.0,node18source_node10transit,flow,wide,node18node10,5.0
flow_timber_node13node6_t1,0.0,node13exit_node6transit,flow,timber,node13node6,1.0
flow_timber_node13node6_t2,0.0,node13exit_node6transit,flow,timber,node13node6,2.0
flow_timber_node13node6_t3,0.0,node13exit_node6transit,flow,timber,node13node6,3.0
flow_timber_node13node6_t4,0.0,node13exit_node6transit,flow,timber,node13node6,4.0
flow_timber_node13node6_t5,0.0,node13exit_node6transit,flow,timber,node13node6,5.0
flow_wide_node13node6_t1,0.0,node13exit_node6transit,flow,wide,node13node6,1.0
flow_wide_node13node6_t2,0.0,node13exit_node6transit,flow,wide,node13node6,2.0
flow_wide_node13node6_t3,0.0,node13exit_node6transit,flow,wide,node13node6,3.0
flow_wide_node13node6_t4,0.0,node13exit_node6transit,flow,wide,node13node6,4.0
flow_wide_node13node6_t5,0.0,node13exit_node6transit,flow,wide,node13node6,5.0
flow_timber_node13node14_t1,0.0,node13exit_node14exit,flow,timber,node13node14,1.0
flow_timber_node13node14_t2,0.0,node13exit_node14exit,flow,timber,node13node14,2.0
flow_timber_node13node14_t3,0.0,node13exit_node14exit,flow,timber,node13node14,3.0
flow_timber_node13node14_t4,0.0,node13exit_node14exit,flow,timber,node13node14,4.0
flow_timber_node13node14_t5,0.0,node13exit_node14exit,flow,timber,node13node14,5.0
flow_wide_node13node14_t1,0.0,node13exit_node14exit,flow,wide,node13node14,1.0
flow_wide_node13node14_t2,0.0,node13exit_node14exit,flow,wide,node13node14,2.0
flow_wide_node13node14_t3,0.0,node13exit_node14exit,flow,wide,node13node14,3.0
flow_wide_node13node14_t4,0.0,node13exit_node14exit,flow,wide,node13node14,4.0
flow_wide_node13node14_t5,0.0,node13exit_node14exit,flow,wide,node13node14,5.0
flow_timber_node7node15_t1,0.0,node7transit_node15exit,flow,timber,node7node15,1.0
flow_timber_node7node15_t2,0.0,node7transit_node15exit,flow,timber,node7node15,2.0
flow_timber_node7node15_t3,0.0,node7transit_node15exit,flow,timber,node7node15,3.0
flow_timber_node7node15_t4,0.0,node7transit_node15exit,flow,timber,node7node15,4.0
flow_timber_node7node15_t5,0.0,node7transit_node15exit,flow,timber,node7node15,5.0
flow_wide_node7node15_t1,0.0,node7transit_node15exit,flow,wide,node7node15,1.0
flow_wide_node7node15_t2,0.0,node7transit_node15exit,flow,wide,node7node15,2.0
flow_wide_node7node15_t3,0.0,node7transit_node15exit,flow,wide,node7node15,3.0
flow_wide_node7node15_t4,0.0,node7transit_node15exit,flow,wide,node7node15,4.0
flow_wide_node7node15_t5,0.0,node7transit_node15exit,flow,wide,node7node15,5.0
flow_timber_node7node17_t1,0.0,node7transit_node17exit,flow,timber,node7node17,1.0
flow_timber_node7node17_t2,0.0,node7transit_node17exit,flow,timber,node7node17,2.0
flow_timber_node7node17_t3,0.0,node7transit_node17exit,flow,timber,node7node17,3.0
flow_timber_node7node17_t4,0.0,node7transit_node17exit,flow,timber,node7node17,4.0
flow_timber_node7node17_t5,0.0,node7transit_node17exit,flow,timber,node7node17,5.0
flow_wide_node7node17_t1,0.0,node7transit_node17exit,flow,wide,node7node17,1.0
flow_wide_node7node17_t2,0.0,node7transit_node17exit,flow,wide,node7node17,2.0
flow_wide_node7node17_t3,0.0,node7transit_node17exit,flow,wide,node7node17,3.0
flow_wide_node7node17_t4,0.0,node7transit_node17exit,flow,wide,node7node17,4.0
flow_wide_node7node17_t5,0.0,node7transit_node17exit,flow,wide,node7node17,5.0
flow_timber_node7node12_t1,0.0,node7transit_node12exit,flow,timber,node7node12,1.0
flow_timber_node7node12_t2,0.0,node7transit_node12exit,flow,timber,node7node12,2.0
flow_timber_node7node12_t3,0.0,node7transit_node12exit,flow,timber,node7node12,3.0
flow_timber_node7node12_t4,0.0,node7transit_node12exit,flow,timber,node7node12,4.0
flow_timber_node7node12_t5,0.0,node7transit_node12exit,flow,timber,node7node12,5.0
flow_wide_node7node12_t1,0.0,node7transit_node12exit,flow,wide,node7node12,1.0
flow_wide_node7node12_t2,0.0,node7transit_node12exit,flow,wide,node7node12,2.0
flow_wide_node7node12_t3,0.0,node7transit_node12exit,flow,wide,node7node12,3.0
flow_wide_node7node12_t4,0.0,node7transit_node12exit,flow,wide,node7node12,4.0
flow_wide_node7node12_t5,0.0,node7transit_node12exit,flow,wide,node7node12,5.0
flow_timber_node15node7_t1,0.0,node15exit_node7transit,flow,timber,node15node7,1.0
flow_timber_node15node7_t2,0.0,node15exit_node7transit,flow,timber,node15node7,2.0
flow_timber_node15node7_t3,0.0,node15exit_node7transit,flow,timber,node15node7,3.0
flow_timber_node15node7_t4,0.0,node15exit_node7transit,flow,timber,node15node7,4.0
flow_timber_node15node7_t5,0.0,node15exit_node7transit,flow,timber,node15node7,5.0
flow_wide_node15node7_t1,0.0,node15exit_node7transit,flow,wide,node15node7,1.0
flow_wide_node15node7_t2,0.0,node15exit_node7transit,flow,wide,node15node7,2.0
flow_wide_node15node7_t3,0.0,node15exit_node7transit,flow,wide,node15node7,3.0
flow_wide_node15node7_t4,0.0,node15exit_node7transit,flow,wide,node15node7,4.0
flow_wide_node15node7_t5,0.0,node15exit_node7transit,flow,wide,node15node7,5.0
flow_timber_node15node8_t1,0.0,node15exit_node8transit,flow,timber,node15node8,1.0
flow_timber_node15node8_t2,0.0,node15exit_node8transit,flow,timber,node15node8,2.0
flow_timber_node15node8_t3,0.0,node15exit_node8transit,flow,timber,node15node8,3.0
flow_timber_node15node8_t4,0.0,node15exit_node8transit,flow,timber,node15node8,4.0
flow_timber_node15node8_t5,0.0,node15exit_node8transit,flow,timber,node15node8,5.0
flow_wide_node15node8_t1,0.0,node15exit_node8transit,flow,wide,node15node8,1.0
flow_wide_node15node8_t2,0.0,node15exit_node8transit,flow,wide,node15node8,2.0
flow_wide_node15node8_t3,0.0,node15exit_node8transit,flow,wide,node15node8,3.0
flow_wide_node15node8_t4,0.0,node15exit_node8transit,flow,wide,node15node8,4.0
flow_wide_node15node8_t5,0.0,node15exit_node8transit,flow,wide,node15node8,5.0
flow_timber_node12node7_t1,0.0,node12exit_node7transit,flow,timber,node12node7,1.0
flow_timber_node12node7_t2,0.0,node12exit_node7transit,flow,timber,node12node7,2.0
flow_timber_node12node7_t3,0.0,node12exit_node7transit,flow,timber,node12node7,3.0
flow_timber_node12node7_t4,0.0,node12exit_node7transit,flow,timber,node12node7,4.0
flow_timber_node12node7_t5,0.0,node12exit_node7transit,flow,timber,node12node7,5.0
flow_wide_node12node7_t1,0.0,node12exit_node7transit,flow,wide,node12node7,1.0
flow_wide_node12node7_t2,0.0,node12exit_node7transit,flow,wide,node12node7,2.0
flow_wide_node12node7_t3,0.0,node12exit_node7transit,flow,wide,node12node7,3.0
flow_wide_node12node7_t4,0.0,node12exit_node7transit,flow,wide,node12node7,4.0
flow_wide_node12node7_t5,0.0,node12exit_node7transit,flow,wide,node12node7,5.0
flow_timber_node12node16_t1,0.0,node12exit_node16exit,flow,timber,node12node16,1.0
flow_timber_node12node16_t2,0.0,node12exit_node16exit,flow,timber,node12node16,2.0
flow_timber_node12node16_t3,0.0,node12exit_node16exit,flow,timber,node12node16,3.0
flow_timber_node12node16_t4,0.0,node12exit_node16exit,flow,timber,node12node16,4.0
flow_timber_node12node16_t5,0.0,node12exit_node16exit,flow,timber,node12node16,5.0
flow_wide_node12node16_t1,0.0,node12exit_node16exit,flow,wide,node12node16,1.0
flow_wide_node12node16_t2,0.0,node12exit_node16exit,flow,wide,node12node16,2.0
flow_wide_node12node16_t3,0.0,node12exit_node16exit,flow,wide,node12node16,3.0
flow_wide_node12node16_t4,0.0,node12exit_node16exit,flow,wide,node12node16,4.0
flow_wide_node12node16_t5,0.0,node12exit_node16exit,flow,wide,node12node16,5.0
flow_timber_node14node11_t1,0.0,node14exit_node11transit,flow,timber,node14node11,1.0
flow_timber_node14node11_t2,0.0,node14exit_node11transit,flow,timber,node14node11,2.0
flow_timber_node14node11_t3,0.0,node14exit_node11transit,flow,timber,node14node11,3.0
flow_timber_node14node11_t4,0.0,node14exit_node11transit,flow,timber,node14node11,4.0
flow_timber_node14node11_t5,0.0,node14exit_node11transit,flow,timber,node14node11,5.0
flow_wide_node14node11_t1,0.0,node14exit_node11transit,flow,wide,node14node11,1.0
flow_wide_node14node11_t2,0.0,node14exit_node11transit,flow,wide,node14node11,2.0
flow_wide_node14node11_t3,0.0,node14exit_node11transit,flow,wide,node14node11,3.0
flow_wide_node14node11_t4,0.0,node14exit_node11transit,flow,wide,node14node11,4.0
flow_wide_node14node11_t5,0.0,node14exit_node11transit,flow,wide,node14node11,5.0
flow_timber_node14node13_t1,0.0,node14exit_node13exit,flow,timber,node14node13,1.0
flow_timber_node14node13_t2,0.0,node14exit_node13exit,flow,timber,node14node13,2.0
flow_timber_node14node13_t3,0.0,node14exit_node13exit,flow,timber,node14node13,3.0
flow_timber_node14node13_t4,0.0,node14exit_node13exit,flow,timber,node14node13,4.0
flow_timber_node14node13_t5,0.0,node14exit_node13exit,flow,timber,node14node13,5.0
flow_wide_node14node13_t1,0.0,node14exit_node13exit,flow,wide,node14node13,1.0
flow_wide_node14node13_t2,0.0,node14exit_node13exit,flow,wide,node14node13,2.0
flow_wide_node14node13_t3,0.0,node14exit_node13exit,flow,wide,node14node13,3.0
flow_wide_node14node13_t4,0.0,node14exit_node13exit,flow,wide,node14node13,4.0
flow_wide_node14node13_t5,0.0,node14exit_node13exit,flow,wide,node14node13,5.0
flow_timber_node16node11_t1,0.0,node16exit_node11transit,flow,timber,node16node11,1.0
flow_timber_node16node11_t2,0.0,node16exit_node11transit,flow,timber,node16node11,2.0
flow_timber_node16node11_t3,0.0,node16exit_node11transit,flow,timber,node16node11,3.0
flow_timber_node16node11_t4,0.0,node16exit_node11transit,flow,timber,node16node11,4.0
flow_timber_node16node11_t5,0.0,node16exit_node11transit,flow,timber,node16node11,5.0
flow_wide_node16node11_t1,0.0,node16exit_node11transit,flow,wide,node16node11,1.0
flow_wide_node16node11_t2,0.0,node16exit_node11transit,flow,wide,node16node11,2.0
flow_wide_node16node11_t3,0.0,node16exit_node11transit,flow,wide,node16node11,3.0
flow_wide_node16node11_t4,0.0,node16exit_node11transit,flow,wide,node16node11,4.0
flow_wide_node16node11_t5,0.0,node16exit_node11transit,flow,wide,node16node11,5.0
flow_timber_node16node12_t1,0.0,node16exit_node12exit,flow,timber,node16node12,1.0
flow_timber_node16node12_t2,0.0,node16exit_node12exit,flow,timber,node16node12,2.0
flow_timber_node16node12_t3,0.0,node16exit_node12exit,flow,timber,node16node12,3.0
flow_timber_node16node12_t4,0.0,node16exit_node12exit,flow,timber,node16node12,4.0
flow_timber_node16node12_t5,0.0,node16exit_node12exit,flow,timber,node16node12,5.0
flow_wide_node16node12_t1,0.0,node16exit_node12exit,flow,wide,node16node12,1.0
flow_wide_node16node12_t2,0.0,node16exit_node12exit,flow,wide,node16node12,2.0
flow_wide_node16node12_t3,0.0,node16exit_node12exit,flow,wide,node16node12,3.0
flow_wide_node16node12_t4,0.0,node16exit_node12exit,flow,wide,node16node12,4.0
flow_wide_node16node12_t5,0.0,node16exit_node12exit,flow,wide,node16node12,5.0
