ID_UG;nodes
976;(-10786.55928, 149879.45501),(-10766.09178, 150093.78201),(-10319.05108, 149890.84211),(-10308.00978, 150027.72871),(-10793.02358, 149833.15541),(-10269.17415, 149957.4208),(-10788.47436, 149851.70646),(-10647.74568, 149848.54741)
1278;(-10786.55928, 149879.45501),(-10766.09178, 150093.78201),(-11028.98928, 150143.19561),(-11021.07831, 150157.48684),(-11001.19171, 150193.41214),(-10881.84282, 149894.82891),(-10863.48728, 150048.96257)
1209;(-10055.79168, 150750.85151),(-10490.83158, 150562.31421),(-10068.12958, 150545.78041),(-10652.40158, 150433.19211),(-10212.42188, 150389.66871),(-10427.97478, 150424.28671),(-10228.14938, 150821.44261),(-10225.27318, 150815.69021),(-10229.52848, 150818.27261),(-10473.89818, 150536.91411),(-10484.79926, 150553.26573),(-10218.71664, 150830.76025),(-10007.94106, 151006.20067),(-10238.9722, 150837.16012),(-10283.879, 150641.97766)
974;(-11125.67678, 150196.59571),(-11196.59328, 150568.22561),(-11129.53308, 150560.60801),(-10896.52638, 150314.09401),(-11466.76968, 150118.51391),(-11227.96093, 150329.57773)
1207;(-11125.67678, 150196.59571),(-10766.09178, 150093.78201),(-10289.87348, 150228.08091),(-10308.00978, 150027.72871),(-11028.98928, 150143.19561),(-10652.40158, 150433.19211),(-10896.52638, 150314.09401),(-10427.97478, 150424.28671),(-10262.31898, 150158.54881),(-10836.19272, 150318.3575),(-11038.4333, 150153.40613),(-10299.96506, 150230.19274),(-10624.90433, 150233.62028)
1276;(-10289.87348, 150228.08091),(-10068.12958, 150545.78041),(-9930.49008, 150259.04581),(-10212.42188, 150389.66871),(-10262.31898, 150158.54881),(-10027.86364, 150363.3928)
1208;(-9930.49008, 150259.04581),(-10319.05108, 149890.84211),(-10308.00978, 150027.72871),(-10000.61717, 149694.17443),(-9771.65944, 149896.3741),(-10030.8537, 149930.39017)
1277;(-9930.49008, 150259.04581),(-10308.00978, 150027.72871),(-10262.31898, 150158.54881),(-10123.71377, 150155.0526)
973;(-11196.59328, 150568.22561),(-11129.53308, 150560.60801),(-11466.76968, 150118.51391),(-11426.60129, 150489.78239)
