variable,value,node_type_info
C_node1node79_timber_t0,0.0,node1transit_node79transit
C_node1node79_timber_t1,1.0,node1transit_node79transit
C_node1node79_timber_t2,0.0,node1transit_node79transit
C_node1node79_timber_t3,0.0,node1transit_node79transit
C_node1node79_timber_t4,1.0,node1transit_node79transit
C_node1node79_timber_t5,0.0,node1transit_node79transit
C_node1node79_wide_t0,0.0,node1transit_node79transit
C_node1node79_wide_t1,0.0,node1transit_node79transit
C_node1node79_wide_t2,0.0,node1transit_node79transit
C_node1node79_wide_t3,0.0,node1transit_node79transit
C_node1node79_wide_t4,0.0,node1transit_node79transit
C_node1node79_wide_t5,0.0,node1transit_node79transit
C_node1node62_timber_t0,0.0,node1transit_node62transit
C_node1node62_timber_t1,1.0,node1transit_node62transit
C_node1node62_timber_t2,0.0,node1transit_node62transit
C_node1node62_timber_t3,0.0,node1transit_node62transit
C_node1node62_timber_t4,0.0,node1transit_node62transit
C_node1node62_timber_t5,0.0,node1transit_node62transit
C_node1node62_wide_t0,0.0,node1transit_node62transit
C_node1node62_wide_t1,0.0,node1transit_node62transit
C_node1node62_wide_t2,0.0,node1transit_node62transit
C_node1node62_wide_t3,0.0,node1transit_node62transit
C_node1node62_wide_t4,0.0,node1transit_node62transit
C_node1node62_wide_t5,0.0,node1transit_node62transit
C_node1node14_timber_t0,0.0,node1transit_node14transit
C_node1node14_timber_t1,0.0,node1transit_node14transit
C_node1node14_timber_t2,0.0,node1transit_node14transit
C_node1node14_timber_t3,0.0,node1transit_node14transit
C_node1node14_timber_t4,0.0,node1transit_node14transit
C_node1node14_timber_t5,0.0,node1transit_node14transit
C_node1node14_wide_t0,0.0,node1transit_node14transit
C_node1node14_wide_t1,0.0,node1transit_node14transit
C_node1node14_wide_t2,0.0,node1transit_node14transit
C_node1node14_wide_t3,0.0,node1transit_node14transit
C_node1node14_wide_t4,0.0,node1transit_node14transit
C_node1node14_wide_t5,0.0,node1transit_node14transit
C_node1node119_timber_t0,0.0,node1transit_node119source
C_node1node119_timber_t1,1.0,node1transit_node119source
C_node1node119_timber_t2,0.0,node1transit_node119source
C_node1node119_timber_t3,0.0,node1transit_node119source
C_node1node119_timber_t4,-0.0,node1transit_node119source
C_node1node119_timber_t5,0.0,node1transit_node119source
C_node1node119_wide_t0,0.0,node1transit_node119source
C_node1node119_wide_t1,0.0,node1transit_node119source
C_node1node119_wide_t2,0.0,node1transit_node119source
C_node1node119_wide_t3,0.0,node1transit_node119source
C_node1node119_wide_t4,0.0,node1transit_node119source
C_node1node119_wide_t5,-0.0,node1transit_node119source
C_node1node144_timber_t0,0.0,node1transit_node144source
C_node1node144_timber_t1,1.0,node1transit_node144source
C_node1node144_timber_t2,0.0,node1transit_node144source
C_node1node144_timber_t3,-0.0,node1transit_node144source
C_node1node144_timber_t4,-0.0,node1transit_node144source
C_node1node144_timber_t5,0.0,node1transit_node144source
C_node1node144_wide_t0,0.0,node1transit_node144source
C_node1node144_wide_t1,0.0,node1transit_node144source
C_node1node144_wide_t2,0.0,node1transit_node144source
C_node1node144_wide_t3,0.0,node1transit_node144source
C_node1node144_wide_t4,-0.0,node1transit_node144source
C_node1node144_wide_t5,-0.0,node1transit_node144source
C_node2node83_timber_t0,0.0,node2transit_node83transit
C_node2node83_timber_t1,0.0,node2transit_node83transit
C_node2node83_timber_t2,0.0,node2transit_node83transit
C_node2node83_timber_t3,0.0,node2transit_node83transit
C_node2node83_timber_t4,0.0,node2transit_node83transit
C_node2node83_timber_t5,0.0,node2transit_node83transit
C_node2node83_wide_t0,0.0,node2transit_node83transit
C_node2node83_wide_t1,0.0,node2transit_node83transit
C_node2node83_wide_t2,0.0,node2transit_node83transit
C_node2node83_wide_t3,0.0,node2transit_node83transit
C_node2node83_wide_t4,0.0,node2transit_node83transit
C_node2node83_wide_t5,0.0,node2transit_node83transit
C_node2node26_timber_t0,0.0,node2transit_node26transit
C_node2node26_timber_t1,0.0,node2transit_node26transit
C_node2node26_timber_t2,0.0,node2transit_node26transit
C_node2node26_timber_t3,0.0,node2transit_node26transit
C_node2node26_timber_t4,0.0,node2transit_node26transit
C_node2node26_timber_t5,0.0,node2transit_node26transit
C_node2node26_wide_t0,0.0,node2transit_node26transit
C_node2node26_wide_t1,0.0,node2transit_node26transit
C_node2node26_wide_t2,0.0,node2transit_node26transit
C_node2node26_wide_t3,0.0,node2transit_node26transit
C_node2node26_wide_t4,0.0,node2transit_node26transit
C_node2node26_wide_t5,0.0,node2transit_node26transit
C_node2node99_timber_t0,0.0,node2transit_node99exit
C_node2node99_timber_t1,0.0,node2transit_node99exit
C_node2node99_timber_t2,0.0,node2transit_node99exit
C_node2node99_timber_t3,0.0,node2transit_node99exit
C_node2node99_timber_t4,0.0,node2transit_node99exit
C_node2node99_timber_t5,0.0,node2transit_node99exit
C_node2node99_wide_t0,0.0,node2transit_node99exit
C_node2node99_wide_t1,0.0,node2transit_node99exit
C_node2node99_wide_t2,0.0,node2transit_node99exit
C_node2node99_wide_t3,0.0,node2transit_node99exit
C_node2node99_wide_t4,0.0,node2transit_node99exit
C_node2node99_wide_t5,0.0,node2transit_node99exit
C_node2node119_timber_t0,0.0,node2transit_node119source
C_node2node119_timber_t1,1.0,node2transit_node119source
C_node2node119_timber_t2,0.0,node2transit_node119source
C_node2node119_timber_t3,0.0,node2transit_node119source
C_node2node119_timber_t4,-0.0,node2transit_node119source
C_node2node119_timber_t5,0.0,node2transit_node119source
C_node2node119_wide_t0,0.0,node2transit_node119source
C_node2node119_wide_t1,0.0,node2transit_node119source
C_node2node119_wide_t2,0.0,node2transit_node119source
C_node2node119_wide_t3,0.0,node2transit_node119source
C_node2node119_wide_t4,0.0,node2transit_node119source
C_node2node119_wide_t5,-0.0,node2transit_node119source
C_node3node87_timber_t0,0.0,node3transit_node87transit
C_node3node87_timber_t1,1.0,node3transit_node87transit
C_node3node87_timber_t2,0.0,node3transit_node87transit
C_node3node87_timber_t3,0.0,node3transit_node87transit
C_node3node87_timber_t4,0.0,node3transit_node87transit
C_node3node87_timber_t5,0.0,node3transit_node87transit
C_node3node87_wide_t0,0.0,node3transit_node87transit
C_node3node87_wide_t1,0.0,node3transit_node87transit
C_node3node87_wide_t2,0.0,node3transit_node87transit
C_node3node87_wide_t3,0.0,node3transit_node87transit
C_node3node87_wide_t4,0.0,node3transit_node87transit
C_node3node87_wide_t5,0.0,node3transit_node87transit
C_node3node71_timber_t0,0.0,node3transit_node71transit
C_node3node71_timber_t1,1.0,node3transit_node71transit
C_node3node71_timber_t2,0.0,node3transit_node71transit
C_node3node71_timber_t3,0.0,node3transit_node71transit
C_node3node71_timber_t4,0.0,node3transit_node71transit
C_node3node71_timber_t5,0.0,node3transit_node71transit
C_node3node71_wide_t0,0.0,node3transit_node71transit
C_node3node71_wide_t1,0.0,node3transit_node71transit
C_node3node71_wide_t2,0.0,node3transit_node71transit
C_node3node71_wide_t3,0.0,node3transit_node71transit
C_node3node71_wide_t4,0.0,node3transit_node71transit
C_node3node71_wide_t5,0.0,node3transit_node71transit
C_node3node13_timber_t0,0.0,node3transit_node13transit
C_node3node13_timber_t1,0.0,node3transit_node13transit
C_node3node13_timber_t2,0.0,node3transit_node13transit
C_node3node13_timber_t3,0.0,node3transit_node13transit
C_node3node13_timber_t4,0.0,node3transit_node13transit
C_node3node13_timber_t5,0.0,node3transit_node13transit
C_node3node13_wide_t0,0.0,node3transit_node13transit
C_node3node13_wide_t1,0.0,node3transit_node13transit
C_node3node13_wide_t2,0.0,node3transit_node13transit
C_node3node13_wide_t3,0.0,node3transit_node13transit
C_node3node13_wide_t4,0.0,node3transit_node13transit
C_node3node13_wide_t5,0.0,node3transit_node13transit
C_node3node119_timber_t0,0.0,node3transit_node119source
C_node3node119_timber_t1,1.0,node3transit_node119source
C_node3node119_timber_t2,0.0,node3transit_node119source
C_node3node119_timber_t3,0.0,node3transit_node119source
C_node3node119_timber_t4,-0.0,node3transit_node119source
C_node3node119_timber_t5,0.0,node3transit_node119source
C_node3node119_wide_t0,0.0,node3transit_node119source
C_node3node119_wide_t1,0.0,node3transit_node119source
C_node3node119_wide_t2,0.0,node3transit_node119source
C_node3node119_wide_t3,0.0,node3transit_node119source
C_node3node119_wide_t4,0.0,node3transit_node119source
C_node3node119_wide_t5,-0.0,node3transit_node119source
C_node3node122_timber_t0,0.0,node3transit_node122source
C_node3node122_timber_t1,1.0,node3transit_node122source
C_node3node122_timber_t2,0.0,node3transit_node122source
C_node3node122_timber_t3,0.0,node3transit_node122source
C_node3node122_timber_t4,-0.0,node3transit_node122source
C_node3node122_timber_t5,-0.0,node3transit_node122source
C_node3node122_wide_t0,0.0,node3transit_node122source
C_node3node122_wide_t1,0.0,node3transit_node122source
C_node3node122_wide_t2,0.0,node3transit_node122source
C_node3node122_wide_t3,0.0,node3transit_node122source
C_node3node122_wide_t4,0.0,node3transit_node122source
C_node3node122_wide_t5,0.0,node3transit_node122source
C_node3node123_timber_t0,0.0,node3transit_node123source
C_node3node123_timber_t1,1.0,node3transit_node123source
C_node3node123_timber_t2,0.0,node3transit_node123source
C_node3node123_timber_t3,0.0,node3transit_node123source
C_node3node123_timber_t4,-0.0,node3transit_node123source
C_node3node123_timber_t5,-0.0,node3transit_node123source
C_node3node123_wide_t0,0.0,node3transit_node123source
C_node3node123_wide_t1,0.0,node3transit_node123source
C_node3node123_wide_t2,0.0,node3transit_node123source
C_node3node123_wide_t3,0.0,node3transit_node123source
C_node3node123_wide_t4,-0.0,node3transit_node123source
C_node3node123_wide_t5,0.0,node3transit_node123source
C_node4node91_timber_t0,0.0,node4transit_node91transit
C_node4node91_timber_t1,0.0,node4transit_node91transit
C_node4node91_timber_t2,0.0,node4transit_node91transit
C_node4node91_timber_t3,0.0,node4transit_node91transit
C_node4node91_timber_t4,0.0,node4transit_node91transit
C_node4node91_timber_t5,0.0,node4transit_node91transit
C_node4node91_wide_t0,0.0,node4transit_node91transit
C_node4node91_wide_t1,0.0,node4transit_node91transit
C_node4node91_wide_t2,0.0,node4transit_node91transit
C_node4node91_wide_t3,0.0,node4transit_node91transit
C_node4node91_wide_t4,0.0,node4transit_node91transit
C_node4node91_wide_t5,0.0,node4transit_node91transit
C_node4node88_timber_t0,0.0,node4transit_node88transit
C_node4node88_timber_t1,0.0,node4transit_node88transit
C_node4node88_timber_t2,0.0,node4transit_node88transit
C_node4node88_timber_t3,0.0,node4transit_node88transit
C_node4node88_timber_t4,0.0,node4transit_node88transit
C_node4node88_timber_t5,0.0,node4transit_node88transit
C_node4node88_wide_t0,0.0,node4transit_node88transit
C_node4node88_wide_t1,0.0,node4transit_node88transit
C_node4node88_wide_t2,0.0,node4transit_node88transit
C_node4node88_wide_t3,0.0,node4transit_node88transit
C_node4node88_wide_t4,0.0,node4transit_node88transit
C_node4node88_wide_t5,0.0,node4transit_node88transit
C_node4node81_timber_t0,0.0,node4transit_node81transit
C_node4node81_timber_t1,0.0,node4transit_node81transit
C_node4node81_timber_t2,0.0,node4transit_node81transit
C_node4node81_timber_t3,0.0,node4transit_node81transit
C_node4node81_timber_t4,0.0,node4transit_node81transit
C_node4node81_timber_t5,0.0,node4transit_node81transit
C_node4node81_wide_t0,0.0,node4transit_node81transit
C_node4node81_wide_t1,0.0,node4transit_node81transit
C_node4node81_wide_t2,0.0,node4transit_node81transit
C_node4node81_wide_t3,0.0,node4transit_node81transit
C_node4node81_wide_t4,0.0,node4transit_node81transit
C_node4node81_wide_t5,0.0,node4transit_node81transit
C_node4node133_timber_t0,0.0,node4transit_node133source
C_node4node133_timber_t1,1.0,node4transit_node133source
C_node4node133_timber_t2,0.0,node4transit_node133source
C_node4node133_timber_t3,0.0,node4transit_node133source
C_node4node133_timber_t4,-0.0,node4transit_node133source
C_node4node133_timber_t5,0.0,node4transit_node133source
C_node4node133_wide_t0,0.0,node4transit_node133source
C_node4node133_wide_t1,0.0,node4transit_node133source
C_node4node133_wide_t2,0.0,node4transit_node133source
C_node4node133_wide_t3,0.0,node4transit_node133source
C_node4node133_wide_t4,0.0,node4transit_node133source
C_node4node133_wide_t5,-0.0,node4transit_node133source
C_node4node137_timber_t0,0.0,node4transit_node137source
C_node4node137_timber_t1,1.0,node4transit_node137source
C_node4node137_timber_t2,0.0,node4transit_node137source
C_node4node137_timber_t3,-0.0,node4transit_node137source
C_node4node137_timber_t4,0.0,node4transit_node137source
C_node4node137_timber_t5,0.0,node4transit_node137source
C_node4node137_wide_t0,0.0,node4transit_node137source
C_node4node137_wide_t1,0.0,node4transit_node137source
C_node4node137_wide_t2,0.0,node4transit_node137source
C_node4node137_wide_t3,0.0,node4transit_node137source
C_node4node137_wide_t4,-0.0,node4transit_node137source
C_node4node137_wide_t5,-0.0,node4transit_node137source
C_node5node20_timber_t0,0.0,node5transit_node20transit
C_node5node20_timber_t1,0.0,node5transit_node20transit
C_node5node20_timber_t2,0.0,node5transit_node20transit
C_node5node20_timber_t3,0.0,node5transit_node20transit
C_node5node20_timber_t4,0.0,node5transit_node20transit
C_node5node20_timber_t5,0.0,node5transit_node20transit
C_node5node20_wide_t0,0.0,node5transit_node20transit
C_node5node20_wide_t1,0.0,node5transit_node20transit
C_node5node20_wide_t2,0.0,node5transit_node20transit
C_node5node20_wide_t3,0.0,node5transit_node20transit
C_node5node20_wide_t4,0.0,node5transit_node20transit
C_node5node20_wide_t5,0.0,node5transit_node20transit
C_node5node35_timber_t0,0.0,node5transit_node35transit
C_node5node35_timber_t1,0.0,node5transit_node35transit
C_node5node35_timber_t2,0.0,node5transit_node35transit
C_node5node35_timber_t3,0.0,node5transit_node35transit
C_node5node35_timber_t4,0.0,node5transit_node35transit
C_node5node35_timber_t5,0.0,node5transit_node35transit
C_node5node35_wide_t0,0.0,node5transit_node35transit
C_node5node35_wide_t1,0.0,node5transit_node35transit
C_node5node35_wide_t2,0.0,node5transit_node35transit
C_node5node35_wide_t3,0.0,node5transit_node35transit
C_node5node35_wide_t4,0.0,node5transit_node35transit
C_node5node35_wide_t5,0.0,node5transit_node35transit
C_node5node39_timber_t0,0.0,node5transit_node39transit
C_node5node39_timber_t1,0.0,node5transit_node39transit
C_node5node39_timber_t2,0.0,node5transit_node39transit
C_node5node39_timber_t3,0.0,node5transit_node39transit
C_node5node39_timber_t4,0.0,node5transit_node39transit
C_node5node39_timber_t5,0.0,node5transit_node39transit
C_node5node39_wide_t0,0.0,node5transit_node39transit
C_node5node39_wide_t1,0.0,node5transit_node39transit
C_node5node39_wide_t2,0.0,node5transit_node39transit
C_node5node39_wide_t3,0.0,node5transit_node39transit
C_node5node39_wide_t4,0.0,node5transit_node39transit
C_node5node39_wide_t5,0.0,node5transit_node39transit
C_node5node145_timber_t0,0.0,node5transit_node145source
C_node5node145_timber_t1,1.0,node5transit_node145source
C_node5node145_timber_t2,0.0,node5transit_node145source
C_node5node145_timber_t3,-0.0,node5transit_node145source
C_node5node145_timber_t4,-0.0,node5transit_node145source
C_node5node145_timber_t5,-0.0,node5transit_node145source
C_node5node145_wide_t0,0.0,node5transit_node145source
C_node5node145_wide_t1,0.0,node5transit_node145source
C_node5node145_wide_t2,0.0,node5transit_node145source
C_node5node145_wide_t3,0.0,node5transit_node145source
C_node5node145_wide_t4,-0.0,node5transit_node145source
C_node5node145_wide_t5,0.0,node5transit_node145source
C_node6node45_timber_t0,0.0,node6transit_node45transit
C_node6node45_timber_t1,0.0,node6transit_node45transit
C_node6node45_timber_t2,0.0,node6transit_node45transit
C_node6node45_timber_t3,0.0,node6transit_node45transit
C_node6node45_timber_t4,0.0,node6transit_node45transit
C_node6node45_timber_t5,0.0,node6transit_node45transit
C_node6node45_wide_t0,0.0,node6transit_node45transit
C_node6node45_wide_t1,0.0,node6transit_node45transit
C_node6node45_wide_t2,0.0,node6transit_node45transit
C_node6node45_wide_t3,0.0,node6transit_node45transit
C_node6node45_wide_t4,0.0,node6transit_node45transit
C_node6node45_wide_t5,0.0,node6transit_node45transit
C_node6node17_timber_t0,0.0,node6transit_node17transit
C_node6node17_timber_t1,0.0,node6transit_node17transit
C_node6node17_timber_t2,0.0,node6transit_node17transit
C_node6node17_timber_t3,0.0,node6transit_node17transit
C_node6node17_timber_t4,0.0,node6transit_node17transit
C_node6node17_timber_t5,0.0,node6transit_node17transit
C_node6node17_wide_t0,0.0,node6transit_node17transit
C_node6node17_wide_t1,0.0,node6transit_node17transit
C_node6node17_wide_t2,0.0,node6transit_node17transit
C_node6node17_wide_t3,0.0,node6transit_node17transit
C_node6node17_wide_t4,0.0,node6transit_node17transit
C_node6node17_wide_t5,0.0,node6transit_node17transit
C_node6node47_timber_t0,0.0,node6transit_node47exit
C_node6node47_timber_t1,0.0,node6transit_node47exit
C_node6node47_timber_t2,0.0,node6transit_node47exit
C_node6node47_timber_t3,0.0,node6transit_node47exit
C_node6node47_timber_t4,0.0,node6transit_node47exit
C_node6node47_timber_t5,0.0,node6transit_node47exit
C_node6node47_wide_t0,0.0,node6transit_node47exit
C_node6node47_wide_t1,0.0,node6transit_node47exit
C_node6node47_wide_t2,0.0,node6transit_node47exit
C_node6node47_wide_t3,0.0,node6transit_node47exit
C_node6node47_wide_t4,0.0,node6transit_node47exit
C_node6node47_wide_t5,0.0,node6transit_node47exit
C_node6node140_timber_t0,0.0,node6transit_node140source
C_node6node140_timber_t1,1.0,node6transit_node140source
C_node6node140_timber_t2,0.0,node6transit_node140source
C_node6node140_timber_t3,-0.0,node6transit_node140source
C_node6node140_timber_t4,-0.0,node6transit_node140source
C_node6node140_timber_t5,0.0,node6transit_node140source
C_node6node140_wide_t0,0.0,node6transit_node140source
C_node6node140_wide_t1,0.0,node6transit_node140source
C_node6node140_wide_t2,0.0,node6transit_node140source
C_node6node140_wide_t3,0.0,node6transit_node140source
C_node6node140_wide_t4,1.0,node6transit_node140source
C_node6node140_wide_t5,-0.0,node6transit_node140source
C_node7node58_timber_t0,0.0,node7transit_node58transit
C_node7node58_timber_t1,1.0,node7transit_node58transit
C_node7node58_timber_t2,0.0,node7transit_node58transit
C_node7node58_timber_t3,0.0,node7transit_node58transit
C_node7node58_timber_t4,0.0,node7transit_node58transit
C_node7node58_timber_t5,0.0,node7transit_node58transit
C_node7node58_wide_t0,0.0,node7transit_node58transit
C_node7node58_wide_t1,0.0,node7transit_node58transit
C_node7node58_wide_t2,0.0,node7transit_node58transit
C_node7node58_wide_t3,0.0,node7transit_node58transit
C_node7node58_wide_t4,0.0,node7transit_node58transit
C_node7node58_wide_t5,0.0,node7transit_node58transit
C_node7node115_timber_t0,0.0,node7transit_node115exit
C_node7node115_timber_t1,1.0,node7transit_node115exit
C_node7node115_timber_t2,0.0,node7transit_node115exit
C_node7node115_timber_t3,0.0,node7transit_node115exit
C_node7node115_timber_t4,-0.0,node7transit_node115exit
C_node7node115_timber_t5,0.0,node7transit_node115exit
C_node7node115_wide_t0,0.0,node7transit_node115exit
C_node7node115_wide_t1,0.0,node7transit_node115exit
C_node7node115_wide_t2,0.0,node7transit_node115exit
C_node7node115_wide_t3,0.0,node7transit_node115exit
C_node7node115_wide_t4,0.0,node7transit_node115exit
C_node7node115_wide_t5,0.0,node7transit_node115exit
C_node7node94_timber_t0,0.0,node7transit_node94transit
C_node7node94_timber_t1,0.0,node7transit_node94transit
C_node7node94_timber_t2,0.0,node7transit_node94transit
C_node7node94_timber_t3,0.0,node7transit_node94transit
C_node7node94_timber_t4,0.0,node7transit_node94transit
C_node7node94_timber_t5,0.0,node7transit_node94transit
C_node7node94_wide_t0,0.0,node7transit_node94transit
C_node7node94_wide_t1,0.0,node7transit_node94transit
C_node7node94_wide_t2,0.0,node7transit_node94transit
C_node7node94_wide_t3,0.0,node7transit_node94transit
C_node7node94_wide_t4,0.0,node7transit_node94transit
C_node7node94_wide_t5,0.0,node7transit_node94transit
C_node8node77_timber_t0,0.0,node8transit_node77transit
C_node8node77_timber_t1,1.0,node8transit_node77transit
C_node8node77_timber_t2,0.0,node8transit_node77transit
C_node8node77_timber_t3,0.0,node8transit_node77transit
C_node8node77_timber_t4,0.0,node8transit_node77transit
C_node8node77_timber_t5,0.0,node8transit_node77transit
C_node8node77_wide_t0,0.0,node8transit_node77transit
C_node8node77_wide_t1,0.0,node8transit_node77transit
C_node8node77_wide_t2,0.0,node8transit_node77transit
C_node8node77_wide_t3,0.0,node8transit_node77transit
C_node8node77_wide_t4,0.0,node8transit_node77transit
C_node8node77_wide_t5,0.0,node8transit_node77transit
C_node8node18_timber_t0,0.0,node8transit_node18transit
C_node8node18_timber_t1,1.0,node8transit_node18transit
C_node8node18_timber_t2,0.0,node8transit_node18transit
C_node8node18_timber_t3,0.0,node8transit_node18transit
C_node8node18_timber_t4,0.0,node8transit_node18transit
C_node8node18_timber_t5,0.0,node8transit_node18transit
C_node8node18_wide_t0,0.0,node8transit_node18transit
C_node8node18_wide_t1,0.0,node8transit_node18transit
C_node8node18_wide_t2,0.0,node8transit_node18transit
C_node8node18_wide_t3,0.0,node8transit_node18transit
C_node8node18_wide_t4,0.0,node8transit_node18transit
C_node8node18_wide_t5,0.0,node8transit_node18transit
C_node8node44_timber_t0,0.0,node8transit_node44transit
C_node8node44_timber_t1,0.0,node8transit_node44transit
C_node8node44_timber_t2,0.0,node8transit_node44transit
C_node8node44_timber_t3,0.0,node8transit_node44transit
C_node8node44_timber_t4,0.0,node8transit_node44transit
C_node8node44_timber_t5,0.0,node8transit_node44transit
C_node8node44_wide_t0,0.0,node8transit_node44transit
C_node8node44_wide_t1,0.0,node8transit_node44transit
C_node8node44_wide_t2,0.0,node8transit_node44transit
C_node8node44_wide_t3,0.0,node8transit_node44transit
C_node8node44_wide_t4,0.0,node8transit_node44transit
C_node8node44_wide_t5,0.0,node8transit_node44transit
C_node8node17_timber_t0,0.0,node8transit_node17transit
C_node8node17_timber_t1,0.0,node8transit_node17transit
C_node8node17_timber_t2,0.0,node8transit_node17transit
C_node8node17_timber_t3,0.0,node8transit_node17transit
C_node8node17_timber_t4,0.0,node8transit_node17transit
C_node8node17_timber_t5,0.0,node8transit_node17transit
C_node8node17_wide_t0,0.0,node8transit_node17transit
C_node8node17_wide_t1,0.0,node8transit_node17transit
C_node8node17_wide_t2,0.0,node8transit_node17transit
C_node8node17_wide_t3,0.0,node8transit_node17transit
C_node8node17_wide_t4,0.0,node8transit_node17transit
C_node8node17_wide_t5,0.0,node8transit_node17transit
C_node8node132_timber_t0,0.0,node8transit_node132source
C_node8node132_timber_t1,1.0,node8transit_node132source
C_node8node132_timber_t2,0.0,node8transit_node132source
C_node8node132_timber_t3,-0.0,node8transit_node132source
C_node8node132_timber_t4,-0.0,node8transit_node132source
C_node8node132_timber_t5,0.0,node8transit_node132source
C_node8node132_wide_t0,0.0,node8transit_node132source
C_node8node132_wide_t1,0.0,node8transit_node132source
C_node8node132_wide_t2,0.0,node8transit_node132source
C_node8node132_wide_t3,-0.0,node8transit_node132source
C_node8node132_wide_t4,1.0,node8transit_node132source
C_node8node132_wide_t5,-0.0,node8transit_node132source
C_node8node139_timber_t0,0.0,node8transit_node139source
C_node8node139_timber_t1,1.0,node8transit_node139source
C_node8node139_timber_t2,0.0,node8transit_node139source
C_node8node139_timber_t3,1.0,node8transit_node139source
C_node8node139_timber_t4,0.0,node8transit_node139source
C_node8node139_timber_t5,0.0,node8transit_node139source
C_node8node139_wide_t0,0.0,node8transit_node139source
C_node8node139_wide_t1,0.0,node8transit_node139source
C_node8node139_wide_t2,0.0,node8transit_node139source
C_node8node139_wide_t3,0.0,node8transit_node139source
C_node8node139_wide_t4,-0.0,node8transit_node139source
C_node8node139_wide_t5,-0.0,node8transit_node139source
C_node8node140_timber_t0,0.0,node8transit_node140source
C_node8node140_timber_t1,1.0,node8transit_node140source
C_node8node140_timber_t2,0.0,node8transit_node140source
C_node8node140_timber_t3,-0.0,node8transit_node140source
C_node8node140_timber_t4,-0.0,node8transit_node140source
C_node8node140_timber_t5,0.0,node8transit_node140source
C_node8node140_wide_t0,0.0,node8transit_node140source
C_node8node140_wide_t1,0.0,node8transit_node140source
C_node8node140_wide_t2,0.0,node8transit_node140source
C_node8node140_wide_t3,-0.0,node8transit_node140source
C_node8node140_wide_t4,1.0,node8transit_node140source
C_node8node140_wide_t5,-0.0,node8transit_node140source
C_node8node141_timber_t0,0.0,node8transit_node141source
C_node8node141_timber_t1,1.0,node8transit_node141source
C_node8node141_timber_t2,0.0,node8transit_node141source
C_node8node141_timber_t3,-0.0,node8transit_node141source
C_node8node141_timber_t4,1.0,node8transit_node141source
C_node8node141_timber_t5,0.0,node8transit_node141source
C_node8node141_wide_t0,0.0,node8transit_node141source
C_node8node141_wide_t1,0.0,node8transit_node141source
C_node8node141_wide_t2,0.0,node8transit_node141source
C_node8node141_wide_t3,-0.0,node8transit_node141source
C_node8node141_wide_t4,-0.0,node8transit_node141source
C_node8node141_wide_t5,-0.0,node8transit_node141source
C_node9node75_timber_t0,0.0,node9exit_node75transit
C_node9node75_timber_t1,0.0,node9exit_node75transit
C_node9node75_timber_t2,0.0,node9exit_node75transit
C_node9node75_timber_t3,0.0,node9exit_node75transit
C_node9node75_timber_t4,0.0,node9exit_node75transit
C_node9node75_timber_t5,0.0,node9exit_node75transit
C_node9node75_wide_t0,0.0,node9exit_node75transit
C_node9node75_wide_t1,0.0,node9exit_node75transit
C_node9node75_wide_t2,0.0,node9exit_node75transit
C_node9node75_wide_t3,0.0,node9exit_node75transit
C_node9node75_wide_t4,0.0,node9exit_node75transit
C_node9node75_wide_t5,0.0,node9exit_node75transit
C_node9node54_timber_t0,0.0,node9exit_node54transit
C_node9node54_timber_t1,1.0,node9exit_node54transit
C_node9node54_timber_t2,0.0,node9exit_node54transit
C_node9node54_timber_t3,0.0,node9exit_node54transit
C_node9node54_timber_t4,0.0,node9exit_node54transit
C_node9node54_timber_t5,0.0,node9exit_node54transit
C_node9node54_wide_t0,0.0,node9exit_node54transit
C_node9node54_wide_t1,0.0,node9exit_node54transit
C_node9node54_wide_t2,0.0,node9exit_node54transit
C_node9node54_wide_t3,0.0,node9exit_node54transit
C_node9node54_wide_t4,0.0,node9exit_node54transit
C_node9node54_wide_t5,0.0,node9exit_node54transit
C_node10node34_timber_t0,0.0,node10transit_node34transit
C_node10node34_timber_t1,0.0,node10transit_node34transit
C_node10node34_timber_t2,0.0,node10transit_node34transit
C_node10node34_timber_t3,0.0,node10transit_node34transit
C_node10node34_timber_t4,0.0,node10transit_node34transit
C_node10node34_timber_t5,0.0,node10transit_node34transit
C_node10node34_wide_t0,0.0,node10transit_node34transit
C_node10node34_wide_t1,0.0,node10transit_node34transit
C_node10node34_wide_t2,0.0,node10transit_node34transit
C_node10node34_wide_t3,0.0,node10transit_node34transit
C_node10node34_wide_t4,0.0,node10transit_node34transit
C_node10node34_wide_t5,0.0,node10transit_node34transit
C_node10node57_timber_t0,0.0,node10transit_node57transit
C_node10node57_timber_t1,0.0,node10transit_node57transit
C_node10node57_timber_t2,0.0,node10transit_node57transit
C_node10node57_timber_t3,0.0,node10transit_node57transit
C_node10node57_timber_t4,0.0,node10transit_node57transit
C_node10node57_timber_t5,0.0,node10transit_node57transit
C_node10node57_wide_t0,0.0,node10transit_node57transit
C_node10node57_wide_t1,0.0,node10transit_node57transit
C_node10node57_wide_t2,0.0,node10transit_node57transit
C_node10node57_wide_t3,0.0,node10transit_node57transit
C_node10node57_wide_t4,0.0,node10transit_node57transit
C_node10node57_wide_t5,0.0,node10transit_node57transit
C_node10node36_timber_t0,0.0,node10transit_node36transit
C_node10node36_timber_t1,0.0,node10transit_node36transit
C_node10node36_timber_t2,0.0,node10transit_node36transit
C_node10node36_timber_t3,0.0,node10transit_node36transit
C_node10node36_timber_t4,0.0,node10transit_node36transit
C_node10node36_timber_t5,0.0,node10transit_node36transit
C_node10node36_wide_t0,0.0,node10transit_node36transit
C_node10node36_wide_t1,0.0,node10transit_node36transit
C_node10node36_wide_t2,0.0,node10transit_node36transit
C_node10node36_wide_t3,0.0,node10transit_node36transit
C_node10node36_wide_t4,0.0,node10transit_node36transit
C_node10node36_wide_t5,0.0,node10transit_node36transit
C_node10node129_timber_t0,0.0,node10transit_node129source
C_node10node129_timber_t1,1.0,node10transit_node129source
C_node10node129_timber_t2,0.0,node10transit_node129source
C_node10node129_timber_t3,0.0,node10transit_node129source
C_node10node129_timber_t4,-0.0,node10transit_node129source
C_node10node129_timber_t5,0.0,node10transit_node129source
C_node10node129_wide_t0,0.0,node10transit_node129source
C_node10node129_wide_t1,0.0,node10transit_node129source
C_node10node129_wide_t2,0.0,node10transit_node129source
C_node10node129_wide_t3,-0.0,node10transit_node129source
C_node10node129_wide_t4,-0.0,node10transit_node129source
C_node10node129_wide_t5,-0.0,node10transit_node129source
C_node10node138_timber_t0,0.0,node10transit_node138source
C_node10node138_timber_t1,1.0,node10transit_node138source
C_node10node138_timber_t2,0.0,node10transit_node138source
C_node10node138_timber_t3,0.0,node10transit_node138source
C_node10node138_timber_t4,-0.0,node10transit_node138source
C_node10node138_timber_t5,-0.0,node10transit_node138source
C_node10node138_wide_t0,0.0,node10transit_node138source
C_node10node138_wide_t1,0.0,node10transit_node138source
C_node10node138_wide_t2,0.0,node10transit_node138source
C_node10node138_wide_t3,0.0,node10transit_node138source
C_node10node138_wide_t4,0.0,node10transit_node138source
C_node10node138_wide_t5,0.0,node10transit_node138source
C_node10node142_timber_t0,0.0,node10transit_node142source
C_node10node142_timber_t1,1.0,node10transit_node142source
C_node10node142_timber_t2,0.0,node10transit_node142source
C_node10node142_timber_t3,-0.0,node10transit_node142source
C_node10node142_timber_t4,-0.0,node10transit_node142source
C_node10node142_timber_t5,-0.0,node10transit_node142source
C_node10node142_wide_t0,0.0,node10transit_node142source
C_node10node142_wide_t1,0.0,node10transit_node142source
C_node10node142_wide_t2,0.0,node10transit_node142source
C_node10node142_wide_t3,0.0,node10transit_node142source
C_node10node142_wide_t4,-0.0,node10transit_node142source
C_node10node142_wide_t5,0.0,node10transit_node142source
C_node11node89_timber_t0,0.0,node11transit_node89transit
C_node11node89_timber_t1,0.0,node11transit_node89transit
C_node11node89_timber_t2,0.0,node11transit_node89transit
C_node11node89_timber_t3,0.0,node11transit_node89transit
C_node11node89_timber_t4,0.0,node11transit_node89transit
C_node11node89_timber_t5,0.0,node11transit_node89transit
C_node11node89_wide_t0,0.0,node11transit_node89transit
C_node11node89_wide_t1,0.0,node11transit_node89transit
C_node11node89_wide_t2,0.0,node11transit_node89transit
C_node11node89_wide_t3,0.0,node11transit_node89transit
C_node11node89_wide_t4,0.0,node11transit_node89transit
C_node11node89_wide_t5,0.0,node11transit_node89transit
C_node11node15_timber_t0,0.0,node11transit_node15transit
C_node11node15_timber_t1,0.0,node11transit_node15transit
C_node11node15_timber_t2,0.0,node11transit_node15transit
C_node11node15_timber_t3,0.0,node11transit_node15transit
C_node11node15_timber_t4,0.0,node11transit_node15transit
C_node11node15_timber_t5,0.0,node11transit_node15transit
C_node11node15_wide_t0,0.0,node11transit_node15transit
C_node11node15_wide_t1,0.0,node11transit_node15transit
C_node11node15_wide_t2,0.0,node11transit_node15transit
C_node11node15_wide_t3,0.0,node11transit_node15transit
C_node11node15_wide_t4,0.0,node11transit_node15transit
C_node11node15_wide_t5,0.0,node11transit_node15transit
C_node11node48_timber_t0,0.0,node11transit_node48exit
C_node11node48_timber_t1,0.0,node11transit_node48exit
C_node11node48_timber_t2,0.0,node11transit_node48exit
C_node11node48_timber_t3,0.0,node11transit_node48exit
C_node11node48_timber_t4,0.0,node11transit_node48exit
C_node11node48_timber_t5,0.0,node11transit_node48exit
C_node11node48_wide_t0,0.0,node11transit_node48exit
C_node11node48_wide_t1,0.0,node11transit_node48exit
C_node11node48_wide_t2,0.0,node11transit_node48exit
C_node11node48_wide_t3,0.0,node11transit_node48exit
C_node11node48_wide_t4,0.0,node11transit_node48exit
C_node11node48_wide_t5,0.0,node11transit_node48exit
C_node11node143_timber_t0,0.0,node11transit_node143source
C_node11node143_timber_t1,1.0,node11transit_node143source
C_node11node143_timber_t2,0.0,node11transit_node143source
C_node11node143_timber_t3,-0.0,node11transit_node143source
C_node11node143_timber_t4,-0.0,node11transit_node143source
C_node11node143_timber_t5,-0.0,node11transit_node143source
C_node11node143_wide_t0,0.0,node11transit_node143source
C_node11node143_wide_t1,0.0,node11transit_node143source
C_node11node143_wide_t2,0.0,node11transit_node143source
C_node11node143_wide_t3,0.0,node11transit_node143source
C_node11node143_wide_t4,-0.0,node11transit_node143source
C_node11node143_wide_t5,0.0,node11transit_node143source
C_node12node64_timber_t0,0.0,node12transit_node64transit
C_node12node64_timber_t1,1.0,node12transit_node64transit
C_node12node64_timber_t2,0.0,node12transit_node64transit
C_node12node64_timber_t3,0.0,node12transit_node64transit
C_node12node64_timber_t4,0.0,node12transit_node64transit
C_node12node64_timber_t5,0.0,node12transit_node64transit
C_node12node64_wide_t0,0.0,node12transit_node64transit
C_node12node64_wide_t1,0.0,node12transit_node64transit
C_node12node64_wide_t2,0.0,node12transit_node64transit
C_node12node64_wide_t3,0.0,node12transit_node64transit
C_node12node64_wide_t4,0.0,node12transit_node64transit
C_node12node64_wide_t5,0.0,node12transit_node64transit
C_node12node36_timber_t0,0.0,node12transit_node36transit
C_node12node36_timber_t1,1.0,node12transit_node36transit
C_node12node36_timber_t2,0.0,node12transit_node36transit
C_node12node36_timber_t3,0.0,node12transit_node36transit
C_node12node36_timber_t4,0.0,node12transit_node36transit
C_node12node36_timber_t5,0.0,node12transit_node36transit
C_node12node36_wide_t0,0.0,node12transit_node36transit
C_node12node36_wide_t1,0.0,node12transit_node36transit
C_node12node36_wide_t2,0.0,node12transit_node36transit
C_node12node36_wide_t3,0.0,node12transit_node36transit
C_node12node36_wide_t4,0.0,node12transit_node36transit
C_node12node36_wide_t5,0.0,node12transit_node36transit
C_node12node44_timber_t0,0.0,node12transit_node44transit
C_node12node44_timber_t1,0.0,node12transit_node44transit
C_node12node44_timber_t2,0.0,node12transit_node44transit
C_node12node44_timber_t3,0.0,node12transit_node44transit
C_node12node44_timber_t4,0.0,node12transit_node44transit
C_node12node44_timber_t5,0.0,node12transit_node44transit
C_node12node44_wide_t0,0.0,node12transit_node44transit
C_node12node44_wide_t1,0.0,node12transit_node44transit
C_node12node44_wide_t2,0.0,node12transit_node44transit
C_node12node44_wide_t3,0.0,node12transit_node44transit
C_node12node44_wide_t4,0.0,node12transit_node44transit
C_node12node44_wide_t5,0.0,node12transit_node44transit
C_node12node138_timber_t0,0.0,node12transit_node138source
C_node12node138_timber_t1,1.0,node12transit_node138source
C_node12node138_timber_t2,0.0,node12transit_node138source
C_node12node138_timber_t3,0.0,node12transit_node138source
C_node12node138_timber_t4,-0.0,node12transit_node138source
C_node12node138_timber_t5,-0.0,node12transit_node138source
C_node12node138_wide_t0,0.0,node12transit_node138source
C_node12node138_wide_t1,0.0,node12transit_node138source
C_node12node138_wide_t2,0.0,node12transit_node138source
C_node12node138_wide_t3,0.0,node12transit_node138source
C_node12node138_wide_t4,0.0,node12transit_node138source
C_node12node138_wide_t5,0.0,node12transit_node138source
C_node12node139_timber_t0,0.0,node12transit_node139source
C_node12node139_timber_t1,1.0,node12transit_node139source
C_node12node139_timber_t2,0.0,node12transit_node139source
C_node12node139_timber_t3,-0.0,node12transit_node139source
C_node12node139_timber_t4,0.0,node12transit_node139source
C_node12node139_timber_t5,-0.0,node12transit_node139source
C_node12node139_wide_t0,0.0,node12transit_node139source
C_node12node139_wide_t1,0.0,node12transit_node139source
C_node12node139_wide_t2,0.0,node12transit_node139source
C_node12node139_wide_t3,-0.0,node12transit_node139source
C_node12node139_wide_t4,-0.0,node12transit_node139source
C_node12node139_wide_t5,0.0,node12transit_node139source
C_node13node71_timber_t0,0.0,node13transit_node71transit
C_node13node71_timber_t1,0.0,node13transit_node71transit
C_node13node71_timber_t2,0.0,node13transit_node71transit
C_node13node71_timber_t3,0.0,node13transit_node71transit
C_node13node71_timber_t4,0.0,node13transit_node71transit
C_node13node71_timber_t5,0.0,node13transit_node71transit
C_node13node71_wide_t0,0.0,node13transit_node71transit
C_node13node71_wide_t1,0.0,node13transit_node71transit
C_node13node71_wide_t2,0.0,node13transit_node71transit
C_node13node71_wide_t3,0.0,node13transit_node71transit
C_node13node71_wide_t4,0.0,node13transit_node71transit
C_node13node71_wide_t5,0.0,node13transit_node71transit
C_node13node22_timber_t0,0.0,node13transit_node22transit
C_node13node22_timber_t1,0.0,node13transit_node22transit
C_node13node22_timber_t2,0.0,node13transit_node22transit
C_node13node22_timber_t3,0.0,node13transit_node22transit
C_node13node22_timber_t4,0.0,node13transit_node22transit
C_node13node22_timber_t5,0.0,node13transit_node22transit
C_node13node22_wide_t0,0.0,node13transit_node22transit
C_node13node22_wide_t1,0.0,node13transit_node22transit
C_node13node22_wide_t2,0.0,node13transit_node22transit
C_node13node22_wide_t3,0.0,node13transit_node22transit
C_node13node22_wide_t4,0.0,node13transit_node22transit
C_node13node22_wide_t5,0.0,node13transit_node22transit
C_node13node122_timber_t0,0.0,node13transit_node122source
C_node13node122_timber_t1,1.0,node13transit_node122source
C_node13node122_timber_t2,0.0,node13transit_node122source
C_node13node122_timber_t3,0.0,node13transit_node122source
C_node13node122_timber_t4,-0.0,node13transit_node122source
C_node13node122_timber_t5,-0.0,node13transit_node122source
C_node13node122_wide_t0,0.0,node13transit_node122source
C_node13node122_wide_t1,0.0,node13transit_node122source
C_node13node122_wide_t2,0.0,node13transit_node122source
C_node13node122_wide_t3,0.0,node13transit_node122source
C_node13node122_wide_t4,0.0,node13transit_node122source
C_node13node122_wide_t5,0.0,node13transit_node122source
C_node13node123_timber_t0,0.0,node13transit_node123source
C_node13node123_timber_t1,1.0,node13transit_node123source
C_node13node123_timber_t2,0.0,node13transit_node123source
C_node13node123_timber_t3,0.0,node13transit_node123source
C_node13node123_timber_t4,-0.0,node13transit_node123source
C_node13node123_timber_t5,0.0,node13transit_node123source
C_node13node123_wide_t0,0.0,node13transit_node123source
C_node13node123_wide_t1,0.0,node13transit_node123source
C_node13node123_wide_t2,0.0,node13transit_node123source
C_node13node123_wide_t3,0.0,node13transit_node123source
C_node13node123_wide_t4,-0.0,node13transit_node123source
C_node13node123_wide_t5,-0.0,node13transit_node123source
C_node14node79_timber_t0,0.0,node14transit_node79transit
C_node14node79_timber_t1,0.0,node14transit_node79transit
C_node14node79_timber_t2,0.0,node14transit_node79transit
C_node14node79_timber_t3,0.0,node14transit_node79transit
C_node14node79_timber_t4,0.0,node14transit_node79transit
C_node14node79_timber_t5,0.0,node14transit_node79transit
C_node14node79_wide_t0,0.0,node14transit_node79transit
C_node14node79_wide_t1,0.0,node14transit_node79transit
C_node14node79_wide_t2,0.0,node14transit_node79transit
C_node14node79_wide_t3,0.0,node14transit_node79transit
C_node14node79_wide_t4,0.0,node14transit_node79transit
C_node14node79_wide_t5,0.0,node14transit_node79transit
C_node14node144_timber_t0,0.0,node14transit_node144source
C_node14node144_timber_t1,1.0,node14transit_node144source
C_node14node144_timber_t2,0.0,node14transit_node144source
C_node14node144_timber_t3,-0.0,node14transit_node144source
C_node14node144_timber_t4,-0.0,node14transit_node144source
C_node14node144_timber_t5,0.0,node14transit_node144source
C_node14node144_wide_t0,0.0,node14transit_node144source
C_node14node144_wide_t1,0.0,node14transit_node144source
C_node14node144_wide_t2,0.0,node14transit_node144source
C_node14node144_wide_t3,-0.0,node14transit_node144source
C_node14node144_wide_t4,-0.0,node14transit_node144source
C_node14node144_wide_t5,-0.0,node14transit_node144source
C_node15node58_timber_t0,0.0,node15transit_node58transit
C_node15node58_timber_t1,0.0,node15transit_node58transit
C_node15node58_timber_t2,0.0,node15transit_node58transit
C_node15node58_timber_t3,0.0,node15transit_node58transit
C_node15node58_timber_t4,0.0,node15transit_node58transit
C_node15node58_timber_t5,0.0,node15transit_node58transit
C_node15node58_wide_t0,0.0,node15transit_node58transit
C_node15node58_wide_t1,0.0,node15transit_node58transit
C_node15node58_wide_t2,0.0,node15transit_node58transit
C_node15node58_wide_t3,0.0,node15transit_node58transit
C_node15node58_wide_t4,0.0,node15transit_node58transit
C_node15node58_wide_t5,0.0,node15transit_node58transit
C_node15node94_timber_t0,0.0,node15transit_node94transit
C_node15node94_timber_t1,0.0,node15transit_node94transit
C_node15node94_timber_t2,0.0,node15transit_node94transit
C_node15node94_timber_t3,0.0,node15transit_node94transit
C_node15node94_timber_t4,0.0,node15transit_node94transit
C_node15node94_timber_t5,0.0,node15transit_node94transit
C_node15node94_wide_t0,0.0,node15transit_node94transit
C_node15node94_wide_t1,0.0,node15transit_node94transit
C_node15node94_wide_t2,0.0,node15transit_node94transit
C_node15node94_wide_t3,0.0,node15transit_node94transit
C_node15node94_wide_t4,0.0,node15transit_node94transit
C_node15node94_wide_t5,0.0,node15transit_node94transit
C_node15node143_timber_t0,0.0,node15transit_node143source
C_node15node143_timber_t1,1.0,node15transit_node143source
C_node15node143_timber_t2,0.0,node15transit_node143source
C_node15node143_timber_t3,-0.0,node15transit_node143source
C_node15node143_timber_t4,-0.0,node15transit_node143source
C_node15node143_timber_t5,-0.0,node15transit_node143source
C_node15node143_wide_t0,0.0,node15transit_node143source
C_node15node143_wide_t1,0.0,node15transit_node143source
C_node15node143_wide_t2,0.0,node15transit_node143source
C_node15node143_wide_t3,0.0,node15transit_node143source
C_node15node143_wide_t4,-0.0,node15transit_node143source
C_node15node143_wide_t5,0.0,node15transit_node143source
C_node16node60_timber_t0,0.0,node16transit_node60transit
C_node16node60_timber_t1,0.0,node16transit_node60transit
C_node16node60_timber_t2,0.0,node16transit_node60transit
C_node16node60_timber_t3,0.0,node16transit_node60transit
C_node16node60_timber_t4,0.0,node16transit_node60transit
C_node16node60_timber_t5,0.0,node16transit_node60transit
C_node16node60_wide_t0,0.0,node16transit_node60transit
C_node16node60_wide_t1,0.0,node16transit_node60transit
C_node16node60_wide_t2,0.0,node16transit_node60transit
C_node16node60_wide_t3,0.0,node16transit_node60transit
C_node16node60_wide_t4,0.0,node16transit_node60transit
C_node16node60_wide_t5,0.0,node16transit_node60transit
C_node16node86_timber_t0,0.0,node16transit_node86transit
C_node16node86_timber_t1,0.0,node16transit_node86transit
C_node16node86_timber_t2,0.0,node16transit_node86transit
C_node16node86_timber_t3,0.0,node16transit_node86transit
C_node16node86_timber_t4,0.0,node16transit_node86transit
C_node16node86_timber_t5,0.0,node16transit_node86transit
C_node16node86_wide_t0,0.0,node16transit_node86transit
C_node16node86_wide_t1,0.0,node16transit_node86transit
C_node16node86_wide_t2,0.0,node16transit_node86transit
C_node16node86_wide_t3,0.0,node16transit_node86transit
C_node16node86_wide_t4,0.0,node16transit_node86transit
C_node16node86_wide_t5,0.0,node16transit_node86transit
C_node16node31_timber_t0,0.0,node16transit_node31transit
C_node16node31_timber_t1,0.0,node16transit_node31transit
C_node16node31_timber_t2,0.0,node16transit_node31transit
C_node16node31_timber_t3,0.0,node16transit_node31transit
C_node16node31_timber_t4,0.0,node16transit_node31transit
C_node16node31_timber_t5,0.0,node16transit_node31transit
C_node16node31_wide_t0,0.0,node16transit_node31transit
C_node16node31_wide_t1,0.0,node16transit_node31transit
C_node16node31_wide_t2,0.0,node16transit_node31transit
C_node16node31_wide_t3,0.0,node16transit_node31transit
C_node16node31_wide_t4,0.0,node16transit_node31transit
C_node16node31_wide_t5,0.0,node16transit_node31transit
C_node16node118_timber_t0,0.0,node16transit_node118source
C_node16node118_timber_t1,1.0,node16transit_node118source
C_node16node118_timber_t2,0.0,node16transit_node118source
C_node16node118_timber_t3,0.0,node16transit_node118source
C_node16node118_timber_t4,-0.0,node16transit_node118source
C_node16node118_timber_t5,0.0,node16transit_node118source
C_node16node118_wide_t0,0.0,node16transit_node118source
C_node16node118_wide_t1,0.0,node16transit_node118source
C_node16node118_wide_t2,0.0,node16transit_node118source
C_node16node118_wide_t3,0.0,node16transit_node118source
C_node16node118_wide_t4,0.0,node16transit_node118source
C_node16node118_wide_t5,-0.0,node16transit_node118source
C_node17node73_timber_t0,0.0,node17transit_node73transit
C_node17node73_timber_t1,0.0,node17transit_node73transit
C_node17node73_timber_t2,0.0,node17transit_node73transit
C_node17node73_timber_t3,0.0,node17transit_node73transit
C_node17node73_timber_t4,1.0,node17transit_node73transit
C_node17node73_timber_t5,0.0,node17transit_node73transit
C_node17node73_wide_t0,0.0,node17transit_node73transit
C_node17node73_wide_t1,0.0,node17transit_node73transit
C_node17node73_wide_t2,0.0,node17transit_node73transit
C_node17node73_wide_t3,0.0,node17transit_node73transit
C_node17node73_wide_t4,0.0,node17transit_node73transit
C_node17node73_wide_t5,0.0,node17transit_node73transit
C_node17node140_timber_t0,0.0,node17transit_node140source
C_node17node140_timber_t1,1.0,node17transit_node140source
C_node17node140_timber_t2,0.0,node17transit_node140source
C_node17node140_timber_t3,-0.0,node17transit_node140source
C_node17node140_timber_t4,0.0,node17transit_node140source
C_node17node140_timber_t5,0.0,node17transit_node140source
C_node17node140_wide_t0,0.0,node17transit_node140source
C_node17node140_wide_t1,0.0,node17transit_node140source
C_node17node140_wide_t2,0.0,node17transit_node140source
C_node17node140_wide_t3,0.0,node17transit_node140source
C_node17node140_wide_t4,1.0,node17transit_node140source
C_node17node140_wide_t5,-0.0,node17transit_node140source
C_node17node141_timber_t0,0.0,node17transit_node141source
C_node17node141_timber_t1,1.0,node17transit_node141source
C_node17node141_timber_t2,0.0,node17transit_node141source
C_node17node141_timber_t3,-0.0,node17transit_node141source
C_node17node141_timber_t4,1.0,node17transit_node141source
C_node17node141_timber_t5,-0.0,node17transit_node141source
C_node17node141_wide_t0,0.0,node17transit_node141source
C_node17node141_wide_t1,0.0,node17transit_node141source
C_node17node141_wide_t2,0.0,node17transit_node141source
C_node17node141_wide_t3,-0.0,node17transit_node141source
C_node17node141_wide_t4,-0.0,node17transit_node141source
C_node17node141_wide_t5,0.0,node17transit_node141source
C_node18node19_timber_t0,0.0,node18transit_node19transit
C_node18node19_timber_t1,0.0,node18transit_node19transit
C_node18node19_timber_t2,0.0,node18transit_node19transit
C_node18node19_timber_t3,0.0,node18transit_node19transit
C_node18node19_timber_t4,0.0,node18transit_node19transit
C_node18node19_timber_t5,0.0,node18transit_node19transit
C_node18node19_wide_t0,0.0,node18transit_node19transit
C_node18node19_wide_t1,0.0,node18transit_node19transit
C_node18node19_wide_t2,0.0,node18transit_node19transit
C_node18node19_wide_t3,0.0,node18transit_node19transit
C_node18node19_wide_t4,0.0,node18transit_node19transit
C_node18node19_wide_t5,0.0,node18transit_node19transit
C_node18node38_timber_t0,0.0,node18transit_node38transit
C_node18node38_timber_t1,1.0,node18transit_node38transit
C_node18node38_timber_t2,0.0,node18transit_node38transit
C_node18node38_timber_t3,0.0,node18transit_node38transit
C_node18node38_timber_t4,0.0,node18transit_node38transit
C_node18node38_timber_t5,0.0,node18transit_node38transit
C_node18node38_wide_t0,0.0,node18transit_node38transit
C_node18node38_wide_t1,0.0,node18transit_node38transit
C_node18node38_wide_t2,0.0,node18transit_node38transit
C_node18node38_wide_t3,0.0,node18transit_node38transit
C_node18node38_wide_t4,0.0,node18transit_node38transit
C_node18node38_wide_t5,0.0,node18transit_node38transit
C_node18node131_timber_t0,0.0,node18transit_node131source
C_node18node131_timber_t1,1.0,node18transit_node131source
C_node18node131_timber_t2,0.0,node18transit_node131source
C_node18node131_timber_t3,0.0,node18transit_node131source
C_node18node131_timber_t4,-0.0,node18transit_node131source
C_node18node131_timber_t5,0.0,node18transit_node131source
C_node18node131_wide_t0,0.0,node18transit_node131source
C_node18node131_wide_t1,0.0,node18transit_node131source
C_node18node131_wide_t2,0.0,node18transit_node131source
C_node18node131_wide_t3,0.0,node18transit_node131source
C_node18node131_wide_t4,0.0,node18transit_node131source
C_node18node131_wide_t5,-0.0,node18transit_node131source
C_node18node132_timber_t0,0.0,node18transit_node132source
C_node18node132_timber_t1,1.0,node18transit_node132source
C_node18node132_timber_t2,0.0,node18transit_node132source
C_node18node132_timber_t3,-0.0,node18transit_node132source
C_node18node132_timber_t4,1.0,node18transit_node132source
C_node18node132_timber_t5,-0.0,node18transit_node132source
C_node18node132_wide_t0,0.0,node18transit_node132source
C_node18node132_wide_t1,0.0,node18transit_node132source
C_node18node132_wide_t2,0.0,node18transit_node132source
C_node18node132_wide_t3,-0.0,node18transit_node132source
C_node18node132_wide_t4,-0.0,node18transit_node132source
C_node18node132_wide_t5,0.0,node18transit_node132source
C_node18node139_timber_t0,0.0,node18transit_node139source
C_node18node139_timber_t1,1.0,node18transit_node139source
C_node18node139_timber_t2,0.0,node18transit_node139source
C_node18node139_timber_t3,-0.0,node18transit_node139source
C_node18node139_timber_t4,0.0,node18transit_node139source
C_node18node139_timber_t5,0.0,node18transit_node139source
C_node18node139_wide_t0,0.0,node18transit_node139source
C_node18node139_wide_t1,0.0,node18transit_node139source
C_node18node139_wide_t2,0.0,node18transit_node139source
C_node18node139_wide_t3,0.0,node18transit_node139source
C_node18node139_wide_t4,1.0,node18transit_node139source
C_node18node139_wide_t5,-0.0,node18transit_node139source
C_node19node50_timber_t0,0.0,node19transit_node50transit
C_node19node50_timber_t1,0.0,node19transit_node50transit
C_node19node50_timber_t2,0.0,node19transit_node50transit
C_node19node50_timber_t3,0.0,node19transit_node50transit
C_node19node50_timber_t4,0.0,node19transit_node50transit
C_node19node50_timber_t5,0.0,node19transit_node50transit
C_node19node50_wide_t0,0.0,node19transit_node50transit
C_node19node50_wide_t1,0.0,node19transit_node50transit
C_node19node50_wide_t2,0.0,node19transit_node50transit
C_node19node50_wide_t3,0.0,node19transit_node50transit
C_node19node50_wide_t4,0.0,node19transit_node50transit
C_node19node50_wide_t5,0.0,node19transit_node50transit
C_node19node38_timber_t0,0.0,node19transit_node38transit
C_node19node38_timber_t1,0.0,node19transit_node38transit
C_node19node38_timber_t2,0.0,node19transit_node38transit
C_node19node38_timber_t3,0.0,node19transit_node38transit
C_node19node38_timber_t4,0.0,node19transit_node38transit
C_node19node38_timber_t5,0.0,node19transit_node38transit
C_node19node38_wide_t0,0.0,node19transit_node38transit
C_node19node38_wide_t1,0.0,node19transit_node38transit
C_node19node38_wide_t2,0.0,node19transit_node38transit
C_node19node38_wide_t3,0.0,node19transit_node38transit
C_node19node38_wide_t4,0.0,node19transit_node38transit
C_node19node38_wide_t5,0.0,node19transit_node38transit
C_node19node130_timber_t0,0.0,node19transit_node130source
C_node19node130_timber_t1,1.0,node19transit_node130source
C_node19node130_timber_t2,0.0,node19transit_node130source
C_node19node130_timber_t3,-0.0,node19transit_node130source
C_node19node130_timber_t4,0.0,node19transit_node130source
C_node19node130_timber_t5,-0.0,node19transit_node130source
C_node19node130_wide_t0,0.0,node19transit_node130source
C_node19node130_wide_t1,0.0,node19transit_node130source
C_node19node130_wide_t2,0.0,node19transit_node130source
C_node19node130_wide_t3,0.0,node19transit_node130source
C_node19node130_wide_t4,-0.0,node19transit_node130source
C_node19node130_wide_t5,0.0,node19transit_node130source
C_node19node131_timber_t0,0.0,node19transit_node131source
C_node19node131_timber_t1,1.0,node19transit_node131source
C_node19node131_timber_t2,0.0,node19transit_node131source
C_node19node131_timber_t3,0.0,node19transit_node131source
C_node19node131_timber_t4,-0.0,node19transit_node131source
C_node19node131_timber_t5,-0.0,node19transit_node131source
C_node19node131_wide_t0,0.0,node19transit_node131source
C_node19node131_wide_t1,0.0,node19transit_node131source
C_node19node131_wide_t2,0.0,node19transit_node131source
C_node19node131_wide_t3,0.0,node19transit_node131source
C_node19node131_wide_t4,0.0,node19transit_node131source
C_node19node131_wide_t5,0.0,node19transit_node131source
C_node19node132_timber_t0,0.0,node19transit_node132source
C_node19node132_timber_t1,1.0,node19transit_node132source
C_node19node132_timber_t2,0.0,node19transit_node132source
C_node19node132_timber_t3,-0.0,node19transit_node132source
C_node19node132_timber_t4,1.0,node19transit_node132source
C_node19node132_timber_t5,0.0,node19transit_node132source
C_node19node132_wide_t0,0.0,node19transit_node132source
C_node19node132_wide_t1,0.0,node19transit_node132source
C_node19node132_wide_t2,0.0,node19transit_node132source
C_node19node132_wide_t3,0.0,node19transit_node132source
C_node19node132_wide_t4,-0.0,node19transit_node132source
C_node19node132_wide_t5,-0.0,node19transit_node132source
C_node20node39_timber_t0,0.0,node20transit_node39transit
C_node20node39_timber_t1,0.0,node20transit_node39transit
C_node20node39_timber_t2,0.0,node20transit_node39transit
C_node20node39_timber_t3,0.0,node20transit_node39transit
C_node20node39_timber_t4,0.0,node20transit_node39transit
C_node20node39_timber_t5,0.0,node20transit_node39transit
C_node20node39_wide_t0,0.0,node20transit_node39transit
C_node20node39_wide_t1,0.0,node20transit_node39transit
C_node20node39_wide_t2,0.0,node20transit_node39transit
C_node20node39_wide_t3,0.0,node20transit_node39transit
C_node20node39_wide_t4,0.0,node20transit_node39transit
C_node20node39_wide_t5,0.0,node20transit_node39transit
C_node20node42_timber_t0,0.0,node20transit_node42transit
C_node20node42_timber_t1,1.0,node20transit_node42transit
C_node20node42_timber_t2,0.0,node20transit_node42transit
C_node20node42_timber_t3,0.0,node20transit_node42transit
C_node20node42_timber_t4,0.0,node20transit_node42transit
C_node20node42_timber_t5,0.0,node20transit_node42transit
C_node20node42_wide_t0,0.0,node20transit_node42transit
C_node20node42_wide_t1,0.0,node20transit_node42transit
C_node20node42_wide_t2,0.0,node20transit_node42transit
C_node20node42_wide_t3,0.0,node20transit_node42transit
C_node20node42_wide_t4,0.0,node20transit_node42transit
C_node20node42_wide_t5,0.0,node20transit_node42transit
C_node20node145_timber_t0,0.0,node20transit_node145source
C_node20node145_timber_t1,1.0,node20transit_node145source
C_node20node145_timber_t2,0.0,node20transit_node145source
C_node20node145_timber_t3,1.0,node20transit_node145source
C_node20node145_timber_t4,-0.0,node20transit_node145source
C_node20node145_timber_t5,-0.0,node20transit_node145source
C_node20node145_wide_t0,0.0,node20transit_node145source
C_node20node145_wide_t1,0.0,node20transit_node145source
C_node20node145_wide_t2,0.0,node20transit_node145source
C_node20node145_wide_t3,0.0,node20transit_node145source
C_node20node145_wide_t4,-0.0,node20transit_node145source
C_node20node145_wide_t5,0.0,node20transit_node145source
C_node21node29_timber_t0,0.0,node21transit_node29transit
C_node21node29_timber_t1,0.0,node21transit_node29transit
C_node21node29_timber_t2,0.0,node21transit_node29transit
C_node21node29_timber_t3,0.0,node21transit_node29transit
C_node21node29_timber_t4,0.0,node21transit_node29transit
C_node21node29_timber_t5,0.0,node21transit_node29transit
C_node21node29_wide_t0,0.0,node21transit_node29transit
C_node21node29_wide_t1,0.0,node21transit_node29transit
C_node21node29_wide_t2,0.0,node21transit_node29transit
C_node21node29_wide_t3,0.0,node21transit_node29transit
C_node21node29_wide_t4,0.0,node21transit_node29transit
C_node21node29_wide_t5,0.0,node21transit_node29transit
C_node21node90_timber_t0,0.0,node21transit_node90transit
C_node21node90_timber_t1,0.0,node21transit_node90transit
C_node21node90_timber_t2,0.0,node21transit_node90transit
C_node21node90_timber_t3,0.0,node21transit_node90transit
C_node21node90_timber_t4,0.0,node21transit_node90transit
C_node21node90_timber_t5,0.0,node21transit_node90transit
C_node21node90_wide_t0,0.0,node21transit_node90transit
C_node21node90_wide_t1,0.0,node21transit_node90transit
C_node21node90_wide_t2,0.0,node21transit_node90transit
C_node21node90_wide_t3,0.0,node21transit_node90transit
C_node21node90_wide_t4,0.0,node21transit_node90transit
C_node21node90_wide_t5,0.0,node21transit_node90transit
C_node21node82_timber_t0,0.0,node21transit_node82transit
C_node21node82_timber_t1,0.0,node21transit_node82transit
C_node21node82_timber_t2,0.0,node21transit_node82transit
C_node21node82_timber_t3,0.0,node21transit_node82transit
C_node21node82_timber_t4,0.0,node21transit_node82transit
C_node21node82_timber_t5,0.0,node21transit_node82transit
C_node21node82_wide_t0,0.0,node21transit_node82transit
C_node21node82_wide_t1,0.0,node21transit_node82transit
C_node21node82_wide_t2,0.0,node21transit_node82transit
C_node21node82_wide_t3,0.0,node21transit_node82transit
C_node21node82_wide_t4,0.0,node21transit_node82transit
C_node21node82_wide_t5,0.0,node21transit_node82transit
C_node21node127_timber_t0,0.0,node21transit_node127source
C_node21node127_timber_t1,1.0,node21transit_node127source
C_node21node127_timber_t2,0.0,node21transit_node127source
C_node21node127_timber_t3,0.0,node21transit_node127source
C_node21node127_timber_t4,-0.0,node21transit_node127source
C_node21node127_timber_t5,-0.0,node21transit_node127source
C_node21node127_wide_t0,0.0,node21transit_node127source
C_node21node127_wide_t1,0.0,node21transit_node127source
C_node21node127_wide_t2,0.0,node21transit_node127source
C_node21node127_wide_t3,0.0,node21transit_node127source
C_node21node127_wide_t4,0.0,node21transit_node127source
C_node21node127_wide_t5,0.0,node21transit_node127source
C_node22node87_timber_t0,0.0,node22transit_node87transit
C_node22node87_timber_t1,0.0,node22transit_node87transit
C_node22node87_timber_t2,0.0,node22transit_node87transit
C_node22node87_timber_t3,0.0,node22transit_node87transit
C_node22node87_timber_t4,0.0,node22transit_node87transit
C_node22node87_timber_t5,0.0,node22transit_node87transit
C_node22node87_wide_t0,0.0,node22transit_node87transit
C_node22node87_wide_t1,0.0,node22transit_node87transit
C_node22node87_wide_t2,0.0,node22transit_node87transit
C_node22node87_wide_t3,0.0,node22transit_node87transit
C_node22node87_wide_t4,0.0,node22transit_node87transit
C_node22node87_wide_t5,0.0,node22transit_node87transit
C_node22node55_timber_t0,0.0,node22transit_node55transit
C_node22node55_timber_t1,0.0,node22transit_node55transit
C_node22node55_timber_t2,0.0,node22transit_node55transit
C_node22node55_timber_t3,0.0,node22transit_node55transit
C_node22node55_timber_t4,0.0,node22transit_node55transit
C_node22node55_timber_t5,0.0,node22transit_node55transit
C_node22node55_wide_t0,0.0,node22transit_node55transit
C_node22node55_wide_t1,0.0,node22transit_node55transit
C_node22node55_wide_t2,0.0,node22transit_node55transit
C_node22node55_wide_t3,0.0,node22transit_node55transit
C_node22node55_wide_t4,0.0,node22transit_node55transit
C_node22node55_wide_t5,0.0,node22transit_node55transit
C_node22node121_timber_t0,0.0,node22transit_node121source
C_node22node121_timber_t1,1.0,node22transit_node121source
C_node22node121_timber_t2,0.0,node22transit_node121source
C_node22node121_timber_t3,0.0,node22transit_node121source
C_node22node121_timber_t4,0.0,node22transit_node121source
C_node22node121_timber_t5,-0.0,node22transit_node121source
C_node22node121_wide_t0,0.0,node22transit_node121source
C_node22node121_wide_t1,0.0,node22transit_node121source
C_node22node121_wide_t2,0.0,node22transit_node121source
C_node22node121_wide_t3,0.0,node22transit_node121source
C_node22node121_wide_t4,-0.0,node22transit_node121source
C_node22node121_wide_t5,0.0,node22transit_node121source
C_node22node123_timber_t0,0.0,node22transit_node123source
C_node22node123_timber_t1,1.0,node22transit_node123source
C_node22node123_timber_t2,0.0,node22transit_node123source
C_node22node123_timber_t3,0.0,node22transit_node123source
C_node22node123_timber_t4,-0.0,node22transit_node123source
C_node22node123_timber_t5,-0.0,node22transit_node123source
C_node22node123_wide_t0,0.0,node22transit_node123source
C_node22node123_wide_t1,0.0,node22transit_node123source
C_node22node123_wide_t2,0.0,node22transit_node123source
C_node22node123_wide_t3,0.0,node22transit_node123source
C_node22node123_wide_t4,0.0,node22transit_node123source
C_node22node123_wide_t5,0.0,node22transit_node123source
C_node23node84_timber_t0,0.0,node23exit_node84exit
C_node23node84_timber_t1,0.0,node23exit_node84exit
C_node23node84_timber_t2,0.0,node23exit_node84exit
C_node23node84_timber_t3,0.0,node23exit_node84exit
C_node23node84_timber_t4,0.0,node23exit_node84exit
C_node23node84_timber_t5,0.0,node23exit_node84exit
C_node23node84_wide_t0,0.0,node23exit_node84exit
C_node23node84_wide_t1,0.0,node23exit_node84exit
C_node23node84_wide_t2,0.0,node23exit_node84exit
C_node23node84_wide_t3,0.0,node23exit_node84exit
C_node23node84_wide_t4,0.0,node23exit_node84exit
C_node23node84_wide_t5,0.0,node23exit_node84exit
C_node23node46_timber_t0,0.0,node23exit_node46transit
C_node23node46_timber_t1,0.0,node23exit_node46transit
C_node23node46_timber_t2,0.0,node23exit_node46transit
C_node23node46_timber_t3,0.0,node23exit_node46transit
C_node23node46_timber_t4,0.0,node23exit_node46transit
C_node23node46_timber_t5,0.0,node23exit_node46transit
C_node23node46_wide_t0,0.0,node23exit_node46transit
C_node23node46_wide_t1,0.0,node23exit_node46transit
C_node23node46_wide_t2,0.0,node23exit_node46transit
C_node23node46_wide_t3,0.0,node23exit_node46transit
C_node23node46_wide_t4,0.0,node23exit_node46transit
C_node23node46_wide_t5,0.0,node23exit_node46transit
C_node24node55_timber_t0,0.0,node24transit_node55transit
C_node24node55_timber_t1,1.0,node24transit_node55transit
C_node24node55_timber_t2,0.0,node24transit_node55transit
C_node24node55_timber_t3,0.0,node24transit_node55transit
C_node24node55_timber_t4,0.0,node24transit_node55transit
C_node24node55_timber_t5,0.0,node24transit_node55transit
C_node24node55_wide_t0,0.0,node24transit_node55transit
C_node24node55_wide_t1,0.0,node24transit_node55transit
C_node24node55_wide_t2,0.0,node24transit_node55transit
C_node24node55_wide_t3,0.0,node24transit_node55transit
C_node24node55_wide_t4,0.0,node24transit_node55transit
C_node24node55_wide_t5,0.0,node24transit_node55transit
C_node24node31_timber_t0,0.0,node24transit_node31transit
C_node24node31_timber_t1,0.0,node24transit_node31transit
C_node24node31_timber_t2,0.0,node24transit_node31transit
C_node24node31_timber_t3,0.0,node24transit_node31transit
C_node24node31_timber_t4,0.0,node24transit_node31transit
C_node24node31_timber_t5,0.0,node24transit_node31transit
C_node24node31_wide_t0,0.0,node24transit_node31transit
C_node24node31_wide_t1,0.0,node24transit_node31transit
C_node24node31_wide_t2,0.0,node24transit_node31transit
C_node24node31_wide_t3,0.0,node24transit_node31transit
C_node24node31_wide_t4,0.0,node24transit_node31transit
C_node24node31_wide_t5,0.0,node24transit_node31transit
C_node24node61_timber_t0,0.0,node24transit_node61transit
C_node24node61_timber_t1,1.0,node24transit_node61transit
C_node24node61_timber_t2,0.0,node24transit_node61transit
C_node24node61_timber_t3,0.0,node24transit_node61transit
C_node24node61_timber_t4,0.0,node24transit_node61transit
C_node24node61_timber_t5,0.0,node24transit_node61transit
C_node24node61_wide_t0,0.0,node24transit_node61transit
C_node24node61_wide_t1,0.0,node24transit_node61transit
C_node24node61_wide_t2,0.0,node24transit_node61transit
C_node24node61_wide_t3,0.0,node24transit_node61transit
C_node24node61_wide_t4,0.0,node24transit_node61transit
C_node24node61_wide_t5,0.0,node24transit_node61transit
C_node24node118_timber_t0,0.0,node24transit_node118source
C_node24node118_timber_t1,1.0,node24transit_node118source
C_node24node118_timber_t2,0.0,node24transit_node118source
C_node24node118_timber_t3,0.0,node24transit_node118source
C_node24node118_timber_t4,-0.0,node24transit_node118source
C_node24node118_timber_t5,-0.0,node24transit_node118source
C_node24node118_wide_t0,0.0,node24transit_node118source
C_node24node118_wide_t1,0.0,node24transit_node118source
C_node24node118_wide_t2,0.0,node24transit_node118source
C_node24node118_wide_t3,0.0,node24transit_node118source
C_node24node118_wide_t4,0.0,node24transit_node118source
C_node24node118_wide_t5,0.0,node24transit_node118source
C_node24node119_timber_t0,0.0,node24transit_node119source
C_node24node119_timber_t1,1.0,node24transit_node119source
C_node24node119_timber_t2,0.0,node24transit_node119source
C_node24node119_timber_t3,0.0,node24transit_node119source
C_node24node119_timber_t4,-0.0,node24transit_node119source
C_node24node119_timber_t5,0.0,node24transit_node119source
C_node24node119_wide_t0,0.0,node24transit_node119source
C_node24node119_wide_t1,0.0,node24transit_node119source
C_node24node119_wide_t2,0.0,node24transit_node119source
C_node24node119_wide_t3,0.0,node24transit_node119source
C_node24node119_wide_t4,0.0,node24transit_node119source
C_node24node119_wide_t5,-0.0,node24transit_node119source
C_node25node67_timber_t0,0.0,node25transit_node67exit
C_node25node67_timber_t1,0.0,node25transit_node67exit
C_node25node67_timber_t2,0.0,node25transit_node67exit
C_node25node67_timber_t3,0.0,node25transit_node67exit
C_node25node67_timber_t4,0.0,node25transit_node67exit
C_node25node67_timber_t5,0.0,node25transit_node67exit
C_node25node67_wide_t0,0.0,node25transit_node67exit
C_node25node67_wide_t1,0.0,node25transit_node67exit
C_node25node67_wide_t2,0.0,node25transit_node67exit
C_node25node67_wide_t3,0.0,node25transit_node67exit
C_node25node67_wide_t4,0.0,node25transit_node67exit
C_node25node67_wide_t5,0.0,node25transit_node67exit
C_node25node117_timber_t0,0.0,node25transit_node117exit
C_node25node117_timber_t1,0.0,node25transit_node117exit
C_node25node117_timber_t2,0.0,node25transit_node117exit
C_node25node117_timber_t3,0.0,node25transit_node117exit
C_node25node117_timber_t4,0.0,node25transit_node117exit
C_node25node117_timber_t5,0.0,node25transit_node117exit
C_node25node117_wide_t0,0.0,node25transit_node117exit
C_node25node117_wide_t1,0.0,node25transit_node117exit
C_node25node117_wide_t2,0.0,node25transit_node117exit
C_node25node117_wide_t3,0.0,node25transit_node117exit
C_node25node117_wide_t4,0.0,node25transit_node117exit
C_node25node117_wide_t5,0.0,node25transit_node117exit
C_node25node116_timber_t0,0.0,node25transit_node116exit
C_node25node116_timber_t1,0.0,node25transit_node116exit
C_node25node116_timber_t2,0.0,node25transit_node116exit
C_node25node116_timber_t3,0.0,node25transit_node116exit
C_node25node116_timber_t4,0.0,node25transit_node116exit
C_node25node116_timber_t5,0.0,node25transit_node116exit
C_node25node116_wide_t0,0.0,node25transit_node116exit
C_node25node116_wide_t1,0.0,node25transit_node116exit
C_node25node116_wide_t2,0.0,node25transit_node116exit
C_node25node116_wide_t3,0.0,node25transit_node116exit
C_node25node116_wide_t4,0.0,node25transit_node116exit
C_node25node116_wide_t5,0.0,node25transit_node116exit
C_node26node71_timber_t0,0.0,node26transit_node71transit
C_node26node71_timber_t1,1.0,node26transit_node71transit
C_node26node71_timber_t2,0.0,node26transit_node71transit
C_node26node71_timber_t3,0.0,node26transit_node71transit
C_node26node71_timber_t4,0.0,node26transit_node71transit
C_node26node71_timber_t5,0.0,node26transit_node71transit
C_node26node71_wide_t0,0.0,node26transit_node71transit
C_node26node71_wide_t1,0.0,node26transit_node71transit
C_node26node71_wide_t2,0.0,node26transit_node71transit
C_node26node71_wide_t3,0.0,node26transit_node71transit
C_node26node71_wide_t4,0.0,node26transit_node71transit
C_node26node71_wide_t5,0.0,node26transit_node71transit
C_node26node113_timber_t0,0.0,node26transit_node113exit
C_node26node113_timber_t1,1.0,node26transit_node113exit
C_node26node113_timber_t2,0.0,node26transit_node113exit
C_node26node113_timber_t3,0.0,node26transit_node113exit
C_node26node113_timber_t4,-0.0,node26transit_node113exit
C_node26node113_timber_t5,0.0,node26transit_node113exit
C_node26node113_wide_t0,0.0,node26transit_node113exit
C_node26node113_wide_t1,0.0,node26transit_node113exit
C_node26node113_wide_t2,0.0,node26transit_node113exit
C_node26node113_wide_t3,0.0,node26transit_node113exit
C_node26node113_wide_t4,0.0,node26transit_node113exit
C_node26node113_wide_t5,0.0,node26transit_node113exit
C_node26node119_timber_t0,0.0,node26transit_node119source
C_node26node119_timber_t1,1.0,node26transit_node119source
C_node26node119_timber_t2,0.0,node26transit_node119source
C_node26node119_timber_t3,0.0,node26transit_node119source
C_node26node119_timber_t4,-0.0,node26transit_node119source
C_node26node119_timber_t5,-0.0,node26transit_node119source
C_node26node119_wide_t0,0.0,node26transit_node119source
C_node26node119_wide_t1,0.0,node26transit_node119source
C_node26node119_wide_t2,0.0,node26transit_node119source
C_node26node119_wide_t3,0.0,node26transit_node119source
C_node26node119_wide_t4,0.0,node26transit_node119source
C_node26node119_wide_t5,0.0,node26transit_node119source
C_node27node110_timber_t0,0.0,node27transit_node110exit
C_node27node110_timber_t1,0.0,node27transit_node110exit
C_node27node110_timber_t2,0.0,node27transit_node110exit
C_node27node110_timber_t3,0.0,node27transit_node110exit
C_node27node110_timber_t4,0.0,node27transit_node110exit
C_node27node110_timber_t5,0.0,node27transit_node110exit
C_node27node110_wide_t0,0.0,node27transit_node110exit
C_node27node110_wide_t1,0.0,node27transit_node110exit
C_node27node110_wide_t2,0.0,node27transit_node110exit
C_node27node110_wide_t3,0.0,node27transit_node110exit
C_node27node110_wide_t4,0.0,node27transit_node110exit
C_node27node110_wide_t5,0.0,node27transit_node110exit
C_node27node115_timber_t0,0.0,node27transit_node115exit
C_node27node115_timber_t1,0.0,node27transit_node115exit
C_node27node115_timber_t2,0.0,node27transit_node115exit
C_node27node115_timber_t3,0.0,node27transit_node115exit
C_node27node115_timber_t4,0.0,node27transit_node115exit
C_node27node115_timber_t5,0.0,node27transit_node115exit
C_node27node115_wide_t0,0.0,node27transit_node115exit
C_node27node115_wide_t1,0.0,node27transit_node115exit
C_node27node115_wide_t2,0.0,node27transit_node115exit
C_node27node115_wide_t3,0.0,node27transit_node115exit
C_node27node115_wide_t4,0.0,node27transit_node115exit
C_node27node115_wide_t5,0.0,node27transit_node115exit
C_node27node111_timber_t0,0.0,node27transit_node111exit
C_node27node111_timber_t1,0.0,node27transit_node111exit
C_node27node111_timber_t2,0.0,node27transit_node111exit
C_node27node111_timber_t3,0.0,node27transit_node111exit
C_node27node111_timber_t4,0.0,node27transit_node111exit
C_node27node111_timber_t5,0.0,node27transit_node111exit
C_node27node111_wide_t0,0.0,node27transit_node111exit
C_node27node111_wide_t1,0.0,node27transit_node111exit
C_node27node111_wide_t2,0.0,node27transit_node111exit
C_node27node111_wide_t3,0.0,node27transit_node111exit
C_node27node111_wide_t4,0.0,node27transit_node111exit
C_node27node111_wide_t5,0.0,node27transit_node111exit
C_node28node30_timber_t0,0.0,node28transit_node30transit
C_node28node30_timber_t1,1.0,node28transit_node30transit
C_node28node30_timber_t2,0.0,node28transit_node30transit
C_node28node30_timber_t3,0.0,node28transit_node30transit
C_node28node30_timber_t4,0.0,node28transit_node30transit
C_node28node30_timber_t5,0.0,node28transit_node30transit
C_node28node30_wide_t0,0.0,node28transit_node30transit
C_node28node30_wide_t1,0.0,node28transit_node30transit
C_node28node30_wide_t2,0.0,node28transit_node30transit
C_node28node30_wide_t3,0.0,node28transit_node30transit
C_node28node30_wide_t4,0.0,node28transit_node30transit
C_node28node30_wide_t5,0.0,node28transit_node30transit
C_node28node68_timber_t0,0.0,node28transit_node68transit
C_node28node68_timber_t1,1.0,node28transit_node68transit
C_node28node68_timber_t2,0.0,node28transit_node68transit
C_node28node68_timber_t3,0.0,node28transit_node68transit
C_node28node68_timber_t4,0.0,node28transit_node68transit
C_node28node68_timber_t5,0.0,node28transit_node68transit
C_node28node68_wide_t0,0.0,node28transit_node68transit
C_node28node68_wide_t1,0.0,node28transit_node68transit
C_node28node68_wide_t2,0.0,node28transit_node68transit
C_node28node68_wide_t3,0.0,node28transit_node68transit
C_node28node68_wide_t4,0.0,node28transit_node68transit
C_node28node68_wide_t5,0.0,node28transit_node68transit
C_node28node59_timber_t0,0.0,node28transit_node59transit
C_node28node59_timber_t1,1.0,node28transit_node59transit
C_node28node59_timber_t2,0.0,node28transit_node59transit
C_node28node59_timber_t3,0.0,node28transit_node59transit
C_node28node59_timber_t4,0.0,node28transit_node59transit
C_node28node59_timber_t5,0.0,node28transit_node59transit
C_node28node59_wide_t0,0.0,node28transit_node59transit
C_node28node59_wide_t1,0.0,node28transit_node59transit
C_node28node59_wide_t2,0.0,node28transit_node59transit
C_node28node59_wide_t3,0.0,node28transit_node59transit
C_node28node59_wide_t4,0.0,node28transit_node59transit
C_node28node59_wide_t5,0.0,node28transit_node59transit
C_node28node134_timber_t0,0.0,node28transit_node134source
C_node28node134_timber_t1,1.0,node28transit_node134source
C_node28node134_timber_t2,0.0,node28transit_node134source
C_node28node134_timber_t3,-0.0,node28transit_node134source
C_node28node134_timber_t4,-0.0,node28transit_node134source
C_node28node134_timber_t5,0.0,node28transit_node134source
C_node28node134_wide_t0,0.0,node28transit_node134source
C_node28node134_wide_t1,0.0,node28transit_node134source
C_node28node134_wide_t2,0.0,node28transit_node134source
C_node28node134_wide_t3,-0.0,node28transit_node134source
C_node28node134_wide_t4,-0.0,node28transit_node134source
C_node28node134_wide_t5,-0.0,node28transit_node134source
C_node29node88_timber_t0,0.0,node29transit_node88transit
C_node29node88_timber_t1,0.0,node29transit_node88transit
C_node29node88_timber_t2,0.0,node29transit_node88transit
C_node29node88_timber_t3,0.0,node29transit_node88transit
C_node29node88_timber_t4,0.0,node29transit_node88transit
C_node29node88_timber_t5,0.0,node29transit_node88transit
C_node29node88_wide_t0,0.0,node29transit_node88transit
C_node29node88_wide_t1,0.0,node29transit_node88transit
C_node29node88_wide_t2,0.0,node29transit_node88transit
C_node29node88_wide_t3,0.0,node29transit_node88transit
C_node29node88_wide_t4,0.0,node29transit_node88transit
C_node29node88_wide_t5,0.0,node29transit_node88transit
C_node29node90_timber_t0,0.0,node29transit_node90transit
C_node29node90_timber_t1,0.0,node29transit_node90transit
C_node29node90_timber_t2,0.0,node29transit_node90transit
C_node29node90_timber_t3,0.0,node29transit_node90transit
C_node29node90_timber_t4,0.0,node29transit_node90transit
C_node29node90_timber_t5,0.0,node29transit_node90transit
C_node29node90_wide_t0,0.0,node29transit_node90transit
C_node29node90_wide_t1,0.0,node29transit_node90transit
C_node29node90_wide_t2,0.0,node29transit_node90transit
C_node29node90_wide_t3,0.0,node29transit_node90transit
C_node29node90_wide_t4,0.0,node29transit_node90transit
C_node29node90_wide_t5,0.0,node29transit_node90transit
C_node29node127_timber_t0,0.0,node29transit_node127source
C_node29node127_timber_t1,1.0,node29transit_node127source
C_node29node127_timber_t2,0.0,node29transit_node127source
C_node29node127_timber_t3,0.0,node29transit_node127source
C_node29node127_timber_t4,-0.0,node29transit_node127source
C_node29node127_timber_t5,0.0,node29transit_node127source
C_node29node127_wide_t0,0.0,node29transit_node127source
C_node29node127_wide_t1,0.0,node29transit_node127source
C_node29node127_wide_t2,0.0,node29transit_node127source
C_node29node127_wide_t3,0.0,node29transit_node127source
C_node29node127_wide_t4,0.0,node29transit_node127source
C_node29node127_wide_t5,-0.0,node29transit_node127source
C_node29node134_timber_t0,0.0,node29transit_node134source
C_node29node134_timber_t1,1.0,node29transit_node134source
C_node29node134_timber_t2,0.0,node29transit_node134source
C_node29node134_timber_t3,-0.0,node29transit_node134source
C_node29node134_timber_t4,1.0,node29transit_node134source
C_node29node134_timber_t5,-0.0,node29transit_node134source
C_node29node134_wide_t0,0.0,node29transit_node134source
C_node29node134_wide_t1,0.0,node29transit_node134source
C_node29node134_wide_t2,0.0,node29transit_node134source
C_node29node134_wide_t3,0.0,node29transit_node134source
C_node29node134_wide_t4,-0.0,node29transit_node134source
C_node29node134_wide_t5,0.0,node29transit_node134source
C_node30node90_timber_t0,0.0,node30transit_node90transit
C_node30node90_timber_t1,1.0,node30transit_node90transit
C_node30node90_timber_t2,0.0,node30transit_node90transit
C_node30node90_timber_t3,0.0,node30transit_node90transit
C_node30node90_timber_t4,0.0,node30transit_node90transit
C_node30node90_timber_t5,0.0,node30transit_node90transit
C_node30node90_wide_t0,0.0,node30transit_node90transit
C_node30node90_wide_t1,0.0,node30transit_node90transit
C_node30node90_wide_t2,0.0,node30transit_node90transit
C_node30node90_wide_t3,0.0,node30transit_node90transit
C_node30node90_wide_t4,0.0,node30transit_node90transit
C_node30node90_wide_t5,0.0,node30transit_node90transit
C_node30node43_timber_t0,0.0,node30transit_node43transit
C_node30node43_timber_t1,0.0,node30transit_node43transit
C_node30node43_timber_t2,0.0,node30transit_node43transit
C_node30node43_timber_t3,0.0,node30transit_node43transit
C_node30node43_timber_t4,0.0,node30transit_node43transit
C_node30node43_timber_t5,0.0,node30transit_node43transit
C_node30node43_wide_t0,0.0,node30transit_node43transit
C_node30node43_wide_t1,0.0,node30transit_node43transit
C_node30node43_wide_t2,0.0,node30transit_node43transit
C_node30node43_wide_t3,0.0,node30transit_node43transit
C_node30node43_wide_t4,0.0,node30transit_node43transit
C_node30node43_wide_t5,0.0,node30transit_node43transit
C_node30node134_timber_t0,0.0,node30transit_node134source
C_node30node134_timber_t1,1.0,node30transit_node134source
C_node30node134_timber_t2,0.0,node30transit_node134source
C_node30node134_timber_t3,-0.0,node30transit_node134source
C_node30node134_timber_t4,1.0,node30transit_node134source
C_node30node134_timber_t5,0.0,node30transit_node134source
C_node30node134_wide_t0,0.0,node30transit_node134source
C_node30node134_wide_t1,0.0,node30transit_node134source
C_node30node134_wide_t2,0.0,node30transit_node134source
C_node30node134_wide_t3,0.0,node30transit_node134source
C_node30node134_wide_t4,-0.0,node30transit_node134source
C_node30node134_wide_t5,-0.0,node30transit_node134source
C_node30node135_timber_t0,0.0,node30transit_node135source
C_node30node135_timber_t1,1.0,node30transit_node135source
C_node30node135_timber_t2,0.0,node30transit_node135source
C_node30node135_timber_t3,0.0,node30transit_node135source
C_node30node135_timber_t4,-0.0,node30transit_node135source
C_node30node135_timber_t5,0.0,node30transit_node135source
C_node30node135_wide_t0,0.0,node30transit_node135source
C_node30node135_wide_t1,0.0,node30transit_node135source
C_node30node135_wide_t2,0.0,node30transit_node135source
C_node30node135_wide_t3,-0.0,node30transit_node135source
C_node30node135_wide_t4,-0.0,node30transit_node135source
C_node30node135_wide_t5,-0.0,node30transit_node135source
C_node31node49_timber_t0,0.0,node31transit_node49exit
C_node31node49_timber_t1,0.0,node31transit_node49exit
C_node31node49_timber_t2,0.0,node31transit_node49exit
C_node31node49_timber_t3,0.0,node31transit_node49exit
C_node31node49_timber_t4,0.0,node31transit_node49exit
C_node31node49_timber_t5,0.0,node31transit_node49exit
C_node31node49_wide_t0,0.0,node31transit_node49exit
C_node31node49_wide_t1,0.0,node31transit_node49exit
C_node31node49_wide_t2,0.0,node31transit_node49exit
C_node31node49_wide_t3,0.0,node31transit_node49exit
C_node31node49_wide_t4,0.0,node31transit_node49exit
C_node31node49_wide_t5,0.0,node31transit_node49exit
C_node31node118_timber_t0,0.0,node31transit_node118source
C_node31node118_timber_t1,0.0,node31transit_node118source
C_node31node118_timber_t2,0.0,node31transit_node118source
C_node31node118_timber_t3,0.0,node31transit_node118source
C_node31node118_timber_t4,-0.0,node31transit_node118source
C_node31node118_timber_t5,-0.0,node31transit_node118source
C_node31node118_wide_t0,0.0,node31transit_node118source
C_node31node118_wide_t1,1.0,node31transit_node118source
C_node31node118_wide_t2,0.0,node31transit_node118source
C_node31node118_wide_t3,0.0,node31transit_node118source
C_node31node118_wide_t4,0.0,node31transit_node118source
C_node31node118_wide_t5,0.0,node31transit_node118source
C_node32node70_timber_t0,0.0,node32transit_node70transit
C_node32node70_timber_t1,0.0,node32transit_node70transit
C_node32node70_timber_t2,0.0,node32transit_node70transit
C_node32node70_timber_t3,0.0,node32transit_node70transit
C_node32node70_timber_t4,0.0,node32transit_node70transit
C_node32node70_timber_t5,0.0,node32transit_node70transit
C_node32node70_wide_t0,0.0,node32transit_node70transit
C_node32node70_wide_t1,0.0,node32transit_node70transit
C_node32node70_wide_t2,0.0,node32transit_node70transit
C_node32node70_wide_t3,0.0,node32transit_node70transit
C_node32node70_wide_t4,0.0,node32transit_node70transit
C_node32node70_wide_t5,0.0,node32transit_node70transit
C_node32node85_timber_t0,0.0,node32transit_node85transit
C_node32node85_timber_t1,0.0,node32transit_node85transit
C_node32node85_timber_t2,0.0,node32transit_node85transit
C_node32node85_timber_t3,0.0,node32transit_node85transit
C_node32node85_timber_t4,0.0,node32transit_node85transit
C_node32node85_timber_t5,0.0,node32transit_node85transit
C_node32node85_wide_t0,0.0,node32transit_node85transit
C_node32node85_wide_t1,0.0,node32transit_node85transit
C_node32node85_wide_t2,0.0,node32transit_node85transit
C_node32node85_wide_t3,0.0,node32transit_node85transit
C_node32node85_wide_t4,0.0,node32transit_node85transit
C_node32node85_wide_t5,0.0,node32transit_node85transit
C_node32node41_timber_t0,0.0,node32transit_node41transit
C_node32node41_timber_t1,0.0,node32transit_node41transit
C_node32node41_timber_t2,0.0,node32transit_node41transit
C_node32node41_timber_t3,0.0,node32transit_node41transit
C_node32node41_timber_t4,0.0,node32transit_node41transit
C_node32node41_timber_t5,0.0,node32transit_node41transit
C_node32node41_wide_t0,0.0,node32transit_node41transit
C_node32node41_wide_t1,0.0,node32transit_node41transit
C_node32node41_wide_t2,0.0,node32transit_node41transit
C_node32node41_wide_t3,0.0,node32transit_node41transit
C_node32node41_wide_t4,0.0,node32transit_node41transit
C_node32node41_wide_t5,0.0,node32transit_node41transit
C_node32node136_timber_t0,0.0,node32transit_node136source
C_node32node136_timber_t1,1.0,node32transit_node136source
C_node32node136_timber_t2,0.0,node32transit_node136source
C_node32node136_timber_t3,-0.0,node32transit_node136source
C_node32node136_timber_t4,0.0,node32transit_node136source
C_node32node136_timber_t5,0.0,node32transit_node136source
C_node32node136_wide_t0,0.0,node32transit_node136source
C_node32node136_wide_t1,0.0,node32transit_node136source
C_node32node136_wide_t2,0.0,node32transit_node136source
C_node32node136_wide_t3,0.0,node32transit_node136source
C_node32node136_wide_t4,-0.0,node32transit_node136source
C_node32node136_wide_t5,-0.0,node32transit_node136source
C_node33node81_timber_t0,0.0,node33transit_node81transit
C_node33node81_timber_t1,0.0,node33transit_node81transit
C_node33node81_timber_t2,0.0,node33transit_node81transit
C_node33node81_timber_t3,0.0,node33transit_node81transit
C_node33node81_timber_t4,0.0,node33transit_node81transit
C_node33node81_timber_t5,0.0,node33transit_node81transit
C_node33node81_wide_t0,0.0,node33transit_node81transit
C_node33node81_wide_t1,0.0,node33transit_node81transit
C_node33node81_wide_t2,0.0,node33transit_node81transit
C_node33node81_wide_t3,0.0,node33transit_node81transit
C_node33node81_wide_t4,0.0,node33transit_node81transit
C_node33node81_wide_t5,0.0,node33transit_node81transit
C_node33node63_timber_t0,0.0,node33transit_node63transit
C_node33node63_timber_t1,0.0,node33transit_node63transit
C_node33node63_timber_t2,0.0,node33transit_node63transit
C_node33node63_timber_t3,0.0,node33transit_node63transit
C_node33node63_timber_t4,0.0,node33transit_node63transit
C_node33node63_timber_t5,0.0,node33transit_node63transit
C_node33node63_wide_t0,0.0,node33transit_node63transit
C_node33node63_wide_t1,0.0,node33transit_node63transit
C_node33node63_wide_t2,0.0,node33transit_node63transit
C_node33node63_wide_t3,0.0,node33transit_node63transit
C_node33node63_wide_t4,0.0,node33transit_node63transit
C_node33node63_wide_t5,0.0,node33transit_node63transit
C_node33node84_timber_t0,0.0,node33transit_node84exit
C_node33node84_timber_t1,0.0,node33transit_node84exit
C_node33node84_timber_t2,0.0,node33transit_node84exit
C_node33node84_timber_t3,0.0,node33transit_node84exit
C_node33node84_timber_t4,0.0,node33transit_node84exit
C_node33node84_timber_t5,0.0,node33transit_node84exit
C_node33node84_wide_t0,0.0,node33transit_node84exit
C_node33node84_wide_t1,0.0,node33transit_node84exit
C_node33node84_wide_t2,0.0,node33transit_node84exit
C_node33node84_wide_t3,0.0,node33transit_node84exit
C_node33node84_wide_t4,0.0,node33transit_node84exit
C_node33node84_wide_t5,0.0,node33transit_node84exit
C_node33node137_timber_t0,0.0,node33transit_node137source
C_node33node137_timber_t1,1.0,node33transit_node137source
C_node33node137_timber_t2,0.0,node33transit_node137source
C_node33node137_timber_t3,0.0,node33transit_node137source
C_node33node137_timber_t4,-0.0,node33transit_node137source
C_node33node137_timber_t5,-0.0,node33transit_node137source
C_node33node137_wide_t0,0.0,node33transit_node137source
C_node33node137_wide_t1,0.0,node33transit_node137source
C_node33node137_wide_t2,0.0,node33transit_node137source
C_node33node137_wide_t3,1.0,node33transit_node137source
C_node33node137_wide_t4,-0.0,node33transit_node137source
C_node33node137_wide_t5,0.0,node33transit_node137source
C_node34node56_timber_t0,0.0,node34transit_node56transit
C_node34node56_timber_t1,0.0,node34transit_node56transit
C_node34node56_timber_t2,0.0,node34transit_node56transit
C_node34node56_timber_t3,0.0,node34transit_node56transit
C_node34node56_timber_t4,0.0,node34transit_node56transit
C_node34node56_timber_t5,0.0,node34transit_node56transit
C_node34node56_wide_t0,0.0,node34transit_node56transit
C_node34node56_wide_t1,0.0,node34transit_node56transit
C_node34node56_wide_t2,0.0,node34transit_node56transit
C_node34node56_wide_t3,0.0,node34transit_node56transit
C_node34node56_wide_t4,0.0,node34transit_node56transit
C_node34node56_wide_t5,0.0,node34transit_node56transit
C_node34node37_timber_t0,0.0,node34transit_node37transit
C_node34node37_timber_t1,0.0,node34transit_node37transit
C_node34node37_timber_t2,0.0,node34transit_node37transit
C_node34node37_timber_t3,0.0,node34transit_node37transit
C_node34node37_timber_t4,0.0,node34transit_node37transit
C_node34node37_timber_t5,0.0,node34transit_node37transit
C_node34node37_wide_t0,0.0,node34transit_node37transit
C_node34node37_wide_t1,0.0,node34transit_node37transit
C_node34node37_wide_t2,0.0,node34transit_node37transit
C_node34node37_wide_t3,0.0,node34transit_node37transit
C_node34node37_wide_t4,0.0,node34transit_node37transit
C_node34node37_wide_t5,0.0,node34transit_node37transit
C_node34node126_timber_t0,0.0,node34transit_node126source
C_node34node126_timber_t1,1.0,node34transit_node126source
C_node34node126_timber_t2,0.0,node34transit_node126source
C_node34node126_timber_t3,-0.0,node34transit_node126source
C_node34node126_timber_t4,-0.0,node34transit_node126source
C_node34node126_timber_t5,-0.0,node34transit_node126source
C_node34node126_wide_t0,0.0,node34transit_node126source
C_node34node126_wide_t1,0.0,node34transit_node126source
C_node34node126_wide_t2,0.0,node34transit_node126source
C_node34node126_wide_t3,-0.0,node34transit_node126source
C_node34node126_wide_t4,-0.0,node34transit_node126source
C_node34node126_wide_t5,0.0,node34transit_node126source
C_node34node129_timber_t0,0.0,node34transit_node129source
C_node34node129_timber_t1,1.0,node34transit_node129source
C_node34node129_timber_t2,0.0,node34transit_node129source
C_node34node129_timber_t3,-0.0,node34transit_node129source
C_node34node129_timber_t4,0.0,node34transit_node129source
C_node34node129_timber_t5,-0.0,node34transit_node129source
C_node34node129_wide_t0,0.0,node34transit_node129source
C_node34node129_wide_t1,0.0,node34transit_node129source
C_node34node129_wide_t2,0.0,node34transit_node129source
C_node34node129_wide_t3,-0.0,node34transit_node129source
C_node34node129_wide_t4,-0.0,node34transit_node129source
C_node34node129_wide_t5,0.0,node34transit_node129source
C_node34node142_timber_t0,0.0,node34transit_node142source
C_node34node142_timber_t1,1.0,node34transit_node142source
C_node34node142_timber_t2,0.0,node34transit_node142source
C_node34node142_timber_t3,-0.0,node34transit_node142source
C_node34node142_timber_t4,-0.0,node34transit_node142source
C_node34node142_timber_t5,0.0,node34transit_node142source
C_node34node142_wide_t0,0.0,node34transit_node142source
C_node34node142_wide_t1,0.0,node34transit_node142source
C_node34node142_wide_t2,0.0,node34transit_node142source
C_node34node142_wide_t3,0.0,node34transit_node142source
C_node34node142_wide_t4,-0.0,node34transit_node142source
C_node34node142_wide_t5,-0.0,node34transit_node142source
C_node35node111_timber_t0,0.0,node35transit_node111exit
C_node35node111_timber_t1,0.0,node35transit_node111exit
C_node35node111_timber_t2,0.0,node35transit_node111exit
C_node35node111_timber_t3,0.0,node35transit_node111exit
C_node35node111_timber_t4,0.0,node35transit_node111exit
C_node35node111_timber_t5,0.0,node35transit_node111exit
C_node35node111_wide_t0,0.0,node35transit_node111exit
C_node35node111_wide_t1,0.0,node35transit_node111exit
C_node35node111_wide_t2,0.0,node35transit_node111exit
C_node35node111_wide_t3,0.0,node35transit_node111exit
C_node35node111_wide_t4,0.0,node35transit_node111exit
C_node35node111_wide_t5,0.0,node35transit_node111exit
C_node35node96_timber_t0,0.0,node35transit_node96transit
C_node35node96_timber_t1,0.0,node35transit_node96transit
C_node35node96_timber_t2,0.0,node35transit_node96transit
C_node35node96_timber_t3,0.0,node35transit_node96transit
C_node35node96_timber_t4,0.0,node35transit_node96transit
C_node35node96_timber_t5,0.0,node35transit_node96transit
C_node35node96_wide_t0,0.0,node35transit_node96transit
C_node35node96_wide_t1,0.0,node35transit_node96transit
C_node35node96_wide_t2,0.0,node35transit_node96transit
C_node35node96_wide_t3,0.0,node35transit_node96transit
C_node35node96_wide_t4,0.0,node35transit_node96transit
C_node35node96_wide_t5,0.0,node35transit_node96transit
C_node36node52_timber_t0,0.0,node36transit_node52transit
C_node36node52_timber_t1,1.0,node36transit_node52transit
C_node36node52_timber_t2,0.0,node36transit_node52transit
C_node36node52_timber_t3,0.0,node36transit_node52transit
C_node36node52_timber_t4,0.0,node36transit_node52transit
C_node36node52_timber_t5,0.0,node36transit_node52transit
C_node36node52_wide_t0,0.0,node36transit_node52transit
C_node36node52_wide_t1,0.0,node36transit_node52transit
C_node36node52_wide_t2,0.0,node36transit_node52transit
C_node36node52_wide_t3,0.0,node36transit_node52transit
C_node36node52_wide_t4,0.0,node36transit_node52transit
C_node36node52_wide_t5,0.0,node36transit_node52transit
C_node36node138_timber_t0,0.0,node36transit_node138source
C_node36node138_timber_t1,1.0,node36transit_node138source
C_node36node138_timber_t2,0.0,node36transit_node138source
C_node36node138_timber_t3,0.0,node36transit_node138source
C_node36node138_timber_t4,-0.0,node36transit_node138source
C_node36node138_timber_t5,0.0,node36transit_node138source
C_node36node138_wide_t0,0.0,node36transit_node138source
C_node36node138_wide_t1,0.0,node36transit_node138source
C_node36node138_wide_t2,0.0,node36transit_node138source
C_node36node138_wide_t3,0.0,node36transit_node138source
C_node36node138_wide_t4,0.0,node36transit_node138source
C_node36node138_wide_t5,-0.0,node36transit_node138source
C_node36node139_timber_t0,0.0,node36transit_node139source
C_node36node139_timber_t1,1.0,node36transit_node139source
C_node36node139_timber_t2,0.0,node36transit_node139source
C_node36node139_timber_t3,-0.0,node36transit_node139source
C_node36node139_timber_t4,0.0,node36transit_node139source
C_node36node139_timber_t5,0.0,node36transit_node139source
C_node36node139_wide_t0,0.0,node36transit_node139source
C_node36node139_wide_t1,0.0,node36transit_node139source
C_node36node139_wide_t2,0.0,node36transit_node139source
C_node36node139_wide_t3,0.0,node36transit_node139source
C_node36node139_wide_t4,1.0,node36transit_node139source
C_node36node139_wide_t5,-0.0,node36transit_node139source
C_node36node142_timber_t0,0.0,node36transit_node142source
C_node36node142_timber_t1,1.0,node36transit_node142source
C_node36node142_timber_t2,0.0,node36transit_node142source
C_node36node142_timber_t3,-0.0,node36transit_node142source
C_node36node142_timber_t4,-0.0,node36transit_node142source
C_node36node142_timber_t5,0.0,node36transit_node142source
C_node36node142_wide_t0,0.0,node36transit_node142source
C_node36node142_wide_t1,0.0,node36transit_node142source
C_node36node142_wide_t2,0.0,node36transit_node142source
C_node36node142_wide_t3,-0.0,node36transit_node142source
C_node36node142_wide_t4,-0.0,node36transit_node142source
C_node36node142_wide_t5,-0.0,node36transit_node142source
C_node37node56_timber_t0,0.0,node37transit_node56transit
C_node37node56_timber_t1,1.0,node37transit_node56transit
C_node37node56_timber_t2,0.0,node37transit_node56transit
C_node37node56_timber_t3,0.0,node37transit_node56transit
C_node37node56_timber_t4,1.0,node37transit_node56transit
C_node37node56_timber_t5,-0.0,node37transit_node56transit
C_node37node56_wide_t0,0.0,node37transit_node56transit
C_node37node56_wide_t1,0.0,node37transit_node56transit
C_node37node56_wide_t2,0.0,node37transit_node56transit
C_node37node56_wide_t3,0.0,node37transit_node56transit
C_node37node56_wide_t4,0.0,node37transit_node56transit
C_node37node56_wide_t5,0.0,node37transit_node56transit
C_node37node52_timber_t0,0.0,node37transit_node52transit
C_node37node52_timber_t1,1.0,node37transit_node52transit
C_node37node52_timber_t2,0.0,node37transit_node52transit
C_node37node52_timber_t3,0.0,node37transit_node52transit
C_node37node52_timber_t4,1.0,node37transit_node52transit
C_node37node52_timber_t5,0.0,node37transit_node52transit
C_node37node52_wide_t0,0.0,node37transit_node52transit
C_node37node52_wide_t1,0.0,node37transit_node52transit
C_node37node52_wide_t2,0.0,node37transit_node52transit
C_node37node52_wide_t3,0.0,node37transit_node52transit
C_node37node52_wide_t4,0.0,node37transit_node52transit
C_node37node52_wide_t5,0.0,node37transit_node52transit
C_node37node126_timber_t0,0.0,node37transit_node126source
C_node37node126_timber_t1,1.0,node37transit_node126source
C_node37node126_timber_t2,0.0,node37transit_node126source
C_node37node126_timber_t3,-0.0,node37transit_node126source
C_node37node126_timber_t4,-0.0,node37transit_node126source
C_node37node126_timber_t5,0.0,node37transit_node126source
C_node37node126_wide_t0,0.0,node37transit_node126source
C_node37node126_wide_t1,0.0,node37transit_node126source
C_node37node126_wide_t2,0.0,node37transit_node126source
C_node37node126_wide_t3,0.0,node37transit_node126source
C_node37node126_wide_t4,1.0,node37transit_node126source
C_node37node126_wide_t5,-0.0,node37transit_node126source
C_node37node130_timber_t0,0.0,node37transit_node130source
C_node37node130_timber_t1,1.0,node37transit_node130source
C_node37node130_timber_t2,0.0,node37transit_node130source
C_node37node130_timber_t3,1.0,node37transit_node130source
C_node37node130_timber_t4,0.0,node37transit_node130source
C_node37node130_timber_t5,0.0,node37transit_node130source
C_node37node130_wide_t0,0.0,node37transit_node130source
C_node37node130_wide_t1,0.0,node37transit_node130source
C_node37node130_wide_t2,0.0,node37transit_node130source
C_node37node130_wide_t3,0.0,node37transit_node130source
C_node37node130_wide_t4,-0.0,node37transit_node130source
C_node37node130_wide_t5,-0.0,node37transit_node130source
C_node37node142_timber_t0,0.0,node37transit_node142source
C_node37node142_timber_t1,1.0,node37transit_node142source
C_node37node142_timber_t2,0.0,node37transit_node142source
C_node37node142_timber_t3,-0.0,node37transit_node142source
C_node37node142_timber_t4,-0.0,node37transit_node142source
C_node37node142_timber_t5,0.0,node37transit_node142source
C_node37node142_wide_t0,0.0,node37transit_node142source
C_node37node142_wide_t1,0.0,node37transit_node142source
C_node37node142_wide_t2,0.0,node37transit_node142source
C_node37node142_wide_t3,-0.0,node37transit_node142source
C_node37node142_wide_t4,-0.0,node37transit_node142source
C_node37node142_wide_t5,-0.0,node37transit_node142source
C_node38node52_timber_t0,0.0,node38transit_node52transit
C_node38node52_timber_t1,1.0,node38transit_node52transit
C_node38node52_timber_t2,0.0,node38transit_node52transit
C_node38node52_timber_t3,0.0,node38transit_node52transit
C_node38node52_timber_t4,0.0,node38transit_node52transit
C_node38node52_timber_t5,0.0,node38transit_node52transit
C_node38node52_wide_t0,0.0,node38transit_node52transit
C_node38node52_wide_t1,0.0,node38transit_node52transit
C_node38node52_wide_t2,0.0,node38transit_node52transit
C_node38node52_wide_t3,0.0,node38transit_node52transit
C_node38node52_wide_t4,0.0,node38transit_node52transit
C_node38node52_wide_t5,0.0,node38transit_node52transit
C_node38node130_timber_t0,0.0,node38transit_node130source
C_node38node130_timber_t1,1.0,node38transit_node130source
C_node38node130_timber_t2,0.0,node38transit_node130source
C_node38node130_timber_t3,-0.0,node38transit_node130source
C_node38node130_timber_t4,-0.0,node38transit_node130source
C_node38node130_timber_t5,0.0,node38transit_node130source
C_node38node130_wide_t0,0.0,node38transit_node130source
C_node38node130_wide_t1,0.0,node38transit_node130source
C_node38node130_wide_t2,0.0,node38transit_node130source
C_node38node130_wide_t3,0.0,node38transit_node130source
C_node38node130_wide_t4,1.0,node38transit_node130source
C_node38node130_wide_t5,-0.0,node38transit_node130source
C_node38node131_timber_t0,0.0,node38transit_node131source
C_node38node131_timber_t1,1.0,node38transit_node131source
C_node38node131_timber_t2,0.0,node38transit_node131source
C_node38node131_timber_t3,0.0,node38transit_node131source
C_node38node131_timber_t4,-0.0,node38transit_node131source
C_node38node131_timber_t5,0.0,node38transit_node131source
C_node38node131_wide_t0,0.0,node38transit_node131source
C_node38node131_wide_t1,0.0,node38transit_node131source
C_node38node131_wide_t2,0.0,node38transit_node131source
C_node38node131_wide_t3,0.0,node38transit_node131source
C_node38node131_wide_t4,0.0,node38transit_node131source
C_node38node131_wide_t5,-0.0,node38transit_node131source
C_node38node139_timber_t0,0.0,node38transit_node139source
C_node38node139_timber_t1,1.0,node38transit_node139source
C_node38node139_timber_t2,0.0,node38transit_node139source
C_node38node139_timber_t3,1.0,node38transit_node139source
C_node38node139_timber_t4,-0.0,node38transit_node139source
C_node38node139_timber_t5,0.0,node38transit_node139source
C_node38node139_wide_t0,0.0,node38transit_node139source
C_node38node139_wide_t1,0.0,node38transit_node139source
C_node38node139_wide_t2,0.0,node38transit_node139source
C_node38node139_wide_t3,-0.0,node38transit_node139source
C_node38node139_wide_t4,-0.0,node38transit_node139source
C_node38node139_wide_t5,-0.0,node38transit_node139source
C_node39node145_timber_t0,0.0,node39transit_node145source
C_node39node145_timber_t1,1.0,node39transit_node145source
C_node39node145_timber_t2,0.0,node39transit_node145source
C_node39node145_timber_t3,-0.0,node39transit_node145source
C_node39node145_timber_t4,-0.0,node39transit_node145source
C_node39node145_timber_t5,-0.0,node39transit_node145source
C_node39node145_wide_t0,0.0,node39transit_node145source
C_node39node145_wide_t1,0.0,node39transit_node145source
C_node39node145_wide_t2,0.0,node39transit_node145source
C_node39node145_wide_t3,0.0,node39transit_node145source
C_node39node145_wide_t4,-0.0,node39transit_node145source
C_node39node145_wide_t5,0.0,node39transit_node145source
C_node40node42_timber_t0,0.0,node40transit_node42transit
C_node40node42_timber_t1,1.0,node40transit_node42transit
C_node40node42_timber_t2,0.0,node40transit_node42transit
C_node40node42_timber_t3,0.0,node40transit_node42transit
C_node40node42_timber_t4,0.0,node40transit_node42transit
C_node40node42_timber_t5,0.0,node40transit_node42transit
C_node40node42_wide_t0,0.0,node40transit_node42transit
C_node40node42_wide_t1,0.0,node40transit_node42transit
C_node40node42_wide_t2,0.0,node40transit_node42transit
C_node40node42_wide_t3,0.0,node40transit_node42transit
C_node40node42_wide_t4,0.0,node40transit_node42transit
C_node40node42_wide_t5,0.0,node40transit_node42transit
C_node40node80_timber_t0,0.0,node40transit_node80transit
C_node40node80_timber_t1,1.0,node40transit_node80transit
C_node40node80_timber_t2,0.0,node40transit_node80transit
C_node40node80_timber_t3,0.0,node40transit_node80transit
C_node40node80_timber_t4,0.0,node40transit_node80transit
C_node40node80_timber_t5,0.0,node40transit_node80transit
C_node40node80_wide_t0,0.0,node40transit_node80transit
C_node40node80_wide_t1,0.0,node40transit_node80transit
C_node40node80_wide_t2,0.0,node40transit_node80transit
C_node40node80_wide_t3,0.0,node40transit_node80transit
C_node40node80_wide_t4,0.0,node40transit_node80transit
C_node40node80_wide_t5,0.0,node40transit_node80transit
C_node40node76_timber_t0,0.0,node40transit_node76transit
C_node40node76_timber_t1,0.0,node40transit_node76transit
C_node40node76_timber_t2,0.0,node40transit_node76transit
C_node40node76_timber_t3,0.0,node40transit_node76transit
C_node40node76_timber_t4,0.0,node40transit_node76transit
C_node40node76_timber_t5,0.0,node40transit_node76transit
C_node40node76_wide_t0,0.0,node40transit_node76transit
C_node40node76_wide_t1,0.0,node40transit_node76transit
C_node40node76_wide_t2,0.0,node40transit_node76transit
C_node40node76_wide_t3,0.0,node40transit_node76transit
C_node40node76_wide_t4,0.0,node40transit_node76transit
C_node40node76_wide_t5,0.0,node40transit_node76transit
C_node40node124_timber_t0,0.0,node40transit_node124source
C_node40node124_timber_t1,1.0,node40transit_node124source
C_node40node124_timber_t2,0.0,node40transit_node124source
C_node40node124_timber_t3,0.0,node40transit_node124source
C_node40node124_timber_t4,-0.0,node40transit_node124source
C_node40node124_timber_t5,-0.0,node40transit_node124source
C_node40node124_wide_t0,0.0,node40transit_node124source
C_node40node124_wide_t1,0.0,node40transit_node124source
C_node40node124_wide_t2,0.0,node40transit_node124source
C_node40node124_wide_t3,0.0,node40transit_node124source
C_node40node124_wide_t4,1.0,node40transit_node124source
C_node40node124_wide_t5,0.0,node40transit_node124source
C_node40node125_timber_t0,0.0,node40transit_node125source
C_node40node125_timber_t1,1.0,node40transit_node125source
C_node40node125_timber_t2,0.0,node40transit_node125source
C_node40node125_timber_t3,0.0,node40transit_node125source
C_node40node125_timber_t4,-0.0,node40transit_node125source
C_node40node125_timber_t5,-0.0,node40transit_node125source
C_node40node125_wide_t0,0.0,node40transit_node125source
C_node40node125_wide_t1,0.0,node40transit_node125source
C_node40node125_wide_t2,0.0,node40transit_node125source
C_node40node125_wide_t3,0.0,node40transit_node125source
C_node40node125_wide_t4,0.0,node40transit_node125source
C_node40node125_wide_t5,0.0,node40transit_node125source
C_node41node96_timber_t0,0.0,node41transit_node96transit
C_node41node96_timber_t1,1.0,node41transit_node96transit
C_node41node96_timber_t2,0.0,node41transit_node96transit
C_node41node96_timber_t3,0.0,node41transit_node96transit
C_node41node96_timber_t4,1.0,node41transit_node96transit
C_node41node96_timber_t5,0.0,node41transit_node96transit
C_node41node96_wide_t0,0.0,node41transit_node96transit
C_node41node96_wide_t1,0.0,node41transit_node96transit
C_node41node96_wide_t2,0.0,node41transit_node96transit
C_node41node96_wide_t3,0.0,node41transit_node96transit
C_node41node96_wide_t4,0.0,node41transit_node96transit
C_node41node96_wide_t5,0.0,node41transit_node96transit
C_node41node85_timber_t0,0.0,node41transit_node85transit
C_node41node85_timber_t1,0.0,node41transit_node85transit
C_node41node85_timber_t2,0.0,node41transit_node85transit
C_node41node85_timber_t3,0.0,node41transit_node85transit
C_node41node85_timber_t4,0.0,node41transit_node85transit
C_node41node85_timber_t5,0.0,node41transit_node85transit
C_node41node85_wide_t0,0.0,node41transit_node85transit
C_node41node85_wide_t1,0.0,node41transit_node85transit
C_node41node85_wide_t2,0.0,node41transit_node85transit
C_node41node85_wide_t3,0.0,node41transit_node85transit
C_node41node85_wide_t4,0.0,node41transit_node85transit
C_node41node85_wide_t5,0.0,node41transit_node85transit
C_node41node119_timber_t0,0.0,node41transit_node119source
C_node41node119_timber_t1,1.0,node41transit_node119source
C_node41node119_timber_t2,0.0,node41transit_node119source
C_node41node119_timber_t3,0.0,node41transit_node119source
C_node41node119_timber_t4,-0.0,node41transit_node119source
C_node41node119_timber_t5,-0.0,node41transit_node119source
C_node41node119_wide_t0,0.0,node41transit_node119source
C_node41node119_wide_t1,0.0,node41transit_node119source
C_node41node119_wide_t2,0.0,node41transit_node119source
C_node41node119_wide_t3,0.0,node41transit_node119source
C_node41node119_wide_t4,0.0,node41transit_node119source
C_node41node119_wide_t5,0.0,node41transit_node119source
C_node41node136_timber_t0,0.0,node41transit_node136source
C_node41node136_timber_t1,1.0,node41transit_node136source
C_node41node136_timber_t2,0.0,node41transit_node136source
C_node41node136_timber_t3,-0.0,node41transit_node136source
C_node41node136_timber_t4,-0.0,node41transit_node136source
C_node41node136_timber_t5,-0.0,node41transit_node136source
C_node41node136_wide_t0,0.0,node41transit_node136source
C_node41node136_wide_t1,0.0,node41transit_node136source
C_node41node136_wide_t2,0.0,node41transit_node136source
C_node41node136_wide_t3,0.0,node41transit_node136source
C_node41node136_wide_t4,1.0,node41transit_node136source
C_node41node136_wide_t5,0.0,node41transit_node136source
C_node42node92_timber_t0,0.0,node42transit_node92transit
C_node42node92_timber_t1,0.0,node42transit_node92transit
C_node42node92_timber_t2,0.0,node42transit_node92transit
C_node42node92_timber_t3,0.0,node42transit_node92transit
C_node42node92_timber_t4,0.0,node42transit_node92transit
C_node42node92_timber_t5,0.0,node42transit_node92transit
C_node42node92_wide_t0,0.0,node42transit_node92transit
C_node42node92_wide_t1,0.0,node42transit_node92transit
C_node42node92_wide_t2,0.0,node42transit_node92transit
C_node42node92_wide_t3,0.0,node42transit_node92transit
C_node42node92_wide_t4,0.0,node42transit_node92transit
C_node42node92_wide_t5,0.0,node42transit_node92transit
C_node42node124_timber_t0,0.0,node42transit_node124source
C_node42node124_timber_t1,1.0,node42transit_node124source
C_node42node124_timber_t2,0.0,node42transit_node124source
C_node42node124_timber_t3,0.0,node42transit_node124source
C_node42node124_timber_t4,1.0,node42transit_node124source
C_node42node124_timber_t5,-0.0,node42transit_node124source
C_node42node124_wide_t0,0.0,node42transit_node124source
C_node42node124_wide_t1,0.0,node42transit_node124source
C_node42node124_wide_t2,0.0,node42transit_node124source
C_node42node124_wide_t3,0.0,node42transit_node124source
C_node42node124_wide_t4,-0.0,node42transit_node124source
C_node42node124_wide_t5,0.0,node42transit_node124source
C_node43node90_timber_t0,0.0,node43transit_node90transit
C_node43node90_timber_t1,0.0,node43transit_node90transit
C_node43node90_timber_t2,0.0,node43transit_node90transit
C_node43node90_timber_t3,0.0,node43transit_node90transit
C_node43node90_timber_t4,0.0,node43transit_node90transit
C_node43node90_timber_t5,0.0,node43transit_node90transit
C_node43node90_wide_t0,0.0,node43transit_node90transit
C_node43node90_wide_t1,0.0,node43transit_node90transit
C_node43node90_wide_t2,0.0,node43transit_node90transit
C_node43node90_wide_t3,0.0,node43transit_node90transit
C_node43node90_wide_t4,0.0,node43transit_node90transit
C_node43node90_wide_t5,0.0,node43transit_node90transit
C_node43node105_timber_t0,0.0,node43transit_node105exit
C_node43node105_timber_t1,0.0,node43transit_node105exit
C_node43node105_timber_t2,0.0,node43transit_node105exit
C_node43node105_timber_t3,0.0,node43transit_node105exit
C_node43node105_timber_t4,0.0,node43transit_node105exit
C_node43node105_timber_t5,0.0,node43transit_node105exit
C_node43node105_wide_t0,0.0,node43transit_node105exit
C_node43node105_wide_t1,0.0,node43transit_node105exit
C_node43node105_wide_t2,0.0,node43transit_node105exit
C_node43node105_wide_t3,0.0,node43transit_node105exit
C_node43node105_wide_t4,0.0,node43transit_node105exit
C_node43node105_wide_t5,0.0,node43transit_node105exit
C_node43node135_timber_t0,0.0,node43transit_node135source
C_node43node135_timber_t1,1.0,node43transit_node135source
C_node43node135_timber_t2,0.0,node43transit_node135source
C_node43node135_timber_t3,1.0,node43transit_node135source
C_node43node135_timber_t4,0.0,node43transit_node135source
C_node43node135_timber_t5,-0.0,node43transit_node135source
C_node43node135_wide_t0,0.0,node43transit_node135source
C_node43node135_wide_t1,0.0,node43transit_node135source
C_node43node135_wide_t2,0.0,node43transit_node135source
C_node43node135_wide_t3,0.0,node43transit_node135source
C_node43node135_wide_t4,-0.0,node43transit_node135source
C_node43node135_wide_t5,0.0,node43transit_node135source
C_node44node78_timber_t0,0.0,node44transit_node78transit
C_node44node78_timber_t1,0.0,node44transit_node78transit
C_node44node78_timber_t2,0.0,node44transit_node78transit
C_node44node78_timber_t3,0.0,node44transit_node78transit
C_node44node78_timber_t4,0.0,node44transit_node78transit
C_node44node78_timber_t5,0.0,node44transit_node78transit
C_node44node78_wide_t0,0.0,node44transit_node78transit
C_node44node78_wide_t1,0.0,node44transit_node78transit
C_node44node78_wide_t2,0.0,node44transit_node78transit
C_node44node78_wide_t3,0.0,node44transit_node78transit
C_node44node78_wide_t4,0.0,node44transit_node78transit
C_node44node78_wide_t5,0.0,node44transit_node78transit
C_node44node139_timber_t0,0.0,node44transit_node139source
C_node44node139_timber_t1,1.0,node44transit_node139source
C_node44node139_timber_t2,0.0,node44transit_node139source
C_node44node139_timber_t3,-0.0,node44transit_node139source
C_node44node139_timber_t4,1.0,node44transit_node139source
C_node44node139_timber_t5,0.0,node44transit_node139source
C_node44node139_wide_t0,0.0,node44transit_node139source
C_node44node139_wide_t1,0.0,node44transit_node139source
C_node44node139_wide_t2,0.0,node44transit_node139source
C_node44node139_wide_t3,0.0,node44transit_node139source
C_node44node139_wide_t4,-0.0,node44transit_node139source
C_node44node139_wide_t5,-0.0,node44transit_node139source
C_node44node141_timber_t0,0.0,node44transit_node141source
C_node44node141_timber_t1,1.0,node44transit_node141source
C_node44node141_timber_t2,0.0,node44transit_node141source
C_node44node141_timber_t3,1.0,node44transit_node141source
C_node44node141_timber_t4,0.0,node44transit_node141source
C_node44node141_timber_t5,-0.0,node44transit_node141source
C_node44node141_wide_t0,0.0,node44transit_node141source
C_node44node141_wide_t1,0.0,node44transit_node141source
C_node44node141_wide_t2,0.0,node44transit_node141source
C_node44node141_wide_t3,-0.0,node44transit_node141source
C_node44node141_wide_t4,-0.0,node44transit_node141source
C_node44node141_wide_t5,0.0,node44transit_node141source
C_node45node77_timber_t0,0.0,node45transit_node77transit
C_node45node77_timber_t1,0.0,node45transit_node77transit
C_node45node77_timber_t2,0.0,node45transit_node77transit
C_node45node77_timber_t3,0.0,node45transit_node77transit
C_node45node77_timber_t4,0.0,node45transit_node77transit
C_node45node77_timber_t5,0.0,node45transit_node77transit
C_node45node77_wide_t0,0.0,node45transit_node77transit
C_node45node77_wide_t1,0.0,node45transit_node77transit
C_node45node77_wide_t2,0.0,node45transit_node77transit
C_node45node77_wide_t3,0.0,node45transit_node77transit
C_node45node77_wide_t4,0.0,node45transit_node77transit
C_node45node77_wide_t5,0.0,node45transit_node77transit
C_node45node63_timber_t0,0.0,node45transit_node63transit
C_node45node63_timber_t1,0.0,node45transit_node63transit
C_node45node63_timber_t2,0.0,node45transit_node63transit
C_node45node63_timber_t3,0.0,node45transit_node63transit
C_node45node63_timber_t4,0.0,node45transit_node63transit
C_node45node63_timber_t5,0.0,node45transit_node63transit
C_node45node63_wide_t0,0.0,node45transit_node63transit
C_node45node63_wide_t1,0.0,node45transit_node63transit
C_node45node63_wide_t2,0.0,node45transit_node63transit
C_node45node63_wide_t3,0.0,node45transit_node63transit
C_node45node63_wide_t4,0.0,node45transit_node63transit
C_node45node63_wide_t5,0.0,node45transit_node63transit
C_node45node137_timber_t0,0.0,node45transit_node137source
C_node45node137_timber_t1,1.0,node45transit_node137source
C_node45node137_timber_t2,0.0,node45transit_node137source
C_node45node137_timber_t3,-0.0,node45transit_node137source
C_node45node137_timber_t4,0.0,node45transit_node137source
C_node45node137_timber_t5,-0.0,node45transit_node137source
C_node45node137_wide_t0,0.0,node45transit_node137source
C_node45node137_wide_t1,0.0,node45transit_node137source
C_node45node137_wide_t2,0.0,node45transit_node137source
C_node45node137_wide_t3,0.0,node45transit_node137source
C_node45node137_wide_t4,-0.0,node45transit_node137source
C_node45node137_wide_t5,0.0,node45transit_node137source
C_node45node140_timber_t0,0.0,node45transit_node140source
C_node45node140_timber_t1,1.0,node45transit_node140source
C_node45node140_timber_t2,0.0,node45transit_node140source
C_node45node140_timber_t3,-0.0,node45transit_node140source
C_node45node140_timber_t4,0.0,node45transit_node140source
C_node45node140_timber_t5,-0.0,node45transit_node140source
C_node45node140_wide_t0,0.0,node45transit_node140source
C_node45node140_wide_t1,0.0,node45transit_node140source
C_node45node140_wide_t2,0.0,node45transit_node140source
C_node45node140_wide_t3,0.0,node45transit_node140source
C_node45node140_wide_t4,-0.0,node45transit_node140source
C_node45node140_wide_t5,0.0,node45transit_node140source
C_node46node53_timber_t0,0.0,node46transit_node53transit
C_node46node53_timber_t1,0.0,node46transit_node53transit
C_node46node53_timber_t2,0.0,node46transit_node53transit
C_node46node53_timber_t3,0.0,node46transit_node53transit
C_node46node53_timber_t4,0.0,node46transit_node53transit
C_node46node53_timber_t5,0.0,node46transit_node53transit
C_node46node53_wide_t0,0.0,node46transit_node53transit
C_node46node53_wide_t1,0.0,node46transit_node53transit
C_node46node53_wide_t2,0.0,node46transit_node53transit
C_node46node53_wide_t3,0.0,node46transit_node53transit
C_node46node53_wide_t4,0.0,node46transit_node53transit
C_node46node53_wide_t5,0.0,node46transit_node53transit
C_node46node82_timber_t0,0.0,node46transit_node82transit
C_node46node82_timber_t1,0.0,node46transit_node82transit
C_node46node82_timber_t2,0.0,node46transit_node82transit
C_node46node82_timber_t3,0.0,node46transit_node82transit
C_node46node82_timber_t4,0.0,node46transit_node82transit
C_node46node82_timber_t5,0.0,node46transit_node82transit
C_node46node82_wide_t0,0.0,node46transit_node82transit
C_node46node82_wide_t1,0.0,node46transit_node82transit
C_node46node82_wide_t2,0.0,node46transit_node82transit
C_node46node82_wide_t3,0.0,node46transit_node82transit
C_node46node82_wide_t4,0.0,node46transit_node82transit
C_node46node82_wide_t5,0.0,node46transit_node82transit
C_node46node128_timber_t0,0.0,node46transit_node128source
C_node46node128_timber_t1,1.0,node46transit_node128source
C_node46node128_timber_t2,0.0,node46transit_node128source
C_node46node128_timber_t3,0.0,node46transit_node128source
C_node46node128_timber_t4,-0.0,node46transit_node128source
C_node46node128_timber_t5,0.0,node46transit_node128source
C_node46node128_wide_t0,0.0,node46transit_node128source
C_node46node128_wide_t1,0.0,node46transit_node128source
C_node46node128_wide_t2,0.0,node46transit_node128source
C_node46node128_wide_t3,0.0,node46transit_node128source
C_node46node128_wide_t4,0.0,node46transit_node128source
C_node46node128_wide_t5,-0.0,node46transit_node128source
C_node47node106_timber_t0,0.0,node47exit_node106exit
C_node47node106_timber_t1,0.0,node47exit_node106exit
C_node47node106_timber_t2,0.0,node47exit_node106exit
C_node47node106_timber_t3,0.0,node47exit_node106exit
C_node47node106_timber_t4,0.0,node47exit_node106exit
C_node47node106_timber_t5,0.0,node47exit_node106exit
C_node47node106_wide_t0,0.0,node47exit_node106exit
C_node47node106_wide_t1,0.0,node47exit_node106exit
C_node47node106_wide_t2,0.0,node47exit_node106exit
C_node47node106_wide_t3,0.0,node47exit_node106exit
C_node47node106_wide_t4,0.0,node47exit_node106exit
C_node47node106_wide_t5,0.0,node47exit_node106exit
C_node48node100_timber_t0,0.0,node48exit_node100exit
C_node48node100_timber_t1,0.0,node48exit_node100exit
C_node48node100_timber_t2,0.0,node48exit_node100exit
C_node48node100_timber_t3,0.0,node48exit_node100exit
C_node48node100_timber_t4,0.0,node48exit_node100exit
C_node48node100_timber_t5,0.0,node48exit_node100exit
C_node48node100_wide_t0,0.0,node48exit_node100exit
C_node48node100_wide_t1,0.0,node48exit_node100exit
C_node48node100_wide_t2,0.0,node48exit_node100exit
C_node48node100_wide_t3,0.0,node48exit_node100exit
C_node48node100_wide_t4,0.0,node48exit_node100exit
C_node48node100_wide_t5,0.0,node48exit_node100exit
C_node49node114_timber_t0,0.0,node49exit_node114exit
C_node49node114_timber_t1,0.0,node49exit_node114exit
C_node49node114_timber_t2,0.0,node49exit_node114exit
C_node49node114_timber_t3,0.0,node49exit_node114exit
C_node49node114_timber_t4,0.0,node49exit_node114exit
C_node49node114_timber_t5,0.0,node49exit_node114exit
C_node49node114_wide_t0,0.0,node49exit_node114exit
C_node49node114_wide_t1,0.0,node49exit_node114exit
C_node49node114_wide_t2,0.0,node49exit_node114exit
C_node49node114_wide_t3,0.0,node49exit_node114exit
C_node49node114_wide_t4,0.0,node49exit_node114exit
C_node49node114_wide_t5,0.0,node49exit_node114exit
C_node50node54_timber_t0,0.0,node50transit_node54transit
C_node50node54_timber_t1,0.0,node50transit_node54transit
C_node50node54_timber_t2,0.0,node50transit_node54transit
C_node50node54_timber_t3,0.0,node50transit_node54transit
C_node50node54_timber_t4,0.0,node50transit_node54transit
C_node50node54_timber_t5,0.0,node50transit_node54transit
C_node50node54_wide_t0,0.0,node50transit_node54transit
C_node50node54_wide_t1,0.0,node50transit_node54transit
C_node50node54_wide_t2,0.0,node50transit_node54transit
C_node50node54_wide_t3,0.0,node50transit_node54transit
C_node50node54_wide_t4,0.0,node50transit_node54transit
C_node50node54_wide_t5,0.0,node50transit_node54transit
C_node50node68_timber_t0,0.0,node50transit_node68transit
C_node50node68_timber_t1,0.0,node50transit_node68transit
C_node50node68_timber_t2,0.0,node50transit_node68transit
C_node50node68_timber_t3,0.0,node50transit_node68transit
C_node50node68_timber_t4,0.0,node50transit_node68transit
C_node50node68_timber_t5,0.0,node50transit_node68transit
C_node50node68_wide_t0,0.0,node50transit_node68transit
C_node50node68_wide_t1,0.0,node50transit_node68transit
C_node50node68_wide_t2,0.0,node50transit_node68transit
C_node50node68_wide_t3,0.0,node50transit_node68transit
C_node50node68_wide_t4,0.0,node50transit_node68transit
C_node50node68_wide_t5,0.0,node50transit_node68transit
C_node50node130_timber_t0,0.0,node50transit_node130source
C_node50node130_timber_t1,1.0,node50transit_node130source
C_node50node130_timber_t2,0.0,node50transit_node130source
C_node50node130_timber_t3,0.0,node50transit_node130source
C_node50node130_timber_t4,-0.0,node50transit_node130source
C_node50node130_timber_t5,-0.0,node50transit_node130source
C_node50node130_wide_t0,0.0,node50transit_node130source
C_node50node130_wide_t1,0.0,node50transit_node130source
C_node50node130_wide_t2,0.0,node50transit_node130source
C_node50node130_wide_t3,-0.0,node50transit_node130source
C_node50node130_wide_t4,-0.0,node50transit_node130source
C_node50node130_wide_t5,0.0,node50transit_node130source
C_node50node132_timber_t0,0.0,node50transit_node132source
C_node50node132_timber_t1,1.0,node50transit_node132source
C_node50node132_timber_t2,0.0,node50transit_node132source
C_node50node132_timber_t3,-0.0,node50transit_node132source
C_node50node132_timber_t4,-0.0,node50transit_node132source
C_node50node132_timber_t5,0.0,node50transit_node132source
C_node50node132_wide_t0,0.0,node50transit_node132source
C_node50node132_wide_t1,0.0,node50transit_node132source
C_node50node132_wide_t2,0.0,node50transit_node132source
C_node50node132_wide_t3,-0.0,node50transit_node132source
C_node50node132_wide_t4,1.0,node50transit_node132source
C_node50node132_wide_t5,-0.0,node50transit_node132source
C_node51node62_timber_t0,0.0,node51transit_node62transit
C_node51node62_timber_t1,1.0,node51transit_node62transit
C_node51node62_timber_t2,0.0,node51transit_node62transit
C_node51node62_timber_t3,0.0,node51transit_node62transit
C_node51node62_timber_t4,0.0,node51transit_node62transit
C_node51node62_timber_t5,0.0,node51transit_node62transit
C_node51node62_wide_t0,0.0,node51transit_node62transit
C_node51node62_wide_t1,0.0,node51transit_node62transit
C_node51node62_wide_t2,0.0,node51transit_node62transit
C_node51node62_wide_t3,0.0,node51transit_node62transit
C_node51node62_wide_t4,0.0,node51transit_node62transit
C_node51node62_wide_t5,0.0,node51transit_node62transit
C_node51node61_timber_t0,0.0,node51transit_node61transit
C_node51node61_timber_t1,1.0,node51transit_node61transit
C_node51node61_timber_t2,0.0,node51transit_node61transit
C_node51node61_timber_t3,0.0,node51transit_node61transit
C_node51node61_timber_t4,0.0,node51transit_node61transit
C_node51node61_timber_t5,0.0,node51transit_node61transit
C_node51node61_wide_t0,0.0,node51transit_node61transit
C_node51node61_wide_t1,0.0,node51transit_node61transit
C_node51node61_wide_t2,0.0,node51transit_node61transit
C_node51node61_wide_t3,0.0,node51transit_node61transit
C_node51node61_wide_t4,0.0,node51transit_node61transit
C_node51node61_wide_t5,0.0,node51transit_node61transit
C_node51node93_timber_t0,0.0,node51transit_node93transit
C_node51node93_timber_t1,0.0,node51transit_node93transit
C_node51node93_timber_t2,0.0,node51transit_node93transit
C_node51node93_timber_t3,0.0,node51transit_node93transit
C_node51node93_timber_t4,0.0,node51transit_node93transit
C_node51node93_timber_t5,0.0,node51transit_node93transit
C_node51node93_wide_t0,0.0,node51transit_node93transit
C_node51node93_wide_t1,0.0,node51transit_node93transit
C_node51node93_wide_t2,0.0,node51transit_node93transit
C_node51node93_wide_t3,0.0,node51transit_node93transit
C_node51node93_wide_t4,0.0,node51transit_node93transit
C_node51node93_wide_t5,0.0,node51transit_node93transit
C_node51node119_timber_t0,0.0,node51transit_node119source
C_node51node119_timber_t1,1.0,node51transit_node119source
C_node51node119_timber_t2,0.0,node51transit_node119source
C_node51node119_timber_t3,0.0,node51transit_node119source
C_node51node119_timber_t4,-0.0,node51transit_node119source
C_node51node119_timber_t5,0.0,node51transit_node119source
C_node51node119_wide_t0,0.0,node51transit_node119source
C_node51node119_wide_t1,0.0,node51transit_node119source
C_node51node119_wide_t2,0.0,node51transit_node119source
C_node51node119_wide_t3,0.0,node51transit_node119source
C_node51node119_wide_t4,0.0,node51transit_node119source
C_node51node119_wide_t5,-0.0,node51transit_node119source
C_node51node120_timber_t0,0.0,node51transit_node120source
C_node51node120_timber_t1,1.0,node51transit_node120source
C_node51node120_timber_t2,0.0,node51transit_node120source
C_node51node120_timber_t3,-0.0,node51transit_node120source
C_node51node120_timber_t4,-0.0,node51transit_node120source
C_node51node120_timber_t5,-0.0,node51transit_node120source
C_node51node120_wide_t0,0.0,node51transit_node120source
C_node51node120_wide_t1,0.0,node51transit_node120source
C_node51node120_wide_t2,0.0,node51transit_node120source
C_node51node120_wide_t3,0.0,node51transit_node120source
C_node51node120_wide_t4,-0.0,node51transit_node120source
C_node51node120_wide_t5,0.0,node51transit_node120source
C_node52node130_timber_t0,0.0,node52transit_node130source
C_node52node130_timber_t1,1.0,node52transit_node130source
C_node52node130_timber_t2,0.0,node52transit_node130source
C_node52node130_timber_t3,-0.0,node52transit_node130source
C_node52node130_timber_t4,-0.0,node52transit_node130source
C_node52node130_timber_t5,0.0,node52transit_node130source
C_node52node130_wide_t0,0.0,node52transit_node130source
C_node52node130_wide_t1,0.0,node52transit_node130source
C_node52node130_wide_t2,0.0,node52transit_node130source
C_node52node130_wide_t3,-0.0,node52transit_node130source
C_node52node130_wide_t4,1.0,node52transit_node130source
C_node52node130_wide_t5,-0.0,node52transit_node130source
C_node52node139_timber_t0,0.0,node52transit_node139source
C_node52node139_timber_t1,0.0,node52transit_node139source
C_node52node139_timber_t2,0.0,node52transit_node139source
C_node52node139_timber_t3,-0.0,node52transit_node139source
C_node52node139_timber_t4,0.0,node52transit_node139source
C_node52node139_timber_t5,0.0,node52transit_node139source
C_node52node139_wide_t0,0.0,node52transit_node139source
C_node52node139_wide_t1,1.0,node52transit_node139source
C_node52node139_wide_t2,0.0,node52transit_node139source
C_node52node139_wide_t3,0.0,node52transit_node139source
C_node52node139_wide_t4,-0.0,node52transit_node139source
C_node52node139_wide_t5,-0.0,node52transit_node139source
C_node52node142_timber_t0,0.0,node52transit_node142source
C_node52node142_timber_t1,1.0,node52transit_node142source
C_node52node142_timber_t2,0.0,node52transit_node142source
C_node52node142_timber_t3,-0.0,node52transit_node142source
C_node52node142_timber_t4,-0.0,node52transit_node142source
C_node52node142_timber_t5,0.0,node52transit_node142source
C_node52node142_wide_t0,0.0,node52transit_node142source
C_node52node142_wide_t1,0.0,node52transit_node142source
C_node52node142_wide_t2,0.0,node52transit_node142source
C_node52node142_wide_t3,0.0,node52transit_node142source
C_node52node142_wide_t4,-0.0,node52transit_node142source
C_node52node142_wide_t5,-0.0,node52transit_node142source
C_node53node82_timber_t0,0.0,node53transit_node82transit
C_node53node82_timber_t1,0.0,node53transit_node82transit
C_node53node82_timber_t2,0.0,node53transit_node82transit
C_node53node82_timber_t3,0.0,node53transit_node82transit
C_node53node82_timber_t4,0.0,node53transit_node82transit
C_node53node82_timber_t5,0.0,node53transit_node82transit
C_node53node82_wide_t0,0.0,node53transit_node82transit
C_node53node82_wide_t1,0.0,node53transit_node82transit
C_node53node82_wide_t2,0.0,node53transit_node82transit
C_node53node82_wide_t3,0.0,node53transit_node82transit
C_node53node82_wide_t4,0.0,node53transit_node82transit
C_node53node82_wide_t5,0.0,node53transit_node82transit
C_node53node104_timber_t0,0.0,node53transit_node104exit
C_node53node104_timber_t1,1.0,node53transit_node104exit
C_node53node104_timber_t2,0.0,node53transit_node104exit
C_node53node104_timber_t3,0.0,node53transit_node104exit
C_node53node104_timber_t4,0.0,node53transit_node104exit
C_node53node104_timber_t5,0.0,node53transit_node104exit
C_node53node104_wide_t0,0.0,node53transit_node104exit
C_node53node104_wide_t1,0.0,node53transit_node104exit
C_node53node104_wide_t2,0.0,node53transit_node104exit
C_node53node104_wide_t3,0.0,node53transit_node104exit
C_node53node104_wide_t4,0.0,node53transit_node104exit
C_node53node104_wide_t5,0.0,node53transit_node104exit
C_node53node128_timber_t0,0.0,node53transit_node128source
C_node53node128_timber_t1,1.0,node53transit_node128source
C_node53node128_timber_t2,0.0,node53transit_node128source
C_node53node128_timber_t3,0.0,node53transit_node128source
C_node53node128_timber_t4,-0.0,node53transit_node128source
C_node53node128_timber_t5,-0.0,node53transit_node128source
C_node53node128_wide_t0,0.0,node53transit_node128source
C_node53node128_wide_t1,0.0,node53transit_node128source
C_node53node128_wide_t2,0.0,node53transit_node128source
C_node53node128_wide_t3,0.0,node53transit_node128source
C_node53node128_wide_t4,0.0,node53transit_node128source
C_node53node128_wide_t5,0.0,node53transit_node128source
C_node54node75_timber_t0,0.0,node54transit_node75transit
C_node54node75_timber_t1,0.0,node54transit_node75transit
C_node54node75_timber_t2,0.0,node54transit_node75transit
C_node54node75_timber_t3,0.0,node54transit_node75transit
C_node54node75_timber_t4,0.0,node54transit_node75transit
C_node54node75_timber_t5,0.0,node54transit_node75transit
C_node54node75_wide_t0,0.0,node54transit_node75transit
C_node54node75_wide_t1,0.0,node54transit_node75transit
C_node54node75_wide_t2,0.0,node54transit_node75transit
C_node54node75_wide_t3,0.0,node54transit_node75transit
C_node54node75_wide_t4,0.0,node54transit_node75transit
C_node54node75_wide_t5,0.0,node54transit_node75transit
C_node54node130_timber_t0,0.0,node54transit_node130source
C_node54node130_timber_t1,1.0,node54transit_node130source
C_node54node130_timber_t2,0.0,node54transit_node130source
C_node54node130_timber_t3,-0.0,node54transit_node130source
C_node54node130_timber_t4,1.0,node54transit_node130source
C_node54node130_timber_t5,-0.0,node54transit_node130source
C_node54node130_wide_t0,0.0,node54transit_node130source
C_node54node130_wide_t1,0.0,node54transit_node130source
C_node54node130_wide_t2,0.0,node54transit_node130source
C_node54node130_wide_t3,-0.0,node54transit_node130source
C_node54node130_wide_t4,-0.0,node54transit_node130source
C_node54node130_wide_t5,0.0,node54transit_node130source
C_node55node87_timber_t0,0.0,node55transit_node87transit
C_node55node87_timber_t1,1.0,node55transit_node87transit
C_node55node87_timber_t2,0.0,node55transit_node87transit
C_node55node87_timber_t3,0.0,node55transit_node87transit
C_node55node87_timber_t4,0.0,node55transit_node87transit
C_node55node87_timber_t5,0.0,node55transit_node87transit
C_node55node87_wide_t0,0.0,node55transit_node87transit
C_node55node87_wide_t1,0.0,node55transit_node87transit
C_node55node87_wide_t2,0.0,node55transit_node87transit
C_node55node87_wide_t3,0.0,node55transit_node87transit
C_node55node87_wide_t4,0.0,node55transit_node87transit
C_node55node87_wide_t5,0.0,node55transit_node87transit
C_node55node119_timber_t0,0.0,node55transit_node119source
C_node55node119_timber_t1,1.0,node55transit_node119source
C_node55node119_timber_t2,0.0,node55transit_node119source
C_node55node119_timber_t3,0.0,node55transit_node119source
C_node55node119_timber_t4,-0.0,node55transit_node119source
C_node55node119_timber_t5,-0.0,node55transit_node119source
C_node55node119_wide_t0,0.0,node55transit_node119source
C_node55node119_wide_t1,0.0,node55transit_node119source
C_node55node119_wide_t2,0.0,node55transit_node119source
C_node55node119_wide_t3,0.0,node55transit_node119source
C_node55node119_wide_t4,0.0,node55transit_node119source
C_node55node119_wide_t5,0.0,node55transit_node119source
C_node55node121_timber_t0,0.0,node55transit_node121source
C_node55node121_timber_t1,1.0,node55transit_node121source
C_node55node121_timber_t2,0.0,node55transit_node121source
C_node55node121_timber_t3,0.0,node55transit_node121source
C_node55node121_timber_t4,-0.0,node55transit_node121source
C_node55node121_timber_t5,-0.0,node55transit_node121source
C_node55node121_wide_t0,0.0,node55transit_node121source
C_node55node121_wide_t1,0.0,node55transit_node121source
C_node55node121_wide_t2,0.0,node55transit_node121source
C_node55node121_wide_t3,0.0,node55transit_node121source
C_node55node121_wide_t4,-0.0,node55transit_node121source
C_node55node121_wide_t5,0.0,node55transit_node121source
C_node56node75_timber_t0,0.0,node56transit_node75transit
C_node56node75_timber_t1,0.0,node56transit_node75transit
C_node56node75_timber_t2,0.0,node56transit_node75transit
C_node56node75_timber_t3,0.0,node56transit_node75transit
C_node56node75_timber_t4,0.0,node56transit_node75transit
C_node56node75_timber_t5,0.0,node56transit_node75transit
C_node56node75_wide_t0,0.0,node56transit_node75transit
C_node56node75_wide_t1,0.0,node56transit_node75transit
C_node56node75_wide_t2,0.0,node56transit_node75transit
C_node56node75_wide_t3,0.0,node56transit_node75transit
C_node56node75_wide_t4,0.0,node56transit_node75transit
C_node56node75_wide_t5,0.0,node56transit_node75transit
C_node56node126_timber_t0,0.0,node56transit_node126source
C_node56node126_timber_t1,1.0,node56transit_node126source
C_node56node126_timber_t2,0.0,node56transit_node126source
C_node56node126_timber_t3,0.0,node56transit_node126source
C_node56node126_timber_t4,-0.0,node56transit_node126source
C_node56node126_timber_t5,-0.0,node56transit_node126source
C_node56node126_wide_t0,0.0,node56transit_node126source
C_node56node126_wide_t1,0.0,node56transit_node126source
C_node56node126_wide_t2,0.0,node56transit_node126source
C_node56node126_wide_t3,1.0,node56transit_node126source
C_node56node126_wide_t4,-0.0,node56transit_node126source
C_node56node126_wide_t5,0.0,node56transit_node126source
C_node56node129_timber_t0,0.0,node56transit_node129source
C_node56node129_timber_t1,1.0,node56transit_node129source
C_node56node129_timber_t2,0.0,node56transit_node129source
C_node56node129_timber_t3,-0.0,node56transit_node129source
C_node56node129_timber_t4,0.0,node56transit_node129source
C_node56node129_timber_t5,0.0,node56transit_node129source
C_node56node129_wide_t0,0.0,node56transit_node129source
C_node56node129_wide_t1,0.0,node56transit_node129source
C_node56node129_wide_t2,0.0,node56transit_node129source
C_node56node129_wide_t3,-0.0,node56transit_node129source
C_node56node129_wide_t4,-0.0,node56transit_node129source
C_node56node129_wide_t5,-0.0,node56transit_node129source
C_node56node130_timber_t0,0.0,node56transit_node130source
C_node56node130_timber_t1,1.0,node56transit_node130source
C_node56node130_timber_t2,0.0,node56transit_node130source
C_node56node130_timber_t3,-0.0,node56transit_node130source
C_node56node130_timber_t4,-0.0,node56transit_node130source
C_node56node130_timber_t5,0.0,node56transit_node130source
C_node56node130_wide_t0,0.0,node56transit_node130source
C_node56node130_wide_t1,0.0,node56transit_node130source
C_node56node130_wide_t2,0.0,node56transit_node130source
C_node56node130_wide_t3,-0.0,node56transit_node130source
C_node56node130_wide_t4,-0.0,node56transit_node130source
C_node56node130_wide_t5,-0.0,node56transit_node130source
C_node57node72_timber_t0,0.0,node57transit_node72transit
C_node57node72_timber_t1,0.0,node57transit_node72transit
C_node57node72_timber_t2,0.0,node57transit_node72transit
C_node57node72_timber_t3,0.0,node57transit_node72transit
C_node57node72_timber_t4,0.0,node57transit_node72transit
C_node57node72_timber_t5,0.0,node57transit_node72transit
C_node57node72_wide_t0,0.0,node57transit_node72transit
C_node57node72_wide_t1,0.0,node57transit_node72transit
C_node57node72_wide_t2,0.0,node57transit_node72transit
C_node57node72_wide_t3,0.0,node57transit_node72transit
C_node57node72_wide_t4,0.0,node57transit_node72transit
C_node57node72_wide_t5,0.0,node57transit_node72transit
C_node57node65_timber_t0,0.0,node57transit_node65transit
C_node57node65_timber_t1,0.0,node57transit_node65transit
C_node57node65_timber_t2,0.0,node57transit_node65transit
C_node57node65_timber_t3,0.0,node57transit_node65transit
C_node57node65_timber_t4,0.0,node57transit_node65transit
C_node57node65_timber_t5,0.0,node57transit_node65transit
C_node57node65_wide_t0,0.0,node57transit_node65transit
C_node57node65_wide_t1,0.0,node57transit_node65transit
C_node57node65_wide_t2,0.0,node57transit_node65transit
C_node57node65_wide_t3,0.0,node57transit_node65transit
C_node57node65_wide_t4,0.0,node57transit_node65transit
C_node57node65_wide_t5,0.0,node57transit_node65transit
C_node57node129_timber_t0,0.0,node57transit_node129source
C_node57node129_timber_t1,1.0,node57transit_node129source
C_node57node129_timber_t2,0.0,node57transit_node129source
C_node57node129_timber_t3,1.0,node57transit_node129source
C_node57node129_timber_t4,-0.0,node57transit_node129source
C_node57node129_timber_t5,-0.0,node57transit_node129source
C_node57node129_wide_t0,0.0,node57transit_node129source
C_node57node129_wide_t1,0.0,node57transit_node129source
C_node57node129_wide_t2,0.0,node57transit_node129source
C_node57node129_wide_t3,0.0,node57transit_node129source
C_node57node129_wide_t4,-0.0,node57transit_node129source
C_node57node129_wide_t5,0.0,node57transit_node129source
C_node57node138_timber_t0,0.0,node57transit_node138source
C_node57node138_timber_t1,1.0,node57transit_node138source
C_node57node138_timber_t2,0.0,node57transit_node138source
C_node57node138_timber_t3,0.0,node57transit_node138source
C_node57node138_timber_t4,-0.0,node57transit_node138source
C_node57node138_timber_t5,-0.0,node57transit_node138source
C_node57node138_wide_t0,0.0,node57transit_node138source
C_node57node138_wide_t1,0.0,node57transit_node138source
C_node57node138_wide_t2,0.0,node57transit_node138source
C_node57node138_wide_t3,0.0,node57transit_node138source
C_node57node138_wide_t4,0.0,node57transit_node138source
C_node57node138_wide_t5,0.0,node57transit_node138source
C_node58node80_timber_t0,0.0,node58transit_node80transit
C_node58node80_timber_t1,1.0,node58transit_node80transit
C_node58node80_timber_t2,0.0,node58transit_node80transit
C_node58node80_timber_t3,0.0,node58transit_node80transit
C_node58node80_timber_t4,0.0,node58transit_node80transit
C_node58node80_timber_t5,0.0,node58transit_node80transit
C_node58node80_wide_t0,0.0,node58transit_node80transit
C_node58node80_wide_t1,0.0,node58transit_node80transit
C_node58node80_wide_t2,0.0,node58transit_node80transit
C_node58node80_wide_t3,0.0,node58transit_node80transit
C_node58node80_wide_t4,0.0,node58transit_node80transit
C_node58node80_wide_t5,0.0,node58transit_node80transit
C_node58node143_timber_t0,0.0,node58transit_node143source
C_node58node143_timber_t1,1.0,node58transit_node143source
C_node58node143_timber_t2,0.0,node58transit_node143source
C_node58node143_timber_t3,1.0,node58transit_node143source
C_node58node143_timber_t4,-0.0,node58transit_node143source
C_node58node143_timber_t5,-0.0,node58transit_node143source
C_node58node143_wide_t0,0.0,node58transit_node143source
C_node58node143_wide_t1,0.0,node58transit_node143source
C_node58node143_wide_t2,0.0,node58transit_node143source
C_node58node143_wide_t3,-0.0,node58transit_node143source
C_node58node143_wide_t4,-0.0,node58transit_node143source
C_node58node143_wide_t5,0.0,node58transit_node143source
C_node59node101_timber_t0,0.0,node59transit_node101exit
C_node59node101_timber_t1,1.0,node59transit_node101exit
C_node59node101_timber_t2,0.0,node59transit_node101exit
C_node59node101_timber_t3,0.0,node59transit_node101exit
C_node59node101_timber_t4,0.0,node59transit_node101exit
C_node59node101_timber_t5,-0.0,node59transit_node101exit
C_node59node101_wide_t0,0.0,node59transit_node101exit
C_node59node101_wide_t1,0.0,node59transit_node101exit
C_node59node101_wide_t2,0.0,node59transit_node101exit
C_node59node101_wide_t3,0.0,node59transit_node101exit
C_node59node101_wide_t4,0.0,node59transit_node101exit
C_node59node101_wide_t5,0.0,node59transit_node101exit
C_node59node105_timber_t0,0.0,node59transit_node105exit
C_node59node105_timber_t1,0.0,node59transit_node105exit
C_node59node105_timber_t2,0.0,node59transit_node105exit
C_node59node105_timber_t3,0.0,node59transit_node105exit
C_node59node105_timber_t4,0.0,node59transit_node105exit
C_node59node105_timber_t5,0.0,node59transit_node105exit
C_node59node105_wide_t0,0.0,node59transit_node105exit
C_node59node105_wide_t1,0.0,node59transit_node105exit
C_node59node105_wide_t2,0.0,node59transit_node105exit
C_node59node105_wide_t3,0.0,node59transit_node105exit
C_node59node105_wide_t4,0.0,node59transit_node105exit
C_node59node105_wide_t5,0.0,node59transit_node105exit
C_node60node100_timber_t0,0.0,node60transit_node100exit
C_node60node100_timber_t1,0.0,node60transit_node100exit
C_node60node100_timber_t2,0.0,node60transit_node100exit
C_node60node100_timber_t3,0.0,node60transit_node100exit
C_node60node100_timber_t4,0.0,node60transit_node100exit
C_node60node100_timber_t5,0.0,node60transit_node100exit
C_node60node100_wide_t0,0.0,node60transit_node100exit
C_node60node100_wide_t1,0.0,node60transit_node100exit
C_node60node100_wide_t2,0.0,node60transit_node100exit
C_node60node100_wide_t3,0.0,node60transit_node100exit
C_node60node100_wide_t4,0.0,node60transit_node100exit
C_node60node100_wide_t5,0.0,node60transit_node100exit
C_node60node114_timber_t0,0.0,node60transit_node114exit
C_node60node114_timber_t1,0.0,node60transit_node114exit
C_node60node114_timber_t2,0.0,node60transit_node114exit
C_node60node114_timber_t3,0.0,node60transit_node114exit
C_node60node114_timber_t4,0.0,node60transit_node114exit
C_node60node114_timber_t5,0.0,node60transit_node114exit
C_node60node114_wide_t0,0.0,node60transit_node114exit
C_node60node114_wide_t1,0.0,node60transit_node114exit
C_node60node114_wide_t2,0.0,node60transit_node114exit
C_node60node114_wide_t3,0.0,node60transit_node114exit
C_node60node114_wide_t4,0.0,node60transit_node114exit
C_node60node114_wide_t5,0.0,node60transit_node114exit
C_node61node86_timber_t0,0.0,node61transit_node86transit
C_node61node86_timber_t1,0.0,node61transit_node86transit
C_node61node86_timber_t2,0.0,node61transit_node86transit
C_node61node86_timber_t3,0.0,node61transit_node86transit
C_node61node86_timber_t4,0.0,node61transit_node86transit
C_node61node86_timber_t5,0.0,node61transit_node86transit
C_node61node86_wide_t0,0.0,node61transit_node86transit
C_node61node86_wide_t1,0.0,node61transit_node86transit
C_node61node86_wide_t2,0.0,node61transit_node86transit
C_node61node86_wide_t3,0.0,node61transit_node86transit
C_node61node86_wide_t4,0.0,node61transit_node86transit
C_node61node86_wide_t5,0.0,node61transit_node86transit
C_node61node118_timber_t0,0.0,node61transit_node118source
C_node61node118_timber_t1,1.0,node61transit_node118source
C_node61node118_timber_t2,0.0,node61transit_node118source
C_node61node118_timber_t3,0.0,node61transit_node118source
C_node61node118_timber_t4,-0.0,node61transit_node118source
C_node61node118_timber_t5,0.0,node61transit_node118source
C_node61node118_wide_t0,0.0,node61transit_node118source
C_node61node118_wide_t1,0.0,node61transit_node118source
C_node61node118_wide_t2,0.0,node61transit_node118source
C_node61node118_wide_t3,0.0,node61transit_node118source
C_node61node118_wide_t4,0.0,node61transit_node118source
C_node61node118_wide_t5,-0.0,node61transit_node118source
C_node61node119_timber_t0,0.0,node61transit_node119source
C_node61node119_timber_t1,1.0,node61transit_node119source
C_node61node119_timber_t2,0.0,node61transit_node119source
C_node61node119_timber_t3,0.0,node61transit_node119source
C_node61node119_timber_t4,-0.0,node61transit_node119source
C_node61node119_timber_t5,0.0,node61transit_node119source
C_node61node119_wide_t0,0.0,node61transit_node119source
C_node61node119_wide_t1,0.0,node61transit_node119source
C_node61node119_wide_t2,0.0,node61transit_node119source
C_node61node119_wide_t3,0.0,node61transit_node119source
C_node61node119_wide_t4,0.0,node61transit_node119source
C_node61node119_wide_t5,-0.0,node61transit_node119source
C_node62node93_timber_t0,0.0,node62transit_node93transit
C_node62node93_timber_t1,0.0,node62transit_node93transit
C_node62node93_timber_t2,0.0,node62transit_node93transit
C_node62node93_timber_t3,0.0,node62transit_node93transit
C_node62node93_timber_t4,0.0,node62transit_node93transit
C_node62node93_timber_t5,0.0,node62transit_node93transit
C_node62node93_wide_t0,0.0,node62transit_node93transit
C_node62node93_wide_t1,0.0,node62transit_node93transit
C_node62node93_wide_t2,0.0,node62transit_node93transit
C_node62node93_wide_t3,0.0,node62transit_node93transit
C_node62node93_wide_t4,0.0,node62transit_node93transit
C_node62node93_wide_t5,0.0,node62transit_node93transit
C_node62node119_timber_t0,0.0,node62transit_node119source
C_node62node119_timber_t1,1.0,node62transit_node119source
C_node62node119_timber_t2,0.0,node62transit_node119source
C_node62node119_timber_t3,0.0,node62transit_node119source
C_node62node119_timber_t4,-0.0,node62transit_node119source
C_node62node119_timber_t5,-0.0,node62transit_node119source
C_node62node119_wide_t0,0.0,node62transit_node119source
C_node62node119_wide_t1,0.0,node62transit_node119source
C_node62node119_wide_t2,0.0,node62transit_node119source
C_node62node119_wide_t3,0.0,node62transit_node119source
C_node62node119_wide_t4,0.0,node62transit_node119source
C_node62node119_wide_t5,0.0,node62transit_node119source
C_node62node120_timber_t0,0.0,node62transit_node120source
C_node62node120_timber_t1,1.0,node62transit_node120source
C_node62node120_timber_t2,0.0,node62transit_node120source
C_node62node120_timber_t3,1.0,node62transit_node120source
C_node62node120_timber_t4,-0.0,node62transit_node120source
C_node62node120_timber_t5,-0.0,node62transit_node120source
C_node62node120_wide_t0,0.0,node62transit_node120source
C_node62node120_wide_t1,0.0,node62transit_node120source
C_node62node120_wide_t2,0.0,node62transit_node120source
C_node62node120_wide_t3,-0.0,node62transit_node120source
C_node62node120_wide_t4,-0.0,node62transit_node120source
C_node62node120_wide_t5,0.0,node62transit_node120source
C_node63node69_timber_t0,0.0,node63transit_node69transit
C_node63node69_timber_t1,0.0,node63transit_node69transit
C_node63node69_timber_t2,0.0,node63transit_node69transit
C_node63node69_timber_t3,0.0,node63transit_node69transit
C_node63node69_timber_t4,1.0,node63transit_node69transit
C_node63node69_timber_t5,0.0,node63transit_node69transit
C_node63node69_wide_t0,0.0,node63transit_node69transit
C_node63node69_wide_t1,0.0,node63transit_node69transit
C_node63node69_wide_t2,0.0,node63transit_node69transit
C_node63node69_wide_t3,0.0,node63transit_node69transit
C_node63node69_wide_t4,0.0,node63transit_node69transit
C_node63node69_wide_t5,0.0,node63transit_node69transit
C_node63node137_timber_t0,0.0,node63transit_node137source
C_node63node137_timber_t1,1.0,node63transit_node137source
C_node63node137_timber_t2,0.0,node63transit_node137source
C_node63node137_timber_t3,-0.0,node63transit_node137source
C_node63node137_timber_t4,0.0,node63transit_node137source
C_node63node137_timber_t5,0.0,node63transit_node137source
C_node63node137_wide_t0,0.0,node63transit_node137source
C_node63node137_wide_t1,0.0,node63transit_node137source
C_node63node137_wide_t2,0.0,node63transit_node137source
C_node63node137_wide_t3,1.0,node63transit_node137source
C_node63node137_wide_t4,-0.0,node63transit_node137source
C_node63node137_wide_t5,-0.0,node63transit_node137source
C_node64node65_timber_t0,0.0,node64transit_node65transit
C_node64node65_timber_t1,0.0,node64transit_node65transit
C_node64node65_timber_t2,0.0,node64transit_node65transit
C_node64node65_timber_t3,0.0,node64transit_node65transit
C_node64node65_timber_t4,0.0,node64transit_node65transit
C_node64node65_timber_t5,0.0,node64transit_node65transit
C_node64node65_wide_t0,0.0,node64transit_node65transit
C_node64node65_wide_t1,0.0,node64transit_node65transit
C_node64node65_wide_t2,0.0,node64transit_node65transit
C_node64node65_wide_t3,0.0,node64transit_node65transit
C_node64node65_wide_t4,0.0,node64transit_node65transit
C_node64node65_wide_t5,0.0,node64transit_node65transit
C_node64node95_timber_t0,0.0,node64transit_node95transit
C_node64node95_timber_t1,1.0,node64transit_node95transit
C_node64node95_timber_t2,0.0,node64transit_node95transit
C_node64node95_timber_t3,0.0,node64transit_node95transit
C_node64node95_timber_t4,0.0,node64transit_node95transit
C_node64node95_timber_t5,0.0,node64transit_node95transit
C_node64node95_wide_t0,0.0,node64transit_node95transit
C_node64node95_wide_t1,0.0,node64transit_node95transit
C_node64node95_wide_t2,0.0,node64transit_node95transit
C_node64node95_wide_t3,0.0,node64transit_node95transit
C_node64node95_wide_t4,0.0,node64transit_node95transit
C_node64node95_wide_t5,0.0,node64transit_node95transit
C_node64node138_timber_t0,0.0,node64transit_node138source
C_node64node138_timber_t1,1.0,node64transit_node138source
C_node64node138_timber_t2,0.0,node64transit_node138source
C_node64node138_timber_t3,0.0,node64transit_node138source
C_node64node138_timber_t4,-0.0,node64transit_node138source
C_node64node138_timber_t5,0.0,node64transit_node138source
C_node64node138_wide_t0,0.0,node64transit_node138source
C_node64node138_wide_t1,0.0,node64transit_node138source
C_node64node138_wide_t2,0.0,node64transit_node138source
C_node64node138_wide_t3,0.0,node64transit_node138source
C_node64node138_wide_t4,0.0,node64transit_node138source
C_node64node138_wide_t5,-0.0,node64transit_node138source
C_node65node94_timber_t0,0.0,node65transit_node94transit
C_node65node94_timber_t1,0.0,node65transit_node94transit
C_node65node94_timber_t2,0.0,node65transit_node94transit
C_node65node94_timber_t3,0.0,node65transit_node94transit
C_node65node94_timber_t4,0.0,node65transit_node94transit
C_node65node94_timber_t5,0.0,node65transit_node94transit
C_node65node94_wide_t0,0.0,node65transit_node94transit
C_node65node94_wide_t1,0.0,node65transit_node94transit
C_node65node94_wide_t2,0.0,node65transit_node94transit
C_node65node94_wide_t3,0.0,node65transit_node94transit
C_node65node94_wide_t4,0.0,node65transit_node94transit
C_node65node94_wide_t5,0.0,node65transit_node94transit
C_node65node138_timber_t0,0.0,node65transit_node138source
C_node65node138_timber_t1,1.0,node65transit_node138source
C_node65node138_timber_t2,0.0,node65transit_node138source
C_node65node138_timber_t3,0.0,node65transit_node138source
C_node65node138_timber_t4,-0.0,node65transit_node138source
C_node65node138_timber_t5,0.0,node65transit_node138source
C_node65node138_wide_t0,0.0,node65transit_node138source
C_node65node138_wide_t1,0.0,node65transit_node138source
C_node65node138_wide_t2,0.0,node65transit_node138source
C_node65node138_wide_t3,0.0,node65transit_node138source
C_node65node138_wide_t4,0.0,node65transit_node138source
C_node65node138_wide_t5,-0.0,node65transit_node138source
C_node66node83_timber_t0,0.0,node66transit_node83transit
C_node66node83_timber_t1,0.0,node66transit_node83transit
C_node66node83_timber_t2,0.0,node66transit_node83transit
C_node66node83_timber_t3,0.0,node66transit_node83transit
C_node66node83_timber_t4,0.0,node66transit_node83transit
C_node66node83_timber_t5,0.0,node66transit_node83transit
C_node66node83_wide_t0,0.0,node66transit_node83transit
C_node66node83_wide_t1,0.0,node66transit_node83transit
C_node66node83_wide_t2,0.0,node66transit_node83transit
C_node66node83_wide_t3,0.0,node66transit_node83transit
C_node66node83_wide_t4,0.0,node66transit_node83transit
C_node66node83_wide_t5,0.0,node66transit_node83transit
C_node66node109_timber_t0,0.0,node66transit_node109exit
C_node66node109_timber_t1,0.0,node66transit_node109exit
C_node66node109_timber_t2,0.0,node66transit_node109exit
C_node66node109_timber_t3,0.0,node66transit_node109exit
C_node66node109_timber_t4,0.0,node66transit_node109exit
C_node66node109_timber_t5,0.0,node66transit_node109exit
C_node66node109_wide_t0,0.0,node66transit_node109exit
C_node66node109_wide_t1,0.0,node66transit_node109exit
C_node66node109_wide_t2,0.0,node66transit_node109exit
C_node66node109_wide_t3,0.0,node66transit_node109exit
C_node66node109_wide_t4,0.0,node66transit_node109exit
C_node66node109_wide_t5,0.0,node66transit_node109exit
C_node66node85_timber_t0,0.0,node66transit_node85transit
C_node66node85_timber_t1,0.0,node66transit_node85transit
C_node66node85_timber_t2,0.0,node66transit_node85transit
C_node66node85_timber_t3,0.0,node66transit_node85transit
C_node66node85_timber_t4,0.0,node66transit_node85transit
C_node66node85_timber_t5,0.0,node66transit_node85transit
C_node66node85_wide_t0,0.0,node66transit_node85transit
C_node66node85_wide_t1,0.0,node66transit_node85transit
C_node66node85_wide_t2,0.0,node66transit_node85transit
C_node66node85_wide_t3,0.0,node66transit_node85transit
C_node66node85_wide_t4,0.0,node66transit_node85transit
C_node66node85_wide_t5,0.0,node66transit_node85transit
C_node66node119_timber_t0,0.0,node66transit_node119source
C_node66node119_timber_t1,1.0,node66transit_node119source
C_node66node119_timber_t2,0.0,node66transit_node119source
C_node66node119_timber_t3,0.0,node66transit_node119source
C_node66node119_timber_t4,-0.0,node66transit_node119source
C_node66node119_timber_t5,-0.0,node66transit_node119source
C_node66node119_wide_t0,0.0,node66transit_node119source
C_node66node119_wide_t1,0.0,node66transit_node119source
C_node66node119_wide_t2,0.0,node66transit_node119source
C_node66node119_wide_t3,0.0,node66transit_node119source
C_node66node119_wide_t4,0.0,node66transit_node119source
C_node66node119_wide_t5,0.0,node66transit_node119source
C_node67node95_timber_t0,0.0,node67exit_node95transit
C_node67node95_timber_t1,1.0,node67exit_node95transit
C_node67node95_timber_t2,0.0,node67exit_node95transit
C_node67node95_timber_t3,0.0,node67exit_node95transit
C_node67node95_timber_t4,0.0,node67exit_node95transit
C_node67node95_timber_t5,0.0,node67exit_node95transit
C_node67node95_wide_t0,0.0,node67exit_node95transit
C_node67node95_wide_t1,0.0,node67exit_node95transit
C_node67node95_wide_t2,0.0,node67exit_node95transit
C_node67node95_wide_t3,0.0,node67exit_node95transit
C_node67node95_wide_t4,0.0,node67exit_node95transit
C_node67node95_wide_t5,0.0,node67exit_node95transit
C_node68node91_timber_t0,0.0,node68transit_node91transit
C_node68node91_timber_t1,0.0,node68transit_node91transit
C_node68node91_timber_t2,0.0,node68transit_node91transit
C_node68node91_timber_t3,0.0,node68transit_node91transit
C_node68node91_timber_t4,0.0,node68transit_node91transit
C_node68node91_timber_t5,0.0,node68transit_node91transit
C_node68node91_wide_t0,0.0,node68transit_node91transit
C_node68node91_wide_t1,0.0,node68transit_node91transit
C_node68node91_wide_t2,0.0,node68transit_node91transit
C_node68node91_wide_t3,0.0,node68transit_node91transit
C_node68node91_wide_t4,0.0,node68transit_node91transit
C_node68node91_wide_t5,0.0,node68transit_node91transit
C_node68node88_timber_t0,0.0,node68transit_node88transit
C_node68node88_timber_t1,0.0,node68transit_node88transit
C_node68node88_timber_t2,0.0,node68transit_node88transit
C_node68node88_timber_t3,0.0,node68transit_node88transit
C_node68node88_timber_t4,0.0,node68transit_node88transit
C_node68node88_timber_t5,0.0,node68transit_node88transit
C_node68node88_wide_t0,0.0,node68transit_node88transit
C_node68node88_wide_t1,0.0,node68transit_node88transit
C_node68node88_wide_t2,0.0,node68transit_node88transit
C_node68node88_wide_t3,0.0,node68transit_node88transit
C_node68node88_wide_t4,0.0,node68transit_node88transit
C_node68node88_wide_t5,0.0,node68transit_node88transit
C_node68node132_timber_t0,0.0,node68transit_node132source
C_node68node132_timber_t1,1.0,node68transit_node132source
C_node68node132_timber_t2,0.0,node68transit_node132source
C_node68node132_timber_t3,-0.0,node68transit_node132source
C_node68node132_timber_t4,1.0,node68transit_node132source
C_node68node132_timber_t5,0.0,node68transit_node132source
C_node68node132_wide_t0,0.0,node68transit_node132source
C_node68node132_wide_t1,0.0,node68transit_node132source
C_node68node132_wide_t2,0.0,node68transit_node132source
C_node68node132_wide_t3,-0.0,node68transit_node132source
C_node68node132_wide_t4,-0.0,node68transit_node132source
C_node68node132_wide_t5,-0.0,node68transit_node132source
C_node68node133_timber_t0,0.0,node68transit_node133source
C_node68node133_timber_t1,1.0,node68transit_node133source
C_node68node133_timber_t2,0.0,node68transit_node133source
C_node68node133_timber_t3,0.0,node68transit_node133source
C_node68node133_timber_t4,-0.0,node68transit_node133source
C_node68node133_timber_t5,0.0,node68transit_node133source
C_node68node133_wide_t0,0.0,node68transit_node133source
C_node68node133_wide_t1,0.0,node68transit_node133source
C_node68node133_wide_t2,0.0,node68transit_node133source
C_node68node133_wide_t3,0.0,node68transit_node133source
C_node68node133_wide_t4,0.0,node68transit_node133source
C_node68node133_wide_t5,-0.0,node68transit_node133source
C_node68node134_timber_t0,0.0,node68transit_node134source
C_node68node134_timber_t1,1.0,node68transit_node134source
C_node68node134_timber_t2,0.0,node68transit_node134source
C_node68node134_timber_t3,-0.0,node68transit_node134source
C_node68node134_timber_t4,0.0,node68transit_node134source
C_node68node134_timber_t5,0.0,node68transit_node134source
C_node68node134_wide_t0,0.0,node68transit_node134source
C_node68node134_wide_t1,0.0,node68transit_node134source
C_node68node134_wide_t2,0.0,node68transit_node134source
C_node68node134_wide_t3,-0.0,node68transit_node134source
C_node68node134_wide_t4,-0.0,node68transit_node134source
C_node68node134_wide_t5,-0.0,node68transit_node134source
C_node69node107_timber_t0,0.0,node69transit_node107exit
C_node69node107_timber_t1,0.0,node69transit_node107exit
C_node69node107_timber_t2,0.0,node69transit_node107exit
C_node69node107_timber_t3,0.0,node69transit_node107exit
C_node69node107_timber_t4,0.0,node69transit_node107exit
C_node69node107_timber_t5,0.0,node69transit_node107exit
C_node69node107_wide_t0,0.0,node69transit_node107exit
C_node69node107_wide_t1,0.0,node69transit_node107exit
C_node69node107_wide_t2,0.0,node69transit_node107exit
C_node69node107_wide_t3,0.0,node69transit_node107exit
C_node69node107_wide_t4,0.0,node69transit_node107exit
C_node69node107_wide_t5,0.0,node69transit_node107exit
C_node69node106_timber_t0,0.0,node69transit_node106exit
C_node69node106_timber_t1,0.0,node69transit_node106exit
C_node69node106_timber_t2,0.0,node69transit_node106exit
C_node69node106_timber_t3,0.0,node69transit_node106exit
C_node69node106_timber_t4,1.0,node69transit_node106exit
C_node69node106_timber_t5,0.0,node69transit_node106exit
C_node69node106_wide_t0,0.0,node69transit_node106exit
C_node69node106_wide_t1,0.0,node69transit_node106exit
C_node69node106_wide_t2,0.0,node69transit_node106exit
C_node69node106_wide_t3,0.0,node69transit_node106exit
C_node69node106_wide_t4,0.0,node69transit_node106exit
C_node69node106_wide_t5,0.0,node69transit_node106exit
C_node70node108_timber_t0,0.0,node70transit_node108exit
C_node70node108_timber_t1,0.0,node70transit_node108exit
C_node70node108_timber_t2,0.0,node70transit_node108exit
C_node70node108_timber_t3,0.0,node70transit_node108exit
C_node70node108_timber_t4,0.0,node70transit_node108exit
C_node70node108_timber_t5,0.0,node70transit_node108exit
C_node70node108_wide_t0,0.0,node70transit_node108exit
C_node70node108_wide_t1,0.0,node70transit_node108exit
C_node70node108_wide_t2,0.0,node70transit_node108exit
C_node70node108_wide_t3,0.0,node70transit_node108exit
C_node70node108_wide_t4,0.0,node70transit_node108exit
C_node70node108_wide_t5,0.0,node70transit_node108exit
C_node70node110_timber_t0,0.0,node70transit_node110exit
C_node70node110_timber_t1,0.0,node70transit_node110exit
C_node70node110_timber_t2,0.0,node70transit_node110exit
C_node70node110_timber_t3,0.0,node70transit_node110exit
C_node70node110_timber_t4,0.0,node70transit_node110exit
C_node70node110_timber_t5,0.0,node70transit_node110exit
C_node70node110_wide_t0,0.0,node70transit_node110exit
C_node70node110_wide_t1,0.0,node70transit_node110exit
C_node70node110_wide_t2,0.0,node70transit_node110exit
C_node70node110_wide_t3,0.0,node70transit_node110exit
C_node70node110_wide_t4,0.0,node70transit_node110exit
C_node70node110_wide_t5,0.0,node70transit_node110exit
C_node71node119_timber_t0,0.0,node71transit_node119source
C_node71node119_timber_t1,1.0,node71transit_node119source
C_node71node119_timber_t2,0.0,node71transit_node119source
C_node71node119_timber_t3,0.0,node71transit_node119source
C_node71node119_timber_t4,-0.0,node71transit_node119source
C_node71node119_timber_t5,0.0,node71transit_node119source
C_node71node119_wide_t0,0.0,node71transit_node119source
C_node71node119_wide_t1,0.0,node71transit_node119source
C_node71node119_wide_t2,0.0,node71transit_node119source
C_node71node119_wide_t3,0.0,node71transit_node119source
C_node71node119_wide_t4,0.0,node71transit_node119source
C_node71node119_wide_t5,-0.0,node71transit_node119source
C_node71node122_timber_t0,0.0,node71transit_node122source
C_node71node122_timber_t1,1.0,node71transit_node122source
C_node71node122_timber_t2,0.0,node71transit_node122source
C_node71node122_timber_t3,0.0,node71transit_node122source
C_node71node122_timber_t4,-0.0,node71transit_node122source
C_node71node122_timber_t5,-0.0,node71transit_node122source
C_node71node122_wide_t0,0.0,node71transit_node122source
C_node71node122_wide_t1,0.0,node71transit_node122source
C_node71node122_wide_t2,0.0,node71transit_node122source
C_node71node122_wide_t3,0.0,node71transit_node122source
C_node71node122_wide_t4,0.0,node71transit_node122source
C_node71node122_wide_t5,0.0,node71transit_node122source
C_node72node75_timber_t0,0.0,node72transit_node75transit
C_node72node75_timber_t1,0.0,node72transit_node75transit
C_node72node75_timber_t2,0.0,node72transit_node75transit
C_node72node75_timber_t3,0.0,node72transit_node75transit
C_node72node75_timber_t4,0.0,node72transit_node75transit
C_node72node75_timber_t5,0.0,node72transit_node75transit
C_node72node75_wide_t0,0.0,node72transit_node75transit
C_node72node75_wide_t1,0.0,node72transit_node75transit
C_node72node75_wide_t2,0.0,node72transit_node75transit
C_node72node75_wide_t3,0.0,node72transit_node75transit
C_node72node75_wide_t4,0.0,node72transit_node75transit
C_node72node75_wide_t5,0.0,node72transit_node75transit
C_node72node102_timber_t0,0.0,node72transit_node102exit
C_node72node102_timber_t1,0.0,node72transit_node102exit
C_node72node102_timber_t2,0.0,node72transit_node102exit
C_node72node102_timber_t3,0.0,node72transit_node102exit
C_node72node102_timber_t4,0.0,node72transit_node102exit
C_node72node102_timber_t5,0.0,node72transit_node102exit
C_node72node102_wide_t0,0.0,node72transit_node102exit
C_node72node102_wide_t1,0.0,node72transit_node102exit
C_node72node102_wide_t2,0.0,node72transit_node102exit
C_node72node102_wide_t3,0.0,node72transit_node102exit
C_node72node102_wide_t4,0.0,node72transit_node102exit
C_node72node102_wide_t5,0.0,node72transit_node102exit
C_node72node129_timber_t0,0.0,node72transit_node129source
C_node72node129_timber_t1,1.0,node72transit_node129source
C_node72node129_timber_t2,0.0,node72transit_node129source
C_node72node129_timber_t3,-0.0,node72transit_node129source
C_node72node129_timber_t4,0.0,node72transit_node129source
C_node72node129_timber_t5,-0.0,node72transit_node129source
C_node72node129_wide_t0,0.0,node72transit_node129source
C_node72node129_wide_t1,0.0,node72transit_node129source
C_node72node129_wide_t2,0.0,node72transit_node129source
C_node72node129_wide_t3,0.0,node72transit_node129source
C_node72node129_wide_t4,1.0,node72transit_node129source
C_node72node129_wide_t5,0.0,node72transit_node129source
C_node73node78_timber_t0,0.0,node73transit_node78transit
C_node73node78_timber_t1,0.0,node73transit_node78transit
C_node73node78_timber_t2,0.0,node73transit_node78transit
C_node73node78_timber_t3,0.0,node73transit_node78transit
C_node73node78_timber_t4,1.0,node73transit_node78transit
C_node73node78_timber_t5,0.0,node73transit_node78transit
C_node73node78_wide_t0,0.0,node73transit_node78transit
C_node73node78_wide_t1,0.0,node73transit_node78transit
C_node73node78_wide_t2,0.0,node73transit_node78transit
C_node73node78_wide_t3,0.0,node73transit_node78transit
C_node73node78_wide_t4,0.0,node73transit_node78transit
C_node73node78_wide_t5,0.0,node73transit_node78transit
C_node73node116_timber_t0,0.0,node73transit_node116exit
C_node73node116_timber_t1,0.0,node73transit_node116exit
C_node73node116_timber_t2,0.0,node73transit_node116exit
C_node73node116_timber_t3,0.0,node73transit_node116exit
C_node73node116_timber_t4,0.0,node73transit_node116exit
C_node73node116_timber_t5,0.0,node73transit_node116exit
C_node73node116_wide_t0,0.0,node73transit_node116exit
C_node73node116_wide_t1,0.0,node73transit_node116exit
C_node73node116_wide_t2,0.0,node73transit_node116exit
C_node73node116_wide_t3,0.0,node73transit_node116exit
C_node73node116_wide_t4,0.0,node73transit_node116exit
C_node73node116_wide_t5,0.0,node73transit_node116exit
C_node73node141_timber_t0,0.0,node73transit_node141source
C_node73node141_timber_t1,1.0,node73transit_node141source
C_node73node141_timber_t2,0.0,node73transit_node141source
C_node73node141_timber_t3,-0.0,node73transit_node141source
C_node73node141_timber_t4,0.0,node73transit_node141source
C_node73node141_timber_t5,-0.0,node73transit_node141source
C_node73node141_wide_t0,0.0,node73transit_node141source
C_node73node141_wide_t1,0.0,node73transit_node141source
C_node73node141_wide_t2,0.0,node73transit_node141source
C_node73node141_wide_t3,-0.0,node73transit_node141source
C_node73node141_wide_t4,-0.0,node73transit_node141source
C_node73node141_wide_t5,0.0,node73transit_node141source
C_node74node97_timber_t0,0.0,node74transit_node97exit
C_node74node97_timber_t1,0.0,node74transit_node97exit
C_node74node97_timber_t2,0.0,node74transit_node97exit
C_node74node97_timber_t3,0.0,node74transit_node97exit
C_node74node97_timber_t4,0.0,node74transit_node97exit
C_node74node97_timber_t5,0.0,node74transit_node97exit
C_node74node97_wide_t0,0.0,node74transit_node97exit
C_node74node97_wide_t1,0.0,node74transit_node97exit
C_node74node97_wide_t2,0.0,node74transit_node97exit
C_node74node97_wide_t3,0.0,node74transit_node97exit
C_node74node97_wide_t4,0.0,node74transit_node97exit
C_node74node97_wide_t5,0.0,node74transit_node97exit
C_node74node99_timber_t0,0.0,node74transit_node99exit
C_node74node99_timber_t1,0.0,node74transit_node99exit
C_node74node99_timber_t2,0.0,node74transit_node99exit
C_node74node99_timber_t3,0.0,node74transit_node99exit
C_node74node99_timber_t4,0.0,node74transit_node99exit
C_node74node99_timber_t5,0.0,node74transit_node99exit
C_node74node99_wide_t0,0.0,node74transit_node99exit
C_node74node99_wide_t1,0.0,node74transit_node99exit
C_node74node99_wide_t2,0.0,node74transit_node99exit
C_node74node99_wide_t3,0.0,node74transit_node99exit
C_node74node99_wide_t4,0.0,node74transit_node99exit
C_node74node99_wide_t5,0.0,node74transit_node99exit
C_node74node112_timber_t0,0.0,node74transit_node112exit
C_node74node112_timber_t1,0.0,node74transit_node112exit
C_node74node112_timber_t2,0.0,node74transit_node112exit
C_node74node112_timber_t3,0.0,node74transit_node112exit
C_node74node112_timber_t4,0.0,node74transit_node112exit
C_node74node112_timber_t5,0.0,node74transit_node112exit
C_node74node112_wide_t0,0.0,node74transit_node112exit
C_node74node112_wide_t1,0.0,node74transit_node112exit
C_node74node112_wide_t2,0.0,node74transit_node112exit
C_node74node112_wide_t3,0.0,node74transit_node112exit
C_node74node112_wide_t4,0.0,node74transit_node112exit
C_node74node112_wide_t5,0.0,node74transit_node112exit
C_node75node129_timber_t0,0.0,node75transit_node129source
C_node75node129_timber_t1,1.0,node75transit_node129source
C_node75node129_timber_t2,0.0,node75transit_node129source
C_node75node129_timber_t3,-0.0,node75transit_node129source
C_node75node129_timber_t4,0.0,node75transit_node129source
C_node75node129_timber_t5,-0.0,node75transit_node129source
C_node75node129_wide_t0,0.0,node75transit_node129source
C_node75node129_wide_t1,0.0,node75transit_node129source
C_node75node129_wide_t2,0.0,node75transit_node129source
C_node75node129_wide_t3,1.0,node75transit_node129source
C_node75node129_wide_t4,-0.0,node75transit_node129source
C_node75node129_wide_t5,0.0,node75transit_node129source
C_node75node130_timber_t0,0.0,node75transit_node130source
C_node75node130_timber_t1,1.0,node75transit_node130source
C_node75node130_timber_t2,0.0,node75transit_node130source
C_node75node130_timber_t3,-0.0,node75transit_node130source
C_node75node130_timber_t4,-0.0,node75transit_node130source
C_node75node130_timber_t5,-0.0,node75transit_node130source
C_node75node130_wide_t0,0.0,node75transit_node130source
C_node75node130_wide_t1,0.0,node75transit_node130source
C_node75node130_wide_t2,0.0,node75transit_node130source
C_node75node130_wide_t3,-0.0,node75transit_node130source
C_node75node130_wide_t4,-0.0,node75transit_node130source
C_node75node130_wide_t5,0.0,node75transit_node130source
C_node76node89_timber_t0,0.0,node76transit_node89transit
C_node76node89_timber_t1,0.0,node76transit_node89transit
C_node76node89_timber_t2,0.0,node76transit_node89transit
C_node76node89_timber_t3,0.0,node76transit_node89transit
C_node76node89_timber_t4,0.0,node76transit_node89transit
C_node76node89_timber_t5,0.0,node76transit_node89transit
C_node76node89_wide_t0,0.0,node76transit_node89transit
C_node76node89_wide_t1,0.0,node76transit_node89transit
C_node76node89_wide_t2,0.0,node76transit_node89transit
C_node76node89_wide_t3,0.0,node76transit_node89transit
C_node76node89_wide_t4,0.0,node76transit_node89transit
C_node76node89_wide_t5,0.0,node76transit_node89transit
C_node76node92_timber_t0,0.0,node76transit_node92transit
C_node76node92_timber_t1,0.0,node76transit_node92transit
C_node76node92_timber_t2,0.0,node76transit_node92transit
C_node76node92_timber_t3,0.0,node76transit_node92transit
C_node76node92_timber_t4,0.0,node76transit_node92transit
C_node76node92_timber_t5,0.0,node76transit_node92transit
C_node76node92_wide_t0,0.0,node76transit_node92transit
C_node76node92_wide_t1,0.0,node76transit_node92transit
C_node76node92_wide_t2,0.0,node76transit_node92transit
C_node76node92_wide_t3,0.0,node76transit_node92transit
C_node76node92_wide_t4,0.0,node76transit_node92transit
C_node76node92_wide_t5,0.0,node76transit_node92transit
C_node76node124_timber_t0,0.0,node76transit_node124source
C_node76node124_timber_t1,1.0,node76transit_node124source
C_node76node124_timber_t2,0.0,node76transit_node124source
C_node76node124_timber_t3,0.0,node76transit_node124source
C_node76node124_timber_t4,-0.0,node76transit_node124source
C_node76node124_timber_t5,-0.0,node76transit_node124source
C_node76node124_wide_t0,0.0,node76transit_node124source
C_node76node124_wide_t1,0.0,node76transit_node124source
C_node76node124_wide_t2,0.0,node76transit_node124source
C_node76node124_wide_t3,0.0,node76transit_node124source
C_node76node124_wide_t4,1.0,node76transit_node124source
C_node76node124_wide_t5,0.0,node76transit_node124source
C_node76node125_timber_t0,0.0,node76transit_node125source
C_node76node125_timber_t1,1.0,node76transit_node125source
C_node76node125_timber_t2,0.0,node76transit_node125source
C_node76node125_timber_t3,0.0,node76transit_node125source
C_node76node125_timber_t4,-0.0,node76transit_node125source
C_node76node125_timber_t5,-0.0,node76transit_node125source
C_node76node125_wide_t0,0.0,node76transit_node125source
C_node76node125_wide_t1,0.0,node76transit_node125source
C_node76node125_wide_t2,0.0,node76transit_node125source
C_node76node125_wide_t3,0.0,node76transit_node125source
C_node76node125_wide_t4,0.0,node76transit_node125source
C_node76node125_wide_t5,0.0,node76transit_node125source
C_node77node91_timber_t0,0.0,node77transit_node91transit
C_node77node91_timber_t1,0.0,node77transit_node91transit
C_node77node91_timber_t2,0.0,node77transit_node91transit
C_node77node91_timber_t3,0.0,node77transit_node91transit
C_node77node91_timber_t4,0.0,node77transit_node91transit
C_node77node91_timber_t5,0.0,node77transit_node91transit
C_node77node91_wide_t0,0.0,node77transit_node91transit
C_node77node91_wide_t1,0.0,node77transit_node91transit
C_node77node91_wide_t2,0.0,node77transit_node91transit
C_node77node91_wide_t3,0.0,node77transit_node91transit
C_node77node91_wide_t4,0.0,node77transit_node91transit
C_node77node91_wide_t5,0.0,node77transit_node91transit
C_node77node132_timber_t0,0.0,node77transit_node132source
C_node77node132_timber_t1,1.0,node77transit_node132source
C_node77node132_timber_t2,0.0,node77transit_node132source
C_node77node132_timber_t3,-0.0,node77transit_node132source
C_node77node132_timber_t4,-0.0,node77transit_node132source
C_node77node132_timber_t5,-0.0,node77transit_node132source
C_node77node132_wide_t0,0.0,node77transit_node132source
C_node77node132_wide_t1,0.0,node77transit_node132source
C_node77node132_wide_t2,0.0,node77transit_node132source
C_node77node132_wide_t3,0.0,node77transit_node132source
C_node77node132_wide_t4,1.0,node77transit_node132source
C_node77node132_wide_t5,0.0,node77transit_node132source
C_node77node137_timber_t0,0.0,node77transit_node137source
C_node77node137_timber_t1,1.0,node77transit_node137source
C_node77node137_timber_t2,0.0,node77transit_node137source
C_node77node137_timber_t3,-0.0,node77transit_node137source
C_node77node137_timber_t4,0.0,node77transit_node137source
C_node77node137_timber_t5,-0.0,node77transit_node137source
C_node77node137_wide_t0,0.0,node77transit_node137source
C_node77node137_wide_t1,0.0,node77transit_node137source
C_node77node137_wide_t2,0.0,node77transit_node137source
C_node77node137_wide_t3,-0.0,node77transit_node137source
C_node77node137_wide_t4,-0.0,node77transit_node137source
C_node77node137_wide_t5,0.0,node77transit_node137source
C_node77node140_timber_t0,0.0,node77transit_node140source
C_node77node140_timber_t1,1.0,node77transit_node140source
C_node77node140_timber_t2,0.0,node77transit_node140source
C_node77node140_timber_t3,1.0,node77transit_node140source
C_node77node140_timber_t4,-0.0,node77transit_node140source
C_node77node140_timber_t5,-0.0,node77transit_node140source
C_node77node140_wide_t0,0.0,node77transit_node140source
C_node77node140_wide_t1,0.0,node77transit_node140source
C_node77node140_wide_t2,0.0,node77transit_node140source
C_node77node140_wide_t3,0.0,node77transit_node140source
C_node77node140_wide_t4,-0.0,node77transit_node140source
C_node77node140_wide_t5,0.0,node77transit_node140source
C_node78node95_timber_t0,0.0,node78transit_node95transit
C_node78node95_timber_t1,0.0,node78transit_node95transit
C_node78node95_timber_t2,0.0,node78transit_node95transit
C_node78node95_timber_t3,0.0,node78transit_node95transit
C_node78node95_timber_t4,1.0,node78transit_node95transit
C_node78node95_timber_t5,0.0,node78transit_node95transit
C_node78node95_wide_t0,0.0,node78transit_node95transit
C_node78node95_wide_t1,0.0,node78transit_node95transit
C_node78node95_wide_t2,0.0,node78transit_node95transit
C_node78node95_wide_t3,0.0,node78transit_node95transit
C_node78node95_wide_t4,0.0,node78transit_node95transit
C_node78node95_wide_t5,0.0,node78transit_node95transit
C_node78node141_timber_t0,0.0,node78transit_node141source
C_node78node141_timber_t1,1.0,node78transit_node141source
C_node78node141_timber_t2,0.0,node78transit_node141source
C_node78node141_timber_t3,1.0,node78transit_node141source
C_node78node141_timber_t4,-0.0,node78transit_node141source
C_node78node141_timber_t5,0.0,node78transit_node141source
C_node78node141_wide_t0,0.0,node78transit_node141source
C_node78node141_wide_t1,0.0,node78transit_node141source
C_node78node141_wide_t2,0.0,node78transit_node141source
C_node78node141_wide_t3,-0.0,node78transit_node141source
C_node78node141_wide_t4,0.0,node78transit_node141source
C_node78node141_wide_t5,-0.0,node78transit_node141source
C_node79node96_timber_t0,0.0,node79transit_node96transit
C_node79node96_timber_t1,1.0,node79transit_node96transit
C_node79node96_timber_t2,0.0,node79transit_node96transit
C_node79node96_timber_t3,0.0,node79transit_node96transit
C_node79node96_timber_t4,1.0,node79transit_node96transit
C_node79node96_timber_t5,0.0,node79transit_node96transit
C_node79node96_wide_t0,0.0,node79transit_node96transit
C_node79node96_wide_t1,0.0,node79transit_node96transit
C_node79node96_wide_t2,0.0,node79transit_node96transit
C_node79node96_wide_t3,0.0,node79transit_node96transit
C_node79node96_wide_t4,0.0,node79transit_node96transit
C_node79node96_wide_t5,0.0,node79transit_node96transit
C_node79node119_timber_t0,0.0,node79transit_node119source
C_node79node119_timber_t1,1.0,node79transit_node119source
C_node79node119_timber_t2,0.0,node79transit_node119source
C_node79node119_timber_t3,0.0,node79transit_node119source
C_node79node119_timber_t4,-0.0,node79transit_node119source
C_node79node119_timber_t5,-0.0,node79transit_node119source
C_node79node119_wide_t0,0.0,node79transit_node119source
C_node79node119_wide_t1,0.0,node79transit_node119source
C_node79node119_wide_t2,0.0,node79transit_node119source
C_node79node119_wide_t3,0.0,node79transit_node119source
C_node79node119_wide_t4,0.0,node79transit_node119source
C_node79node119_wide_t5,0.0,node79transit_node119source
C_node79node144_timber_t0,0.0,node79transit_node144source
C_node79node144_timber_t1,1.0,node79transit_node144source
C_node79node144_timber_t2,0.0,node79transit_node144source
C_node79node144_timber_t3,-0.0,node79transit_node144source
C_node79node144_timber_t4,-0.0,node79transit_node144source
C_node79node144_timber_t5,-0.0,node79transit_node144source
C_node79node144_wide_t0,0.0,node79transit_node144source
C_node79node144_wide_t1,0.0,node79transit_node144source
C_node79node144_wide_t2,0.0,node79transit_node144source
C_node79node144_wide_t3,0.0,node79transit_node144source
C_node79node144_wide_t4,-0.0,node79transit_node144source
C_node79node144_wide_t5,0.0,node79transit_node144source
C_node80node89_timber_t0,0.0,node80transit_node89transit
C_node80node89_timber_t1,0.0,node80transit_node89transit
C_node80node89_timber_t2,0.0,node80transit_node89transit
C_node80node89_timber_t3,0.0,node80transit_node89transit
C_node80node89_timber_t4,0.0,node80transit_node89transit
C_node80node89_timber_t5,0.0,node80transit_node89transit
C_node80node89_wide_t0,0.0,node80transit_node89transit
C_node80node89_wide_t1,0.0,node80transit_node89transit
C_node80node89_wide_t2,0.0,node80transit_node89transit
C_node80node89_wide_t3,0.0,node80transit_node89transit
C_node80node89_wide_t4,0.0,node80transit_node89transit
C_node80node89_wide_t5,0.0,node80transit_node89transit
C_node80node125_timber_t0,0.0,node80transit_node125source
C_node80node125_timber_t1,1.0,node80transit_node125source
C_node80node125_timber_t2,0.0,node80transit_node125source
C_node80node125_timber_t3,0.0,node80transit_node125source
C_node80node125_timber_t4,-0.0,node80transit_node125source
C_node80node125_timber_t5,-0.0,node80transit_node125source
C_node80node125_wide_t0,0.0,node80transit_node125source
C_node80node125_wide_t1,0.0,node80transit_node125source
C_node80node125_wide_t2,0.0,node80transit_node125source
C_node80node125_wide_t3,0.0,node80transit_node125source
C_node80node125_wide_t4,0.0,node80transit_node125source
C_node80node125_wide_t5,0.0,node80transit_node125source
C_node80node143_timber_t0,0.0,node80transit_node143source
C_node80node143_timber_t1,1.0,node80transit_node143source
C_node80node143_timber_t2,0.0,node80transit_node143source
C_node80node143_timber_t3,-0.0,node80transit_node143source
C_node80node143_timber_t4,-0.0,node80transit_node143source
C_node80node143_timber_t5,0.0,node80transit_node143source
C_node80node143_wide_t0,0.0,node80transit_node143source
C_node80node143_wide_t1,0.0,node80transit_node143source
C_node80node143_wide_t2,0.0,node80transit_node143source
C_node80node143_wide_t3,0.0,node80transit_node143source
C_node80node143_wide_t4,-0.0,node80transit_node143source
C_node80node143_wide_t5,-0.0,node80transit_node143source
C_node81node103_timber_t0,0.0,node81transit_node103exit
C_node81node103_timber_t1,0.0,node81transit_node103exit
C_node81node103_timber_t2,0.0,node81transit_node103exit
C_node81node103_timber_t3,0.0,node81transit_node103exit
C_node81node103_timber_t4,0.0,node81transit_node103exit
C_node81node103_timber_t5,0.0,node81transit_node103exit
C_node81node103_wide_t0,0.0,node81transit_node103exit
C_node81node103_wide_t1,0.0,node81transit_node103exit
C_node81node103_wide_t2,0.0,node81transit_node103exit
C_node81node103_wide_t3,0.0,node81transit_node103exit
C_node81node103_wide_t4,0.0,node81transit_node103exit
C_node81node103_wide_t5,0.0,node81transit_node103exit
C_node81node137_timber_t0,0.0,node81transit_node137source
C_node81node137_timber_t1,1.0,node81transit_node137source
C_node81node137_timber_t2,0.0,node81transit_node137source
C_node81node137_timber_t3,-0.0,node81transit_node137source
C_node81node137_timber_t4,1.0,node81transit_node137source
C_node81node137_timber_t5,-0.0,node81transit_node137source
C_node81node137_wide_t0,0.0,node81transit_node137source
C_node81node137_wide_t1,0.0,node81transit_node137source
C_node81node137_wide_t2,0.0,node81transit_node137source
C_node81node137_wide_t3,-0.0,node81transit_node137source
C_node81node137_wide_t4,-0.0,node81transit_node137source
C_node81node137_wide_t5,0.0,node81transit_node137source
C_node82node128_timber_t0,0.0,node82transit_node128source
C_node82node128_timber_t1,1.0,node82transit_node128source
C_node82node128_timber_t2,0.0,node82transit_node128source
C_node82node128_timber_t3,0.0,node82transit_node128source
C_node82node128_timber_t4,-0.0,node82transit_node128source
C_node82node128_timber_t5,0.0,node82transit_node128source
C_node82node128_wide_t0,0.0,node82transit_node128source
C_node82node128_wide_t1,0.0,node82transit_node128source
C_node82node128_wide_t2,0.0,node82transit_node128source
C_node82node128_wide_t3,0.0,node82transit_node128source
C_node82node128_wide_t4,0.0,node82transit_node128source
C_node82node128_wide_t5,-0.0,node82transit_node128source
C_node83node98_timber_t0,0.0,node83transit_node98exit
C_node83node98_timber_t1,0.0,node83transit_node98exit
C_node83node98_timber_t2,0.0,node83transit_node98exit
C_node83node98_timber_t3,0.0,node83transit_node98exit
C_node83node98_timber_t4,0.0,node83transit_node98exit
C_node83node98_timber_t5,0.0,node83transit_node98exit
C_node83node98_wide_t0,0.0,node83transit_node98exit
C_node83node98_wide_t1,0.0,node83transit_node98exit
C_node83node98_wide_t2,0.0,node83transit_node98exit
C_node83node98_wide_t3,0.0,node83transit_node98exit
C_node83node98_wide_t4,0.0,node83transit_node98exit
C_node83node98_wide_t5,0.0,node83transit_node98exit
C_node83node119_timber_t0,0.0,node83transit_node119source
C_node83node119_timber_t1,1.0,node83transit_node119source
C_node83node119_timber_t2,0.0,node83transit_node119source
C_node83node119_timber_t3,0.0,node83transit_node119source
C_node83node119_timber_t4,-0.0,node83transit_node119source
C_node83node119_timber_t5,0.0,node83transit_node119source
C_node83node119_wide_t0,0.0,node83transit_node119source
C_node83node119_wide_t1,0.0,node83transit_node119source
C_node83node119_wide_t2,0.0,node83transit_node119source
C_node83node119_wide_t3,0.0,node83transit_node119source
C_node83node119_wide_t4,0.0,node83transit_node119source
C_node83node119_wide_t5,-0.0,node83transit_node119source
C_node84node107_timber_t0,0.0,node84exit_node107exit
C_node84node107_timber_t1,0.0,node84exit_node107exit
C_node84node107_timber_t2,0.0,node84exit_node107exit
C_node84node107_timber_t3,0.0,node84exit_node107exit
C_node84node107_timber_t4,0.0,node84exit_node107exit
C_node84node107_timber_t5,0.0,node84exit_node107exit
C_node84node107_wide_t0,0.0,node84exit_node107exit
C_node84node107_wide_t1,0.0,node84exit_node107exit
C_node84node107_wide_t2,0.0,node84exit_node107exit
C_node84node107_wide_t3,0.0,node84exit_node107exit
C_node84node107_wide_t4,0.0,node84exit_node107exit
C_node84node107_wide_t5,0.0,node84exit_node107exit
C_node85node119_timber_t0,0.0,node85transit_node119source
C_node85node119_timber_t1,0.0,node85transit_node119source
C_node85node119_timber_t2,0.0,node85transit_node119source
C_node85node119_timber_t3,0.0,node85transit_node119source
C_node85node119_timber_t4,-0.0,node85transit_node119source
C_node85node119_timber_t5,0.0,node85transit_node119source
C_node85node119_wide_t0,0.0,node85transit_node119source
C_node85node119_wide_t1,1.0,node85transit_node119source
C_node85node119_wide_t2,0.0,node85transit_node119source
C_node85node119_wide_t3,0.0,node85transit_node119source
C_node85node119_wide_t4,0.0,node85transit_node119source
C_node85node119_wide_t5,-0.0,node85transit_node119source
C_node85node136_timber_t0,0.0,node85transit_node136source
C_node85node136_timber_t1,1.0,node85transit_node136source
C_node85node136_timber_t2,0.0,node85transit_node136source
C_node85node136_timber_t3,-0.0,node85transit_node136source
C_node85node136_timber_t4,1.0,node85transit_node136source
C_node85node136_timber_t5,-0.0,node85transit_node136source
C_node85node136_wide_t0,0.0,node85transit_node136source
C_node85node136_wide_t1,0.0,node85transit_node136source
C_node85node136_wide_t2,0.0,node85transit_node136source
C_node85node136_wide_t3,-0.0,node85transit_node136source
C_node85node136_wide_t4,-0.0,node85transit_node136source
C_node85node136_wide_t5,0.0,node85transit_node136source
C_node86node92_timber_t0,0.0,node86transit_node92transit
C_node86node92_timber_t1,0.0,node86transit_node92transit
C_node86node92_timber_t2,0.0,node86transit_node92transit
C_node86node92_timber_t3,0.0,node86transit_node92transit
C_node86node92_timber_t4,0.0,node86transit_node92transit
C_node86node92_timber_t5,0.0,node86transit_node92transit
C_node86node92_wide_t0,0.0,node86transit_node92transit
C_node86node92_wide_t1,0.0,node86transit_node92transit
C_node86node92_wide_t2,0.0,node86transit_node92transit
C_node86node92_wide_t3,0.0,node86transit_node92transit
C_node86node92_wide_t4,0.0,node86transit_node92transit
C_node86node92_wide_t5,0.0,node86transit_node92transit
C_node86node118_timber_t0,0.0,node86transit_node118source
C_node86node118_timber_t1,1.0,node86transit_node118source
C_node86node118_timber_t2,0.0,node86transit_node118source
C_node86node118_timber_t3,0.0,node86transit_node118source
C_node86node118_timber_t4,-0.0,node86transit_node118source
C_node86node118_timber_t5,-0.0,node86transit_node118source
C_node86node118_wide_t0,0.0,node86transit_node118source
C_node86node118_wide_t1,0.0,node86transit_node118source
C_node86node118_wide_t2,0.0,node86transit_node118source
C_node86node118_wide_t3,0.0,node86transit_node118source
C_node86node118_wide_t4,0.0,node86transit_node118source
C_node86node118_wide_t5,0.0,node86transit_node118source
C_node87node119_timber_t0,0.0,node87transit_node119source
C_node87node119_timber_t1,1.0,node87transit_node119source
C_node87node119_timber_t2,0.0,node87transit_node119source
C_node87node119_timber_t3,0.0,node87transit_node119source
C_node87node119_timber_t4,-0.0,node87transit_node119source
C_node87node119_timber_t5,-0.0,node87transit_node119source
C_node87node119_wide_t0,0.0,node87transit_node119source
C_node87node119_wide_t1,0.0,node87transit_node119source
C_node87node119_wide_t2,0.0,node87transit_node119source
C_node87node119_wide_t3,0.0,node87transit_node119source
C_node87node119_wide_t4,0.0,node87transit_node119source
C_node87node119_wide_t5,0.0,node87transit_node119source
C_node87node121_timber_t0,0.0,node87transit_node121source
C_node87node121_timber_t1,1.0,node87transit_node121source
C_node87node121_timber_t2,0.0,node87transit_node121source
C_node87node121_timber_t3,0.0,node87transit_node121source
C_node87node121_timber_t4,1.0,node87transit_node121source
C_node87node121_timber_t5,-0.0,node87transit_node121source
C_node87node121_wide_t0,0.0,node87transit_node121source
C_node87node121_wide_t1,0.0,node87transit_node121source
C_node87node121_wide_t2,0.0,node87transit_node121source
C_node87node121_wide_t3,0.0,node87transit_node121source
C_node87node121_wide_t4,-0.0,node87transit_node121source
C_node87node121_wide_t5,0.0,node87transit_node121source
C_node87node123_timber_t0,0.0,node87transit_node123source
C_node87node123_timber_t1,1.0,node87transit_node123source
C_node87node123_timber_t2,0.0,node87transit_node123source
C_node87node123_timber_t3,0.0,node87transit_node123source
C_node87node123_timber_t4,1.0,node87transit_node123source
C_node87node123_timber_t5,-0.0,node87transit_node123source
C_node87node123_wide_t0,0.0,node87transit_node123source
C_node87node123_wide_t1,0.0,node87transit_node123source
C_node87node123_wide_t2,0.0,node87transit_node123source
C_node87node123_wide_t3,0.0,node87transit_node123source
C_node87node123_wide_t4,-0.0,node87transit_node123source
C_node87node123_wide_t5,0.0,node87transit_node123source
C_node88node133_timber_t0,0.0,node88transit_node133source
C_node88node133_timber_t1,1.0,node88transit_node133source
C_node88node133_timber_t2,0.0,node88transit_node133source
C_node88node133_timber_t3,0.0,node88transit_node133source
C_node88node133_timber_t4,-0.0,node88transit_node133source
C_node88node133_timber_t5,0.0,node88transit_node133source
C_node88node133_wide_t0,0.0,node88transit_node133source
C_node88node133_wide_t1,0.0,node88transit_node133source
C_node88node133_wide_t2,0.0,node88transit_node133source
C_node88node133_wide_t3,0.0,node88transit_node133source
C_node88node133_wide_t4,0.0,node88transit_node133source
C_node88node133_wide_t5,-0.0,node88transit_node133source
C_node88node134_timber_t0,0.0,node88transit_node134source
C_node88node134_timber_t1,1.0,node88transit_node134source
C_node88node134_timber_t2,0.0,node88transit_node134source
C_node88node134_timber_t3,-0.0,node88transit_node134source
C_node88node134_timber_t4,0.0,node88transit_node134source
C_node88node134_timber_t5,0.0,node88transit_node134source
C_node88node134_wide_t0,0.0,node88transit_node134source
C_node88node134_wide_t1,0.0,node88transit_node134source
C_node88node134_wide_t2,0.0,node88transit_node134source
C_node88node134_wide_t3,-0.0,node88transit_node134source
C_node88node134_wide_t4,1.0,node88transit_node134source
C_node88node134_wide_t5,-0.0,node88transit_node134source
C_node89node125_timber_t0,0.0,node89transit_node125source
C_node89node125_timber_t1,1.0,node89transit_node125source
C_node89node125_timber_t2,0.0,node89transit_node125source
C_node89node125_timber_t3,0.0,node89transit_node125source
C_node89node125_timber_t4,-0.0,node89transit_node125source
C_node89node125_timber_t5,0.0,node89transit_node125source
C_node89node125_wide_t0,0.0,node89transit_node125source
C_node89node125_wide_t1,0.0,node89transit_node125source
C_node89node125_wide_t2,0.0,node89transit_node125source
C_node89node125_wide_t3,0.0,node89transit_node125source
C_node89node125_wide_t4,0.0,node89transit_node125source
C_node89node125_wide_t5,-0.0,node89transit_node125source
C_node89node143_timber_t0,0.0,node89transit_node143source
C_node89node143_timber_t1,1.0,node89transit_node143source
C_node89node143_timber_t2,0.0,node89transit_node143source
C_node89node143_timber_t3,1.0,node89transit_node143source
C_node89node143_timber_t4,-0.0,node89transit_node143source
C_node89node143_timber_t5,-0.0,node89transit_node143source
C_node89node143_wide_t0,0.0,node89transit_node143source
C_node89node143_wide_t1,0.0,node89transit_node143source
C_node89node143_wide_t2,0.0,node89transit_node143source
C_node89node143_wide_t3,0.0,node89transit_node143source
C_node89node143_wide_t4,-0.0,node89transit_node143source
C_node89node143_wide_t5,0.0,node89transit_node143source
C_node90node127_timber_t0,0.0,node90transit_node127source
C_node90node127_timber_t1,1.0,node90transit_node127source
C_node90node127_timber_t2,0.0,node90transit_node127source
C_node90node127_timber_t3,0.0,node90transit_node127source
C_node90node127_timber_t4,-0.0,node90transit_node127source
C_node90node127_timber_t5,0.0,node90transit_node127source
C_node90node127_wide_t0,0.0,node90transit_node127source
C_node90node127_wide_t1,0.0,node90transit_node127source
C_node90node127_wide_t2,0.0,node90transit_node127source
C_node90node127_wide_t3,0.0,node90transit_node127source
C_node90node127_wide_t4,0.0,node90transit_node127source
C_node90node127_wide_t5,-0.0,node90transit_node127source
C_node90node134_timber_t0,0.0,node90transit_node134source
C_node90node134_timber_t1,1.0,node90transit_node134source
C_node90node134_timber_t2,0.0,node90transit_node134source
C_node90node134_timber_t3,1.0,node90transit_node134source
C_node90node134_timber_t4,-0.0,node90transit_node134source
C_node90node134_timber_t5,0.0,node90transit_node134source
C_node90node134_wide_t0,0.0,node90transit_node134source
C_node90node134_wide_t1,0.0,node90transit_node134source
C_node90node134_wide_t2,0.0,node90transit_node134source
C_node90node134_wide_t3,0.0,node90transit_node134source
C_node90node134_wide_t4,0.0,node90transit_node134source
C_node90node134_wide_t5,-0.0,node90transit_node134source
C_node90node135_timber_t0,0.0,node90transit_node135source
C_node90node135_timber_t1,1.0,node90transit_node135source
C_node90node135_timber_t2,0.0,node90transit_node135source
C_node90node135_timber_t3,-0.0,node90transit_node135source
C_node90node135_timber_t4,1.0,node90transit_node135source
C_node90node135_timber_t5,-0.0,node90transit_node135source
C_node90node135_wide_t0,0.0,node90transit_node135source
C_node90node135_wide_t1,0.0,node90transit_node135source
C_node90node135_wide_t2,0.0,node90transit_node135source
C_node90node135_wide_t3,0.0,node90transit_node135source
C_node90node135_wide_t4,-0.0,node90transit_node135source
C_node90node135_wide_t5,0.0,node90transit_node135source
C_node91node132_timber_t0,0.0,node91transit_node132source
C_node91node132_timber_t1,1.0,node91transit_node132source
C_node91node132_timber_t2,0.0,node91transit_node132source
C_node91node132_timber_t3,-0.0,node91transit_node132source
C_node91node132_timber_t4,0.0,node91transit_node132source
C_node91node132_timber_t5,-0.0,node91transit_node132source
C_node91node132_wide_t0,0.0,node91transit_node132source
C_node91node132_wide_t1,0.0,node91transit_node132source
C_node91node132_wide_t2,0.0,node91transit_node132source
C_node91node132_wide_t3,-0.0,node91transit_node132source
C_node91node132_wide_t4,-0.0,node91transit_node132source
C_node91node132_wide_t5,0.0,node91transit_node132source
C_node91node133_timber_t0,0.0,node91transit_node133source
C_node91node133_timber_t1,1.0,node91transit_node133source
C_node91node133_timber_t2,0.0,node91transit_node133source
C_node91node133_timber_t3,0.0,node91transit_node133source
C_node91node133_timber_t4,-0.0,node91transit_node133source
C_node91node133_timber_t5,-0.0,node91transit_node133source
C_node91node133_wide_t0,0.0,node91transit_node133source
C_node91node133_wide_t1,0.0,node91transit_node133source
C_node91node133_wide_t2,0.0,node91transit_node133source
C_node91node133_wide_t3,0.0,node91transit_node133source
C_node91node133_wide_t4,0.0,node91transit_node133source
C_node91node133_wide_t5,0.0,node91transit_node133source
C_node91node137_timber_t0,0.0,node91transit_node137source
C_node91node137_timber_t1,1.0,node91transit_node137source
C_node91node137_timber_t2,0.0,node91transit_node137source
C_node91node137_timber_t3,-0.0,node91transit_node137source
C_node91node137_timber_t4,1.0,node91transit_node137source
C_node91node137_timber_t5,-0.0,node91transit_node137source
C_node91node137_wide_t0,0.0,node91transit_node137source
C_node91node137_wide_t1,0.0,node91transit_node137source
C_node91node137_wide_t2,0.0,node91transit_node137source
C_node91node137_wide_t3,-0.0,node91transit_node137source
C_node91node137_wide_t4,-0.0,node91transit_node137source
C_node91node137_wide_t5,0.0,node91transit_node137source
C_node92node124_timber_t0,0.0,node92transit_node124source
C_node92node124_timber_t1,1.0,node92transit_node124source
C_node92node124_timber_t2,0.0,node92transit_node124source
C_node92node124_timber_t3,0.0,node92transit_node124source
C_node92node124_timber_t4,1.0,node92transit_node124source
C_node92node124_timber_t5,-0.0,node92transit_node124source
C_node92node124_wide_t0,0.0,node92transit_node124source
C_node92node124_wide_t1,0.0,node92transit_node124source
C_node92node124_wide_t2,0.0,node92transit_node124source
C_node92node124_wide_t3,0.0,node92transit_node124source
C_node92node124_wide_t4,-0.0,node92transit_node124source
C_node92node124_wide_t5,0.0,node92transit_node124source
C_node93node120_timber_t0,0.0,node93transit_node120source
C_node93node120_timber_t1,1.0,node93transit_node120source
C_node93node120_timber_t2,0.0,node93transit_node120source
C_node93node120_timber_t3,-0.0,node93transit_node120source
C_node93node120_timber_t4,-0.0,node93transit_node120source
C_node93node120_timber_t5,-0.0,node93transit_node120source
C_node93node120_wide_t0,0.0,node93transit_node120source
C_node93node120_wide_t1,0.0,node93transit_node120source
C_node93node120_wide_t2,0.0,node93transit_node120source
C_node93node120_wide_t3,0.0,node93transit_node120source
C_node93node120_wide_t4,-0.0,node93transit_node120source
C_node93node120_wide_t5,0.0,node93transit_node120source
C_node94node117_timber_t0,0.0,node94transit_node117exit
C_node94node117_timber_t1,0.0,node94transit_node117exit
C_node94node117_timber_t2,0.0,node94transit_node117exit
C_node94node117_timber_t3,0.0,node94transit_node117exit
C_node94node117_timber_t4,0.0,node94transit_node117exit
C_node94node117_timber_t5,0.0,node94transit_node117exit
C_node94node117_wide_t0,0.0,node94transit_node117exit
C_node94node117_wide_t1,0.0,node94transit_node117exit
C_node94node117_wide_t2,0.0,node94transit_node117exit
C_node94node117_wide_t3,0.0,node94transit_node117exit
C_node94node117_wide_t4,0.0,node94transit_node117exit
C_node94node117_wide_t5,0.0,node94transit_node117exit
C_node96node119_timber_t0,0.0,node96transit_node119source
C_node96node119_timber_t1,1.0,node96transit_node119source
C_node96node119_timber_t2,0.0,node96transit_node119source
C_node96node119_timber_t3,0.0,node96transit_node119source
C_node96node119_timber_t4,-0.0,node96transit_node119source
C_node96node119_timber_t5,-0.0,node96transit_node119source
C_node96node119_wide_t0,0.0,node96transit_node119source
C_node96node119_wide_t1,0.0,node96transit_node119source
C_node96node119_wide_t2,0.0,node96transit_node119source
C_node96node119_wide_t3,0.0,node96transit_node119source
C_node96node119_wide_t4,0.0,node96transit_node119source
C_node96node119_wide_t5,0.0,node96transit_node119source
C_node97node98_timber_t0,0.0,node97exit_node98exit
C_node97node98_timber_t1,0.0,node97exit_node98exit
C_node97node98_timber_t2,0.0,node97exit_node98exit
C_node97node98_timber_t3,0.0,node97exit_node98exit
C_node97node98_timber_t4,0.0,node97exit_node98exit
C_node97node98_timber_t5,0.0,node97exit_node98exit
C_node97node98_wide_t0,0.0,node97exit_node98exit
C_node97node98_wide_t1,0.0,node97exit_node98exit
C_node97node98_wide_t2,0.0,node97exit_node98exit
C_node97node98_wide_t3,0.0,node97exit_node98exit
C_node97node98_wide_t4,0.0,node97exit_node98exit
C_node97node98_wide_t5,0.0,node97exit_node98exit
C_node101node102_timber_t0,0.0,node101exit_node102exit
C_node101node102_timber_t1,0.0,node101exit_node102exit
C_node101node102_timber_t2,0.0,node101exit_node102exit
C_node101node102_timber_t3,0.0,node101exit_node102exit
C_node101node102_timber_t4,0.0,node101exit_node102exit
C_node101node102_timber_t5,0.0,node101exit_node102exit
C_node101node102_wide_t0,0.0,node101exit_node102exit
C_node101node102_wide_t1,0.0,node101exit_node102exit
C_node101node102_wide_t2,0.0,node101exit_node102exit
C_node101node102_wide_t3,0.0,node101exit_node102exit
C_node101node102_wide_t4,0.0,node101exit_node102exit
C_node101node102_wide_t5,0.0,node101exit_node102exit
C_node103node104_timber_t0,0.0,node103exit_node104exit
C_node103node104_timber_t1,0.0,node103exit_node104exit
C_node103node104_timber_t2,0.0,node103exit_node104exit
C_node103node104_timber_t3,0.0,node103exit_node104exit
C_node103node104_timber_t4,0.0,node103exit_node104exit
C_node103node104_timber_t5,0.0,node103exit_node104exit
C_node103node104_wide_t0,0.0,node103exit_node104exit
C_node103node104_wide_t1,0.0,node103exit_node104exit
C_node103node104_wide_t2,0.0,node103exit_node104exit
C_node103node104_wide_t3,0.0,node103exit_node104exit
C_node103node104_wide_t4,0.0,node103exit_node104exit
C_node103node104_wide_t5,0.0,node103exit_node104exit
C_node108node109_timber_t0,0.0,node108exit_node109exit
C_node108node109_timber_t1,0.0,node108exit_node109exit
C_node108node109_timber_t2,0.0,node108exit_node109exit
C_node108node109_timber_t3,0.0,node108exit_node109exit
C_node108node109_timber_t4,0.0,node108exit_node109exit
C_node108node109_timber_t5,0.0,node108exit_node109exit
C_node108node109_wide_t0,0.0,node108exit_node109exit
C_node108node109_wide_t1,0.0,node108exit_node109exit
C_node108node109_wide_t2,0.0,node108exit_node109exit
C_node108node109_wide_t3,0.0,node108exit_node109exit
C_node108node109_wide_t4,0.0,node108exit_node109exit
C_node108node109_wide_t5,0.0,node108exit_node109exit
C_node112node113_timber_t0,0.0,node112exit_node113exit
C_node112node113_timber_t1,0.0,node112exit_node113exit
C_node112node113_timber_t2,0.0,node112exit_node113exit
C_node112node113_timber_t3,0.0,node112exit_node113exit
C_node112node113_timber_t4,0.0,node112exit_node113exit
C_node112node113_timber_t5,0.0,node112exit_node113exit
C_node112node113_wide_t0,0.0,node112exit_node113exit
C_node112node113_wide_t1,0.0,node112exit_node113exit
C_node112node113_wide_t2,0.0,node112exit_node113exit
C_node112node113_wide_t3,0.0,node112exit_node113exit
C_node112node113_wide_t4,0.0,node112exit_node113exit
C_node112node113_wide_t5,0.0,node112exit_node113exit
M_node1node79_timber_t0,0.0,node1transit_node79transit
M_node1node79_timber_t1,0.0,node1transit_node79transit
M_node1node79_timber_t2,0.0,node1transit_node79transit
M_node1node79_timber_t3,0.0,node1transit_node79transit
M_node1node79_timber_t4,0.0,node1transit_node79transit
M_node1node79_timber_t5,1.0,node1transit_node79transit
M_node1node79_wide_t0,0.0,node1transit_node79transit
M_node1node79_wide_t1,0.0,node1transit_node79transit
M_node1node79_wide_t2,0.0,node1transit_node79transit
M_node1node79_wide_t3,0.0,node1transit_node79transit
M_node1node79_wide_t4,0.0,node1transit_node79transit
M_node1node79_wide_t5,0.0,node1transit_node79transit
M_node1node62_timber_t0,0.0,node1transit_node62transit
M_node1node62_timber_t1,0.0,node1transit_node62transit
M_node1node62_timber_t2,1.0,node1transit_node62transit
M_node1node62_timber_t3,1.0,node1transit_node62transit
M_node1node62_timber_t4,1.0,node1transit_node62transit
M_node1node62_timber_t5,1.0,node1transit_node62transit
M_node1node62_wide_t0,0.0,node1transit_node62transit
M_node1node62_wide_t1,0.0,node1transit_node62transit
M_node1node62_wide_t2,0.0,node1transit_node62transit
M_node1node62_wide_t3,0.0,node1transit_node62transit
M_node1node62_wide_t4,0.0,node1transit_node62transit
M_node1node62_wide_t5,0.0,node1transit_node62transit
M_node1node14_timber_t0,0.0,node1transit_node14transit
M_node1node14_timber_t1,0.0,node1transit_node14transit
M_node1node14_timber_t2,0.0,node1transit_node14transit
M_node1node14_timber_t3,0.0,node1transit_node14transit
M_node1node14_timber_t4,0.0,node1transit_node14transit
M_node1node14_timber_t5,0.0,node1transit_node14transit
M_node1node14_wide_t0,0.0,node1transit_node14transit
M_node1node14_wide_t1,0.0,node1transit_node14transit
M_node1node14_wide_t2,0.0,node1transit_node14transit
M_node1node14_wide_t3,0.0,node1transit_node14transit
M_node1node14_wide_t4,0.0,node1transit_node14transit
M_node1node14_wide_t5,0.0,node1transit_node14transit
M_node1node119_timber_t0,0.0,node1transit_node119source
M_node1node119_timber_t1,0.0,node1transit_node119source
M_node1node119_timber_t2,0.0,node1transit_node119source
M_node1node119_timber_t3,0.0,node1transit_node119source
M_node1node119_timber_t4,0.0,node1transit_node119source
M_node1node119_timber_t5,-0.0,node1transit_node119source
M_node1node119_wide_t0,0.0,node1transit_node119source
M_node1node119_wide_t1,0.0,node1transit_node119source
M_node1node119_wide_t2,0.0,node1transit_node119source
M_node1node119_wide_t3,1.0,node1transit_node119source
M_node1node119_wide_t4,1.0,node1transit_node119source
M_node1node119_wide_t5,1.0,node1transit_node119source
M_node1node144_timber_t0,0.0,node1transit_node144source
M_node1node144_timber_t1,0.0,node1transit_node144source
M_node1node144_timber_t2,1.0,node1transit_node144source
M_node1node144_timber_t3,1.0,node1transit_node144source
M_node1node144_timber_t4,1.0,node1transit_node144source
M_node1node144_timber_t5,1.0,node1transit_node144source
M_node1node144_wide_t0,0.0,node1transit_node144source
M_node1node144_wide_t1,0.0,node1transit_node144source
M_node1node144_wide_t2,0.0,node1transit_node144source
M_node1node144_wide_t3,-0.0,node1transit_node144source
M_node1node144_wide_t4,-0.0,node1transit_node144source
M_node1node144_wide_t5,-0.0,node1transit_node144source
M_node2node83_timber_t0,0.0,node2transit_node83transit
M_node2node83_timber_t1,0.0,node2transit_node83transit
M_node2node83_timber_t2,0.0,node2transit_node83transit
M_node2node83_timber_t3,0.0,node2transit_node83transit
M_node2node83_timber_t4,0.0,node2transit_node83transit
M_node2node83_timber_t5,0.0,node2transit_node83transit
M_node2node83_wide_t0,0.0,node2transit_node83transit
M_node2node83_wide_t1,0.0,node2transit_node83transit
M_node2node83_wide_t2,0.0,node2transit_node83transit
M_node2node83_wide_t3,0.0,node2transit_node83transit
M_node2node83_wide_t4,0.0,node2transit_node83transit
M_node2node83_wide_t5,0.0,node2transit_node83transit
M_node2node26_timber_t0,0.0,node2transit_node26transit
M_node2node26_timber_t1,0.0,node2transit_node26transit
M_node2node26_timber_t2,0.0,node2transit_node26transit
M_node2node26_timber_t3,0.0,node2transit_node26transit
M_node2node26_timber_t4,0.0,node2transit_node26transit
M_node2node26_timber_t5,0.0,node2transit_node26transit
M_node2node26_wide_t0,0.0,node2transit_node26transit
M_node2node26_wide_t1,0.0,node2transit_node26transit
M_node2node26_wide_t2,0.0,node2transit_node26transit
M_node2node26_wide_t3,0.0,node2transit_node26transit
M_node2node26_wide_t4,0.0,node2transit_node26transit
M_node2node26_wide_t5,0.0,node2transit_node26transit
M_node2node99_timber_t0,0.0,node2transit_node99exit
M_node2node99_timber_t1,0.0,node2transit_node99exit
M_node2node99_timber_t2,0.0,node2transit_node99exit
M_node2node99_timber_t3,0.0,node2transit_node99exit
M_node2node99_timber_t4,0.0,node2transit_node99exit
M_node2node99_timber_t5,0.0,node2transit_node99exit
M_node2node99_wide_t0,0.0,node2transit_node99exit
M_node2node99_wide_t1,0.0,node2transit_node99exit
M_node2node99_wide_t2,0.0,node2transit_node99exit
M_node2node99_wide_t3,0.0,node2transit_node99exit
M_node2node99_wide_t4,0.0,node2transit_node99exit
M_node2node99_wide_t5,0.0,node2transit_node99exit
M_node2node119_timber_t0,0.0,node2transit_node119source
M_node2node119_timber_t1,0.0,node2transit_node119source
M_node2node119_timber_t2,0.0,node2transit_node119source
M_node2node119_timber_t3,0.0,node2transit_node119source
M_node2node119_timber_t4,0.0,node2transit_node119source
M_node2node119_timber_t5,-0.0,node2transit_node119source
M_node2node119_wide_t0,0.0,node2transit_node119source
M_node2node119_wide_t1,0.0,node2transit_node119source
M_node2node119_wide_t2,0.0,node2transit_node119source
M_node2node119_wide_t3,1.0,node2transit_node119source
M_node2node119_wide_t4,1.0,node2transit_node119source
M_node2node119_wide_t5,1.0,node2transit_node119source
M_node3node87_timber_t0,0.0,node3transit_node87transit
M_node3node87_timber_t1,0.0,node3transit_node87transit
M_node3node87_timber_t2,1.0,node3transit_node87transit
M_node3node87_timber_t3,1.0,node3transit_node87transit
M_node3node87_timber_t4,1.0,node3transit_node87transit
M_node3node87_timber_t5,1.0,node3transit_node87transit
M_node3node87_wide_t0,0.0,node3transit_node87transit
M_node3node87_wide_t1,0.0,node3transit_node87transit
M_node3node87_wide_t2,0.0,node3transit_node87transit
M_node3node87_wide_t3,0.0,node3transit_node87transit
M_node3node87_wide_t4,0.0,node3transit_node87transit
M_node3node87_wide_t5,0.0,node3transit_node87transit
M_node3node71_timber_t0,0.0,node3transit_node71transit
M_node3node71_timber_t1,0.0,node3transit_node71transit
M_node3node71_timber_t2,1.0,node3transit_node71transit
M_node3node71_timber_t3,1.0,node3transit_node71transit
M_node3node71_timber_t4,1.0,node3transit_node71transit
M_node3node71_timber_t5,1.0,node3transit_node71transit
M_node3node71_wide_t0,0.0,node3transit_node71transit
M_node3node71_wide_t1,0.0,node3transit_node71transit
M_node3node71_wide_t2,0.0,node3transit_node71transit
M_node3node71_wide_t3,0.0,node3transit_node71transit
M_node3node71_wide_t4,0.0,node3transit_node71transit
M_node3node71_wide_t5,0.0,node3transit_node71transit
M_node3node13_timber_t0,0.0,node3transit_node13transit
M_node3node13_timber_t1,0.0,node3transit_node13transit
M_node3node13_timber_t2,0.0,node3transit_node13transit
M_node3node13_timber_t3,0.0,node3transit_node13transit
M_node3node13_timber_t4,0.0,node3transit_node13transit
M_node3node13_timber_t5,0.0,node3transit_node13transit
M_node3node13_wide_t0,0.0,node3transit_node13transit
M_node3node13_wide_t1,0.0,node3transit_node13transit
M_node3node13_wide_t2,0.0,node3transit_node13transit
M_node3node13_wide_t3,0.0,node3transit_node13transit
M_node3node13_wide_t4,0.0,node3transit_node13transit
M_node3node13_wide_t5,0.0,node3transit_node13transit
M_node3node119_timber_t0,0.0,node3transit_node119source
M_node3node119_timber_t1,0.0,node3transit_node119source
M_node3node119_timber_t2,1.0,node3transit_node119source
M_node3node119_timber_t3,1.0,node3transit_node119source
M_node3node119_timber_t4,1.0,node3transit_node119source
M_node3node119_timber_t5,1.0,node3transit_node119source
M_node3node119_wide_t0,0.0,node3transit_node119source
M_node3node119_wide_t1,0.0,node3transit_node119source
M_node3node119_wide_t2,0.0,node3transit_node119source
M_node3node119_wide_t3,0.0,node3transit_node119source
M_node3node119_wide_t4,-0.0,node3transit_node119source
M_node3node119_wide_t5,-0.0,node3transit_node119source
M_node3node122_timber_t0,0.0,node3transit_node122source
M_node3node122_timber_t1,0.0,node3transit_node122source
M_node3node122_timber_t2,1.0,node3transit_node122source
M_node3node122_timber_t3,1.0,node3transit_node122source
M_node3node122_timber_t4,1.0,node3transit_node122source
M_node3node122_timber_t5,1.0,node3transit_node122source
M_node3node122_wide_t0,0.0,node3transit_node122source
M_node3node122_wide_t1,0.0,node3transit_node122source
M_node3node122_wide_t2,0.0,node3transit_node122source
M_node3node122_wide_t3,-0.0,node3transit_node122source
M_node3node122_wide_t4,-0.0,node3transit_node122source
M_node3node122_wide_t5,-0.0,node3transit_node122source
M_node3node123_timber_t0,0.0,node3transit_node123source
M_node3node123_timber_t1,0.0,node3transit_node123source
M_node3node123_timber_t2,1.0,node3transit_node123source
M_node3node123_timber_t3,1.0,node3transit_node123source
M_node3node123_timber_t4,1.0,node3transit_node123source
M_node3node123_timber_t5,0.0,node3transit_node123source
M_node3node123_wide_t0,0.0,node3transit_node123source
M_node3node123_wide_t1,0.0,node3transit_node123source
M_node3node123_wide_t2,0.0,node3transit_node123source
M_node3node123_wide_t3,-0.0,node3transit_node123source
M_node3node123_wide_t4,-0.0,node3transit_node123source
M_node3node123_wide_t5,-0.0,node3transit_node123source
M_node4node91_timber_t0,0.0,node4transit_node91transit
M_node4node91_timber_t1,0.0,node4transit_node91transit
M_node4node91_timber_t2,0.0,node4transit_node91transit
M_node4node91_timber_t3,0.0,node4transit_node91transit
M_node4node91_timber_t4,0.0,node4transit_node91transit
M_node4node91_timber_t5,-0.0,node4transit_node91transit
M_node4node91_wide_t0,0.0,node4transit_node91transit
M_node4node91_wide_t1,0.0,node4transit_node91transit
M_node4node91_wide_t2,0.0,node4transit_node91transit
M_node4node91_wide_t3,0.0,node4transit_node91transit
M_node4node91_wide_t4,0.0,node4transit_node91transit
M_node4node91_wide_t5,0.0,node4transit_node91transit
M_node4node88_timber_t0,0.0,node4transit_node88transit
M_node4node88_timber_t1,0.0,node4transit_node88transit
M_node4node88_timber_t2,0.0,node4transit_node88transit
M_node4node88_timber_t3,0.0,node4transit_node88transit
M_node4node88_timber_t4,0.0,node4transit_node88transit
M_node4node88_timber_t5,0.0,node4transit_node88transit
M_node4node88_wide_t0,0.0,node4transit_node88transit
M_node4node88_wide_t1,0.0,node4transit_node88transit
M_node4node88_wide_t2,0.0,node4transit_node88transit
M_node4node88_wide_t3,0.0,node4transit_node88transit
M_node4node88_wide_t4,0.0,node4transit_node88transit
M_node4node88_wide_t5,0.0,node4transit_node88transit
M_node4node81_timber_t0,0.0,node4transit_node81transit
M_node4node81_timber_t1,0.0,node4transit_node81transit
M_node4node81_timber_t2,0.0,node4transit_node81transit
M_node4node81_timber_t3,0.0,node4transit_node81transit
M_node4node81_timber_t4,0.0,node4transit_node81transit
M_node4node81_timber_t5,0.0,node4transit_node81transit
M_node4node81_wide_t0,0.0,node4transit_node81transit
M_node4node81_wide_t1,0.0,node4transit_node81transit
M_node4node81_wide_t2,0.0,node4transit_node81transit
M_node4node81_wide_t3,0.0,node4transit_node81transit
M_node4node81_wide_t4,0.0,node4transit_node81transit
M_node4node81_wide_t5,0.0,node4transit_node81transit
M_node4node133_timber_t0,0.0,node4transit_node133source
M_node4node133_timber_t1,0.0,node4transit_node133source
M_node4node133_timber_t2,1.0,node4transit_node133source
M_node4node133_timber_t3,0.0,node4transit_node133source
M_node4node133_timber_t4,0.0,node4transit_node133source
M_node4node133_timber_t5,0.0,node4transit_node133source
M_node4node133_wide_t0,0.0,node4transit_node133source
M_node4node133_wide_t1,0.0,node4transit_node133source
M_node4node133_wide_t2,0.0,node4transit_node133source
M_node4node133_wide_t3,-0.0,node4transit_node133source
M_node4node133_wide_t4,1.0,node4transit_node133source
M_node4node133_wide_t5,1.0,node4transit_node133source
M_node4node137_timber_t0,0.0,node4transit_node137source
M_node4node137_timber_t1,0.0,node4transit_node137source
M_node4node137_timber_t2,1.0,node4transit_node137source
M_node4node137_timber_t3,-0.0,node4transit_node137source
M_node4node137_timber_t4,-0.0,node4transit_node137source
M_node4node137_timber_t5,0.0,node4transit_node137source
M_node4node137_wide_t0,0.0,node4transit_node137source
M_node4node137_wide_t1,0.0,node4transit_node137source
M_node4node137_wide_t2,0.0,node4transit_node137source
M_node4node137_wide_t3,-0.0,node4transit_node137source
M_node4node137_wide_t4,1.0,node4transit_node137source
M_node4node137_wide_t5,1.0,node4transit_node137source
M_node5node20_timber_t0,0.0,node5transit_node20transit
M_node5node20_timber_t1,0.0,node5transit_node20transit
M_node5node20_timber_t2,0.0,node5transit_node20transit
M_node5node20_timber_t3,0.0,node5transit_node20transit
M_node5node20_timber_t4,0.0,node5transit_node20transit
M_node5node20_timber_t5,0.0,node5transit_node20transit
M_node5node20_wide_t0,0.0,node5transit_node20transit
M_node5node20_wide_t1,0.0,node5transit_node20transit
M_node5node20_wide_t2,0.0,node5transit_node20transit
M_node5node20_wide_t3,0.0,node5transit_node20transit
M_node5node20_wide_t4,0.0,node5transit_node20transit
M_node5node20_wide_t5,0.0,node5transit_node20transit
M_node5node35_timber_t0,0.0,node5transit_node35transit
M_node5node35_timber_t1,0.0,node5transit_node35transit
M_node5node35_timber_t2,0.0,node5transit_node35transit
M_node5node35_timber_t3,0.0,node5transit_node35transit
M_node5node35_timber_t4,0.0,node5transit_node35transit
M_node5node35_timber_t5,0.0,node5transit_node35transit
M_node5node35_wide_t0,0.0,node5transit_node35transit
M_node5node35_wide_t1,0.0,node5transit_node35transit
M_node5node35_wide_t2,0.0,node5transit_node35transit
M_node5node35_wide_t3,0.0,node5transit_node35transit
M_node5node35_wide_t4,0.0,node5transit_node35transit
M_node5node35_wide_t5,0.0,node5transit_node35transit
M_node5node39_timber_t0,0.0,node5transit_node39transit
M_node5node39_timber_t1,0.0,node5transit_node39transit
M_node5node39_timber_t2,0.0,node5transit_node39transit
M_node5node39_timber_t3,0.0,node5transit_node39transit
M_node5node39_timber_t4,0.0,node5transit_node39transit
M_node5node39_timber_t5,0.0,node5transit_node39transit
M_node5node39_wide_t0,0.0,node5transit_node39transit
M_node5node39_wide_t1,0.0,node5transit_node39transit
M_node5node39_wide_t2,0.0,node5transit_node39transit
M_node5node39_wide_t3,0.0,node5transit_node39transit
M_node5node39_wide_t4,0.0,node5transit_node39transit
M_node5node39_wide_t5,0.0,node5transit_node39transit
M_node5node145_timber_t0,0.0,node5transit_node145source
M_node5node145_timber_t1,0.0,node5transit_node145source
M_node5node145_timber_t2,1.0,node5transit_node145source
M_node5node145_timber_t3,1.0,node5transit_node145source
M_node5node145_timber_t4,1.0,node5transit_node145source
M_node5node145_timber_t5,1.0,node5transit_node145source
M_node5node145_wide_t0,0.0,node5transit_node145source
M_node5node145_wide_t1,0.0,node5transit_node145source
M_node5node145_wide_t2,0.0,node5transit_node145source
M_node5node145_wide_t3,0.0,node5transit_node145source
M_node5node145_wide_t4,-0.0,node5transit_node145source
M_node5node145_wide_t5,-0.0,node5transit_node145source
M_node6node45_timber_t0,0.0,node6transit_node45transit
M_node6node45_timber_t1,0.0,node6transit_node45transit
M_node6node45_timber_t2,0.0,node6transit_node45transit
M_node6node45_timber_t3,0.0,node6transit_node45transit
M_node6node45_timber_t4,0.0,node6transit_node45transit
M_node6node45_timber_t5,0.0,node6transit_node45transit
M_node6node45_wide_t0,0.0,node6transit_node45transit
M_node6node45_wide_t1,0.0,node6transit_node45transit
M_node6node45_wide_t2,0.0,node6transit_node45transit
M_node6node45_wide_t3,0.0,node6transit_node45transit
M_node6node45_wide_t4,0.0,node6transit_node45transit
M_node6node45_wide_t5,0.0,node6transit_node45transit
M_node6node17_timber_t0,0.0,node6transit_node17transit
M_node6node17_timber_t1,0.0,node6transit_node17transit
M_node6node17_timber_t2,0.0,node6transit_node17transit
M_node6node17_timber_t3,0.0,node6transit_node17transit
M_node6node17_timber_t4,0.0,node6transit_node17transit
M_node6node17_timber_t5,0.0,node6transit_node17transit
M_node6node17_wide_t0,0.0,node6transit_node17transit
M_node6node17_wide_t1,0.0,node6transit_node17transit
M_node6node17_wide_t2,0.0,node6transit_node17transit
M_node6node17_wide_t3,0.0,node6transit_node17transit
M_node6node17_wide_t4,0.0,node6transit_node17transit
M_node6node17_wide_t5,0.0,node6transit_node17transit
M_node6node47_timber_t0,0.0,node6transit_node47exit
M_node6node47_timber_t1,0.0,node6transit_node47exit
M_node6node47_timber_t2,0.0,node6transit_node47exit
M_node6node47_timber_t3,0.0,node6transit_node47exit
M_node6node47_timber_t4,0.0,node6transit_node47exit
M_node6node47_timber_t5,0.0,node6transit_node47exit
M_node6node47_wide_t0,0.0,node6transit_node47exit
M_node6node47_wide_t1,0.0,node6transit_node47exit
M_node6node47_wide_t2,0.0,node6transit_node47exit
M_node6node47_wide_t3,0.0,node6transit_node47exit
M_node6node47_wide_t4,0.0,node6transit_node47exit
M_node6node47_wide_t5,0.0,node6transit_node47exit
M_node6node140_timber_t0,0.0,node6transit_node140source
M_node6node140_timber_t1,0.0,node6transit_node140source
M_node6node140_timber_t2,1.0,node6transit_node140source
M_node6node140_timber_t3,-0.0,node6transit_node140source
M_node6node140_timber_t4,-0.0,node6transit_node140source
M_node6node140_timber_t5,0.0,node6transit_node140source
M_node6node140_wide_t0,0.0,node6transit_node140source
M_node6node140_wide_t1,0.0,node6transit_node140source
M_node6node140_wide_t2,0.0,node6transit_node140source
M_node6node140_wide_t3,-0.0,node6transit_node140source
M_node6node140_wide_t4,-0.0,node6transit_node140source
M_node6node140_wide_t5,1.0,node6transit_node140source
M_node7node58_timber_t0,0.0,node7transit_node58transit
M_node7node58_timber_t1,0.0,node7transit_node58transit
M_node7node58_timber_t2,1.0,node7transit_node58transit
M_node7node58_timber_t3,1.0,node7transit_node58transit
M_node7node58_timber_t4,1.0,node7transit_node58transit
M_node7node58_timber_t5,1.0,node7transit_node58transit
M_node7node58_wide_t0,0.0,node7transit_node58transit
M_node7node58_wide_t1,0.0,node7transit_node58transit
M_node7node58_wide_t2,0.0,node7transit_node58transit
M_node7node58_wide_t3,0.0,node7transit_node58transit
M_node7node58_wide_t4,0.0,node7transit_node58transit
M_node7node58_wide_t5,0.0,node7transit_node58transit
M_node7node115_timber_t0,0.0,node7transit_node115exit
M_node7node115_timber_t1,0.0,node7transit_node115exit
M_node7node115_timber_t2,1.0,node7transit_node115exit
M_node7node115_timber_t3,1.0,node7transit_node115exit
M_node7node115_timber_t4,1.0,node7transit_node115exit
M_node7node115_timber_t5,1.0,node7transit_node115exit
M_node7node115_wide_t0,0.0,node7transit_node115exit
M_node7node115_wide_t1,0.0,node7transit_node115exit
M_node7node115_wide_t2,0.0,node7transit_node115exit
M_node7node115_wide_t3,0.0,node7transit_node115exit
M_node7node115_wide_t4,0.0,node7transit_node115exit
M_node7node115_wide_t5,0.0,node7transit_node115exit
M_node7node94_timber_t0,0.0,node7transit_node94transit
M_node7node94_timber_t1,0.0,node7transit_node94transit
M_node7node94_timber_t2,0.0,node7transit_node94transit
M_node7node94_timber_t3,0.0,node7transit_node94transit
M_node7node94_timber_t4,0.0,node7transit_node94transit
M_node7node94_timber_t5,0.0,node7transit_node94transit
M_node7node94_wide_t0,0.0,node7transit_node94transit
M_node7node94_wide_t1,0.0,node7transit_node94transit
M_node7node94_wide_t2,0.0,node7transit_node94transit
M_node7node94_wide_t3,0.0,node7transit_node94transit
M_node7node94_wide_t4,0.0,node7transit_node94transit
M_node7node94_wide_t5,0.0,node7transit_node94transit
M_node8node77_timber_t0,0.0,node8transit_node77transit
M_node8node77_timber_t1,0.0,node8transit_node77transit
M_node8node77_timber_t2,0.0,node8transit_node77transit
M_node8node77_timber_t3,0.0,node8transit_node77transit
M_node8node77_timber_t4,0.0,node8transit_node77transit
M_node8node77_timber_t5,0.0,node8transit_node77transit
M_node8node77_wide_t0,0.0,node8transit_node77transit
M_node8node77_wide_t1,0.0,node8transit_node77transit
M_node8node77_wide_t2,0.0,node8transit_node77transit
M_node8node77_wide_t3,0.0,node8transit_node77transit
M_node8node77_wide_t4,0.0,node8transit_node77transit
M_node8node77_wide_t5,0.0,node8transit_node77transit
M_node8node18_timber_t0,0.0,node8transit_node18transit
M_node8node18_timber_t1,0.0,node8transit_node18transit
M_node8node18_timber_t2,0.0,node8transit_node18transit
M_node8node18_timber_t3,0.0,node8transit_node18transit
M_node8node18_timber_t4,0.0,node8transit_node18transit
M_node8node18_timber_t5,0.0,node8transit_node18transit
M_node8node18_wide_t0,0.0,node8transit_node18transit
M_node8node18_wide_t1,0.0,node8transit_node18transit
M_node8node18_wide_t2,0.0,node8transit_node18transit
M_node8node18_wide_t3,0.0,node8transit_node18transit
M_node8node18_wide_t4,0.0,node8transit_node18transit
M_node8node18_wide_t5,0.0,node8transit_node18transit
M_node8node44_timber_t0,0.0,node8transit_node44transit
M_node8node44_timber_t1,0.0,node8transit_node44transit
M_node8node44_timber_t2,0.0,node8transit_node44transit
M_node8node44_timber_t3,0.0,node8transit_node44transit
M_node8node44_timber_t4,0.0,node8transit_node44transit
M_node8node44_timber_t5,0.0,node8transit_node44transit
M_node8node44_wide_t0,0.0,node8transit_node44transit
M_node8node44_wide_t1,0.0,node8transit_node44transit
M_node8node44_wide_t2,0.0,node8transit_node44transit
M_node8node44_wide_t3,0.0,node8transit_node44transit
M_node8node44_wide_t4,0.0,node8transit_node44transit
M_node8node44_wide_t5,0.0,node8transit_node44transit
M_node8node17_timber_t0,0.0,node8transit_node17transit
M_node8node17_timber_t1,0.0,node8transit_node17transit
M_node8node17_timber_t2,0.0,node8transit_node17transit
M_node8node17_timber_t3,0.0,node8transit_node17transit
M_node8node17_timber_t4,0.0,node8transit_node17transit
M_node8node17_timber_t5,0.0,node8transit_node17transit
M_node8node17_wide_t0,0.0,node8transit_node17transit
M_node8node17_wide_t1,0.0,node8transit_node17transit
M_node8node17_wide_t2,0.0,node8transit_node17transit
M_node8node17_wide_t3,0.0,node8transit_node17transit
M_node8node17_wide_t4,0.0,node8transit_node17transit
M_node8node17_wide_t5,0.0,node8transit_node17transit
M_node8node132_timber_t0,0.0,node8transit_node132source
M_node8node132_timber_t1,0.0,node8transit_node132source
M_node8node132_timber_t2,1.0,node8transit_node132source
M_node8node132_timber_t3,-0.0,node8transit_node132source
M_node8node132_timber_t4,-0.0,node8transit_node132source
M_node8node132_timber_t5,-0.0,node8transit_node132source
M_node8node132_wide_t0,0.0,node8transit_node132source
M_node8node132_wide_t1,0.0,node8transit_node132source
M_node8node132_wide_t2,0.0,node8transit_node132source
M_node8node132_wide_t3,0.0,node8transit_node132source
M_node8node132_wide_t4,-0.0,node8transit_node132source
M_node8node132_wide_t5,1.0,node8transit_node132source
M_node8node139_timber_t0,0.0,node8transit_node139source
M_node8node139_timber_t1,0.0,node8transit_node139source
M_node8node139_timber_t2,0.0,node8transit_node139source
M_node8node139_timber_t3,-0.0,node8transit_node139source
M_node8node139_timber_t4,-0.0,node8transit_node139source
M_node8node139_timber_t5,0.0,node8transit_node139source
M_node8node139_wide_t0,0.0,node8transit_node139source
M_node8node139_wide_t1,0.0,node8transit_node139source
M_node8node139_wide_t2,0.0,node8transit_node139source
M_node8node139_wide_t3,-0.0,node8transit_node139source
M_node8node139_wide_t4,-0.0,node8transit_node139source
M_node8node139_wide_t5,1.0,node8transit_node139source
M_node8node140_timber_t0,0.0,node8transit_node140source
M_node8node140_timber_t1,0.0,node8transit_node140source
M_node8node140_timber_t2,1.0,node8transit_node140source
M_node8node140_timber_t3,-0.0,node8transit_node140source
M_node8node140_timber_t4,-0.0,node8transit_node140source
M_node8node140_timber_t5,-0.0,node8transit_node140source
M_node8node140_wide_t0,0.0,node8transit_node140source
M_node8node140_wide_t1,0.0,node8transit_node140source
M_node8node140_wide_t2,0.0,node8transit_node140source
M_node8node140_wide_t3,0.0,node8transit_node140source
M_node8node140_wide_t4,-0.0,node8transit_node140source
M_node8node140_wide_t5,1.0,node8transit_node140source
M_node8node141_timber_t0,0.0,node8transit_node141source
M_node8node141_timber_t1,0.0,node8transit_node141source
M_node8node141_timber_t2,1.0,node8transit_node141source
M_node8node141_timber_t3,-0.0,node8transit_node141source
M_node8node141_timber_t4,-0.0,node8transit_node141source
M_node8node141_timber_t5,1.0,node8transit_node141source
M_node8node141_wide_t0,0.0,node8transit_node141source
M_node8node141_wide_t1,0.0,node8transit_node141source
M_node8node141_wide_t2,0.0,node8transit_node141source
M_node8node141_wide_t3,0.0,node8transit_node141source
M_node8node141_wide_t4,-0.0,node8transit_node141source
M_node8node141_wide_t5,-0.0,node8transit_node141source
M_node9node75_timber_t0,0.0,node9exit_node75transit
M_node9node75_timber_t1,0.0,node9exit_node75transit
M_node9node75_timber_t2,0.0,node9exit_node75transit
M_node9node75_timber_t3,0.0,node9exit_node75transit
M_node9node75_timber_t4,0.0,node9exit_node75transit
M_node9node75_timber_t5,0.0,node9exit_node75transit
M_node9node75_wide_t0,0.0,node9exit_node75transit
M_node9node75_wide_t1,0.0,node9exit_node75transit
M_node9node75_wide_t2,0.0,node9exit_node75transit
M_node9node75_wide_t3,0.0,node9exit_node75transit
M_node9node75_wide_t4,0.0,node9exit_node75transit
M_node9node75_wide_t5,0.0,node9exit_node75transit
M_node9node54_timber_t0,0.0,node9exit_node54transit
M_node9node54_timber_t1,0.0,node9exit_node54transit
M_node9node54_timber_t2,0.0,node9exit_node54transit
M_node9node54_timber_t3,0.0,node9exit_node54transit
M_node9node54_timber_t4,0.0,node9exit_node54transit
M_node9node54_timber_t5,0.0,node9exit_node54transit
M_node9node54_wide_t0,0.0,node9exit_node54transit
M_node9node54_wide_t1,0.0,node9exit_node54transit
M_node9node54_wide_t2,0.0,node9exit_node54transit
M_node9node54_wide_t3,0.0,node9exit_node54transit
M_node9node54_wide_t4,0.0,node9exit_node54transit
M_node9node54_wide_t5,0.0,node9exit_node54transit
M_node10node34_timber_t0,0.0,node10transit_node34transit
M_node10node34_timber_t1,0.0,node10transit_node34transit
M_node10node34_timber_t2,0.0,node10transit_node34transit
M_node10node34_timber_t3,0.0,node10transit_node34transit
M_node10node34_timber_t4,0.0,node10transit_node34transit
M_node10node34_timber_t5,0.0,node10transit_node34transit
M_node10node34_wide_t0,0.0,node10transit_node34transit
M_node10node34_wide_t1,0.0,node10transit_node34transit
M_node10node34_wide_t2,0.0,node10transit_node34transit
M_node10node34_wide_t3,0.0,node10transit_node34transit
M_node10node34_wide_t4,0.0,node10transit_node34transit
M_node10node34_wide_t5,0.0,node10transit_node34transit
M_node10node57_timber_t0,0.0,node10transit_node57transit
M_node10node57_timber_t1,0.0,node10transit_node57transit
M_node10node57_timber_t2,0.0,node10transit_node57transit
M_node10node57_timber_t3,0.0,node10transit_node57transit
M_node10node57_timber_t4,0.0,node10transit_node57transit
M_node10node57_timber_t5,0.0,node10transit_node57transit
M_node10node57_wide_t0,0.0,node10transit_node57transit
M_node10node57_wide_t1,0.0,node10transit_node57transit
M_node10node57_wide_t2,0.0,node10transit_node57transit
M_node10node57_wide_t3,0.0,node10transit_node57transit
M_node10node57_wide_t4,0.0,node10transit_node57transit
M_node10node57_wide_t5,0.0,node10transit_node57transit
M_node10node36_timber_t0,0.0,node10transit_node36transit
M_node10node36_timber_t1,0.0,node10transit_node36transit
M_node10node36_timber_t2,0.0,node10transit_node36transit
M_node10node36_timber_t3,0.0,node10transit_node36transit
M_node10node36_timber_t4,0.0,node10transit_node36transit
M_node10node36_timber_t5,0.0,node10transit_node36transit
M_node10node36_wide_t0,0.0,node10transit_node36transit
M_node10node36_wide_t1,0.0,node10transit_node36transit
M_node10node36_wide_t2,0.0,node10transit_node36transit
M_node10node36_wide_t3,0.0,node10transit_node36transit
M_node10node36_wide_t4,0.0,node10transit_node36transit
M_node10node36_wide_t5,0.0,node10transit_node36transit
M_node10node129_timber_t0,0.0,node10transit_node129source
M_node10node129_timber_t1,0.0,node10transit_node129source
M_node10node129_timber_t2,1.0,node10transit_node129source
M_node10node129_timber_t3,-0.0,node10transit_node129source
M_node10node129_timber_t4,0.0,node10transit_node129source
M_node10node129_timber_t5,-0.0,node10transit_node129source
M_node10node129_wide_t0,0.0,node10transit_node129source
M_node10node129_wide_t1,0.0,node10transit_node129source
M_node10node129_wide_t2,0.0,node10transit_node129source
M_node10node129_wide_t3,0.0,node10transit_node129source
M_node10node129_wide_t4,1.0,node10transit_node129source
M_node10node129_wide_t5,1.0,node10transit_node129source
M_node10node138_timber_t0,0.0,node10transit_node138source
M_node10node138_timber_t1,0.0,node10transit_node138source
M_node10node138_timber_t2,1.0,node10transit_node138source
M_node10node138_timber_t3,1.0,node10transit_node138source
M_node10node138_timber_t4,1.0,node10transit_node138source
M_node10node138_timber_t5,0.0,node10transit_node138source
M_node10node138_wide_t0,0.0,node10transit_node138source
M_node10node138_wide_t1,0.0,node10transit_node138source
M_node10node138_wide_t2,0.0,node10transit_node138source
M_node10node138_wide_t3,-0.0,node10transit_node138source
M_node10node138_wide_t4,-0.0,node10transit_node138source
M_node10node138_wide_t5,-0.0,node10transit_node138source
M_node10node142_timber_t0,0.0,node10transit_node142source
M_node10node142_timber_t1,0.0,node10transit_node142source
M_node10node142_timber_t2,1.0,node10transit_node142source
M_node10node142_timber_t3,1.0,node10transit_node142source
M_node10node142_timber_t4,1.0,node10transit_node142source
M_node10node142_timber_t5,1.0,node10transit_node142source
M_node10node142_wide_t0,0.0,node10transit_node142source
M_node10node142_wide_t1,0.0,node10transit_node142source
M_node10node142_wide_t2,0.0,node10transit_node142source
M_node10node142_wide_t3,-0.0,node10transit_node142source
M_node10node142_wide_t4,-0.0,node10transit_node142source
M_node10node142_wide_t5,-0.0,node10transit_node142source
M_node11node89_timber_t0,0.0,node11transit_node89transit
M_node11node89_timber_t1,0.0,node11transit_node89transit
M_node11node89_timber_t2,0.0,node11transit_node89transit
M_node11node89_timber_t3,0.0,node11transit_node89transit
M_node11node89_timber_t4,0.0,node11transit_node89transit
M_node11node89_timber_t5,0.0,node11transit_node89transit
M_node11node89_wide_t0,0.0,node11transit_node89transit
M_node11node89_wide_t1,0.0,node11transit_node89transit
M_node11node89_wide_t2,0.0,node11transit_node89transit
M_node11node89_wide_t3,0.0,node11transit_node89transit
M_node11node89_wide_t4,0.0,node11transit_node89transit
M_node11node89_wide_t5,0.0,node11transit_node89transit
M_node11node15_timber_t0,0.0,node11transit_node15transit
M_node11node15_timber_t1,0.0,node11transit_node15transit
M_node11node15_timber_t2,0.0,node11transit_node15transit
M_node11node15_timber_t3,0.0,node11transit_node15transit
M_node11node15_timber_t4,0.0,node11transit_node15transit
M_node11node15_timber_t5,0.0,node11transit_node15transit
M_node11node15_wide_t0,0.0,node11transit_node15transit
M_node11node15_wide_t1,0.0,node11transit_node15transit
M_node11node15_wide_t2,0.0,node11transit_node15transit
M_node11node15_wide_t3,0.0,node11transit_node15transit
M_node11node15_wide_t4,0.0,node11transit_node15transit
M_node11node15_wide_t5,-0.0,node11transit_node15transit
M_node11node48_timber_t0,0.0,node11transit_node48exit
M_node11node48_timber_t1,0.0,node11transit_node48exit
M_node11node48_timber_t2,0.0,node11transit_node48exit
M_node11node48_timber_t3,0.0,node11transit_node48exit
M_node11node48_timber_t4,0.0,node11transit_node48exit
M_node11node48_timber_t5,0.0,node11transit_node48exit
M_node11node48_wide_t0,0.0,node11transit_node48exit
M_node11node48_wide_t1,0.0,node11transit_node48exit
M_node11node48_wide_t2,0.0,node11transit_node48exit
M_node11node48_wide_t3,0.0,node11transit_node48exit
M_node11node48_wide_t4,0.0,node11transit_node48exit
M_node11node48_wide_t5,0.0,node11transit_node48exit
M_node11node143_timber_t0,0.0,node11transit_node143source
M_node11node143_timber_t1,0.0,node11transit_node143source
M_node11node143_timber_t2,1.0,node11transit_node143source
M_node11node143_timber_t3,1.0,node11transit_node143source
M_node11node143_timber_t4,1.0,node11transit_node143source
M_node11node143_timber_t5,1.0,node11transit_node143source
M_node11node143_wide_t0,0.0,node11transit_node143source
M_node11node143_wide_t1,0.0,node11transit_node143source
M_node11node143_wide_t2,0.0,node11transit_node143source
M_node11node143_wide_t3,-0.0,node11transit_node143source
M_node11node143_wide_t4,-0.0,node11transit_node143source
M_node11node143_wide_t5,-0.0,node11transit_node143source
M_node12node64_timber_t0,0.0,node12transit_node64transit
M_node12node64_timber_t1,0.0,node12transit_node64transit
M_node12node64_timber_t2,1.0,node12transit_node64transit
M_node12node64_timber_t3,1.0,node12transit_node64transit
M_node12node64_timber_t4,1.0,node12transit_node64transit
M_node12node64_timber_t5,1.0,node12transit_node64transit
M_node12node64_wide_t0,0.0,node12transit_node64transit
M_node12node64_wide_t1,0.0,node12transit_node64transit
M_node12node64_wide_t2,0.0,node12transit_node64transit
M_node12node64_wide_t3,0.0,node12transit_node64transit
M_node12node64_wide_t4,0.0,node12transit_node64transit
M_node12node64_wide_t5,0.0,node12transit_node64transit
M_node12node36_timber_t0,0.0,node12transit_node36transit
M_node12node36_timber_t1,0.0,node12transit_node36transit
M_node12node36_timber_t2,1.0,node12transit_node36transit
M_node12node36_timber_t3,1.0,node12transit_node36transit
M_node12node36_timber_t4,1.0,node12transit_node36transit
M_node12node36_timber_t5,1.0,node12transit_node36transit
M_node12node36_wide_t0,0.0,node12transit_node36transit
M_node12node36_wide_t1,0.0,node12transit_node36transit
M_node12node36_wide_t2,0.0,node12transit_node36transit
M_node12node36_wide_t3,0.0,node12transit_node36transit
M_node12node36_wide_t4,0.0,node12transit_node36transit
M_node12node36_wide_t5,0.0,node12transit_node36transit
M_node12node44_timber_t0,0.0,node12transit_node44transit
M_node12node44_timber_t1,0.0,node12transit_node44transit
M_node12node44_timber_t2,0.0,node12transit_node44transit
M_node12node44_timber_t3,0.0,node12transit_node44transit
M_node12node44_timber_t4,0.0,node12transit_node44transit
M_node12node44_timber_t5,0.0,node12transit_node44transit
M_node12node44_wide_t0,0.0,node12transit_node44transit
M_node12node44_wide_t1,0.0,node12transit_node44transit
M_node12node44_wide_t2,0.0,node12transit_node44transit
M_node12node44_wide_t3,0.0,node12transit_node44transit
M_node12node44_wide_t4,0.0,node12transit_node44transit
M_node12node44_wide_t5,0.0,node12transit_node44transit
M_node12node138_timber_t0,0.0,node12transit_node138source
M_node12node138_timber_t1,0.0,node12transit_node138source
M_node12node138_timber_t2,1.0,node12transit_node138source
M_node12node138_timber_t3,1.0,node12transit_node138source
M_node12node138_timber_t4,1.0,node12transit_node138source
M_node12node138_timber_t5,0.0,node12transit_node138source
M_node12node138_wide_t0,0.0,node12transit_node138source
M_node12node138_wide_t1,0.0,node12transit_node138source
M_node12node138_wide_t2,0.0,node12transit_node138source
M_node12node138_wide_t3,0.0,node12transit_node138source
M_node12node138_wide_t4,-0.0,node12transit_node138source
M_node12node138_wide_t5,-0.0,node12transit_node138source
M_node12node139_timber_t0,0.0,node12transit_node139source
M_node12node139_timber_t1,0.0,node12transit_node139source
M_node12node139_timber_t2,1.0,node12transit_node139source
M_node12node139_timber_t3,-0.0,node12transit_node139source
M_node12node139_timber_t4,-0.0,node12transit_node139source
M_node12node139_timber_t5,0.0,node12transit_node139source
M_node12node139_wide_t0,0.0,node12transit_node139source
M_node12node139_wide_t1,0.0,node12transit_node139source
M_node12node139_wide_t2,0.0,node12transit_node139source
M_node12node139_wide_t3,0.0,node12transit_node139source
M_node12node139_wide_t4,1.0,node12transit_node139source
M_node12node139_wide_t5,1.0,node12transit_node139source
M_node13node71_timber_t0,0.0,node13transit_node71transit
M_node13node71_timber_t1,0.0,node13transit_node71transit
M_node13node71_timber_t2,0.0,node13transit_node71transit
M_node13node71_timber_t3,0.0,node13transit_node71transit
M_node13node71_timber_t4,0.0,node13transit_node71transit
M_node13node71_timber_t5,0.0,node13transit_node71transit
M_node13node71_wide_t0,0.0,node13transit_node71transit
M_node13node71_wide_t1,0.0,node13transit_node71transit
M_node13node71_wide_t2,0.0,node13transit_node71transit
M_node13node71_wide_t3,0.0,node13transit_node71transit
M_node13node71_wide_t4,0.0,node13transit_node71transit
M_node13node71_wide_t5,0.0,node13transit_node71transit
M_node13node22_timber_t0,0.0,node13transit_node22transit
M_node13node22_timber_t1,0.0,node13transit_node22transit
M_node13node22_timber_t2,0.0,node13transit_node22transit
M_node13node22_timber_t3,0.0,node13transit_node22transit
M_node13node22_timber_t4,0.0,node13transit_node22transit
M_node13node22_timber_t5,-0.0,node13transit_node22transit
M_node13node22_wide_t0,0.0,node13transit_node22transit
M_node13node22_wide_t1,0.0,node13transit_node22transit
M_node13node22_wide_t2,0.0,node13transit_node22transit
M_node13node22_wide_t3,0.0,node13transit_node22transit
M_node13node22_wide_t4,0.0,node13transit_node22transit
M_node13node22_wide_t5,0.0,node13transit_node22transit
M_node13node122_timber_t0,0.0,node13transit_node122source
M_node13node122_timber_t1,0.0,node13transit_node122source
M_node13node122_timber_t2,1.0,node13transit_node122source
M_node13node122_timber_t3,1.0,node13transit_node122source
M_node13node122_timber_t4,0.0,node13transit_node122source
M_node13node122_timber_t5,-0.0,node13transit_node122source
M_node13node122_wide_t0,0.0,node13transit_node122source
M_node13node122_wide_t1,0.0,node13transit_node122source
M_node13node122_wide_t2,0.0,node13transit_node122source
M_node13node122_wide_t3,0.0,node13transit_node122source
M_node13node122_wide_t4,-0.0,node13transit_node122source
M_node13node122_wide_t5,1.0,node13transit_node122source
M_node13node123_timber_t0,0.0,node13transit_node123source
M_node13node123_timber_t1,0.0,node13transit_node123source
M_node13node123_timber_t2,1.0,node13transit_node123source
M_node13node123_timber_t3,1.0,node13transit_node123source
M_node13node123_timber_t4,1.0,node13transit_node123source
M_node13node123_timber_t5,1.0,node13transit_node123source
M_node13node123_wide_t0,0.0,node13transit_node123source
M_node13node123_wide_t1,0.0,node13transit_node123source
M_node13node123_wide_t2,0.0,node13transit_node123source
M_node13node123_wide_t3,-0.0,node13transit_node123source
M_node13node123_wide_t4,-0.0,node13transit_node123source
M_node13node123_wide_t5,-0.0,node13transit_node123source
M_node14node79_timber_t0,0.0,node14transit_node79transit
M_node14node79_timber_t1,0.0,node14transit_node79transit
M_node14node79_timber_t2,0.0,node14transit_node79transit
M_node14node79_timber_t3,0.0,node14transit_node79transit
M_node14node79_timber_t4,0.0,node14transit_node79transit
M_node14node79_timber_t5,0.0,node14transit_node79transit
M_node14node79_wide_t0,0.0,node14transit_node79transit
M_node14node79_wide_t1,0.0,node14transit_node79transit
M_node14node79_wide_t2,0.0,node14transit_node79transit
M_node14node79_wide_t3,0.0,node14transit_node79transit
M_node14node79_wide_t4,0.0,node14transit_node79transit
M_node14node79_wide_t5,0.0,node14transit_node79transit
M_node14node144_timber_t0,0.0,node14transit_node144source
M_node14node144_timber_t1,0.0,node14transit_node144source
M_node14node144_timber_t2,1.0,node14transit_node144source
M_node14node144_timber_t3,0.0,node14transit_node144source
M_node14node144_timber_t4,0.0,node14transit_node144source
M_node14node144_timber_t5,0.0,node14transit_node144source
M_node14node144_wide_t0,0.0,node14transit_node144source
M_node14node144_wide_t1,0.0,node14transit_node144source
M_node14node144_wide_t2,0.0,node14transit_node144source
M_node14node144_wide_t3,0.0,node14transit_node144source
M_node14node144_wide_t4,1.0,node14transit_node144source
M_node14node144_wide_t5,1.0,node14transit_node144source
M_node15node58_timber_t0,0.0,node15transit_node58transit
M_node15node58_timber_t1,0.0,node15transit_node58transit
M_node15node58_timber_t2,0.0,node15transit_node58transit
M_node15node58_timber_t3,0.0,node15transit_node58transit
M_node15node58_timber_t4,0.0,node15transit_node58transit
M_node15node58_timber_t5,0.0,node15transit_node58transit
M_node15node58_wide_t0,0.0,node15transit_node58transit
M_node15node58_wide_t1,0.0,node15transit_node58transit
M_node15node58_wide_t2,0.0,node15transit_node58transit
M_node15node58_wide_t3,0.0,node15transit_node58transit
M_node15node58_wide_t4,0.0,node15transit_node58transit
M_node15node58_wide_t5,0.0,node15transit_node58transit
M_node15node94_timber_t0,0.0,node15transit_node94transit
M_node15node94_timber_t1,0.0,node15transit_node94transit
M_node15node94_timber_t2,0.0,node15transit_node94transit
M_node15node94_timber_t3,0.0,node15transit_node94transit
M_node15node94_timber_t4,0.0,node15transit_node94transit
M_node15node94_timber_t5,0.0,node15transit_node94transit
M_node15node94_wide_t0,0.0,node15transit_node94transit
M_node15node94_wide_t1,0.0,node15transit_node94transit
M_node15node94_wide_t2,0.0,node15transit_node94transit
M_node15node94_wide_t3,0.0,node15transit_node94transit
M_node15node94_wide_t4,0.0,node15transit_node94transit
M_node15node94_wide_t5,0.0,node15transit_node94transit
M_node15node143_timber_t0,0.0,node15transit_node143source
M_node15node143_timber_t1,0.0,node15transit_node143source
M_node15node143_timber_t2,1.0,node15transit_node143source
M_node15node143_timber_t3,1.0,node15transit_node143source
M_node15node143_timber_t4,0.0,node15transit_node143source
M_node15node143_timber_t5,-0.0,node15transit_node143source
M_node15node143_wide_t0,0.0,node15transit_node143source
M_node15node143_wide_t1,0.0,node15transit_node143source
M_node15node143_wide_t2,0.0,node15transit_node143source
M_node15node143_wide_t3,0.0,node15transit_node143source
M_node15node143_wide_t4,-0.0,node15transit_node143source
M_node15node143_wide_t5,1.0,node15transit_node143source
M_node16node60_timber_t0,0.0,node16transit_node60transit
M_node16node60_timber_t1,0.0,node16transit_node60transit
M_node16node60_timber_t2,0.0,node16transit_node60transit
M_node16node60_timber_t3,0.0,node16transit_node60transit
M_node16node60_timber_t4,0.0,node16transit_node60transit
M_node16node60_timber_t5,0.0,node16transit_node60transit
M_node16node60_wide_t0,0.0,node16transit_node60transit
M_node16node60_wide_t1,0.0,node16transit_node60transit
M_node16node60_wide_t2,0.0,node16transit_node60transit
M_node16node60_wide_t3,0.0,node16transit_node60transit
M_node16node60_wide_t4,0.0,node16transit_node60transit
M_node16node60_wide_t5,0.0,node16transit_node60transit
M_node16node86_timber_t0,0.0,node16transit_node86transit
M_node16node86_timber_t1,0.0,node16transit_node86transit
M_node16node86_timber_t2,0.0,node16transit_node86transit
M_node16node86_timber_t3,-0.0,node16transit_node86transit
M_node16node86_timber_t4,0.0,node16transit_node86transit
M_node16node86_timber_t5,0.0,node16transit_node86transit
M_node16node86_wide_t0,0.0,node16transit_node86transit
M_node16node86_wide_t1,0.0,node16transit_node86transit
M_node16node86_wide_t2,0.0,node16transit_node86transit
M_node16node86_wide_t3,0.0,node16transit_node86transit
M_node16node86_wide_t4,0.0,node16transit_node86transit
M_node16node86_wide_t5,0.0,node16transit_node86transit
M_node16node31_timber_t0,0.0,node16transit_node31transit
M_node16node31_timber_t1,0.0,node16transit_node31transit
M_node16node31_timber_t2,0.0,node16transit_node31transit
M_node16node31_timber_t3,0.0,node16transit_node31transit
M_node16node31_timber_t4,0.0,node16transit_node31transit
M_node16node31_timber_t5,0.0,node16transit_node31transit
M_node16node31_wide_t0,0.0,node16transit_node31transit
M_node16node31_wide_t1,0.0,node16transit_node31transit
M_node16node31_wide_t2,0.0,node16transit_node31transit
M_node16node31_wide_t3,0.0,node16transit_node31transit
M_node16node31_wide_t4,0.0,node16transit_node31transit
M_node16node31_wide_t5,0.0,node16transit_node31transit
M_node16node118_timber_t0,0.0,node16transit_node118source
M_node16node118_timber_t1,0.0,node16transit_node118source
M_node16node118_timber_t2,1.0,node16transit_node118source
M_node16node118_timber_t3,1.0,node16transit_node118source
M_node16node118_timber_t4,1.0,node16transit_node118source
M_node16node118_timber_t5,1.0,node16transit_node118source
M_node16node118_wide_t0,0.0,node16transit_node118source
M_node16node118_wide_t1,0.0,node16transit_node118source
M_node16node118_wide_t2,0.0,node16transit_node118source
M_node16node118_wide_t3,-0.0,node16transit_node118source
M_node16node118_wide_t4,-0.0,node16transit_node118source
M_node16node118_wide_t5,-0.0,node16transit_node118source
M_node17node73_timber_t0,0.0,node17transit_node73transit
M_node17node73_timber_t1,0.0,node17transit_node73transit
M_node17node73_timber_t2,0.0,node17transit_node73transit
M_node17node73_timber_t3,0.0,node17transit_node73transit
M_node17node73_timber_t4,0.0,node17transit_node73transit
M_node17node73_timber_t5,1.0,node17transit_node73transit
M_node17node73_wide_t0,0.0,node17transit_node73transit
M_node17node73_wide_t1,0.0,node17transit_node73transit
M_node17node73_wide_t2,0.0,node17transit_node73transit
M_node17node73_wide_t3,0.0,node17transit_node73transit
M_node17node73_wide_t4,0.0,node17transit_node73transit
M_node17node73_wide_t5,0.0,node17transit_node73transit
M_node17node140_timber_t0,0.0,node17transit_node140source
M_node17node140_timber_t1,0.0,node17transit_node140source
M_node17node140_timber_t2,1.0,node17transit_node140source
M_node17node140_timber_t3,-0.0,node17transit_node140source
M_node17node140_timber_t4,-0.0,node17transit_node140source
M_node17node140_timber_t5,0.0,node17transit_node140source
M_node17node140_wide_t0,0.0,node17transit_node140source
M_node17node140_wide_t1,0.0,node17transit_node140source
M_node17node140_wide_t2,0.0,node17transit_node140source
M_node17node140_wide_t3,-0.0,node17transit_node140source
M_node17node140_wide_t4,-0.0,node17transit_node140source
M_node17node140_wide_t5,1.0,node17transit_node140source
M_node17node141_timber_t0,0.0,node17transit_node141source
M_node17node141_timber_t1,0.0,node17transit_node141source
M_node17node141_timber_t2,1.0,node17transit_node141source
M_node17node141_timber_t3,-0.0,node17transit_node141source
M_node17node141_timber_t4,-0.0,node17transit_node141source
M_node17node141_timber_t5,0.0,node17transit_node141source
M_node17node141_wide_t0,0.0,node17transit_node141source
M_node17node141_wide_t1,0.0,node17transit_node141source
M_node17node141_wide_t2,0.0,node17transit_node141source
M_node17node141_wide_t3,0.0,node17transit_node141source
M_node17node141_wide_t4,-0.0,node17transit_node141source
M_node17node141_wide_t5,-0.0,node17transit_node141source
M_node18node19_timber_t0,0.0,node18transit_node19transit
M_node18node19_timber_t1,0.0,node18transit_node19transit
M_node18node19_timber_t2,0.0,node18transit_node19transit
M_node18node19_timber_t3,0.0,node18transit_node19transit
M_node18node19_timber_t4,0.0,node18transit_node19transit
M_node18node19_timber_t5,0.0,node18transit_node19transit
M_node18node19_wide_t0,0.0,node18transit_node19transit
M_node18node19_wide_t1,0.0,node18transit_node19transit
M_node18node19_wide_t2,0.0,node18transit_node19transit
M_node18node19_wide_t3,0.0,node18transit_node19transit
M_node18node19_wide_t4,0.0,node18transit_node19transit
M_node18node19_wide_t5,0.0,node18transit_node19transit
M_node18node38_timber_t0,0.0,node18transit_node38transit
M_node18node38_timber_t1,0.0,node18transit_node38transit
M_node18node38_timber_t2,0.0,node18transit_node38transit
M_node18node38_timber_t3,0.0,node18transit_node38transit
M_node18node38_timber_t4,0.0,node18transit_node38transit
M_node18node38_timber_t5,0.0,node18transit_node38transit
M_node18node38_wide_t0,0.0,node18transit_node38transit
M_node18node38_wide_t1,0.0,node18transit_node38transit
M_node18node38_wide_t2,0.0,node18transit_node38transit
M_node18node38_wide_t3,0.0,node18transit_node38transit
M_node18node38_wide_t4,0.0,node18transit_node38transit
M_node18node38_wide_t5,0.0,node18transit_node38transit
M_node18node131_timber_t0,0.0,node18transit_node131source
M_node18node131_timber_t1,0.0,node18transit_node131source
M_node18node131_timber_t2,1.0,node18transit_node131source
M_node18node131_timber_t3,1.0,node18transit_node131source
M_node18node131_timber_t4,1.0,node18transit_node131source
M_node18node131_timber_t5,1.0,node18transit_node131source
M_node18node131_wide_t0,0.0,node18transit_node131source
M_node18node131_wide_t1,0.0,node18transit_node131source
M_node18node131_wide_t2,0.0,node18transit_node131source
M_node18node131_wide_t3,0.0,node18transit_node131source
M_node18node131_wide_t4,-0.0,node18transit_node131source
M_node18node131_wide_t5,-0.0,node18transit_node131source
M_node18node132_timber_t0,0.0,node18transit_node132source
M_node18node132_timber_t1,0.0,node18transit_node132source
M_node18node132_timber_t2,1.0,node18transit_node132source
M_node18node132_timber_t3,-0.0,node18transit_node132source
M_node18node132_timber_t4,-0.0,node18transit_node132source
M_node18node132_timber_t5,1.0,node18transit_node132source
M_node18node132_wide_t0,0.0,node18transit_node132source
M_node18node132_wide_t1,0.0,node18transit_node132source
M_node18node132_wide_t2,0.0,node18transit_node132source
M_node18node132_wide_t3,0.0,node18transit_node132source
M_node18node132_wide_t4,-0.0,node18transit_node132source
M_node18node132_wide_t5,-0.0,node18transit_node132source
M_node18node139_timber_t0,0.0,node18transit_node139source
M_node18node139_timber_t1,0.0,node18transit_node139source
M_node18node139_timber_t2,1.0,node18transit_node139source
M_node18node139_timber_t3,-0.0,node18transit_node139source
M_node18node139_timber_t4,-0.0,node18transit_node139source
M_node18node139_timber_t5,0.0,node18transit_node139source
M_node18node139_wide_t0,0.0,node18transit_node139source
M_node18node139_wide_t1,0.0,node18transit_node139source
M_node18node139_wide_t2,0.0,node18transit_node139source
M_node18node139_wide_t3,-0.0,node18transit_node139source
M_node18node139_wide_t4,-0.0,node18transit_node139source
M_node18node139_wide_t5,1.0,node18transit_node139source
M_node19node50_timber_t0,0.0,node19transit_node50transit
M_node19node50_timber_t1,0.0,node19transit_node50transit
M_node19node50_timber_t2,0.0,node19transit_node50transit
M_node19node50_timber_t3,0.0,node19transit_node50transit
M_node19node50_timber_t4,0.0,node19transit_node50transit
M_node19node50_timber_t5,0.0,node19transit_node50transit
M_node19node50_wide_t0,0.0,node19transit_node50transit
M_node19node50_wide_t1,0.0,node19transit_node50transit
M_node19node50_wide_t2,0.0,node19transit_node50transit
M_node19node50_wide_t3,0.0,node19transit_node50transit
M_node19node50_wide_t4,0.0,node19transit_node50transit
M_node19node50_wide_t5,0.0,node19transit_node50transit
M_node19node38_timber_t0,0.0,node19transit_node38transit
M_node19node38_timber_t1,0.0,node19transit_node38transit
M_node19node38_timber_t2,0.0,node19transit_node38transit
M_node19node38_timber_t3,0.0,node19transit_node38transit
M_node19node38_timber_t4,0.0,node19transit_node38transit
M_node19node38_timber_t5,0.0,node19transit_node38transit
M_node19node38_wide_t0,0.0,node19transit_node38transit
M_node19node38_wide_t1,0.0,node19transit_node38transit
M_node19node38_wide_t2,0.0,node19transit_node38transit
M_node19node38_wide_t3,0.0,node19transit_node38transit
M_node19node38_wide_t4,0.0,node19transit_node38transit
M_node19node38_wide_t5,0.0,node19transit_node38transit
M_node19node130_timber_t0,0.0,node19transit_node130source
M_node19node130_timber_t1,0.0,node19transit_node130source
M_node19node130_timber_t2,1.0,node19transit_node130source
M_node19node130_timber_t3,1.0,node19transit_node130source
M_node19node130_timber_t4,-0.0,node19transit_node130source
M_node19node130_timber_t5,-0.0,node19transit_node130source
M_node19node130_wide_t0,0.0,node19transit_node130source
M_node19node130_wide_t1,0.0,node19transit_node130source
M_node19node130_wide_t2,0.0,node19transit_node130source
M_node19node130_wide_t3,-0.0,node19transit_node130source
M_node19node130_wide_t4,-0.0,node19transit_node130source
M_node19node130_wide_t5,1.0,node19transit_node130source
M_node19node131_timber_t0,0.0,node19transit_node131source
M_node19node131_timber_t1,0.0,node19transit_node131source
M_node19node131_timber_t2,1.0,node19transit_node131source
M_node19node131_timber_t3,1.0,node19transit_node131source
M_node19node131_timber_t4,1.0,node19transit_node131source
M_node19node131_timber_t5,0.0,node19transit_node131source
M_node19node131_wide_t0,0.0,node19transit_node131source
M_node19node131_wide_t1,0.0,node19transit_node131source
M_node19node131_wide_t2,0.0,node19transit_node131source
M_node19node131_wide_t3,-0.0,node19transit_node131source
M_node19node131_wide_t4,-0.0,node19transit_node131source
M_node19node131_wide_t5,-0.0,node19transit_node131source
M_node19node132_timber_t0,0.0,node19transit_node132source
M_node19node132_timber_t1,0.0,node19transit_node132source
M_node19node132_timber_t2,1.0,node19transit_node132source
M_node19node132_timber_t3,-0.0,node19transit_node132source
M_node19node132_timber_t4,-0.0,node19transit_node132source
M_node19node132_timber_t5,1.0,node19transit_node132source
M_node19node132_wide_t0,0.0,node19transit_node132source
M_node19node132_wide_t1,0.0,node19transit_node132source
M_node19node132_wide_t2,0.0,node19transit_node132source
M_node19node132_wide_t3,-0.0,node19transit_node132source
M_node19node132_wide_t4,-0.0,node19transit_node132source
M_node19node132_wide_t5,-0.0,node19transit_node132source
M_node20node39_timber_t0,0.0,node20transit_node39transit
M_node20node39_timber_t1,0.0,node20transit_node39transit
M_node20node39_timber_t2,0.0,node20transit_node39transit
M_node20node39_timber_t3,0.0,node20transit_node39transit
M_node20node39_timber_t4,0.0,node20transit_node39transit
M_node20node39_timber_t5,0.0,node20transit_node39transit
M_node20node39_wide_t0,0.0,node20transit_node39transit
M_node20node39_wide_t1,0.0,node20transit_node39transit
M_node20node39_wide_t2,0.0,node20transit_node39transit
M_node20node39_wide_t3,0.0,node20transit_node39transit
M_node20node39_wide_t4,0.0,node20transit_node39transit
M_node20node39_wide_t5,0.0,node20transit_node39transit
M_node20node42_timber_t0,0.0,node20transit_node42transit
M_node20node42_timber_t1,0.0,node20transit_node42transit
M_node20node42_timber_t2,1.0,node20transit_node42transit
M_node20node42_timber_t3,1.0,node20transit_node42transit
M_node20node42_timber_t4,1.0,node20transit_node42transit
M_node20node42_timber_t5,1.0,node20transit_node42transit
M_node20node42_wide_t0,0.0,node20transit_node42transit
M_node20node42_wide_t1,0.0,node20transit_node42transit
M_node20node42_wide_t2,0.0,node20transit_node42transit
M_node20node42_wide_t3,0.0,node20transit_node42transit
M_node20node42_wide_t4,0.0,node20transit_node42transit
M_node20node42_wide_t5,0.0,node20transit_node42transit
M_node20node145_timber_t0,0.0,node20transit_node145source
M_node20node145_timber_t1,0.0,node20transit_node145source
M_node20node145_timber_t2,0.0,node20transit_node145source
M_node20node145_timber_t3,-0.0,node20transit_node145source
M_node20node145_timber_t4,1.0,node20transit_node145source
M_node20node145_timber_t5,0.0,node20transit_node145source
M_node20node145_wide_t0,0.0,node20transit_node145source
M_node20node145_wide_t1,0.0,node20transit_node145source
M_node20node145_wide_t2,0.0,node20transit_node145source
M_node20node145_wide_t3,-0.0,node20transit_node145source
M_node20node145_wide_t4,-0.0,node20transit_node145source
M_node20node145_wide_t5,-0.0,node20transit_node145source
M_node21node29_timber_t0,0.0,node21transit_node29transit
M_node21node29_timber_t1,0.0,node21transit_node29transit
M_node21node29_timber_t2,0.0,node21transit_node29transit
M_node21node29_timber_t3,0.0,node21transit_node29transit
M_node21node29_timber_t4,0.0,node21transit_node29transit
M_node21node29_timber_t5,0.0,node21transit_node29transit
M_node21node29_wide_t0,0.0,node21transit_node29transit
M_node21node29_wide_t1,0.0,node21transit_node29transit
M_node21node29_wide_t2,0.0,node21transit_node29transit
M_node21node29_wide_t3,0.0,node21transit_node29transit
M_node21node29_wide_t4,0.0,node21transit_node29transit
M_node21node29_wide_t5,0.0,node21transit_node29transit
M_node21node90_timber_t0,0.0,node21transit_node90transit
M_node21node90_timber_t1,0.0,node21transit_node90transit
M_node21node90_timber_t2,0.0,node21transit_node90transit
M_node21node90_timber_t3,0.0,node21transit_node90transit
M_node21node90_timber_t4,0.0,node21transit_node90transit
M_node21node90_timber_t5,0.0,node21transit_node90transit
M_node21node90_wide_t0,0.0,node21transit_node90transit
M_node21node90_wide_t1,0.0,node21transit_node90transit
M_node21node90_wide_t2,0.0,node21transit_node90transit
M_node21node90_wide_t3,0.0,node21transit_node90transit
M_node21node90_wide_t4,0.0,node21transit_node90transit
M_node21node90_wide_t5,0.0,node21transit_node90transit
M_node21node82_timber_t0,0.0,node21transit_node82transit
M_node21node82_timber_t1,0.0,node21transit_node82transit
M_node21node82_timber_t2,0.0,node21transit_node82transit
M_node21node82_timber_t3,0.0,node21transit_node82transit
M_node21node82_timber_t4,0.0,node21transit_node82transit
M_node21node82_timber_t5,0.0,node21transit_node82transit
M_node21node82_wide_t0,0.0,node21transit_node82transit
M_node21node82_wide_t1,0.0,node21transit_node82transit
M_node21node82_wide_t2,0.0,node21transit_node82transit
M_node21node82_wide_t3,0.0,node21transit_node82transit
M_node21node82_wide_t4,0.0,node21transit_node82transit
M_node21node82_wide_t5,0.0,node21transit_node82transit
M_node21node127_timber_t0,0.0,node21transit_node127source
M_node21node127_timber_t1,0.0,node21transit_node127source
M_node21node127_timber_t2,1.0,node21transit_node127source
M_node21node127_timber_t3,1.0,node21transit_node127source
M_node21node127_timber_t4,0.0,node21transit_node127source
M_node21node127_timber_t5,0.0,node21transit_node127source
M_node21node127_wide_t0,0.0,node21transit_node127source
M_node21node127_wide_t1,0.0,node21transit_node127source
M_node21node127_wide_t2,0.0,node21transit_node127source
M_node21node127_wide_t3,-0.0,node21transit_node127source
M_node21node127_wide_t4,-0.0,node21transit_node127source
M_node21node127_wide_t5,1.0,node21transit_node127source
M_node22node87_timber_t0,0.0,node22transit_node87transit
M_node22node87_timber_t1,0.0,node22transit_node87transit
M_node22node87_timber_t2,0.0,node22transit_node87transit
M_node22node87_timber_t3,0.0,node22transit_node87transit
M_node22node87_timber_t4,0.0,node22transit_node87transit
M_node22node87_timber_t5,0.0,node22transit_node87transit
M_node22node87_wide_t0,0.0,node22transit_node87transit
M_node22node87_wide_t1,0.0,node22transit_node87transit
M_node22node87_wide_t2,0.0,node22transit_node87transit
M_node22node87_wide_t3,0.0,node22transit_node87transit
M_node22node87_wide_t4,0.0,node22transit_node87transit
M_node22node87_wide_t5,0.0,node22transit_node87transit
M_node22node55_timber_t0,0.0,node22transit_node55transit
M_node22node55_timber_t1,0.0,node22transit_node55transit
M_node22node55_timber_t2,0.0,node22transit_node55transit
M_node22node55_timber_t3,0.0,node22transit_node55transit
M_node22node55_timber_t4,0.0,node22transit_node55transit
M_node22node55_timber_t5,0.0,node22transit_node55transit
M_node22node55_wide_t0,0.0,node22transit_node55transit
M_node22node55_wide_t1,0.0,node22transit_node55transit
M_node22node55_wide_t2,0.0,node22transit_node55transit
M_node22node55_wide_t3,0.0,node22transit_node55transit
M_node22node55_wide_t4,0.0,node22transit_node55transit
M_node22node55_wide_t5,0.0,node22transit_node55transit
M_node22node121_timber_t0,0.0,node22transit_node121source
M_node22node121_timber_t1,0.0,node22transit_node121source
M_node22node121_timber_t2,1.0,node22transit_node121source
M_node22node121_timber_t3,1.0,node22transit_node121source
M_node22node121_timber_t4,-0.0,node22transit_node121source
M_node22node121_timber_t5,0.0,node22transit_node121source
M_node22node121_wide_t0,0.0,node22transit_node121source
M_node22node121_wide_t1,0.0,node22transit_node121source
M_node22node121_wide_t2,0.0,node22transit_node121source
M_node22node121_wide_t3,0.0,node22transit_node121source
M_node22node121_wide_t4,-0.0,node22transit_node121source
M_node22node121_wide_t5,1.0,node22transit_node121source
M_node22node123_timber_t0,0.0,node22transit_node123source
M_node22node123_timber_t1,0.0,node22transit_node123source
M_node22node123_timber_t2,1.0,node22transit_node123source
M_node22node123_timber_t3,1.0,node22transit_node123source
M_node22node123_timber_t4,1.0,node22transit_node123source
M_node22node123_timber_t5,1.0,node22transit_node123source
M_node22node123_wide_t0,0.0,node22transit_node123source
M_node22node123_wide_t1,0.0,node22transit_node123source
M_node22node123_wide_t2,0.0,node22transit_node123source
M_node22node123_wide_t3,-0.0,node22transit_node123source
M_node22node123_wide_t4,-0.0,node22transit_node123source
M_node22node123_wide_t5,-0.0,node22transit_node123source
M_node23node84_timber_t0,0.0,node23exit_node84exit
M_node23node84_timber_t1,0.0,node23exit_node84exit
M_node23node84_timber_t2,0.0,node23exit_node84exit
M_node23node84_timber_t3,0.0,node23exit_node84exit
M_node23node84_timber_t4,0.0,node23exit_node84exit
M_node23node84_timber_t5,0.0,node23exit_node84exit
M_node23node84_wide_t0,0.0,node23exit_node84exit
M_node23node84_wide_t1,0.0,node23exit_node84exit
M_node23node84_wide_t2,0.0,node23exit_node84exit
M_node23node84_wide_t3,0.0,node23exit_node84exit
M_node23node84_wide_t4,0.0,node23exit_node84exit
M_node23node84_wide_t5,0.0,node23exit_node84exit
M_node23node46_timber_t0,0.0,node23exit_node46transit
M_node23node46_timber_t1,0.0,node23exit_node46transit
M_node23node46_timber_t2,0.0,node23exit_node46transit
M_node23node46_timber_t3,0.0,node23exit_node46transit
M_node23node46_timber_t4,0.0,node23exit_node46transit
M_node23node46_timber_t5,0.0,node23exit_node46transit
M_node23node46_wide_t0,0.0,node23exit_node46transit
M_node23node46_wide_t1,0.0,node23exit_node46transit
M_node23node46_wide_t2,0.0,node23exit_node46transit
M_node23node46_wide_t3,0.0,node23exit_node46transit
M_node23node46_wide_t4,0.0,node23exit_node46transit
M_node23node46_wide_t5,0.0,node23exit_node46transit
M_node24node55_timber_t0,0.0,node24transit_node55transit
M_node24node55_timber_t1,0.0,node24transit_node55transit
M_node24node55_timber_t2,1.0,node24transit_node55transit
M_node24node55_timber_t3,1.0,node24transit_node55transit
M_node24node55_timber_t4,1.0,node24transit_node55transit
M_node24node55_timber_t5,1.0,node24transit_node55transit
M_node24node55_wide_t0,0.0,node24transit_node55transit
M_node24node55_wide_t1,0.0,node24transit_node55transit
M_node24node55_wide_t2,0.0,node24transit_node55transit
M_node24node55_wide_t3,0.0,node24transit_node55transit
M_node24node55_wide_t4,0.0,node24transit_node55transit
M_node24node55_wide_t5,0.0,node24transit_node55transit
M_node24node31_timber_t0,0.0,node24transit_node31transit
M_node24node31_timber_t1,0.0,node24transit_node31transit
M_node24node31_timber_t2,0.0,node24transit_node31transit
M_node24node31_timber_t3,0.0,node24transit_node31transit
M_node24node31_timber_t4,0.0,node24transit_node31transit
M_node24node31_timber_t5,0.0,node24transit_node31transit
M_node24node31_wide_t0,0.0,node24transit_node31transit
M_node24node31_wide_t1,0.0,node24transit_node31transit
M_node24node31_wide_t2,0.0,node24transit_node31transit
M_node24node31_wide_t3,0.0,node24transit_node31transit
M_node24node31_wide_t4,0.0,node24transit_node31transit
M_node24node31_wide_t5,0.0,node24transit_node31transit
M_node24node61_timber_t0,0.0,node24transit_node61transit
M_node24node61_timber_t1,0.0,node24transit_node61transit
M_node24node61_timber_t2,1.0,node24transit_node61transit
M_node24node61_timber_t3,1.0,node24transit_node61transit
M_node24node61_timber_t4,1.0,node24transit_node61transit
M_node24node61_timber_t5,1.0,node24transit_node61transit
M_node24node61_wide_t0,0.0,node24transit_node61transit
M_node24node61_wide_t1,0.0,node24transit_node61transit
M_node24node61_wide_t2,0.0,node24transit_node61transit
M_node24node61_wide_t3,0.0,node24transit_node61transit
M_node24node61_wide_t4,0.0,node24transit_node61transit
M_node24node61_wide_t5,0.0,node24transit_node61transit
M_node24node118_timber_t0,0.0,node24transit_node118source
M_node24node118_timber_t1,0.0,node24transit_node118source
M_node24node118_timber_t2,1.0,node24transit_node118source
M_node24node118_timber_t3,1.0,node24transit_node118source
M_node24node118_timber_t4,1.0,node24transit_node118source
M_node24node118_timber_t5,0.0,node24transit_node118source
M_node24node118_wide_t0,0.0,node24transit_node118source
M_node24node118_wide_t1,0.0,node24transit_node118source
M_node24node118_wide_t2,0.0,node24transit_node118source
M_node24node118_wide_t3,-0.0,node24transit_node118source
M_node24node118_wide_t4,-0.0,node24transit_node118source
M_node24node118_wide_t5,-0.0,node24transit_node118source
M_node24node119_timber_t0,0.0,node24transit_node119source
M_node24node119_timber_t1,0.0,node24transit_node119source
M_node24node119_timber_t2,1.0,node24transit_node119source
M_node24node119_timber_t3,1.0,node24transit_node119source
M_node24node119_timber_t4,1.0,node24transit_node119source
M_node24node119_timber_t5,1.0,node24transit_node119source
M_node24node119_wide_t0,0.0,node24transit_node119source
M_node24node119_wide_t1,0.0,node24transit_node119source
M_node24node119_wide_t2,0.0,node24transit_node119source
M_node24node119_wide_t3,0.0,node24transit_node119source
M_node24node119_wide_t4,-0.0,node24transit_node119source
M_node24node119_wide_t5,-0.0,node24transit_node119source
M_node25node67_timber_t0,0.0,node25transit_node67exit
M_node25node67_timber_t1,0.0,node25transit_node67exit
M_node25node67_timber_t2,0.0,node25transit_node67exit
M_node25node67_timber_t3,0.0,node25transit_node67exit
M_node25node67_timber_t4,0.0,node25transit_node67exit
M_node25node67_timber_t5,0.0,node25transit_node67exit
M_node25node67_wide_t0,0.0,node25transit_node67exit
M_node25node67_wide_t1,0.0,node25transit_node67exit
M_node25node67_wide_t2,0.0,node25transit_node67exit
M_node25node67_wide_t3,0.0,node25transit_node67exit
M_node25node67_wide_t4,0.0,node25transit_node67exit
M_node25node67_wide_t5,0.0,node25transit_node67exit
M_node25node117_timber_t0,0.0,node25transit_node117exit
M_node25node117_timber_t1,0.0,node25transit_node117exit
M_node25node117_timber_t2,0.0,node25transit_node117exit
M_node25node117_timber_t3,0.0,node25transit_node117exit
M_node25node117_timber_t4,0.0,node25transit_node117exit
M_node25node117_timber_t5,0.0,node25transit_node117exit
M_node25node117_wide_t0,0.0,node25transit_node117exit
M_node25node117_wide_t1,0.0,node25transit_node117exit
M_node25node117_wide_t2,0.0,node25transit_node117exit
M_node25node117_wide_t3,0.0,node25transit_node117exit
M_node25node117_wide_t4,0.0,node25transit_node117exit
M_node25node117_wide_t5,0.0,node25transit_node117exit
M_node25node116_timber_t0,0.0,node25transit_node116exit
M_node25node116_timber_t1,0.0,node25transit_node116exit
M_node25node116_timber_t2,0.0,node25transit_node116exit
M_node25node116_timber_t3,0.0,node25transit_node116exit
M_node25node116_timber_t4,0.0,node25transit_node116exit
M_node25node116_timber_t5,0.0,node25transit_node116exit
M_node25node116_wide_t0,0.0,node25transit_node116exit
M_node25node116_wide_t1,0.0,node25transit_node116exit
M_node25node116_wide_t2,0.0,node25transit_node116exit
M_node25node116_wide_t3,0.0,node25transit_node116exit
M_node25node116_wide_t4,0.0,node25transit_node116exit
M_node25node116_wide_t5,0.0,node25transit_node116exit
M_node26node71_timber_t0,0.0,node26transit_node71transit
M_node26node71_timber_t1,0.0,node26transit_node71transit
M_node26node71_timber_t2,1.0,node26transit_node71transit
M_node26node71_timber_t3,1.0,node26transit_node71transit
M_node26node71_timber_t4,1.0,node26transit_node71transit
M_node26node71_timber_t5,1.0,node26transit_node71transit
M_node26node71_wide_t0,0.0,node26transit_node71transit
M_node26node71_wide_t1,0.0,node26transit_node71transit
M_node26node71_wide_t2,0.0,node26transit_node71transit
M_node26node71_wide_t3,0.0,node26transit_node71transit
M_node26node71_wide_t4,0.0,node26transit_node71transit
M_node26node71_wide_t5,0.0,node26transit_node71transit
M_node26node113_timber_t0,0.0,node26transit_node113exit
M_node26node113_timber_t1,0.0,node26transit_node113exit
M_node26node113_timber_t2,1.0,node26transit_node113exit
M_node26node113_timber_t3,1.0,node26transit_node113exit
M_node26node113_timber_t4,1.0,node26transit_node113exit
M_node26node113_timber_t5,1.0,node26transit_node113exit
M_node26node113_wide_t0,0.0,node26transit_node113exit
M_node26node113_wide_t1,0.0,node26transit_node113exit
M_node26node113_wide_t2,0.0,node26transit_node113exit
M_node26node113_wide_t3,0.0,node26transit_node113exit
M_node26node113_wide_t4,0.0,node26transit_node113exit
M_node26node113_wide_t5,0.0,node26transit_node113exit
M_node26node119_timber_t0,0.0,node26transit_node119source
M_node26node119_timber_t1,0.0,node26transit_node119source
M_node26node119_timber_t2,1.0,node26transit_node119source
M_node26node119_timber_t3,1.0,node26transit_node119source
M_node26node119_timber_t4,1.0,node26transit_node119source
M_node26node119_timber_t5,1.0,node26transit_node119source
M_node26node119_wide_t0,0.0,node26transit_node119source
M_node26node119_wide_t1,0.0,node26transit_node119source
M_node26node119_wide_t2,0.0,node26transit_node119source
M_node26node119_wide_t3,0.0,node26transit_node119source
M_node26node119_wide_t4,-0.0,node26transit_node119source
M_node26node119_wide_t5,-0.0,node26transit_node119source
M_node27node110_timber_t0,0.0,node27transit_node110exit
M_node27node110_timber_t1,0.0,node27transit_node110exit
M_node27node110_timber_t2,0.0,node27transit_node110exit
M_node27node110_timber_t3,0.0,node27transit_node110exit
M_node27node110_timber_t4,0.0,node27transit_node110exit
M_node27node110_timber_t5,0.0,node27transit_node110exit
M_node27node110_wide_t0,0.0,node27transit_node110exit
M_node27node110_wide_t1,0.0,node27transit_node110exit
M_node27node110_wide_t2,0.0,node27transit_node110exit
M_node27node110_wide_t3,0.0,node27transit_node110exit
M_node27node110_wide_t4,0.0,node27transit_node110exit
M_node27node110_wide_t5,0.0,node27transit_node110exit
M_node27node115_timber_t0,0.0,node27transit_node115exit
M_node27node115_timber_t1,0.0,node27transit_node115exit
M_node27node115_timber_t2,0.0,node27transit_node115exit
M_node27node115_timber_t3,0.0,node27transit_node115exit
M_node27node115_timber_t4,0.0,node27transit_node115exit
M_node27node115_timber_t5,0.0,node27transit_node115exit
M_node27node115_wide_t0,0.0,node27transit_node115exit
M_node27node115_wide_t1,0.0,node27transit_node115exit
M_node27node115_wide_t2,0.0,node27transit_node115exit
M_node27node115_wide_t3,0.0,node27transit_node115exit
M_node27node115_wide_t4,0.0,node27transit_node115exit
M_node27node115_wide_t5,0.0,node27transit_node115exit
M_node27node111_timber_t0,0.0,node27transit_node111exit
M_node27node111_timber_t1,0.0,node27transit_node111exit
M_node27node111_timber_t2,0.0,node27transit_node111exit
M_node27node111_timber_t3,0.0,node27transit_node111exit
M_node27node111_timber_t4,0.0,node27transit_node111exit
M_node27node111_timber_t5,0.0,node27transit_node111exit
M_node27node111_wide_t0,0.0,node27transit_node111exit
M_node27node111_wide_t1,0.0,node27transit_node111exit
M_node27node111_wide_t2,0.0,node27transit_node111exit
M_node27node111_wide_t3,0.0,node27transit_node111exit
M_node27node111_wide_t4,0.0,node27transit_node111exit
M_node27node111_wide_t5,0.0,node27transit_node111exit
M_node28node30_timber_t0,0.0,node28transit_node30transit
M_node28node30_timber_t1,0.0,node28transit_node30transit
M_node28node30_timber_t2,1.0,node28transit_node30transit
M_node28node30_timber_t3,1.0,node28transit_node30transit
M_node28node30_timber_t4,1.0,node28transit_node30transit
M_node28node30_timber_t5,1.0,node28transit_node30transit
M_node28node30_wide_t0,0.0,node28transit_node30transit
M_node28node30_wide_t1,0.0,node28transit_node30transit
M_node28node30_wide_t2,0.0,node28transit_node30transit
M_node28node30_wide_t3,0.0,node28transit_node30transit
M_node28node30_wide_t4,0.0,node28transit_node30transit
M_node28node30_wide_t5,0.0,node28transit_node30transit
M_node28node68_timber_t0,0.0,node28transit_node68transit
M_node28node68_timber_t1,0.0,node28transit_node68transit
M_node28node68_timber_t2,1.0,node28transit_node68transit
M_node28node68_timber_t3,1.0,node28transit_node68transit
M_node28node68_timber_t4,1.0,node28transit_node68transit
M_node28node68_timber_t5,1.0,node28transit_node68transit
M_node28node68_wide_t0,0.0,node28transit_node68transit
M_node28node68_wide_t1,0.0,node28transit_node68transit
M_node28node68_wide_t2,0.0,node28transit_node68transit
M_node28node68_wide_t3,0.0,node28transit_node68transit
M_node28node68_wide_t4,0.0,node28transit_node68transit
M_node28node68_wide_t5,0.0,node28transit_node68transit
M_node28node59_timber_t0,0.0,node28transit_node59transit
M_node28node59_timber_t1,0.0,node28transit_node59transit
M_node28node59_timber_t2,1.0,node28transit_node59transit
M_node28node59_timber_t3,1.0,node28transit_node59transit
M_node28node59_timber_t4,1.0,node28transit_node59transit
M_node28node59_timber_t5,1.0,node28transit_node59transit
M_node28node59_wide_t0,0.0,node28transit_node59transit
M_node28node59_wide_t1,0.0,node28transit_node59transit
M_node28node59_wide_t2,0.0,node28transit_node59transit
M_node28node59_wide_t3,0.0,node28transit_node59transit
M_node28node59_wide_t4,0.0,node28transit_node59transit
M_node28node59_wide_t5,0.0,node28transit_node59transit
M_node28node134_timber_t0,0.0,node28transit_node134source
M_node28node134_timber_t1,0.0,node28transit_node134source
M_node28node134_timber_t2,1.0,node28transit_node134source
M_node28node134_timber_t3,1.0,node28transit_node134source
M_node28node134_timber_t4,1.0,node28transit_node134source
M_node28node134_timber_t5,1.0,node28transit_node134source
M_node28node134_wide_t0,0.0,node28transit_node134source
M_node28node134_wide_t1,0.0,node28transit_node134source
M_node28node134_wide_t2,0.0,node28transit_node134source
M_node28node134_wide_t3,0.0,node28transit_node134source
M_node28node134_wide_t4,-0.0,node28transit_node134source
M_node28node134_wide_t5,-0.0,node28transit_node134source
M_node29node88_timber_t0,0.0,node29transit_node88transit
M_node29node88_timber_t1,0.0,node29transit_node88transit
M_node29node88_timber_t2,0.0,node29transit_node88transit
M_node29node88_timber_t3,0.0,node29transit_node88transit
M_node29node88_timber_t4,0.0,node29transit_node88transit
M_node29node88_timber_t5,0.0,node29transit_node88transit
M_node29node88_wide_t0,0.0,node29transit_node88transit
M_node29node88_wide_t1,0.0,node29transit_node88transit
M_node29node88_wide_t2,0.0,node29transit_node88transit
M_node29node88_wide_t3,0.0,node29transit_node88transit
M_node29node88_wide_t4,0.0,node29transit_node88transit
M_node29node88_wide_t5,0.0,node29transit_node88transit
M_node29node90_timber_t0,0.0,node29transit_node90transit
M_node29node90_timber_t1,0.0,node29transit_node90transit
M_node29node90_timber_t2,0.0,node29transit_node90transit
M_node29node90_timber_t3,0.0,node29transit_node90transit
M_node29node90_timber_t4,0.0,node29transit_node90transit
M_node29node90_timber_t5,0.0,node29transit_node90transit
M_node29node90_wide_t0,0.0,node29transit_node90transit
M_node29node90_wide_t1,0.0,node29transit_node90transit
M_node29node90_wide_t2,0.0,node29transit_node90transit
M_node29node90_wide_t3,0.0,node29transit_node90transit
M_node29node90_wide_t4,0.0,node29transit_node90transit
M_node29node90_wide_t5,0.0,node29transit_node90transit
M_node29node127_timber_t0,0.0,node29transit_node127source
M_node29node127_timber_t1,0.0,node29transit_node127source
M_node29node127_timber_t2,1.0,node29transit_node127source
M_node29node127_timber_t3,1.0,node29transit_node127source
M_node29node127_timber_t4,1.0,node29transit_node127source
M_node29node127_timber_t5,1.0,node29transit_node127source
M_node29node127_wide_t0,0.0,node29transit_node127source
M_node29node127_wide_t1,0.0,node29transit_node127source
M_node29node127_wide_t2,0.0,node29transit_node127source
M_node29node127_wide_t3,0.0,node29transit_node127source
M_node29node127_wide_t4,-0.0,node29transit_node127source
M_node29node127_wide_t5,-0.0,node29transit_node127source
M_node29node134_timber_t0,0.0,node29transit_node134source
M_node29node134_timber_t1,0.0,node29transit_node134source
M_node29node134_timber_t2,1.0,node29transit_node134source
M_node29node134_timber_t3,-0.0,node29transit_node134source
M_node29node134_timber_t4,-0.0,node29transit_node134source
M_node29node134_timber_t5,0.0,node29transit_node134source
M_node29node134_wide_t0,0.0,node29transit_node134source
M_node29node134_wide_t1,0.0,node29transit_node134source
M_node29node134_wide_t2,0.0,node29transit_node134source
M_node29node134_wide_t3,-0.0,node29transit_node134source
M_node29node134_wide_t4,-0.0,node29transit_node134source
M_node29node134_wide_t5,-0.0,node29transit_node134source
M_node30node90_timber_t0,0.0,node30transit_node90transit
M_node30node90_timber_t1,0.0,node30transit_node90transit
M_node30node90_timber_t2,1.0,node30transit_node90transit
M_node30node90_timber_t3,1.0,node30transit_node90transit
M_node30node90_timber_t4,1.0,node30transit_node90transit
M_node30node90_timber_t5,1.0,node30transit_node90transit
M_node30node90_wide_t0,0.0,node30transit_node90transit
M_node30node90_wide_t1,0.0,node30transit_node90transit
M_node30node90_wide_t2,0.0,node30transit_node90transit
M_node30node90_wide_t3,0.0,node30transit_node90transit
M_node30node90_wide_t4,0.0,node30transit_node90transit
M_node30node90_wide_t5,0.0,node30transit_node90transit
M_node30node43_timber_t0,0.0,node30transit_node43transit
M_node30node43_timber_t1,0.0,node30transit_node43transit
M_node30node43_timber_t2,0.0,node30transit_node43transit
M_node30node43_timber_t3,0.0,node30transit_node43transit
M_node30node43_timber_t4,0.0,node30transit_node43transit
M_node30node43_timber_t5,0.0,node30transit_node43transit
M_node30node43_wide_t0,0.0,node30transit_node43transit
M_node30node43_wide_t1,0.0,node30transit_node43transit
M_node30node43_wide_t2,0.0,node30transit_node43transit
M_node30node43_wide_t3,0.0,node30transit_node43transit
M_node30node43_wide_t4,0.0,node30transit_node43transit
M_node30node43_wide_t5,0.0,node30transit_node43transit
M_node30node134_timber_t0,0.0,node30transit_node134source
M_node30node134_timber_t1,0.0,node30transit_node134source
M_node30node134_timber_t2,1.0,node30transit_node134source
M_node30node134_timber_t3,-0.0,node30transit_node134source
M_node30node134_timber_t4,-0.0,node30transit_node134source
M_node30node134_timber_t5,1.0,node30transit_node134source
M_node30node134_wide_t0,0.0,node30transit_node134source
M_node30node134_wide_t1,0.0,node30transit_node134source
M_node30node134_wide_t2,0.0,node30transit_node134source
M_node30node134_wide_t3,-0.0,node30transit_node134source
M_node30node134_wide_t4,-0.0,node30transit_node134source
M_node30node134_wide_t5,-0.0,node30transit_node134source
M_node30node135_timber_t0,0.0,node30transit_node135source
M_node30node135_timber_t1,0.0,node30transit_node135source
M_node30node135_timber_t2,1.0,node30transit_node135source
M_node30node135_timber_t3,-0.0,node30transit_node135source
M_node30node135_timber_t4,0.0,node30transit_node135source
M_node30node135_timber_t5,-0.0,node30transit_node135source
M_node30node135_wide_t0,0.0,node30transit_node135source
M_node30node135_wide_t1,0.0,node30transit_node135source
M_node30node135_wide_t2,0.0,node30transit_node135source
M_node30node135_wide_t3,0.0,node30transit_node135source
M_node30node135_wide_t4,1.0,node30transit_node135source
M_node30node135_wide_t5,1.0,node30transit_node135source
M_node31node49_timber_t0,0.0,node31transit_node49exit
M_node31node49_timber_t1,0.0,node31transit_node49exit
M_node31node49_timber_t2,0.0,node31transit_node49exit
M_node31node49_timber_t3,0.0,node31transit_node49exit
M_node31node49_timber_t4,0.0,node31transit_node49exit
M_node31node49_timber_t5,0.0,node31transit_node49exit
M_node31node49_wide_t0,0.0,node31transit_node49exit
M_node31node49_wide_t1,0.0,node31transit_node49exit
M_node31node49_wide_t2,0.0,node31transit_node49exit
M_node31node49_wide_t3,0.0,node31transit_node49exit
M_node31node49_wide_t4,0.0,node31transit_node49exit
M_node31node49_wide_t5,0.0,node31transit_node49exit
M_node31node118_timber_t0,0.0,node31transit_node118source
M_node31node118_timber_t1,0.0,node31transit_node118source
M_node31node118_timber_t2,0.0,node31transit_node118source
M_node31node118_timber_t3,0.0,node31transit_node118source
M_node31node118_timber_t4,-0.0,node31transit_node118source
M_node31node118_timber_t5,0.0,node31transit_node118source
M_node31node118_wide_t0,0.0,node31transit_node118source
M_node31node118_wide_t1,0.0,node31transit_node118source
M_node31node118_wide_t2,1.0,node31transit_node118source
M_node31node118_wide_t3,1.0,node31transit_node118source
M_node31node118_wide_t4,1.0,node31transit_node118source
M_node31node118_wide_t5,1.0,node31transit_node118source
M_node32node70_timber_t0,0.0,node32transit_node70transit
M_node32node70_timber_t1,0.0,node32transit_node70transit
M_node32node70_timber_t2,0.0,node32transit_node70transit
M_node32node70_timber_t3,0.0,node32transit_node70transit
M_node32node70_timber_t4,0.0,node32transit_node70transit
M_node32node70_timber_t5,0.0,node32transit_node70transit
M_node32node70_wide_t0,0.0,node32transit_node70transit
M_node32node70_wide_t1,0.0,node32transit_node70transit
M_node32node70_wide_t2,0.0,node32transit_node70transit
M_node32node70_wide_t3,0.0,node32transit_node70transit
M_node32node70_wide_t4,0.0,node32transit_node70transit
M_node32node70_wide_t5,0.0,node32transit_node70transit
M_node32node85_timber_t0,0.0,node32transit_node85transit
M_node32node85_timber_t1,0.0,node32transit_node85transit
M_node32node85_timber_t2,0.0,node32transit_node85transit
M_node32node85_timber_t3,0.0,node32transit_node85transit
M_node32node85_timber_t4,0.0,node32transit_node85transit
M_node32node85_timber_t5,0.0,node32transit_node85transit
M_node32node85_wide_t0,0.0,node32transit_node85transit
M_node32node85_wide_t1,0.0,node32transit_node85transit
M_node32node85_wide_t2,0.0,node32transit_node85transit
M_node32node85_wide_t3,0.0,node32transit_node85transit
M_node32node85_wide_t4,0.0,node32transit_node85transit
M_node32node85_wide_t5,0.0,node32transit_node85transit
M_node32node41_timber_t0,0.0,node32transit_node41transit
M_node32node41_timber_t1,0.0,node32transit_node41transit
M_node32node41_timber_t2,0.0,node32transit_node41transit
M_node32node41_timber_t3,0.0,node32transit_node41transit
M_node32node41_timber_t4,0.0,node32transit_node41transit
M_node32node41_timber_t5,0.0,node32transit_node41transit
M_node32node41_wide_t0,0.0,node32transit_node41transit
M_node32node41_wide_t1,0.0,node32transit_node41transit
M_node32node41_wide_t2,0.0,node32transit_node41transit
M_node32node41_wide_t3,0.0,node32transit_node41transit
M_node32node41_wide_t4,0.0,node32transit_node41transit
M_node32node41_wide_t5,0.0,node32transit_node41transit
M_node32node136_timber_t0,0.0,node32transit_node136source
M_node32node136_timber_t1,0.0,node32transit_node136source
M_node32node136_timber_t2,1.0,node32transit_node136source
M_node32node136_timber_t3,1.0,node32transit_node136source
M_node32node136_timber_t4,-0.0,node32transit_node136source
M_node32node136_timber_t5,-0.0,node32transit_node136source
M_node32node136_wide_t0,0.0,node32transit_node136source
M_node32node136_wide_t1,0.0,node32transit_node136source
M_node32node136_wide_t2,0.0,node32transit_node136source
M_node32node136_wide_t3,-0.0,node32transit_node136source
M_node32node136_wide_t4,-0.0,node32transit_node136source
M_node32node136_wide_t5,1.0,node32transit_node136source
M_node33node81_timber_t0,0.0,node33transit_node81transit
M_node33node81_timber_t1,0.0,node33transit_node81transit
M_node33node81_timber_t2,0.0,node33transit_node81transit
M_node33node81_timber_t3,0.0,node33transit_node81transit
M_node33node81_timber_t4,0.0,node33transit_node81transit
M_node33node81_timber_t5,0.0,node33transit_node81transit
M_node33node81_wide_t0,0.0,node33transit_node81transit
M_node33node81_wide_t1,0.0,node33transit_node81transit
M_node33node81_wide_t2,0.0,node33transit_node81transit
M_node33node81_wide_t3,0.0,node33transit_node81transit
M_node33node81_wide_t4,0.0,node33transit_node81transit
M_node33node81_wide_t5,0.0,node33transit_node81transit
M_node33node63_timber_t0,0.0,node33transit_node63transit
M_node33node63_timber_t1,0.0,node33transit_node63transit
M_node33node63_timber_t2,0.0,node33transit_node63transit
M_node33node63_timber_t3,0.0,node33transit_node63transit
M_node33node63_timber_t4,0.0,node33transit_node63transit
M_node33node63_timber_t5,0.0,node33transit_node63transit
M_node33node63_wide_t0,0.0,node33transit_node63transit
M_node33node63_wide_t1,0.0,node33transit_node63transit
M_node33node63_wide_t2,0.0,node33transit_node63transit
M_node33node63_wide_t3,0.0,node33transit_node63transit
M_node33node63_wide_t4,0.0,node33transit_node63transit
M_node33node63_wide_t5,0.0,node33transit_node63transit
M_node33node84_timber_t0,0.0,node33transit_node84exit
M_node33node84_timber_t1,0.0,node33transit_node84exit
M_node33node84_timber_t2,0.0,node33transit_node84exit
M_node33node84_timber_t3,0.0,node33transit_node84exit
M_node33node84_timber_t4,0.0,node33transit_node84exit
M_node33node84_timber_t5,0.0,node33transit_node84exit
M_node33node84_wide_t0,0.0,node33transit_node84exit
M_node33node84_wide_t1,0.0,node33transit_node84exit
M_node33node84_wide_t2,0.0,node33transit_node84exit
M_node33node84_wide_t3,0.0,node33transit_node84exit
M_node33node84_wide_t4,0.0,node33transit_node84exit
M_node33node84_wide_t5,0.0,node33transit_node84exit
M_node33node137_timber_t0,0.0,node33transit_node137source
M_node33node137_timber_t1,0.0,node33transit_node137source
M_node33node137_timber_t2,0.0,node33transit_node137source
M_node33node137_timber_t3,-0.0,node33transit_node137source
M_node33node137_timber_t4,0.0,node33transit_node137source
M_node33node137_timber_t5,0.0,node33transit_node137source
M_node33node137_wide_t0,0.0,node33transit_node137source
M_node33node137_wide_t1,0.0,node33transit_node137source
M_node33node137_wide_t2,0.0,node33transit_node137source
M_node33node137_wide_t3,0.0,node33transit_node137source
M_node33node137_wide_t4,1.0,node33transit_node137source
M_node33node137_wide_t5,1.0,node33transit_node137source
M_node34node56_timber_t0,0.0,node34transit_node56transit
M_node34node56_timber_t1,0.0,node34transit_node56transit
M_node34node56_timber_t2,0.0,node34transit_node56transit
M_node34node56_timber_t3,0.0,node34transit_node56transit
M_node34node56_timber_t4,0.0,node34transit_node56transit
M_node34node56_timber_t5,0.0,node34transit_node56transit
M_node34node56_wide_t0,0.0,node34transit_node56transit
M_node34node56_wide_t1,0.0,node34transit_node56transit
M_node34node56_wide_t2,0.0,node34transit_node56transit
M_node34node56_wide_t3,0.0,node34transit_node56transit
M_node34node56_wide_t4,0.0,node34transit_node56transit
M_node34node56_wide_t5,0.0,node34transit_node56transit
M_node34node37_timber_t0,0.0,node34transit_node37transit
M_node34node37_timber_t1,0.0,node34transit_node37transit
M_node34node37_timber_t2,0.0,node34transit_node37transit
M_node34node37_timber_t3,0.0,node34transit_node37transit
M_node34node37_timber_t4,0.0,node34transit_node37transit
M_node34node37_timber_t5,0.0,node34transit_node37transit
M_node34node37_wide_t0,0.0,node34transit_node37transit
M_node34node37_wide_t1,0.0,node34transit_node37transit
M_node34node37_wide_t2,0.0,node34transit_node37transit
M_node34node37_wide_t3,0.0,node34transit_node37transit
M_node34node37_wide_t4,0.0,node34transit_node37transit
M_node34node37_wide_t5,0.0,node34transit_node37transit
M_node34node126_timber_t0,0.0,node34transit_node126source
M_node34node126_timber_t1,0.0,node34transit_node126source
M_node34node126_timber_t2,1.0,node34transit_node126source
M_node34node126_timber_t3,1.0,node34transit_node126source
M_node34node126_timber_t4,1.0,node34transit_node126source
M_node34node126_timber_t5,1.0,node34transit_node126source
M_node34node126_wide_t0,0.0,node34transit_node126source
M_node34node126_wide_t1,0.0,node34transit_node126source
M_node34node126_wide_t2,0.0,node34transit_node126source
M_node34node126_wide_t3,0.0,node34transit_node126source
M_node34node126_wide_t4,-0.0,node34transit_node126source
M_node34node126_wide_t5,-0.0,node34transit_node126source
M_node34node129_timber_t0,0.0,node34transit_node129source
M_node34node129_timber_t1,0.0,node34transit_node129source
M_node34node129_timber_t2,1.0,node34transit_node129source
M_node34node129_timber_t3,1.0,node34transit_node129source
M_node34node129_timber_t4,-0.0,node34transit_node129source
M_node34node129_timber_t5,0.0,node34transit_node129source
M_node34node129_wide_t0,0.0,node34transit_node129source
M_node34node129_wide_t1,0.0,node34transit_node129source
M_node34node129_wide_t2,0.0,node34transit_node129source
M_node34node129_wide_t3,0.0,node34transit_node129source
M_node34node129_wide_t4,-0.0,node34transit_node129source
M_node34node129_wide_t5,1.0,node34transit_node129source
M_node34node142_timber_t0,0.0,node34transit_node142source
M_node34node142_timber_t1,0.0,node34transit_node142source
M_node34node142_timber_t2,1.0,node34transit_node142source
M_node34node142_timber_t3,0.0,node34transit_node142source
M_node34node142_timber_t4,0.0,node34transit_node142source
M_node34node142_timber_t5,-0.0,node34transit_node142source
M_node34node142_wide_t0,0.0,node34transit_node142source
M_node34node142_wide_t1,0.0,node34transit_node142source
M_node34node142_wide_t2,0.0,node34transit_node142source
M_node34node142_wide_t3,-0.0,node34transit_node142source
M_node34node142_wide_t4,1.0,node34transit_node142source
M_node34node142_wide_t5,1.0,node34transit_node142source
M_node35node111_timber_t0,0.0,node35transit_node111exit
M_node35node111_timber_t1,0.0,node35transit_node111exit
M_node35node111_timber_t2,0.0,node35transit_node111exit
M_node35node111_timber_t3,0.0,node35transit_node111exit
M_node35node111_timber_t4,0.0,node35transit_node111exit
M_node35node111_timber_t5,0.0,node35transit_node111exit
M_node35node111_wide_t0,0.0,node35transit_node111exit
M_node35node111_wide_t1,0.0,node35transit_node111exit
M_node35node111_wide_t2,0.0,node35transit_node111exit
M_node35node111_wide_t3,0.0,node35transit_node111exit
M_node35node111_wide_t4,0.0,node35transit_node111exit
M_node35node111_wide_t5,0.0,node35transit_node111exit
M_node35node96_timber_t0,0.0,node35transit_node96transit
M_node35node96_timber_t1,0.0,node35transit_node96transit
M_node35node96_timber_t2,0.0,node35transit_node96transit
M_node35node96_timber_t3,0.0,node35transit_node96transit
M_node35node96_timber_t4,0.0,node35transit_node96transit
M_node35node96_timber_t5,0.0,node35transit_node96transit
M_node35node96_wide_t0,0.0,node35transit_node96transit
M_node35node96_wide_t1,0.0,node35transit_node96transit
M_node35node96_wide_t2,0.0,node35transit_node96transit
M_node35node96_wide_t3,0.0,node35transit_node96transit
M_node35node96_wide_t4,0.0,node35transit_node96transit
M_node35node96_wide_t5,0.0,node35transit_node96transit
M_node36node52_timber_t0,0.0,node36transit_node52transit
M_node36node52_timber_t1,0.0,node36transit_node52transit
M_node36node52_timber_t2,1.0,node36transit_node52transit
M_node36node52_timber_t3,1.0,node36transit_node52transit
M_node36node52_timber_t4,1.0,node36transit_node52transit
M_node36node52_timber_t5,1.0,node36transit_node52transit
M_node36node52_wide_t0,0.0,node36transit_node52transit
M_node36node52_wide_t1,0.0,node36transit_node52transit
M_node36node52_wide_t2,0.0,node36transit_node52transit
M_node36node52_wide_t3,0.0,node36transit_node52transit
M_node36node52_wide_t4,0.0,node36transit_node52transit
M_node36node52_wide_t5,0.0,node36transit_node52transit
M_node36node138_timber_t0,0.0,node36transit_node138source
M_node36node138_timber_t1,0.0,node36transit_node138source
M_node36node138_timber_t2,1.0,node36transit_node138source
M_node36node138_timber_t3,1.0,node36transit_node138source
M_node36node138_timber_t4,1.0,node36transit_node138source
M_node36node138_timber_t5,1.0,node36transit_node138source
M_node36node138_wide_t0,0.0,node36transit_node138source
M_node36node138_wide_t1,0.0,node36transit_node138source
M_node36node138_wide_t2,0.0,node36transit_node138source
M_node36node138_wide_t3,0.0,node36transit_node138source
M_node36node138_wide_t4,-0.0,node36transit_node138source
M_node36node138_wide_t5,-0.0,node36transit_node138source
M_node36node139_timber_t0,0.0,node36transit_node139source
M_node36node139_timber_t1,0.0,node36transit_node139source
M_node36node139_timber_t2,1.0,node36transit_node139source
M_node36node139_timber_t3,-0.0,node36transit_node139source
M_node36node139_timber_t4,-0.0,node36transit_node139source
M_node36node139_timber_t5,0.0,node36transit_node139source
M_node36node139_wide_t0,0.0,node36transit_node139source
M_node36node139_wide_t1,0.0,node36transit_node139source
M_node36node139_wide_t2,0.0,node36transit_node139source
M_node36node139_wide_t3,-0.0,node36transit_node139source
M_node36node139_wide_t4,-0.0,node36transit_node139source
M_node36node139_wide_t5,1.0,node36transit_node139source
M_node36node142_timber_t0,0.0,node36transit_node142source
M_node36node142_timber_t1,0.0,node36transit_node142source
M_node36node142_timber_t2,1.0,node36transit_node142source
M_node36node142_timber_t3,1.0,node36transit_node142source
M_node36node142_timber_t4,1.0,node36transit_node142source
M_node36node142_timber_t5,1.0,node36transit_node142source
M_node36node142_wide_t0,0.0,node36transit_node142source
M_node36node142_wide_t1,0.0,node36transit_node142source
M_node36node142_wide_t2,0.0,node36transit_node142source
M_node36node142_wide_t3,0.0,node36transit_node142source
M_node36node142_wide_t4,-0.0,node36transit_node142source
M_node36node142_wide_t5,-0.0,node36transit_node142source
M_node37node56_timber_t0,0.0,node37transit_node56transit
M_node37node56_timber_t1,0.0,node37transit_node56transit
M_node37node56_timber_t2,0.0,node37transit_node56transit
M_node37node56_timber_t3,0.0,node37transit_node56transit
M_node37node56_timber_t4,0.0,node37transit_node56transit
M_node37node56_timber_t5,1.0,node37transit_node56transit
M_node37node56_wide_t0,0.0,node37transit_node56transit
M_node37node56_wide_t1,0.0,node37transit_node56transit
M_node37node56_wide_t2,0.0,node37transit_node56transit
M_node37node56_wide_t3,0.0,node37transit_node56transit
M_node37node56_wide_t4,0.0,node37transit_node56transit
M_node37node56_wide_t5,0.0,node37transit_node56transit
M_node37node52_timber_t0,0.0,node37transit_node52transit
M_node37node52_timber_t1,0.0,node37transit_node52transit
M_node37node52_timber_t2,0.0,node37transit_node52transit
M_node37node52_timber_t3,0.0,node37transit_node52transit
M_node37node52_timber_t4,0.0,node37transit_node52transit
M_node37node52_timber_t5,1.0,node37transit_node52transit
M_node37node52_wide_t0,0.0,node37transit_node52transit
M_node37node52_wide_t1,0.0,node37transit_node52transit
M_node37node52_wide_t2,0.0,node37transit_node52transit
M_node37node52_wide_t3,0.0,node37transit_node52transit
M_node37node52_wide_t4,0.0,node37transit_node52transit
M_node37node52_wide_t5,0.0,node37transit_node52transit
M_node37node126_timber_t0,0.0,node37transit_node126source
M_node37node126_timber_t1,0.0,node37transit_node126source
M_node37node126_timber_t2,1.0,node37transit_node126source
M_node37node126_timber_t3,-0.0,node37transit_node126source
M_node37node126_timber_t4,-0.0,node37transit_node126source
M_node37node126_timber_t5,-0.0,node37transit_node126source
M_node37node126_wide_t0,0.0,node37transit_node126source
M_node37node126_wide_t1,0.0,node37transit_node126source
M_node37node126_wide_t2,0.0,node37transit_node126source
M_node37node126_wide_t3,-0.0,node37transit_node126source
M_node37node126_wide_t4,-0.0,node37transit_node126source
M_node37node126_wide_t5,1.0,node37transit_node126source
M_node37node130_timber_t0,0.0,node37transit_node130source
M_node37node130_timber_t1,0.0,node37transit_node130source
M_node37node130_timber_t2,0.0,node37transit_node130source
M_node37node130_timber_t3,-0.0,node37transit_node130source
M_node37node130_timber_t4,-0.0,node37transit_node130source
M_node37node130_timber_t5,-0.0,node37transit_node130source
M_node37node130_wide_t0,0.0,node37transit_node130source
M_node37node130_wide_t1,0.0,node37transit_node130source
M_node37node130_wide_t2,0.0,node37transit_node130source
M_node37node130_wide_t3,-0.0,node37transit_node130source
M_node37node130_wide_t4,-0.0,node37transit_node130source
M_node37node130_wide_t5,1.0,node37transit_node130source
M_node37node142_timber_t0,0.0,node37transit_node142source
M_node37node142_timber_t1,0.0,node37transit_node142source
M_node37node142_timber_t2,1.0,node37transit_node142source
M_node37node142_timber_t3,0.0,node37transit_node142source
M_node37node142_timber_t4,0.0,node37transit_node142source
M_node37node142_timber_t5,-0.0,node37transit_node142source
M_node37node142_wide_t0,0.0,node37transit_node142source
M_node37node142_wide_t1,0.0,node37transit_node142source
M_node37node142_wide_t2,0.0,node37transit_node142source
M_node37node142_wide_t3,0.0,node37transit_node142source
M_node37node142_wide_t4,1.0,node37transit_node142source
M_node37node142_wide_t5,1.0,node37transit_node142source
M_node38node52_timber_t0,0.0,node38transit_node52transit
M_node38node52_timber_t1,0.0,node38transit_node52transit
M_node38node52_timber_t2,1.0,node38transit_node52transit
M_node38node52_timber_t3,1.0,node38transit_node52transit
M_node38node52_timber_t4,1.0,node38transit_node52transit
M_node38node52_timber_t5,1.0,node38transit_node52transit
M_node38node52_wide_t0,0.0,node38transit_node52transit
M_node38node52_wide_t1,0.0,node38transit_node52transit
M_node38node52_wide_t2,0.0,node38transit_node52transit
M_node38node52_wide_t3,0.0,node38transit_node52transit
M_node38node52_wide_t4,0.0,node38transit_node52transit
M_node38node52_wide_t5,-0.0,node38transit_node52transit
M_node38node130_timber_t0,0.0,node38transit_node130source
M_node38node130_timber_t1,0.0,node38transit_node130source
M_node38node130_timber_t2,1.0,node38transit_node130source
M_node38node130_timber_t3,-0.0,node38transit_node130source
M_node38node130_timber_t4,-0.0,node38transit_node130source
M_node38node130_timber_t5,-0.0,node38transit_node130source
M_node38node130_wide_t0,0.0,node38transit_node130source
M_node38node130_wide_t1,0.0,node38transit_node130source
M_node38node130_wide_t2,0.0,node38transit_node130source
M_node38node130_wide_t3,-0.0,node38transit_node130source
M_node38node130_wide_t4,-0.0,node38transit_node130source
M_node38node130_wide_t5,1.0,node38transit_node130source
M_node38node131_timber_t0,0.0,node38transit_node131source
M_node38node131_timber_t1,0.0,node38transit_node131source
M_node38node131_timber_t2,1.0,node38transit_node131source
M_node38node131_timber_t3,1.0,node38transit_node131source
M_node38node131_timber_t4,-0.0,node38transit_node131source
M_node38node131_timber_t5,0.0,node38transit_node131source
M_node38node131_wide_t0,0.0,node38transit_node131source
M_node38node131_wide_t1,0.0,node38transit_node131source
M_node38node131_wide_t2,0.0,node38transit_node131source
M_node38node131_wide_t3,0.0,node38transit_node131source
M_node38node131_wide_t4,-0.0,node38transit_node131source
M_node38node131_wide_t5,1.0,node38transit_node131source
M_node38node139_timber_t0,0.0,node38transit_node139source
M_node38node139_timber_t1,0.0,node38transit_node139source
M_node38node139_timber_t2,0.0,node38transit_node139source
M_node38node139_timber_t3,-0.0,node38transit_node139source
M_node38node139_timber_t4,1.0,node38transit_node139source
M_node38node139_timber_t5,1.0,node38transit_node139source
M_node38node139_wide_t0,0.0,node38transit_node139source
M_node38node139_wide_t1,0.0,node38transit_node139source
M_node38node139_wide_t2,0.0,node38transit_node139source
M_node38node139_wide_t3,0.0,node38transit_node139source
M_node38node139_wide_t4,-0.0,node38transit_node139source
M_node38node139_wide_t5,-0.0,node38transit_node139source
M_node39node145_timber_t0,0.0,node39transit_node145source
M_node39node145_timber_t1,0.0,node39transit_node145source
M_node39node145_timber_t2,1.0,node39transit_node145source
M_node39node145_timber_t3,1.0,node39transit_node145source
M_node39node145_timber_t4,1.0,node39transit_node145source
M_node39node145_timber_t5,1.0,node39transit_node145source
M_node39node145_wide_t0,0.0,node39transit_node145source
M_node39node145_wide_t1,0.0,node39transit_node145source
M_node39node145_wide_t2,0.0,node39transit_node145source
M_node39node145_wide_t3,0.0,node39transit_node145source
M_node39node145_wide_t4,-0.0,node39transit_node145source
M_node39node145_wide_t5,-0.0,node39transit_node145source
M_node40node42_timber_t0,0.0,node40transit_node42transit
M_node40node42_timber_t1,0.0,node40transit_node42transit
M_node40node42_timber_t2,1.0,node40transit_node42transit
M_node40node42_timber_t3,1.0,node40transit_node42transit
M_node40node42_timber_t4,1.0,node40transit_node42transit
M_node40node42_timber_t5,1.0,node40transit_node42transit
M_node40node42_wide_t0,0.0,node40transit_node42transit
M_node40node42_wide_t1,0.0,node40transit_node42transit
M_node40node42_wide_t2,0.0,node40transit_node42transit
M_node40node42_wide_t3,0.0,node40transit_node42transit
M_node40node42_wide_t4,0.0,node40transit_node42transit
M_node40node42_wide_t5,0.0,node40transit_node42transit
M_node40node80_timber_t0,0.0,node40transit_node80transit
M_node40node80_timber_t1,0.0,node40transit_node80transit
M_node40node80_timber_t2,1.0,node40transit_node80transit
M_node40node80_timber_t3,1.0,node40transit_node80transit
M_node40node80_timber_t4,1.0,node40transit_node80transit
M_node40node80_timber_t5,1.0,node40transit_node80transit
M_node40node80_wide_t0,0.0,node40transit_node80transit
M_node40node80_wide_t1,0.0,node40transit_node80transit
M_node40node80_wide_t2,0.0,node40transit_node80transit
M_node40node80_wide_t3,0.0,node40transit_node80transit
M_node40node80_wide_t4,0.0,node40transit_node80transit
M_node40node80_wide_t5,0.0,node40transit_node80transit
M_node40node76_timber_t0,0.0,node40transit_node76transit
M_node40node76_timber_t1,0.0,node40transit_node76transit
M_node40node76_timber_t2,0.0,node40transit_node76transit
M_node40node76_timber_t3,0.0,node40transit_node76transit
M_node40node76_timber_t4,0.0,node40transit_node76transit
M_node40node76_timber_t5,0.0,node40transit_node76transit
M_node40node76_wide_t0,0.0,node40transit_node76transit
M_node40node76_wide_t1,0.0,node40transit_node76transit
M_node40node76_wide_t2,0.0,node40transit_node76transit
M_node40node76_wide_t3,0.0,node40transit_node76transit
M_node40node76_wide_t4,0.0,node40transit_node76transit
M_node40node76_wide_t5,0.0,node40transit_node76transit
M_node40node124_timber_t0,0.0,node40transit_node124source
M_node40node124_timber_t1,0.0,node40transit_node124source
M_node40node124_timber_t2,1.0,node40transit_node124source
M_node40node124_timber_t3,0.0,node40transit_node124source
M_node40node124_timber_t4,-0.0,node40transit_node124source
M_node40node124_timber_t5,0.0,node40transit_node124source
M_node40node124_wide_t0,0.0,node40transit_node124source
M_node40node124_wide_t1,0.0,node40transit_node124source
M_node40node124_wide_t2,0.0,node40transit_node124source
M_node40node124_wide_t3,-0.0,node40transit_node124source
M_node40node124_wide_t4,-0.0,node40transit_node124source
M_node40node124_wide_t5,1.0,node40transit_node124source
M_node40node125_timber_t0,0.0,node40transit_node125source
M_node40node125_timber_t1,0.0,node40transit_node125source
M_node40node125_timber_t2,1.0,node40transit_node125source
M_node40node125_timber_t3,1.0,node40transit_node125source
M_node40node125_timber_t4,0.0,node40transit_node125source
M_node40node125_timber_t5,0.0,node40transit_node125source
M_node40node125_wide_t0,0.0,node40transit_node125source
M_node40node125_wide_t1,0.0,node40transit_node125source
M_node40node125_wide_t2,0.0,node40transit_node125source
M_node40node125_wide_t3,0.0,node40transit_node125source
M_node40node125_wide_t4,-0.0,node40transit_node125source
M_node40node125_wide_t5,1.0,node40transit_node125source
M_node41node96_timber_t0,0.0,node41transit_node96transit
M_node41node96_timber_t1,0.0,node41transit_node96transit
M_node41node96_timber_t2,0.0,node41transit_node96transit
M_node41node96_timber_t3,0.0,node41transit_node96transit
M_node41node96_timber_t4,0.0,node41transit_node96transit
M_node41node96_timber_t5,1.0,node41transit_node96transit
M_node41node96_wide_t0,0.0,node41transit_node96transit
M_node41node96_wide_t1,0.0,node41transit_node96transit
M_node41node96_wide_t2,0.0,node41transit_node96transit
M_node41node96_wide_t3,0.0,node41transit_node96transit
M_node41node96_wide_t4,0.0,node41transit_node96transit
M_node41node96_wide_t5,0.0,node41transit_node96transit
M_node41node85_timber_t0,0.0,node41transit_node85transit
M_node41node85_timber_t1,0.0,node41transit_node85transit
M_node41node85_timber_t2,0.0,node41transit_node85transit
M_node41node85_timber_t3,0.0,node41transit_node85transit
M_node41node85_timber_t4,0.0,node41transit_node85transit
M_node41node85_timber_t5,0.0,node41transit_node85transit
M_node41node85_wide_t0,0.0,node41transit_node85transit
M_node41node85_wide_t1,0.0,node41transit_node85transit
M_node41node85_wide_t2,0.0,node41transit_node85transit
M_node41node85_wide_t3,0.0,node41transit_node85transit
M_node41node85_wide_t4,0.0,node41transit_node85transit
M_node41node85_wide_t5,0.0,node41transit_node85transit
M_node41node119_timber_t0,0.0,node41transit_node119source
M_node41node119_timber_t1,0.0,node41transit_node119source
M_node41node119_timber_t2,1.0,node41transit_node119source
M_node41node119_timber_t3,0.0,node41transit_node119source
M_node41node119_timber_t4,0.0,node41transit_node119source
M_node41node119_timber_t5,0.0,node41transit_node119source
M_node41node119_wide_t0,0.0,node41transit_node119source
M_node41node119_wide_t1,0.0,node41transit_node119source
M_node41node119_wide_t2,0.0,node41transit_node119source
M_node41node119_wide_t3,-0.0,node41transit_node119source
M_node41node119_wide_t4,1.0,node41transit_node119source
M_node41node119_wide_t5,1.0,node41transit_node119source
M_node41node136_timber_t0,0.0,node41transit_node136source
M_node41node136_timber_t1,0.0,node41transit_node136source
M_node41node136_timber_t2,1.0,node41transit_node136source
M_node41node136_timber_t3,-0.0,node41transit_node136source
M_node41node136_timber_t4,-0.0,node41transit_node136source
M_node41node136_timber_t5,0.0,node41transit_node136source
M_node41node136_wide_t0,0.0,node41transit_node136source
M_node41node136_wide_t1,0.0,node41transit_node136source
M_node41node136_wide_t2,0.0,node41transit_node136source
M_node41node136_wide_t3,-0.0,node41transit_node136source
M_node41node136_wide_t4,-0.0,node41transit_node136source
M_node41node136_wide_t5,1.0,node41transit_node136source
M_node42node92_timber_t0,0.0,node42transit_node92transit
M_node42node92_timber_t1,0.0,node42transit_node92transit
M_node42node92_timber_t2,0.0,node42transit_node92transit
M_node42node92_timber_t3,0.0,node42transit_node92transit
M_node42node92_timber_t4,0.0,node42transit_node92transit
M_node42node92_timber_t5,0.0,node42transit_node92transit
M_node42node92_wide_t0,0.0,node42transit_node92transit
M_node42node92_wide_t1,0.0,node42transit_node92transit
M_node42node92_wide_t2,0.0,node42transit_node92transit
M_node42node92_wide_t3,0.0,node42transit_node92transit
M_node42node92_wide_t4,0.0,node42transit_node92transit
M_node42node92_wide_t5,0.0,node42transit_node92transit
M_node42node124_timber_t0,0.0,node42transit_node124source
M_node42node124_timber_t1,0.0,node42transit_node124source
M_node42node124_timber_t2,1.0,node42transit_node124source
M_node42node124_timber_t3,0.0,node42transit_node124source
M_node42node124_timber_t4,-0.0,node42transit_node124source
M_node42node124_timber_t5,1.0,node42transit_node124source
M_node42node124_wide_t0,0.0,node42transit_node124source
M_node42node124_wide_t1,0.0,node42transit_node124source
M_node42node124_wide_t2,0.0,node42transit_node124source
M_node42node124_wide_t3,-0.0,node42transit_node124source
M_node42node124_wide_t4,-0.0,node42transit_node124source
M_node42node124_wide_t5,-0.0,node42transit_node124source
M_node43node90_timber_t0,0.0,node43transit_node90transit
M_node43node90_timber_t1,0.0,node43transit_node90transit
M_node43node90_timber_t2,0.0,node43transit_node90transit
M_node43node90_timber_t3,0.0,node43transit_node90transit
M_node43node90_timber_t4,0.0,node43transit_node90transit
M_node43node90_timber_t5,0.0,node43transit_node90transit
M_node43node90_wide_t0,0.0,node43transit_node90transit
M_node43node90_wide_t1,0.0,node43transit_node90transit
M_node43node90_wide_t2,0.0,node43transit_node90transit
M_node43node90_wide_t3,0.0,node43transit_node90transit
M_node43node90_wide_t4,0.0,node43transit_node90transit
M_node43node90_wide_t5,0.0,node43transit_node90transit
M_node43node105_timber_t0,0.0,node43transit_node105exit
M_node43node105_timber_t1,0.0,node43transit_node105exit
M_node43node105_timber_t2,0.0,node43transit_node105exit
M_node43node105_timber_t3,0.0,node43transit_node105exit
M_node43node105_timber_t4,0.0,node43transit_node105exit
M_node43node105_timber_t5,0.0,node43transit_node105exit
M_node43node105_wide_t0,0.0,node43transit_node105exit
M_node43node105_wide_t1,0.0,node43transit_node105exit
M_node43node105_wide_t2,0.0,node43transit_node105exit
M_node43node105_wide_t3,0.0,node43transit_node105exit
M_node43node105_wide_t4,0.0,node43transit_node105exit
M_node43node105_wide_t5,0.0,node43transit_node105exit
M_node43node135_timber_t0,0.0,node43transit_node135source
M_node43node135_timber_t1,0.0,node43transit_node135source
M_node43node135_timber_t2,0.0,node43transit_node135source
M_node43node135_timber_t3,-0.0,node43transit_node135source
M_node43node135_timber_t4,-0.0,node43transit_node135source
M_node43node135_timber_t5,0.0,node43transit_node135source
M_node43node135_wide_t0,0.0,node43transit_node135source
M_node43node135_wide_t1,0.0,node43transit_node135source
M_node43node135_wide_t2,0.0,node43transit_node135source
M_node43node135_wide_t3,-0.0,node43transit_node135source
M_node43node135_wide_t4,-0.0,node43transit_node135source
M_node43node135_wide_t5,1.0,node43transit_node135source
M_node44node78_timber_t0,0.0,node44transit_node78transit
M_node44node78_timber_t1,0.0,node44transit_node78transit
M_node44node78_timber_t2,0.0,node44transit_node78transit
M_node44node78_timber_t3,0.0,node44transit_node78transit
M_node44node78_timber_t4,0.0,node44transit_node78transit
M_node44node78_timber_t5,0.0,node44transit_node78transit
M_node44node78_wide_t0,0.0,node44transit_node78transit
M_node44node78_wide_t1,0.0,node44transit_node78transit
M_node44node78_wide_t2,0.0,node44transit_node78transit
M_node44node78_wide_t3,0.0,node44transit_node78transit
M_node44node78_wide_t4,0.0,node44transit_node78transit
M_node44node78_wide_t5,0.0,node44transit_node78transit
M_node44node139_timber_t0,0.0,node44transit_node139source
M_node44node139_timber_t1,0.0,node44transit_node139source
M_node44node139_timber_t2,1.0,node44transit_node139source
M_node44node139_timber_t3,-0.0,node44transit_node139source
M_node44node139_timber_t4,-0.0,node44transit_node139source
M_node44node139_timber_t5,0.0,node44transit_node139source
M_node44node139_wide_t0,0.0,node44transit_node139source
M_node44node139_wide_t1,0.0,node44transit_node139source
M_node44node139_wide_t2,0.0,node44transit_node139source
M_node44node139_wide_t3,-0.0,node44transit_node139source
M_node44node139_wide_t4,-0.0,node44transit_node139source
M_node44node139_wide_t5,-0.0,node44transit_node139source
M_node44node141_timber_t0,0.0,node44transit_node141source
M_node44node141_timber_t1,0.0,node44transit_node141source
M_node44node141_timber_t2,0.0,node44transit_node141source
M_node44node141_timber_t3,-0.0,node44transit_node141source
M_node44node141_timber_t4,-0.0,node44transit_node141source
M_node44node141_timber_t5,0.0,node44transit_node141source
M_node44node141_wide_t0,0.0,node44transit_node141source
M_node44node141_wide_t1,0.0,node44transit_node141source
M_node44node141_wide_t2,0.0,node44transit_node141source
M_node44node141_wide_t3,0.0,node44transit_node141source
M_node44node141_wide_t4,-0.0,node44transit_node141source
M_node44node141_wide_t5,1.0,node44transit_node141source
M_node45node77_timber_t0,0.0,node45transit_node77transit
M_node45node77_timber_t1,0.0,node45transit_node77transit
M_node45node77_timber_t2,0.0,node45transit_node77transit
M_node45node77_timber_t3,0.0,node45transit_node77transit
M_node45node77_timber_t4,0.0,node45transit_node77transit
M_node45node77_timber_t5,0.0,node45transit_node77transit
M_node45node77_wide_t0,0.0,node45transit_node77transit
M_node45node77_wide_t1,0.0,node45transit_node77transit
M_node45node77_wide_t2,0.0,node45transit_node77transit
M_node45node77_wide_t3,0.0,node45transit_node77transit
M_node45node77_wide_t4,0.0,node45transit_node77transit
M_node45node77_wide_t5,0.0,node45transit_node77transit
M_node45node63_timber_t0,0.0,node45transit_node63transit
M_node45node63_timber_t1,0.0,node45transit_node63transit
M_node45node63_timber_t2,0.0,node45transit_node63transit
M_node45node63_timber_t3,0.0,node45transit_node63transit
M_node45node63_timber_t4,0.0,node45transit_node63transit
M_node45node63_timber_t5,0.0,node45transit_node63transit
M_node45node63_wide_t0,0.0,node45transit_node63transit
M_node45node63_wide_t1,0.0,node45transit_node63transit
M_node45node63_wide_t2,0.0,node45transit_node63transit
M_node45node63_wide_t3,0.0,node45transit_node63transit
M_node45node63_wide_t4,0.0,node45transit_node63transit
M_node45node63_wide_t5,0.0,node45transit_node63transit
M_node45node137_timber_t0,0.0,node45transit_node137source
M_node45node137_timber_t1,0.0,node45transit_node137source
M_node45node137_timber_t2,1.0,node45transit_node137source
M_node45node137_timber_t3,-0.0,node45transit_node137source
M_node45node137_timber_t4,-0.0,node45transit_node137source
M_node45node137_timber_t5,0.0,node45transit_node137source
M_node45node137_wide_t0,0.0,node45transit_node137source
M_node45node137_wide_t1,0.0,node45transit_node137source
M_node45node137_wide_t2,0.0,node45transit_node137source
M_node45node137_wide_t3,-0.0,node45transit_node137source
M_node45node137_wide_t4,1.0,node45transit_node137source
M_node45node137_wide_t5,1.0,node45transit_node137source
M_node45node140_timber_t0,0.0,node45transit_node140source
M_node45node140_timber_t1,0.0,node45transit_node140source
M_node45node140_timber_t2,1.0,node45transit_node140source
M_node45node140_timber_t3,1.0,node45transit_node140source
M_node45node140_timber_t4,-0.0,node45transit_node140source
M_node45node140_timber_t5,0.0,node45transit_node140source
M_node45node140_wide_t0,0.0,node45transit_node140source
M_node45node140_wide_t1,0.0,node45transit_node140source
M_node45node140_wide_t2,0.0,node45transit_node140source
M_node45node140_wide_t3,-0.0,node45transit_node140source
M_node45node140_wide_t4,-0.0,node45transit_node140source
M_node45node140_wide_t5,1.0,node45transit_node140source
M_node46node53_timber_t0,0.0,node46transit_node53transit
M_node46node53_timber_t1,0.0,node46transit_node53transit
M_node46node53_timber_t2,0.0,node46transit_node53transit
M_node46node53_timber_t3,0.0,node46transit_node53transit
M_node46node53_timber_t4,0.0,node46transit_node53transit
M_node46node53_timber_t5,0.0,node46transit_node53transit
M_node46node53_wide_t0,0.0,node46transit_node53transit
M_node46node53_wide_t1,0.0,node46transit_node53transit
M_node46node53_wide_t2,0.0,node46transit_node53transit
M_node46node53_wide_t3,0.0,node46transit_node53transit
M_node46node53_wide_t4,0.0,node46transit_node53transit
M_node46node53_wide_t5,0.0,node46transit_node53transit
M_node46node82_timber_t0,0.0,node46transit_node82transit
M_node46node82_timber_t1,0.0,node46transit_node82transit
M_node46node82_timber_t2,0.0,node46transit_node82transit
M_node46node82_timber_t3,0.0,node46transit_node82transit
M_node46node82_timber_t4,0.0,node46transit_node82transit
M_node46node82_timber_t5,0.0,node46transit_node82transit
M_node46node82_wide_t0,0.0,node46transit_node82transit
M_node46node82_wide_t1,0.0,node46transit_node82transit
M_node46node82_wide_t2,0.0,node46transit_node82transit
M_node46node82_wide_t3,0.0,node46transit_node82transit
M_node46node82_wide_t4,0.0,node46transit_node82transit
M_node46node82_wide_t5,0.0,node46transit_node82transit
M_node46node128_timber_t0,0.0,node46transit_node128source
M_node46node128_timber_t1,0.0,node46transit_node128source
M_node46node128_timber_t2,1.0,node46transit_node128source
M_node46node128_timber_t3,1.0,node46transit_node128source
M_node46node128_timber_t4,0.0,node46transit_node128source
M_node46node128_timber_t5,-0.0,node46transit_node128source
M_node46node128_wide_t0,0.0,node46transit_node128source
M_node46node128_wide_t1,0.0,node46transit_node128source
M_node46node128_wide_t2,0.0,node46transit_node128source
M_node46node128_wide_t3,0.0,node46transit_node128source
M_node46node128_wide_t4,-0.0,node46transit_node128source
M_node46node128_wide_t5,1.0,node46transit_node128source
M_node47node106_timber_t0,0.0,node47exit_node106exit
M_node47node106_timber_t1,0.0,node47exit_node106exit
M_node47node106_timber_t2,0.0,node47exit_node106exit
M_node47node106_timber_t3,0.0,node47exit_node106exit
M_node47node106_timber_t4,0.0,node47exit_node106exit
M_node47node106_timber_t5,0.0,node47exit_node106exit
M_node47node106_wide_t0,0.0,node47exit_node106exit
M_node47node106_wide_t1,0.0,node47exit_node106exit
M_node47node106_wide_t2,0.0,node47exit_node106exit
M_node47node106_wide_t3,0.0,node47exit_node106exit
M_node47node106_wide_t4,0.0,node47exit_node106exit
M_node47node106_wide_t5,0.0,node47exit_node106exit
M_node48node100_timber_t0,0.0,node48exit_node100exit
M_node48node100_timber_t1,0.0,node48exit_node100exit
M_node48node100_timber_t2,0.0,node48exit_node100exit
M_node48node100_timber_t3,0.0,node48exit_node100exit
M_node48node100_timber_t4,0.0,node48exit_node100exit
M_node48node100_timber_t5,0.0,node48exit_node100exit
M_node48node100_wide_t0,0.0,node48exit_node100exit
M_node48node100_wide_t1,0.0,node48exit_node100exit
M_node48node100_wide_t2,0.0,node48exit_node100exit
M_node48node100_wide_t3,0.0,node48exit_node100exit
M_node48node100_wide_t4,0.0,node48exit_node100exit
M_node48node100_wide_t5,0.0,node48exit_node100exit
M_node49node114_timber_t0,0.0,node49exit_node114exit
M_node49node114_timber_t1,0.0,node49exit_node114exit
M_node49node114_timber_t2,0.0,node49exit_node114exit
M_node49node114_timber_t3,0.0,node49exit_node114exit
M_node49node114_timber_t4,0.0,node49exit_node114exit
M_node49node114_timber_t5,0.0,node49exit_node114exit
M_node49node114_wide_t0,0.0,node49exit_node114exit
M_node49node114_wide_t1,0.0,node49exit_node114exit
M_node49node114_wide_t2,0.0,node49exit_node114exit
M_node49node114_wide_t3,0.0,node49exit_node114exit
M_node49node114_wide_t4,0.0,node49exit_node114exit
M_node49node114_wide_t5,0.0,node49exit_node114exit
M_node50node54_timber_t0,0.0,node50transit_node54transit
M_node50node54_timber_t1,0.0,node50transit_node54transit
M_node50node54_timber_t2,0.0,node50transit_node54transit
M_node50node54_timber_t3,0.0,node50transit_node54transit
M_node50node54_timber_t4,0.0,node50transit_node54transit
M_node50node54_timber_t5,0.0,node50transit_node54transit
M_node50node54_wide_t0,0.0,node50transit_node54transit
M_node50node54_wide_t1,0.0,node50transit_node54transit
M_node50node54_wide_t2,0.0,node50transit_node54transit
M_node50node54_wide_t3,0.0,node50transit_node54transit
M_node50node54_wide_t4,0.0,node50transit_node54transit
M_node50node54_wide_t5,0.0,node50transit_node54transit
M_node50node68_timber_t0,0.0,node50transit_node68transit
M_node50node68_timber_t1,0.0,node50transit_node68transit
M_node50node68_timber_t2,0.0,node50transit_node68transit
M_node50node68_timber_t3,0.0,node50transit_node68transit
M_node50node68_timber_t4,0.0,node50transit_node68transit
M_node50node68_timber_t5,0.0,node50transit_node68transit
M_node50node68_wide_t0,0.0,node50transit_node68transit
M_node50node68_wide_t1,0.0,node50transit_node68transit
M_node50node68_wide_t2,0.0,node50transit_node68transit
M_node50node68_wide_t3,0.0,node50transit_node68transit
M_node50node68_wide_t4,0.0,node50transit_node68transit
M_node50node68_wide_t5,0.0,node50transit_node68transit
M_node50node130_timber_t0,0.0,node50transit_node130source
M_node50node130_timber_t1,0.0,node50transit_node130source
M_node50node130_timber_t2,1.0,node50transit_node130source
M_node50node130_timber_t3,-0.0,node50transit_node130source
M_node50node130_timber_t4,0.0,node50transit_node130source
M_node50node130_timber_t5,-0.0,node50transit_node130source
M_node50node130_wide_t0,0.0,node50transit_node130source
M_node50node130_wide_t1,0.0,node50transit_node130source
M_node50node130_wide_t2,0.0,node50transit_node130source
M_node50node130_wide_t3,0.0,node50transit_node130source
M_node50node130_wide_t4,1.0,node50transit_node130source
M_node50node130_wide_t5,1.0,node50transit_node130source
M_node50node132_timber_t0,0.0,node50transit_node132source
M_node50node132_timber_t1,0.0,node50transit_node132source
M_node50node132_timber_t2,1.0,node50transit_node132source
M_node50node132_timber_t3,-0.0,node50transit_node132source
M_node50node132_timber_t4,-0.0,node50transit_node132source
M_node50node132_timber_t5,-0.0,node50transit_node132source
M_node50node132_wide_t0,0.0,node50transit_node132source
M_node50node132_wide_t1,0.0,node50transit_node132source
M_node50node132_wide_t2,0.0,node50transit_node132source
M_node50node132_wide_t3,0.0,node50transit_node132source
M_node50node132_wide_t4,-0.0,node50transit_node132source
M_node50node132_wide_t5,1.0,node50transit_node132source
M_node51node62_timber_t0,0.0,node51transit_node62transit
M_node51node62_timber_t1,0.0,node51transit_node62transit
M_node51node62_timber_t2,1.0,node51transit_node62transit
M_node51node62_timber_t3,1.0,node51transit_node62transit
M_node51node62_timber_t4,1.0,node51transit_node62transit
M_node51node62_timber_t5,1.0,node51transit_node62transit
M_node51node62_wide_t0,0.0,node51transit_node62transit
M_node51node62_wide_t1,0.0,node51transit_node62transit
M_node51node62_wide_t2,0.0,node51transit_node62transit
M_node51node62_wide_t3,0.0,node51transit_node62transit
M_node51node62_wide_t4,0.0,node51transit_node62transit
M_node51node62_wide_t5,0.0,node51transit_node62transit
M_node51node61_timber_t0,0.0,node51transit_node61transit
M_node51node61_timber_t1,0.0,node51transit_node61transit
M_node51node61_timber_t2,1.0,node51transit_node61transit
M_node51node61_timber_t3,1.0,node51transit_node61transit
M_node51node61_timber_t4,1.0,node51transit_node61transit
M_node51node61_timber_t5,1.0,node51transit_node61transit
M_node51node61_wide_t0,0.0,node51transit_node61transit
M_node51node61_wide_t1,0.0,node51transit_node61transit
M_node51node61_wide_t2,0.0,node51transit_node61transit
M_node51node61_wide_t3,0.0,node51transit_node61transit
M_node51node61_wide_t4,0.0,node51transit_node61transit
M_node51node61_wide_t5,0.0,node51transit_node61transit
M_node51node93_timber_t0,0.0,node51transit_node93transit
M_node51node93_timber_t1,0.0,node51transit_node93transit
M_node51node93_timber_t2,0.0,node51transit_node93transit
M_node51node93_timber_t3,0.0,node51transit_node93transit
M_node51node93_timber_t4,0.0,node51transit_node93transit
M_node51node93_timber_t5,0.0,node51transit_node93transit
M_node51node93_wide_t0,0.0,node51transit_node93transit
M_node51node93_wide_t1,0.0,node51transit_node93transit
M_node51node93_wide_t2,0.0,node51transit_node93transit
M_node51node93_wide_t3,0.0,node51transit_node93transit
M_node51node93_wide_t4,0.0,node51transit_node93transit
M_node51node93_wide_t5,0.0,node51transit_node93transit
M_node51node119_timber_t0,0.0,node51transit_node119source
M_node51node119_timber_t1,0.0,node51transit_node119source
M_node51node119_timber_t2,1.0,node51transit_node119source
M_node51node119_timber_t3,1.0,node51transit_node119source
M_node51node119_timber_t4,0.0,node51transit_node119source
M_node51node119_timber_t5,0.0,node51transit_node119source
M_node51node119_wide_t0,0.0,node51transit_node119source
M_node51node119_wide_t1,0.0,node51transit_node119source
M_node51node119_wide_t2,0.0,node51transit_node119source
M_node51node119_wide_t3,0.0,node51transit_node119source
M_node51node119_wide_t4,-0.0,node51transit_node119source
M_node51node119_wide_t5,1.0,node51transit_node119source
M_node51node120_timber_t0,0.0,node51transit_node120source
M_node51node120_timber_t1,0.0,node51transit_node120source
M_node51node120_timber_t2,1.0,node51transit_node120source
M_node51node120_timber_t3,1.0,node51transit_node120source
M_node51node120_timber_t4,0.0,node51transit_node120source
M_node51node120_timber_t5,-0.0,node51transit_node120source
M_node51node120_wide_t0,0.0,node51transit_node120source
M_node51node120_wide_t1,0.0,node51transit_node120source
M_node51node120_wide_t2,0.0,node51transit_node120source
M_node51node120_wide_t3,-0.0,node51transit_node120source
M_node51node120_wide_t4,-0.0,node51transit_node120source
M_node51node120_wide_t5,1.0,node51transit_node120source
M_node52node130_timber_t0,0.0,node52transit_node130source
M_node52node130_timber_t1,0.0,node52transit_node130source
M_node52node130_timber_t2,1.0,node52transit_node130source
M_node52node130_timber_t3,-0.0,node52transit_node130source
M_node52node130_timber_t4,-0.0,node52transit_node130source
M_node52node130_timber_t5,0.0,node52transit_node130source
M_node52node130_wide_t0,0.0,node52transit_node130source
M_node52node130_wide_t1,0.0,node52transit_node130source
M_node52node130_wide_t2,0.0,node52transit_node130source
M_node52node130_wide_t3,0.0,node52transit_node130source
M_node52node130_wide_t4,-0.0,node52transit_node130source
M_node52node130_wide_t5,1.0,node52transit_node130source
M_node52node139_timber_t0,0.0,node52transit_node139source
M_node52node139_timber_t1,0.0,node52transit_node139source
M_node52node139_timber_t2,0.0,node52transit_node139source
M_node52node139_timber_t3,-0.0,node52transit_node139source
M_node52node139_timber_t4,-0.0,node52transit_node139source
M_node52node139_timber_t5,-0.0,node52transit_node139source
M_node52node139_wide_t0,0.0,node52transit_node139source
M_node52node139_wide_t1,0.0,node52transit_node139source
M_node52node139_wide_t2,1.0,node52transit_node139source
M_node52node139_wide_t3,1.0,node52transit_node139source
M_node52node139_wide_t4,1.0,node52transit_node139source
M_node52node139_wide_t5,1.0,node52transit_node139source
M_node52node142_timber_t0,0.0,node52transit_node142source
M_node52node142_timber_t1,0.0,node52transit_node142source
M_node52node142_timber_t2,1.0,node52transit_node142source
M_node52node142_timber_t3,1.0,node52transit_node142source
M_node52node142_timber_t4,1.0,node52transit_node142source
M_node52node142_timber_t5,0.0,node52transit_node142source
M_node52node142_wide_t0,0.0,node52transit_node142source
M_node52node142_wide_t1,0.0,node52transit_node142source
M_node52node142_wide_t2,0.0,node52transit_node142source
M_node52node142_wide_t3,0.0,node52transit_node142source
M_node52node142_wide_t4,-0.0,node52transit_node142source
M_node52node142_wide_t5,-0.0,node52transit_node142source
M_node53node82_timber_t0,0.0,node53transit_node82transit
M_node53node82_timber_t1,0.0,node53transit_node82transit
M_node53node82_timber_t2,0.0,node53transit_node82transit
M_node53node82_timber_t3,0.0,node53transit_node82transit
M_node53node82_timber_t4,0.0,node53transit_node82transit
M_node53node82_timber_t5,0.0,node53transit_node82transit
M_node53node82_wide_t0,0.0,node53transit_node82transit
M_node53node82_wide_t1,0.0,node53transit_node82transit
M_node53node82_wide_t2,0.0,node53transit_node82transit
M_node53node82_wide_t3,0.0,node53transit_node82transit
M_node53node82_wide_t4,0.0,node53transit_node82transit
M_node53node82_wide_t5,0.0,node53transit_node82transit
M_node53node104_timber_t0,0.0,node53transit_node104exit
M_node53node104_timber_t1,0.0,node53transit_node104exit
M_node53node104_timber_t2,1.0,node53transit_node104exit
M_node53node104_timber_t3,1.0,node53transit_node104exit
M_node53node104_timber_t4,1.0,node53transit_node104exit
M_node53node104_timber_t5,1.0,node53transit_node104exit
M_node53node104_wide_t0,0.0,node53transit_node104exit
M_node53node104_wide_t1,0.0,node53transit_node104exit
M_node53node104_wide_t2,0.0,node53transit_node104exit
M_node53node104_wide_t3,0.0,node53transit_node104exit
M_node53node104_wide_t4,0.0,node53transit_node104exit
M_node53node104_wide_t5,0.0,node53transit_node104exit
M_node53node128_timber_t0,0.0,node53transit_node128source
M_node53node128_timber_t1,0.0,node53transit_node128source
M_node53node128_timber_t2,1.0,node53transit_node128source
M_node53node128_timber_t3,1.0,node53transit_node128source
M_node53node128_timber_t4,1.0,node53transit_node128source
M_node53node128_timber_t5,0.0,node53transit_node128source
M_node53node128_wide_t0,0.0,node53transit_node128source
M_node53node128_wide_t1,0.0,node53transit_node128source
M_node53node128_wide_t2,0.0,node53transit_node128source
M_node53node128_wide_t3,0.0,node53transit_node128source
M_node53node128_wide_t4,-0.0,node53transit_node128source
M_node53node128_wide_t5,-0.0,node53transit_node128source
M_node54node75_timber_t0,0.0,node54transit_node75transit
M_node54node75_timber_t1,0.0,node54transit_node75transit
M_node54node75_timber_t2,0.0,node54transit_node75transit
M_node54node75_timber_t3,0.0,node54transit_node75transit
M_node54node75_timber_t4,0.0,node54transit_node75transit
M_node54node75_timber_t5,0.0,node54transit_node75transit
M_node54node75_wide_t0,0.0,node54transit_node75transit
M_node54node75_wide_t1,0.0,node54transit_node75transit
M_node54node75_wide_t2,0.0,node54transit_node75transit
M_node54node75_wide_t3,0.0,node54transit_node75transit
M_node54node75_wide_t4,0.0,node54transit_node75transit
M_node54node75_wide_t5,0.0,node54transit_node75transit
M_node54node130_timber_t0,0.0,node54transit_node130source
M_node54node130_timber_t1,0.0,node54transit_node130source
M_node54node130_timber_t2,1.0,node54transit_node130source
M_node54node130_timber_t3,-0.0,node54transit_node130source
M_node54node130_timber_t4,-0.0,node54transit_node130source
M_node54node130_timber_t5,0.0,node54transit_node130source
M_node54node130_wide_t0,0.0,node54transit_node130source
M_node54node130_wide_t1,0.0,node54transit_node130source
M_node54node130_wide_t2,0.0,node54transit_node130source
M_node54node130_wide_t3,0.0,node54transit_node130source
M_node54node130_wide_t4,-0.0,node54transit_node130source
M_node54node130_wide_t5,-0.0,node54transit_node130source
M_node55node87_timber_t0,0.0,node55transit_node87transit
M_node55node87_timber_t1,0.0,node55transit_node87transit
M_node55node87_timber_t2,1.0,node55transit_node87transit
M_node55node87_timber_t3,1.0,node55transit_node87transit
M_node55node87_timber_t4,1.0,node55transit_node87transit
M_node55node87_timber_t5,1.0,node55transit_node87transit
M_node55node87_wide_t0,0.0,node55transit_node87transit
M_node55node87_wide_t1,0.0,node55transit_node87transit
M_node55node87_wide_t2,0.0,node55transit_node87transit
M_node55node87_wide_t3,0.0,node55transit_node87transit
M_node55node87_wide_t4,0.0,node55transit_node87transit
M_node55node87_wide_t5,0.0,node55transit_node87transit
M_node55node119_timber_t0,0.0,node55transit_node119source
M_node55node119_timber_t1,0.0,node55transit_node119source
M_node55node119_timber_t2,1.0,node55transit_node119source
M_node55node119_timber_t3,1.0,node55transit_node119source
M_node55node119_timber_t4,0.0,node55transit_node119source
M_node55node119_timber_t5,-0.0,node55transit_node119source
M_node55node119_wide_t0,0.0,node55transit_node119source
M_node55node119_wide_t1,0.0,node55transit_node119source
M_node55node119_wide_t2,0.0,node55transit_node119source
M_node55node119_wide_t3,0.0,node55transit_node119source
M_node55node119_wide_t4,-0.0,node55transit_node119source
M_node55node119_wide_t5,1.0,node55transit_node119source
M_node55node121_timber_t0,0.0,node55transit_node121source
M_node55node121_timber_t1,0.0,node55transit_node121source
M_node55node121_timber_t2,1.0,node55transit_node121source
M_node55node121_timber_t3,1.0,node55transit_node121source
M_node55node121_timber_t4,1.0,node55transit_node121source
M_node55node121_timber_t5,0.0,node55transit_node121source
M_node55node121_wide_t0,0.0,node55transit_node121source
M_node55node121_wide_t1,0.0,node55transit_node121source
M_node55node121_wide_t2,0.0,node55transit_node121source
M_node55node121_wide_t3,0.0,node55transit_node121source
M_node55node121_wide_t4,-0.0,node55transit_node121source
M_node55node121_wide_t5,-0.0,node55transit_node121source
M_node56node75_timber_t0,0.0,node56transit_node75transit
M_node56node75_timber_t1,0.0,node56transit_node75transit
M_node56node75_timber_t2,0.0,node56transit_node75transit
M_node56node75_timber_t3,0.0,node56transit_node75transit
M_node56node75_timber_t4,0.0,node56transit_node75transit
M_node56node75_timber_t5,0.0,node56transit_node75transit
M_node56node75_wide_t0,0.0,node56transit_node75transit
M_node56node75_wide_t1,0.0,node56transit_node75transit
M_node56node75_wide_t2,0.0,node56transit_node75transit
M_node56node75_wide_t3,0.0,node56transit_node75transit
M_node56node75_wide_t4,0.0,node56transit_node75transit
M_node56node75_wide_t5,0.0,node56transit_node75transit
M_node56node126_timber_t0,0.0,node56transit_node126source
M_node56node126_timber_t1,0.0,node56transit_node126source
M_node56node126_timber_t2,0.0,node56transit_node126source
M_node56node126_timber_t3,-0.0,node56transit_node126source
M_node56node126_timber_t4,0.0,node56transit_node126source
M_node56node126_timber_t5,-0.0,node56transit_node126source
M_node56node126_wide_t0,0.0,node56transit_node126source
M_node56node126_wide_t1,0.0,node56transit_node126source
M_node56node126_wide_t2,0.0,node56transit_node126source
M_node56node126_wide_t3,0.0,node56transit_node126source
M_node56node126_wide_t4,1.0,node56transit_node126source
M_node56node126_wide_t5,1.0,node56transit_node126source
M_node56node129_timber_t0,0.0,node56transit_node129source
M_node56node129_timber_t1,0.0,node56transit_node129source
M_node56node129_timber_t2,1.0,node56transit_node129source
M_node56node129_timber_t3,1.0,node56transit_node129source
M_node56node129_timber_t4,-0.0,node56transit_node129source
M_node56node129_timber_t5,0.0,node56transit_node129source
M_node56node129_wide_t0,0.0,node56transit_node129source
M_node56node129_wide_t1,0.0,node56transit_node129source
M_node56node129_wide_t2,0.0,node56transit_node129source
M_node56node129_wide_t3,0.0,node56transit_node129source
M_node56node129_wide_t4,-0.0,node56transit_node129source
M_node56node129_wide_t5,1.0,node56transit_node129source
M_node56node130_timber_t0,0.0,node56transit_node130source
M_node56node130_timber_t1,0.0,node56transit_node130source
M_node56node130_timber_t2,1.0,node56transit_node130source
M_node56node130_timber_t3,1.0,node56transit_node130source
M_node56node130_timber_t4,0.0,node56transit_node130source
M_node56node130_timber_t5,-0.0,node56transit_node130source
M_node56node130_wide_t0,0.0,node56transit_node130source
M_node56node130_wide_t1,0.0,node56transit_node130source
M_node56node130_wide_t2,0.0,node56transit_node130source
M_node56node130_wide_t3,0.0,node56transit_node130source
M_node56node130_wide_t4,-0.0,node56transit_node130source
M_node56node130_wide_t5,1.0,node56transit_node130source
M_node57node72_timber_t0,0.0,node57transit_node72transit
M_node57node72_timber_t1,0.0,node57transit_node72transit
M_node57node72_timber_t2,0.0,node57transit_node72transit
M_node57node72_timber_t3,0.0,node57transit_node72transit
M_node57node72_timber_t4,0.0,node57transit_node72transit
M_node57node72_timber_t5,0.0,node57transit_node72transit
M_node57node72_wide_t0,0.0,node57transit_node72transit
M_node57node72_wide_t1,0.0,node57transit_node72transit
M_node57node72_wide_t2,0.0,node57transit_node72transit
M_node57node72_wide_t3,0.0,node57transit_node72transit
M_node57node72_wide_t4,0.0,node57transit_node72transit
M_node57node72_wide_t5,0.0,node57transit_node72transit
M_node57node65_timber_t0,0.0,node57transit_node65transit
M_node57node65_timber_t1,0.0,node57transit_node65transit
M_node57node65_timber_t2,0.0,node57transit_node65transit
M_node57node65_timber_t3,0.0,node57transit_node65transit
M_node57node65_timber_t4,0.0,node57transit_node65transit
M_node57node65_timber_t5,0.0,node57transit_node65transit
M_node57node65_wide_t0,0.0,node57transit_node65transit
M_node57node65_wide_t1,0.0,node57transit_node65transit
M_node57node65_wide_t2,0.0,node57transit_node65transit
M_node57node65_wide_t3,0.0,node57transit_node65transit
M_node57node65_wide_t4,0.0,node57transit_node65transit
M_node57node65_wide_t5,0.0,node57transit_node65transit
M_node57node129_timber_t0,0.0,node57transit_node129source
M_node57node129_timber_t1,0.0,node57transit_node129source
M_node57node129_timber_t2,0.0,node57transit_node129source
M_node57node129_timber_t3,-0.0,node57transit_node129source
M_node57node129_timber_t4,0.0,node57transit_node129source
M_node57node129_timber_t5,0.0,node57transit_node129source
M_node57node129_wide_t0,0.0,node57transit_node129source
M_node57node129_wide_t1,0.0,node57transit_node129source
M_node57node129_wide_t2,0.0,node57transit_node129source
M_node57node129_wide_t3,-0.0,node57transit_node129source
M_node57node129_wide_t4,-0.0,node57transit_node129source
M_node57node129_wide_t5,1.0,node57transit_node129source
M_node57node138_timber_t0,0.0,node57transit_node138source
M_node57node138_timber_t1,0.0,node57transit_node138source
M_node57node138_timber_t2,1.0,node57transit_node138source
M_node57node138_timber_t3,1.0,node57transit_node138source
M_node57node138_timber_t4,0.0,node57transit_node138source
M_node57node138_timber_t5,0.0,node57transit_node138source
M_node57node138_wide_t0,0.0,node57transit_node138source
M_node57node138_wide_t1,0.0,node57transit_node138source
M_node57node138_wide_t2,0.0,node57transit_node138source
M_node57node138_wide_t3,0.0,node57transit_node138source
M_node57node138_wide_t4,-0.0,node57transit_node138source
M_node57node138_wide_t5,1.0,node57transit_node138source
M_node58node80_timber_t0,0.0,node58transit_node80transit
M_node58node80_timber_t1,0.0,node58transit_node80transit
M_node58node80_timber_t2,1.0,node58transit_node80transit
M_node58node80_timber_t3,1.0,node58transit_node80transit
M_node58node80_timber_t4,1.0,node58transit_node80transit
M_node58node80_timber_t5,1.0,node58transit_node80transit
M_node58node80_wide_t0,0.0,node58transit_node80transit
M_node58node80_wide_t1,0.0,node58transit_node80transit
M_node58node80_wide_t2,0.0,node58transit_node80transit
M_node58node80_wide_t3,0.0,node58transit_node80transit
M_node58node80_wide_t4,0.0,node58transit_node80transit
M_node58node80_wide_t5,0.0,node58transit_node80transit
M_node58node143_timber_t0,0.0,node58transit_node143source
M_node58node143_timber_t1,0.0,node58transit_node143source
M_node58node143_timber_t2,0.0,node58transit_node143source
M_node58node143_timber_t3,-0.0,node58transit_node143source
M_node58node143_timber_t4,1.0,node58transit_node143source
M_node58node143_timber_t5,1.0,node58transit_node143source
M_node58node143_wide_t0,0.0,node58transit_node143source
M_node58node143_wide_t1,0.0,node58transit_node143source
M_node58node143_wide_t2,0.0,node58transit_node143source
M_node58node143_wide_t3,0.0,node58transit_node143source
M_node58node143_wide_t4,-0.0,node58transit_node143source
M_node58node143_wide_t5,-0.0,node58transit_node143source
M_node59node101_timber_t0,0.0,node59transit_node101exit
M_node59node101_timber_t1,0.0,node59transit_node101exit
M_node59node101_timber_t2,1.0,node59transit_node101exit
M_node59node101_timber_t3,1.0,node59transit_node101exit
M_node59node101_timber_t4,1.0,node59transit_node101exit
M_node59node101_timber_t5,1.0,node59transit_node101exit
M_node59node101_wide_t0,0.0,node59transit_node101exit
M_node59node101_wide_t1,0.0,node59transit_node101exit
M_node59node101_wide_t2,0.0,node59transit_node101exit
M_node59node101_wide_t3,0.0,node59transit_node101exit
M_node59node101_wide_t4,0.0,node59transit_node101exit
M_node59node101_wide_t5,0.0,node59transit_node101exit
M_node59node105_timber_t0,0.0,node59transit_node105exit
M_node59node105_timber_t1,0.0,node59transit_node105exit
M_node59node105_timber_t2,0.0,node59transit_node105exit
M_node59node105_timber_t3,0.0,node59transit_node105exit
M_node59node105_timber_t4,0.0,node59transit_node105exit
M_node59node105_timber_t5,0.0,node59transit_node105exit
M_node59node105_wide_t0,0.0,node59transit_node105exit
M_node59node105_wide_t1,0.0,node59transit_node105exit
M_node59node105_wide_t2,0.0,node59transit_node105exit
M_node59node105_wide_t3,0.0,node59transit_node105exit
M_node59node105_wide_t4,0.0,node59transit_node105exit
M_node59node105_wide_t5,0.0,node59transit_node105exit
M_node60node100_timber_t0,0.0,node60transit_node100exit
M_node60node100_timber_t1,0.0,node60transit_node100exit
M_node60node100_timber_t2,0.0,node60transit_node100exit
M_node60node100_timber_t3,0.0,node60transit_node100exit
M_node60node100_timber_t4,0.0,node60transit_node100exit
M_node60node100_timber_t5,0.0,node60transit_node100exit
M_node60node100_wide_t0,0.0,node60transit_node100exit
M_node60node100_wide_t1,0.0,node60transit_node100exit
M_node60node100_wide_t2,0.0,node60transit_node100exit
M_node60node100_wide_t3,0.0,node60transit_node100exit
M_node60node100_wide_t4,0.0,node60transit_node100exit
M_node60node100_wide_t5,0.0,node60transit_node100exit
M_node60node114_timber_t0,0.0,node60transit_node114exit
M_node60node114_timber_t1,0.0,node60transit_node114exit
M_node60node114_timber_t2,0.0,node60transit_node114exit
M_node60node114_timber_t3,0.0,node60transit_node114exit
M_node60node114_timber_t4,0.0,node60transit_node114exit
M_node60node114_timber_t5,0.0,node60transit_node114exit
M_node60node114_wide_t0,0.0,node60transit_node114exit
M_node60node114_wide_t1,0.0,node60transit_node114exit
M_node60node114_wide_t2,0.0,node60transit_node114exit
M_node60node114_wide_t3,0.0,node60transit_node114exit
M_node60node114_wide_t4,0.0,node60transit_node114exit
M_node60node114_wide_t5,0.0,node60transit_node114exit
M_node61node86_timber_t0,0.0,node61transit_node86transit
M_node61node86_timber_t1,0.0,node61transit_node86transit
M_node61node86_timber_t2,0.0,node61transit_node86transit
M_node61node86_timber_t3,0.0,node61transit_node86transit
M_node61node86_timber_t4,0.0,node61transit_node86transit
M_node61node86_timber_t5,0.0,node61transit_node86transit
M_node61node86_wide_t0,0.0,node61transit_node86transit
M_node61node86_wide_t1,0.0,node61transit_node86transit
M_node61node86_wide_t2,0.0,node61transit_node86transit
M_node61node86_wide_t3,0.0,node61transit_node86transit
M_node61node86_wide_t4,0.0,node61transit_node86transit
M_node61node86_wide_t5,0.0,node61transit_node86transit
M_node61node118_timber_t0,0.0,node61transit_node118source
M_node61node118_timber_t1,0.0,node61transit_node118source
M_node61node118_timber_t2,1.0,node61transit_node118source
M_node61node118_timber_t3,1.0,node61transit_node118source
M_node61node118_timber_t4,1.0,node61transit_node118source
M_node61node118_timber_t5,1.0,node61transit_node118source
M_node61node118_wide_t0,0.0,node61transit_node118source
M_node61node118_wide_t1,0.0,node61transit_node118source
M_node61node118_wide_t2,0.0,node61transit_node118source
M_node61node118_wide_t3,0.0,node61transit_node118source
M_node61node118_wide_t4,-0.0,node61transit_node118source
M_node61node118_wide_t5,-0.0,node61transit_node118source
M_node61node119_timber_t0,0.0,node61transit_node119source
M_node61node119_timber_t1,0.0,node61transit_node119source
M_node61node119_timber_t2,1.0,node61transit_node119source
M_node61node119_timber_t3,1.0,node61transit_node119source
M_node61node119_timber_t4,1.0,node61transit_node119source
M_node61node119_timber_t5,1.0,node61transit_node119source
M_node61node119_wide_t0,0.0,node61transit_node119source
M_node61node119_wide_t1,0.0,node61transit_node119source
M_node61node119_wide_t2,0.0,node61transit_node119source
M_node61node119_wide_t3,-0.0,node61transit_node119source
M_node61node119_wide_t4,-0.0,node61transit_node119source
M_node61node119_wide_t5,-0.0,node61transit_node119source
M_node62node93_timber_t0,0.0,node62transit_node93transit
M_node62node93_timber_t1,0.0,node62transit_node93transit
M_node62node93_timber_t2,0.0,node62transit_node93transit
M_node62node93_timber_t3,0.0,node62transit_node93transit
M_node62node93_timber_t4,0.0,node62transit_node93transit
M_node62node93_timber_t5,0.0,node62transit_node93transit
M_node62node93_wide_t0,0.0,node62transit_node93transit
M_node62node93_wide_t1,0.0,node62transit_node93transit
M_node62node93_wide_t2,0.0,node62transit_node93transit
M_node62node93_wide_t3,0.0,node62transit_node93transit
M_node62node93_wide_t4,0.0,node62transit_node93transit
M_node62node93_wide_t5,0.0,node62transit_node93transit
M_node62node119_timber_t0,0.0,node62transit_node119source
M_node62node119_timber_t1,0.0,node62transit_node119source
M_node62node119_timber_t2,1.0,node62transit_node119source
M_node62node119_timber_t3,1.0,node62transit_node119source
M_node62node119_timber_t4,1.0,node62transit_node119source
M_node62node119_timber_t5,0.0,node62transit_node119source
M_node62node119_wide_t0,0.0,node62transit_node119source
M_node62node119_wide_t1,0.0,node62transit_node119source
M_node62node119_wide_t2,0.0,node62transit_node119source
M_node62node119_wide_t3,-0.0,node62transit_node119source
M_node62node119_wide_t4,-0.0,node62transit_node119source
M_node62node119_wide_t5,-0.0,node62transit_node119source
M_node62node120_timber_t0,0.0,node62transit_node120source
M_node62node120_timber_t1,0.0,node62transit_node120source
M_node62node120_timber_t2,0.0,node62transit_node120source
M_node62node120_timber_t3,-0.0,node62transit_node120source
M_node62node120_timber_t4,1.0,node62transit_node120source
M_node62node120_timber_t5,0.0,node62transit_node120source
M_node62node120_wide_t0,0.0,node62transit_node120source
M_node62node120_wide_t1,0.0,node62transit_node120source
M_node62node120_wide_t2,0.0,node62transit_node120source
M_node62node120_wide_t3,0.0,node62transit_node120source
M_node62node120_wide_t4,-0.0,node62transit_node120source
M_node62node120_wide_t5,-0.0,node62transit_node120source
M_node63node69_timber_t0,0.0,node63transit_node69transit
M_node63node69_timber_t1,0.0,node63transit_node69transit
M_node63node69_timber_t2,0.0,node63transit_node69transit
M_node63node69_timber_t3,0.0,node63transit_node69transit
M_node63node69_timber_t4,0.0,node63transit_node69transit
M_node63node69_timber_t5,1.0,node63transit_node69transit
M_node63node69_wide_t0,0.0,node63transit_node69transit
M_node63node69_wide_t1,0.0,node63transit_node69transit
M_node63node69_wide_t2,0.0,node63transit_node69transit
M_node63node69_wide_t3,0.0,node63transit_node69transit
M_node63node69_wide_t4,0.0,node63transit_node69transit
M_node63node69_wide_t5,0.0,node63transit_node69transit
M_node63node137_timber_t0,0.0,node63transit_node137source
M_node63node137_timber_t1,0.0,node63transit_node137source
M_node63node137_timber_t2,0.0,node63transit_node137source
M_node63node137_timber_t3,-0.0,node63transit_node137source
M_node63node137_timber_t4,-0.0,node63transit_node137source
M_node63node137_timber_t5,0.0,node63transit_node137source
M_node63node137_wide_t0,0.0,node63transit_node137source
M_node63node137_wide_t1,0.0,node63transit_node137source
M_node63node137_wide_t2,0.0,node63transit_node137source
M_node63node137_wide_t3,0.0,node63transit_node137source
M_node63node137_wide_t4,1.0,node63transit_node137source
M_node63node137_wide_t5,1.0,node63transit_node137source
M_node64node65_timber_t0,0.0,node64transit_node65transit
M_node64node65_timber_t1,0.0,node64transit_node65transit
M_node64node65_timber_t2,0.0,node64transit_node65transit
M_node64node65_timber_t3,0.0,node64transit_node65transit
M_node64node65_timber_t4,0.0,node64transit_node65transit
M_node64node65_timber_t5,0.0,node64transit_node65transit
M_node64node65_wide_t0,0.0,node64transit_node65transit
M_node64node65_wide_t1,0.0,node64transit_node65transit
M_node64node65_wide_t2,0.0,node64transit_node65transit
M_node64node65_wide_t3,0.0,node64transit_node65transit
M_node64node65_wide_t4,0.0,node64transit_node65transit
M_node64node65_wide_t5,0.0,node64transit_node65transit
M_node64node95_timber_t0,0.0,node64transit_node95transit
M_node64node95_timber_t1,0.0,node64transit_node95transit
M_node64node95_timber_t2,1.0,node64transit_node95transit
M_node64node95_timber_t3,1.0,node64transit_node95transit
M_node64node95_timber_t4,1.0,node64transit_node95transit
M_node64node95_timber_t5,1.0,node64transit_node95transit
M_node64node95_wide_t0,0.0,node64transit_node95transit
M_node64node95_wide_t1,0.0,node64transit_node95transit
M_node64node95_wide_t2,0.0,node64transit_node95transit
M_node64node95_wide_t3,0.0,node64transit_node95transit
M_node64node95_wide_t4,0.0,node64transit_node95transit
M_node64node95_wide_t5,0.0,node64transit_node95transit
M_node64node138_timber_t0,0.0,node64transit_node138source
M_node64node138_timber_t1,0.0,node64transit_node138source
M_node64node138_timber_t2,1.0,node64transit_node138source
M_node64node138_timber_t3,0.0,node64transit_node138source
M_node64node138_timber_t4,0.0,node64transit_node138source
M_node64node138_timber_t5,0.0,node64transit_node138source
M_node64node138_wide_t0,0.0,node64transit_node138source
M_node64node138_wide_t1,0.0,node64transit_node138source
M_node64node138_wide_t2,0.0,node64transit_node138source
M_node64node138_wide_t3,-0.0,node64transit_node138source
M_node64node138_wide_t4,1.0,node64transit_node138source
M_node64node138_wide_t5,1.0,node64transit_node138source
M_node65node94_timber_t0,0.0,node65transit_node94transit
M_node65node94_timber_t1,0.0,node65transit_node94transit
M_node65node94_timber_t2,0.0,node65transit_node94transit
M_node65node94_timber_t3,0.0,node65transit_node94transit
M_node65node94_timber_t4,0.0,node65transit_node94transit
M_node65node94_timber_t5,0.0,node65transit_node94transit
M_node65node94_wide_t0,0.0,node65transit_node94transit
M_node65node94_wide_t1,0.0,node65transit_node94transit
M_node65node94_wide_t2,0.0,node65transit_node94transit
M_node65node94_wide_t3,0.0,node65transit_node94transit
M_node65node94_wide_t4,0.0,node65transit_node94transit
M_node65node94_wide_t5,0.0,node65transit_node94transit
M_node65node138_timber_t0,0.0,node65transit_node138source
M_node65node138_timber_t1,0.0,node65transit_node138source
M_node65node138_timber_t2,1.0,node65transit_node138source
M_node65node138_timber_t3,1.0,node65transit_node138source
M_node65node138_timber_t4,1.0,node65transit_node138source
M_node65node138_timber_t5,0.0,node65transit_node138source
M_node65node138_wide_t0,0.0,node65transit_node138source
M_node65node138_wide_t1,0.0,node65transit_node138source
M_node65node138_wide_t2,0.0,node65transit_node138source
M_node65node138_wide_t3,0.0,node65transit_node138source
M_node65node138_wide_t4,-0.0,node65transit_node138source
M_node65node138_wide_t5,-0.0,node65transit_node138source
M_node66node83_timber_t0,0.0,node66transit_node83transit
M_node66node83_timber_t1,0.0,node66transit_node83transit
M_node66node83_timber_t2,0.0,node66transit_node83transit
M_node66node83_timber_t3,0.0,node66transit_node83transit
M_node66node83_timber_t4,0.0,node66transit_node83transit
M_node66node83_timber_t5,0.0,node66transit_node83transit
M_node66node83_wide_t0,0.0,node66transit_node83transit
M_node66node83_wide_t1,0.0,node66transit_node83transit
M_node66node83_wide_t2,0.0,node66transit_node83transit
M_node66node83_wide_t3,0.0,node66transit_node83transit
M_node66node83_wide_t4,0.0,node66transit_node83transit
M_node66node83_wide_t5,0.0,node66transit_node83transit
M_node66node109_timber_t0,0.0,node66transit_node109exit
M_node66node109_timber_t1,0.0,node66transit_node109exit
M_node66node109_timber_t2,0.0,node66transit_node109exit
M_node66node109_timber_t3,0.0,node66transit_node109exit
M_node66node109_timber_t4,0.0,node66transit_node109exit
M_node66node109_timber_t5,0.0,node66transit_node109exit
M_node66node109_wide_t0,0.0,node66transit_node109exit
M_node66node109_wide_t1,0.0,node66transit_node109exit
M_node66node109_wide_t2,0.0,node66transit_node109exit
M_node66node109_wide_t3,0.0,node66transit_node109exit
M_node66node109_wide_t4,0.0,node66transit_node109exit
M_node66node109_wide_t5,0.0,node66transit_node109exit
M_node66node85_timber_t0,0.0,node66transit_node85transit
M_node66node85_timber_t1,0.0,node66transit_node85transit
M_node66node85_timber_t2,0.0,node66transit_node85transit
M_node66node85_timber_t3,0.0,node66transit_node85transit
M_node66node85_timber_t4,0.0,node66transit_node85transit
M_node66node85_timber_t5,0.0,node66transit_node85transit
M_node66node85_wide_t0,0.0,node66transit_node85transit
M_node66node85_wide_t1,0.0,node66transit_node85transit
M_node66node85_wide_t2,0.0,node66transit_node85transit
M_node66node85_wide_t3,0.0,node66transit_node85transit
M_node66node85_wide_t4,0.0,node66transit_node85transit
M_node66node85_wide_t5,0.0,node66transit_node85transit
M_node66node119_timber_t0,0.0,node66transit_node119source
M_node66node119_timber_t1,0.0,node66transit_node119source
M_node66node119_timber_t2,1.0,node66transit_node119source
M_node66node119_timber_t3,1.0,node66transit_node119source
M_node66node119_timber_t4,1.0,node66transit_node119source
M_node66node119_timber_t5,0.0,node66transit_node119source
M_node66node119_wide_t0,0.0,node66transit_node119source
M_node66node119_wide_t1,0.0,node66transit_node119source
M_node66node119_wide_t2,0.0,node66transit_node119source
M_node66node119_wide_t3,-0.0,node66transit_node119source
M_node66node119_wide_t4,-0.0,node66transit_node119source
M_node66node119_wide_t5,-0.0,node66transit_node119source
M_node67node95_timber_t0,0.0,node67exit_node95transit
M_node67node95_timber_t1,0.0,node67exit_node95transit
M_node67node95_timber_t2,1.0,node67exit_node95transit
M_node67node95_timber_t3,1.0,node67exit_node95transit
M_node67node95_timber_t4,1.0,node67exit_node95transit
M_node67node95_timber_t5,1.0,node67exit_node95transit
M_node67node95_wide_t0,0.0,node67exit_node95transit
M_node67node95_wide_t1,0.0,node67exit_node95transit
M_node67node95_wide_t2,0.0,node67exit_node95transit
M_node67node95_wide_t3,0.0,node67exit_node95transit
M_node67node95_wide_t4,0.0,node67exit_node95transit
M_node67node95_wide_t5,0.0,node67exit_node95transit
M_node68node91_timber_t0,0.0,node68transit_node91transit
M_node68node91_timber_t1,0.0,node68transit_node91transit
M_node68node91_timber_t2,0.0,node68transit_node91transit
M_node68node91_timber_t3,0.0,node68transit_node91transit
M_node68node91_timber_t4,0.0,node68transit_node91transit
M_node68node91_timber_t5,0.0,node68transit_node91transit
M_node68node91_wide_t0,0.0,node68transit_node91transit
M_node68node91_wide_t1,0.0,node68transit_node91transit
M_node68node91_wide_t2,0.0,node68transit_node91transit
M_node68node91_wide_t3,0.0,node68transit_node91transit
M_node68node91_wide_t4,0.0,node68transit_node91transit
M_node68node91_wide_t5,0.0,node68transit_node91transit
M_node68node88_timber_t0,0.0,node68transit_node88transit
M_node68node88_timber_t1,0.0,node68transit_node88transit
M_node68node88_timber_t2,0.0,node68transit_node88transit
M_node68node88_timber_t3,0.0,node68transit_node88transit
M_node68node88_timber_t4,0.0,node68transit_node88transit
M_node68node88_timber_t5,0.0,node68transit_node88transit
M_node68node88_wide_t0,0.0,node68transit_node88transit
M_node68node88_wide_t1,0.0,node68transit_node88transit
M_node68node88_wide_t2,0.0,node68transit_node88transit
M_node68node88_wide_t3,0.0,node68transit_node88transit
M_node68node88_wide_t4,0.0,node68transit_node88transit
M_node68node88_wide_t5,0.0,node68transit_node88transit
M_node68node132_timber_t0,0.0,node68transit_node132source
M_node68node132_timber_t1,0.0,node68transit_node132source
M_node68node132_timber_t2,1.0,node68transit_node132source
M_node68node132_timber_t3,-0.0,node68transit_node132source
M_node68node132_timber_t4,-0.0,node68transit_node132source
M_node68node132_timber_t5,0.0,node68transit_node132source
M_node68node132_wide_t0,0.0,node68transit_node132source
M_node68node132_wide_t1,0.0,node68transit_node132source
M_node68node132_wide_t2,0.0,node68transit_node132source
M_node68node132_wide_t3,0.0,node68transit_node132source
M_node68node132_wide_t4,-0.0,node68transit_node132source
M_node68node132_wide_t5,-0.0,node68transit_node132source
M_node68node133_timber_t0,0.0,node68transit_node133source
M_node68node133_timber_t1,0.0,node68transit_node133source
M_node68node133_timber_t2,1.0,node68transit_node133source
M_node68node133_timber_t3,1.0,node68transit_node133source
M_node68node133_timber_t4,0.0,node68transit_node133source
M_node68node133_timber_t5,-0.0,node68transit_node133source
M_node68node133_wide_t0,0.0,node68transit_node133source
M_node68node133_wide_t1,0.0,node68transit_node133source
M_node68node133_wide_t2,0.0,node68transit_node133source
M_node68node133_wide_t3,0.0,node68transit_node133source
M_node68node133_wide_t4,-0.0,node68transit_node133source
M_node68node133_wide_t5,1.0,node68transit_node133source
M_node68node134_timber_t0,0.0,node68transit_node134source
M_node68node134_timber_t1,0.0,node68transit_node134source
M_node68node134_timber_t2,1.0,node68transit_node134source
M_node68node134_timber_t3,-0.0,node68transit_node134source
M_node68node134_timber_t4,-0.0,node68transit_node134source
M_node68node134_timber_t5,0.0,node68transit_node134source
M_node68node134_wide_t0,0.0,node68transit_node134source
M_node68node134_wide_t1,0.0,node68transit_node134source
M_node68node134_wide_t2,0.0,node68transit_node134source
M_node68node134_wide_t3,0.0,node68transit_node134source
M_node68node134_wide_t4,1.0,node68transit_node134source
M_node68node134_wide_t5,1.0,node68transit_node134source
M_node69node107_timber_t0,0.0,node69transit_node107exit
M_node69node107_timber_t1,0.0,node69transit_node107exit
M_node69node107_timber_t2,0.0,node69transit_node107exit
M_node69node107_timber_t3,0.0,node69transit_node107exit
M_node69node107_timber_t4,0.0,node69transit_node107exit
M_node69node107_timber_t5,0.0,node69transit_node107exit
M_node69node107_wide_t0,0.0,node69transit_node107exit
M_node69node107_wide_t1,0.0,node69transit_node107exit
M_node69node107_wide_t2,0.0,node69transit_node107exit
M_node69node107_wide_t3,0.0,node69transit_node107exit
M_node69node107_wide_t4,0.0,node69transit_node107exit
M_node69node107_wide_t5,0.0,node69transit_node107exit
M_node69node106_timber_t0,0.0,node69transit_node106exit
M_node69node106_timber_t1,0.0,node69transit_node106exit
M_node69node106_timber_t2,0.0,node69transit_node106exit
M_node69node106_timber_t3,0.0,node69transit_node106exit
M_node69node106_timber_t4,0.0,node69transit_node106exit
M_node69node106_timber_t5,1.0,node69transit_node106exit
M_node69node106_wide_t0,0.0,node69transit_node106exit
M_node69node106_wide_t1,0.0,node69transit_node106exit
M_node69node106_wide_t2,0.0,node69transit_node106exit
M_node69node106_wide_t3,0.0,node69transit_node106exit
M_node69node106_wide_t4,0.0,node69transit_node106exit
M_node69node106_wide_t5,0.0,node69transit_node106exit
M_node70node108_timber_t0,0.0,node70transit_node108exit
M_node70node108_timber_t1,0.0,node70transit_node108exit
M_node70node108_timber_t2,0.0,node70transit_node108exit
M_node70node108_timber_t3,0.0,node70transit_node108exit
M_node70node108_timber_t4,0.0,node70transit_node108exit
M_node70node108_timber_t5,0.0,node70transit_node108exit
M_node70node108_wide_t0,0.0,node70transit_node108exit
M_node70node108_wide_t1,0.0,node70transit_node108exit
M_node70node108_wide_t2,0.0,node70transit_node108exit
M_node70node108_wide_t3,0.0,node70transit_node108exit
M_node70node108_wide_t4,0.0,node70transit_node108exit
M_node70node108_wide_t5,0.0,node70transit_node108exit
M_node70node110_timber_t0,0.0,node70transit_node110exit
M_node70node110_timber_t1,0.0,node70transit_node110exit
M_node70node110_timber_t2,0.0,node70transit_node110exit
M_node70node110_timber_t3,0.0,node70transit_node110exit
M_node70node110_timber_t4,0.0,node70transit_node110exit
M_node70node110_timber_t5,0.0,node70transit_node110exit
M_node70node110_wide_t0,0.0,node70transit_node110exit
M_node70node110_wide_t1,0.0,node70transit_node110exit
M_node70node110_wide_t2,0.0,node70transit_node110exit
M_node70node110_wide_t3,0.0,node70transit_node110exit
M_node70node110_wide_t4,0.0,node70transit_node110exit
M_node70node110_wide_t5,0.0,node70transit_node110exit
M_node71node119_timber_t0,0.0,node71transit_node119source
M_node71node119_timber_t1,0.0,node71transit_node119source
M_node71node119_timber_t2,1.0,node71transit_node119source
M_node71node119_timber_t3,1.0,node71transit_node119source
M_node71node119_timber_t4,0.0,node71transit_node119source
M_node71node119_timber_t5,0.0,node71transit_node119source
M_node71node119_wide_t0,0.0,node71transit_node119source
M_node71node119_wide_t1,0.0,node71transit_node119source
M_node71node119_wide_t2,0.0,node71transit_node119source
M_node71node119_wide_t3,0.0,node71transit_node119source
M_node71node119_wide_t4,-0.0,node71transit_node119source
M_node71node119_wide_t5,1.0,node71transit_node119source
M_node71node122_timber_t0,0.0,node71transit_node122source
M_node71node122_timber_t1,0.0,node71transit_node122source
M_node71node122_timber_t2,1.0,node71transit_node122source
M_node71node122_timber_t3,1.0,node71transit_node122source
M_node71node122_timber_t4,0.0,node71transit_node122source
M_node71node122_timber_t5,-0.0,node71transit_node122source
M_node71node122_wide_t0,0.0,node71transit_node122source
M_node71node122_wide_t1,0.0,node71transit_node122source
M_node71node122_wide_t2,0.0,node71transit_node122source
M_node71node122_wide_t3,0.0,node71transit_node122source
M_node71node122_wide_t4,-0.0,node71transit_node122source
M_node71node122_wide_t5,1.0,node71transit_node122source
M_node72node75_timber_t0,0.0,node72transit_node75transit
M_node72node75_timber_t1,0.0,node72transit_node75transit
M_node72node75_timber_t2,0.0,node72transit_node75transit
M_node72node75_timber_t3,0.0,node72transit_node75transit
M_node72node75_timber_t4,0.0,node72transit_node75transit
M_node72node75_timber_t5,0.0,node72transit_node75transit
M_node72node75_wide_t0,0.0,node72transit_node75transit
M_node72node75_wide_t1,0.0,node72transit_node75transit
M_node72node75_wide_t2,0.0,node72transit_node75transit
M_node72node75_wide_t3,0.0,node72transit_node75transit
M_node72node75_wide_t4,0.0,node72transit_node75transit
M_node72node75_wide_t5,0.0,node72transit_node75transit
M_node72node102_timber_t0,0.0,node72transit_node102exit
M_node72node102_timber_t1,0.0,node72transit_node102exit
M_node72node102_timber_t2,0.0,node72transit_node102exit
M_node72node102_timber_t3,0.0,node72transit_node102exit
M_node72node102_timber_t4,0.0,node72transit_node102exit
M_node72node102_timber_t5,0.0,node72transit_node102exit
M_node72node102_wide_t0,0.0,node72transit_node102exit
M_node72node102_wide_t1,0.0,node72transit_node102exit
M_node72node102_wide_t2,0.0,node72transit_node102exit
M_node72node102_wide_t3,0.0,node72transit_node102exit
M_node72node102_wide_t4,0.0,node72transit_node102exit
M_node72node102_wide_t5,0.0,node72transit_node102exit
M_node72node129_timber_t0,0.0,node72transit_node129source
M_node72node129_timber_t1,0.0,node72transit_node129source
M_node72node129_timber_t2,1.0,node72transit_node129source
M_node72node129_timber_t3,-0.0,node72transit_node129source
M_node72node129_timber_t4,-0.0,node72transit_node129source
M_node72node129_timber_t5,-0.0,node72transit_node129source
M_node72node129_wide_t0,0.0,node72transit_node129source
M_node72node129_wide_t1,0.0,node72transit_node129source
M_node72node129_wide_t2,0.0,node72transit_node129source
M_node72node129_wide_t3,-0.0,node72transit_node129source
M_node72node129_wide_t4,-0.0,node72transit_node129source
M_node72node129_wide_t5,1.0,node72transit_node129source
M_node73node78_timber_t0,0.0,node73transit_node78transit
M_node73node78_timber_t1,0.0,node73transit_node78transit
M_node73node78_timber_t2,0.0,node73transit_node78transit
M_node73node78_timber_t3,0.0,node73transit_node78transit
M_node73node78_timber_t4,0.0,node73transit_node78transit
M_node73node78_timber_t5,1.0,node73transit_node78transit
M_node73node78_wide_t0,0.0,node73transit_node78transit
M_node73node78_wide_t1,0.0,node73transit_node78transit
M_node73node78_wide_t2,0.0,node73transit_node78transit
M_node73node78_wide_t3,0.0,node73transit_node78transit
M_node73node78_wide_t4,0.0,node73transit_node78transit
M_node73node78_wide_t5,0.0,node73transit_node78transit
M_node73node116_timber_t0,0.0,node73transit_node116exit
M_node73node116_timber_t1,0.0,node73transit_node116exit
M_node73node116_timber_t2,0.0,node73transit_node116exit
M_node73node116_timber_t3,0.0,node73transit_node116exit
M_node73node116_timber_t4,0.0,node73transit_node116exit
M_node73node116_timber_t5,0.0,node73transit_node116exit
M_node73node116_wide_t0,0.0,node73transit_node116exit
M_node73node116_wide_t1,0.0,node73transit_node116exit
M_node73node116_wide_t2,0.0,node73transit_node116exit
M_node73node116_wide_t3,0.0,node73transit_node116exit
M_node73node116_wide_t4,0.0,node73transit_node116exit
M_node73node116_wide_t5,0.0,node73transit_node116exit
M_node73node141_timber_t0,0.0,node73transit_node141source
M_node73node141_timber_t1,0.0,node73transit_node141source
M_node73node141_timber_t2,1.0,node73transit_node141source
M_node73node141_timber_t3,1.0,node73transit_node141source
M_node73node141_timber_t4,-0.0,node73transit_node141source
M_node73node141_timber_t5,0.0,node73transit_node141source
M_node73node141_wide_t0,0.0,node73transit_node141source
M_node73node141_wide_t1,0.0,node73transit_node141source
M_node73node141_wide_t2,0.0,node73transit_node141source
M_node73node141_wide_t3,0.0,node73transit_node141source
M_node73node141_wide_t4,-0.0,node73transit_node141source
M_node73node141_wide_t5,1.0,node73transit_node141source
M_node74node97_timber_t0,0.0,node74transit_node97exit
M_node74node97_timber_t1,0.0,node74transit_node97exit
M_node74node97_timber_t2,0.0,node74transit_node97exit
M_node74node97_timber_t3,0.0,node74transit_node97exit
M_node74node97_timber_t4,0.0,node74transit_node97exit
M_node74node97_timber_t5,0.0,node74transit_node97exit
M_node74node97_wide_t0,0.0,node74transit_node97exit
M_node74node97_wide_t1,0.0,node74transit_node97exit
M_node74node97_wide_t2,0.0,node74transit_node97exit
M_node74node97_wide_t3,0.0,node74transit_node97exit
M_node74node97_wide_t4,0.0,node74transit_node97exit
M_node74node97_wide_t5,0.0,node74transit_node97exit
M_node74node99_timber_t0,0.0,node74transit_node99exit
M_node74node99_timber_t1,0.0,node74transit_node99exit
M_node74node99_timber_t2,0.0,node74transit_node99exit
M_node74node99_timber_t3,0.0,node74transit_node99exit
M_node74node99_timber_t4,0.0,node74transit_node99exit
M_node74node99_timber_t5,0.0,node74transit_node99exit
M_node74node99_wide_t0,0.0,node74transit_node99exit
M_node74node99_wide_t1,0.0,node74transit_node99exit
M_node74node99_wide_t2,0.0,node74transit_node99exit
M_node74node99_wide_t3,0.0,node74transit_node99exit
M_node74node99_wide_t4,0.0,node74transit_node99exit
M_node74node99_wide_t5,0.0,node74transit_node99exit
M_node74node112_timber_t0,0.0,node74transit_node112exit
M_node74node112_timber_t1,0.0,node74transit_node112exit
M_node74node112_timber_t2,0.0,node74transit_node112exit
M_node74node112_timber_t3,0.0,node74transit_node112exit
M_node74node112_timber_t4,0.0,node74transit_node112exit
M_node74node112_timber_t5,0.0,node74transit_node112exit
M_node74node112_wide_t0,0.0,node74transit_node112exit
M_node74node112_wide_t1,0.0,node74transit_node112exit
M_node74node112_wide_t2,0.0,node74transit_node112exit
M_node74node112_wide_t3,0.0,node74transit_node112exit
M_node74node112_wide_t4,0.0,node74transit_node112exit
M_node74node112_wide_t5,0.0,node74transit_node112exit
M_node75node129_timber_t0,0.0,node75transit_node129source
M_node75node129_timber_t1,0.0,node75transit_node129source
M_node75node129_timber_t2,0.0,node75transit_node129source
M_node75node129_timber_t3,-0.0,node75transit_node129source
M_node75node129_timber_t4,-0.0,node75transit_node129source
M_node75node129_timber_t5,0.0,node75transit_node129source
M_node75node129_wide_t0,0.0,node75transit_node129source
M_node75node129_wide_t1,0.0,node75transit_node129source
M_node75node129_wide_t2,0.0,node75transit_node129source
M_node75node129_wide_t3,0.0,node75transit_node129source
M_node75node129_wide_t4,1.0,node75transit_node129source
M_node75node129_wide_t5,1.0,node75transit_node129source
M_node75node130_timber_t0,0.0,node75transit_node130source
M_node75node130_timber_t1,0.0,node75transit_node130source
M_node75node130_timber_t2,1.0,node75transit_node130source
M_node75node130_timber_t3,1.0,node75transit_node130source
M_node75node130_timber_t4,1.0,node75transit_node130source
M_node75node130_timber_t5,0.0,node75transit_node130source
M_node75node130_wide_t0,0.0,node75transit_node130source
M_node75node130_wide_t1,0.0,node75transit_node130source
M_node75node130_wide_t2,0.0,node75transit_node130source
M_node75node130_wide_t3,0.0,node75transit_node130source
M_node75node130_wide_t4,-0.0,node75transit_node130source
M_node75node130_wide_t5,-0.0,node75transit_node130source
M_node76node89_timber_t0,0.0,node76transit_node89transit
M_node76node89_timber_t1,0.0,node76transit_node89transit
M_node76node89_timber_t2,0.0,node76transit_node89transit
M_node76node89_timber_t3,-0.0,node76transit_node89transit
M_node76node89_timber_t4,0.0,node76transit_node89transit
M_node76node89_timber_t5,0.0,node76transit_node89transit
M_node76node89_wide_t0,0.0,node76transit_node89transit
M_node76node89_wide_t1,0.0,node76transit_node89transit
M_node76node89_wide_t2,0.0,node76transit_node89transit
M_node76node89_wide_t3,0.0,node76transit_node89transit
M_node76node89_wide_t4,0.0,node76transit_node89transit
M_node76node89_wide_t5,0.0,node76transit_node89transit
M_node76node92_timber_t0,0.0,node76transit_node92transit
M_node76node92_timber_t1,0.0,node76transit_node92transit
M_node76node92_timber_t2,0.0,node76transit_node92transit
M_node76node92_timber_t3,0.0,node76transit_node92transit
M_node76node92_timber_t4,0.0,node76transit_node92transit
M_node76node92_timber_t5,0.0,node76transit_node92transit
M_node76node92_wide_t0,0.0,node76transit_node92transit
M_node76node92_wide_t1,0.0,node76transit_node92transit
M_node76node92_wide_t2,0.0,node76transit_node92transit
M_node76node92_wide_t3,0.0,node76transit_node92transit
M_node76node92_wide_t4,0.0,node76transit_node92transit
M_node76node92_wide_t5,0.0,node76transit_node92transit
M_node76node124_timber_t0,0.0,node76transit_node124source
M_node76node124_timber_t1,0.0,node76transit_node124source
M_node76node124_timber_t2,1.0,node76transit_node124source
M_node76node124_timber_t3,0.0,node76transit_node124source
M_node76node124_timber_t4,-0.0,node76transit_node124source
M_node76node124_timber_t5,0.0,node76transit_node124source
M_node76node124_wide_t0,0.0,node76transit_node124source
M_node76node124_wide_t1,0.0,node76transit_node124source
M_node76node124_wide_t2,0.0,node76transit_node124source
M_node76node124_wide_t3,0.0,node76transit_node124source
M_node76node124_wide_t4,-0.0,node76transit_node124source
M_node76node124_wide_t5,1.0,node76transit_node124source
M_node76node125_timber_t0,0.0,node76transit_node125source
M_node76node125_timber_t1,0.0,node76transit_node125source
M_node76node125_timber_t2,1.0,node76transit_node125source
M_node76node125_timber_t3,1.0,node76transit_node125source
M_node76node125_timber_t4,0.0,node76transit_node125source
M_node76node125_timber_t5,0.0,node76transit_node125source
M_node76node125_wide_t0,0.0,node76transit_node125source
M_node76node125_wide_t1,0.0,node76transit_node125source
M_node76node125_wide_t2,0.0,node76transit_node125source
M_node76node125_wide_t3,0.0,node76transit_node125source
M_node76node125_wide_t4,-0.0,node76transit_node125source
M_node76node125_wide_t5,1.0,node76transit_node125source
M_node77node91_timber_t0,0.0,node77transit_node91transit
M_node77node91_timber_t1,0.0,node77transit_node91transit
M_node77node91_timber_t2,0.0,node77transit_node91transit
M_node77node91_timber_t3,0.0,node77transit_node91transit
M_node77node91_timber_t4,0.0,node77transit_node91transit
M_node77node91_timber_t5,0.0,node77transit_node91transit
M_node77node91_wide_t0,0.0,node77transit_node91transit
M_node77node91_wide_t1,0.0,node77transit_node91transit
M_node77node91_wide_t2,0.0,node77transit_node91transit
M_node77node91_wide_t3,0.0,node77transit_node91transit
M_node77node91_wide_t4,0.0,node77transit_node91transit
M_node77node91_wide_t5,0.0,node77transit_node91transit
M_node77node132_timber_t0,0.0,node77transit_node132source
M_node77node132_timber_t1,0.0,node77transit_node132source
M_node77node132_timber_t2,1.0,node77transit_node132source
M_node77node132_timber_t3,-0.0,node77transit_node132source
M_node77node132_timber_t4,-0.0,node77transit_node132source
M_node77node132_timber_t5,-0.0,node77transit_node132source
M_node77node132_wide_t0,0.0,node77transit_node132source
M_node77node132_wide_t1,0.0,node77transit_node132source
M_node77node132_wide_t2,0.0,node77transit_node132source
M_node77node132_wide_t3,-0.0,node77transit_node132source
M_node77node132_wide_t4,-0.0,node77transit_node132source
M_node77node132_wide_t5,1.0,node77transit_node132source
M_node77node137_timber_t0,0.0,node77transit_node137source
M_node77node137_timber_t1,0.0,node77transit_node137source
M_node77node137_timber_t2,1.0,node77transit_node137source
M_node77node137_timber_t3,-0.0,node77transit_node137source
M_node77node137_timber_t4,-0.0,node77transit_node137source
M_node77node137_timber_t5,-0.0,node77transit_node137source
M_node77node137_wide_t0,0.0,node77transit_node137source
M_node77node137_wide_t1,0.0,node77transit_node137source
M_node77node137_wide_t2,0.0,node77transit_node137source
M_node77node137_wide_t3,0.0,node77transit_node137source
M_node77node137_wide_t4,1.0,node77transit_node137source
M_node77node137_wide_t5,1.0,node77transit_node137source
M_node77node140_timber_t0,0.0,node77transit_node140source
M_node77node140_timber_t1,0.0,node77transit_node140source
M_node77node140_timber_t2,0.0,node77transit_node140source
M_node77node140_timber_t3,-0.0,node77transit_node140source
M_node77node140_timber_t4,0.0,node77transit_node140source
M_node77node140_timber_t5,0.0,node77transit_node140source
M_node77node140_wide_t0,0.0,node77transit_node140source
M_node77node140_wide_t1,0.0,node77transit_node140source
M_node77node140_wide_t2,0.0,node77transit_node140source
M_node77node140_wide_t3,-0.0,node77transit_node140source
M_node77node140_wide_t4,-0.0,node77transit_node140source
M_node77node140_wide_t5,1.0,node77transit_node140source
M_node78node95_timber_t0,0.0,node78transit_node95transit
M_node78node95_timber_t1,0.0,node78transit_node95transit
M_node78node95_timber_t2,0.0,node78transit_node95transit
M_node78node95_timber_t3,0.0,node78transit_node95transit
M_node78node95_timber_t4,0.0,node78transit_node95transit
M_node78node95_timber_t5,1.0,node78transit_node95transit
M_node78node95_wide_t0,0.0,node78transit_node95transit
M_node78node95_wide_t1,0.0,node78transit_node95transit
M_node78node95_wide_t2,0.0,node78transit_node95transit
M_node78node95_wide_t3,0.0,node78transit_node95transit
M_node78node95_wide_t4,0.0,node78transit_node95transit
M_node78node95_wide_t5,0.0,node78transit_node95transit
M_node78node141_timber_t0,0.0,node78transit_node141source
M_node78node141_timber_t1,0.0,node78transit_node141source
M_node78node141_timber_t2,0.0,node78transit_node141source
M_node78node141_timber_t3,-0.0,node78transit_node141source
M_node78node141_timber_t4,1.0,node78transit_node141source
M_node78node141_timber_t5,1.0,node78transit_node141source
M_node78node141_wide_t0,0.0,node78transit_node141source
M_node78node141_wide_t1,0.0,node78transit_node141source
M_node78node141_wide_t2,0.0,node78transit_node141source
M_node78node141_wide_t3,0.0,node78transit_node141source
M_node78node141_wide_t4,-0.0,node78transit_node141source
M_node78node141_wide_t5,-0.0,node78transit_node141source
M_node79node96_timber_t0,0.0,node79transit_node96transit
M_node79node96_timber_t1,0.0,node79transit_node96transit
M_node79node96_timber_t2,0.0,node79transit_node96transit
M_node79node96_timber_t3,0.0,node79transit_node96transit
M_node79node96_timber_t4,0.0,node79transit_node96transit
M_node79node96_timber_t5,1.0,node79transit_node96transit
M_node79node96_wide_t0,0.0,node79transit_node96transit
M_node79node96_wide_t1,0.0,node79transit_node96transit
M_node79node96_wide_t2,0.0,node79transit_node96transit
M_node79node96_wide_t3,0.0,node79transit_node96transit
M_node79node96_wide_t4,0.0,node79transit_node96transit
M_node79node96_wide_t5,0.0,node79transit_node96transit
M_node79node119_timber_t0,0.0,node79transit_node119source
M_node79node119_timber_t1,0.0,node79transit_node119source
M_node79node119_timber_t2,1.0,node79transit_node119source
M_node79node119_timber_t3,1.0,node79transit_node119source
M_node79node119_timber_t4,0.0,node79transit_node119source
M_node79node119_timber_t5,-0.0,node79transit_node119source
M_node79node119_wide_t0,0.0,node79transit_node119source
M_node79node119_wide_t1,0.0,node79transit_node119source
M_node79node119_wide_t2,0.0,node79transit_node119source
M_node79node119_wide_t3,0.0,node79transit_node119source
M_node79node119_wide_t4,-0.0,node79transit_node119source
M_node79node119_wide_t5,1.0,node79transit_node119source
M_node79node144_timber_t0,0.0,node79transit_node144source
M_node79node144_timber_t1,0.0,node79transit_node144source
M_node79node144_timber_t2,1.0,node79transit_node144source
M_node79node144_timber_t3,1.0,node79transit_node144source
M_node79node144_timber_t4,1.0,node79transit_node144source
M_node79node144_timber_t5,1.0,node79transit_node144source
M_node79node144_wide_t0,0.0,node79transit_node144source
M_node79node144_wide_t1,0.0,node79transit_node144source
M_node79node144_wide_t2,0.0,node79transit_node144source
M_node79node144_wide_t3,-0.0,node79transit_node144source
M_node79node144_wide_t4,-0.0,node79transit_node144source
M_node79node144_wide_t5,-0.0,node79transit_node144source
M_node80node89_timber_t0,0.0,node80transit_node89transit
M_node80node89_timber_t1,0.0,node80transit_node89transit
M_node80node89_timber_t2,0.0,node80transit_node89transit
M_node80node89_timber_t3,0.0,node80transit_node89transit
M_node80node89_timber_t4,0.0,node80transit_node89transit
M_node80node89_timber_t5,0.0,node80transit_node89transit
M_node80node89_wide_t0,0.0,node80transit_node89transit
M_node80node89_wide_t1,0.0,node80transit_node89transit
M_node80node89_wide_t2,0.0,node80transit_node89transit
M_node80node89_wide_t3,0.0,node80transit_node89transit
M_node80node89_wide_t4,0.0,node80transit_node89transit
M_node80node89_wide_t5,0.0,node80transit_node89transit
M_node80node125_timber_t0,0.0,node80transit_node125source
M_node80node125_timber_t1,0.0,node80transit_node125source
M_node80node125_timber_t2,1.0,node80transit_node125source
M_node80node125_timber_t3,1.0,node80transit_node125source
M_node80node125_timber_t4,1.0,node80transit_node125source
M_node80node125_timber_t5,1.0,node80transit_node125source
M_node80node125_wide_t0,0.0,node80transit_node125source
M_node80node125_wide_t1,0.0,node80transit_node125source
M_node80node125_wide_t2,0.0,node80transit_node125source
M_node80node125_wide_t3,0.0,node80transit_node125source
M_node80node125_wide_t4,-0.0,node80transit_node125source
M_node80node125_wide_t5,-0.0,node80transit_node125source
M_node80node143_timber_t0,0.0,node80transit_node143source
M_node80node143_timber_t1,0.0,node80transit_node143source
M_node80node143_timber_t2,1.0,node80transit_node143source
M_node80node143_timber_t3,1.0,node80transit_node143source
M_node80node143_timber_t4,1.0,node80transit_node143source
M_node80node143_timber_t5,1.0,node80transit_node143source
M_node80node143_wide_t0,0.0,node80transit_node143source
M_node80node143_wide_t1,0.0,node80transit_node143source
M_node80node143_wide_t2,0.0,node80transit_node143source
M_node80node143_wide_t3,-0.0,node80transit_node143source
M_node80node143_wide_t4,-0.0,node80transit_node143source
M_node80node143_wide_t5,-0.0,node80transit_node143source
M_node81node103_timber_t0,0.0,node81transit_node103exit
M_node81node103_timber_t1,0.0,node81transit_node103exit
M_node81node103_timber_t2,0.0,node81transit_node103exit
M_node81node103_timber_t3,0.0,node81transit_node103exit
M_node81node103_timber_t4,0.0,node81transit_node103exit
M_node81node103_timber_t5,0.0,node81transit_node103exit
M_node81node103_wide_t0,0.0,node81transit_node103exit
M_node81node103_wide_t1,0.0,node81transit_node103exit
M_node81node103_wide_t2,0.0,node81transit_node103exit
M_node81node103_wide_t3,0.0,node81transit_node103exit
M_node81node103_wide_t4,0.0,node81transit_node103exit
M_node81node103_wide_t5,0.0,node81transit_node103exit
M_node81node137_timber_t0,0.0,node81transit_node137source
M_node81node137_timber_t1,0.0,node81transit_node137source
M_node81node137_timber_t2,1.0,node81transit_node137source
M_node81node137_timber_t3,-0.0,node81transit_node137source
M_node81node137_timber_t4,-0.0,node81transit_node137source
M_node81node137_timber_t5,1.0,node81transit_node137source
M_node81node137_wide_t0,0.0,node81transit_node137source
M_node81node137_wide_t1,0.0,node81transit_node137source
M_node81node137_wide_t2,0.0,node81transit_node137source
M_node81node137_wide_t3,0.0,node81transit_node137source
M_node81node137_wide_t4,-0.0,node81transit_node137source
M_node81node137_wide_t5,-0.0,node81transit_node137source
M_node82node128_timber_t0,0.0,node82transit_node128source
M_node82node128_timber_t1,0.0,node82transit_node128source
M_node82node128_timber_t2,1.0,node82transit_node128source
M_node82node128_timber_t3,1.0,node82transit_node128source
M_node82node128_timber_t4,0.0,node82transit_node128source
M_node82node128_timber_t5,0.0,node82transit_node128source
M_node82node128_wide_t0,0.0,node82transit_node128source
M_node82node128_wide_t1,0.0,node82transit_node128source
M_node82node128_wide_t2,0.0,node82transit_node128source
M_node82node128_wide_t3,-0.0,node82transit_node128source
M_node82node128_wide_t4,-0.0,node82transit_node128source
M_node82node128_wide_t5,1.0,node82transit_node128source
M_node83node98_timber_t0,0.0,node83transit_node98exit
M_node83node98_timber_t1,0.0,node83transit_node98exit
M_node83node98_timber_t2,0.0,node83transit_node98exit
M_node83node98_timber_t3,0.0,node83transit_node98exit
M_node83node98_timber_t4,0.0,node83transit_node98exit
M_node83node98_timber_t5,0.0,node83transit_node98exit
M_node83node98_wide_t0,0.0,node83transit_node98exit
M_node83node98_wide_t1,0.0,node83transit_node98exit
M_node83node98_wide_t2,0.0,node83transit_node98exit
M_node83node98_wide_t3,0.0,node83transit_node98exit
M_node83node98_wide_t4,0.0,node83transit_node98exit
M_node83node98_wide_t5,0.0,node83transit_node98exit
M_node83node119_timber_t0,0.0,node83transit_node119source
M_node83node119_timber_t1,0.0,node83transit_node119source
M_node83node119_timber_t2,1.0,node83transit_node119source
M_node83node119_timber_t3,1.0,node83transit_node119source
M_node83node119_timber_t4,1.0,node83transit_node119source
M_node83node119_timber_t5,0.0,node83transit_node119source
M_node83node119_wide_t0,0.0,node83transit_node119source
M_node83node119_wide_t1,0.0,node83transit_node119source
M_node83node119_wide_t2,0.0,node83transit_node119source
M_node83node119_wide_t3,-0.0,node83transit_node119source
M_node83node119_wide_t4,-0.0,node83transit_node119source
M_node83node119_wide_t5,-0.0,node83transit_node119source
M_node84node107_timber_t0,0.0,node84exit_node107exit
M_node84node107_timber_t1,0.0,node84exit_node107exit
M_node84node107_timber_t2,0.0,node84exit_node107exit
M_node84node107_timber_t3,0.0,node84exit_node107exit
M_node84node107_timber_t4,0.0,node84exit_node107exit
M_node84node107_timber_t5,0.0,node84exit_node107exit
M_node84node107_wide_t0,0.0,node84exit_node107exit
M_node84node107_wide_t1,0.0,node84exit_node107exit
M_node84node107_wide_t2,0.0,node84exit_node107exit
M_node84node107_wide_t3,0.0,node84exit_node107exit
M_node84node107_wide_t4,0.0,node84exit_node107exit
M_node84node107_wide_t5,0.0,node84exit_node107exit
M_node85node119_timber_t0,0.0,node85transit_node119source
M_node85node119_timber_t1,0.0,node85transit_node119source
M_node85node119_timber_t2,0.0,node85transit_node119source
M_node85node119_timber_t3,0.0,node85transit_node119source
M_node85node119_timber_t4,0.0,node85transit_node119source
M_node85node119_timber_t5,-0.0,node85transit_node119source
M_node85node119_wide_t0,0.0,node85transit_node119source
M_node85node119_wide_t1,0.0,node85transit_node119source
M_node85node119_wide_t2,1.0,node85transit_node119source
M_node85node119_wide_t3,1.0,node85transit_node119source
M_node85node119_wide_t4,1.0,node85transit_node119source
M_node85node119_wide_t5,1.0,node85transit_node119source
M_node85node136_timber_t0,0.0,node85transit_node136source
M_node85node136_timber_t1,0.0,node85transit_node136source
M_node85node136_timber_t2,1.0,node85transit_node136source
M_node85node136_timber_t3,-0.0,node85transit_node136source
M_node85node136_timber_t4,-0.0,node85transit_node136source
M_node85node136_timber_t5,1.0,node85transit_node136source
M_node85node136_wide_t0,0.0,node85transit_node136source
M_node85node136_wide_t1,0.0,node85transit_node136source
M_node85node136_wide_t2,0.0,node85transit_node136source
M_node85node136_wide_t3,0.0,node85transit_node136source
M_node85node136_wide_t4,-0.0,node85transit_node136source
M_node85node136_wide_t5,-0.0,node85transit_node136source
M_node86node92_timber_t0,0.0,node86transit_node92transit
M_node86node92_timber_t1,0.0,node86transit_node92transit
M_node86node92_timber_t2,0.0,node86transit_node92transit
M_node86node92_timber_t3,0.0,node86transit_node92transit
M_node86node92_timber_t4,0.0,node86transit_node92transit
M_node86node92_timber_t5,0.0,node86transit_node92transit
M_node86node92_wide_t0,0.0,node86transit_node92transit
M_node86node92_wide_t1,0.0,node86transit_node92transit
M_node86node92_wide_t2,0.0,node86transit_node92transit
M_node86node92_wide_t3,0.0,node86transit_node92transit
M_node86node92_wide_t4,0.0,node86transit_node92transit
M_node86node92_wide_t5,0.0,node86transit_node92transit
M_node86node118_timber_t0,0.0,node86transit_node118source
M_node86node118_timber_t1,0.0,node86transit_node118source
M_node86node118_timber_t2,1.0,node86transit_node118source
M_node86node118_timber_t3,1.0,node86transit_node118source
M_node86node118_timber_t4,-0.0,node86transit_node118source
M_node86node118_timber_t5,0.0,node86transit_node118source
M_node86node118_wide_t0,0.0,node86transit_node118source
M_node86node118_wide_t1,0.0,node86transit_node118source
M_node86node118_wide_t2,0.0,node86transit_node118source
M_node86node118_wide_t3,-0.0,node86transit_node118source
M_node86node118_wide_t4,-0.0,node86transit_node118source
M_node86node118_wide_t5,1.0,node86transit_node118source
M_node87node119_timber_t0,0.0,node87transit_node119source
M_node87node119_timber_t1,0.0,node87transit_node119source
M_node87node119_timber_t2,1.0,node87transit_node119source
M_node87node119_timber_t3,1.0,node87transit_node119source
M_node87node119_timber_t4,1.0,node87transit_node119source
M_node87node119_timber_t5,1.0,node87transit_node119source
M_node87node119_wide_t0,0.0,node87transit_node119source
M_node87node119_wide_t1,0.0,node87transit_node119source
M_node87node119_wide_t2,0.0,node87transit_node119source
M_node87node119_wide_t3,0.0,node87transit_node119source
M_node87node119_wide_t4,-0.0,node87transit_node119source
M_node87node119_wide_t5,-0.0,node87transit_node119source
M_node87node121_timber_t0,0.0,node87transit_node121source
M_node87node121_timber_t1,0.0,node87transit_node121source
M_node87node121_timber_t2,1.0,node87transit_node121source
M_node87node121_timber_t3,0.0,node87transit_node121source
M_node87node121_timber_t4,-0.0,node87transit_node121source
M_node87node121_timber_t5,1.0,node87transit_node121source
M_node87node121_wide_t0,0.0,node87transit_node121source
M_node87node121_wide_t1,0.0,node87transit_node121source
M_node87node121_wide_t2,0.0,node87transit_node121source
M_node87node121_wide_t3,-0.0,node87transit_node121source
M_node87node121_wide_t4,-0.0,node87transit_node121source
M_node87node121_wide_t5,-0.0,node87transit_node121source
M_node87node123_timber_t0,0.0,node87transit_node123source
M_node87node123_timber_t1,0.0,node87transit_node123source
M_node87node123_timber_t2,1.0,node87transit_node123source
M_node87node123_timber_t3,0.0,node87transit_node123source
M_node87node123_timber_t4,-0.0,node87transit_node123source
M_node87node123_timber_t5,1.0,node87transit_node123source
M_node87node123_wide_t0,0.0,node87transit_node123source
M_node87node123_wide_t1,0.0,node87transit_node123source
M_node87node123_wide_t2,0.0,node87transit_node123source
M_node87node123_wide_t3,0.0,node87transit_node123source
M_node87node123_wide_t4,-0.0,node87transit_node123source
M_node87node123_wide_t5,-0.0,node87transit_node123source
M_node88node133_timber_t0,0.0,node88transit_node133source
M_node88node133_timber_t1,0.0,node88transit_node133source
M_node88node133_timber_t2,1.0,node88transit_node133source
M_node88node133_timber_t3,1.0,node88transit_node133source
M_node88node133_timber_t4,1.0,node88transit_node133source
M_node88node133_timber_t5,1.0,node88transit_node133source
M_node88node133_wide_t0,0.0,node88transit_node133source
M_node88node133_wide_t1,0.0,node88transit_node133source
M_node88node133_wide_t2,0.0,node88transit_node133source
M_node88node133_wide_t3,-0.0,node88transit_node133source
M_node88node133_wide_t4,-0.0,node88transit_node133source
M_node88node133_wide_t5,-0.0,node88transit_node133source
M_node88node134_timber_t0,0.0,node88transit_node134source
M_node88node134_timber_t1,0.0,node88transit_node134source
M_node88node134_timber_t2,1.0,node88transit_node134source
M_node88node134_timber_t3,-0.0,node88transit_node134source
M_node88node134_timber_t4,-0.0,node88transit_node134source
M_node88node134_timber_t5,0.0,node88transit_node134source
M_node88node134_wide_t0,0.0,node88transit_node134source
M_node88node134_wide_t1,0.0,node88transit_node134source
M_node88node134_wide_t2,0.0,node88transit_node134source
M_node88node134_wide_t3,0.0,node88transit_node134source
M_node88node134_wide_t4,-0.0,node88transit_node134source
M_node88node134_wide_t5,1.0,node88transit_node134source
M_node89node125_timber_t0,0.0,node89transit_node125source
M_node89node125_timber_t1,0.0,node89transit_node125source
M_node89node125_timber_t2,1.0,node89transit_node125source
M_node89node125_timber_t3,1.0,node89transit_node125source
M_node89node125_timber_t4,1.0,node89transit_node125source
M_node89node125_timber_t5,1.0,node89transit_node125source
M_node89node125_wide_t0,0.0,node89transit_node125source
M_node89node125_wide_t1,0.0,node89transit_node125source
M_node89node125_wide_t2,0.0,node89transit_node125source
M_node89node125_wide_t3,-0.0,node89transit_node125source
M_node89node125_wide_t4,-0.0,node89transit_node125source
M_node89node125_wide_t5,-0.0,node89transit_node125source
M_node89node143_timber_t0,0.0,node89transit_node143source
M_node89node143_timber_t1,0.0,node89transit_node143source
M_node89node143_timber_t2,0.0,node89transit_node143source
M_node89node143_timber_t3,-0.0,node89transit_node143source
M_node89node143_timber_t4,0.0,node89transit_node143source
M_node89node143_timber_t5,-0.0,node89transit_node143source
M_node89node143_wide_t0,0.0,node89transit_node143source
M_node89node143_wide_t1,0.0,node89transit_node143source
M_node89node143_wide_t2,0.0,node89transit_node143source
M_node89node143_wide_t3,-0.0,node89transit_node143source
M_node89node143_wide_t4,-0.0,node89transit_node143source
M_node89node143_wide_t5,1.0,node89transit_node143source
M_node90node127_timber_t0,0.0,node90transit_node127source
M_node90node127_timber_t1,0.0,node90transit_node127source
M_node90node127_timber_t2,0.0,node90transit_node127source
M_node90node127_timber_t3,0.0,node90transit_node127source
M_node90node127_timber_t4,0.0,node90transit_node127source
M_node90node127_timber_t5,0.0,node90transit_node127source
M_node90node127_wide_t0,0.0,node90transit_node127source
M_node90node127_wide_t1,0.0,node90transit_node127source
M_node90node127_wide_t2,0.0,node90transit_node127source
M_node90node127_wide_t3,1.0,node90transit_node127source
M_node90node127_wide_t4,1.0,node90transit_node127source
M_node90node127_wide_t5,1.0,node90transit_node127source
M_node90node134_timber_t0,0.0,node90transit_node134source
M_node90node134_timber_t1,0.0,node90transit_node134source
M_node90node134_timber_t2,0.0,node90transit_node134source
M_node90node134_timber_t3,-0.0,node90transit_node134source
M_node90node134_timber_t4,1.0,node90transit_node134source
M_node90node134_timber_t5,0.0,node90transit_node134source
M_node90node134_wide_t0,0.0,node90transit_node134source
M_node90node134_wide_t1,0.0,node90transit_node134source
M_node90node134_wide_t2,0.0,node90transit_node134source
M_node90node134_wide_t3,-0.0,node90transit_node134source
M_node90node134_wide_t4,-0.0,node90transit_node134source
M_node90node134_wide_t5,-0.0,node90transit_node134source
M_node90node135_timber_t0,0.0,node90transit_node135source
M_node90node135_timber_t1,0.0,node90transit_node135source
M_node90node135_timber_t2,1.0,node90transit_node135source
M_node90node135_timber_t3,-0.0,node90transit_node135source
M_node90node135_timber_t4,-0.0,node90transit_node135source
M_node90node135_timber_t5,1.0,node90transit_node135source
M_node90node135_wide_t0,0.0,node90transit_node135source
M_node90node135_wide_t1,0.0,node90transit_node135source
M_node90node135_wide_t2,0.0,node90transit_node135source
M_node90node135_wide_t3,-0.0,node90transit_node135source
M_node90node135_wide_t4,-0.0,node90transit_node135source
M_node90node135_wide_t5,-0.0,node90transit_node135source
M_node91node132_timber_t0,0.0,node91transit_node132source
M_node91node132_timber_t1,0.0,node91transit_node132source
M_node91node132_timber_t2,1.0,node91transit_node132source
M_node91node132_timber_t3,1.0,node91transit_node132source
M_node91node132_timber_t4,-0.0,node91transit_node132source
M_node91node132_timber_t5,-0.0,node91transit_node132source
M_node91node132_wide_t0,0.0,node91transit_node132source
M_node91node132_wide_t1,0.0,node91transit_node132source
M_node91node132_wide_t2,0.0,node91transit_node132source
M_node91node132_wide_t3,0.0,node91transit_node132source
M_node91node132_wide_t4,-0.0,node91transit_node132source
M_node91node132_wide_t5,1.0,node91transit_node132source
M_node91node133_timber_t0,0.0,node91transit_node133source
M_node91node133_timber_t1,0.0,node91transit_node133source
M_node91node133_timber_t2,1.0,node91transit_node133source
M_node91node133_timber_t3,1.0,node91transit_node133source
M_node91node133_timber_t4,1.0,node91transit_node133source
M_node91node133_timber_t5,1.0,node91transit_node133source
M_node91node133_wide_t0,0.0,node91transit_node133source
M_node91node133_wide_t1,0.0,node91transit_node133source
M_node91node133_wide_t2,0.0,node91transit_node133source
M_node91node133_wide_t3,0.0,node91transit_node133source
M_node91node133_wide_t4,-0.0,node91transit_node133source
M_node91node133_wide_t5,-0.0,node91transit_node133source
M_node91node137_timber_t0,0.0,node91transit_node137source
M_node91node137_timber_t1,0.0,node91transit_node137source
M_node91node137_timber_t2,1.0,node91transit_node137source
M_node91node137_timber_t3,-0.0,node91transit_node137source
M_node91node137_timber_t4,-0.0,node91transit_node137source
M_node91node137_timber_t5,1.0,node91transit_node137source
M_node91node137_wide_t0,0.0,node91transit_node137source
M_node91node137_wide_t1,0.0,node91transit_node137source
M_node91node137_wide_t2,0.0,node91transit_node137source
M_node91node137_wide_t3,0.0,node91transit_node137source
M_node91node137_wide_t4,-0.0,node91transit_node137source
M_node91node137_wide_t5,-0.0,node91transit_node137source
M_node92node124_timber_t0,0.0,node92transit_node124source
M_node92node124_timber_t1,0.0,node92transit_node124source
M_node92node124_timber_t2,1.0,node92transit_node124source
M_node92node124_timber_t3,0.0,node92transit_node124source
M_node92node124_timber_t4,-0.0,node92transit_node124source
M_node92node124_timber_t5,1.0,node92transit_node124source
M_node92node124_wide_t0,0.0,node92transit_node124source
M_node92node124_wide_t1,0.0,node92transit_node124source
M_node92node124_wide_t2,0.0,node92transit_node124source
M_node92node124_wide_t3,0.0,node92transit_node124source
M_node92node124_wide_t4,-0.0,node92transit_node124source
M_node92node124_wide_t5,-0.0,node92transit_node124source
M_node93node120_timber_t0,0.0,node93transit_node120source
M_node93node120_timber_t1,0.0,node93transit_node120source
M_node93node120_timber_t2,1.0,node93transit_node120source
M_node93node120_timber_t3,1.0,node93transit_node120source
M_node93node120_timber_t4,1.0,node93transit_node120source
M_node93node120_timber_t5,1.0,node93transit_node120source
M_node93node120_wide_t0,0.0,node93transit_node120source
M_node93node120_wide_t1,0.0,node93transit_node120source
M_node93node120_wide_t2,0.0,node93transit_node120source
M_node93node120_wide_t3,0.0,node93transit_node120source
M_node93node120_wide_t4,-0.0,node93transit_node120source
M_node93node120_wide_t5,-0.0,node93transit_node120source
M_node94node117_timber_t0,0.0,node94transit_node117exit
M_node94node117_timber_t1,0.0,node94transit_node117exit
M_node94node117_timber_t2,0.0,node94transit_node117exit
M_node94node117_timber_t3,0.0,node94transit_node117exit
M_node94node117_timber_t4,0.0,node94transit_node117exit
M_node94node117_timber_t5,0.0,node94transit_node117exit
M_node94node117_wide_t0,0.0,node94transit_node117exit
M_node94node117_wide_t1,0.0,node94transit_node117exit
M_node94node117_wide_t2,0.0,node94transit_node117exit
M_node94node117_wide_t3,0.0,node94transit_node117exit
M_node94node117_wide_t4,0.0,node94transit_node117exit
M_node94node117_wide_t5,0.0,node94transit_node117exit
M_node96node119_timber_t0,0.0,node96transit_node119source
M_node96node119_timber_t1,0.0,node96transit_node119source
M_node96node119_timber_t2,1.0,node96transit_node119source
M_node96node119_timber_t3,1.0,node96transit_node119source
M_node96node119_timber_t4,1.0,node96transit_node119source
M_node96node119_timber_t5,1.0,node96transit_node119source
M_node96node119_wide_t0,0.0,node96transit_node119source
M_node96node119_wide_t1,0.0,node96transit_node119source
M_node96node119_wide_t2,0.0,node96transit_node119source
M_node96node119_wide_t3,-0.0,node96transit_node119source
M_node96node119_wide_t4,-0.0,node96transit_node119source
M_node96node119_wide_t5,-0.0,node96transit_node119source
M_node97node98_timber_t0,0.0,node97exit_node98exit
M_node97node98_timber_t1,0.0,node97exit_node98exit
M_node97node98_timber_t2,0.0,node97exit_node98exit
M_node97node98_timber_t3,0.0,node97exit_node98exit
M_node97node98_timber_t4,0.0,node97exit_node98exit
M_node97node98_timber_t5,0.0,node97exit_node98exit
M_node97node98_wide_t0,0.0,node97exit_node98exit
M_node97node98_wide_t1,0.0,node97exit_node98exit
M_node97node98_wide_t2,0.0,node97exit_node98exit
M_node97node98_wide_t3,0.0,node97exit_node98exit
M_node97node98_wide_t4,0.0,node97exit_node98exit
M_node97node98_wide_t5,0.0,node97exit_node98exit
M_node101node102_timber_t0,0.0,node101exit_node102exit
M_node101node102_timber_t1,0.0,node101exit_node102exit
M_node101node102_timber_t2,0.0,node101exit_node102exit
M_node101node102_timber_t3,0.0,node101exit_node102exit
M_node101node102_timber_t4,0.0,node101exit_node102exit
M_node101node102_timber_t5,0.0,node101exit_node102exit
M_node101node102_wide_t0,0.0,node101exit_node102exit
M_node101node102_wide_t1,0.0,node101exit_node102exit
M_node101node102_wide_t2,0.0,node101exit_node102exit
M_node101node102_wide_t3,0.0,node101exit_node102exit
M_node101node102_wide_t4,0.0,node101exit_node102exit
M_node101node102_wide_t5,0.0,node101exit_node102exit
M_node103node104_timber_t0,0.0,node103exit_node104exit
M_node103node104_timber_t1,0.0,node103exit_node104exit
M_node103node104_timber_t2,0.0,node103exit_node104exit
M_node103node104_timber_t3,0.0,node103exit_node104exit
M_node103node104_timber_t4,0.0,node103exit_node104exit
M_node103node104_timber_t5,0.0,node103exit_node104exit
M_node103node104_wide_t0,0.0,node103exit_node104exit
M_node103node104_wide_t1,0.0,node103exit_node104exit
M_node103node104_wide_t2,0.0,node103exit_node104exit
M_node103node104_wide_t3,0.0,node103exit_node104exit
M_node103node104_wide_t4,0.0,node103exit_node104exit
M_node103node104_wide_t5,0.0,node103exit_node104exit
M_node108node109_timber_t0,0.0,node108exit_node109exit
M_node108node109_timber_t1,0.0,node108exit_node109exit
M_node108node109_timber_t2,0.0,node108exit_node109exit
M_node108node109_timber_t3,0.0,node108exit_node109exit
M_node108node109_timber_t4,0.0,node108exit_node109exit
M_node108node109_timber_t5,0.0,node108exit_node109exit
M_node108node109_wide_t0,0.0,node108exit_node109exit
M_node108node109_wide_t1,0.0,node108exit_node109exit
M_node108node109_wide_t2,0.0,node108exit_node109exit
M_node108node109_wide_t3,0.0,node108exit_node109exit
M_node108node109_wide_t4,0.0,node108exit_node109exit
M_node108node109_wide_t5,0.0,node108exit_node109exit
M_node112node113_timber_t0,0.0,node112exit_node113exit
M_node112node113_timber_t1,0.0,node112exit_node113exit
M_node112node113_timber_t2,0.0,node112exit_node113exit
M_node112node113_timber_t3,0.0,node112exit_node113exit
M_node112node113_timber_t4,0.0,node112exit_node113exit
M_node112node113_timber_t5,0.0,node112exit_node113exit
M_node112node113_wide_t0,0.0,node112exit_node113exit
M_node112node113_wide_t1,0.0,node112exit_node113exit
M_node112node113_wide_t2,0.0,node112exit_node113exit
M_node112node113_wide_t3,0.0,node112exit_node113exit
M_node112node113_wide_t4,0.0,node112exit_node113exit
M_node112node113_wide_t5,0.0,node112exit_node113exit
U_node1node79_t0,0.0,node1transit_node79transit
U_node1node79_t1,0.0,node1transit_node79transit
U_node1node79_t2,0.0,node1transit_node79transit
U_node1node79_t3,0.0,node1transit_node79transit
U_node1node79_t4,0.0,node1transit_node79transit
U_node1node79_t5,0.0,node1transit_node79transit
U_node1node62_t0,0.0,node1transit_node62transit
U_node1node62_t1,0.0,node1transit_node62transit
U_node1node62_t2,0.0,node1transit_node62transit
U_node1node62_t3,0.0,node1transit_node62transit
U_node1node62_t4,0.0,node1transit_node62transit
U_node1node62_t5,0.0,node1transit_node62transit
U_node1node14_t0,0.0,node1transit_node14transit
U_node1node14_t1,0.0,node1transit_node14transit
U_node1node14_t2,0.0,node1transit_node14transit
U_node1node14_t3,0.0,node1transit_node14transit
U_node1node14_t4,0.0,node1transit_node14transit
U_node1node14_t5,0.0,node1transit_node14transit
U_node1node119_t0,0.0,node1transit_node119source
U_node1node119_t1,0.0,node1transit_node119source
U_node1node119_t2,1.0,node1transit_node119source
U_node1node119_t3,-0.0,node1transit_node119source
U_node1node119_t4,-0.0,node1transit_node119source
U_node1node119_t5,0.0,node1transit_node119source
U_node1node144_t0,0.0,node1transit_node144source
U_node1node144_t1,0.0,node1transit_node144source
U_node1node144_t2,0.0,node1transit_node144source
U_node1node144_t3,-0.0,node1transit_node144source
U_node1node144_t4,-0.0,node1transit_node144source
U_node1node144_t5,0.0,node1transit_node144source
U_node2node83_t0,0.0,node2transit_node83transit
U_node2node83_t1,0.0,node2transit_node83transit
U_node2node83_t2,0.0,node2transit_node83transit
U_node2node83_t3,0.0,node2transit_node83transit
U_node2node83_t4,0.0,node2transit_node83transit
U_node2node83_t5,0.0,node2transit_node83transit
U_node2node26_t0,0.0,node2transit_node26transit
U_node2node26_t1,0.0,node2transit_node26transit
U_node2node26_t2,0.0,node2transit_node26transit
U_node2node26_t3,0.0,node2transit_node26transit
U_node2node26_t4,0.0,node2transit_node26transit
U_node2node26_t5,0.0,node2transit_node26transit
U_node2node99_t0,0.0,node2transit_node99exit
U_node2node99_t1,0.0,node2transit_node99exit
U_node2node99_t2,0.0,node2transit_node99exit
U_node2node99_t3,0.0,node2transit_node99exit
U_node2node99_t4,0.0,node2transit_node99exit
U_node2node99_t5,0.0,node2transit_node99exit
U_node2node119_t0,0.0,node2transit_node119source
U_node2node119_t1,0.0,node2transit_node119source
U_node2node119_t2,1.0,node2transit_node119source
U_node2node119_t3,-0.0,node2transit_node119source
U_node2node119_t4,-0.0,node2transit_node119source
U_node2node119_t5,0.0,node2transit_node119source
U_node3node87_t0,0.0,node3transit_node87transit
U_node3node87_t1,0.0,node3transit_node87transit
U_node3node87_t2,0.0,node3transit_node87transit
U_node3node87_t3,0.0,node3transit_node87transit
U_node3node87_t4,0.0,node3transit_node87transit
U_node3node87_t5,0.0,node3transit_node87transit
U_node3node71_t0,0.0,node3transit_node71transit
U_node3node71_t1,0.0,node3transit_node71transit
U_node3node71_t2,0.0,node3transit_node71transit
U_node3node71_t3,0.0,node3transit_node71transit
U_node3node71_t4,0.0,node3transit_node71transit
U_node3node71_t5,0.0,node3transit_node71transit
U_node3node13_t0,0.0,node3transit_node13transit
U_node3node13_t1,0.0,node3transit_node13transit
U_node3node13_t2,0.0,node3transit_node13transit
U_node3node13_t3,0.0,node3transit_node13transit
U_node3node13_t4,0.0,node3transit_node13transit
U_node3node13_t5,0.0,node3transit_node13transit
U_node3node119_t0,0.0,node3transit_node119source
U_node3node119_t1,0.0,node3transit_node119source
U_node3node119_t2,0.0,node3transit_node119source
U_node3node119_t3,-0.0,node3transit_node119source
U_node3node119_t4,-0.0,node3transit_node119source
U_node3node119_t5,0.0,node3transit_node119source
U_node3node122_t0,0.0,node3transit_node122source
U_node3node122_t1,0.0,node3transit_node122source
U_node3node122_t2,0.0,node3transit_node122source
U_node3node122_t3,0.0,node3transit_node122source
U_node3node122_t4,-0.0,node3transit_node122source
U_node3node122_t5,0.0,node3transit_node122source
U_node3node123_t0,0.0,node3transit_node123source
U_node3node123_t1,0.0,node3transit_node123source
U_node3node123_t2,0.0,node3transit_node123source
U_node3node123_t3,0.0,node3transit_node123source
U_node3node123_t4,-0.0,node3transit_node123source
U_node3node123_t5,1.0,node3transit_node123source
U_node4node91_t0,0.0,node4transit_node91transit
U_node4node91_t1,0.0,node4transit_node91transit
U_node4node91_t2,0.0,node4transit_node91transit
U_node4node91_t3,0.0,node4transit_node91transit
U_node4node91_t4,0.0,node4transit_node91transit
U_node4node91_t5,0.0,node4transit_node91transit
U_node4node88_t0,0.0,node4transit_node88transit
U_node4node88_t1,0.0,node4transit_node88transit
U_node4node88_t2,0.0,node4transit_node88transit
U_node4node88_t3,0.0,node4transit_node88transit
U_node4node88_t4,0.0,node4transit_node88transit
U_node4node88_t5,0.0,node4transit_node88transit
U_node4node81_t0,0.0,node4transit_node81transit
U_node4node81_t1,0.0,node4transit_node81transit
U_node4node81_t2,0.0,node4transit_node81transit
U_node4node81_t3,0.0,node4transit_node81transit
U_node4node81_t4,0.0,node4transit_node81transit
U_node4node81_t5,0.0,node4transit_node81transit
U_node4node133_t0,0.0,node4transit_node133source
U_node4node133_t1,0.0,node4transit_node133source
U_node4node133_t2,0.0,node4transit_node133source
U_node4node133_t3,1.0,node4transit_node133source
U_node4node133_t4,-0.0,node4transit_node133source
U_node4node133_t5,-0.0,node4transit_node133source
U_node4node137_t0,0.0,node4transit_node137source
U_node4node137_t1,0.0,node4transit_node137source
U_node4node137_t2,0.0,node4transit_node137source
U_node4node137_t3,1.0,node4transit_node137source
U_node4node137_t4,-0.0,node4transit_node137source
U_node4node137_t5,-0.0,node4transit_node137source
U_node5node20_t0,0.0,node5transit_node20transit
U_node5node20_t1,0.0,node5transit_node20transit
U_node5node20_t2,0.0,node5transit_node20transit
U_node5node20_t3,0.0,node5transit_node20transit
U_node5node20_t4,0.0,node5transit_node20transit
U_node5node20_t5,0.0,node5transit_node20transit
U_node5node35_t0,0.0,node5transit_node35transit
U_node5node35_t1,0.0,node5transit_node35transit
U_node5node35_t2,0.0,node5transit_node35transit
U_node5node35_t3,0.0,node5transit_node35transit
U_node5node35_t4,0.0,node5transit_node35transit
U_node5node35_t5,0.0,node5transit_node35transit
U_node5node39_t0,0.0,node5transit_node39transit
U_node5node39_t1,0.0,node5transit_node39transit
U_node5node39_t2,0.0,node5transit_node39transit
U_node5node39_t3,0.0,node5transit_node39transit
U_node5node39_t4,0.0,node5transit_node39transit
U_node5node39_t5,0.0,node5transit_node39transit
U_node5node145_t0,0.0,node5transit_node145source
U_node5node145_t1,0.0,node5transit_node145source
U_node5node145_t2,0.0,node5transit_node145source
U_node5node145_t3,-0.0,node5transit_node145source
U_node5node145_t4,-0.0,node5transit_node145source
U_node5node145_t5,0.0,node5transit_node145source
U_node6node45_t0,0.0,node6transit_node45transit
U_node6node45_t1,0.0,node6transit_node45transit
U_node6node45_t2,0.0,node6transit_node45transit
U_node6node45_t3,0.0,node6transit_node45transit
U_node6node45_t4,0.0,node6transit_node45transit
U_node6node45_t5,0.0,node6transit_node45transit
U_node6node17_t0,0.0,node6transit_node17transit
U_node6node17_t1,0.0,node6transit_node17transit
U_node6node17_t2,0.0,node6transit_node17transit
U_node6node17_t3,0.0,node6transit_node17transit
U_node6node17_t4,0.0,node6transit_node17transit
U_node6node17_t5,0.0,node6transit_node17transit
U_node6node47_t0,0.0,node6transit_node47exit
U_node6node47_t1,0.0,node6transit_node47exit
U_node6node47_t2,0.0,node6transit_node47exit
U_node6node47_t3,0.0,node6transit_node47exit
U_node6node47_t4,0.0,node6transit_node47exit
U_node6node47_t5,0.0,node6transit_node47exit
U_node6node140_t0,0.0,node6transit_node140source
U_node6node140_t1,0.0,node6transit_node140source
U_node6node140_t2,0.0,node6transit_node140source
U_node6node140_t3,-0.0,node6transit_node140source
U_node6node140_t4,-0.0,node6transit_node140source
U_node6node140_t5,-0.0,node6transit_node140source
U_node7node58_t0,0.0,node7transit_node58transit
U_node7node58_t1,0.0,node7transit_node58transit
U_node7node58_t2,0.0,node7transit_node58transit
U_node7node58_t3,0.0,node7transit_node58transit
U_node7node58_t4,0.0,node7transit_node58transit
U_node7node58_t5,0.0,node7transit_node58transit
U_node7node115_t0,0.0,node7transit_node115exit
U_node7node115_t1,0.0,node7transit_node115exit
U_node7node115_t2,0.0,node7transit_node115exit
U_node7node115_t3,0.0,node7transit_node115exit
U_node7node115_t4,0.0,node7transit_node115exit
U_node7node115_t5,0.0,node7transit_node115exit
U_node7node94_t0,0.0,node7transit_node94transit
U_node7node94_t1,0.0,node7transit_node94transit
U_node7node94_t2,0.0,node7transit_node94transit
U_node7node94_t3,0.0,node7transit_node94transit
U_node7node94_t4,0.0,node7transit_node94transit
U_node7node94_t5,0.0,node7transit_node94transit
U_node8node77_t0,0.0,node8transit_node77transit
U_node8node77_t1,0.0,node8transit_node77transit
U_node8node77_t2,0.0,node8transit_node77transit
U_node8node77_t3,0.0,node8transit_node77transit
U_node8node77_t4,0.0,node8transit_node77transit
U_node8node77_t5,0.0,node8transit_node77transit
U_node8node18_t0,0.0,node8transit_node18transit
U_node8node18_t1,0.0,node8transit_node18transit
U_node8node18_t2,0.0,node8transit_node18transit
U_node8node18_t3,0.0,node8transit_node18transit
U_node8node18_t4,0.0,node8transit_node18transit
U_node8node18_t5,0.0,node8transit_node18transit
U_node8node44_t0,0.0,node8transit_node44transit
U_node8node44_t1,0.0,node8transit_node44transit
U_node8node44_t2,0.0,node8transit_node44transit
U_node8node44_t3,0.0,node8transit_node44transit
U_node8node44_t4,0.0,node8transit_node44transit
U_node8node44_t5,0.0,node8transit_node44transit
U_node8node17_t0,0.0,node8transit_node17transit
U_node8node17_t1,0.0,node8transit_node17transit
U_node8node17_t2,0.0,node8transit_node17transit
U_node8node17_t3,0.0,node8transit_node17transit
U_node8node17_t4,0.0,node8transit_node17transit
U_node8node17_t5,0.0,node8transit_node17transit
U_node8node132_t0,0.0,node8transit_node132source
U_node8node132_t1,0.0,node8transit_node132source
U_node8node132_t2,0.0,node8transit_node132source
U_node8node132_t3,-0.0,node8transit_node132source
U_node8node132_t4,-0.0,node8transit_node132source
U_node8node132_t5,0.0,node8transit_node132source
U_node8node139_t0,0.0,node8transit_node139source
U_node8node139_t1,0.0,node8transit_node139source
U_node8node139_t2,0.0,node8transit_node139source
U_node8node139_t3,-0.0,node8transit_node139source
U_node8node139_t4,1.0,node8transit_node139source
U_node8node139_t5,-0.0,node8transit_node139source
U_node8node140_t0,0.0,node8transit_node140source
U_node8node140_t1,0.0,node8transit_node140source
U_node8node140_t2,0.0,node8transit_node140source
U_node8node140_t3,-0.0,node8transit_node140source
U_node8node140_t4,-0.0,node8transit_node140source
U_node8node140_t5,0.0,node8transit_node140source
U_node8node141_t0,0.0,node8transit_node141source
U_node8node141_t1,0.0,node8transit_node141source
U_node8node141_t2,0.0,node8transit_node141source
U_node8node141_t3,-0.0,node8transit_node141source
U_node8node141_t4,-0.0,node8transit_node141source
U_node8node141_t5,0.0,node8transit_node141source
U_node9node75_t0,0.0,node9exit_node75transit
U_node9node75_t1,0.0,node9exit_node75transit
U_node9node75_t2,0.0,node9exit_node75transit
U_node9node75_t3,0.0,node9exit_node75transit
U_node9node75_t4,0.0,node9exit_node75transit
U_node9node75_t5,0.0,node9exit_node75transit
U_node9node54_t0,0.0,node9exit_node54transit
U_node9node54_t1,0.0,node9exit_node54transit
U_node9node54_t2,0.0,node9exit_node54transit
U_node9node54_t3,0.0,node9exit_node54transit
U_node9node54_t4,0.0,node9exit_node54transit
U_node9node54_t5,0.0,node9exit_node54transit
U_node10node34_t0,0.0,node10transit_node34transit
U_node10node34_t1,0.0,node10transit_node34transit
U_node10node34_t2,0.0,node10transit_node34transit
U_node10node34_t3,0.0,node10transit_node34transit
U_node10node34_t4,0.0,node10transit_node34transit
U_node10node34_t5,0.0,node10transit_node34transit
U_node10node57_t0,0.0,node10transit_node57transit
U_node10node57_t1,0.0,node10transit_node57transit
U_node10node57_t2,0.0,node10transit_node57transit
U_node10node57_t3,0.0,node10transit_node57transit
U_node10node57_t4,0.0,node10transit_node57transit
U_node10node57_t5,0.0,node10transit_node57transit
U_node10node36_t0,0.0,node10transit_node36transit
U_node10node36_t1,0.0,node10transit_node36transit
U_node10node36_t2,0.0,node10transit_node36transit
U_node10node36_t3,0.0,node10transit_node36transit
U_node10node36_t4,0.0,node10transit_node36transit
U_node10node36_t5,0.0,node10transit_node36transit
U_node10node129_t0,0.0,node10transit_node129source
U_node10node129_t1,0.0,node10transit_node129source
U_node10node129_t2,0.0,node10transit_node129source
U_node10node129_t3,1.0,node10transit_node129source
U_node10node129_t4,-0.0,node10transit_node129source
U_node10node129_t5,0.0,node10transit_node129source
U_node10node138_t0,0.0,node10transit_node138source
U_node10node138_t1,0.0,node10transit_node138source
U_node10node138_t2,0.0,node10transit_node138source
U_node10node138_t3,0.0,node10transit_node138source
U_node10node138_t4,-0.0,node10transit_node138source
U_node10node138_t5,1.0,node10transit_node138source
U_node10node142_t0,0.0,node10transit_node142source
U_node10node142_t1,0.0,node10transit_node142source
U_node10node142_t2,0.0,node10transit_node142source
U_node10node142_t3,-0.0,node10transit_node142source
U_node10node142_t4,-0.0,node10transit_node142source
U_node10node142_t5,0.0,node10transit_node142source
U_node11node89_t0,0.0,node11transit_node89transit
U_node11node89_t1,0.0,node11transit_node89transit
U_node11node89_t2,0.0,node11transit_node89transit
U_node11node89_t3,0.0,node11transit_node89transit
U_node11node89_t4,0.0,node11transit_node89transit
U_node11node89_t5,0.0,node11transit_node89transit
U_node11node15_t0,0.0,node11transit_node15transit
U_node11node15_t1,0.0,node11transit_node15transit
U_node11node15_t2,0.0,node11transit_node15transit
U_node11node15_t3,0.0,node11transit_node15transit
U_node11node15_t4,0.0,node11transit_node15transit
U_node11node15_t5,0.0,node11transit_node15transit
U_node11node48_t0,0.0,node11transit_node48exit
U_node11node48_t1,0.0,node11transit_node48exit
U_node11node48_t2,0.0,node11transit_node48exit
U_node11node48_t3,0.0,node11transit_node48exit
U_node11node48_t4,0.0,node11transit_node48exit
U_node11node48_t5,0.0,node11transit_node48exit
U_node11node143_t0,0.0,node11transit_node143source
U_node11node143_t1,0.0,node11transit_node143source
U_node11node143_t2,0.0,node11transit_node143source
U_node11node143_t3,-0.0,node11transit_node143source
U_node11node143_t4,-0.0,node11transit_node143source
U_node11node143_t5,0.0,node11transit_node143source
U_node12node64_t0,0.0,node12transit_node64transit
U_node12node64_t1,0.0,node12transit_node64transit
U_node12node64_t2,0.0,node12transit_node64transit
U_node12node64_t3,0.0,node12transit_node64transit
U_node12node64_t4,0.0,node12transit_node64transit
U_node12node64_t5,0.0,node12transit_node64transit
U_node12node36_t0,0.0,node12transit_node36transit
U_node12node36_t1,0.0,node12transit_node36transit
U_node12node36_t2,0.0,node12transit_node36transit
U_node12node36_t3,0.0,node12transit_node36transit
U_node12node36_t4,0.0,node12transit_node36transit
U_node12node36_t5,0.0,node12transit_node36transit
U_node12node44_t0,0.0,node12transit_node44transit
U_node12node44_t1,0.0,node12transit_node44transit
U_node12node44_t2,0.0,node12transit_node44transit
U_node12node44_t3,0.0,node12transit_node44transit
U_node12node44_t4,0.0,node12transit_node44transit
U_node12node44_t5,0.0,node12transit_node44transit
U_node12node138_t0,0.0,node12transit_node138source
U_node12node138_t1,0.0,node12transit_node138source
U_node12node138_t2,0.0,node12transit_node138source
U_node12node138_t3,-0.0,node12transit_node138source
U_node12node138_t4,-0.0,node12transit_node138source
U_node12node138_t5,1.0,node12transit_node138source
U_node12node139_t0,0.0,node12transit_node139source
U_node12node139_t1,0.0,node12transit_node139source
U_node12node139_t2,0.0,node12transit_node139source
U_node12node139_t3,1.0,node12transit_node139source
U_node12node139_t4,-0.0,node12transit_node139source
U_node12node139_t5,-0.0,node12transit_node139source
U_node13node71_t0,0.0,node13transit_node71transit
U_node13node71_t1,0.0,node13transit_node71transit
U_node13node71_t2,0.0,node13transit_node71transit
U_node13node71_t3,0.0,node13transit_node71transit
U_node13node71_t4,0.0,node13transit_node71transit
U_node13node71_t5,0.0,node13transit_node71transit
U_node13node22_t0,0.0,node13transit_node22transit
U_node13node22_t1,0.0,node13transit_node22transit
U_node13node22_t2,0.0,node13transit_node22transit
U_node13node22_t3,0.0,node13transit_node22transit
U_node13node22_t4,0.0,node13transit_node22transit
U_node13node22_t5,0.0,node13transit_node22transit
U_node13node122_t0,0.0,node13transit_node122source
U_node13node122_t1,0.0,node13transit_node122source
U_node13node122_t2,0.0,node13transit_node122source
U_node13node122_t3,-0.0,node13transit_node122source
U_node13node122_t4,1.0,node13transit_node122source
U_node13node122_t5,0.0,node13transit_node122source
U_node13node123_t0,0.0,node13transit_node123source
U_node13node123_t1,0.0,node13transit_node123source
U_node13node123_t2,0.0,node13transit_node123source
U_node13node123_t3,0.0,node13transit_node123source
U_node13node123_t4,-0.0,node13transit_node123source
U_node13node123_t5,0.0,node13transit_node123source
U_node14node79_t0,0.0,node14transit_node79transit
U_node14node79_t1,0.0,node14transit_node79transit
U_node14node79_t2,0.0,node14transit_node79transit
U_node14node79_t3,0.0,node14transit_node79transit
U_node14node79_t4,0.0,node14transit_node79transit
U_node14node79_t5,0.0,node14transit_node79transit
U_node14node144_t0,0.0,node14transit_node144source
U_node14node144_t1,0.0,node14transit_node144source
U_node14node144_t2,0.0,node14transit_node144source
U_node14node144_t3,1.0,node14transit_node144source
U_node14node144_t4,-0.0,node14transit_node144source
U_node14node144_t5,-0.0,node14transit_node144source
U_node15node58_t0,0.0,node15transit_node58transit
U_node15node58_t1,0.0,node15transit_node58transit
U_node15node58_t2,0.0,node15transit_node58transit
U_node15node58_t3,0.0,node15transit_node58transit
U_node15node58_t4,0.0,node15transit_node58transit
U_node15node58_t5,0.0,node15transit_node58transit
U_node15node94_t0,0.0,node15transit_node94transit
U_node15node94_t1,0.0,node15transit_node94transit
U_node15node94_t2,0.0,node15transit_node94transit
U_node15node94_t3,0.0,node15transit_node94transit
U_node15node94_t4,0.0,node15transit_node94transit
U_node15node94_t5,0.0,node15transit_node94transit
U_node15node143_t0,0.0,node15transit_node143source
U_node15node143_t1,0.0,node15transit_node143source
U_node15node143_t2,0.0,node15transit_node143source
U_node15node143_t3,-0.0,node15transit_node143source
U_node15node143_t4,1.0,node15transit_node143source
U_node15node143_t5,0.0,node15transit_node143source
U_node16node60_t0,0.0,node16transit_node60transit
U_node16node60_t1,0.0,node16transit_node60transit
U_node16node60_t2,0.0,node16transit_node60transit
U_node16node60_t3,0.0,node16transit_node60transit
U_node16node60_t4,0.0,node16transit_node60transit
U_node16node60_t5,0.0,node16transit_node60transit
U_node16node86_t0,0.0,node16transit_node86transit
U_node16node86_t1,0.0,node16transit_node86transit
U_node16node86_t2,0.0,node16transit_node86transit
U_node16node86_t3,0.0,node16transit_node86transit
U_node16node86_t4,0.0,node16transit_node86transit
U_node16node86_t5,0.0,node16transit_node86transit
U_node16node31_t0,0.0,node16transit_node31transit
U_node16node31_t1,0.0,node16transit_node31transit
U_node16node31_t2,0.0,node16transit_node31transit
U_node16node31_t3,0.0,node16transit_node31transit
U_node16node31_t4,0.0,node16transit_node31transit
U_node16node31_t5,0.0,node16transit_node31transit
U_node16node118_t0,0.0,node16transit_node118source
U_node16node118_t1,0.0,node16transit_node118source
U_node16node118_t2,0.0,node16transit_node118source
U_node16node118_t3,0.0,node16transit_node118source
U_node16node118_t4,-0.0,node16transit_node118source
U_node16node118_t5,0.0,node16transit_node118source
U_node17node73_t0,0.0,node17transit_node73transit
U_node17node73_t1,0.0,node17transit_node73transit
U_node17node73_t2,0.0,node17transit_node73transit
U_node17node73_t3,0.0,node17transit_node73transit
U_node17node73_t4,0.0,node17transit_node73transit
U_node17node73_t5,0.0,node17transit_node73transit
U_node17node140_t0,0.0,node17transit_node140source
U_node17node140_t1,0.0,node17transit_node140source
U_node17node140_t2,0.0,node17transit_node140source
U_node17node140_t3,-0.0,node17transit_node140source
U_node17node140_t4,-0.0,node17transit_node140source
U_node17node140_t5,-0.0,node17transit_node140source
U_node17node141_t0,0.0,node17transit_node141source
U_node17node141_t1,0.0,node17transit_node141source
U_node17node141_t2,0.0,node17transit_node141source
U_node17node141_t3,-0.0,node17transit_node141source
U_node17node141_t4,-0.0,node17transit_node141source
U_node17node141_t5,1.0,node17transit_node141source
U_node18node19_t0,0.0,node18transit_node19transit
U_node18node19_t1,0.0,node18transit_node19transit
U_node18node19_t2,0.0,node18transit_node19transit
U_node18node19_t3,0.0,node18transit_node19transit
U_node18node19_t4,0.0,node18transit_node19transit
U_node18node19_t5,0.0,node18transit_node19transit
U_node18node38_t0,0.0,node18transit_node38transit
U_node18node38_t1,0.0,node18transit_node38transit
U_node18node38_t2,0.0,node18transit_node38transit
U_node18node38_t3,0.0,node18transit_node38transit
U_node18node38_t4,0.0,node18transit_node38transit
U_node18node38_t5,0.0,node18transit_node38transit
U_node18node131_t0,0.0,node18transit_node131source
U_node18node131_t1,0.0,node18transit_node131source
U_node18node131_t2,0.0,node18transit_node131source
U_node18node131_t3,-0.0,node18transit_node131source
U_node18node131_t4,-0.0,node18transit_node131source
U_node18node131_t5,0.0,node18transit_node131source
U_node18node132_t0,0.0,node18transit_node132source
U_node18node132_t1,0.0,node18transit_node132source
U_node18node132_t2,0.0,node18transit_node132source
U_node18node132_t3,-0.0,node18transit_node132source
U_node18node132_t4,-0.0,node18transit_node132source
U_node18node132_t5,0.0,node18transit_node132source
U_node18node139_t0,0.0,node18transit_node139source
U_node18node139_t1,0.0,node18transit_node139source
U_node18node139_t2,0.0,node18transit_node139source
U_node18node139_t3,-0.0,node18transit_node139source
U_node18node139_t4,-0.0,node18transit_node139source
U_node18node139_t5,-0.0,node18transit_node139source
U_node19node50_t0,0.0,node19transit_node50transit
U_node19node50_t1,0.0,node19transit_node50transit
U_node19node50_t2,0.0,node19transit_node50transit
U_node19node50_t3,0.0,node19transit_node50transit
U_node19node50_t4,0.0,node19transit_node50transit
U_node19node50_t5,0.0,node19transit_node50transit
U_node19node38_t0,0.0,node19transit_node38transit
U_node19node38_t1,0.0,node19transit_node38transit
U_node19node38_t2,0.0,node19transit_node38transit
U_node19node38_t3,0.0,node19transit_node38transit
U_node19node38_t4,0.0,node19transit_node38transit
U_node19node38_t5,0.0,node19transit_node38transit
U_node19node130_t0,0.0,node19transit_node130source
U_node19node130_t1,0.0,node19transit_node130source
U_node19node130_t2,0.0,node19transit_node130source
U_node19node130_t3,-0.0,node19transit_node130source
U_node19node130_t4,1.0,node19transit_node130source
U_node19node130_t5,0.0,node19transit_node130source
U_node19node131_t0,0.0,node19transit_node131source
U_node19node131_t1,0.0,node19transit_node131source
U_node19node131_t2,0.0,node19transit_node131source
U_node19node131_t3,0.0,node19transit_node131source
U_node19node131_t4,-0.0,node19transit_node131source
U_node19node131_t5,1.0,node19transit_node131source
U_node19node132_t0,0.0,node19transit_node132source
U_node19node132_t1,0.0,node19transit_node132source
U_node19node132_t2,0.0,node19transit_node132source
U_node19node132_t3,-0.0,node19transit_node132source
U_node19node132_t4,-0.0,node19transit_node132source
U_node19node132_t5,0.0,node19transit_node132source
U_node20node39_t0,0.0,node20transit_node39transit
U_node20node39_t1,0.0,node20transit_node39transit
U_node20node39_t2,0.0,node20transit_node39transit
U_node20node39_t3,0.0,node20transit_node39transit
U_node20node39_t4,0.0,node20transit_node39transit
U_node20node39_t5,0.0,node20transit_node39transit
U_node20node42_t0,0.0,node20transit_node42transit
U_node20node42_t1,0.0,node20transit_node42transit
U_node20node42_t2,0.0,node20transit_node42transit
U_node20node42_t3,0.0,node20transit_node42transit
U_node20node42_t4,0.0,node20transit_node42transit
U_node20node42_t5,0.0,node20transit_node42transit
U_node20node145_t0,0.0,node20transit_node145source
U_node20node145_t1,0.0,node20transit_node145source
U_node20node145_t2,0.0,node20transit_node145source
U_node20node145_t3,-0.0,node20transit_node145source
U_node20node145_t4,-0.0,node20transit_node145source
U_node20node145_t5,1.0,node20transit_node145source
U_node21node29_t0,0.0,node21transit_node29transit
U_node21node29_t1,0.0,node21transit_node29transit
U_node21node29_t2,0.0,node21transit_node29transit
U_node21node29_t3,0.0,node21transit_node29transit
U_node21node29_t4,0.0,node21transit_node29transit
U_node21node29_t5,0.0,node21transit_node29transit
U_node21node90_t0,0.0,node21transit_node90transit
U_node21node90_t1,0.0,node21transit_node90transit
U_node21node90_t2,0.0,node21transit_node90transit
U_node21node90_t3,0.0,node21transit_node90transit
U_node21node90_t4,0.0,node21transit_node90transit
U_node21node90_t5,0.0,node21transit_node90transit
U_node21node82_t0,0.0,node21transit_node82transit
U_node21node82_t1,0.0,node21transit_node82transit
U_node21node82_t2,0.0,node21transit_node82transit
U_node21node82_t3,0.0,node21transit_node82transit
U_node21node82_t4,0.0,node21transit_node82transit
U_node21node82_t5,0.0,node21transit_node82transit
U_node21node127_t0,0.0,node21transit_node127source
U_node21node127_t1,0.0,node21transit_node127source
U_node21node127_t2,0.0,node21transit_node127source
U_node21node127_t3,0.0,node21transit_node127source
U_node21node127_t4,1.0,node21transit_node127source
U_node21node127_t5,-0.0,node21transit_node127source
U_node22node87_t0,0.0,node22transit_node87transit
U_node22node87_t1,0.0,node22transit_node87transit
U_node22node87_t2,0.0,node22transit_node87transit
U_node22node87_t3,0.0,node22transit_node87transit
U_node22node87_t4,0.0,node22transit_node87transit
U_node22node87_t5,0.0,node22transit_node87transit
U_node22node55_t0,0.0,node22transit_node55transit
U_node22node55_t1,0.0,node22transit_node55transit
U_node22node55_t2,0.0,node22transit_node55transit
U_node22node55_t3,0.0,node22transit_node55transit
U_node22node55_t4,0.0,node22transit_node55transit
U_node22node55_t5,0.0,node22transit_node55transit
U_node22node121_t0,0.0,node22transit_node121source
U_node22node121_t1,0.0,node22transit_node121source
U_node22node121_t2,0.0,node22transit_node121source
U_node22node121_t3,-0.0,node22transit_node121source
U_node22node121_t4,1.0,node22transit_node121source
U_node22node121_t5,-0.0,node22transit_node121source
U_node22node123_t0,0.0,node22transit_node123source
U_node22node123_t1,0.0,node22transit_node123source
U_node22node123_t2,0.0,node22transit_node123source
U_node22node123_t3,0.0,node22transit_node123source
U_node22node123_t4,-0.0,node22transit_node123source
U_node22node123_t5,0.0,node22transit_node123source
U_node23node84_t0,0.0,node23exit_node84exit
U_node23node84_t1,0.0,node23exit_node84exit
U_node23node84_t2,0.0,node23exit_node84exit
U_node23node84_t3,0.0,node23exit_node84exit
U_node23node84_t4,0.0,node23exit_node84exit
U_node23node84_t5,0.0,node23exit_node84exit
U_node23node46_t0,0.0,node23exit_node46transit
U_node23node46_t1,0.0,node23exit_node46transit
U_node23node46_t2,0.0,node23exit_node46transit
U_node23node46_t3,0.0,node23exit_node46transit
U_node23node46_t4,0.0,node23exit_node46transit
U_node23node46_t5,0.0,node23exit_node46transit
U_node24node55_t0,0.0,node24transit_node55transit
U_node24node55_t1,0.0,node24transit_node55transit
U_node24node55_t2,0.0,node24transit_node55transit
U_node24node55_t3,0.0,node24transit_node55transit
U_node24node55_t4,0.0,node24transit_node55transit
U_node24node55_t5,0.0,node24transit_node55transit
U_node24node31_t0,0.0,node24transit_node31transit
U_node24node31_t1,0.0,node24transit_node31transit
U_node24node31_t2,0.0,node24transit_node31transit
U_node24node31_t3,0.0,node24transit_node31transit
U_node24node31_t4,0.0,node24transit_node31transit
U_node24node31_t5,0.0,node24transit_node31transit
U_node24node61_t0,0.0,node24transit_node61transit
U_node24node61_t1,0.0,node24transit_node61transit
U_node24node61_t2,0.0,node24transit_node61transit
U_node24node61_t3,0.0,node24transit_node61transit
U_node24node61_t4,0.0,node24transit_node61transit
U_node24node61_t5,0.0,node24transit_node61transit
U_node24node118_t0,0.0,node24transit_node118source
U_node24node118_t1,0.0,node24transit_node118source
U_node24node118_t2,0.0,node24transit_node118source
U_node24node118_t3,0.0,node24transit_node118source
U_node24node118_t4,-0.0,node24transit_node118source
U_node24node118_t5,1.0,node24transit_node118source
U_node24node119_t0,0.0,node24transit_node119source
U_node24node119_t1,0.0,node24transit_node119source
U_node24node119_t2,0.0,node24transit_node119source
U_node24node119_t3,-0.0,node24transit_node119source
U_node24node119_t4,-0.0,node24transit_node119source
U_node24node119_t5,0.0,node24transit_node119source
U_node25node67_t0,0.0,node25transit_node67exit
U_node25node67_t1,0.0,node25transit_node67exit
U_node25node67_t2,0.0,node25transit_node67exit
U_node25node67_t3,0.0,node25transit_node67exit
U_node25node67_t4,0.0,node25transit_node67exit
U_node25node67_t5,0.0,node25transit_node67exit
U_node25node117_t0,0.0,node25transit_node117exit
U_node25node117_t1,0.0,node25transit_node117exit
U_node25node117_t2,0.0,node25transit_node117exit
U_node25node117_t3,0.0,node25transit_node117exit
U_node25node117_t4,0.0,node25transit_node117exit
U_node25node117_t5,0.0,node25transit_node117exit
U_node25node116_t0,0.0,node25transit_node116exit
U_node25node116_t1,0.0,node25transit_node116exit
U_node25node116_t2,0.0,node25transit_node116exit
U_node25node116_t3,0.0,node25transit_node116exit
U_node25node116_t4,0.0,node25transit_node116exit
U_node25node116_t5,0.0,node25transit_node116exit
U_node26node71_t0,0.0,node26transit_node71transit
U_node26node71_t1,0.0,node26transit_node71transit
U_node26node71_t2,0.0,node26transit_node71transit
U_node26node71_t3,0.0,node26transit_node71transit
U_node26node71_t4,0.0,node26transit_node71transit
U_node26node71_t5,0.0,node26transit_node71transit
U_node26node113_t0,0.0,node26transit_node113exit
U_node26node113_t1,0.0,node26transit_node113exit
U_node26node113_t2,0.0,node26transit_node113exit
U_node26node113_t3,0.0,node26transit_node113exit
U_node26node113_t4,0.0,node26transit_node113exit
U_node26node113_t5,0.0,node26transit_node113exit
U_node26node119_t0,0.0,node26transit_node119source
U_node26node119_t1,0.0,node26transit_node119source
U_node26node119_t2,0.0,node26transit_node119source
U_node26node119_t3,-0.0,node26transit_node119source
U_node26node119_t4,-0.0,node26transit_node119source
U_node26node119_t5,0.0,node26transit_node119source
U_node27node110_t0,0.0,node27transit_node110exit
U_node27node110_t1,0.0,node27transit_node110exit
U_node27node110_t2,0.0,node27transit_node110exit
U_node27node110_t3,0.0,node27transit_node110exit
U_node27node110_t4,0.0,node27transit_node110exit
U_node27node110_t5,0.0,node27transit_node110exit
U_node27node115_t0,0.0,node27transit_node115exit
U_node27node115_t1,0.0,node27transit_node115exit
U_node27node115_t2,0.0,node27transit_node115exit
U_node27node115_t3,0.0,node27transit_node115exit
U_node27node115_t4,0.0,node27transit_node115exit
U_node27node115_t5,0.0,node27transit_node115exit
U_node27node111_t0,0.0,node27transit_node111exit
U_node27node111_t1,0.0,node27transit_node111exit
U_node27node111_t2,0.0,node27transit_node111exit
U_node27node111_t3,0.0,node27transit_node111exit
U_node27node111_t4,0.0,node27transit_node111exit
U_node27node111_t5,0.0,node27transit_node111exit
U_node28node30_t0,0.0,node28transit_node30transit
U_node28node30_t1,0.0,node28transit_node30transit
U_node28node30_t2,0.0,node28transit_node30transit
U_node28node30_t3,0.0,node28transit_node30transit
U_node28node30_t4,0.0,node28transit_node30transit
U_node28node30_t5,0.0,node28transit_node30transit
U_node28node68_t0,0.0,node28transit_node68transit
U_node28node68_t1,0.0,node28transit_node68transit
U_node28node68_t2,0.0,node28transit_node68transit
U_node28node68_t3,0.0,node28transit_node68transit
U_node28node68_t4,0.0,node28transit_node68transit
U_node28node68_t5,0.0,node28transit_node68transit
U_node28node59_t0,0.0,node28transit_node59transit
U_node28node59_t1,0.0,node28transit_node59transit
U_node28node59_t2,0.0,node28transit_node59transit
U_node28node59_t3,0.0,node28transit_node59transit
U_node28node59_t4,0.0,node28transit_node59transit
U_node28node59_t5,0.0,node28transit_node59transit
U_node28node134_t0,0.0,node28transit_node134source
U_node28node134_t1,0.0,node28transit_node134source
U_node28node134_t2,0.0,node28transit_node134source
U_node28node134_t3,-0.0,node28transit_node134source
U_node28node134_t4,-0.0,node28transit_node134source
U_node28node134_t5,0.0,node28transit_node134source
U_node29node88_t0,0.0,node29transit_node88transit
U_node29node88_t1,0.0,node29transit_node88transit
U_node29node88_t2,0.0,node29transit_node88transit
U_node29node88_t3,0.0,node29transit_node88transit
U_node29node88_t4,0.0,node29transit_node88transit
U_node29node88_t5,0.0,node29transit_node88transit
U_node29node90_t0,0.0,node29transit_node90transit
U_node29node90_t1,0.0,node29transit_node90transit
U_node29node90_t2,0.0,node29transit_node90transit
U_node29node90_t3,0.0,node29transit_node90transit
U_node29node90_t4,0.0,node29transit_node90transit
U_node29node90_t5,0.0,node29transit_node90transit
U_node29node127_t0,0.0,node29transit_node127source
U_node29node127_t1,0.0,node29transit_node127source
U_node29node127_t2,0.0,node29transit_node127source
U_node29node127_t3,-0.0,node29transit_node127source
U_node29node127_t4,-0.0,node29transit_node127source
U_node29node127_t5,0.0,node29transit_node127source
U_node29node134_t0,0.0,node29transit_node134source
U_node29node134_t1,0.0,node29transit_node134source
U_node29node134_t2,0.0,node29transit_node134source
U_node29node134_t3,-0.0,node29transit_node134source
U_node29node134_t4,-0.0,node29transit_node134source
U_node29node134_t5,1.0,node29transit_node134source
U_node30node90_t0,0.0,node30transit_node90transit
U_node30node90_t1,0.0,node30transit_node90transit
U_node30node90_t2,0.0,node30transit_node90transit
U_node30node90_t3,0.0,node30transit_node90transit
U_node30node90_t4,0.0,node30transit_node90transit
U_node30node90_t5,0.0,node30transit_node90transit
U_node30node43_t0,0.0,node30transit_node43transit
U_node30node43_t1,0.0,node30transit_node43transit
U_node30node43_t2,0.0,node30transit_node43transit
U_node30node43_t3,0.0,node30transit_node43transit
U_node30node43_t4,0.0,node30transit_node43transit
U_node30node43_t5,0.0,node30transit_node43transit
U_node30node134_t0,0.0,node30transit_node134source
U_node30node134_t1,0.0,node30transit_node134source
U_node30node134_t2,0.0,node30transit_node134source
U_node30node134_t3,-0.0,node30transit_node134source
U_node30node134_t4,-0.0,node30transit_node134source
U_node30node134_t5,0.0,node30transit_node134source
U_node30node135_t0,0.0,node30transit_node135source
U_node30node135_t1,0.0,node30transit_node135source
U_node30node135_t2,0.0,node30transit_node135source
U_node30node135_t3,1.0,node30transit_node135source
U_node30node135_t4,-0.0,node30transit_node135source
U_node30node135_t5,0.0,node30transit_node135source
U_node31node49_t0,0.0,node31transit_node49exit
U_node31node49_t1,0.0,node31transit_node49exit
U_node31node49_t2,0.0,node31transit_node49exit
U_node31node49_t3,0.0,node31transit_node49exit
U_node31node49_t4,0.0,node31transit_node49exit
U_node31node49_t5,0.0,node31transit_node49exit
U_node31node118_t0,0.0,node31transit_node118source
U_node31node118_t1,0.0,node31transit_node118source
U_node31node118_t2,0.0,node31transit_node118source
U_node31node118_t3,-0.0,node31transit_node118source
U_node31node118_t4,-0.0,node31transit_node118source
U_node31node118_t5,-0.0,node31transit_node118source
U_node32node70_t0,0.0,node32transit_node70transit
U_node32node70_t1,0.0,node32transit_node70transit
U_node32node70_t2,0.0,node32transit_node70transit
U_node32node70_t3,0.0,node32transit_node70transit
U_node32node70_t4,0.0,node32transit_node70transit
U_node32node70_t5,0.0,node32transit_node70transit
U_node32node85_t0,0.0,node32transit_node85transit
U_node32node85_t1,0.0,node32transit_node85transit
U_node32node85_t2,0.0,node32transit_node85transit
U_node32node85_t3,0.0,node32transit_node85transit
U_node32node85_t4,0.0,node32transit_node85transit
U_node32node85_t5,0.0,node32transit_node85transit
U_node32node41_t0,0.0,node32transit_node41transit
U_node32node41_t1,0.0,node32transit_node41transit
U_node32node41_t2,0.0,node32transit_node41transit
U_node32node41_t3,0.0,node32transit_node41transit
U_node32node41_t4,0.0,node32transit_node41transit
U_node32node41_t5,0.0,node32transit_node41transit
U_node32node136_t0,0.0,node32transit_node136source
U_node32node136_t1,0.0,node32transit_node136source
U_node32node136_t2,0.0,node32transit_node136source
U_node32node136_t3,-0.0,node32transit_node136source
U_node32node136_t4,1.0,node32transit_node136source
U_node32node136_t5,0.0,node32transit_node136source
U_node33node81_t0,0.0,node33transit_node81transit
U_node33node81_t1,0.0,node33transit_node81transit
U_node33node81_t2,0.0,node33transit_node81transit
U_node33node81_t3,0.0,node33transit_node81transit
U_node33node81_t4,0.0,node33transit_node81transit
U_node33node81_t5,0.0,node33transit_node81transit
U_node33node63_t0,0.0,node33transit_node63transit
U_node33node63_t1,0.0,node33transit_node63transit
U_node33node63_t2,0.0,node33transit_node63transit
U_node33node63_t3,0.0,node33transit_node63transit
U_node33node63_t4,0.0,node33transit_node63transit
U_node33node63_t5,0.0,node33transit_node63transit
U_node33node84_t0,0.0,node33transit_node84exit
U_node33node84_t1,0.0,node33transit_node84exit
U_node33node84_t2,0.0,node33transit_node84exit
U_node33node84_t3,0.0,node33transit_node84exit
U_node33node84_t4,0.0,node33transit_node84exit
U_node33node84_t5,0.0,node33transit_node84exit
U_node33node137_t0,0.0,node33transit_node137source
U_node33node137_t1,0.0,node33transit_node137source
U_node33node137_t2,0.0,node33transit_node137source
U_node33node137_t3,-0.0,node33transit_node137source
U_node33node137_t4,-0.0,node33transit_node137source
U_node33node137_t5,-0.0,node33transit_node137source
U_node34node56_t0,0.0,node34transit_node56transit
U_node34node56_t1,0.0,node34transit_node56transit
U_node34node56_t2,0.0,node34transit_node56transit
U_node34node56_t3,0.0,node34transit_node56transit
U_node34node56_t4,0.0,node34transit_node56transit
U_node34node56_t5,0.0,node34transit_node56transit
U_node34node37_t0,0.0,node34transit_node37transit
U_node34node37_t1,0.0,node34transit_node37transit
U_node34node37_t2,0.0,node34transit_node37transit
U_node34node37_t3,0.0,node34transit_node37transit
U_node34node37_t4,0.0,node34transit_node37transit
U_node34node37_t5,0.0,node34transit_node37transit
U_node34node126_t0,0.0,node34transit_node126source
U_node34node126_t1,0.0,node34transit_node126source
U_node34node126_t2,0.0,node34transit_node126source
U_node34node126_t3,-0.0,node34transit_node126source
U_node34node126_t4,-0.0,node34transit_node126source
U_node34node126_t5,0.0,node34transit_node126source
U_node34node129_t0,0.0,node34transit_node129source
U_node34node129_t1,0.0,node34transit_node129source
U_node34node129_t2,0.0,node34transit_node129source
U_node34node129_t3,-0.0,node34transit_node129source
U_node34node129_t4,1.0,node34transit_node129source
U_node34node129_t5,-0.0,node34transit_node129source
U_node34node142_t0,0.0,node34transit_node142source
U_node34node142_t1,0.0,node34transit_node142source
U_node34node142_t2,0.0,node34transit_node142source
U_node34node142_t3,1.0,node34transit_node142source
U_node34node142_t4,-0.0,node34transit_node142source
U_node34node142_t5,0.0,node34transit_node142source
U_node35node111_t0,0.0,node35transit_node111exit
U_node35node111_t1,0.0,node35transit_node111exit
U_node35node111_t2,0.0,node35transit_node111exit
U_node35node111_t3,0.0,node35transit_node111exit
U_node35node111_t4,0.0,node35transit_node111exit
U_node35node111_t5,0.0,node35transit_node111exit
U_node35node96_t0,0.0,node35transit_node96transit
U_node35node96_t1,0.0,node35transit_node96transit
U_node35node96_t2,0.0,node35transit_node96transit
U_node35node96_t3,0.0,node35transit_node96transit
U_node35node96_t4,0.0,node35transit_node96transit
U_node35node96_t5,0.0,node35transit_node96transit
U_node36node52_t0,0.0,node36transit_node52transit
U_node36node52_t1,0.0,node36transit_node52transit
U_node36node52_t2,0.0,node36transit_node52transit
U_node36node52_t3,0.0,node36transit_node52transit
U_node36node52_t4,0.0,node36transit_node52transit
U_node36node52_t5,0.0,node36transit_node52transit
U_node36node138_t0,0.0,node36transit_node138source
U_node36node138_t1,0.0,node36transit_node138source
U_node36node138_t2,0.0,node36transit_node138source
U_node36node138_t3,-0.0,node36transit_node138source
U_node36node138_t4,-0.0,node36transit_node138source
U_node36node138_t5,0.0,node36transit_node138source
U_node36node139_t0,0.0,node36transit_node139source
U_node36node139_t1,0.0,node36transit_node139source
U_node36node139_t2,0.0,node36transit_node139source
U_node36node139_t3,-0.0,node36transit_node139source
U_node36node139_t4,-0.0,node36transit_node139source
U_node36node139_t5,-0.0,node36transit_node139source
U_node36node142_t0,0.0,node36transit_node142source
U_node36node142_t1,0.0,node36transit_node142source
U_node36node142_t2,0.0,node36transit_node142source
U_node36node142_t3,-0.0,node36transit_node142source
U_node36node142_t4,-0.0,node36transit_node142source
U_node36node142_t5,0.0,node36transit_node142source
U_node37node56_t0,0.0,node37transit_node56transit
U_node37node56_t1,0.0,node37transit_node56transit
U_node37node56_t2,0.0,node37transit_node56transit
U_node37node56_t3,0.0,node37transit_node56transit
U_node37node56_t4,0.0,node37transit_node56transit
U_node37node56_t5,0.0,node37transit_node56transit
U_node37node52_t0,0.0,node37transit_node52transit
U_node37node52_t1,0.0,node37transit_node52transit
U_node37node52_t2,0.0,node37transit_node52transit
U_node37node52_t3,0.0,node37transit_node52transit
U_node37node52_t4,0.0,node37transit_node52transit
U_node37node52_t5,0.0,node37transit_node52transit
U_node37node126_t0,0.0,node37transit_node126source
U_node37node126_t1,0.0,node37transit_node126source
U_node37node126_t2,0.0,node37transit_node126source
U_node37node126_t3,-0.0,node37transit_node126source
U_node37node126_t4,-0.0,node37transit_node126source
U_node37node126_t5,0.0,node37transit_node126source
U_node37node130_t0,0.0,node37transit_node130source
U_node37node130_t1,0.0,node37transit_node130source
U_node37node130_t2,0.0,node37transit_node130source
U_node37node130_t3,-0.0,node37transit_node130source
U_node37node130_t4,1.0,node37transit_node130source
U_node37node130_t5,0.0,node37transit_node130source
U_node37node142_t0,0.0,node37transit_node142source
U_node37node142_t1,0.0,node37transit_node142source
U_node37node142_t2,0.0,node37transit_node142source
U_node37node142_t3,1.0,node37transit_node142source
U_node37node142_t4,-0.0,node37transit_node142source
U_node37node142_t5,0.0,node37transit_node142source
U_node38node52_t0,0.0,node38transit_node52transit
U_node38node52_t1,0.0,node38transit_node52transit
U_node38node52_t2,0.0,node38transit_node52transit
U_node38node52_t3,0.0,node38transit_node52transit
U_node38node52_t4,0.0,node38transit_node52transit
U_node38node52_t5,0.0,node38transit_node52transit
U_node38node130_t0,0.0,node38transit_node130source
U_node38node130_t1,0.0,node38transit_node130source
U_node38node130_t2,0.0,node38transit_node130source
U_node38node130_t3,-0.0,node38transit_node130source
U_node38node130_t4,-0.0,node38transit_node130source
U_node38node130_t5,0.0,node38transit_node130source
U_node38node131_t0,0.0,node38transit_node131source
U_node38node131_t1,0.0,node38transit_node131source
U_node38node131_t2,0.0,node38transit_node131source
U_node38node131_t3,-0.0,node38transit_node131source
U_node38node131_t4,1.0,node38transit_node131source
U_node38node131_t5,-0.0,node38transit_node131source
U_node38node139_t0,0.0,node38transit_node139source
U_node38node139_t1,0.0,node38transit_node139source
U_node38node139_t2,0.0,node38transit_node139source
U_node38node139_t3,-0.0,node38transit_node139source
U_node38node139_t4,-0.0,node38transit_node139source
U_node38node139_t5,0.0,node38transit_node139source
U_node39node145_t0,0.0,node39transit_node145source
U_node39node145_t1,0.0,node39transit_node145source
U_node39node145_t2,0.0,node39transit_node145source
U_node39node145_t3,-0.0,node39transit_node145source
U_node39node145_t4,-0.0,node39transit_node145source
U_node39node145_t5,0.0,node39transit_node145source
U_node40node42_t0,0.0,node40transit_node42transit
U_node40node42_t1,0.0,node40transit_node42transit
U_node40node42_t2,0.0,node40transit_node42transit
U_node40node42_t3,0.0,node40transit_node42transit
U_node40node42_t4,0.0,node40transit_node42transit
U_node40node42_t5,0.0,node40transit_node42transit
U_node40node80_t0,0.0,node40transit_node80transit
U_node40node80_t1,0.0,node40transit_node80transit
U_node40node80_t2,0.0,node40transit_node80transit
U_node40node80_t3,0.0,node40transit_node80transit
U_node40node80_t4,0.0,node40transit_node80transit
U_node40node80_t5,0.0,node40transit_node80transit
U_node40node76_t0,0.0,node40transit_node76transit
U_node40node76_t1,0.0,node40transit_node76transit
U_node40node76_t2,0.0,node40transit_node76transit
U_node40node76_t3,0.0,node40transit_node76transit
U_node40node76_t4,0.0,node40transit_node76transit
U_node40node76_t5,0.0,node40transit_node76transit
U_node40node124_t0,0.0,node40transit_node124source
U_node40node124_t1,0.0,node40transit_node124source
U_node40node124_t2,0.0,node40transit_node124source
U_node40node124_t3,0.0,node40transit_node124source
U_node40node124_t4,-0.0,node40transit_node124source
U_node40node124_t5,-0.0,node40transit_node124source
U_node40node125_t0,0.0,node40transit_node125source
U_node40node125_t1,0.0,node40transit_node125source
U_node40node125_t2,0.0,node40transit_node125source
U_node40node125_t3,-0.0,node40transit_node125source
U_node40node125_t4,1.0,node40transit_node125source
U_node40node125_t5,-0.0,node40transit_node125source
U_node41node96_t0,0.0,node41transit_node96transit
U_node41node96_t1,0.0,node41transit_node96transit
U_node41node96_t2,0.0,node41transit_node96transit
U_node41node96_t3,0.0,node41transit_node96transit
U_node41node96_t4,0.0,node41transit_node96transit
U_node41node96_t5,0.0,node41transit_node96transit
U_node41node85_t0,0.0,node41transit_node85transit
U_node41node85_t1,0.0,node41transit_node85transit
U_node41node85_t2,0.0,node41transit_node85transit
U_node41node85_t3,0.0,node41transit_node85transit
U_node41node85_t4,0.0,node41transit_node85transit
U_node41node85_t5,0.0,node41transit_node85transit
U_node41node119_t0,0.0,node41transit_node119source
U_node41node119_t1,0.0,node41transit_node119source
U_node41node119_t2,0.0,node41transit_node119source
U_node41node119_t3,1.0,node41transit_node119source
U_node41node119_t4,-0.0,node41transit_node119source
U_node41node119_t5,-0.0,node41transit_node119source
U_node41node136_t0,0.0,node41transit_node136source
U_node41node136_t1,0.0,node41transit_node136source
U_node41node136_t2,0.0,node41transit_node136source
U_node41node136_t3,-0.0,node41transit_node136source
U_node41node136_t4,-0.0,node41transit_node136source
U_node41node136_t5,-0.0,node41transit_node136source
U_node42node92_t0,0.0,node42transit_node92transit
U_node42node92_t1,0.0,node42transit_node92transit
U_node42node92_t2,0.0,node42transit_node92transit
U_node42node92_t3,0.0,node42transit_node92transit
U_node42node92_t4,0.0,node42transit_node92transit
U_node42node92_t5,0.0,node42transit_node92transit
U_node42node124_t0,0.0,node42transit_node124source
U_node42node124_t1,0.0,node42transit_node124source
U_node42node124_t2,0.0,node42transit_node124source
U_node42node124_t3,0.0,node42transit_node124source
U_node42node124_t4,-0.0,node42transit_node124source
U_node42node124_t5,0.0,node42transit_node124source
U_node43node90_t0,0.0,node43transit_node90transit
U_node43node90_t1,0.0,node43transit_node90transit
U_node43node90_t2,0.0,node43transit_node90transit
U_node43node90_t3,0.0,node43transit_node90transit
U_node43node90_t4,0.0,node43transit_node90transit
U_node43node90_t5,0.0,node43transit_node90transit
U_node43node105_t0,0.0,node43transit_node105exit
U_node43node105_t1,0.0,node43transit_node105exit
U_node43node105_t2,0.0,node43transit_node105exit
U_node43node105_t3,0.0,node43transit_node105exit
U_node43node105_t4,0.0,node43transit_node105exit
U_node43node105_t5,0.0,node43transit_node105exit
U_node43node135_t0,0.0,node43transit_node135source
U_node43node135_t1,0.0,node43transit_node135source
U_node43node135_t2,0.0,node43transit_node135source
U_node43node135_t3,-0.0,node43transit_node135source
U_node43node135_t4,1.0,node43transit_node135source
U_node43node135_t5,-0.0,node43transit_node135source
U_node44node78_t0,0.0,node44transit_node78transit
U_node44node78_t1,0.0,node44transit_node78transit
U_node44node78_t2,0.0,node44transit_node78transit
U_node44node78_t3,0.0,node44transit_node78transit
U_node44node78_t4,0.0,node44transit_node78transit
U_node44node78_t5,0.0,node44transit_node78transit
U_node44node139_t0,0.0,node44transit_node139source
U_node44node139_t1,0.0,node44transit_node139source
U_node44node139_t2,0.0,node44transit_node139source
U_node44node139_t3,-0.0,node44transit_node139source
U_node44node139_t4,-0.0,node44transit_node139source
U_node44node139_t5,1.0,node44transit_node139source
U_node44node141_t0,0.0,node44transit_node141source
U_node44node141_t1,0.0,node44transit_node141source
U_node44node141_t2,0.0,node44transit_node141source
U_node44node141_t3,-0.0,node44transit_node141source
U_node44node141_t4,1.0,node44transit_node141source
U_node44node141_t5,-0.0,node44transit_node141source
U_node45node77_t0,0.0,node45transit_node77transit
U_node45node77_t1,0.0,node45transit_node77transit
U_node45node77_t2,0.0,node45transit_node77transit
U_node45node77_t3,0.0,node45transit_node77transit
U_node45node77_t4,0.0,node45transit_node77transit
U_node45node77_t5,0.0,node45transit_node77transit
U_node45node63_t0,0.0,node45transit_node63transit
U_node45node63_t1,0.0,node45transit_node63transit
U_node45node63_t2,0.0,node45transit_node63transit
U_node45node63_t3,0.0,node45transit_node63transit
U_node45node63_t4,0.0,node45transit_node63transit
U_node45node63_t5,0.0,node45transit_node63transit
U_node45node137_t0,0.0,node45transit_node137source
U_node45node137_t1,0.0,node45transit_node137source
U_node45node137_t2,0.0,node45transit_node137source
U_node45node137_t3,1.0,node45transit_node137source
U_node45node137_t4,-0.0,node45transit_node137source
U_node45node137_t5,-0.0,node45transit_node137source
U_node45node140_t0,0.0,node45transit_node140source
U_node45node140_t1,0.0,node45transit_node140source
U_node45node140_t2,0.0,node45transit_node140source
U_node45node140_t3,-0.0,node45transit_node140source
U_node45node140_t4,1.0,node45transit_node140source
U_node45node140_t5,-0.0,node45transit_node140source
U_node46node53_t0,0.0,node46transit_node53transit
U_node46node53_t1,0.0,node46transit_node53transit
U_node46node53_t2,0.0,node46transit_node53transit
U_node46node53_t3,0.0,node46transit_node53transit
U_node46node53_t4,0.0,node46transit_node53transit
U_node46node53_t5,0.0,node46transit_node53transit
U_node46node82_t0,0.0,node46transit_node82transit
U_node46node82_t1,0.0,node46transit_node82transit
U_node46node82_t2,0.0,node46transit_node82transit
U_node46node82_t3,0.0,node46transit_node82transit
U_node46node82_t4,0.0,node46transit_node82transit
U_node46node82_t5,0.0,node46transit_node82transit
U_node46node128_t0,0.0,node46transit_node128source
U_node46node128_t1,0.0,node46transit_node128source
U_node46node128_t2,0.0,node46transit_node128source
U_node46node128_t3,-0.0,node46transit_node128source
U_node46node128_t4,1.0,node46transit_node128source
U_node46node128_t5,0.0,node46transit_node128source
U_node47node106_t0,0.0,node47exit_node106exit
U_node47node106_t1,0.0,node47exit_node106exit
U_node47node106_t2,0.0,node47exit_node106exit
U_node47node106_t3,0.0,node47exit_node106exit
U_node47node106_t4,0.0,node47exit_node106exit
U_node47node106_t5,0.0,node47exit_node106exit
U_node48node100_t0,0.0,node48exit_node100exit
U_node48node100_t1,0.0,node48exit_node100exit
U_node48node100_t2,0.0,node48exit_node100exit
U_node48node100_t3,0.0,node48exit_node100exit
U_node48node100_t4,0.0,node48exit_node100exit
U_node48node100_t5,0.0,node48exit_node100exit
U_node49node114_t0,0.0,node49exit_node114exit
U_node49node114_t1,0.0,node49exit_node114exit
U_node49node114_t2,0.0,node49exit_node114exit
U_node49node114_t3,0.0,node49exit_node114exit
U_node49node114_t4,0.0,node49exit_node114exit
U_node49node114_t5,0.0,node49exit_node114exit
U_node50node54_t0,0.0,node50transit_node54transit
U_node50node54_t1,0.0,node50transit_node54transit
U_node50node54_t2,0.0,node50transit_node54transit
U_node50node54_t3,0.0,node50transit_node54transit
U_node50node54_t4,0.0,node50transit_node54transit
U_node50node54_t5,0.0,node50transit_node54transit
U_node50node68_t0,0.0,node50transit_node68transit
U_node50node68_t1,0.0,node50transit_node68transit
U_node50node68_t2,0.0,node50transit_node68transit
U_node50node68_t3,0.0,node50transit_node68transit
U_node50node68_t4,0.0,node50transit_node68transit
U_node50node68_t5,0.0,node50transit_node68transit
U_node50node130_t0,0.0,node50transit_node130source
U_node50node130_t1,0.0,node50transit_node130source
U_node50node130_t2,0.0,node50transit_node130source
U_node50node130_t3,1.0,node50transit_node130source
U_node50node130_t4,-0.0,node50transit_node130source
U_node50node130_t5,0.0,node50transit_node130source
U_node50node132_t0,0.0,node50transit_node132source
U_node50node132_t1,0.0,node50transit_node132source
U_node50node132_t2,0.0,node50transit_node132source
U_node50node132_t3,-0.0,node50transit_node132source
U_node50node132_t4,-0.0,node50transit_node132source
U_node50node132_t5,0.0,node50transit_node132source
U_node51node62_t0,0.0,node51transit_node62transit
U_node51node62_t1,0.0,node51transit_node62transit
U_node51node62_t2,0.0,node51transit_node62transit
U_node51node62_t3,0.0,node51transit_node62transit
U_node51node62_t4,0.0,node51transit_node62transit
U_node51node62_t5,0.0,node51transit_node62transit
U_node51node61_t0,0.0,node51transit_node61transit
U_node51node61_t1,0.0,node51transit_node61transit
U_node51node61_t2,0.0,node51transit_node61transit
U_node51node61_t3,0.0,node51transit_node61transit
U_node51node61_t4,0.0,node51transit_node61transit
U_node51node61_t5,0.0,node51transit_node61transit
U_node51node93_t0,0.0,node51transit_node93transit
U_node51node93_t1,0.0,node51transit_node93transit
U_node51node93_t2,0.0,node51transit_node93transit
U_node51node93_t3,0.0,node51transit_node93transit
U_node51node93_t4,0.0,node51transit_node93transit
U_node51node93_t5,0.0,node51transit_node93transit
U_node51node119_t0,0.0,node51transit_node119source
U_node51node119_t1,0.0,node51transit_node119source
U_node51node119_t2,0.0,node51transit_node119source
U_node51node119_t3,-0.0,node51transit_node119source
U_node51node119_t4,1.0,node51transit_node119source
U_node51node119_t5,-0.0,node51transit_node119source
U_node51node120_t0,0.0,node51transit_node120source
U_node51node120_t1,0.0,node51transit_node120source
U_node51node120_t2,0.0,node51transit_node120source
U_node51node120_t3,-0.0,node51transit_node120source
U_node51node120_t4,1.0,node51transit_node120source
U_node51node120_t5,0.0,node51transit_node120source
U_node52node130_t0,0.0,node52transit_node130source
U_node52node130_t1,0.0,node52transit_node130source
U_node52node130_t2,0.0,node52transit_node130source
U_node52node130_t3,-0.0,node52transit_node130source
U_node52node130_t4,-0.0,node52transit_node130source
U_node52node130_t5,-0.0,node52transit_node130source
U_node52node139_t0,0.0,node52transit_node139source
U_node52node139_t1,0.0,node52transit_node139source
U_node52node139_t2,0.0,node52transit_node139source
U_node52node139_t3,-0.0,node52transit_node139source
U_node52node139_t4,-0.0,node52transit_node139source
U_node52node139_t5,0.0,node52transit_node139source
U_node52node142_t0,0.0,node52transit_node142source
U_node52node142_t1,0.0,node52transit_node142source
U_node52node142_t2,0.0,node52transit_node142source
U_node52node142_t3,-0.0,node52transit_node142source
U_node52node142_t4,-0.0,node52transit_node142source
U_node52node142_t5,1.0,node52transit_node142source
U_node53node82_t0,0.0,node53transit_node82transit
U_node53node82_t1,0.0,node53transit_node82transit
U_node53node82_t2,0.0,node53transit_node82transit
U_node53node82_t3,0.0,node53transit_node82transit
U_node53node82_t4,0.0,node53transit_node82transit
U_node53node82_t5,0.0,node53transit_node82transit
U_node53node104_t0,0.0,node53transit_node104exit
U_node53node104_t1,0.0,node53transit_node104exit
U_node53node104_t2,0.0,node53transit_node104exit
U_node53node104_t3,0.0,node53transit_node104exit
U_node53node104_t4,0.0,node53transit_node104exit
U_node53node104_t5,0.0,node53transit_node104exit
U_node53node128_t0,0.0,node53transit_node128source
U_node53node128_t1,0.0,node53transit_node128source
U_node53node128_t2,0.0,node53transit_node128source
U_node53node128_t3,-0.0,node53transit_node128source
U_node53node128_t4,-0.0,node53transit_node128source
U_node53node128_t5,1.0,node53transit_node128source
U_node54node75_t0,0.0,node54transit_node75transit
U_node54node75_t1,0.0,node54transit_node75transit
U_node54node75_t2,0.0,node54transit_node75transit
U_node54node75_t3,0.0,node54transit_node75transit
U_node54node75_t4,0.0,node54transit_node75transit
U_node54node75_t5,0.0,node54transit_node75transit
U_node54node130_t0,0.0,node54transit_node130source
U_node54node130_t1,0.0,node54transit_node130source
U_node54node130_t2,0.0,node54transit_node130source
U_node54node130_t3,-0.0,node54transit_node130source
U_node54node130_t4,-0.0,node54transit_node130source
U_node54node130_t5,1.0,node54transit_node130source
U_node55node87_t0,0.0,node55transit_node87transit
U_node55node87_t1,0.0,node55transit_node87transit
U_node55node87_t2,0.0,node55transit_node87transit
U_node55node87_t3,0.0,node55transit_node87transit
U_node55node87_t4,0.0,node55transit_node87transit
U_node55node87_t5,0.0,node55transit_node87transit
U_node55node119_t0,0.0,node55transit_node119source
U_node55node119_t1,0.0,node55transit_node119source
U_node55node119_t2,0.0,node55transit_node119source
U_node55node119_t3,-0.0,node55transit_node119source
U_node55node119_t4,1.0,node55transit_node119source
U_node55node119_t5,0.0,node55transit_node119source
U_node55node121_t0,0.0,node55transit_node121source
U_node55node121_t1,0.0,node55transit_node121source
U_node55node121_t2,0.0,node55transit_node121source
U_node55node121_t3,-0.0,node55transit_node121source
U_node55node121_t4,-0.0,node55transit_node121source
U_node55node121_t5,1.0,node55transit_node121source
U_node56node75_t0,0.0,node56transit_node75transit
U_node56node75_t1,0.0,node56transit_node75transit
U_node56node75_t2,0.0,node56transit_node75transit
U_node56node75_t3,0.0,node56transit_node75transit
U_node56node75_t4,0.0,node56transit_node75transit
U_node56node75_t5,0.0,node56transit_node75transit
U_node56node126_t0,0.0,node56transit_node126source
U_node56node126_t1,0.0,node56transit_node126source
U_node56node126_t2,0.0,node56transit_node126source
U_node56node126_t3,-0.0,node56transit_node126source
U_node56node126_t4,-0.0,node56transit_node126source
U_node56node126_t5,0.0,node56transit_node126source
U_node56node129_t0,0.0,node56transit_node129source
U_node56node129_t1,0.0,node56transit_node129source
U_node56node129_t2,0.0,node56transit_node129source
U_node56node129_t3,-0.0,node56transit_node129source
U_node56node129_t4,1.0,node56transit_node129source
U_node56node129_t5,-0.0,node56transit_node129source
U_node56node130_t0,0.0,node56transit_node130source
U_node56node130_t1,0.0,node56transit_node130source
U_node56node130_t2,0.0,node56transit_node130source
U_node56node130_t3,-0.0,node56transit_node130source
U_node56node130_t4,1.0,node56transit_node130source
U_node56node130_t5,0.0,node56transit_node130source
U_node57node72_t0,0.0,node57transit_node72transit
U_node57node72_t1,0.0,node57transit_node72transit
U_node57node72_t2,0.0,node57transit_node72transit
U_node57node72_t3,0.0,node57transit_node72transit
U_node57node72_t4,0.0,node57transit_node72transit
U_node57node72_t5,0.0,node57transit_node72transit
U_node57node65_t0,0.0,node57transit_node65transit
U_node57node65_t1,0.0,node57transit_node65transit
U_node57node65_t2,0.0,node57transit_node65transit
U_node57node65_t3,0.0,node57transit_node65transit
U_node57node65_t4,0.0,node57transit_node65transit
U_node57node65_t5,0.0,node57transit_node65transit
U_node57node129_t0,0.0,node57transit_node129source
U_node57node129_t1,0.0,node57transit_node129source
U_node57node129_t2,0.0,node57transit_node129source
U_node57node129_t3,-0.0,node57transit_node129source
U_node57node129_t4,1.0,node57transit_node129source
U_node57node129_t5,-0.0,node57transit_node129source
U_node57node138_t0,0.0,node57transit_node138source
U_node57node138_t1,0.0,node57transit_node138source
U_node57node138_t2,0.0,node57transit_node138source
U_node57node138_t3,-0.0,node57transit_node138source
U_node57node138_t4,1.0,node57transit_node138source
U_node57node138_t5,-0.0,node57transit_node138source
U_node58node80_t0,0.0,node58transit_node80transit
U_node58node80_t1,0.0,node58transit_node80transit
U_node58node80_t2,0.0,node58transit_node80transit
U_node58node80_t3,0.0,node58transit_node80transit
U_node58node80_t4,0.0,node58transit_node80transit
U_node58node80_t5,0.0,node58transit_node80transit
U_node58node143_t0,0.0,node58transit_node143source
U_node58node143_t1,0.0,node58transit_node143source
U_node58node143_t2,0.0,node58transit_node143source
U_node58node143_t3,-0.0,node58transit_node143source
U_node58node143_t4,-0.0,node58transit_node143source
U_node58node143_t5,0.0,node58transit_node143source
U_node59node101_t0,0.0,node59transit_node101exit
U_node59node101_t1,0.0,node59transit_node101exit
U_node59node101_t2,0.0,node59transit_node101exit
U_node59node101_t3,0.0,node59transit_node101exit
U_node59node101_t4,0.0,node59transit_node101exit
U_node59node101_t5,0.0,node59transit_node101exit
U_node59node105_t0,0.0,node59transit_node105exit
U_node59node105_t1,0.0,node59transit_node105exit
U_node59node105_t2,0.0,node59transit_node105exit
U_node59node105_t3,0.0,node59transit_node105exit
U_node59node105_t4,0.0,node59transit_node105exit
U_node59node105_t5,0.0,node59transit_node105exit
U_node60node100_t0,0.0,node60transit_node100exit
U_node60node100_t1,0.0,node60transit_node100exit
U_node60node100_t2,0.0,node60transit_node100exit
U_node60node100_t3,0.0,node60transit_node100exit
U_node60node100_t4,0.0,node60transit_node100exit
U_node60node100_t5,0.0,node60transit_node100exit
U_node60node114_t0,0.0,node60transit_node114exit
U_node60node114_t1,0.0,node60transit_node114exit
U_node60node114_t2,0.0,node60transit_node114exit
U_node60node114_t3,0.0,node60transit_node114exit
U_node60node114_t4,0.0,node60transit_node114exit
U_node60node114_t5,0.0,node60transit_node114exit
U_node61node86_t0,0.0,node61transit_node86transit
U_node61node86_t1,0.0,node61transit_node86transit
U_node61node86_t2,0.0,node61transit_node86transit
U_node61node86_t3,0.0,node61transit_node86transit
U_node61node86_t4,0.0,node61transit_node86transit
U_node61node86_t5,0.0,node61transit_node86transit
U_node61node118_t0,0.0,node61transit_node118source
U_node61node118_t1,0.0,node61transit_node118source
U_node61node118_t2,0.0,node61transit_node118source
U_node61node118_t3,-0.0,node61transit_node118source
U_node61node118_t4,-0.0,node61transit_node118source
U_node61node118_t5,0.0,node61transit_node118source
U_node61node119_t0,0.0,node61transit_node119source
U_node61node119_t1,0.0,node61transit_node119source
U_node61node119_t2,0.0,node61transit_node119source
U_node61node119_t3,0.0,node61transit_node119source
U_node61node119_t4,-0.0,node61transit_node119source
U_node61node119_t5,0.0,node61transit_node119source
U_node62node93_t0,0.0,node62transit_node93transit
U_node62node93_t1,0.0,node62transit_node93transit
U_node62node93_t2,0.0,node62transit_node93transit
U_node62node93_t3,0.0,node62transit_node93transit
U_node62node93_t4,0.0,node62transit_node93transit
U_node62node93_t5,0.0,node62transit_node93transit
U_node62node119_t0,0.0,node62transit_node119source
U_node62node119_t1,0.0,node62transit_node119source
U_node62node119_t2,0.0,node62transit_node119source
U_node62node119_t3,0.0,node62transit_node119source
U_node62node119_t4,-0.0,node62transit_node119source
U_node62node119_t5,1.0,node62transit_node119source
U_node62node120_t0,0.0,node62transit_node120source
U_node62node120_t1,0.0,node62transit_node120source
U_node62node120_t2,0.0,node62transit_node120source
U_node62node120_t3,-0.0,node62transit_node120source
U_node62node120_t4,-0.0,node62transit_node120source
U_node62node120_t5,1.0,node62transit_node120source
U_node63node69_t0,0.0,node63transit_node69transit
U_node63node69_t1,0.0,node63transit_node69transit
U_node63node69_t2,0.0,node63transit_node69transit
U_node63node69_t3,0.0,node63transit_node69transit
U_node63node69_t4,0.0,node63transit_node69transit
U_node63node69_t5,0.0,node63transit_node69transit
U_node63node137_t0,0.0,node63transit_node137source
U_node63node137_t1,0.0,node63transit_node137source
U_node63node137_t2,0.0,node63transit_node137source
U_node63node137_t3,-0.0,node63transit_node137source
U_node63node137_t4,-0.0,node63transit_node137source
U_node63node137_t5,-0.0,node63transit_node137source
U_node64node65_t0,0.0,node64transit_node65transit
U_node64node65_t1,0.0,node64transit_node65transit
U_node64node65_t2,0.0,node64transit_node65transit
U_node64node65_t3,0.0,node64transit_node65transit
U_node64node65_t4,0.0,node64transit_node65transit
U_node64node65_t5,0.0,node64transit_node65transit
U_node64node95_t0,0.0,node64transit_node95transit
U_node64node95_t1,0.0,node64transit_node95transit
U_node64node95_t2,0.0,node64transit_node95transit
U_node64node95_t3,0.0,node64transit_node95transit
U_node64node95_t4,0.0,node64transit_node95transit
U_node64node95_t5,0.0,node64transit_node95transit
U_node64node138_t0,0.0,node64transit_node138source
U_node64node138_t1,0.0,node64transit_node138source
U_node64node138_t2,0.0,node64transit_node138source
U_node64node138_t3,1.0,node64transit_node138source
U_node64node138_t4,-0.0,node64transit_node138source
U_node64node138_t5,-0.0,node64transit_node138source
U_node65node94_t0,0.0,node65transit_node94transit
U_node65node94_t1,0.0,node65transit_node94transit
U_node65node94_t2,0.0,node65transit_node94transit
U_node65node94_t3,0.0,node65transit_node94transit
U_node65node94_t4,0.0,node65transit_node94transit
U_node65node94_t5,0.0,node65transit_node94transit
U_node65node138_t0,0.0,node65transit_node138source
U_node65node138_t1,0.0,node65transit_node138source
U_node65node138_t2,0.0,node65transit_node138source
U_node65node138_t3,-0.0,node65transit_node138source
U_node65node138_t4,-0.0,node65transit_node138source
U_node65node138_t5,1.0,node65transit_node138source
U_node66node83_t0,0.0,node66transit_node83transit
U_node66node83_t1,0.0,node66transit_node83transit
U_node66node83_t2,0.0,node66transit_node83transit
U_node66node83_t3,0.0,node66transit_node83transit
U_node66node83_t4,0.0,node66transit_node83transit
U_node66node83_t5,0.0,node66transit_node83transit
U_node66node109_t0,0.0,node66transit_node109exit
U_node66node109_t1,0.0,node66transit_node109exit
U_node66node109_t2,0.0,node66transit_node109exit
U_node66node109_t3,0.0,node66transit_node109exit
U_node66node109_t4,0.0,node66transit_node109exit
U_node66node109_t5,0.0,node66transit_node109exit
U_node66node85_t0,0.0,node66transit_node85transit
U_node66node85_t1,0.0,node66transit_node85transit
U_node66node85_t2,0.0,node66transit_node85transit
U_node66node85_t3,0.0,node66transit_node85transit
U_node66node85_t4,0.0,node66transit_node85transit
U_node66node85_t5,0.0,node66transit_node85transit
U_node66node119_t0,0.0,node66transit_node119source
U_node66node119_t1,0.0,node66transit_node119source
U_node66node119_t2,0.0,node66transit_node119source
U_node66node119_t3,0.0,node66transit_node119source
U_node66node119_t4,-0.0,node66transit_node119source
U_node66node119_t5,1.0,node66transit_node119source
U_node67node95_t0,0.0,node67exit_node95transit
U_node67node95_t1,0.0,node67exit_node95transit
U_node67node95_t2,0.0,node67exit_node95transit
U_node67node95_t3,0.0,node67exit_node95transit
U_node67node95_t4,0.0,node67exit_node95transit
U_node67node95_t5,0.0,node67exit_node95transit
U_node68node91_t0,0.0,node68transit_node91transit
U_node68node91_t1,0.0,node68transit_node91transit
U_node68node91_t2,0.0,node68transit_node91transit
U_node68node91_t3,0.0,node68transit_node91transit
U_node68node91_t4,0.0,node68transit_node91transit
U_node68node91_t5,0.0,node68transit_node91transit
U_node68node88_t0,0.0,node68transit_node88transit
U_node68node88_t1,0.0,node68transit_node88transit
U_node68node88_t2,0.0,node68transit_node88transit
U_node68node88_t3,0.0,node68transit_node88transit
U_node68node88_t4,0.0,node68transit_node88transit
U_node68node88_t5,0.0,node68transit_node88transit
U_node68node132_t0,0.0,node68transit_node132source
U_node68node132_t1,0.0,node68transit_node132source
U_node68node132_t2,0.0,node68transit_node132source
U_node68node132_t3,-0.0,node68transit_node132source
U_node68node132_t4,-0.0,node68transit_node132source
U_node68node132_t5,1.0,node68transit_node132source
U_node68node133_t0,0.0,node68transit_node133source
U_node68node133_t1,0.0,node68transit_node133source
U_node68node133_t2,0.0,node68transit_node133source
U_node68node133_t3,-0.0,node68transit_node133source
U_node68node133_t4,1.0,node68transit_node133source
U_node68node133_t5,0.0,node68transit_node133source
U_node68node134_t0,0.0,node68transit_node134source
U_node68node134_t1,0.0,node68transit_node134source
U_node68node134_t2,0.0,node68transit_node134source
U_node68node134_t3,1.0,node68transit_node134source
U_node68node134_t4,-0.0,node68transit_node134source
U_node68node134_t5,-0.0,node68transit_node134source
U_node69node107_t0,0.0,node69transit_node107exit
U_node69node107_t1,0.0,node69transit_node107exit
U_node69node107_t2,0.0,node69transit_node107exit
U_node69node107_t3,0.0,node69transit_node107exit
U_node69node107_t4,0.0,node69transit_node107exit
U_node69node107_t5,0.0,node69transit_node107exit
U_node69node106_t0,0.0,node69transit_node106exit
U_node69node106_t1,0.0,node69transit_node106exit
U_node69node106_t2,0.0,node69transit_node106exit
U_node69node106_t3,0.0,node69transit_node106exit
U_node69node106_t4,0.0,node69transit_node106exit
U_node69node106_t5,0.0,node69transit_node106exit
U_node70node108_t0,0.0,node70transit_node108exit
U_node70node108_t1,0.0,node70transit_node108exit
U_node70node108_t2,0.0,node70transit_node108exit
U_node70node108_t3,0.0,node70transit_node108exit
U_node70node108_t4,0.0,node70transit_node108exit
U_node70node108_t5,0.0,node70transit_node108exit
U_node70node110_t0,0.0,node70transit_node110exit
U_node70node110_t1,0.0,node70transit_node110exit
U_node70node110_t2,0.0,node70transit_node110exit
U_node70node110_t3,0.0,node70transit_node110exit
U_node70node110_t4,0.0,node70transit_node110exit
U_node70node110_t5,0.0,node70transit_node110exit
U_node71node119_t0,0.0,node71transit_node119source
U_node71node119_t1,0.0,node71transit_node119source
U_node71node119_t2,0.0,node71transit_node119source
U_node71node119_t3,-0.0,node71transit_node119source
U_node71node119_t4,1.0,node71transit_node119source
U_node71node119_t5,-0.0,node71transit_node119source
U_node71node122_t0,0.0,node71transit_node122source
U_node71node122_t1,0.0,node71transit_node122source
U_node71node122_t2,0.0,node71transit_node122source
U_node71node122_t3,-0.0,node71transit_node122source
U_node71node122_t4,1.0,node71transit_node122source
U_node71node122_t5,0.0,node71transit_node122source
U_node72node75_t0,0.0,node72transit_node75transit
U_node72node75_t1,0.0,node72transit_node75transit
U_node72node75_t2,0.0,node72transit_node75transit
U_node72node75_t3,0.0,node72transit_node75transit
U_node72node75_t4,0.0,node72transit_node75transit
U_node72node75_t5,0.0,node72transit_node75transit
U_node72node102_t0,0.0,node72transit_node102exit
U_node72node102_t1,0.0,node72transit_node102exit
U_node72node102_t2,0.0,node72transit_node102exit
U_node72node102_t3,0.0,node72transit_node102exit
U_node72node102_t4,0.0,node72transit_node102exit
U_node72node102_t5,0.0,node72transit_node102exit
U_node72node129_t0,0.0,node72transit_node129source
U_node72node129_t1,0.0,node72transit_node129source
U_node72node129_t2,0.0,node72transit_node129source
U_node72node129_t3,-0.0,node72transit_node129source
U_node72node129_t4,-0.0,node72transit_node129source
U_node72node129_t5,0.0,node72transit_node129source
U_node73node78_t0,0.0,node73transit_node78transit
U_node73node78_t1,0.0,node73transit_node78transit
U_node73node78_t2,0.0,node73transit_node78transit
U_node73node78_t3,0.0,node73transit_node78transit
U_node73node78_t4,0.0,node73transit_node78transit
U_node73node78_t5,0.0,node73transit_node78transit
U_node73node116_t0,0.0,node73transit_node116exit
U_node73node116_t1,0.0,node73transit_node116exit
U_node73node116_t2,0.0,node73transit_node116exit
U_node73node116_t3,0.0,node73transit_node116exit
U_node73node116_t4,0.0,node73transit_node116exit
U_node73node116_t5,0.0,node73transit_node116exit
U_node73node141_t0,0.0,node73transit_node141source
U_node73node141_t1,0.0,node73transit_node141source
U_node73node141_t2,0.0,node73transit_node141source
U_node73node141_t3,-0.0,node73transit_node141source
U_node73node141_t4,1.0,node73transit_node141source
U_node73node141_t5,-0.0,node73transit_node141source
U_node74node97_t0,0.0,node74transit_node97exit
U_node74node97_t1,0.0,node74transit_node97exit
U_node74node97_t2,0.0,node74transit_node97exit
U_node74node97_t3,0.0,node74transit_node97exit
U_node74node97_t4,0.0,node74transit_node97exit
U_node74node97_t5,0.0,node74transit_node97exit
U_node74node99_t0,0.0,node74transit_node99exit
U_node74node99_t1,0.0,node74transit_node99exit
U_node74node99_t2,0.0,node74transit_node99exit
U_node74node99_t3,0.0,node74transit_node99exit
U_node74node99_t4,0.0,node74transit_node99exit
U_node74node99_t5,0.0,node74transit_node99exit
U_node74node112_t0,0.0,node74transit_node112exit
U_node74node112_t1,0.0,node74transit_node112exit
U_node74node112_t2,0.0,node74transit_node112exit
U_node74node112_t3,0.0,node74transit_node112exit
U_node74node112_t4,0.0,node74transit_node112exit
U_node74node112_t5,0.0,node74transit_node112exit
U_node75node129_t0,0.0,node75transit_node129source
U_node75node129_t1,0.0,node75transit_node129source
U_node75node129_t2,0.0,node75transit_node129source
U_node75node129_t3,-0.0,node75transit_node129source
U_node75node129_t4,-0.0,node75transit_node129source
U_node75node129_t5,-0.0,node75transit_node129source
U_node75node130_t0,0.0,node75transit_node130source
U_node75node130_t1,0.0,node75transit_node130source
U_node75node130_t2,0.0,node75transit_node130source
U_node75node130_t3,-0.0,node75transit_node130source
U_node75node130_t4,-0.0,node75transit_node130source
U_node75node130_t5,1.0,node75transit_node130source
U_node76node89_t0,0.0,node76transit_node89transit
U_node76node89_t1,0.0,node76transit_node89transit
U_node76node89_t2,0.0,node76transit_node89transit
U_node76node89_t3,0.0,node76transit_node89transit
U_node76node89_t4,0.0,node76transit_node89transit
U_node76node89_t5,0.0,node76transit_node89transit
U_node76node92_t0,0.0,node76transit_node92transit
U_node76node92_t1,0.0,node76transit_node92transit
U_node76node92_t2,0.0,node76transit_node92transit
U_node76node92_t3,0.0,node76transit_node92transit
U_node76node92_t4,0.0,node76transit_node92transit
U_node76node92_t5,0.0,node76transit_node92transit
U_node76node124_t0,0.0,node76transit_node124source
U_node76node124_t1,0.0,node76transit_node124source
U_node76node124_t2,0.0,node76transit_node124source
U_node76node124_t3,-0.0,node76transit_node124source
U_node76node124_t4,-0.0,node76transit_node124source
U_node76node124_t5,-0.0,node76transit_node124source
U_node76node125_t0,0.0,node76transit_node125source
U_node76node125_t1,0.0,node76transit_node125source
U_node76node125_t2,0.0,node76transit_node125source
U_node76node125_t3,-0.0,node76transit_node125source
U_node76node125_t4,1.0,node76transit_node125source
U_node76node125_t5,-0.0,node76transit_node125source
U_node77node91_t0,0.0,node77transit_node91transit
U_node77node91_t1,0.0,node77transit_node91transit
U_node77node91_t2,0.0,node77transit_node91transit
U_node77node91_t3,0.0,node77transit_node91transit
U_node77node91_t4,0.0,node77transit_node91transit
U_node77node91_t5,0.0,node77transit_node91transit
U_node77node132_t0,0.0,node77transit_node132source
U_node77node132_t1,0.0,node77transit_node132source
U_node77node132_t2,0.0,node77transit_node132source
U_node77node132_t3,-0.0,node77transit_node132source
U_node77node132_t4,-0.0,node77transit_node132source
U_node77node132_t5,0.0,node77transit_node132source
U_node77node137_t0,0.0,node77transit_node137source
U_node77node137_t1,0.0,node77transit_node137source
U_node77node137_t2,0.0,node77transit_node137source
U_node77node137_t3,1.0,node77transit_node137source
U_node77node137_t4,-0.0,node77transit_node137source
U_node77node137_t5,0.0,node77transit_node137source
U_node77node140_t0,0.0,node77transit_node140source
U_node77node140_t1,0.0,node77transit_node140source
U_node77node140_t2,0.0,node77transit_node140source
U_node77node140_t3,-0.0,node77transit_node140source
U_node77node140_t4,1.0,node77transit_node140source
U_node77node140_t5,-0.0,node77transit_node140source
U_node78node95_t0,0.0,node78transit_node95transit
U_node78node95_t1,0.0,node78transit_node95transit
U_node78node95_t2,0.0,node78transit_node95transit
U_node78node95_t3,0.0,node78transit_node95transit
U_node78node95_t4,0.0,node78transit_node95transit
U_node78node95_t5,0.0,node78transit_node95transit
U_node78node141_t0,0.0,node78transit_node141source
U_node78node141_t1,0.0,node78transit_node141source
U_node78node141_t2,0.0,node78transit_node141source
U_node78node141_t3,-0.0,node78transit_node141source
U_node78node141_t4,-0.0,node78transit_node141source
U_node78node141_t5,0.0,node78transit_node141source
U_node79node96_t0,0.0,node79transit_node96transit
U_node79node96_t1,0.0,node79transit_node96transit
U_node79node96_t2,0.0,node79transit_node96transit
U_node79node96_t3,0.0,node79transit_node96transit
U_node79node96_t4,0.0,node79transit_node96transit
U_node79node96_t5,0.0,node79transit_node96transit
U_node79node119_t0,0.0,node79transit_node119source
U_node79node119_t1,0.0,node79transit_node119source
U_node79node119_t2,0.0,node79transit_node119source
U_node79node119_t3,-0.0,node79transit_node119source
U_node79node119_t4,1.0,node79transit_node119source
U_node79node119_t5,0.0,node79transit_node119source
U_node79node144_t0,0.0,node79transit_node144source
U_node79node144_t1,0.0,node79transit_node144source
U_node79node144_t2,0.0,node79transit_node144source
U_node79node144_t3,-0.0,node79transit_node144source
U_node79node144_t4,-0.0,node79transit_node144source
U_node79node144_t5,0.0,node79transit_node144source
U_node80node89_t0,0.0,node80transit_node89transit
U_node80node89_t1,0.0,node80transit_node89transit
U_node80node89_t2,0.0,node80transit_node89transit
U_node80node89_t3,0.0,node80transit_node89transit
U_node80node89_t4,0.0,node80transit_node89transit
U_node80node89_t5,0.0,node80transit_node89transit
U_node80node125_t0,0.0,node80transit_node125source
U_node80node125_t1,0.0,node80transit_node125source
U_node80node125_t2,0.0,node80transit_node125source
U_node80node125_t3,-0.0,node80transit_node125source
U_node80node125_t4,-0.0,node80transit_node125source
U_node80node125_t5,0.0,node80transit_node125source
U_node80node143_t0,0.0,node80transit_node143source
U_node80node143_t1,0.0,node80transit_node143source
U_node80node143_t2,0.0,node80transit_node143source
U_node80node143_t3,-0.0,node80transit_node143source
U_node80node143_t4,-0.0,node80transit_node143source
U_node80node143_t5,0.0,node80transit_node143source
U_node81node103_t0,0.0,node81transit_node103exit
U_node81node103_t1,0.0,node81transit_node103exit
U_node81node103_t2,0.0,node81transit_node103exit
U_node81node103_t3,0.0,node81transit_node103exit
U_node81node103_t4,0.0,node81transit_node103exit
U_node81node103_t5,0.0,node81transit_node103exit
U_node81node137_t0,0.0,node81transit_node137source
U_node81node137_t1,0.0,node81transit_node137source
U_node81node137_t2,0.0,node81transit_node137source
U_node81node137_t3,-0.0,node81transit_node137source
U_node81node137_t4,-0.0,node81transit_node137source
U_node81node137_t5,0.0,node81transit_node137source
U_node82node128_t0,0.0,node82transit_node128source
U_node82node128_t1,0.0,node82transit_node128source
U_node82node128_t2,0.0,node82transit_node128source
U_node82node128_t3,0.0,node82transit_node128source
U_node82node128_t4,1.0,node82transit_node128source
U_node82node128_t5,-0.0,node82transit_node128source
U_node83node98_t0,0.0,node83transit_node98exit
U_node83node98_t1,0.0,node83transit_node98exit
U_node83node98_t2,0.0,node83transit_node98exit
U_node83node98_t3,0.0,node83transit_node98exit
U_node83node98_t4,0.0,node83transit_node98exit
U_node83node98_t5,0.0,node83transit_node98exit
U_node83node119_t0,0.0,node83transit_node119source
U_node83node119_t1,0.0,node83transit_node119source
U_node83node119_t2,0.0,node83transit_node119source
U_node83node119_t3,0.0,node83transit_node119source
U_node83node119_t4,-0.0,node83transit_node119source
U_node83node119_t5,1.0,node83transit_node119source
U_node84node107_t0,0.0,node84exit_node107exit
U_node84node107_t1,0.0,node84exit_node107exit
U_node84node107_t2,0.0,node84exit_node107exit
U_node84node107_t3,0.0,node84exit_node107exit
U_node84node107_t4,0.0,node84exit_node107exit
U_node84node107_t5,0.0,node84exit_node107exit
U_node85node119_t0,0.0,node85transit_node119source
U_node85node119_t1,0.0,node85transit_node119source
U_node85node119_t2,0.0,node85transit_node119source
U_node85node119_t3,-0.0,node85transit_node119source
U_node85node119_t4,-0.0,node85transit_node119source
U_node85node119_t5,0.0,node85transit_node119source
U_node85node136_t0,0.0,node85transit_node136source
U_node85node136_t1,0.0,node85transit_node136source
U_node85node136_t2,0.0,node85transit_node136source
U_node85node136_t3,-0.0,node85transit_node136source
U_node85node136_t4,-0.0,node85transit_node136source
U_node85node136_t5,0.0,node85transit_node136source
U_node86node92_t0,0.0,node86transit_node92transit
U_node86node92_t1,0.0,node86transit_node92transit
U_node86node92_t2,0.0,node86transit_node92transit
U_node86node92_t3,0.0,node86transit_node92transit
U_node86node92_t4,0.0,node86transit_node92transit
U_node86node92_t5,0.0,node86transit_node92transit
U_node86node118_t0,0.0,node86transit_node118source
U_node86node118_t1,0.0,node86transit_node118source
U_node86node118_t2,0.0,node86transit_node118source
U_node86node118_t3,0.0,node86transit_node118source
U_node86node118_t4,1.0,node86transit_node118source
U_node86node118_t5,-0.0,node86transit_node118source
U_node87node119_t0,0.0,node87transit_node119source
U_node87node119_t1,0.0,node87transit_node119source
U_node87node119_t2,0.0,node87transit_node119source
U_node87node119_t3,-0.0,node87transit_node119source
U_node87node119_t4,-0.0,node87transit_node119source
U_node87node119_t5,0.0,node87transit_node119source
U_node87node121_t0,0.0,node87transit_node121source
U_node87node121_t1,0.0,node87transit_node121source
U_node87node121_t2,0.0,node87transit_node121source
U_node87node121_t3,0.0,node87transit_node121source
U_node87node121_t4,-0.0,node87transit_node121source
U_node87node121_t5,0.0,node87transit_node121source
U_node87node123_t0,0.0,node87transit_node123source
U_node87node123_t1,0.0,node87transit_node123source
U_node87node123_t2,0.0,node87transit_node123source
U_node87node123_t3,-0.0,node87transit_node123source
U_node87node123_t4,-0.0,node87transit_node123source
U_node87node123_t5,0.0,node87transit_node123source
U_node88node133_t0,0.0,node88transit_node133source
U_node88node133_t1,0.0,node88transit_node133source
U_node88node133_t2,0.0,node88transit_node133source
U_node88node133_t3,0.0,node88transit_node133source
U_node88node133_t4,-0.0,node88transit_node133source
U_node88node133_t5,0.0,node88transit_node133source
U_node88node134_t0,0.0,node88transit_node134source
U_node88node134_t1,0.0,node88transit_node134source
U_node88node134_t2,0.0,node88transit_node134source
U_node88node134_t3,-0.0,node88transit_node134source
U_node88node134_t4,-0.0,node88transit_node134source
U_node88node134_t5,-0.0,node88transit_node134source
U_node89node125_t0,0.0,node89transit_node125source
U_node89node125_t1,0.0,node89transit_node125source
U_node89node125_t2,0.0,node89transit_node125source
U_node89node125_t3,0.0,node89transit_node125source
U_node89node125_t4,-0.0,node89transit_node125source
U_node89node125_t5,0.0,node89transit_node125source
U_node89node143_t0,0.0,node89transit_node143source
U_node89node143_t1,0.0,node89transit_node143source
U_node89node143_t2,0.0,node89transit_node143source
U_node89node143_t3,-0.0,node89transit_node143source
U_node89node143_t4,1.0,node89transit_node143source
U_node89node143_t5,0.0,node89transit_node143source
U_node90node127_t0,0.0,node90transit_node127source
U_node90node127_t1,0.0,node90transit_node127source
U_node90node127_t2,1.0,node90transit_node127source
U_node90node127_t3,-0.0,node90transit_node127source
U_node90node127_t4,-0.0,node90transit_node127source
U_node90node127_t5,-0.0,node90transit_node127source
U_node90node134_t0,0.0,node90transit_node134source
U_node90node134_t1,0.0,node90transit_node134source
U_node90node134_t2,0.0,node90transit_node134source
U_node90node134_t3,-0.0,node90transit_node134source
U_node90node134_t4,-0.0,node90transit_node134source
U_node90node134_t5,1.0,node90transit_node134source
U_node90node135_t0,0.0,node90transit_node135source
U_node90node135_t1,0.0,node90transit_node135source
U_node90node135_t2,0.0,node90transit_node135source
U_node90node135_t3,-0.0,node90transit_node135source
U_node90node135_t4,-0.0,node90transit_node135source
U_node90node135_t5,0.0,node90transit_node135source
U_node91node132_t0,0.0,node91transit_node132source
U_node91node132_t1,0.0,node91transit_node132source
U_node91node132_t2,0.0,node91transit_node132source
U_node91node132_t3,-0.0,node91transit_node132source
U_node91node132_t4,1.0,node91transit_node132source
U_node91node132_t5,0.0,node91transit_node132source
U_node91node133_t0,0.0,node91transit_node133source
U_node91node133_t1,0.0,node91transit_node133source
U_node91node133_t2,0.0,node91transit_node133source
U_node91node133_t3,-0.0,node91transit_node133source
U_node91node133_t4,-0.0,node91transit_node133source
U_node91node133_t5,0.0,node91transit_node133source
U_node91node137_t0,0.0,node91transit_node137source
U_node91node137_t1,0.0,node91transit_node137source
U_node91node137_t2,0.0,node91transit_node137source
U_node91node137_t3,-0.0,node91transit_node137source
U_node91node137_t4,-0.0,node91transit_node137source
U_node91node137_t5,0.0,node91transit_node137source
U_node92node124_t0,0.0,node92transit_node124source
U_node92node124_t1,0.0,node92transit_node124source
U_node92node124_t2,0.0,node92transit_node124source
U_node92node124_t3,-0.0,node92transit_node124source
U_node92node124_t4,-0.0,node92transit_node124source
U_node92node124_t5,0.0,node92transit_node124source
U_node93node120_t0,0.0,node93transit_node120source
U_node93node120_t1,0.0,node93transit_node120source
U_node93node120_t2,0.0,node93transit_node120source
U_node93node120_t3,-0.0,node93transit_node120source
U_node93node120_t4,-0.0,node93transit_node120source
U_node93node120_t5,0.0,node93transit_node120source
U_node94node117_t0,0.0,node94transit_node117exit
U_node94node117_t1,0.0,node94transit_node117exit
U_node94node117_t2,0.0,node94transit_node117exit
U_node94node117_t3,0.0,node94transit_node117exit
U_node94node117_t4,0.0,node94transit_node117exit
U_node94node117_t5,0.0,node94transit_node117exit
U_node96node119_t0,0.0,node96transit_node119source
U_node96node119_t1,0.0,node96transit_node119source
U_node96node119_t2,0.0,node96transit_node119source
U_node96node119_t3,0.0,node96transit_node119source
U_node96node119_t4,-0.0,node96transit_node119source
U_node96node119_t5,0.0,node96transit_node119source
U_node97node98_t0,0.0,node97exit_node98exit
U_node97node98_t1,0.0,node97exit_node98exit
U_node97node98_t2,0.0,node97exit_node98exit
U_node97node98_t3,0.0,node97exit_node98exit
U_node97node98_t4,0.0,node97exit_node98exit
U_node97node98_t5,0.0,node97exit_node98exit
U_node101node102_t0,0.0,node101exit_node102exit
U_node101node102_t1,0.0,node101exit_node102exit
U_node101node102_t2,0.0,node101exit_node102exit
U_node101node102_t3,0.0,node101exit_node102exit
U_node101node102_t4,0.0,node101exit_node102exit
U_node101node102_t5,0.0,node101exit_node102exit
U_node103node104_t0,0.0,node103exit_node104exit
U_node103node104_t1,0.0,node103exit_node104exit
U_node103node104_t2,0.0,node103exit_node104exit
U_node103node104_t3,0.0,node103exit_node104exit
U_node103node104_t4,0.0,node103exit_node104exit
U_node103node104_t5,0.0,node103exit_node104exit
U_node108node109_t0,0.0,node108exit_node109exit
U_node108node109_t1,0.0,node108exit_node109exit
U_node108node109_t2,0.0,node108exit_node109exit
U_node108node109_t3,0.0,node108exit_node109exit
U_node108node109_t4,0.0,node108exit_node109exit
U_node108node109_t5,0.0,node108exit_node109exit
U_node112node113_t0,0.0,node112exit_node113exit
U_node112node113_t1,0.0,node112exit_node113exit
U_node112node113_t2,0.0,node112exit_node113exit
U_node112node113_t3,0.0,node112exit_node113exit
U_node112node113_t4,0.0,node112exit_node113exit
U_node112node113_t5,0.0,node112exit_node113exit
flow_timber_node1node79_t1,0.0,node1transit_node79transit
flow_timber_node1node79_t2,0.0,node1transit_node79transit
flow_timber_node1node79_t3,0.0,node1transit_node79transit
flow_timber_node1node79_t4,0.0,node1transit_node79transit
flow_timber_node1node79_t5,0.0,node1transit_node79transit
flow_wide_node1node79_t1,0.0,node1transit_node79transit
flow_wide_node1node79_t2,0.0,node1transit_node79transit
flow_wide_node1node79_t3,0.0,node1transit_node79transit
flow_wide_node1node79_t4,0.0,node1transit_node79transit
flow_wide_node1node79_t5,0.0,node1transit_node79transit
flow_timber_node1node62_t1,2.0,node1transit_node62transit
flow_timber_node1node62_t2,0.0,node1transit_node62transit
flow_timber_node1node62_t3,1.0,node1transit_node62transit
flow_timber_node1node62_t4,2.0,node1transit_node62transit
flow_timber_node1node62_t5,2.0,node1transit_node62transit
flow_wide_node1node62_t1,0.0,node1transit_node62transit
flow_wide_node1node62_t2,0.0,node1transit_node62transit
flow_wide_node1node62_t3,0.0,node1transit_node62transit
flow_wide_node1node62_t4,0.0,node1transit_node62transit
flow_wide_node1node62_t5,0.0,node1transit_node62transit
flow_timber_node1node14_t1,0.0,node1transit_node14transit
flow_timber_node1node14_t2,0.0,node1transit_node14transit
flow_timber_node1node14_t3,0.0,node1transit_node14transit
flow_timber_node1node14_t4,0.0,node1transit_node14transit
flow_timber_node1node14_t5,0.0,node1transit_node14transit
flow_wide_node1node14_t1,0.0,node1transit_node14transit
flow_wide_node1node14_t2,0.0,node1transit_node14transit
flow_wide_node1node14_t3,0.0,node1transit_node14transit
flow_wide_node1node14_t4,0.0,node1transit_node14transit
flow_wide_node1node14_t5,0.0,node1transit_node14transit
flow_timber_node1node119_t1,0.0,node1transit_node119source
flow_timber_node1node119_t2,0.0,node1transit_node119source
flow_timber_node1node119_t3,0.0,node1transit_node119source
flow_timber_node1node119_t4,0.0,node1transit_node119source
flow_timber_node1node119_t5,0.0,node1transit_node119source
flow_wide_node1node119_t1,0.0,node1transit_node119source
flow_wide_node1node119_t2,0.0,node1transit_node119source
flow_wide_node1node119_t3,0.0,node1transit_node119source
flow_wide_node1node119_t4,0.0,node1transit_node119source
flow_wide_node1node119_t5,0.0,node1transit_node119source
flow_timber_node1node144_t1,0.0,node1transit_node144source
flow_timber_node1node144_t2,0.0,node1transit_node144source
flow_timber_node1node144_t3,0.0,node1transit_node144source
flow_timber_node1node144_t4,0.0,node1transit_node144source
flow_timber_node1node144_t5,0.0,node1transit_node144source
flow_wide_node1node144_t1,0.0,node1transit_node144source
flow_wide_node1node144_t2,0.0,node1transit_node144source
flow_wide_node1node144_t3,0.0,node1transit_node144source
flow_wide_node1node144_t4,0.0,node1transit_node144source
flow_wide_node1node144_t5,0.0,node1transit_node144source
flow_timber_node79node1_t1,1.0,node79transit_node1transit
flow_timber_node79node1_t2,0.0,node79transit_node1transit
flow_timber_node79node1_t3,0.0,node79transit_node1transit
flow_timber_node79node1_t4,1.0,node79transit_node1transit
flow_timber_node79node1_t5,1.0,node79transit_node1transit
flow_wide_node79node1_t1,0.0,node79transit_node1transit
flow_wide_node79node1_t2,0.0,node79transit_node1transit
flow_wide_node79node1_t3,0.0,node79transit_node1transit
flow_wide_node79node1_t4,0.0,node79transit_node1transit
flow_wide_node79node1_t5,0.0,node79transit_node1transit
flow_timber_node79node14_t1,0.0,node79transit_node14transit
flow_timber_node79node14_t2,0.0,node79transit_node14transit
flow_timber_node79node14_t3,0.0,node79transit_node14transit
flow_timber_node79node14_t4,0.0,node79transit_node14transit
flow_timber_node79node14_t5,0.0,node79transit_node14transit
flow_wide_node79node14_t1,0.0,node79transit_node14transit
flow_wide_node79node14_t2,0.0,node79transit_node14transit
flow_wide_node79node14_t3,0.0,node79transit_node14transit
flow_wide_node79node14_t4,0.0,node79transit_node14transit
flow_wide_node79node14_t5,0.0,node79transit_node14transit
flow_timber_node79node96_t1,0.0,node79transit_node96transit
flow_timber_node79node96_t2,0.0,node79transit_node96transit
flow_timber_node79node96_t3,0.0,node79transit_node96transit
flow_timber_node79node96_t4,0.0,node79transit_node96transit
flow_timber_node79node96_t5,0.0,node79transit_node96transit
flow_wide_node79node96_t1,0.0,node79transit_node96transit
flow_wide_node79node96_t2,0.0,node79transit_node96transit
flow_wide_node79node96_t3,0.0,node79transit_node96transit
flow_wide_node79node96_t4,0.0,node79transit_node96transit
flow_wide_node79node96_t5,0.0,node79transit_node96transit
flow_timber_node79node119_t1,0.0,node79transit_node119source
flow_timber_node79node119_t2,0.0,node79transit_node119source
flow_timber_node79node119_t3,0.0,node79transit_node119source
flow_timber_node79node119_t4,0.0,node79transit_node119source
flow_timber_node79node119_t5,0.0,node79transit_node119source
flow_wide_node79node119_t1,0.0,node79transit_node119source
flow_wide_node79node119_t2,0.0,node79transit_node119source
flow_wide_node79node119_t3,0.0,node79transit_node119source
flow_wide_node79node119_t4,0.0,node79transit_node119source
flow_wide_node79node119_t5,0.0,node79transit_node119source
flow_timber_node79node144_t1,0.0,node79transit_node144source
flow_timber_node79node144_t2,0.0,node79transit_node144source
flow_timber_node79node144_t3,0.0,node79transit_node144source
flow_timber_node79node144_t4,0.0,node79transit_node144source
flow_timber_node79node144_t5,0.0,node79transit_node144source
flow_wide_node79node144_t1,0.0,node79transit_node144source
flow_wide_node79node144_t2,0.0,node79transit_node144source
flow_wide_node79node144_t3,0.0,node79transit_node144source
flow_wide_node79node144_t4,0.0,node79transit_node144source
flow_wide_node79node144_t5,0.0,node79transit_node144source
flow_timber_node62node1_t1,0.0,node62transit_node1transit
flow_timber_node62node1_t2,0.0,node62transit_node1transit
flow_timber_node62node1_t3,0.0,node62transit_node1transit
flow_timber_node62node1_t4,0.0,node62transit_node1transit
flow_timber_node62node1_t5,0.0,node62transit_node1transit
flow_wide_node62node1_t1,0.0,node62transit_node1transit
flow_wide_node62node1_t2,0.0,node62transit_node1transit
flow_wide_node62node1_t3,0.0,node62transit_node1transit
flow_wide_node62node1_t4,0.0,node62transit_node1transit
flow_wide_node62node1_t5,0.0,node62transit_node1transit
flow_timber_node62node51_t1,2.0,node62transit_node51transit
flow_timber_node62node51_t2,0.0,node62transit_node51transit
flow_timber_node62node51_t3,1.0,node62transit_node51transit
flow_timber_node62node51_t4,2.0,node62transit_node51transit
flow_timber_node62node51_t5,2.0,node62transit_node51transit
flow_wide_node62node51_t1,0.0,node62transit_node51transit
flow_wide_node62node51_t2,0.0,node62transit_node51transit
flow_wide_node62node51_t3,0.0,node62transit_node51transit
flow_wide_node62node51_t4,0.0,node62transit_node51transit
flow_wide_node62node51_t5,0.0,node62transit_node51transit
flow_timber_node62node93_t1,0.0,node62transit_node93transit
flow_timber_node62node93_t2,0.0,node62transit_node93transit
flow_timber_node62node93_t3,0.0,node62transit_node93transit
flow_timber_node62node93_t4,0.0,node62transit_node93transit
flow_timber_node62node93_t5,0.0,node62transit_node93transit
flow_wide_node62node93_t1,0.0,node62transit_node93transit
flow_wide_node62node93_t2,0.0,node62transit_node93transit
flow_wide_node62node93_t3,0.0,node62transit_node93transit
flow_wide_node62node93_t4,0.0,node62transit_node93transit
flow_wide_node62node93_t5,0.0,node62transit_node93transit
flow_timber_node62node119_t1,0.0,node62transit_node119source
flow_timber_node62node119_t2,0.0,node62transit_node119source
flow_timber_node62node119_t3,0.0,node62transit_node119source
flow_timber_node62node119_t4,0.0,node62transit_node119source
flow_timber_node62node119_t5,0.0,node62transit_node119source
flow_wide_node62node119_t1,0.0,node62transit_node119source
flow_wide_node62node119_t2,0.0,node62transit_node119source
flow_wide_node62node119_t3,0.0,node62transit_node119source
flow_wide_node62node119_t4,0.0,node62transit_node119source
flow_wide_node62node119_t5,0.0,node62transit_node119source
flow_timber_node62node120_t1,0.0,node62transit_node120source
flow_timber_node62node120_t2,0.0,node62transit_node120source
flow_timber_node62node120_t3,0.0,node62transit_node120source
flow_timber_node62node120_t4,0.0,node62transit_node120source
flow_timber_node62node120_t5,0.0,node62transit_node120source
flow_wide_node62node120_t1,0.0,node62transit_node120source
flow_wide_node62node120_t2,0.0,node62transit_node120source
flow_wide_node62node120_t3,0.0,node62transit_node120source
flow_wide_node62node120_t4,0.0,node62transit_node120source
flow_wide_node62node120_t5,0.0,node62transit_node120source
flow_timber_node14node1_t1,0.0,node14transit_node1transit
flow_timber_node14node1_t2,0.0,node14transit_node1transit
flow_timber_node14node1_t3,0.0,node14transit_node1transit
flow_timber_node14node1_t4,0.0,node14transit_node1transit
flow_timber_node14node1_t5,0.0,node14transit_node1transit
flow_wide_node14node1_t1,0.0,node14transit_node1transit
flow_wide_node14node1_t2,0.0,node14transit_node1transit
flow_wide_node14node1_t3,0.0,node14transit_node1transit
flow_wide_node14node1_t4,0.0,node14transit_node1transit
flow_wide_node14node1_t5,0.0,node14transit_node1transit
flow_timber_node14node79_t1,0.0,node14transit_node79transit
flow_timber_node14node79_t2,0.0,node14transit_node79transit
flow_timber_node14node79_t3,0.0,node14transit_node79transit
flow_timber_node14node79_t4,0.0,node14transit_node79transit
flow_timber_node14node79_t5,0.0,node14transit_node79transit
flow_wide_node14node79_t1,0.0,node14transit_node79transit
flow_wide_node14node79_t2,0.0,node14transit_node79transit
flow_wide_node14node79_t3,0.0,node14transit_node79transit
flow_wide_node14node79_t4,0.0,node14transit_node79transit
flow_wide_node14node79_t5,0.0,node14transit_node79transit
flow_timber_node14node144_t1,0.0,node14transit_node144source
flow_timber_node14node144_t2,0.0,node14transit_node144source
flow_timber_node14node144_t3,0.0,node14transit_node144source
flow_timber_node14node144_t4,0.0,node14transit_node144source
flow_timber_node14node144_t5,0.0,node14transit_node144source
flow_wide_node14node144_t1,0.0,node14transit_node144source
flow_wide_node14node144_t2,0.0,node14transit_node144source
flow_wide_node14node144_t3,0.0,node14transit_node144source
flow_wide_node14node144_t4,0.0,node14transit_node144source
flow_wide_node14node144_t5,0.0,node14transit_node144source
flow_timber_node119node1_t1,0.0,node119source_node1transit
flow_timber_node119node1_t2,0.0,node119source_node1transit
flow_timber_node119node1_t3,0.0,node119source_node1transit
flow_timber_node119node1_t4,0.0,node119source_node1transit
flow_timber_node119node1_t5,0.0,node119source_node1transit
flow_wide_node119node1_t1,0.0,node119source_node1transit
flow_wide_node119node1_t2,0.0,node119source_node1transit
flow_wide_node119node1_t3,0.0,node119source_node1transit
flow_wide_node119node1_t4,0.0,node119source_node1transit
flow_wide_node119node1_t5,0.0,node119source_node1transit
flow_timber_node119node2_t1,0.0,node119source_node2transit
flow_timber_node119node2_t2,0.0,node119source_node2transit
flow_timber_node119node2_t3,0.0,node119source_node2transit
flow_timber_node119node2_t4,0.0,node119source_node2transit
flow_timber_node119node2_t5,0.0,node119source_node2transit
flow_wide_node119node2_t1,0.0,node119source_node2transit
flow_wide_node119node2_t2,0.0,node119source_node2transit
flow_wide_node119node2_t3,0.0,node119source_node2transit
flow_wide_node119node2_t4,0.0,node119source_node2transit
flow_wide_node119node2_t5,0.0,node119source_node2transit
flow_timber_node119node3_t1,0.0,node119source_node3transit
flow_timber_node119node3_t2,0.0,node119source_node3transit
flow_timber_node119node3_t3,0.0,node119source_node3transit
flow_timber_node119node3_t4,0.0,node119source_node3transit
flow_timber_node119node3_t5,0.0,node119source_node3transit
flow_wide_node119node3_t1,0.0,node119source_node3transit
flow_wide_node119node3_t2,0.0,node119source_node3transit
flow_wide_node119node3_t3,0.0,node119source_node3transit
flow_wide_node119node3_t4,0.0,node119source_node3transit
flow_wide_node119node3_t5,0.0,node119source_node3transit
flow_timber_node119node24_t1,0.0,node119source_node24transit
flow_timber_node119node24_t2,0.0,node119source_node24transit
flow_timber_node119node24_t3,0.0,node119source_node24transit
flow_timber_node119node24_t4,0.0,node119source_node24transit
flow_timber_node119node24_t5,0.0,node119source_node24transit
flow_wide_node119node24_t1,0.0,node119source_node24transit
flow_wide_node119node24_t2,0.0,node119source_node24transit
flow_wide_node119node24_t3,0.0,node119source_node24transit
flow_wide_node119node24_t4,0.0,node119source_node24transit
flow_wide_node119node24_t5,0.0,node119source_node24transit
flow_timber_node119node26_t1,1.0,node119source_node26transit
flow_timber_node119node26_t2,1.0,node119source_node26transit
flow_timber_node119node26_t3,1.0,node119source_node26transit
flow_timber_node119node26_t4,1.0,node119source_node26transit
flow_timber_node119node26_t5,1.0,node119source_node26transit
flow_wide_node119node26_t1,0.0,node119source_node26transit
flow_wide_node119node26_t2,0.0,node119source_node26transit
flow_wide_node119node26_t3,0.0,node119source_node26transit
flow_wide_node119node26_t4,0.0,node119source_node26transit
flow_wide_node119node26_t5,0.0,node119source_node26transit
flow_timber_node119node41_t1,0.0,node119source_node41transit
flow_timber_node119node41_t2,0.0,node119source_node41transit
flow_timber_node119node41_t3,0.0,node119source_node41transit
flow_timber_node119node41_t4,0.0,node119source_node41transit
flow_timber_node119node41_t5,0.0,node119source_node41transit
flow_wide_node119node41_t1,0.0,node119source_node41transit
flow_wide_node119node41_t2,0.0,node119source_node41transit
flow_wide_node119node41_t3,0.0,node119source_node41transit
flow_wide_node119node41_t4,0.0,node119source_node41transit
flow_wide_node119node41_t5,0.0,node119source_node41transit
flow_timber_node119node51_t1,0.0,node119source_node51transit
flow_timber_node119node51_t2,0.0,node119source_node51transit
flow_timber_node119node51_t3,0.0,node119source_node51transit
flow_timber_node119node51_t4,0.0,node119source_node51transit
flow_timber_node119node51_t5,0.0,node119source_node51transit
flow_wide_node119node51_t1,0.0,node119source_node51transit
flow_wide_node119node51_t2,0.0,node119source_node51transit
flow_wide_node119node51_t3,0.0,node119source_node51transit
flow_wide_node119node51_t4,0.0,node119source_node51transit
flow_wide_node119node51_t5,0.0,node119source_node51transit
flow_timber_node119node55_t1,0.0,node119source_node55transit
flow_timber_node119node55_t2,0.0,node119source_node55transit
flow_timber_node119node55_t3,0.0,node119source_node55transit
flow_timber_node119node55_t4,0.0,node119source_node55transit
flow_timber_node119node55_t5,0.0,node119source_node55transit
flow_wide_node119node55_t1,0.0,node119source_node55transit
flow_wide_node119node55_t2,0.0,node119source_node55transit
flow_wide_node119node55_t3,0.0,node119source_node55transit
flow_wide_node119node55_t4,0.0,node119source_node55transit
flow_wide_node119node55_t5,0.0,node119source_node55transit
flow_timber_node119node61_t1,0.0,node119source_node61transit
flow_timber_node119node61_t2,0.0,node119source_node61transit
flow_timber_node119node61_t3,0.0,node119source_node61transit
flow_timber_node119node61_t4,0.0,node119source_node61transit
flow_timber_node119node61_t5,0.0,node119source_node61transit
flow_wide_node119node61_t1,0.0,node119source_node61transit
flow_wide_node119node61_t2,0.0,node119source_node61transit
flow_wide_node119node61_t3,0.0,node119source_node61transit
flow_wide_node119node61_t4,0.0,node119source_node61transit
flow_wide_node119node61_t5,0.0,node119source_node61transit
flow_timber_node119node62_t1,0.0,node119source_node62transit
flow_timber_node119node62_t2,0.0,node119source_node62transit
flow_timber_node119node62_t3,0.0,node119source_node62transit
flow_timber_node119node62_t4,0.0,node119source_node62transit
flow_timber_node119node62_t5,0.0,node119source_node62transit
flow_wide_node119node62_t1,0.0,node119source_node62transit
flow_wide_node119node62_t2,0.0,node119source_node62transit
flow_wide_node119node62_t3,0.0,node119source_node62transit
flow_wide_node119node62_t4,0.0,node119source_node62transit
flow_wide_node119node62_t5,0.0,node119source_node62transit
flow_timber_node119node66_t1,0.0,node119source_node66transit
flow_timber_node119node66_t2,0.0,node119source_node66transit
flow_timber_node119node66_t3,0.0,node119source_node66transit
flow_timber_node119node66_t4,0.0,node119source_node66transit
flow_timber_node119node66_t5,0.0,node119source_node66transit
flow_wide_node119node66_t1,0.0,node119source_node66transit
flow_wide_node119node66_t2,0.0,node119source_node66transit
flow_wide_node119node66_t3,0.0,node119source_node66transit
flow_wide_node119node66_t4,0.0,node119source_node66transit
flow_wide_node119node66_t5,0.0,node119source_node66transit
flow_timber_node119node71_t1,0.0,node119source_node71transit
flow_timber_node119node71_t2,0.0,node119source_node71transit
flow_timber_node119node71_t3,0.0,node119source_node71transit
flow_timber_node119node71_t4,0.0,node119source_node71transit
flow_timber_node119node71_t5,-0.0,node119source_node71transit
flow_wide_node119node71_t1,0.0,node119source_node71transit
flow_wide_node119node71_t2,0.0,node119source_node71transit
flow_wide_node119node71_t3,0.0,node119source_node71transit
flow_wide_node119node71_t4,0.0,node119source_node71transit
flow_wide_node119node71_t5,0.0,node119source_node71transit
flow_timber_node119node79_t1,0.0,node119source_node79transit
flow_timber_node119node79_t2,0.0,node119source_node79transit
flow_timber_node119node79_t3,0.0,node119source_node79transit
flow_timber_node119node79_t4,0.0,node119source_node79transit
flow_timber_node119node79_t5,0.0,node119source_node79transit
flow_wide_node119node79_t1,0.0,node119source_node79transit
flow_wide_node119node79_t2,0.0,node119source_node79transit
flow_wide_node119node79_t3,0.0,node119source_node79transit
flow_wide_node119node79_t4,0.0,node119source_node79transit
flow_wide_node119node79_t5,0.0,node119source_node79transit
flow_timber_node119node83_t1,0.0,node119source_node83transit
flow_timber_node119node83_t2,0.0,node119source_node83transit
flow_timber_node119node83_t3,0.0,node119source_node83transit
flow_timber_node119node83_t4,0.0,node119source_node83transit
flow_timber_node119node83_t5,0.0,node119source_node83transit
flow_wide_node119node83_t1,0.0,node119source_node83transit
flow_wide_node119node83_t2,0.0,node119source_node83transit
flow_wide_node119node83_t3,0.0,node119source_node83transit
flow_wide_node119node83_t4,0.0,node119source_node83transit
flow_wide_node119node83_t5,0.0,node119source_node83transit
flow_timber_node119node85_t1,0.0,node119source_node85transit
flow_timber_node119node85_t2,0.0,node119source_node85transit
flow_timber_node119node85_t3,0.0,node119source_node85transit
flow_timber_node119node85_t4,0.0,node119source_node85transit
flow_timber_node119node85_t5,0.0,node119source_node85transit
flow_wide_node119node85_t1,0.0,node119source_node85transit
flow_wide_node119node85_t2,0.0,node119source_node85transit
flow_wide_node119node85_t3,0.0,node119source_node85transit
flow_wide_node119node85_t4,0.0,node119source_node85transit
flow_wide_node119node85_t5,0.0,node119source_node85transit
flow_timber_node119node87_t1,0.0,node119source_node87transit
flow_timber_node119node87_t2,0.0,node119source_node87transit
flow_timber_node119node87_t3,0.0,node119source_node87transit
flow_timber_node119node87_t4,0.0,node119source_node87transit
flow_timber_node119node87_t5,0.0,node119source_node87transit
flow_wide_node119node87_t1,0.0,node119source_node87transit
flow_wide_node119node87_t2,0.0,node119source_node87transit
flow_wide_node119node87_t3,0.0,node119source_node87transit
flow_wide_node119node87_t4,0.0,node119source_node87transit
flow_wide_node119node87_t5,0.0,node119source_node87transit
flow_timber_node119node96_t1,0.0,node119source_node96transit
flow_timber_node119node96_t2,0.0,node119source_node96transit
flow_timber_node119node96_t3,0.0,node119source_node96transit
flow_timber_node119node96_t4,0.0,node119source_node96transit
flow_timber_node119node96_t5,0.0,node119source_node96transit
flow_wide_node119node96_t1,0.0,node119source_node96transit
flow_wide_node119node96_t2,0.0,node119source_node96transit
flow_wide_node119node96_t3,0.0,node119source_node96transit
flow_wide_node119node96_t4,0.0,node119source_node96transit
flow_wide_node119node96_t5,0.0,node119source_node96transit
flow_timber_node144node1_t1,1.0,node144source_node1transit
flow_timber_node144node1_t2,0.0,node144source_node1transit
flow_timber_node144node1_t3,1.0,node144source_node1transit
flow_timber_node144node1_t4,1.0,node144source_node1transit
flow_timber_node144node1_t5,1.0,node144source_node1transit
flow_wide_node144node1_t1,0.0,node144source_node1transit
flow_wide_node144node1_t2,0.0,node144source_node1transit
flow_wide_node144node1_t3,0.0,node144source_node1transit
flow_wide_node144node1_t4,0.0,node144source_node1transit
flow_wide_node144node1_t5,0.0,node144source_node1transit
flow_timber_node144node14_t1,0.0,node144source_node14transit
flow_timber_node144node14_t2,0.0,node144source_node14transit
flow_timber_node144node14_t3,0.0,node144source_node14transit
flow_timber_node144node14_t4,0.0,node144source_node14transit
flow_timber_node144node14_t5,0.0,node144source_node14transit
flow_wide_node144node14_t1,0.0,node144source_node14transit
flow_wide_node144node14_t2,0.0,node144source_node14transit
flow_wide_node144node14_t3,0.0,node144source_node14transit
flow_wide_node144node14_t4,0.0,node144source_node14transit
flow_wide_node144node14_t5,0.0,node144source_node14transit
flow_timber_node144node79_t1,0.0,node144source_node79transit
flow_timber_node144node79_t2,0.0,node144source_node79transit
flow_timber_node144node79_t3,0.0,node144source_node79transit
flow_timber_node144node79_t4,0.0,node144source_node79transit
flow_timber_node144node79_t5,0.0,node144source_node79transit
flow_wide_node144node79_t1,0.0,node144source_node79transit
flow_wide_node144node79_t2,0.0,node144source_node79transit
flow_wide_node144node79_t3,0.0,node144source_node79transit
flow_wide_node144node79_t4,0.0,node144source_node79transit
flow_wide_node144node79_t5,0.0,node144source_node79transit
flow_timber_node2node83_t1,0.0,node2transit_node83transit
flow_timber_node2node83_t2,0.0,node2transit_node83transit
flow_timber_node2node83_t3,0.0,node2transit_node83transit
flow_timber_node2node83_t4,0.0,node2transit_node83transit
flow_timber_node2node83_t5,0.0,node2transit_node83transit
flow_wide_node2node83_t1,0.0,node2transit_node83transit
flow_wide_node2node83_t2,0.0,node2transit_node83transit
flow_wide_node2node83_t3,0.0,node2transit_node83transit
flow_wide_node2node83_t4,0.0,node2transit_node83transit
flow_wide_node2node83_t5,0.0,node2transit_node83transit
flow_timber_node2node26_t1,0.0,node2transit_node26transit
flow_timber_node2node26_t2,0.0,node2transit_node26transit
flow_timber_node2node26_t3,0.0,node2transit_node26transit
flow_timber_node2node26_t4,0.0,node2transit_node26transit
flow_timber_node2node26_t5,-0.0,node2transit_node26transit
flow_wide_node2node26_t1,0.0,node2transit_node26transit
flow_wide_node2node26_t2,0.0,node2transit_node26transit
flow_wide_node2node26_t3,0.0,node2transit_node26transit
flow_wide_node2node26_t4,0.0,node2transit_node26transit
flow_wide_node2node26_t5,0.0,node2transit_node26transit
flow_timber_node2node99_t1,0.0,node2transit_node99exit
flow_timber_node2node99_t2,0.0,node2transit_node99exit
flow_timber_node2node99_t3,0.0,node2transit_node99exit
flow_timber_node2node99_t4,0.0,node2transit_node99exit
flow_timber_node2node99_t5,0.0,node2transit_node99exit
flow_wide_node2node99_t1,0.0,node2transit_node99exit
flow_wide_node2node99_t2,0.0,node2transit_node99exit
flow_wide_node2node99_t3,0.0,node2transit_node99exit
flow_wide_node2node99_t4,0.0,node2transit_node99exit
flow_wide_node2node99_t5,0.0,node2transit_node99exit
flow_timber_node2node119_t1,0.0,node2transit_node119source
flow_timber_node2node119_t2,0.0,node2transit_node119source
flow_timber_node2node119_t3,0.0,node2transit_node119source
flow_timber_node2node119_t4,0.0,node2transit_node119source
flow_timber_node2node119_t5,0.0,node2transit_node119source
flow_wide_node2node119_t1,0.0,node2transit_node119source
flow_wide_node2node119_t2,0.0,node2transit_node119source
flow_wide_node2node119_t3,0.0,node2transit_node119source
flow_wide_node2node119_t4,0.0,node2transit_node119source
flow_wide_node2node119_t5,0.0,node2transit_node119source
flow_timber_node83node2_t1,0.0,node83transit_node2transit
flow_timber_node83node2_t2,0.0,node83transit_node2transit
flow_timber_node83node2_t3,0.0,node83transit_node2transit
flow_timber_node83node2_t4,-0.0,node83transit_node2transit
flow_timber_node83node2_t5,0.0,node83transit_node2transit
flow_wide_node83node2_t1,0.0,node83transit_node2transit
flow_wide_node83node2_t2,0.0,node83transit_node2transit
flow_wide_node83node2_t3,0.0,node83transit_node2transit
flow_wide_node83node2_t4,0.0,node83transit_node2transit
flow_wide_node83node2_t5,0.0,node83transit_node2transit
flow_timber_node83node66_t1,0.0,node83transit_node66transit
flow_timber_node83node66_t2,0.0,node83transit_node66transit
flow_timber_node83node66_t3,0.0,node83transit_node66transit
flow_timber_node83node66_t4,0.0,node83transit_node66transit
flow_timber_node83node66_t5,0.0,node83transit_node66transit
flow_wide_node83node66_t1,0.0,node83transit_node66transit
flow_wide_node83node66_t2,0.0,node83transit_node66transit
flow_wide_node83node66_t3,0.0,node83transit_node66transit
flow_wide_node83node66_t4,0.0,node83transit_node66transit
flow_wide_node83node66_t5,0.0,node83transit_node66transit
flow_timber_node83node98_t1,0.0,node83transit_node98exit
flow_timber_node83node98_t2,0.0,node83transit_node98exit
flow_timber_node83node98_t3,0.0,node83transit_node98exit
flow_timber_node83node98_t4,0.0,node83transit_node98exit
flow_timber_node83node98_t5,0.0,node83transit_node98exit
flow_wide_node83node98_t1,0.0,node83transit_node98exit
flow_wide_node83node98_t2,0.0,node83transit_node98exit
flow_wide_node83node98_t3,0.0,node83transit_node98exit
flow_wide_node83node98_t4,0.0,node83transit_node98exit
flow_wide_node83node98_t5,0.0,node83transit_node98exit
flow_timber_node83node119_t1,0.0,node83transit_node119source
flow_timber_node83node119_t2,0.0,node83transit_node119source
flow_timber_node83node119_t3,0.0,node83transit_node119source
flow_timber_node83node119_t4,0.0,node83transit_node119source
flow_timber_node83node119_t5,0.0,node83transit_node119source
flow_wide_node83node119_t1,0.0,node83transit_node119source
flow_wide_node83node119_t2,0.0,node83transit_node119source
flow_wide_node83node119_t3,0.0,node83transit_node119source
flow_wide_node83node119_t4,0.0,node83transit_node119source
flow_wide_node83node119_t5,0.0,node83transit_node119source
flow_timber_node26node2_t1,0.0,node26transit_node2transit
flow_timber_node26node2_t2,0.0,node26transit_node2transit
flow_timber_node26node2_t3,0.0,node26transit_node2transit
flow_timber_node26node2_t4,0.0,node26transit_node2transit
flow_timber_node26node2_t5,0.0,node26transit_node2transit
flow_wide_node26node2_t1,0.0,node26transit_node2transit
flow_wide_node26node2_t2,0.0,node26transit_node2transit
flow_wide_node26node2_t3,0.0,node26transit_node2transit
flow_wide_node26node2_t4,0.0,node26transit_node2transit
flow_wide_node26node2_t5,0.0,node26transit_node2transit
flow_timber_node26node71_t1,0.0,node26transit_node71transit
flow_timber_node26node71_t2,0.0,node26transit_node71transit
flow_timber_node26node71_t3,0.0,node26transit_node71transit
flow_timber_node26node71_t4,0.0,node26transit_node71transit
flow_timber_node26node71_t5,0.0,node26transit_node71transit
flow_wide_node26node71_t1,0.0,node26transit_node71transit
flow_wide_node26node71_t2,0.0,node26transit_node71transit
flow_wide_node26node71_t3,0.0,node26transit_node71transit
flow_wide_node26node71_t4,0.0,node26transit_node71transit
flow_wide_node26node71_t5,0.0,node26transit_node71transit
flow_timber_node26node113_t1,8.0,node26transit_node113exit
flow_timber_node26node113_t2,5.0,node26transit_node113exit
flow_timber_node26node113_t3,5.0,node26transit_node113exit
flow_timber_node26node113_t4,7.0,node26transit_node113exit
flow_timber_node26node113_t5,8.0,node26transit_node113exit
flow_wide_node26node113_t1,0.0,node26transit_node113exit
flow_wide_node26node113_t2,0.0,node26transit_node113exit
flow_wide_node26node113_t3,0.0,node26transit_node113exit
flow_wide_node26node113_t4,0.0,node26transit_node113exit
flow_wide_node26node113_t5,0.0,node26transit_node113exit
flow_timber_node26node119_t1,0.0,node26transit_node119source
flow_timber_node26node119_t2,0.0,node26transit_node119source
flow_timber_node26node119_t3,0.0,node26transit_node119source
flow_timber_node26node119_t4,0.0,node26transit_node119source
flow_timber_node26node119_t5,0.0,node26transit_node119source
flow_wide_node26node119_t1,0.0,node26transit_node119source
flow_wide_node26node119_t2,0.0,node26transit_node119source
flow_wide_node26node119_t3,0.0,node26transit_node119source
flow_wide_node26node119_t4,0.0,node26transit_node119source
flow_wide_node26node119_t5,0.0,node26transit_node119source
flow_timber_node99node2_t1,0.0,node99exit_node2transit
flow_timber_node99node2_t2,0.0,node99exit_node2transit
flow_timber_node99node2_t3,0.0,node99exit_node2transit
flow_timber_node99node2_t4,0.0,node99exit_node2transit
flow_timber_node99node2_t5,0.0,node99exit_node2transit
flow_wide_node99node2_t1,0.0,node99exit_node2transit
flow_wide_node99node2_t2,0.0,node99exit_node2transit
flow_wide_node99node2_t3,0.0,node99exit_node2transit
flow_wide_node99node2_t4,0.0,node99exit_node2transit
flow_wide_node99node2_t5,0.0,node99exit_node2transit
flow_timber_node99node74_t1,0.0,node99exit_node74transit
flow_timber_node99node74_t2,0.0,node99exit_node74transit
flow_timber_node99node74_t3,0.0,node99exit_node74transit
flow_timber_node99node74_t4,0.0,node99exit_node74transit
flow_timber_node99node74_t5,0.0,node99exit_node74transit
flow_wide_node99node74_t1,0.0,node99exit_node74transit
flow_wide_node99node74_t2,0.0,node99exit_node74transit
flow_wide_node99node74_t3,0.0,node99exit_node74transit
flow_wide_node99node74_t4,0.0,node99exit_node74transit
flow_wide_node99node74_t5,0.0,node99exit_node74transit
flow_timber_node3node87_t1,0.0,node3transit_node87transit
flow_timber_node3node87_t2,0.0,node3transit_node87transit
flow_timber_node3node87_t3,0.0,node3transit_node87transit
flow_timber_node3node87_t4,0.0,node3transit_node87transit
flow_timber_node3node87_t5,0.0,node3transit_node87transit
flow_wide_node3node87_t1,0.0,node3transit_node87transit
flow_wide_node3node87_t2,0.0,node3transit_node87transit
flow_wide_node3node87_t3,0.0,node3transit_node87transit
flow_wide_node3node87_t4,0.0,node3transit_node87transit
flow_wide_node3node87_t5,0.0,node3transit_node87transit
flow_timber_node3node71_t1,6.0,node3transit_node71transit
flow_timber_node3node71_t2,3.0,node3transit_node71transit
flow_timber_node3node71_t3,3.0,node3transit_node71transit
flow_timber_node3node71_t4,5.0,node3transit_node71transit
flow_timber_node3node71_t5,6.0,node3transit_node71transit
flow_wide_node3node71_t1,0.0,node3transit_node71transit
flow_wide_node3node71_t2,0.0,node3transit_node71transit
flow_wide_node3node71_t3,0.0,node3transit_node71transit
flow_wide_node3node71_t4,0.0,node3transit_node71transit
flow_wide_node3node71_t5,0.0,node3transit_node71transit
flow_timber_node3node13_t1,0.0,node3transit_node13transit
flow_timber_node3node13_t2,0.0,node3transit_node13transit
flow_timber_node3node13_t3,0.0,node3transit_node13transit
flow_timber_node3node13_t4,0.0,node3transit_node13transit
flow_timber_node3node13_t5,0.0,node3transit_node13transit
flow_wide_node3node13_t1,0.0,node3transit_node13transit
flow_wide_node3node13_t2,0.0,node3transit_node13transit
flow_wide_node3node13_t3,0.0,node3transit_node13transit
flow_wide_node3node13_t4,0.0,node3transit_node13transit
flow_wide_node3node13_t5,0.0,node3transit_node13transit
flow_timber_node3node119_t1,0.0,node3transit_node119source
flow_timber_node3node119_t2,0.0,node3transit_node119source
flow_timber_node3node119_t3,0.0,node3transit_node119source
flow_timber_node3node119_t4,0.0,node3transit_node119source
flow_timber_node3node119_t5,0.0,node3transit_node119source
flow_wide_node3node119_t1,0.0,node3transit_node119source
flow_wide_node3node119_t2,0.0,node3transit_node119source
flow_wide_node3node119_t3,0.0,node3transit_node119source
flow_wide_node3node119_t4,0.0,node3transit_node119source
flow_wide_node3node119_t5,0.0,node3transit_node119source
flow_timber_node3node122_t1,0.0,node3transit_node122source
flow_timber_node3node122_t2,0.0,node3transit_node122source
flow_timber_node3node122_t3,0.0,node3transit_node122source
flow_timber_node3node122_t4,0.0,node3transit_node122source
flow_timber_node3node122_t5,0.0,node3transit_node122source
flow_wide_node3node122_t1,0.0,node3transit_node122source
flow_wide_node3node122_t2,0.0,node3transit_node122source
flow_wide_node3node122_t3,0.0,node3transit_node122source
flow_wide_node3node122_t4,0.0,node3transit_node122source
flow_wide_node3node122_t5,0.0,node3transit_node122source
flow_timber_node3node123_t1,0.0,node3transit_node123source
flow_timber_node3node123_t2,0.0,node3transit_node123source
flow_timber_node3node123_t3,0.0,node3transit_node123source
flow_timber_node3node123_t4,0.0,node3transit_node123source
flow_timber_node3node123_t5,0.0,node3transit_node123source
flow_wide_node3node123_t1,0.0,node3transit_node123source
flow_wide_node3node123_t2,0.0,node3transit_node123source
flow_wide_node3node123_t3,0.0,node3transit_node123source
flow_wide_node3node123_t4,0.0,node3transit_node123source
flow_wide_node3node123_t5,0.0,node3transit_node123source
flow_timber_node87node3_t1,5.0,node87transit_node3transit
flow_timber_node87node3_t2,3.0,node87transit_node3transit
flow_timber_node87node3_t3,3.0,node87transit_node3transit
flow_timber_node87node3_t4,5.0,node87transit_node3transit
flow_timber_node87node3_t5,6.0,node87transit_node3transit
flow_wide_node87node3_t1,0.0,node87transit_node3transit
flow_wide_node87node3_t2,0.0,node87transit_node3transit
flow_wide_node87node3_t3,0.0,node87transit_node3transit
flow_wide_node87node3_t4,0.0,node87transit_node3transit
flow_wide_node87node3_t5,0.0,node87transit_node3transit
flow_timber_node87node22_t1,0.0,node87transit_node22transit
flow_timber_node87node22_t2,0.0,node87transit_node22transit
flow_timber_node87node22_t3,0.0,node87transit_node22transit
flow_timber_node87node22_t4,0.0,node87transit_node22transit
flow_timber_node87node22_t5,0.0,node87transit_node22transit
flow_wide_node87node22_t1,0.0,node87transit_node22transit
flow_wide_node87node22_t2,0.0,node87transit_node22transit
flow_wide_node87node22_t3,0.0,node87transit_node22transit
flow_wide_node87node22_t4,0.0,node87transit_node22transit
flow_wide_node87node22_t5,0.0,node87transit_node22transit
flow_timber_node87node55_t1,0.0,node87transit_node55transit
flow_timber_node87node55_t2,0.0,node87transit_node55transit
flow_timber_node87node55_t3,0.0,node87transit_node55transit
flow_timber_node87node55_t4,0.0,node87transit_node55transit
flow_timber_node87node55_t5,0.0,node87transit_node55transit
flow_wide_node87node55_t1,0.0,node87transit_node55transit
flow_wide_node87node55_t2,0.0,node87transit_node55transit
flow_wide_node87node55_t3,0.0,node87transit_node55transit
flow_wide_node87node55_t4,0.0,node87transit_node55transit
flow_wide_node87node55_t5,0.0,node87transit_node55transit
flow_timber_node87node119_t1,0.0,node87transit_node119source
flow_timber_node87node119_t2,0.0,node87transit_node119source
flow_timber_node87node119_t3,0.0,node87transit_node119source
flow_timber_node87node119_t4,0.0,node87transit_node119source
flow_timber_node87node119_t5,0.0,node87transit_node119source
flow_wide_node87node119_t1,0.0,node87transit_node119source
flow_wide_node87node119_t2,0.0,node87transit_node119source
flow_wide_node87node119_t3,0.0,node87transit_node119source
flow_wide_node87node119_t4,0.0,node87transit_node119source
flow_wide_node87node119_t5,0.0,node87transit_node119source
flow_timber_node87node121_t1,0.0,node87transit_node121source
flow_timber_node87node121_t2,0.0,node87transit_node121source
flow_timber_node87node121_t3,0.0,node87transit_node121source
flow_timber_node87node121_t4,0.0,node87transit_node121source
flow_timber_node87node121_t5,0.0,node87transit_node121source
flow_wide_node87node121_t1,0.0,node87transit_node121source
flow_wide_node87node121_t2,0.0,node87transit_node121source
flow_wide_node87node121_t3,0.0,node87transit_node121source
flow_wide_node87node121_t4,0.0,node87transit_node121source
flow_wide_node87node121_t5,0.0,node87transit_node121source
flow_timber_node87node123_t1,0.0,node87transit_node123source
flow_timber_node87node123_t2,0.0,node87transit_node123source
flow_timber_node87node123_t3,0.0,node87transit_node123source
flow_timber_node87node123_t4,0.0,node87transit_node123source
flow_timber_node87node123_t5,0.0,node87transit_node123source
flow_wide_node87node123_t1,0.0,node87transit_node123source
flow_wide_node87node123_t2,0.0,node87transit_node123source
flow_wide_node87node123_t3,0.0,node87transit_node123source
flow_wide_node87node123_t4,0.0,node87transit_node123source
flow_wide_node87node123_t5,0.0,node87transit_node123source
flow_timber_node71node3_t1,0.0,node71transit_node3transit
flow_timber_node71node3_t2,0.0,node71transit_node3transit
flow_timber_node71node3_t3,0.0,node71transit_node3transit
flow_timber_node71node3_t4,0.0,node71transit_node3transit
flow_timber_node71node3_t5,0.0,node71transit_node3transit
flow_wide_node71node3_t1,0.0,node71transit_node3transit
flow_wide_node71node3_t2,0.0,node71transit_node3transit
flow_wide_node71node3_t3,0.0,node71transit_node3transit
flow_wide_node71node3_t4,0.0,node71transit_node3transit
flow_wide_node71node3_t5,0.0,node71transit_node3transit
flow_timber_node71node13_t1,0.0,node71transit_node13transit
flow_timber_node71node13_t2,0.0,node71transit_node13transit
flow_timber_node71node13_t3,0.0,node71transit_node13transit
flow_timber_node71node13_t4,0.0,node71transit_node13transit
flow_timber_node71node13_t5,0.0,node71transit_node13transit
flow_wide_node71node13_t1,0.0,node71transit_node13transit
flow_wide_node71node13_t2,0.0,node71transit_node13transit
flow_wide_node71node13_t3,0.0,node71transit_node13transit
flow_wide_node71node13_t4,0.0,node71transit_node13transit
flow_wide_node71node13_t5,0.0,node71transit_node13transit
flow_timber_node71node26_t1,7.0,node71transit_node26transit
flow_timber_node71node26_t2,4.0,node71transit_node26transit
flow_timber_node71node26_t3,4.0,node71transit_node26transit
flow_timber_node71node26_t4,6.0,node71transit_node26transit
flow_timber_node71node26_t5,7.0,node71transit_node26transit
flow_wide_node71node26_t1,0.0,node71transit_node26transit
flow_wide_node71node26_t2,0.0,node71transit_node26transit
flow_wide_node71node26_t3,0.0,node71transit_node26transit
flow_wide_node71node26_t4,0.0,node71transit_node26transit
flow_wide_node71node26_t5,0.0,node71transit_node26transit
flow_timber_node71node119_t1,0.0,node71transit_node119source
flow_timber_node71node119_t2,0.0,node71transit_node119source
flow_timber_node71node119_t3,0.0,node71transit_node119source
flow_timber_node71node119_t4,0.0,node71transit_node119source
flow_timber_node71node119_t5,0.0,node71transit_node119source
flow_wide_node71node119_t1,0.0,node71transit_node119source
flow_wide_node71node119_t2,0.0,node71transit_node119source
flow_wide_node71node119_t3,0.0,node71transit_node119source
flow_wide_node71node119_t4,0.0,node71transit_node119source
flow_wide_node71node119_t5,0.0,node71transit_node119source
flow_timber_node71node122_t1,0.0,node71transit_node122source
flow_timber_node71node122_t2,0.0,node71transit_node122source
flow_timber_node71node122_t3,0.0,node71transit_node122source
flow_timber_node71node122_t4,0.0,node71transit_node122source
flow_timber_node71node122_t5,0.0,node71transit_node122source
flow_wide_node71node122_t1,0.0,node71transit_node122source
flow_wide_node71node122_t2,0.0,node71transit_node122source
flow_wide_node71node122_t3,0.0,node71transit_node122source
flow_wide_node71node122_t4,0.0,node71transit_node122source
flow_wide_node71node122_t5,0.0,node71transit_node122source
flow_timber_node13node3_t1,0.0,node13transit_node3transit
flow_timber_node13node3_t2,0.0,node13transit_node3transit
flow_timber_node13node3_t3,0.0,node13transit_node3transit
flow_timber_node13node3_t4,0.0,node13transit_node3transit
flow_timber_node13node3_t5,0.0,node13transit_node3transit
flow_wide_node13node3_t1,0.0,node13transit_node3transit
flow_wide_node13node3_t2,0.0,node13transit_node3transit
flow_wide_node13node3_t3,0.0,node13transit_node3transit
flow_wide_node13node3_t4,0.0,node13transit_node3transit
flow_wide_node13node3_t5,0.0,node13transit_node3transit
flow_timber_node13node71_t1,0.0,node13transit_node71transit
flow_timber_node13node71_t2,0.0,node13transit_node71transit
flow_timber_node13node71_t3,0.0,node13transit_node71transit
flow_timber_node13node71_t4,0.0,node13transit_node71transit
flow_timber_node13node71_t5,0.0,node13transit_node71transit
flow_wide_node13node71_t1,0.0,node13transit_node71transit
flow_wide_node13node71_t2,0.0,node13transit_node71transit
flow_wide_node13node71_t3,0.0,node13transit_node71transit
flow_wide_node13node71_t4,0.0,node13transit_node71transit
flow_wide_node13node71_t5,0.0,node13transit_node71transit
flow_timber_node13node22_t1,0.0,node13transit_node22transit
flow_timber_node13node22_t2,0.0,node13transit_node22transit
flow_timber_node13node22_t3,0.0,node13transit_node22transit
flow_timber_node13node22_t4,0.0,node13transit_node22transit
flow_timber_node13node22_t5,0.0,node13transit_node22transit
flow_wide_node13node22_t1,0.0,node13transit_node22transit
flow_wide_node13node22_t2,0.0,node13transit_node22transit
flow_wide_node13node22_t3,0.0,node13transit_node22transit
flow_wide_node13node22_t4,0.0,node13transit_node22transit
flow_wide_node13node22_t5,0.0,node13transit_node22transit
flow_timber_node13node122_t1,0.0,node13transit_node122source
flow_timber_node13node122_t2,0.0,node13transit_node122source
flow_timber_node13node122_t3,0.0,node13transit_node122source
flow_timber_node13node122_t4,0.0,node13transit_node122source
flow_timber_node13node122_t5,0.0,node13transit_node122source
flow_wide_node13node122_t1,0.0,node13transit_node122source
flow_wide_node13node122_t2,0.0,node13transit_node122source
flow_wide_node13node122_t3,0.0,node13transit_node122source
flow_wide_node13node122_t4,0.0,node13transit_node122source
flow_wide_node13node122_t5,0.0,node13transit_node122source
flow_timber_node13node123_t1,0.0,node13transit_node123source
flow_timber_node13node123_t2,0.0,node13transit_node123source
flow_timber_node13node123_t3,0.0,node13transit_node123source
flow_timber_node13node123_t4,0.0,node13transit_node123source
flow_timber_node13node123_t5,0.0,node13transit_node123source
flow_wide_node13node123_t1,0.0,node13transit_node123source
flow_wide_node13node123_t2,0.0,node13transit_node123source
flow_wide_node13node123_t3,0.0,node13transit_node123source
flow_wide_node13node123_t4,0.0,node13transit_node123source
flow_wide_node13node123_t5,0.0,node13transit_node123source
flow_timber_node122node3_t1,0.0,node122source_node3transit
flow_timber_node122node3_t2,0.0,node122source_node3transit
flow_timber_node122node3_t3,0.0,node122source_node3transit
flow_timber_node122node3_t4,0.0,node122source_node3transit
flow_timber_node122node3_t5,0.0,node122source_node3transit
flow_wide_node122node3_t1,0.0,node122source_node3transit
flow_wide_node122node3_t2,0.0,node122source_node3transit
flow_wide_node122node3_t3,0.0,node122source_node3transit
flow_wide_node122node3_t4,0.0,node122source_node3transit
flow_wide_node122node3_t5,0.0,node122source_node3transit
flow_timber_node122node13_t1,0.0,node122source_node13transit
flow_timber_node122node13_t2,0.0,node122source_node13transit
flow_timber_node122node13_t3,0.0,node122source_node13transit
flow_timber_node122node13_t4,0.0,node122source_node13transit
flow_timber_node122node13_t5,0.0,node122source_node13transit
flow_wide_node122node13_t1,0.0,node122source_node13transit
flow_wide_node122node13_t2,0.0,node122source_node13transit
flow_wide_node122node13_t3,0.0,node122source_node13transit
flow_wide_node122node13_t4,0.0,node122source_node13transit
flow_wide_node122node13_t5,0.0,node122source_node13transit
flow_timber_node122node71_t1,1.0,node122source_node71transit
flow_timber_node122node71_t2,1.0,node122source_node71transit
flow_timber_node122node71_t3,1.0,node122source_node71transit
flow_timber_node122node71_t4,1.0,node122source_node71transit
flow_timber_node122node71_t5,1.0,node122source_node71transit
flow_wide_node122node71_t1,0.0,node122source_node71transit
flow_wide_node122node71_t2,0.0,node122source_node71transit
flow_wide_node122node71_t3,0.0,node122source_node71transit
flow_wide_node122node71_t4,0.0,node122source_node71transit
flow_wide_node122node71_t5,0.0,node122source_node71transit
flow_timber_node123node3_t1,1.0,node123source_node3transit
flow_timber_node123node3_t2,0.0,node123source_node3transit
flow_timber_node123node3_t3,0.0,node123source_node3transit
flow_timber_node123node3_t4,0.0,node123source_node3transit
flow_timber_node123node3_t5,0.0,node123source_node3transit
flow_wide_node123node3_t1,0.0,node123source_node3transit
flow_wide_node123node3_t2,0.0,node123source_node3transit
flow_wide_node123node3_t3,0.0,node123source_node3transit
flow_wide_node123node3_t4,0.0,node123source_node3transit
flow_wide_node123node3_t5,0.0,node123source_node3transit
flow_timber_node123node13_t1,0.0,node123source_node13transit
flow_timber_node123node13_t2,-0.0,node123source_node13transit
flow_timber_node123node13_t3,0.0,node123source_node13transit
flow_timber_node123node13_t4,0.0,node123source_node13transit
flow_timber_node123node13_t5,0.0,node123source_node13transit
flow_wide_node123node13_t1,0.0,node123source_node13transit
flow_wide_node123node13_t2,0.0,node123source_node13transit
flow_wide_node123node13_t3,0.0,node123source_node13transit
flow_wide_node123node13_t4,0.0,node123source_node13transit
flow_wide_node123node13_t5,0.0,node123source_node13transit
flow_timber_node123node22_t1,0.0,node123source_node22transit
flow_timber_node123node22_t2,0.0,node123source_node22transit
flow_timber_node123node22_t3,0.0,node123source_node22transit
flow_timber_node123node22_t4,0.0,node123source_node22transit
flow_timber_node123node22_t5,0.0,node123source_node22transit
flow_wide_node123node22_t1,0.0,node123source_node22transit
flow_wide_node123node22_t2,0.0,node123source_node22transit
flow_wide_node123node22_t3,0.0,node123source_node22transit
flow_wide_node123node22_t4,0.0,node123source_node22transit
flow_wide_node123node22_t5,0.0,node123source_node22transit
flow_timber_node123node87_t1,0.0,node123source_node87transit
flow_timber_node123node87_t2,1.0,node123source_node87transit
flow_timber_node123node87_t3,0.0,node123source_node87transit
flow_timber_node123node87_t4,1.0,node123source_node87transit
flow_timber_node123node87_t5,1.0,node123source_node87transit
flow_wide_node123node87_t1,0.0,node123source_node87transit
flow_wide_node123node87_t2,0.0,node123source_node87transit
flow_wide_node123node87_t3,0.0,node123source_node87transit
flow_wide_node123node87_t4,0.0,node123source_node87transit
flow_wide_node123node87_t5,0.0,node123source_node87transit
flow_timber_node4node91_t1,0.0,node4transit_node91transit
flow_timber_node4node91_t2,0.0,node4transit_node91transit
flow_timber_node4node91_t3,0.0,node4transit_node91transit
flow_timber_node4node91_t4,-0.0,node4transit_node91transit
flow_timber_node4node91_t5,0.0,node4transit_node91transit
flow_wide_node4node91_t1,0.0,node4transit_node91transit
flow_wide_node4node91_t2,0.0,node4transit_node91transit
flow_wide_node4node91_t3,0.0,node4transit_node91transit
flow_wide_node4node91_t4,0.0,node4transit_node91transit
flow_wide_node4node91_t5,0.0,node4transit_node91transit
flow_timber_node4node88_t1,0.0,node4transit_node88transit
flow_timber_node4node88_t2,0.0,node4transit_node88transit
flow_timber_node4node88_t3,0.0,node4transit_node88transit
flow_timber_node4node88_t4,0.0,node4transit_node88transit
flow_timber_node4node88_t5,0.0,node4transit_node88transit
flow_wide_node4node88_t1,0.0,node4transit_node88transit
flow_wide_node4node88_t2,0.0,node4transit_node88transit
flow_wide_node4node88_t3,0.0,node4transit_node88transit
flow_wide_node4node88_t4,0.0,node4transit_node88transit
flow_wide_node4node88_t5,0.0,node4transit_node88transit
flow_timber_node4node81_t1,0.0,node4transit_node81transit
flow_timber_node4node81_t2,0.0,node4transit_node81transit
flow_timber_node4node81_t3,0.0,node4transit_node81transit
flow_timber_node4node81_t4,0.0,node4transit_node81transit
flow_timber_node4node81_t5,0.0,node4transit_node81transit
flow_wide_node4node81_t1,0.0,node4transit_node81transit
flow_wide_node4node81_t2,0.0,node4transit_node81transit
flow_wide_node4node81_t3,0.0,node4transit_node81transit
flow_wide_node4node81_t4,0.0,node4transit_node81transit
flow_wide_node4node81_t5,0.0,node4transit_node81transit
flow_timber_node4node133_t1,0.0,node4transit_node133source
flow_timber_node4node133_t2,0.0,node4transit_node133source
flow_timber_node4node133_t3,0.0,node4transit_node133source
flow_timber_node4node133_t4,0.0,node4transit_node133source
flow_timber_node4node133_t5,0.0,node4transit_node133source
flow_wide_node4node133_t1,0.0,node4transit_node133source
flow_wide_node4node133_t2,0.0,node4transit_node133source
flow_wide_node4node133_t3,0.0,node4transit_node133source
flow_wide_node4node133_t4,0.0,node4transit_node133source
flow_wide_node4node133_t5,0.0,node4transit_node133source
flow_timber_node4node137_t1,0.0,node4transit_node137source
flow_timber_node4node137_t2,0.0,node4transit_node137source
flow_timber_node4node137_t3,0.0,node4transit_node137source
flow_timber_node4node137_t4,0.0,node4transit_node137source
flow_timber_node4node137_t5,0.0,node4transit_node137source
flow_wide_node4node137_t1,0.0,node4transit_node137source
flow_wide_node4node137_t2,0.0,node4transit_node137source
flow_wide_node4node137_t3,0.0,node4transit_node137source
flow_wide_node4node137_t4,0.0,node4transit_node137source
flow_wide_node4node137_t5,0.0,node4transit_node137source
flow_timber_node91node4_t1,0.0,node91transit_node4transit
flow_timber_node91node4_t2,0.0,node91transit_node4transit
flow_timber_node91node4_t3,0.0,node91transit_node4transit
flow_timber_node91node4_t4,0.0,node91transit_node4transit
flow_timber_node91node4_t5,0.0,node91transit_node4transit
flow_wide_node91node4_t1,0.0,node91transit_node4transit
flow_wide_node91node4_t2,0.0,node91transit_node4transit
flow_wide_node91node4_t3,0.0,node91transit_node4transit
flow_wide_node91node4_t4,0.0,node91transit_node4transit
flow_wide_node91node4_t5,0.0,node91transit_node4transit
flow_timber_node91node68_t1,0.0,node91transit_node68transit
flow_timber_node91node68_t2,0.0,node91transit_node68transit
flow_timber_node91node68_t3,0.0,node91transit_node68transit
flow_timber_node91node68_t4,0.0,node91transit_node68transit
flow_timber_node91node68_t5,-0.0,node91transit_node68transit
flow_wide_node91node68_t1,0.0,node91transit_node68transit
flow_wide_node91node68_t2,0.0,node91transit_node68transit
flow_wide_node91node68_t3,0.0,node91transit_node68transit
flow_wide_node91node68_t4,0.0,node91transit_node68transit
flow_wide_node91node68_t5,0.0,node91transit_node68transit
flow_timber_node91node77_t1,0.0,node91transit_node77transit
flow_timber_node91node77_t2,0.0,node91transit_node77transit
flow_timber_node91node77_t3,0.0,node91transit_node77transit
flow_timber_node91node77_t4,0.0,node91transit_node77transit
flow_timber_node91node77_t5,-0.0,node91transit_node77transit
flow_wide_node91node77_t1,0.0,node91transit_node77transit
flow_wide_node91node77_t2,0.0,node91transit_node77transit
flow_wide_node91node77_t3,0.0,node91transit_node77transit
flow_wide_node91node77_t4,0.0,node91transit_node77transit
flow_wide_node91node77_t5,0.0,node91transit_node77transit
flow_timber_node91node132_t1,0.0,node91transit_node132source
flow_timber_node91node132_t2,0.0,node91transit_node132source
flow_timber_node91node132_t3,0.0,node91transit_node132source
flow_timber_node91node132_t4,0.0,node91transit_node132source
flow_timber_node91node132_t5,0.0,node91transit_node132source
flow_wide_node91node132_t1,0.0,node91transit_node132source
flow_wide_node91node132_t2,0.0,node91transit_node132source
flow_wide_node91node132_t3,0.0,node91transit_node132source
flow_wide_node91node132_t4,0.0,node91transit_node132source
flow_wide_node91node132_t5,0.0,node91transit_node132source
flow_timber_node91node133_t1,0.0,node91transit_node133source
flow_timber_node91node133_t2,0.0,node91transit_node133source
flow_timber_node91node133_t3,0.0,node91transit_node133source
flow_timber_node91node133_t4,0.0,node91transit_node133source
flow_timber_node91node133_t5,0.0,node91transit_node133source
flow_wide_node91node133_t1,0.0,node91transit_node133source
flow_wide_node91node133_t2,0.0,node91transit_node133source
flow_wide_node91node133_t3,0.0,node91transit_node133source
flow_wide_node91node133_t4,0.0,node91transit_node133source
flow_wide_node91node133_t5,0.0,node91transit_node133source
flow_timber_node91node137_t1,0.0,node91transit_node137source
flow_timber_node91node137_t2,0.0,node91transit_node137source
flow_timber_node91node137_t3,0.0,node91transit_node137source
flow_timber_node91node137_t4,0.0,node91transit_node137source
flow_timber_node91node137_t5,0.0,node91transit_node137source
flow_wide_node91node137_t1,0.0,node91transit_node137source
flow_wide_node91node137_t2,0.0,node91transit_node137source
flow_wide_node91node137_t3,0.0,node91transit_node137source
flow_wide_node91node137_t4,0.0,node91transit_node137source
flow_wide_node91node137_t5,0.0,node91transit_node137source
flow_timber_node88node4_t1,0.0,node88transit_node4transit
flow_timber_node88node4_t2,0.0,node88transit_node4transit
flow_timber_node88node4_t3,0.0,node88transit_node4transit
flow_timber_node88node4_t4,0.0,node88transit_node4transit
flow_timber_node88node4_t5,0.0,node88transit_node4transit
flow_wide_node88node4_t1,0.0,node88transit_node4transit
flow_wide_node88node4_t2,0.0,node88transit_node4transit
flow_wide_node88node4_t3,0.0,node88transit_node4transit
flow_wide_node88node4_t4,0.0,node88transit_node4transit
flow_wide_node88node4_t5,0.0,node88transit_node4transit
flow_timber_node88node29_t1,0.0,node88transit_node29transit
flow_timber_node88node29_t2,0.0,node88transit_node29transit
flow_timber_node88node29_t3,0.0,node88transit_node29transit
flow_timber_node88node29_t4,0.0,node88transit_node29transit
flow_timber_node88node29_t5,0.0,node88transit_node29transit
flow_wide_node88node29_t1,0.0,node88transit_node29transit
flow_wide_node88node29_t2,0.0,node88transit_node29transit
flow_wide_node88node29_t3,0.0,node88transit_node29transit
flow_wide_node88node29_t4,0.0,node88transit_node29transit
flow_wide_node88node29_t5,0.0,node88transit_node29transit
flow_timber_node88node68_t1,0.0,node88transit_node68transit
flow_timber_node88node68_t2,0.0,node88transit_node68transit
flow_timber_node88node68_t3,0.0,node88transit_node68transit
flow_timber_node88node68_t4,0.0,node88transit_node68transit
flow_timber_node88node68_t5,-0.0,node88transit_node68transit
flow_wide_node88node68_t1,0.0,node88transit_node68transit
flow_wide_node88node68_t2,0.0,node88transit_node68transit
flow_wide_node88node68_t3,0.0,node88transit_node68transit
flow_wide_node88node68_t4,0.0,node88transit_node68transit
flow_wide_node88node68_t5,0.0,node88transit_node68transit
flow_timber_node88node133_t1,0.0,node88transit_node133source
flow_timber_node88node133_t2,0.0,node88transit_node133source
flow_timber_node88node133_t3,0.0,node88transit_node133source
flow_timber_node88node133_t4,0.0,node88transit_node133source
flow_timber_node88node133_t5,0.0,node88transit_node133source
flow_wide_node88node133_t1,0.0,node88transit_node133source
flow_wide_node88node133_t2,0.0,node88transit_node133source
flow_wide_node88node133_t3,0.0,node88transit_node133source
flow_wide_node88node133_t4,0.0,node88transit_node133source
flow_wide_node88node133_t5,0.0,node88transit_node133source
flow_timber_node88node134_t1,0.0,node88transit_node134source
flow_timber_node88node134_t2,0.0,node88transit_node134source
flow_timber_node88node134_t3,0.0,node88transit_node134source
flow_timber_node88node134_t4,0.0,node88transit_node134source
flow_timber_node88node134_t5,0.0,node88transit_node134source
flow_wide_node88node134_t1,0.0,node88transit_node134source
flow_wide_node88node134_t2,0.0,node88transit_node134source
flow_wide_node88node134_t3,0.0,node88transit_node134source
flow_wide_node88node134_t4,0.0,node88transit_node134source
flow_wide_node88node134_t5,0.0,node88transit_node134source
flow_timber_node81node4_t1,0.0,node81transit_node4transit
flow_timber_node81node4_t2,0.0,node81transit_node4transit
flow_timber_node81node4_t3,0.0,node81transit_node4transit
flow_timber_node81node4_t4,0.0,node81transit_node4transit
flow_timber_node81node4_t5,0.0,node81transit_node4transit
flow_wide_node81node4_t1,0.0,node81transit_node4transit
flow_wide_node81node4_t2,0.0,node81transit_node4transit
flow_wide_node81node4_t3,0.0,node81transit_node4transit
flow_wide_node81node4_t4,0.0,node81transit_node4transit
flow_wide_node81node4_t5,0.0,node81transit_node4transit
flow_timber_node81node33_t1,0.0,node81transit_node33transit
flow_timber_node81node33_t2,0.0,node81transit_node33transit
flow_timber_node81node33_t3,0.0,node81transit_node33transit
flow_timber_node81node33_t4,0.0,node81transit_node33transit
flow_timber_node81node33_t5,0.0,node81transit_node33transit
flow_wide_node81node33_t1,0.0,node81transit_node33transit
flow_wide_node81node33_t2,0.0,node81transit_node33transit
flow_wide_node81node33_t3,0.0,node81transit_node33transit
flow_wide_node81node33_t4,0.0,node81transit_node33transit
flow_wide_node81node33_t5,0.0,node81transit_node33transit
flow_timber_node81node103_t1,0.0,node81transit_node103exit
flow_timber_node81node103_t2,0.0,node81transit_node103exit
flow_timber_node81node103_t3,0.0,node81transit_node103exit
flow_timber_node81node103_t4,0.0,node81transit_node103exit
flow_timber_node81node103_t5,0.0,node81transit_node103exit
flow_wide_node81node103_t1,0.0,node81transit_node103exit
flow_wide_node81node103_t2,0.0,node81transit_node103exit
flow_wide_node81node103_t3,0.0,node81transit_node103exit
flow_wide_node81node103_t4,0.0,node81transit_node103exit
flow_wide_node81node103_t5,0.0,node81transit_node103exit
flow_timber_node81node137_t1,0.0,node81transit_node137source
flow_timber_node81node137_t2,0.0,node81transit_node137source
flow_timber_node81node137_t3,0.0,node81transit_node137source
flow_timber_node81node137_t4,0.0,node81transit_node137source
flow_timber_node81node137_t5,0.0,node81transit_node137source
flow_wide_node81node137_t1,0.0,node81transit_node137source
flow_wide_node81node137_t2,0.0,node81transit_node137source
flow_wide_node81node137_t3,0.0,node81transit_node137source
flow_wide_node81node137_t4,0.0,node81transit_node137source
flow_wide_node81node137_t5,0.0,node81transit_node137source
flow_timber_node133node4_t1,0.0,node133source_node4transit
flow_timber_node133node4_t2,0.0,node133source_node4transit
flow_timber_node133node4_t3,0.0,node133source_node4transit
flow_timber_node133node4_t4,0.0,node133source_node4transit
flow_timber_node133node4_t5,0.0,node133source_node4transit
flow_wide_node133node4_t1,0.0,node133source_node4transit
flow_wide_node133node4_t2,0.0,node133source_node4transit
flow_wide_node133node4_t3,0.0,node133source_node4transit
flow_wide_node133node4_t4,0.0,node133source_node4transit
flow_wide_node133node4_t5,0.0,node133source_node4transit
flow_timber_node133node68_t1,1.0,node133source_node68transit
flow_timber_node133node68_t2,1.0,node133source_node68transit
flow_timber_node133node68_t3,1.0,node133source_node68transit
flow_timber_node133node68_t4,1.0,node133source_node68transit
flow_timber_node133node68_t5,1.0,node133source_node68transit
flow_wide_node133node68_t1,0.0,node133source_node68transit
flow_wide_node133node68_t2,0.0,node133source_node68transit
flow_wide_node133node68_t3,0.0,node133source_node68transit
flow_wide_node133node68_t4,0.0,node133source_node68transit
flow_wide_node133node68_t5,0.0,node133source_node68transit
flow_timber_node133node88_t1,0.0,node133source_node88transit
flow_timber_node133node88_t2,0.0,node133source_node88transit
flow_timber_node133node88_t3,0.0,node133source_node88transit
flow_timber_node133node88_t4,0.0,node133source_node88transit
flow_timber_node133node88_t5,0.0,node133source_node88transit
flow_wide_node133node88_t1,0.0,node133source_node88transit
flow_wide_node133node88_t2,0.0,node133source_node88transit
flow_wide_node133node88_t3,0.0,node133source_node88transit
flow_wide_node133node88_t4,0.0,node133source_node88transit
flow_wide_node133node88_t5,0.0,node133source_node88transit
flow_timber_node133node91_t1,0.0,node133source_node91transit
flow_timber_node133node91_t2,0.0,node133source_node91transit
flow_timber_node133node91_t3,0.0,node133source_node91transit
flow_timber_node133node91_t4,0.0,node133source_node91transit
flow_timber_node133node91_t5,0.0,node133source_node91transit
flow_wide_node133node91_t1,0.0,node133source_node91transit
flow_wide_node133node91_t2,0.0,node133source_node91transit
flow_wide_node133node91_t3,0.0,node133source_node91transit
flow_wide_node133node91_t4,0.0,node133source_node91transit
flow_wide_node133node91_t5,0.0,node133source_node91transit
flow_timber_node137node4_t1,0.0,node137source_node4transit
flow_timber_node137node4_t2,0.0,node137source_node4transit
flow_timber_node137node4_t3,0.0,node137source_node4transit
flow_timber_node137node4_t4,0.0,node137source_node4transit
flow_timber_node137node4_t5,0.0,node137source_node4transit
flow_wide_node137node4_t1,0.0,node137source_node4transit
flow_wide_node137node4_t2,0.0,node137source_node4transit
flow_wide_node137node4_t3,0.0,node137source_node4transit
flow_wide_node137node4_t4,0.0,node137source_node4transit
flow_wide_node137node4_t5,0.0,node137source_node4transit
flow_timber_node137node33_t1,0.0,node137source_node33transit
flow_timber_node137node33_t2,0.0,node137source_node33transit
flow_timber_node137node33_t3,0.0,node137source_node33transit
flow_timber_node137node33_t4,0.0,node137source_node33transit
flow_timber_node137node33_t5,0.0,node137source_node33transit
flow_wide_node137node33_t1,0.0,node137source_node33transit
flow_wide_node137node33_t2,0.0,node137source_node33transit
flow_wide_node137node33_t3,0.0,node137source_node33transit
flow_wide_node137node33_t4,0.0,node137source_node33transit
flow_wide_node137node33_t5,0.0,node137source_node33transit
flow_timber_node137node45_t1,0.0,node137source_node45transit
flow_timber_node137node45_t2,0.0,node137source_node45transit
flow_timber_node137node45_t3,0.0,node137source_node45transit
flow_timber_node137node45_t4,0.0,node137source_node45transit
flow_timber_node137node45_t5,0.0,node137source_node45transit
flow_wide_node137node45_t1,0.0,node137source_node45transit
flow_wide_node137node45_t2,0.0,node137source_node45transit
flow_wide_node137node45_t3,0.0,node137source_node45transit
flow_wide_node137node45_t4,0.0,node137source_node45transit
flow_wide_node137node45_t5,0.0,node137source_node45transit
flow_timber_node137node63_t1,0.0,node137source_node63transit
flow_timber_node137node63_t2,0.0,node137source_node63transit
flow_timber_node137node63_t3,0.0,node137source_node63transit
flow_timber_node137node63_t4,1.0,node137source_node63transit
flow_timber_node137node63_t5,1.0,node137source_node63transit
flow_wide_node137node63_t1,0.0,node137source_node63transit
flow_wide_node137node63_t2,0.0,node137source_node63transit
flow_wide_node137node63_t3,0.0,node137source_node63transit
flow_wide_node137node63_t4,0.0,node137source_node63transit
flow_wide_node137node63_t5,0.0,node137source_node63transit
flow_timber_node137node77_t1,1.0,node137source_node77transit
flow_timber_node137node77_t2,0.0,node137source_node77transit
flow_timber_node137node77_t3,0.0,node137source_node77transit
flow_timber_node137node77_t4,0.0,node137source_node77transit
flow_timber_node137node77_t5,-0.0,node137source_node77transit
flow_wide_node137node77_t1,0.0,node137source_node77transit
flow_wide_node137node77_t2,0.0,node137source_node77transit
flow_wide_node137node77_t3,0.0,node137source_node77transit
flow_wide_node137node77_t4,0.0,node137source_node77transit
flow_wide_node137node77_t5,0.0,node137source_node77transit
flow_timber_node137node81_t1,0.0,node137source_node81transit
flow_timber_node137node81_t2,0.0,node137source_node81transit
flow_timber_node137node81_t3,0.0,node137source_node81transit
flow_timber_node137node81_t4,0.0,node137source_node81transit
flow_timber_node137node81_t5,0.0,node137source_node81transit
flow_wide_node137node81_t1,0.0,node137source_node81transit
flow_wide_node137node81_t2,0.0,node137source_node81transit
flow_wide_node137node81_t3,0.0,node137source_node81transit
flow_wide_node137node81_t4,0.0,node137source_node81transit
flow_wide_node137node81_t5,0.0,node137source_node81transit
flow_timber_node137node91_t1,0.0,node137source_node91transit
flow_timber_node137node91_t2,0.0,node137source_node91transit
flow_timber_node137node91_t3,0.0,node137source_node91transit
flow_timber_node137node91_t4,0.0,node137source_node91transit
flow_timber_node137node91_t5,0.0,node137source_node91transit
flow_wide_node137node91_t1,0.0,node137source_node91transit
flow_wide_node137node91_t2,0.0,node137source_node91transit
flow_wide_node137node91_t3,0.0,node137source_node91transit
flow_wide_node137node91_t4,0.0,node137source_node91transit
flow_wide_node137node91_t5,0.0,node137source_node91transit
flow_timber_node5node20_t1,0.0,node5transit_node20transit
flow_timber_node5node20_t2,0.0,node5transit_node20transit
flow_timber_node5node20_t3,0.0,node5transit_node20transit
flow_timber_node5node20_t4,0.0,node5transit_node20transit
flow_timber_node5node20_t5,0.0,node5transit_node20transit
flow_wide_node5node20_t1,0.0,node5transit_node20transit
flow_wide_node5node20_t2,0.0,node5transit_node20transit
flow_wide_node5node20_t3,0.0,node5transit_node20transit
flow_wide_node5node20_t4,0.0,node5transit_node20transit
flow_wide_node5node20_t5,0.0,node5transit_node20transit
flow_timber_node5node35_t1,0.0,node5transit_node35transit
flow_timber_node5node35_t2,0.0,node5transit_node35transit
flow_timber_node5node35_t3,0.0,node5transit_node35transit
flow_timber_node5node35_t4,0.0,node5transit_node35transit
flow_timber_node5node35_t5,0.0,node5transit_node35transit
flow_wide_node5node35_t1,0.0,node5transit_node35transit
flow_wide_node5node35_t2,0.0,node5transit_node35transit
flow_wide_node5node35_t3,0.0,node5transit_node35transit
flow_wide_node5node35_t4,0.0,node5transit_node35transit
flow_wide_node5node35_t5,0.0,node5transit_node35transit
flow_timber_node5node39_t1,0.0,node5transit_node39transit
flow_timber_node5node39_t2,0.0,node5transit_node39transit
flow_timber_node5node39_t3,0.0,node5transit_node39transit
flow_timber_node5node39_t4,0.0,node5transit_node39transit
flow_timber_node5node39_t5,0.0,node5transit_node39transit
flow_wide_node5node39_t1,0.0,node5transit_node39transit
flow_wide_node5node39_t2,0.0,node5transit_node39transit
flow_wide_node5node39_t3,0.0,node5transit_node39transit
flow_wide_node5node39_t4,0.0,node5transit_node39transit
flow_wide_node5node39_t5,0.0,node5transit_node39transit
flow_timber_node5node145_t1,0.0,node5transit_node145source
flow_timber_node5node145_t2,0.0,node5transit_node145source
flow_timber_node5node145_t3,0.0,node5transit_node145source
flow_timber_node5node145_t4,0.0,node5transit_node145source
flow_timber_node5node145_t5,0.0,node5transit_node145source
flow_wide_node5node145_t1,0.0,node5transit_node145source
flow_wide_node5node145_t2,0.0,node5transit_node145source
flow_wide_node5node145_t3,0.0,node5transit_node145source
flow_wide_node5node145_t4,0.0,node5transit_node145source
flow_wide_node5node145_t5,0.0,node5transit_node145source
flow_timber_node20node5_t1,0.0,node20transit_node5transit
flow_timber_node20node5_t2,0.0,node20transit_node5transit
flow_timber_node20node5_t3,0.0,node20transit_node5transit
flow_timber_node20node5_t4,0.0,node20transit_node5transit
flow_timber_node20node5_t5,0.0,node20transit_node5transit
flow_wide_node20node5_t1,0.0,node20transit_node5transit
flow_wide_node20node5_t2,0.0,node20transit_node5transit
flow_wide_node20node5_t3,0.0,node20transit_node5transit
flow_wide_node20node5_t4,0.0,node20transit_node5transit
flow_wide_node20node5_t5,0.0,node20transit_node5transit
flow_timber_node20node39_t1,0.0,node20transit_node39transit
flow_timber_node20node39_t2,0.0,node20transit_node39transit
flow_timber_node20node39_t3,0.0,node20transit_node39transit
flow_timber_node20node39_t4,0.0,node20transit_node39transit
flow_timber_node20node39_t5,0.0,node20transit_node39transit
flow_wide_node20node39_t1,0.0,node20transit_node39transit
flow_wide_node20node39_t2,0.0,node20transit_node39transit
flow_wide_node20node39_t3,0.0,node20transit_node39transit
flow_wide_node20node39_t4,0.0,node20transit_node39transit
flow_wide_node20node39_t5,0.0,node20transit_node39transit
flow_timber_node20node42_t1,1.0,node20transit_node42transit
flow_timber_node20node42_t2,0.0,node20transit_node42transit
flow_timber_node20node42_t3,1.0,node20transit_node42transit
flow_timber_node20node42_t4,1.0,node20transit_node42transit
flow_timber_node20node42_t5,1.0,node20transit_node42transit
flow_wide_node20node42_t1,0.0,node20transit_node42transit
flow_wide_node20node42_t2,0.0,node20transit_node42transit
flow_wide_node20node42_t3,0.0,node20transit_node42transit
flow_wide_node20node42_t4,0.0,node20transit_node42transit
flow_wide_node20node42_t5,0.0,node20transit_node42transit
flow_timber_node20node145_t1,0.0,node20transit_node145source
flow_timber_node20node145_t2,0.0,node20transit_node145source
flow_timber_node20node145_t3,0.0,node20transit_node145source
flow_timber_node20node145_t4,0.0,node20transit_node145source
flow_timber_node20node145_t5,0.0,node20transit_node145source
flow_wide_node20node145_t1,0.0,node20transit_node145source
flow_wide_node20node145_t2,0.0,node20transit_node145source
flow_wide_node20node145_t3,0.0,node20transit_node145source
flow_wide_node20node145_t4,0.0,node20transit_node145source
flow_wide_node20node145_t5,0.0,node20transit_node145source
flow_timber_node35node5_t1,0.0,node35transit_node5transit
flow_timber_node35node5_t2,0.0,node35transit_node5transit
flow_timber_node35node5_t3,0.0,node35transit_node5transit
flow_timber_node35node5_t4,0.0,node35transit_node5transit
flow_timber_node35node5_t5,0.0,node35transit_node5transit
flow_wide_node35node5_t1,0.0,node35transit_node5transit
flow_wide_node35node5_t2,0.0,node35transit_node5transit
flow_wide_node35node5_t3,0.0,node35transit_node5transit
flow_wide_node35node5_t4,0.0,node35transit_node5transit
flow_wide_node35node5_t5,0.0,node35transit_node5transit
flow_timber_node35node111_t1,0.0,node35transit_node111exit
flow_timber_node35node111_t2,0.0,node35transit_node111exit
flow_timber_node35node111_t3,0.0,node35transit_node111exit
flow_timber_node35node111_t4,0.0,node35transit_node111exit
flow_timber_node35node111_t5,0.0,node35transit_node111exit
flow_wide_node35node111_t1,0.0,node35transit_node111exit
flow_wide_node35node111_t2,0.0,node35transit_node111exit
flow_wide_node35node111_t3,0.0,node35transit_node111exit
flow_wide_node35node111_t4,0.0,node35transit_node111exit
flow_wide_node35node111_t5,0.0,node35transit_node111exit
flow_timber_node35node96_t1,0.0,node35transit_node96transit
flow_timber_node35node96_t2,0.0,node35transit_node96transit
flow_timber_node35node96_t3,0.0,node35transit_node96transit
flow_timber_node35node96_t4,0.0,node35transit_node96transit
flow_timber_node35node96_t5,0.0,node35transit_node96transit
flow_wide_node35node96_t1,0.0,node35transit_node96transit
flow_wide_node35node96_t2,0.0,node35transit_node96transit
flow_wide_node35node96_t3,0.0,node35transit_node96transit
flow_wide_node35node96_t4,0.0,node35transit_node96transit
flow_wide_node35node96_t5,0.0,node35transit_node96transit
flow_timber_node39node5_t1,0.0,node39transit_node5transit
flow_timber_node39node5_t2,0.0,node39transit_node5transit
flow_timber_node39node5_t3,0.0,node39transit_node5transit
flow_timber_node39node5_t4,0.0,node39transit_node5transit
flow_timber_node39node5_t5,0.0,node39transit_node5transit
flow_wide_node39node5_t1,0.0,node39transit_node5transit
flow_wide_node39node5_t2,0.0,node39transit_node5transit
flow_wide_node39node5_t3,0.0,node39transit_node5transit
flow_wide_node39node5_t4,0.0,node39transit_node5transit
flow_wide_node39node5_t5,0.0,node39transit_node5transit
flow_timber_node39node20_t1,0.0,node39transit_node20transit
flow_timber_node39node20_t2,0.0,node39transit_node20transit
flow_timber_node39node20_t3,0.0,node39transit_node20transit
flow_timber_node39node20_t4,0.0,node39transit_node20transit
flow_timber_node39node20_t5,0.0,node39transit_node20transit
flow_wide_node39node20_t1,0.0,node39transit_node20transit
flow_wide_node39node20_t2,0.0,node39transit_node20transit
flow_wide_node39node20_t3,0.0,node39transit_node20transit
flow_wide_node39node20_t4,0.0,node39transit_node20transit
flow_wide_node39node20_t5,0.0,node39transit_node20transit
flow_timber_node39node145_t1,0.0,node39transit_node145source
flow_timber_node39node145_t2,0.0,node39transit_node145source
flow_timber_node39node145_t3,0.0,node39transit_node145source
flow_timber_node39node145_t4,0.0,node39transit_node145source
flow_timber_node39node145_t5,0.0,node39transit_node145source
flow_wide_node39node145_t1,0.0,node39transit_node145source
flow_wide_node39node145_t2,0.0,node39transit_node145source
flow_wide_node39node145_t3,0.0,node39transit_node145source
flow_wide_node39node145_t4,0.0,node39transit_node145source
flow_wide_node39node145_t5,0.0,node39transit_node145source
flow_timber_node145node5_t1,0.0,node145source_node5transit
flow_timber_node145node5_t2,0.0,node145source_node5transit
flow_timber_node145node5_t3,0.0,node145source_node5transit
flow_timber_node145node5_t4,0.0,node145source_node5transit
flow_timber_node145node5_t5,0.0,node145source_node5transit
flow_wide_node145node5_t1,0.0,node145source_node5transit
flow_wide_node145node5_t2,0.0,node145source_node5transit
flow_wide_node145node5_t3,0.0,node145source_node5transit
flow_wide_node145node5_t4,0.0,node145source_node5transit
flow_wide_node145node5_t5,0.0,node145source_node5transit
flow_timber_node145node20_t1,1.0,node145source_node20transit
flow_timber_node145node20_t2,0.0,node145source_node20transit
flow_timber_node145node20_t3,1.0,node145source_node20transit
flow_timber_node145node20_t4,1.0,node145source_node20transit
flow_timber_node145node20_t5,1.0,node145source_node20transit
flow_wide_node145node20_t1,0.0,node145source_node20transit
flow_wide_node145node20_t2,0.0,node145source_node20transit
flow_wide_node145node20_t3,0.0,node145source_node20transit
flow_wide_node145node20_t4,0.0,node145source_node20transit
flow_wide_node145node20_t5,0.0,node145source_node20transit
flow_timber_node145node39_t1,0.0,node145source_node39transit
flow_timber_node145node39_t2,0.0,node145source_node39transit
flow_timber_node145node39_t3,0.0,node145source_node39transit
flow_timber_node145node39_t4,0.0,node145source_node39transit
flow_timber_node145node39_t5,0.0,node145source_node39transit
flow_wide_node145node39_t1,0.0,node145source_node39transit
flow_wide_node145node39_t2,0.0,node145source_node39transit
flow_wide_node145node39_t3,0.0,node145source_node39transit
flow_wide_node145node39_t4,0.0,node145source_node39transit
flow_wide_node145node39_t5,0.0,node145source_node39transit
flow_timber_node6node45_t1,0.0,node6transit_node45transit
flow_timber_node6node45_t2,0.0,node6transit_node45transit
flow_timber_node6node45_t3,0.0,node6transit_node45transit
flow_timber_node6node45_t4,0.0,node6transit_node45transit
flow_timber_node6node45_t5,0.0,node6transit_node45transit
flow_wide_node6node45_t1,0.0,node6transit_node45transit
flow_wide_node6node45_t2,0.0,node6transit_node45transit
flow_wide_node6node45_t3,0.0,node6transit_node45transit
flow_wide_node6node45_t4,0.0,node6transit_node45transit
flow_wide_node6node45_t5,0.0,node6transit_node45transit
flow_timber_node6node17_t1,0.0,node6transit_node17transit
flow_timber_node6node17_t2,0.0,node6transit_node17transit
flow_timber_node6node17_t3,0.0,node6transit_node17transit
flow_timber_node6node17_t4,0.0,node6transit_node17transit
flow_timber_node6node17_t5,0.0,node6transit_node17transit
flow_wide_node6node17_t1,0.0,node6transit_node17transit
flow_wide_node6node17_t2,0.0,node6transit_node17transit
flow_wide_node6node17_t3,0.0,node6transit_node17transit
flow_wide_node6node17_t4,0.0,node6transit_node17transit
flow_wide_node6node17_t5,0.0,node6transit_node17transit
flow_timber_node6node47_t1,0.0,node6transit_node47exit
flow_timber_node6node47_t2,0.0,node6transit_node47exit
flow_timber_node6node47_t3,0.0,node6transit_node47exit
flow_timber_node6node47_t4,0.0,node6transit_node47exit
flow_timber_node6node47_t5,0.0,node6transit_node47exit
flow_wide_node6node47_t1,0.0,node6transit_node47exit
flow_wide_node6node47_t2,0.0,node6transit_node47exit
flow_wide_node6node47_t3,0.0,node6transit_node47exit
flow_wide_node6node47_t4,0.0,node6transit_node47exit
flow_wide_node6node47_t5,0.0,node6transit_node47exit
flow_timber_node6node140_t1,0.0,node6transit_node140source
flow_timber_node6node140_t2,0.0,node6transit_node140source
flow_timber_node6node140_t3,0.0,node6transit_node140source
flow_timber_node6node140_t4,0.0,node6transit_node140source
flow_timber_node6node140_t5,0.0,node6transit_node140source
flow_wide_node6node140_t1,0.0,node6transit_node140source
flow_wide_node6node140_t2,0.0,node6transit_node140source
flow_wide_node6node140_t3,0.0,node6transit_node140source
flow_wide_node6node140_t4,0.0,node6transit_node140source
flow_wide_node6node140_t5,0.0,node6transit_node140source
flow_timber_node45node6_t1,0.0,node45transit_node6transit
flow_timber_node45node6_t2,0.0,node45transit_node6transit
flow_timber_node45node6_t3,0.0,node45transit_node6transit
flow_timber_node45node6_t4,0.0,node45transit_node6transit
flow_timber_node45node6_t5,0.0,node45transit_node6transit
flow_wide_node45node6_t1,0.0,node45transit_node6transit
flow_wide_node45node6_t2,0.0,node45transit_node6transit
flow_wide_node45node6_t3,0.0,node45transit_node6transit
flow_wide_node45node6_t4,0.0,node45transit_node6transit
flow_wide_node45node6_t5,0.0,node45transit_node6transit
flow_timber_node45node77_t1,0.0,node45transit_node77transit
flow_timber_node45node77_t2,0.0,node45transit_node77transit
flow_timber_node45node77_t3,0.0,node45transit_node77transit
flow_timber_node45node77_t4,0.0,node45transit_node77transit
flow_timber_node45node77_t5,-0.0,node45transit_node77transit
flow_wide_node45node77_t1,0.0,node45transit_node77transit
flow_wide_node45node77_t2,0.0,node45transit_node77transit
flow_wide_node45node77_t3,0.0,node45transit_node77transit
flow_wide_node45node77_t4,0.0,node45transit_node77transit
flow_wide_node45node77_t5,0.0,node45transit_node77transit
flow_timber_node45node63_t1,0.0,node45transit_node63transit
flow_timber_node45node63_t2,0.0,node45transit_node63transit
flow_timber_node45node63_t3,0.0,node45transit_node63transit
flow_timber_node45node63_t4,0.0,node45transit_node63transit
flow_timber_node45node63_t5,0.0,node45transit_node63transit
flow_wide_node45node63_t1,0.0,node45transit_node63transit
flow_wide_node45node63_t2,0.0,node45transit_node63transit
flow_wide_node45node63_t3,0.0,node45transit_node63transit
flow_wide_node45node63_t4,0.0,node45transit_node63transit
flow_wide_node45node63_t5,0.0,node45transit_node63transit
flow_timber_node45node137_t1,0.0,node45transit_node137source
flow_timber_node45node137_t2,0.0,node45transit_node137source
flow_timber_node45node137_t3,0.0,node45transit_node137source
flow_timber_node45node137_t4,0.0,node45transit_node137source
flow_timber_node45node137_t5,0.0,node45transit_node137source
flow_wide_node45node137_t1,0.0,node45transit_node137source
flow_wide_node45node137_t2,0.0,node45transit_node137source
flow_wide_node45node137_t3,0.0,node45transit_node137source
flow_wide_node45node137_t4,0.0,node45transit_node137source
flow_wide_node45node137_t5,0.0,node45transit_node137source
flow_timber_node45node140_t1,0.0,node45transit_node140source
flow_timber_node45node140_t2,0.0,node45transit_node140source
flow_timber_node45node140_t3,0.0,node45transit_node140source
flow_timber_node45node140_t4,0.0,node45transit_node140source
flow_timber_node45node140_t5,0.0,node45transit_node140source
flow_wide_node45node140_t1,0.0,node45transit_node140source
flow_wide_node45node140_t2,0.0,node45transit_node140source
flow_wide_node45node140_t3,0.0,node45transit_node140source
flow_wide_node45node140_t4,0.0,node45transit_node140source
flow_wide_node45node140_t5,0.0,node45transit_node140source
flow_timber_node17node6_t1,0.0,node17transit_node6transit
flow_timber_node17node6_t2,0.0,node17transit_node6transit
flow_timber_node17node6_t3,0.0,node17transit_node6transit
flow_timber_node17node6_t4,0.0,node17transit_node6transit
flow_timber_node17node6_t5,0.0,node17transit_node6transit
flow_wide_node17node6_t1,0.0,node17transit_node6transit
flow_wide_node17node6_t2,0.0,node17transit_node6transit
flow_wide_node17node6_t3,0.0,node17transit_node6transit
flow_wide_node17node6_t4,0.0,node17transit_node6transit
flow_wide_node17node6_t5,0.0,node17transit_node6transit
flow_timber_node17node8_t1,0.0,node17transit_node8transit
flow_timber_node17node8_t2,0.0,node17transit_node8transit
flow_timber_node17node8_t3,0.0,node17transit_node8transit
flow_timber_node17node8_t4,0.0,node17transit_node8transit
flow_timber_node17node8_t5,0.0,node17transit_node8transit
flow_wide_node17node8_t1,0.0,node17transit_node8transit
flow_wide_node17node8_t2,0.0,node17transit_node8transit
flow_wide_node17node8_t3,0.0,node17transit_node8transit
flow_wide_node17node8_t4,0.0,node17transit_node8transit
flow_wide_node17node8_t5,0.0,node17transit_node8transit
flow_timber_node17node73_t1,0.0,node17transit_node73transit
flow_timber_node17node73_t2,0.0,node17transit_node73transit
flow_timber_node17node73_t3,0.0,node17transit_node73transit
flow_timber_node17node73_t4,1.0,node17transit_node73transit
flow_timber_node17node73_t5,1.0,node17transit_node73transit
flow_wide_node17node73_t1,0.0,node17transit_node73transit
flow_wide_node17node73_t2,0.0,node17transit_node73transit
flow_wide_node17node73_t3,0.0,node17transit_node73transit
flow_wide_node17node73_t4,0.0,node17transit_node73transit
flow_wide_node17node73_t5,0.0,node17transit_node73transit
flow_timber_node17node140_t1,0.0,node17transit_node140source
flow_timber_node17node140_t2,0.0,node17transit_node140source
flow_timber_node17node140_t3,0.0,node17transit_node140source
flow_timber_node17node140_t4,0.0,node17transit_node140source
flow_timber_node17node140_t5,0.0,node17transit_node140source
flow_wide_node17node140_t1,0.0,node17transit_node140source
flow_wide_node17node140_t2,0.0,node17transit_node140source
flow_wide_node17node140_t3,0.0,node17transit_node140source
flow_wide_node17node140_t4,0.0,node17transit_node140source
flow_wide_node17node140_t5,0.0,node17transit_node140source
flow_timber_node17node141_t1,0.0,node17transit_node141source
flow_timber_node17node141_t2,0.0,node17transit_node141source
flow_timber_node17node141_t3,0.0,node17transit_node141source
flow_timber_node17node141_t4,0.0,node17transit_node141source
flow_timber_node17node141_t5,0.0,node17transit_node141source
flow_wide_node17node141_t1,0.0,node17transit_node141source
flow_wide_node17node141_t2,0.0,node17transit_node141source
flow_wide_node17node141_t3,0.0,node17transit_node141source
flow_wide_node17node141_t4,0.0,node17transit_node141source
flow_wide_node17node141_t5,0.0,node17transit_node141source
flow_timber_node47node6_t1,0.0,node47exit_node6transit
flow_timber_node47node6_t2,0.0,node47exit_node6transit
flow_timber_node47node6_t3,0.0,node47exit_node6transit
flow_timber_node47node6_t4,0.0,node47exit_node6transit
flow_timber_node47node6_t5,0.0,node47exit_node6transit
flow_wide_node47node6_t1,0.0,node47exit_node6transit
flow_wide_node47node6_t2,0.0,node47exit_node6transit
flow_wide_node47node6_t3,0.0,node47exit_node6transit
flow_wide_node47node6_t4,0.0,node47exit_node6transit
flow_wide_node47node6_t5,0.0,node47exit_node6transit
flow_timber_node47node106_t1,0.0,node47exit_node106exit
flow_timber_node47node106_t2,0.0,node47exit_node106exit
flow_timber_node47node106_t3,0.0,node47exit_node106exit
flow_timber_node47node106_t4,0.0,node47exit_node106exit
flow_timber_node47node106_t5,0.0,node47exit_node106exit
flow_wide_node47node106_t1,0.0,node47exit_node106exit
flow_wide_node47node106_t2,0.0,node47exit_node106exit
flow_wide_node47node106_t3,0.0,node47exit_node106exit
flow_wide_node47node106_t4,0.0,node47exit_node106exit
flow_wide_node47node106_t5,0.0,node47exit_node106exit
flow_timber_node140node6_t1,0.0,node140source_node6transit
flow_timber_node140node6_t2,0.0,node140source_node6transit
flow_timber_node140node6_t3,0.0,node140source_node6transit
flow_timber_node140node6_t4,0.0,node140source_node6transit
flow_timber_node140node6_t5,0.0,node140source_node6transit
flow_wide_node140node6_t1,0.0,node140source_node6transit
flow_wide_node140node6_t2,0.0,node140source_node6transit
flow_wide_node140node6_t3,0.0,node140source_node6transit
flow_wide_node140node6_t4,0.0,node140source_node6transit
flow_wide_node140node6_t5,0.0,node140source_node6transit
flow_timber_node140node8_t1,1.0,node140source_node8transit
flow_timber_node140node8_t2,0.0,node140source_node8transit
flow_timber_node140node8_t3,0.0,node140source_node8transit
flow_timber_node140node8_t4,0.0,node140source_node8transit
flow_timber_node140node8_t5,0.0,node140source_node8transit
flow_wide_node140node8_t1,0.0,node140source_node8transit
flow_wide_node140node8_t2,0.0,node140source_node8transit
flow_wide_node140node8_t3,0.0,node140source_node8transit
flow_wide_node140node8_t4,0.0,node140source_node8transit
flow_wide_node140node8_t5,0.0,node140source_node8transit
flow_timber_node140node17_t1,0.0,node140source_node17transit
flow_timber_node140node17_t2,0.0,node140source_node17transit
flow_timber_node140node17_t3,0.0,node140source_node17transit
flow_timber_node140node17_t4,1.0,node140source_node17transit
flow_timber_node140node17_t5,1.0,node140source_node17transit
flow_wide_node140node17_t1,0.0,node140source_node17transit
flow_wide_node140node17_t2,0.0,node140source_node17transit
flow_wide_node140node17_t3,0.0,node140source_node17transit
flow_wide_node140node17_t4,0.0,node140source_node17transit
flow_wide_node140node17_t5,0.0,node140source_node17transit
flow_timber_node140node45_t1,0.0,node140source_node45transit
flow_timber_node140node45_t2,0.0,node140source_node45transit
flow_timber_node140node45_t3,0.0,node140source_node45transit
flow_timber_node140node45_t4,0.0,node140source_node45transit
flow_timber_node140node45_t5,0.0,node140source_node45transit
flow_wide_node140node45_t1,0.0,node140source_node45transit
flow_wide_node140node45_t2,0.0,node140source_node45transit
flow_wide_node140node45_t3,0.0,node140source_node45transit
flow_wide_node140node45_t4,0.0,node140source_node45transit
flow_wide_node140node45_t5,0.0,node140source_node45transit
flow_timber_node140node77_t1,0.0,node140source_node77transit
flow_timber_node140node77_t2,0.0,node140source_node77transit
flow_timber_node140node77_t3,0.0,node140source_node77transit
flow_timber_node140node77_t4,0.0,node140source_node77transit
flow_timber_node140node77_t5,0.0,node140source_node77transit
flow_wide_node140node77_t1,0.0,node140source_node77transit
flow_wide_node140node77_t2,0.0,node140source_node77transit
flow_wide_node140node77_t3,0.0,node140source_node77transit
flow_wide_node140node77_t4,0.0,node140source_node77transit
flow_wide_node140node77_t5,0.0,node140source_node77transit
flow_timber_node7node58_t1,0.0,node7transit_node58transit
flow_timber_node7node58_t2,0.0,node7transit_node58transit
flow_timber_node7node58_t3,0.0,node7transit_node58transit
flow_timber_node7node58_t4,0.0,node7transit_node58transit
flow_timber_node7node58_t5,0.0,node7transit_node58transit
flow_wide_node7node58_t1,0.0,node7transit_node58transit
flow_wide_node7node58_t2,0.0,node7transit_node58transit
flow_wide_node7node58_t3,0.0,node7transit_node58transit
flow_wide_node7node58_t4,0.0,node7transit_node58transit
flow_wide_node7node58_t5,0.0,node7transit_node58transit
flow_timber_node7node115_t1,4.0,node7transit_node115exit
flow_timber_node7node115_t2,2.0,node7transit_node115exit
flow_timber_node7node115_t3,3.0,node7transit_node115exit
flow_timber_node7node115_t4,4.0,node7transit_node115exit
flow_timber_node7node115_t5,4.0,node7transit_node115exit
flow_wide_node7node115_t1,0.0,node7transit_node115exit
flow_wide_node7node115_t2,0.0,node7transit_node115exit
flow_wide_node7node115_t3,0.0,node7transit_node115exit
flow_wide_node7node115_t4,0.0,node7transit_node115exit
flow_wide_node7node115_t5,0.0,node7transit_node115exit
flow_timber_node7node94_t1,0.0,node7transit_node94transit
flow_timber_node7node94_t2,0.0,node7transit_node94transit
flow_timber_node7node94_t3,0.0,node7transit_node94transit
flow_timber_node7node94_t4,0.0,node7transit_node94transit
flow_timber_node7node94_t5,0.0,node7transit_node94transit
flow_wide_node7node94_t1,0.0,node7transit_node94transit
flow_wide_node7node94_t2,0.0,node7transit_node94transit
flow_wide_node7node94_t3,0.0,node7transit_node94transit
flow_wide_node7node94_t4,0.0,node7transit_node94transit
flow_wide_node7node94_t5,0.0,node7transit_node94transit
flow_timber_node58node7_t1,4.0,node58transit_node7transit
flow_timber_node58node7_t2,2.0,node58transit_node7transit
flow_timber_node58node7_t3,3.0,node58transit_node7transit
flow_timber_node58node7_t4,4.0,node58transit_node7transit
flow_timber_node58node7_t5,4.0,node58transit_node7transit
flow_wide_node58node7_t1,0.0,node58transit_node7transit
flow_wide_node58node7_t2,0.0,node58transit_node7transit
flow_wide_node58node7_t3,0.0,node58transit_node7transit
flow_wide_node58node7_t4,0.0,node58transit_node7transit
flow_wide_node58node7_t5,0.0,node58transit_node7transit
flow_timber_node58node15_t1,0.0,node58transit_node15transit
flow_timber_node58node15_t2,0.0,node58transit_node15transit
flow_timber_node58node15_t3,0.0,node58transit_node15transit
flow_timber_node58node15_t4,0.0,node58transit_node15transit
flow_timber_node58node15_t5,0.0,node58transit_node15transit
flow_wide_node58node15_t1,0.0,node58transit_node15transit
flow_wide_node58node15_t2,0.0,node58transit_node15transit
flow_wide_node58node15_t3,0.0,node58transit_node15transit
flow_wide_node58node15_t4,0.0,node58transit_node15transit
flow_wide_node58node15_t5,0.0,node58transit_node15transit
flow_timber_node58node80_t1,0.0,node58transit_node80transit
flow_timber_node58node80_t2,0.0,node58transit_node80transit
flow_timber_node58node80_t3,0.0,node58transit_node80transit
flow_timber_node58node80_t4,0.0,node58transit_node80transit
flow_timber_node58node80_t5,0.0,node58transit_node80transit
flow_wide_node58node80_t1,0.0,node58transit_node80transit
flow_wide_node58node80_t2,0.0,node58transit_node80transit
flow_wide_node58node80_t3,0.0,node58transit_node80transit
flow_wide_node58node80_t4,0.0,node58transit_node80transit
flow_wide_node58node80_t5,0.0,node58transit_node80transit
flow_timber_node58node143_t1,0.0,node58transit_node143source
flow_timber_node58node143_t2,0.0,node58transit_node143source
flow_timber_node58node143_t3,0.0,node58transit_node143source
flow_timber_node58node143_t4,0.0,node58transit_node143source
flow_timber_node58node143_t5,0.0,node58transit_node143source
flow_wide_node58node143_t1,0.0,node58transit_node143source
flow_wide_node58node143_t2,0.0,node58transit_node143source
flow_wide_node58node143_t3,0.0,node58transit_node143source
flow_wide_node58node143_t4,0.0,node58transit_node143source
flow_wide_node58node143_t5,0.0,node58transit_node143source
flow_timber_node115node7_t1,0.0,node115exit_node7transit
flow_timber_node115node7_t2,0.0,node115exit_node7transit
flow_timber_node115node7_t3,0.0,node115exit_node7transit
flow_timber_node115node7_t4,0.0,node115exit_node7transit
flow_timber_node115node7_t5,0.0,node115exit_node7transit
flow_wide_node115node7_t1,0.0,node115exit_node7transit
flow_wide_node115node7_t2,0.0,node115exit_node7transit
flow_wide_node115node7_t3,0.0,node115exit_node7transit
flow_wide_node115node7_t4,0.0,node115exit_node7transit
flow_wide_node115node7_t5,0.0,node115exit_node7transit
flow_timber_node115node27_t1,0.0,node115exit_node27transit
flow_timber_node115node27_t2,0.0,node115exit_node27transit
flow_timber_node115node27_t3,0.0,node115exit_node27transit
flow_timber_node115node27_t4,0.0,node115exit_node27transit
flow_timber_node115node27_t5,0.0,node115exit_node27transit
flow_wide_node115node27_t1,0.0,node115exit_node27transit
flow_wide_node115node27_t2,0.0,node115exit_node27transit
flow_wide_node115node27_t3,0.0,node115exit_node27transit
flow_wide_node115node27_t4,0.0,node115exit_node27transit
flow_wide_node115node27_t5,0.0,node115exit_node27transit
flow_timber_node94node7_t1,0.0,node94transit_node7transit
flow_timber_node94node7_t2,0.0,node94transit_node7transit
flow_timber_node94node7_t3,0.0,node94transit_node7transit
flow_timber_node94node7_t4,0.0,node94transit_node7transit
flow_timber_node94node7_t5,0.0,node94transit_node7transit
flow_wide_node94node7_t1,0.0,node94transit_node7transit
flow_wide_node94node7_t2,0.0,node94transit_node7transit
flow_wide_node94node7_t3,0.0,node94transit_node7transit
flow_wide_node94node7_t4,0.0,node94transit_node7transit
flow_wide_node94node7_t5,0.0,node94transit_node7transit
flow_timber_node94node15_t1,0.0,node94transit_node15transit
flow_timber_node94node15_t2,0.0,node94transit_node15transit
flow_timber_node94node15_t3,0.0,node94transit_node15transit
flow_timber_node94node15_t4,0.0,node94transit_node15transit
flow_timber_node94node15_t5,0.0,node94transit_node15transit
flow_wide_node94node15_t1,0.0,node94transit_node15transit
flow_wide_node94node15_t2,0.0,node94transit_node15transit
flow_wide_node94node15_t3,0.0,node94transit_node15transit
flow_wide_node94node15_t4,0.0,node94transit_node15transit
flow_wide_node94node15_t5,0.0,node94transit_node15transit
flow_timber_node94node65_t1,0.0,node94transit_node65transit
flow_timber_node94node65_t2,0.0,node94transit_node65transit
flow_timber_node94node65_t3,0.0,node94transit_node65transit
flow_timber_node94node65_t4,0.0,node94transit_node65transit
flow_timber_node94node65_t5,0.0,node94transit_node65transit
flow_wide_node94node65_t1,0.0,node94transit_node65transit
flow_wide_node94node65_t2,0.0,node94transit_node65transit
flow_wide_node94node65_t3,0.0,node94transit_node65transit
flow_wide_node94node65_t4,0.0,node94transit_node65transit
flow_wide_node94node65_t5,0.0,node94transit_node65transit
flow_timber_node94node117_t1,0.0,node94transit_node117exit
flow_timber_node94node117_t2,0.0,node94transit_node117exit
flow_timber_node94node117_t3,0.0,node94transit_node117exit
flow_timber_node94node117_t4,-0.0,node94transit_node117exit
flow_timber_node94node117_t5,0.0,node94transit_node117exit
flow_wide_node94node117_t1,0.0,node94transit_node117exit
flow_wide_node94node117_t2,0.0,node94transit_node117exit
flow_wide_node94node117_t3,0.0,node94transit_node117exit
flow_wide_node94node117_t4,0.0,node94transit_node117exit
flow_wide_node94node117_t5,0.0,node94transit_node117exit
flow_timber_node8node77_t1,0.0,node8transit_node77transit
flow_timber_node8node77_t2,0.0,node8transit_node77transit
flow_timber_node8node77_t3,0.0,node8transit_node77transit
flow_timber_node8node77_t4,0.0,node8transit_node77transit
flow_timber_node8node77_t5,0.0,node8transit_node77transit
flow_wide_node8node77_t1,0.0,node8transit_node77transit
flow_wide_node8node77_t2,0.0,node8transit_node77transit
flow_wide_node8node77_t3,0.0,node8transit_node77transit
flow_wide_node8node77_t4,0.0,node8transit_node77transit
flow_wide_node8node77_t5,0.0,node8transit_node77transit
flow_timber_node8node18_t1,3.0,node8transit_node18transit
flow_timber_node8node18_t2,0.0,node8transit_node18transit
flow_timber_node8node18_t3,0.0,node8transit_node18transit
flow_timber_node8node18_t4,0.0,node8transit_node18transit
flow_timber_node8node18_t5,0.0,node8transit_node18transit
flow_wide_node8node18_t1,0.0,node8transit_node18transit
flow_wide_node8node18_t2,0.0,node8transit_node18transit
flow_wide_node8node18_t3,0.0,node8transit_node18transit
flow_wide_node8node18_t4,0.0,node8transit_node18transit
flow_wide_node8node18_t5,0.0,node8transit_node18transit
flow_timber_node8node44_t1,0.0,node8transit_node44transit
flow_timber_node8node44_t2,0.0,node8transit_node44transit
flow_timber_node8node44_t3,0.0,node8transit_node44transit
flow_timber_node8node44_t4,-0.0,node8transit_node44transit
flow_timber_node8node44_t5,0.0,node8transit_node44transit
flow_wide_node8node44_t1,0.0,node8transit_node44transit
flow_wide_node8node44_t2,0.0,node8transit_node44transit
flow_wide_node8node44_t3,0.0,node8transit_node44transit
flow_wide_node8node44_t4,0.0,node8transit_node44transit
flow_wide_node8node44_t5,0.0,node8transit_node44transit
flow_timber_node8node17_t1,0.0,node8transit_node17transit
flow_timber_node8node17_t2,0.0,node8transit_node17transit
flow_timber_node8node17_t3,0.0,node8transit_node17transit
flow_timber_node8node17_t4,0.0,node8transit_node17transit
flow_timber_node8node17_t5,0.0,node8transit_node17transit
flow_wide_node8node17_t1,0.0,node8transit_node17transit
flow_wide_node8node17_t2,0.0,node8transit_node17transit
flow_wide_node8node17_t3,0.0,node8transit_node17transit
flow_wide_node8node17_t4,0.0,node8transit_node17transit
flow_wide_node8node17_t5,0.0,node8transit_node17transit
flow_timber_node8node132_t1,0.0,node8transit_node132source
flow_timber_node8node132_t2,0.0,node8transit_node132source
flow_timber_node8node132_t3,0.0,node8transit_node132source
flow_timber_node8node132_t4,0.0,node8transit_node132source
flow_timber_node8node132_t5,0.0,node8transit_node132source
flow_wide_node8node132_t1,0.0,node8transit_node132source
flow_wide_node8node132_t2,0.0,node8transit_node132source
flow_wide_node8node132_t3,0.0,node8transit_node132source
flow_wide_node8node132_t4,0.0,node8transit_node132source
flow_wide_node8node132_t5,0.0,node8transit_node132source
flow_timber_node8node139_t1,0.0,node8transit_node139source
flow_timber_node8node139_t2,0.0,node8transit_node139source
flow_timber_node8node139_t3,0.0,node8transit_node139source
flow_timber_node8node139_t4,0.0,node8transit_node139source
flow_timber_node8node139_t5,0.0,node8transit_node139source
flow_wide_node8node139_t1,0.0,node8transit_node139source
flow_wide_node8node139_t2,0.0,node8transit_node139source
flow_wide_node8node139_t3,0.0,node8transit_node139source
flow_wide_node8node139_t4,0.0,node8transit_node139source
flow_wide_node8node139_t5,0.0,node8transit_node139source
flow_timber_node8node140_t1,0.0,node8transit_node140source
flow_timber_node8node140_t2,0.0,node8transit_node140source
flow_timber_node8node140_t3,0.0,node8transit_node140source
flow_timber_node8node140_t4,0.0,node8transit_node140source
flow_timber_node8node140_t5,0.0,node8transit_node140source
flow_wide_node8node140_t1,0.0,node8transit_node140source
flow_wide_node8node140_t2,0.0,node8transit_node140source
flow_wide_node8node140_t3,0.0,node8transit_node140source
flow_wide_node8node140_t4,0.0,node8transit_node140source
flow_wide_node8node140_t5,0.0,node8transit_node140source
flow_timber_node8node141_t1,0.0,node8transit_node141source
flow_timber_node8node141_t2,0.0,node8transit_node141source
flow_timber_node8node141_t3,0.0,node8transit_node141source
flow_timber_node8node141_t4,0.0,node8transit_node141source
flow_timber_node8node141_t5,0.0,node8transit_node141source
flow_wide_node8node141_t1,0.0,node8transit_node141source
flow_wide_node8node141_t2,0.0,node8transit_node141source
flow_wide_node8node141_t3,0.0,node8transit_node141source
flow_wide_node8node141_t4,0.0,node8transit_node141source
flow_wide_node8node141_t5,0.0,node8transit_node141source
flow_timber_node77node8_t1,1.0,node77transit_node8transit
flow_timber_node77node8_t2,0.0,node77transit_node8transit
flow_timber_node77node8_t3,0.0,node77transit_node8transit
flow_timber_node77node8_t4,0.0,node77transit_node8transit
flow_timber_node77node8_t5,-0.0,node77transit_node8transit
flow_wide_node77node8_t1,0.0,node77transit_node8transit
flow_wide_node77node8_t2,0.0,node77transit_node8transit
flow_wide_node77node8_t3,0.0,node77transit_node8transit
flow_wide_node77node8_t4,0.0,node77transit_node8transit
flow_wide_node77node8_t5,0.0,node77transit_node8transit
flow_timber_node77node45_t1,0.0,node77transit_node45transit
flow_timber_node77node45_t2,0.0,node77transit_node45transit
flow_timber_node77node45_t3,0.0,node77transit_node45transit
flow_timber_node77node45_t4,0.0,node77transit_node45transit
flow_timber_node77node45_t5,0.0,node77transit_node45transit
flow_wide_node77node45_t1,0.0,node77transit_node45transit
flow_wide_node77node45_t2,0.0,node77transit_node45transit
flow_wide_node77node45_t3,0.0,node77transit_node45transit
flow_wide_node77node45_t4,0.0,node77transit_node45transit
flow_wide_node77node45_t5,0.0,node77transit_node45transit
flow_timber_node77node91_t1,0.0,node77transit_node91transit
flow_timber_node77node91_t2,0.0,node77transit_node91transit
flow_timber_node77node91_t3,0.0,node77transit_node91transit
flow_timber_node77node91_t4,0.0,node77transit_node91transit
flow_timber_node77node91_t5,0.0,node77transit_node91transit
flow_wide_node77node91_t1,0.0,node77transit_node91transit
flow_wide_node77node91_t2,0.0,node77transit_node91transit
flow_wide_node77node91_t3,0.0,node77transit_node91transit
flow_wide_node77node91_t4,0.0,node77transit_node91transit
flow_wide_node77node91_t5,0.0,node77transit_node91transit
flow_timber_node77node132_t1,0.0,node77transit_node132source
flow_timber_node77node132_t2,0.0,node77transit_node132source
flow_timber_node77node132_t3,0.0,node77transit_node132source
flow_timber_node77node132_t4,0.0,node77transit_node132source
flow_timber_node77node132_t5,0.0,node77transit_node132source
flow_wide_node77node132_t1,0.0,node77transit_node132source
flow_wide_node77node132_t2,0.0,node77transit_node132source
flow_wide_node77node132_t3,0.0,node77transit_node132source
flow_wide_node77node132_t4,0.0,node77transit_node132source
flow_wide_node77node132_t5,0.0,node77transit_node132source
flow_timber_node77node137_t1,0.0,node77transit_node137source
flow_timber_node77node137_t2,0.0,node77transit_node137source
flow_timber_node77node137_t3,0.0,node77transit_node137source
flow_timber_node77node137_t4,0.0,node77transit_node137source
flow_timber_node77node137_t5,0.0,node77transit_node137source
flow_wide_node77node137_t1,0.0,node77transit_node137source
flow_wide_node77node137_t2,0.0,node77transit_node137source
flow_wide_node77node137_t3,0.0,node77transit_node137source
flow_wide_node77node137_t4,0.0,node77transit_node137source
flow_wide_node77node137_t5,0.0,node77transit_node137source
flow_timber_node77node140_t1,0.0,node77transit_node140source
flow_timber_node77node140_t2,0.0,node77transit_node140source
flow_timber_node77node140_t3,0.0,node77transit_node140source
flow_timber_node77node140_t4,0.0,node77transit_node140source
flow_timber_node77node140_t5,0.0,node77transit_node140source
flow_wide_node77node140_t1,0.0,node77transit_node140source
flow_wide_node77node140_t2,0.0,node77transit_node140source
flow_wide_node77node140_t3,0.0,node77transit_node140source
flow_wide_node77node140_t4,0.0,node77transit_node140source
flow_wide_node77node140_t5,0.0,node77transit_node140source
flow_timber_node18node8_t1,0.0,node18transit_node8transit
flow_timber_node18node8_t2,0.0,node18transit_node8transit
flow_timber_node18node8_t3,0.0,node18transit_node8transit
flow_timber_node18node8_t4,0.0,node18transit_node8transit
flow_timber_node18node8_t5,0.0,node18transit_node8transit
flow_wide_node18node8_t1,0.0,node18transit_node8transit
flow_wide_node18node8_t2,0.0,node18transit_node8transit
flow_wide_node18node8_t3,0.0,node18transit_node8transit
flow_wide_node18node8_t4,0.0,node18transit_node8transit
flow_wide_node18node8_t5,0.0,node18transit_node8transit
flow_timber_node18node19_t1,0.0,node18transit_node19transit
flow_timber_node18node19_t2,0.0,node18transit_node19transit
flow_timber_node18node19_t3,0.0,node18transit_node19transit
flow_timber_node18node19_t4,0.0,node18transit_node19transit
flow_timber_node18node19_t5,0.0,node18transit_node19transit
flow_wide_node18node19_t1,0.0,node18transit_node19transit
flow_wide_node18node19_t2,0.0,node18transit_node19transit
flow_wide_node18node19_t3,0.0,node18transit_node19transit
flow_wide_node18node19_t4,0.0,node18transit_node19transit
flow_wide_node18node19_t5,0.0,node18transit_node19transit
flow_timber_node18node38_t1,3.0,node18transit_node38transit
flow_timber_node18node38_t2,0.0,node18transit_node38transit
flow_timber_node18node38_t3,0.0,node18transit_node38transit
flow_timber_node18node38_t4,0.0,node18transit_node38transit
flow_timber_node18node38_t5,0.0,node18transit_node38transit
flow_wide_node18node38_t1,0.0,node18transit_node38transit
flow_wide_node18node38_t2,0.0,node18transit_node38transit
flow_wide_node18node38_t3,0.0,node18transit_node38transit
flow_wide_node18node38_t4,0.0,node18transit_node38transit
flow_wide_node18node38_t5,0.0,node18transit_node38transit
flow_timber_node18node131_t1,0.0,node18transit_node131source
flow_timber_node18node131_t2,0.0,node18transit_node131source
flow_timber_node18node131_t3,0.0,node18transit_node131source
flow_timber_node18node131_t4,0.0,node18transit_node131source
flow_timber_node18node131_t5,0.0,node18transit_node131source
flow_wide_node18node131_t1,0.0,node18transit_node131source
flow_wide_node18node131_t2,0.0,node18transit_node131source
flow_wide_node18node131_t3,0.0,node18transit_node131source
flow_wide_node18node131_t4,0.0,node18transit_node131source
flow_wide_node18node131_t5,0.0,node18transit_node131source
flow_timber_node18node132_t1,0.0,node18transit_node132source
flow_timber_node18node132_t2,0.0,node18transit_node132source
flow_timber_node18node132_t3,0.0,node18transit_node132source
flow_timber_node18node132_t4,0.0,node18transit_node132source
flow_timber_node18node132_t5,0.0,node18transit_node132source
flow_wide_node18node132_t1,0.0,node18transit_node132source
flow_wide_node18node132_t2,0.0,node18transit_node132source
flow_wide_node18node132_t3,0.0,node18transit_node132source
flow_wide_node18node132_t4,0.0,node18transit_node132source
flow_wide_node18node132_t5,0.0,node18transit_node132source
flow_timber_node18node139_t1,0.0,node18transit_node139source
flow_timber_node18node139_t2,0.0,node18transit_node139source
flow_timber_node18node139_t3,0.0,node18transit_node139source
flow_timber_node18node139_t4,0.0,node18transit_node139source
flow_timber_node18node139_t5,0.0,node18transit_node139source
flow_wide_node18node139_t1,0.0,node18transit_node139source
flow_wide_node18node139_t2,0.0,node18transit_node139source
flow_wide_node18node139_t3,0.0,node18transit_node139source
flow_wide_node18node139_t4,0.0,node18transit_node139source
flow_wide_node18node139_t5,0.0,node18transit_node139source
flow_timber_node44node8_t1,0.0,node44transit_node8transit
flow_timber_node44node8_t2,0.0,node44transit_node8transit
flow_timber_node44node8_t3,0.0,node44transit_node8transit
flow_timber_node44node8_t4,0.0,node44transit_node8transit
flow_timber_node44node8_t5,0.0,node44transit_node8transit
flow_wide_node44node8_t1,0.0,node44transit_node8transit
flow_wide_node44node8_t2,0.0,node44transit_node8transit
flow_wide_node44node8_t3,0.0,node44transit_node8transit
flow_wide_node44node8_t4,0.0,node44transit_node8transit
flow_wide_node44node8_t5,0.0,node44transit_node8transit
flow_timber_node44node12_t1,0.0,node44transit_node12transit
flow_timber_node44node12_t2,0.0,node44transit_node12transit
flow_timber_node44node12_t3,0.0,node44transit_node12transit
flow_timber_node44node12_t4,0.0,node44transit_node12transit
flow_timber_node44node12_t5,0.0,node44transit_node12transit
flow_wide_node44node12_t1,0.0,node44transit_node12transit
flow_wide_node44node12_t2,0.0,node44transit_node12transit
flow_wide_node44node12_t3,0.0,node44transit_node12transit
flow_wide_node44node12_t4,0.0,node44transit_node12transit
flow_wide_node44node12_t5,0.0,node44transit_node12transit
flow_timber_node44node78_t1,0.0,node44transit_node78transit
flow_timber_node44node78_t2,0.0,node44transit_node78transit
flow_timber_node44node78_t3,0.0,node44transit_node78transit
flow_timber_node44node78_t4,0.0,node44transit_node78transit
flow_timber_node44node78_t5,0.0,node44transit_node78transit
flow_wide_node44node78_t1,0.0,node44transit_node78transit
flow_wide_node44node78_t2,0.0,node44transit_node78transit
flow_wide_node44node78_t3,0.0,node44transit_node78transit
flow_wide_node44node78_t4,0.0,node44transit_node78transit
flow_wide_node44node78_t5,0.0,node44transit_node78transit
flow_timber_node44node139_t1,0.0,node44transit_node139source
flow_timber_node44node139_t2,0.0,node44transit_node139source
flow_timber_node44node139_t3,0.0,node44transit_node139source
flow_timber_node44node139_t4,0.0,node44transit_node139source
flow_timber_node44node139_t5,0.0,node44transit_node139source
flow_wide_node44node139_t1,0.0,node44transit_node139source
flow_wide_node44node139_t2,0.0,node44transit_node139source
flow_wide_node44node139_t3,0.0,node44transit_node139source
flow_wide_node44node139_t4,0.0,node44transit_node139source
flow_wide_node44node139_t5,0.0,node44transit_node139source
flow_timber_node44node141_t1,0.0,node44transit_node141source
flow_timber_node44node141_t2,0.0,node44transit_node141source
flow_timber_node44node141_t3,0.0,node44transit_node141source
flow_timber_node44node141_t4,0.0,node44transit_node141source
flow_timber_node44node141_t5,0.0,node44transit_node141source
flow_wide_node44node141_t1,0.0,node44transit_node141source
flow_wide_node44node141_t2,0.0,node44transit_node141source
flow_wide_node44node141_t3,0.0,node44transit_node141source
flow_wide_node44node141_t4,0.0,node44transit_node141source
flow_wide_node44node141_t5,0.0,node44transit_node141source
flow_timber_node132node8_t1,0.0,node132source_node8transit
flow_timber_node132node8_t2,0.0,node132source_node8transit
flow_timber_node132node8_t3,0.0,node132source_node8transit
flow_timber_node132node8_t4,0.0,node132source_node8transit
flow_timber_node132node8_t5,0.0,node132source_node8transit
flow_wide_node132node8_t1,0.0,node132source_node8transit
flow_wide_node132node8_t2,0.0,node132source_node8transit
flow_wide_node132node8_t3,0.0,node132source_node8transit
flow_wide_node132node8_t4,0.0,node132source_node8transit
flow_wide_node132node8_t5,0.0,node132source_node8transit
flow_timber_node132node18_t1,0.0,node132source_node18transit
flow_timber_node132node18_t2,0.0,node132source_node18transit
flow_timber_node132node18_t3,0.0,node132source_node18transit
flow_timber_node132node18_t4,0.0,node132source_node18transit
flow_timber_node132node18_t5,0.0,node132source_node18transit
flow_wide_node132node18_t1,0.0,node132source_node18transit
flow_wide_node132node18_t2,0.0,node132source_node18transit
flow_wide_node132node18_t3,0.0,node132source_node18transit
flow_wide_node132node18_t4,0.0,node132source_node18transit
flow_wide_node132node18_t5,0.0,node132source_node18transit
flow_timber_node132node19_t1,0.0,node132source_node19transit
flow_timber_node132node19_t2,0.0,node132source_node19transit
flow_timber_node132node19_t3,0.0,node132source_node19transit
flow_timber_node132node19_t4,0.0,node132source_node19transit
flow_timber_node132node19_t5,0.0,node132source_node19transit
flow_wide_node132node19_t1,0.0,node132source_node19transit
flow_wide_node132node19_t2,0.0,node132source_node19transit
flow_wide_node132node19_t3,0.0,node132source_node19transit
flow_wide_node132node19_t4,0.0,node132source_node19transit
flow_wide_node132node19_t5,0.0,node132source_node19transit
flow_timber_node132node50_t1,0.0,node132source_node50transit
flow_timber_node132node50_t2,0.0,node132source_node50transit
flow_timber_node132node50_t3,0.0,node132source_node50transit
flow_timber_node132node50_t4,0.0,node132source_node50transit
flow_timber_node132node50_t5,0.0,node132source_node50transit
flow_wide_node132node50_t1,0.0,node132source_node50transit
flow_wide_node132node50_t2,0.0,node132source_node50transit
flow_wide_node132node50_t3,0.0,node132source_node50transit
flow_wide_node132node50_t4,0.0,node132source_node50transit
flow_wide_node132node50_t5,0.0,node132source_node50transit
flow_timber_node132node68_t1,1.0,node132source_node68transit
flow_timber_node132node68_t2,0.0,node132source_node68transit
flow_timber_node132node68_t3,0.0,node132source_node68transit
flow_timber_node132node68_t4,1.0,node132source_node68transit
flow_timber_node132node68_t5,1.0,node132source_node68transit
flow_wide_node132node68_t1,0.0,node132source_node68transit
flow_wide_node132node68_t2,0.0,node132source_node68transit
flow_wide_node132node68_t3,0.0,node132source_node68transit
flow_wide_node132node68_t4,0.0,node132source_node68transit
flow_wide_node132node68_t5,0.0,node132source_node68transit
flow_timber_node132node77_t1,0.0,node132source_node77transit
flow_timber_node132node77_t2,0.0,node132source_node77transit
flow_timber_node132node77_t3,0.0,node132source_node77transit
flow_timber_node132node77_t4,0.0,node132source_node77transit
flow_timber_node132node77_t5,0.0,node132source_node77transit
flow_wide_node132node77_t1,0.0,node132source_node77transit
flow_wide_node132node77_t2,0.0,node132source_node77transit
flow_wide_node132node77_t3,0.0,node132source_node77transit
flow_wide_node132node77_t4,0.0,node132source_node77transit
flow_wide_node132node77_t5,0.0,node132source_node77transit
flow_timber_node132node91_t1,0.0,node132source_node91transit
flow_timber_node132node91_t2,0.0,node132source_node91transit
flow_timber_node132node91_t3,0.0,node132source_node91transit
flow_timber_node132node91_t4,0.0,node132source_node91transit
flow_timber_node132node91_t5,0.0,node132source_node91transit
flow_wide_node132node91_t1,0.0,node132source_node91transit
flow_wide_node132node91_t2,0.0,node132source_node91transit
flow_wide_node132node91_t3,0.0,node132source_node91transit
flow_wide_node132node91_t4,0.0,node132source_node91transit
flow_wide_node132node91_t5,0.0,node132source_node91transit
flow_timber_node139node8_t1,0.0,node139source_node8transit
flow_timber_node139node8_t2,0.0,node139source_node8transit
flow_timber_node139node8_t3,0.0,node139source_node8transit
flow_timber_node139node8_t4,0.0,node139source_node8transit
flow_timber_node139node8_t5,0.0,node139source_node8transit
flow_wide_node139node8_t1,0.0,node139source_node8transit
flow_wide_node139node8_t2,0.0,node139source_node8transit
flow_wide_node139node8_t3,0.0,node139source_node8transit
flow_wide_node139node8_t4,0.0,node139source_node8transit
flow_wide_node139node8_t5,0.0,node139source_node8transit
flow_timber_node139node12_t1,1.0,node139source_node12transit
flow_timber_node139node12_t2,0.0,node139source_node12transit
flow_timber_node139node12_t3,0.0,node139source_node12transit
flow_timber_node139node12_t4,1.0,node139source_node12transit
flow_timber_node139node12_t5,1.0,node139source_node12transit
flow_wide_node139node12_t1,0.0,node139source_node12transit
flow_wide_node139node12_t2,0.0,node139source_node12transit
flow_wide_node139node12_t3,0.0,node139source_node12transit
flow_wide_node139node12_t4,0.0,node139source_node12transit
flow_wide_node139node12_t5,0.0,node139source_node12transit
flow_timber_node139node18_t1,-0.0,node139source_node18transit
flow_timber_node139node18_t2,0.0,node139source_node18transit
flow_timber_node139node18_t3,0.0,node139source_node18transit
flow_timber_node139node18_t4,0.0,node139source_node18transit
flow_timber_node139node18_t5,0.0,node139source_node18transit
flow_wide_node139node18_t1,0.0,node139source_node18transit
flow_wide_node139node18_t2,0.0,node139source_node18transit
flow_wide_node139node18_t3,0.0,node139source_node18transit
flow_wide_node139node18_t4,0.0,node139source_node18transit
flow_wide_node139node18_t5,0.0,node139source_node18transit
flow_timber_node139node36_t1,0.0,node139source_node36transit
flow_timber_node139node36_t2,0.0,node139source_node36transit
flow_timber_node139node36_t3,0.0,node139source_node36transit
flow_timber_node139node36_t4,0.0,node139source_node36transit
flow_timber_node139node36_t5,0.0,node139source_node36transit
flow_wide_node139node36_t1,0.0,node139source_node36transit
flow_wide_node139node36_t2,0.0,node139source_node36transit
flow_wide_node139node36_t3,0.0,node139source_node36transit
flow_wide_node139node36_t4,0.0,node139source_node36transit
flow_wide_node139node36_t5,0.0,node139source_node36transit
flow_timber_node139node38_t1,0.0,node139source_node38transit
flow_timber_node139node38_t2,0.0,node139source_node38transit
flow_timber_node139node38_t3,0.0,node139source_node38transit
flow_timber_node139node38_t4,0.0,node139source_node38transit
flow_timber_node139node38_t5,0.0,node139source_node38transit
flow_wide_node139node38_t1,0.0,node139source_node38transit
flow_wide_node139node38_t2,0.0,node139source_node38transit
flow_wide_node139node38_t3,0.0,node139source_node38transit
flow_wide_node139node38_t4,0.0,node139source_node38transit
flow_wide_node139node38_t5,0.0,node139source_node38transit
flow_timber_node139node44_t1,0.0,node139source_node44transit
flow_timber_node139node44_t2,0.0,node139source_node44transit
flow_timber_node139node44_t3,0.0,node139source_node44transit
flow_timber_node139node44_t4,0.0,node139source_node44transit
flow_timber_node139node44_t5,0.0,node139source_node44transit
flow_wide_node139node44_t1,0.0,node139source_node44transit
flow_wide_node139node44_t2,0.0,node139source_node44transit
flow_wide_node139node44_t3,0.0,node139source_node44transit
flow_wide_node139node44_t4,0.0,node139source_node44transit
flow_wide_node139node44_t5,0.0,node139source_node44transit
flow_timber_node139node52_t1,0.0,node139source_node52transit
flow_timber_node139node52_t2,0.0,node139source_node52transit
flow_timber_node139node52_t3,0.0,node139source_node52transit
flow_timber_node139node52_t4,0.0,node139source_node52transit
flow_timber_node139node52_t5,0.0,node139source_node52transit
flow_wide_node139node52_t1,0.0,node139source_node52transit
flow_wide_node139node52_t2,0.0,node139source_node52transit
flow_wide_node139node52_t3,0.0,node139source_node52transit
flow_wide_node139node52_t4,0.0,node139source_node52transit
flow_wide_node139node52_t5,0.0,node139source_node52transit
flow_timber_node141node8_t1,1.0,node141source_node8transit
flow_timber_node141node8_t2,0.0,node141source_node8transit
flow_timber_node141node8_t3,0.0,node141source_node8transit
flow_timber_node141node8_t4,0.0,node141source_node8transit
flow_timber_node141node8_t5,0.0,node141source_node8transit
flow_wide_node141node8_t1,0.0,node141source_node8transit
flow_wide_node141node8_t2,0.0,node141source_node8transit
flow_wide_node141node8_t3,0.0,node141source_node8transit
flow_wide_node141node8_t4,0.0,node141source_node8transit
flow_wide_node141node8_t5,0.0,node141source_node8transit
flow_timber_node141node17_t1,0.0,node141source_node17transit
flow_timber_node141node17_t2,0.0,node141source_node17transit
flow_timber_node141node17_t3,0.0,node141source_node17transit
flow_timber_node141node17_t4,0.0,node141source_node17transit
flow_timber_node141node17_t5,0.0,node141source_node17transit
flow_wide_node141node17_t1,0.0,node141source_node17transit
flow_wide_node141node17_t2,0.0,node141source_node17transit
flow_wide_node141node17_t3,0.0,node141source_node17transit
flow_wide_node141node17_t4,0.0,node141source_node17transit
flow_wide_node141node17_t5,0.0,node141source_node17transit
flow_timber_node141node44_t1,0.0,node141source_node44transit
flow_timber_node141node44_t2,0.0,node141source_node44transit
flow_timber_node141node44_t3,0.0,node141source_node44transit
flow_timber_node141node44_t4,0.0,node141source_node44transit
flow_timber_node141node44_t5,0.0,node141source_node44transit
flow_wide_node141node44_t1,0.0,node141source_node44transit
flow_wide_node141node44_t2,0.0,node141source_node44transit
flow_wide_node141node44_t3,0.0,node141source_node44transit
flow_wide_node141node44_t4,0.0,node141source_node44transit
flow_wide_node141node44_t5,0.0,node141source_node44transit
flow_timber_node141node73_t1,0.0,node141source_node73transit
flow_timber_node141node73_t2,0.0,node141source_node73transit
flow_timber_node141node73_t3,0.0,node141source_node73transit
flow_timber_node141node73_t4,0.0,node141source_node73transit
flow_timber_node141node73_t5,0.0,node141source_node73transit
flow_wide_node141node73_t1,0.0,node141source_node73transit
flow_wide_node141node73_t2,0.0,node141source_node73transit
flow_wide_node141node73_t3,0.0,node141source_node73transit
flow_wide_node141node73_t4,0.0,node141source_node73transit
flow_wide_node141node73_t5,0.0,node141source_node73transit
flow_timber_node141node78_t1,-0.0,node141source_node78transit
flow_timber_node141node78_t2,0.0,node141source_node78transit
flow_timber_node141node78_t3,0.0,node141source_node78transit
flow_timber_node141node78_t4,1.0,node141source_node78transit
flow_timber_node141node78_t5,1.0,node141source_node78transit
flow_wide_node141node78_t1,0.0,node141source_node78transit
flow_wide_node141node78_t2,0.0,node141source_node78transit
flow_wide_node141node78_t3,0.0,node141source_node78transit
flow_wide_node141node78_t4,0.0,node141source_node78transit
flow_wide_node141node78_t5,0.0,node141source_node78transit
flow_timber_node9node75_t1,0.0,node9exit_node75transit
flow_timber_node9node75_t2,0.0,node9exit_node75transit
flow_timber_node9node75_t3,0.0,node9exit_node75transit
flow_timber_node9node75_t4,0.0,node9exit_node75transit
flow_timber_node9node75_t5,0.0,node9exit_node75transit
flow_wide_node9node75_t1,0.0,node9exit_node75transit
flow_wide_node9node75_t2,0.0,node9exit_node75transit
flow_wide_node9node75_t3,0.0,node9exit_node75transit
flow_wide_node9node75_t4,0.0,node9exit_node75transit
flow_wide_node9node75_t5,0.0,node9exit_node75transit
flow_timber_node9node54_t1,0.0,node9exit_node54transit
flow_timber_node9node54_t2,0.0,node9exit_node54transit
flow_timber_node9node54_t3,0.0,node9exit_node54transit
flow_timber_node9node54_t4,0.0,node9exit_node54transit
flow_timber_node9node54_t5,0.0,node9exit_node54transit
flow_wide_node9node54_t1,0.0,node9exit_node54transit
flow_wide_node9node54_t2,0.0,node9exit_node54transit
flow_wide_node9node54_t3,0.0,node9exit_node54transit
flow_wide_node9node54_t4,0.0,node9exit_node54transit
flow_wide_node9node54_t5,0.0,node9exit_node54transit
flow_timber_node75node9_t1,0.0,node75transit_node9exit
flow_timber_node75node9_t2,0.0,node75transit_node9exit
flow_timber_node75node9_t3,0.0,node75transit_node9exit
flow_timber_node75node9_t4,0.0,node75transit_node9exit
flow_timber_node75node9_t5,0.0,node75transit_node9exit
flow_wide_node75node9_t1,0.0,node75transit_node9exit
flow_wide_node75node9_t2,0.0,node75transit_node9exit
flow_wide_node75node9_t3,0.0,node75transit_node9exit
flow_wide_node75node9_t4,0.0,node75transit_node9exit
flow_wide_node75node9_t5,0.0,node75transit_node9exit
flow_timber_node75node54_t1,0.0,node75transit_node54transit
flow_timber_node75node54_t2,0.0,node75transit_node54transit
flow_timber_node75node54_t3,0.0,node75transit_node54transit
flow_timber_node75node54_t4,0.0,node75transit_node54transit
flow_timber_node75node54_t5,0.0,node75transit_node54transit
flow_wide_node75node54_t1,0.0,node75transit_node54transit
flow_wide_node75node54_t2,0.0,node75transit_node54transit
flow_wide_node75node54_t3,0.0,node75transit_node54transit
flow_wide_node75node54_t4,0.0,node75transit_node54transit
flow_wide_node75node54_t5,0.0,node75transit_node54transit
flow_timber_node75node56_t1,0.0,node75transit_node56transit
flow_timber_node75node56_t2,0.0,node75transit_node56transit
flow_timber_node75node56_t3,0.0,node75transit_node56transit
flow_timber_node75node56_t4,0.0,node75transit_node56transit
flow_timber_node75node56_t5,0.0,node75transit_node56transit
flow_wide_node75node56_t1,0.0,node75transit_node56transit
flow_wide_node75node56_t2,0.0,node75transit_node56transit
flow_wide_node75node56_t3,0.0,node75transit_node56transit
flow_wide_node75node56_t4,0.0,node75transit_node56transit
flow_wide_node75node56_t5,0.0,node75transit_node56transit
flow_timber_node75node72_t1,0.0,node75transit_node72transit
flow_timber_node75node72_t2,0.0,node75transit_node72transit
flow_timber_node75node72_t3,0.0,node75transit_node72transit
flow_timber_node75node72_t4,0.0,node75transit_node72transit
flow_timber_node75node72_t5,0.0,node75transit_node72transit
flow_wide_node75node72_t1,0.0,node75transit_node72transit
flow_wide_node75node72_t2,0.0,node75transit_node72transit
flow_wide_node75node72_t3,0.0,node75transit_node72transit
flow_wide_node75node72_t4,0.0,node75transit_node72transit
flow_wide_node75node72_t5,0.0,node75transit_node72transit
flow_timber_node75node129_t1,0.0,node75transit_node129source
flow_timber_node75node129_t2,0.0,node75transit_node129source
flow_timber_node75node129_t3,0.0,node75transit_node129source
flow_timber_node75node129_t4,0.0,node75transit_node129source
flow_timber_node75node129_t5,0.0,node75transit_node129source
flow_wide_node75node129_t1,0.0,node75transit_node129source
flow_wide_node75node129_t2,0.0,node75transit_node129source
flow_wide_node75node129_t3,0.0,node75transit_node129source
flow_wide_node75node129_t4,0.0,node75transit_node129source
flow_wide_node75node129_t5,0.0,node75transit_node129source
flow_timber_node75node130_t1,0.0,node75transit_node130source
flow_timber_node75node130_t2,0.0,node75transit_node130source
flow_timber_node75node130_t3,0.0,node75transit_node130source
flow_timber_node75node130_t4,0.0,node75transit_node130source
flow_timber_node75node130_t5,0.0,node75transit_node130source
flow_wide_node75node130_t1,0.0,node75transit_node130source
flow_wide_node75node130_t2,0.0,node75transit_node130source
flow_wide_node75node130_t3,0.0,node75transit_node130source
flow_wide_node75node130_t4,0.0,node75transit_node130source
flow_wide_node75node130_t5,0.0,node75transit_node130source
flow_timber_node54node9_t1,1.0,node54transit_node9exit
flow_timber_node54node9_t2,0.0,node54transit_node9exit
flow_timber_node54node9_t3,0.0,node54transit_node9exit
flow_timber_node54node9_t4,0.0,node54transit_node9exit
flow_timber_node54node9_t5,0.0,node54transit_node9exit
flow_wide_node54node9_t1,0.0,node54transit_node9exit
flow_wide_node54node9_t2,0.0,node54transit_node9exit
flow_wide_node54node9_t3,0.0,node54transit_node9exit
flow_wide_node54node9_t4,0.0,node54transit_node9exit
flow_wide_node54node9_t5,0.0,node54transit_node9exit
flow_timber_node54node50_t1,0.0,node54transit_node50transit
flow_timber_node54node50_t2,0.0,node54transit_node50transit
flow_timber_node54node50_t3,0.0,node54transit_node50transit
flow_timber_node54node50_t4,0.0,node54transit_node50transit
flow_timber_node54node50_t5,0.0,node54transit_node50transit
flow_wide_node54node50_t1,0.0,node54transit_node50transit
flow_wide_node54node50_t2,0.0,node54transit_node50transit
flow_wide_node54node50_t3,0.0,node54transit_node50transit
flow_wide_node54node50_t4,0.0,node54transit_node50transit
flow_wide_node54node50_t5,0.0,node54transit_node50transit
flow_timber_node54node75_t1,0.0,node54transit_node75transit
flow_timber_node54node75_t2,0.0,node54transit_node75transit
flow_timber_node54node75_t3,-0.0,node54transit_node75transit
flow_timber_node54node75_t4,0.0,node54transit_node75transit
flow_timber_node54node75_t5,0.0,node54transit_node75transit
flow_wide_node54node75_t1,0.0,node54transit_node75transit
flow_wide_node54node75_t2,0.0,node54transit_node75transit
flow_wide_node54node75_t3,0.0,node54transit_node75transit
flow_wide_node54node75_t4,0.0,node54transit_node75transit
flow_wide_node54node75_t5,0.0,node54transit_node75transit
flow_timber_node54node130_t1,0.0,node54transit_node130source
flow_timber_node54node130_t2,0.0,node54transit_node130source
flow_timber_node54node130_t3,0.0,node54transit_node130source
flow_timber_node54node130_t4,0.0,node54transit_node130source
flow_timber_node54node130_t5,0.0,node54transit_node130source
flow_wide_node54node130_t1,0.0,node54transit_node130source
flow_wide_node54node130_t2,0.0,node54transit_node130source
flow_wide_node54node130_t3,0.0,node54transit_node130source
flow_wide_node54node130_t4,0.0,node54transit_node130source
flow_wide_node54node130_t5,0.0,node54transit_node130source
flow_timber_node10node34_t1,0.0,node10transit_node34transit
flow_timber_node10node34_t2,0.0,node10transit_node34transit
flow_timber_node10node34_t3,0.0,node10transit_node34transit
flow_timber_node10node34_t4,0.0,node10transit_node34transit
flow_timber_node10node34_t5,0.0,node10transit_node34transit
flow_wide_node10node34_t1,0.0,node10transit_node34transit
flow_wide_node10node34_t2,0.0,node10transit_node34transit
flow_wide_node10node34_t3,0.0,node10transit_node34transit
flow_wide_node10node34_t4,0.0,node10transit_node34transit
flow_wide_node10node34_t5,0.0,node10transit_node34transit
flow_timber_node10node57_t1,0.0,node10transit_node57transit
flow_timber_node10node57_t2,0.0,node10transit_node57transit
flow_timber_node10node57_t3,0.0,node10transit_node57transit
flow_timber_node10node57_t4,0.0,node10transit_node57transit
flow_timber_node10node57_t5,0.0,node10transit_node57transit
flow_wide_node10node57_t1,0.0,node10transit_node57transit
flow_wide_node10node57_t2,0.0,node10transit_node57transit
flow_wide_node10node57_t3,0.0,node10transit_node57transit
flow_wide_node10node57_t4,0.0,node10transit_node57transit
flow_wide_node10node57_t5,0.0,node10transit_node57transit
flow_timber_node10node36_t1,0.0,node10transit_node36transit
flow_timber_node10node36_t2,0.0,node10transit_node36transit
flow_timber_node10node36_t3,-0.0,node10transit_node36transit
flow_timber_node10node36_t4,-0.0,node10transit_node36transit
flow_timber_node10node36_t5,-0.0,node10transit_node36transit
flow_wide_node10node36_t1,0.0,node10transit_node36transit
flow_wide_node10node36_t2,0.0,node10transit_node36transit
flow_wide_node10node36_t3,0.0,node10transit_node36transit
flow_wide_node10node36_t4,0.0,node10transit_node36transit
flow_wide_node10node36_t5,0.0,node10transit_node36transit
flow_timber_node10node129_t1,0.0,node10transit_node129source
flow_timber_node10node129_t2,0.0,node10transit_node129source
flow_timber_node10node129_t3,0.0,node10transit_node129source
flow_timber_node10node129_t4,0.0,node10transit_node129source
flow_timber_node10node129_t5,0.0,node10transit_node129source
flow_wide_node10node129_t1,0.0,node10transit_node129source
flow_wide_node10node129_t2,0.0,node10transit_node129source
flow_wide_node10node129_t3,0.0,node10transit_node129source
flow_wide_node10node129_t4,0.0,node10transit_node129source
flow_wide_node10node129_t5,0.0,node10transit_node129source
flow_timber_node10node138_t1,0.0,node10transit_node138source
flow_timber_node10node138_t2,0.0,node10transit_node138source
flow_timber_node10node138_t3,0.0,node10transit_node138source
flow_timber_node10node138_t4,0.0,node10transit_node138source
flow_timber_node10node138_t5,0.0,node10transit_node138source
flow_wide_node10node138_t1,0.0,node10transit_node138source
flow_wide_node10node138_t2,0.0,node10transit_node138source
flow_wide_node10node138_t3,0.0,node10transit_node138source
flow_wide_node10node138_t4,0.0,node10transit_node138source
flow_wide_node10node138_t5,0.0,node10transit_node138source
flow_timber_node10node142_t1,0.0,node10transit_node142source
flow_timber_node10node142_t2,0.0,node10transit_node142source
flow_timber_node10node142_t3,0.0,node10transit_node142source
flow_timber_node10node142_t4,0.0,node10transit_node142source
flow_timber_node10node142_t5,0.0,node10transit_node142source
flow_wide_node10node142_t1,0.0,node10transit_node142source
flow_wide_node10node142_t2,0.0,node10transit_node142source
flow_wide_node10node142_t3,0.0,node10transit_node142source
flow_wide_node10node142_t4,0.0,node10transit_node142source
flow_wide_node10node142_t5,0.0,node10transit_node142source
flow_timber_node34node10_t1,0.0,node34transit_node10transit
flow_timber_node34node10_t2,0.0,node34transit_node10transit
flow_timber_node34node10_t3,0.0,node34transit_node10transit
flow_timber_node34node10_t4,0.0,node34transit_node10transit
flow_timber_node34node10_t5,0.0,node34transit_node10transit
flow_wide_node34node10_t1,0.0,node34transit_node10transit
flow_wide_node34node10_t2,0.0,node34transit_node10transit
flow_wide_node34node10_t3,0.0,node34transit_node10transit
flow_wide_node34node10_t4,0.0,node34transit_node10transit
flow_wide_node34node10_t5,0.0,node34transit_node10transit
flow_timber_node34node56_t1,0.0,node34transit_node56transit
flow_timber_node34node56_t2,0.0,node34transit_node56transit
flow_timber_node34node56_t3,0.0,node34transit_node56transit
flow_timber_node34node56_t4,0.0,node34transit_node56transit
flow_timber_node34node56_t5,0.0,node34transit_node56transit
flow_wide_node34node56_t1,0.0,node34transit_node56transit
flow_wide_node34node56_t2,0.0,node34transit_node56transit
flow_wide_node34node56_t3,0.0,node34transit_node56transit
flow_wide_node34node56_t4,0.0,node34transit_node56transit
flow_wide_node34node56_t5,0.0,node34transit_node56transit
flow_timber_node34node37_t1,0.0,node34transit_node37transit
flow_timber_node34node37_t2,0.0,node34transit_node37transit
flow_timber_node34node37_t3,-0.0,node34transit_node37transit
flow_timber_node34node37_t4,0.0,node34transit_node37transit
flow_timber_node34node37_t5,0.0,node34transit_node37transit
flow_wide_node34node37_t1,0.0,node34transit_node37transit
flow_wide_node34node37_t2,0.0,node34transit_node37transit
flow_wide_node34node37_t3,0.0,node34transit_node37transit
flow_wide_node34node37_t4,0.0,node34transit_node37transit
flow_wide_node34node37_t5,0.0,node34transit_node37transit
flow_timber_node34node126_t1,0.0,node34transit_node126source
flow_timber_node34node126_t2,0.0,node34transit_node126source
flow_timber_node34node126_t3,0.0,node34transit_node126source
flow_timber_node34node126_t4,0.0,node34transit_node126source
flow_timber_node34node126_t5,0.0,node34transit_node126source
flow_wide_node34node126_t1,0.0,node34transit_node126source
flow_wide_node34node126_t2,0.0,node34transit_node126source
flow_wide_node34node126_t3,0.0,node34transit_node126source
flow_wide_node34node126_t4,0.0,node34transit_node126source
flow_wide_node34node126_t5,0.0,node34transit_node126source
flow_timber_node34node129_t1,0.0,node34transit_node129source
flow_timber_node34node129_t2,0.0,node34transit_node129source
flow_timber_node34node129_t3,0.0,node34transit_node129source
flow_timber_node34node129_t4,0.0,node34transit_node129source
flow_timber_node34node129_t5,0.0,node34transit_node129source
flow_wide_node34node129_t1,0.0,node34transit_node129source
flow_wide_node34node129_t2,0.0,node34transit_node129source
flow_wide_node34node129_t3,0.0,node34transit_node129source
flow_wide_node34node129_t4,0.0,node34transit_node129source
flow_wide_node34node129_t5,0.0,node34transit_node129source
flow_timber_node34node142_t1,0.0,node34transit_node142source
flow_timber_node34node142_t2,0.0,node34transit_node142source
flow_timber_node34node142_t3,0.0,node34transit_node142source
flow_timber_node34node142_t4,0.0,node34transit_node142source
flow_timber_node34node142_t5,0.0,node34transit_node142source
flow_wide_node34node142_t1,0.0,node34transit_node142source
flow_wide_node34node142_t2,0.0,node34transit_node142source
flow_wide_node34node142_t3,0.0,node34transit_node142source
flow_wide_node34node142_t4,0.0,node34transit_node142source
flow_wide_node34node142_t5,0.0,node34transit_node142source
flow_timber_node57node10_t1,0.0,node57transit_node10transit
flow_timber_node57node10_t2,0.0,node57transit_node10transit
flow_timber_node57node10_t3,0.0,node57transit_node10transit
flow_timber_node57node10_t4,0.0,node57transit_node10transit
flow_timber_node57node10_t5,0.0,node57transit_node10transit
flow_wide_node57node10_t1,0.0,node57transit_node10transit
flow_wide_node57node10_t2,0.0,node57transit_node10transit
flow_wide_node57node10_t3,0.0,node57transit_node10transit
flow_wide_node57node10_t4,0.0,node57transit_node10transit
flow_wide_node57node10_t5,0.0,node57transit_node10transit
flow_timber_node57node72_t1,0.0,node57transit_node72transit
flow_timber_node57node72_t2,0.0,node57transit_node72transit
flow_timber_node57node72_t3,0.0,node57transit_node72transit
flow_timber_node57node72_t4,0.0,node57transit_node72transit
flow_timber_node57node72_t5,0.0,node57transit_node72transit
flow_wide_node57node72_t1,0.0,node57transit_node72transit
flow_wide_node57node72_t2,0.0,node57transit_node72transit
flow_wide_node57node72_t3,0.0,node57transit_node72transit
flow_wide_node57node72_t4,0.0,node57transit_node72transit
flow_wide_node57node72_t5,0.0,node57transit_node72transit
flow_timber_node57node65_t1,0.0,node57transit_node65transit
flow_timber_node57node65_t2,0.0,node57transit_node65transit
flow_timber_node57node65_t3,0.0,node57transit_node65transit
flow_timber_node57node65_t4,0.0,node57transit_node65transit
flow_timber_node57node65_t5,0.0,node57transit_node65transit
flow_wide_node57node65_t1,0.0,node57transit_node65transit
flow_wide_node57node65_t2,0.0,node57transit_node65transit
flow_wide_node57node65_t3,0.0,node57transit_node65transit
flow_wide_node57node65_t4,0.0,node57transit_node65transit
flow_wide_node57node65_t5,0.0,node57transit_node65transit
flow_timber_node57node129_t1,0.0,node57transit_node129source
flow_timber_node57node129_t2,0.0,node57transit_node129source
flow_timber_node57node129_t3,0.0,node57transit_node129source
flow_timber_node57node129_t4,0.0,node57transit_node129source
flow_timber_node57node129_t5,0.0,node57transit_node129source
flow_wide_node57node129_t1,0.0,node57transit_node129source
flow_wide_node57node129_t2,0.0,node57transit_node129source
flow_wide_node57node129_t3,0.0,node57transit_node129source
flow_wide_node57node129_t4,0.0,node57transit_node129source
flow_wide_node57node129_t5,0.0,node57transit_node129source
flow_timber_node57node138_t1,0.0,node57transit_node138source
flow_timber_node57node138_t2,0.0,node57transit_node138source
flow_timber_node57node138_t3,0.0,node57transit_node138source
flow_timber_node57node138_t4,0.0,node57transit_node138source
flow_timber_node57node138_t5,0.0,node57transit_node138source
flow_wide_node57node138_t1,0.0,node57transit_node138source
flow_wide_node57node138_t2,0.0,node57transit_node138source
flow_wide_node57node138_t3,0.0,node57transit_node138source
flow_wide_node57node138_t4,0.0,node57transit_node138source
flow_wide_node57node138_t5,0.0,node57transit_node138source
flow_timber_node36node10_t1,0.0,node36transit_node10transit
flow_timber_node36node10_t2,0.0,node36transit_node10transit
flow_timber_node36node10_t3,0.0,node36transit_node10transit
flow_timber_node36node10_t4,0.0,node36transit_node10transit
flow_timber_node36node10_t5,0.0,node36transit_node10transit
flow_wide_node36node10_t1,0.0,node36transit_node10transit
flow_wide_node36node10_t2,0.0,node36transit_node10transit
flow_wide_node36node10_t3,0.0,node36transit_node10transit
flow_wide_node36node10_t4,0.0,node36transit_node10transit
flow_wide_node36node10_t5,0.0,node36transit_node10transit
flow_timber_node36node12_t1,7.0,node36transit_node12transit
flow_timber_node36node12_t2,1.0,node36transit_node12transit
flow_timber_node36node12_t3,2.0,node36transit_node12transit
flow_timber_node36node12_t4,4.0,node36transit_node12transit
flow_timber_node36node12_t5,5.0,node36transit_node12transit
flow_wide_node36node12_t1,0.0,node36transit_node12transit
flow_wide_node36node12_t2,0.0,node36transit_node12transit
flow_wide_node36node12_t3,0.0,node36transit_node12transit
flow_wide_node36node12_t4,0.0,node36transit_node12transit
flow_wide_node36node12_t5,0.0,node36transit_node12transit
flow_timber_node36node52_t1,0.0,node36transit_node52transit
flow_timber_node36node52_t2,0.0,node36transit_node52transit
flow_timber_node36node52_t3,0.0,node36transit_node52transit
flow_timber_node36node52_t4,0.0,node36transit_node52transit
flow_timber_node36node52_t5,0.0,node36transit_node52transit
flow_wide_node36node52_t1,0.0,node36transit_node52transit
flow_wide_node36node52_t2,0.0,node36transit_node52transit
flow_wide_node36node52_t3,0.0,node36transit_node52transit
flow_wide_node36node52_t4,0.0,node36transit_node52transit
flow_wide_node36node52_t5,0.0,node36transit_node52transit
flow_timber_node36node138_t1,0.0,node36transit_node138source
flow_timber_node36node138_t2,0.0,node36transit_node138source
flow_timber_node36node138_t3,0.0,node36transit_node138source
flow_timber_node36node138_t4,0.0,node36transit_node138source
flow_timber_node36node138_t5,0.0,node36transit_node138source
flow_wide_node36node138_t1,0.0,node36transit_node138source
flow_wide_node36node138_t2,0.0,node36transit_node138source
flow_wide_node36node138_t3,0.0,node36transit_node138source
flow_wide_node36node138_t4,0.0,node36transit_node138source
flow_wide_node36node138_t5,0.0,node36transit_node138source
flow_timber_node36node139_t1,0.0,node36transit_node139source
flow_timber_node36node139_t2,0.0,node36transit_node139source
flow_timber_node36node139_t3,0.0,node36transit_node139source
flow_timber_node36node139_t4,0.0,node36transit_node139source
flow_timber_node36node139_t5,0.0,node36transit_node139source
flow_wide_node36node139_t1,0.0,node36transit_node139source
flow_wide_node36node139_t2,0.0,node36transit_node139source
flow_wide_node36node139_t3,0.0,node36transit_node139source
flow_wide_node36node139_t4,0.0,node36transit_node139source
flow_wide_node36node139_t5,0.0,node36transit_node139source
flow_timber_node36node142_t1,0.0,node36transit_node142source
flow_timber_node36node142_t2,0.0,node36transit_node142source
flow_timber_node36node142_t3,0.0,node36transit_node142source
flow_timber_node36node142_t4,0.0,node36transit_node142source
flow_timber_node36node142_t5,0.0,node36transit_node142source
flow_wide_node36node142_t1,0.0,node36transit_node142source
flow_wide_node36node142_t2,0.0,node36transit_node142source
flow_wide_node36node142_t3,0.0,node36transit_node142source
flow_wide_node36node142_t4,0.0,node36transit_node142source
flow_wide_node36node142_t5,0.0,node36transit_node142source
flow_timber_node129node10_t1,0.0,node129source_node10transit
flow_timber_node129node10_t2,0.0,node129source_node10transit
flow_timber_node129node10_t3,0.0,node129source_node10transit
flow_timber_node129node10_t4,0.0,node129source_node10transit
flow_timber_node129node10_t5,0.0,node129source_node10transit
flow_wide_node129node10_t1,0.0,node129source_node10transit
flow_wide_node129node10_t2,0.0,node129source_node10transit
flow_wide_node129node10_t3,0.0,node129source_node10transit
flow_wide_node129node10_t4,0.0,node129source_node10transit
flow_wide_node129node10_t5,0.0,node129source_node10transit
flow_timber_node129node34_t1,0.0,node129source_node34transit
flow_timber_node129node34_t2,0.0,node129source_node34transit
flow_timber_node129node34_t3,0.0,node129source_node34transit
flow_timber_node129node34_t4,0.0,node129source_node34transit
flow_timber_node129node34_t5,0.0,node129source_node34transit
flow_wide_node129node34_t1,0.0,node129source_node34transit
flow_wide_node129node34_t2,0.0,node129source_node34transit
flow_wide_node129node34_t3,0.0,node129source_node34transit
flow_wide_node129node34_t4,0.0,node129source_node34transit
flow_wide_node129node34_t5,0.0,node129source_node34transit
flow_timber_node129node56_t1,1.0,node129source_node56transit
flow_timber_node129node56_t2,0.0,node129source_node56transit
flow_timber_node129node56_t3,0.0,node129source_node56transit
flow_timber_node129node56_t4,1.0,node129source_node56transit
flow_timber_node129node56_t5,1.0,node129source_node56transit
flow_wide_node129node56_t1,0.0,node129source_node56transit
flow_wide_node129node56_t2,0.0,node129source_node56transit
flow_wide_node129node56_t3,0.0,node129source_node56transit
flow_wide_node129node56_t4,0.0,node129source_node56transit
flow_wide_node129node56_t5,0.0,node129source_node56transit
flow_timber_node129node57_t1,0.0,node129source_node57transit
flow_timber_node129node57_t2,0.0,node129source_node57transit
flow_timber_node129node57_t3,0.0,node129source_node57transit
flow_timber_node129node57_t4,0.0,node129source_node57transit
flow_timber_node129node57_t5,0.0,node129source_node57transit
flow_wide_node129node57_t1,0.0,node129source_node57transit
flow_wide_node129node57_t2,0.0,node129source_node57transit
flow_wide_node129node57_t3,0.0,node129source_node57transit
flow_wide_node129node57_t4,0.0,node129source_node57transit
flow_wide_node129node57_t5,0.0,node129source_node57transit
flow_timber_node129node72_t1,0.0,node129source_node72transit
flow_timber_node129node72_t2,0.0,node129source_node72transit
flow_timber_node129node72_t3,0.0,node129source_node72transit
flow_timber_node129node72_t4,0.0,node129source_node72transit
flow_timber_node129node72_t5,0.0,node129source_node72transit
flow_wide_node129node72_t1,0.0,node129source_node72transit
flow_wide_node129node72_t2,0.0,node129source_node72transit
flow_wide_node129node72_t3,0.0,node129source_node72transit
flow_wide_node129node72_t4,0.0,node129source_node72transit
flow_wide_node129node72_t5,0.0,node129source_node72transit
flow_timber_node129node75_t1,0.0,node129source_node75transit
flow_timber_node129node75_t2,0.0,node129source_node75transit
flow_timber_node129node75_t3,0.0,node129source_node75transit
flow_timber_node129node75_t4,0.0,node129source_node75transit
flow_timber_node129node75_t5,0.0,node129source_node75transit
flow_wide_node129node75_t1,0.0,node129source_node75transit
flow_wide_node129node75_t2,0.0,node129source_node75transit
flow_wide_node129node75_t3,0.0,node129source_node75transit
flow_wide_node129node75_t4,0.0,node129source_node75transit
flow_wide_node129node75_t5,0.0,node129source_node75transit
flow_timber_node138node10_t1,0.0,node138source_node10transit
flow_timber_node138node10_t2,0.0,node138source_node10transit
flow_timber_node138node10_t3,0.0,node138source_node10transit
flow_timber_node138node10_t4,0.0,node138source_node10transit
flow_timber_node138node10_t5,0.0,node138source_node10transit
flow_wide_node138node10_t1,0.0,node138source_node10transit
flow_wide_node138node10_t2,0.0,node138source_node10transit
flow_wide_node138node10_t3,0.0,node138source_node10transit
flow_wide_node138node10_t4,0.0,node138source_node10transit
flow_wide_node138node10_t5,0.0,node138source_node10transit
flow_timber_node138node12_t1,1.0,node138source_node12transit
flow_timber_node138node12_t2,1.0,node138source_node12transit
flow_timber_node138node12_t3,0.0,node138source_node12transit
flow_timber_node138node12_t4,0.0,node138source_node12transit
flow_timber_node138node12_t5,0.0,node138source_node12transit
flow_wide_node138node12_t1,0.0,node138source_node12transit
flow_wide_node138node12_t2,0.0,node138source_node12transit
flow_wide_node138node12_t3,0.0,node138source_node12transit
flow_wide_node138node12_t4,0.0,node138source_node12transit
flow_wide_node138node12_t5,0.0,node138source_node12transit
flow_timber_node138node36_t1,0.0,node138source_node36transit
flow_timber_node138node36_t2,0.0,node138source_node36transit
flow_timber_node138node36_t3,0.0,node138source_node36transit
flow_timber_node138node36_t4,0.0,node138source_node36transit
flow_timber_node138node36_t5,0.0,node138source_node36transit
flow_wide_node138node36_t1,0.0,node138source_node36transit
flow_wide_node138node36_t2,0.0,node138source_node36transit
flow_wide_node138node36_t3,0.0,node138source_node36transit
flow_wide_node138node36_t4,0.0,node138source_node36transit
flow_wide_node138node36_t5,0.0,node138source_node36transit
flow_timber_node138node57_t1,0.0,node138source_node57transit
flow_timber_node138node57_t2,0.0,node138source_node57transit
flow_timber_node138node57_t3,0.0,node138source_node57transit
flow_timber_node138node57_t4,0.0,node138source_node57transit
flow_timber_node138node57_t5,0.0,node138source_node57transit
flow_wide_node138node57_t1,0.0,node138source_node57transit
flow_wide_node138node57_t2,0.0,node138source_node57transit
flow_wide_node138node57_t3,0.0,node138source_node57transit
flow_wide_node138node57_t4,0.0,node138source_node57transit
flow_wide_node138node57_t5,0.0,node138source_node57transit
flow_timber_node138node64_t1,0.0,node138source_node64transit
flow_timber_node138node64_t2,0.0,node138source_node64transit
flow_timber_node138node64_t3,1.0,node138source_node64transit
flow_timber_node138node64_t4,1.0,node138source_node64transit
flow_timber_node138node64_t5,1.0,node138source_node64transit
flow_wide_node138node64_t1,0.0,node138source_node64transit
flow_wide_node138node64_t2,0.0,node138source_node64transit
flow_wide_node138node64_t3,0.0,node138source_node64transit
flow_wide_node138node64_t4,0.0,node138source_node64transit
flow_wide_node138node64_t5,0.0,node138source_node64transit
flow_timber_node138node65_t1,0.0,node138source_node65transit
flow_timber_node138node65_t2,0.0,node138source_node65transit
flow_timber_node138node65_t3,0.0,node138source_node65transit
flow_timber_node138node65_t4,-0.0,node138source_node65transit
flow_timber_node138node65_t5,0.0,node138source_node65transit
flow_wide_node138node65_t1,0.0,node138source_node65transit
flow_wide_node138node65_t2,0.0,node138source_node65transit
flow_wide_node138node65_t3,0.0,node138source_node65transit
flow_wide_node138node65_t4,0.0,node138source_node65transit
flow_wide_node138node65_t5,0.0,node138source_node65transit
flow_timber_node142node10_t1,0.0,node142source_node10transit
flow_timber_node142node10_t2,0.0,node142source_node10transit
flow_timber_node142node10_t3,0.0,node142source_node10transit
flow_timber_node142node10_t4,0.0,node142source_node10transit
flow_timber_node142node10_t5,0.0,node142source_node10transit
flow_wide_node142node10_t1,0.0,node142source_node10transit
flow_wide_node142node10_t2,0.0,node142source_node10transit
flow_wide_node142node10_t3,0.0,node142source_node10transit
flow_wide_node142node10_t4,0.0,node142source_node10transit
flow_wide_node142node10_t5,0.0,node142source_node10transit
flow_timber_node142node34_t1,0.0,node142source_node34transit
flow_timber_node142node34_t2,0.0,node142source_node34transit
flow_timber_node142node34_t3,0.0,node142source_node34transit
flow_timber_node142node34_t4,0.0,node142source_node34transit
flow_timber_node142node34_t5,0.0,node142source_node34transit
flow_wide_node142node34_t1,0.0,node142source_node34transit
flow_wide_node142node34_t2,0.0,node142source_node34transit
flow_wide_node142node34_t3,0.0,node142source_node34transit
flow_wide_node142node34_t4,0.0,node142source_node34transit
flow_wide_node142node34_t5,0.0,node142source_node34transit
flow_timber_node142node36_t1,1.0,node142source_node36transit
flow_timber_node142node36_t2,0.0,node142source_node36transit
flow_timber_node142node36_t3,1.0,node142source_node36transit
flow_timber_node142node36_t4,1.0,node142source_node36transit
flow_timber_node142node36_t5,1.0,node142source_node36transit
flow_wide_node142node36_t1,0.0,node142source_node36transit
flow_wide_node142node36_t2,0.0,node142source_node36transit
flow_wide_node142node36_t3,0.0,node142source_node36transit
flow_wide_node142node36_t4,0.0,node142source_node36transit
flow_wide_node142node36_t5,0.0,node142source_node36transit
flow_timber_node142node37_t1,0.0,node142source_node37transit
flow_timber_node142node37_t2,0.0,node142source_node37transit
flow_timber_node142node37_t3,0.0,node142source_node37transit
flow_timber_node142node37_t4,0.0,node142source_node37transit
flow_timber_node142node37_t5,0.0,node142source_node37transit
flow_wide_node142node37_t1,0.0,node142source_node37transit
flow_wide_node142node37_t2,0.0,node142source_node37transit
flow_wide_node142node37_t3,0.0,node142source_node37transit
flow_wide_node142node37_t4,0.0,node142source_node37transit
flow_wide_node142node37_t5,0.0,node142source_node37transit
flow_timber_node142node52_t1,0.0,node142source_node52transit
flow_timber_node142node52_t2,0.0,node142source_node52transit
flow_timber_node142node52_t3,0.0,node142source_node52transit
flow_timber_node142node52_t4,0.0,node142source_node52transit
flow_timber_node142node52_t5,0.0,node142source_node52transit
flow_wide_node142node52_t1,0.0,node142source_node52transit
flow_wide_node142node52_t2,0.0,node142source_node52transit
flow_wide_node142node52_t3,0.0,node142source_node52transit
flow_wide_node142node52_t4,0.0,node142source_node52transit
flow_wide_node142node52_t5,0.0,node142source_node52transit
flow_timber_node11node89_t1,0.0,node11transit_node89transit
flow_timber_node11node89_t2,0.0,node11transit_node89transit
flow_timber_node11node89_t3,0.0,node11transit_node89transit
flow_timber_node11node89_t4,0.0,node11transit_node89transit
flow_timber_node11node89_t5,0.0,node11transit_node89transit
flow_wide_node11node89_t1,0.0,node11transit_node89transit
flow_wide_node11node89_t2,0.0,node11transit_node89transit
flow_wide_node11node89_t3,0.0,node11transit_node89transit
flow_wide_node11node89_t4,0.0,node11transit_node89transit
flow_wide_node11node89_t5,0.0,node11transit_node89transit
flow_timber_node11node15_t1,0.0,node11transit_node15transit
flow_timber_node11node15_t2,0.0,node11transit_node15transit
flow_timber_node11node15_t3,0.0,node11transit_node15transit
flow_timber_node11node15_t4,0.0,node11transit_node15transit
flow_timber_node11node15_t5,0.0,node11transit_node15transit
flow_wide_node11node15_t1,0.0,node11transit_node15transit
flow_wide_node11node15_t2,0.0,node11transit_node15transit
flow_wide_node11node15_t3,0.0,node11transit_node15transit
flow_wide_node11node15_t4,0.0,node11transit_node15transit
flow_wide_node11node15_t5,0.0,node11transit_node15transit
flow_timber_node11node48_t1,0.0,node11transit_node48exit
flow_timber_node11node48_t2,0.0,node11transit_node48exit
flow_timber_node11node48_t3,0.0,node11transit_node48exit
flow_timber_node11node48_t4,0.0,node11transit_node48exit
flow_timber_node11node48_t5,0.0,node11transit_node48exit
flow_wide_node11node48_t1,0.0,node11transit_node48exit
flow_wide_node11node48_t2,0.0,node11transit_node48exit
flow_wide_node11node48_t3,0.0,node11transit_node48exit
flow_wide_node11node48_t4,0.0,node11transit_node48exit
flow_wide_node11node48_t5,0.0,node11transit_node48exit
flow_timber_node11node143_t1,0.0,node11transit_node143source
flow_timber_node11node143_t2,0.0,node11transit_node143source
flow_timber_node11node143_t3,0.0,node11transit_node143source
flow_timber_node11node143_t4,0.0,node11transit_node143source
flow_timber_node11node143_t5,0.0,node11transit_node143source
flow_wide_node11node143_t1,0.0,node11transit_node143source
flow_wide_node11node143_t2,0.0,node11transit_node143source
flow_wide_node11node143_t3,0.0,node11transit_node143source
flow_wide_node11node143_t4,0.0,node11transit_node143source
flow_wide_node11node143_t5,0.0,node11transit_node143source
flow_timber_node89node11_t1,0.0,node89transit_node11transit
flow_timber_node89node11_t2,0.0,node89transit_node11transit
flow_timber_node89node11_t3,0.0,node89transit_node11transit
flow_timber_node89node11_t4,0.0,node89transit_node11transit
flow_timber_node89node11_t5,0.0,node89transit_node11transit
flow_wide_node89node11_t1,0.0,node89transit_node11transit
flow_wide_node89node11_t2,0.0,node89transit_node11transit
flow_wide_node89node11_t3,0.0,node89transit_node11transit
flow_wide_node89node11_t4,0.0,node89transit_node11transit
flow_wide_node89node11_t5,0.0,node89transit_node11transit
flow_timber_node89node76_t1,0.0,node89transit_node76transit
flow_timber_node89node76_t2,-0.0,node89transit_node76transit
flow_timber_node89node76_t3,0.0,node89transit_node76transit
flow_timber_node89node76_t4,0.0,node89transit_node76transit
flow_timber_node89node76_t5,0.0,node89transit_node76transit
flow_wide_node89node76_t1,0.0,node89transit_node76transit
flow_wide_node89node76_t2,0.0,node89transit_node76transit
flow_wide_node89node76_t3,0.0,node89transit_node76transit
flow_wide_node89node76_t4,0.0,node89transit_node76transit
flow_wide_node89node76_t5,0.0,node89transit_node76transit
flow_timber_node89node80_t1,0.0,node89transit_node80transit
flow_timber_node89node80_t2,0.0,node89transit_node80transit
flow_timber_node89node80_t3,0.0,node89transit_node80transit
flow_timber_node89node80_t4,0.0,node89transit_node80transit
flow_timber_node89node80_t5,0.0,node89transit_node80transit
flow_wide_node89node80_t1,0.0,node89transit_node80transit
flow_wide_node89node80_t2,0.0,node89transit_node80transit
flow_wide_node89node80_t3,0.0,node89transit_node80transit
flow_wide_node89node80_t4,0.0,node89transit_node80transit
flow_wide_node89node80_t5,0.0,node89transit_node80transit
flow_timber_node89node125_t1,0.0,node89transit_node125source
flow_timber_node89node125_t2,0.0,node89transit_node125source
flow_timber_node89node125_t3,0.0,node89transit_node125source
flow_timber_node89node125_t4,0.0,node89transit_node125source
flow_timber_node89node125_t5,0.0,node89transit_node125source
flow_wide_node89node125_t1,0.0,node89transit_node125source
flow_wide_node89node125_t2,0.0,node89transit_node125source
flow_wide_node89node125_t3,0.0,node89transit_node125source
flow_wide_node89node125_t4,0.0,node89transit_node125source
flow_wide_node89node125_t5,0.0,node89transit_node125source
flow_timber_node89node143_t1,0.0,node89transit_node143source
flow_timber_node89node143_t2,0.0,node89transit_node143source
flow_timber_node89node143_t3,0.0,node89transit_node143source
flow_timber_node89node143_t4,0.0,node89transit_node143source
flow_timber_node89node143_t5,0.0,node89transit_node143source
flow_wide_node89node143_t1,0.0,node89transit_node143source
flow_wide_node89node143_t2,0.0,node89transit_node143source
flow_wide_node89node143_t3,0.0,node89transit_node143source
flow_wide_node89node143_t4,0.0,node89transit_node143source
flow_wide_node89node143_t5,0.0,node89transit_node143source
flow_timber_node15node11_t1,0.0,node15transit_node11transit
flow_timber_node15node11_t2,0.0,node15transit_node11transit
flow_timber_node15node11_t3,0.0,node15transit_node11transit
flow_timber_node15node11_t4,0.0,node15transit_node11transit
flow_timber_node15node11_t5,0.0,node15transit_node11transit
flow_wide_node15node11_t1,0.0,node15transit_node11transit
flow_wide_node15node11_t2,0.0,node15transit_node11transit
flow_wide_node15node11_t3,0.0,node15transit_node11transit
flow_wide_node15node11_t4,0.0,node15transit_node11transit
flow_wide_node15node11_t5,0.0,node15transit_node11transit
flow_timber_node15node58_t1,0.0,node15transit_node58transit
flow_timber_node15node58_t2,0.0,node15transit_node58transit
flow_timber_node15node58_t3,0.0,node15transit_node58transit
flow_timber_node15node58_t4,0.0,node15transit_node58transit
flow_timber_node15node58_t5,0.0,node15transit_node58transit
flow_wide_node15node58_t1,0.0,node15transit_node58transit
flow_wide_node15node58_t2,0.0,node15transit_node58transit
flow_wide_node15node58_t3,0.0,node15transit_node58transit
flow_wide_node15node58_t4,0.0,node15transit_node58transit
flow_wide_node15node58_t5,0.0,node15transit_node58transit
flow_timber_node15node94_t1,0.0,node15transit_node94transit
flow_timber_node15node94_t2,0.0,node15transit_node94transit
flow_timber_node15node94_t3,0.0,node15transit_node94transit
flow_timber_node15node94_t4,0.0,node15transit_node94transit
flow_timber_node15node94_t5,0.0,node15transit_node94transit
flow_wide_node15node94_t1,0.0,node15transit_node94transit
flow_wide_node15node94_t2,0.0,node15transit_node94transit
flow_wide_node15node94_t3,0.0,node15transit_node94transit
flow_wide_node15node94_t4,0.0,node15transit_node94transit
flow_wide_node15node94_t5,0.0,node15transit_node94transit
flow_timber_node15node143_t1,0.0,node15transit_node143source
flow_timber_node15node143_t2,0.0,node15transit_node143source
flow_timber_node15node143_t3,0.0,node15transit_node143source
flow_timber_node15node143_t4,0.0,node15transit_node143source
flow_timber_node15node143_t5,0.0,node15transit_node143source
flow_wide_node15node143_t1,0.0,node15transit_node143source
flow_wide_node15node143_t2,0.0,node15transit_node143source
flow_wide_node15node143_t3,0.0,node15transit_node143source
flow_wide_node15node143_t4,0.0,node15transit_node143source
flow_wide_node15node143_t5,0.0,node15transit_node143source
flow_timber_node48node11_t1,0.0,node48exit_node11transit
flow_timber_node48node11_t2,0.0,node48exit_node11transit
flow_timber_node48node11_t3,0.0,node48exit_node11transit
flow_timber_node48node11_t4,0.0,node48exit_node11transit
flow_timber_node48node11_t5,0.0,node48exit_node11transit
flow_wide_node48node11_t1,0.0,node48exit_node11transit
flow_wide_node48node11_t2,0.0,node48exit_node11transit
flow_wide_node48node11_t3,0.0,node48exit_node11transit
flow_wide_node48node11_t4,0.0,node48exit_node11transit
flow_wide_node48node11_t5,0.0,node48exit_node11transit
flow_timber_node48node100_t1,0.0,node48exit_node100exit
flow_timber_node48node100_t2,0.0,node48exit_node100exit
flow_timber_node48node100_t3,0.0,node48exit_node100exit
flow_timber_node48node100_t4,0.0,node48exit_node100exit
flow_timber_node48node100_t5,0.0,node48exit_node100exit
flow_wide_node48node100_t1,0.0,node48exit_node100exit
flow_wide_node48node100_t2,0.0,node48exit_node100exit
flow_wide_node48node100_t3,0.0,node48exit_node100exit
flow_wide_node48node100_t4,0.0,node48exit_node100exit
flow_wide_node48node100_t5,0.0,node48exit_node100exit
flow_timber_node143node11_t1,0.0,node143source_node11transit
flow_timber_node143node11_t2,0.0,node143source_node11transit
flow_timber_node143node11_t3,0.0,node143source_node11transit
flow_timber_node143node11_t4,0.0,node143source_node11transit
flow_timber_node143node11_t5,0.0,node143source_node11transit
flow_wide_node143node11_t1,0.0,node143source_node11transit
flow_wide_node143node11_t2,0.0,node143source_node11transit
flow_wide_node143node11_t3,0.0,node143source_node11transit
flow_wide_node143node11_t4,0.0,node143source_node11transit
flow_wide_node143node11_t5,0.0,node143source_node11transit
flow_timber_node143node15_t1,0.0,node143source_node15transit
flow_timber_node143node15_t2,0.0,node143source_node15transit
flow_timber_node143node15_t3,0.0,node143source_node15transit
flow_timber_node143node15_t4,0.0,node143source_node15transit
flow_timber_node143node15_t5,0.0,node143source_node15transit
flow_wide_node143node15_t1,0.0,node143source_node15transit
flow_wide_node143node15_t2,0.0,node143source_node15transit
flow_wide_node143node15_t3,0.0,node143source_node15transit
flow_wide_node143node15_t4,0.0,node143source_node15transit
flow_wide_node143node15_t5,0.0,node143source_node15transit
flow_timber_node143node58_t1,1.0,node143source_node58transit
flow_timber_node143node58_t2,0.0,node143source_node58transit
flow_timber_node143node58_t3,1.0,node143source_node58transit
flow_timber_node143node58_t4,1.0,node143source_node58transit
flow_timber_node143node58_t5,1.0,node143source_node58transit
flow_wide_node143node58_t1,0.0,node143source_node58transit
flow_wide_node143node58_t2,0.0,node143source_node58transit
flow_wide_node143node58_t3,0.0,node143source_node58transit
flow_wide_node143node58_t4,0.0,node143source_node58transit
flow_wide_node143node58_t5,0.0,node143source_node58transit
flow_timber_node143node80_t1,0.0,node143source_node80transit
flow_timber_node143node80_t2,0.0,node143source_node80transit
flow_timber_node143node80_t3,0.0,node143source_node80transit
flow_timber_node143node80_t4,0.0,node143source_node80transit
flow_timber_node143node80_t5,0.0,node143source_node80transit
flow_wide_node143node80_t1,0.0,node143source_node80transit
flow_wide_node143node80_t2,0.0,node143source_node80transit
flow_wide_node143node80_t3,0.0,node143source_node80transit
flow_wide_node143node80_t4,0.0,node143source_node80transit
flow_wide_node143node80_t5,0.0,node143source_node80transit
flow_timber_node143node89_t1,0.0,node143source_node89transit
flow_timber_node143node89_t2,0.0,node143source_node89transit
flow_timber_node143node89_t3,0.0,node143source_node89transit
flow_timber_node143node89_t4,0.0,node143source_node89transit
flow_timber_node143node89_t5,0.0,node143source_node89transit
flow_wide_node143node89_t1,0.0,node143source_node89transit
flow_wide_node143node89_t2,0.0,node143source_node89transit
flow_wide_node143node89_t3,0.0,node143source_node89transit
flow_wide_node143node89_t4,0.0,node143source_node89transit
flow_wide_node143node89_t5,0.0,node143source_node89transit
flow_timber_node12node64_t1,9.0,node12transit_node64transit
flow_timber_node12node64_t2,2.0,node12transit_node64transit
flow_timber_node12node64_t3,2.0,node12transit_node64transit
flow_timber_node12node64_t4,5.0,node12transit_node64transit
flow_timber_node12node64_t5,6.0,node12transit_node64transit
flow_wide_node12node64_t1,0.0,node12transit_node64transit
flow_wide_node12node64_t2,0.0,node12transit_node64transit
flow_wide_node12node64_t3,0.0,node12transit_node64transit
flow_wide_node12node64_t4,0.0,node12transit_node64transit
flow_wide_node12node64_t5,0.0,node12transit_node64transit
flow_timber_node12node36_t1,0.0,node12transit_node36transit
flow_timber_node12node36_t2,0.0,node12transit_node36transit
flow_timber_node12node36_t3,0.0,node12transit_node36transit
flow_timber_node12node36_t4,0.0,node12transit_node36transit
flow_timber_node12node36_t5,0.0,node12transit_node36transit
flow_wide_node12node36_t1,0.0,node12transit_node36transit
flow_wide_node12node36_t2,0.0,node12transit_node36transit
flow_wide_node12node36_t3,0.0,node12transit_node36transit
flow_wide_node12node36_t4,0.0,node12transit_node36transit
flow_wide_node12node36_t5,0.0,node12transit_node36transit
flow_timber_node12node44_t1,0.0,node12transit_node44transit
flow_timber_node12node44_t2,0.0,node12transit_node44transit
flow_timber_node12node44_t3,0.0,node12transit_node44transit
flow_timber_node12node44_t4,0.0,node12transit_node44transit
flow_timber_node12node44_t5,0.0,node12transit_node44transit
flow_wide_node12node44_t1,0.0,node12transit_node44transit
flow_wide_node12node44_t2,0.0,node12transit_node44transit
flow_wide_node12node44_t3,0.0,node12transit_node44transit
flow_wide_node12node44_t4,0.0,node12transit_node44transit
flow_wide_node12node44_t5,0.0,node12transit_node44transit
flow_timber_node12node138_t1,0.0,node12transit_node138source
flow_timber_node12node138_t2,0.0,node12transit_node138source
flow_timber_node12node138_t3,0.0,node12transit_node138source
flow_timber_node12node138_t4,0.0,node12transit_node138source
flow_timber_node12node138_t5,0.0,node12transit_node138source
flow_wide_node12node138_t1,0.0,node12transit_node138source
flow_wide_node12node138_t2,0.0,node12transit_node138source
flow_wide_node12node138_t3,0.0,node12transit_node138source
flow_wide_node12node138_t4,0.0,node12transit_node138source
flow_wide_node12node138_t5,0.0,node12transit_node138source
flow_timber_node12node139_t1,0.0,node12transit_node139source
flow_timber_node12node139_t2,0.0,node12transit_node139source
flow_timber_node12node139_t3,0.0,node12transit_node139source
flow_timber_node12node139_t4,0.0,node12transit_node139source
flow_timber_node12node139_t5,0.0,node12transit_node139source
flow_wide_node12node139_t1,0.0,node12transit_node139source
flow_wide_node12node139_t2,0.0,node12transit_node139source
flow_wide_node12node139_t3,0.0,node12transit_node139source
flow_wide_node12node139_t4,0.0,node12transit_node139source
flow_wide_node12node139_t5,0.0,node12transit_node139source
flow_timber_node64node12_t1,0.0,node64transit_node12transit
flow_timber_node64node12_t2,0.0,node64transit_node12transit
flow_timber_node64node12_t3,0.0,node64transit_node12transit
flow_timber_node64node12_t4,0.0,node64transit_node12transit
flow_timber_node64node12_t5,0.0,node64transit_node12transit
flow_wide_node64node12_t1,0.0,node64transit_node12transit
flow_wide_node64node12_t2,0.0,node64transit_node12transit
flow_wide_node64node12_t3,0.0,node64transit_node12transit
flow_wide_node64node12_t4,0.0,node64transit_node12transit
flow_wide_node64node12_t5,0.0,node64transit_node12transit
flow_timber_node64node65_t1,0.0,node64transit_node65transit
flow_timber_node64node65_t2,0.0,node64transit_node65transit
flow_timber_node64node65_t3,0.0,node64transit_node65transit
flow_timber_node64node65_t4,0.0,node64transit_node65transit
flow_timber_node64node65_t5,0.0,node64transit_node65transit
flow_wide_node64node65_t1,0.0,node64transit_node65transit
flow_wide_node64node65_t2,0.0,node64transit_node65transit
flow_wide_node64node65_t3,0.0,node64transit_node65transit
flow_wide_node64node65_t4,0.0,node64transit_node65transit
flow_wide_node64node65_t5,0.0,node64transit_node65transit
flow_timber_node64node95_t1,9.0,node64transit_node95transit
flow_timber_node64node95_t2,2.0,node64transit_node95transit
flow_timber_node64node95_t3,3.0,node64transit_node95transit
flow_timber_node64node95_t4,6.0,node64transit_node95transit
flow_timber_node64node95_t5,7.0,node64transit_node95transit
flow_wide_node64node95_t1,0.0,node64transit_node95transit
flow_wide_node64node95_t2,0.0,node64transit_node95transit
flow_wide_node64node95_t3,0.0,node64transit_node95transit
flow_wide_node64node95_t4,0.0,node64transit_node95transit
flow_wide_node64node95_t5,0.0,node64transit_node95transit
flow_timber_node64node138_t1,0.0,node64transit_node138source
flow_timber_node64node138_t2,0.0,node64transit_node138source
flow_timber_node64node138_t3,0.0,node64transit_node138source
flow_timber_node64node138_t4,0.0,node64transit_node138source
flow_timber_node64node138_t5,0.0,node64transit_node138source
flow_wide_node64node138_t1,0.0,node64transit_node138source
flow_wide_node64node138_t2,0.0,node64transit_node138source
flow_wide_node64node138_t3,0.0,node64transit_node138source
flow_wide_node64node138_t4,0.0,node64transit_node138source
flow_wide_node64node138_t5,0.0,node64transit_node138source
flow_timber_node22node13_t1,0.0,node22transit_node13transit
flow_timber_node22node13_t2,0.0,node22transit_node13transit
flow_timber_node22node13_t3,0.0,node22transit_node13transit
flow_timber_node22node13_t4,-0.0,node22transit_node13transit
flow_timber_node22node13_t5,0.0,node22transit_node13transit
flow_wide_node22node13_t1,0.0,node22transit_node13transit
flow_wide_node22node13_t2,0.0,node22transit_node13transit
flow_wide_node22node13_t3,0.0,node22transit_node13transit
flow_wide_node22node13_t4,0.0,node22transit_node13transit
flow_wide_node22node13_t5,0.0,node22transit_node13transit
flow_timber_node22node87_t1,0.0,node22transit_node87transit
flow_timber_node22node87_t2,0.0,node22transit_node87transit
flow_timber_node22node87_t3,0.0,node22transit_node87transit
flow_timber_node22node87_t4,0.0,node22transit_node87transit
flow_timber_node22node87_t5,0.0,node22transit_node87transit
flow_wide_node22node87_t1,0.0,node22transit_node87transit
flow_wide_node22node87_t2,0.0,node22transit_node87transit
flow_wide_node22node87_t3,0.0,node22transit_node87transit
flow_wide_node22node87_t4,0.0,node22transit_node87transit
flow_wide_node22node87_t5,0.0,node22transit_node87transit
flow_timber_node22node55_t1,-0.0,node22transit_node55transit
flow_timber_node22node55_t2,-0.0,node22transit_node55transit
flow_timber_node22node55_t3,0.0,node22transit_node55transit
flow_timber_node22node55_t4,0.0,node22transit_node55transit
flow_timber_node22node55_t5,-0.0,node22transit_node55transit
flow_wide_node22node55_t1,0.0,node22transit_node55transit
flow_wide_node22node55_t2,0.0,node22transit_node55transit
flow_wide_node22node55_t3,0.0,node22transit_node55transit
flow_wide_node22node55_t4,0.0,node22transit_node55transit
flow_wide_node22node55_t5,0.0,node22transit_node55transit
flow_timber_node22node121_t1,0.0,node22transit_node121source
flow_timber_node22node121_t2,0.0,node22transit_node121source
flow_timber_node22node121_t3,0.0,node22transit_node121source
flow_timber_node22node121_t4,0.0,node22transit_node121source
flow_timber_node22node121_t5,0.0,node22transit_node121source
flow_wide_node22node121_t1,0.0,node22transit_node121source
flow_wide_node22node121_t2,0.0,node22transit_node121source
flow_wide_node22node121_t3,0.0,node22transit_node121source
flow_wide_node22node121_t4,0.0,node22transit_node121source
flow_wide_node22node121_t5,0.0,node22transit_node121source
flow_timber_node22node123_t1,0.0,node22transit_node123source
flow_timber_node22node123_t2,0.0,node22transit_node123source
flow_timber_node22node123_t3,0.0,node22transit_node123source
flow_timber_node22node123_t4,0.0,node22transit_node123source
flow_timber_node22node123_t5,0.0,node22transit_node123source
flow_wide_node22node123_t1,0.0,node22transit_node123source
flow_wide_node22node123_t2,0.0,node22transit_node123source
flow_wide_node22node123_t3,0.0,node22transit_node123source
flow_wide_node22node123_t4,0.0,node22transit_node123source
flow_wide_node22node123_t5,0.0,node22transit_node123source
flow_timber_node16node60_t1,0.0,node16transit_node60transit
flow_timber_node16node60_t2,0.0,node16transit_node60transit
flow_timber_node16node60_t3,0.0,node16transit_node60transit
flow_timber_node16node60_t4,0.0,node16transit_node60transit
flow_timber_node16node60_t5,0.0,node16transit_node60transit
flow_wide_node16node60_t1,0.0,node16transit_node60transit
flow_wide_node16node60_t2,0.0,node16transit_node60transit
flow_wide_node16node60_t3,0.0,node16transit_node60transit
flow_wide_node16node60_t4,0.0,node16transit_node60transit
flow_wide_node16node60_t5,0.0,node16transit_node60transit
flow_timber_node16node86_t1,0.0,node16transit_node86transit
flow_timber_node16node86_t2,0.0,node16transit_node86transit
flow_timber_node16node86_t3,0.0,node16transit_node86transit
flow_timber_node16node86_t4,0.0,node16transit_node86transit
flow_timber_node16node86_t5,0.0,node16transit_node86transit
flow_wide_node16node86_t1,0.0,node16transit_node86transit
flow_wide_node16node86_t2,0.0,node16transit_node86transit
flow_wide_node16node86_t3,0.0,node16transit_node86transit
flow_wide_node16node86_t4,0.0,node16transit_node86transit
flow_wide_node16node86_t5,0.0,node16transit_node86transit
flow_timber_node16node31_t1,0.0,node16transit_node31transit
flow_timber_node16node31_t2,0.0,node16transit_node31transit
flow_timber_node16node31_t3,0.0,node16transit_node31transit
flow_timber_node16node31_t4,0.0,node16transit_node31transit
flow_timber_node16node31_t5,0.0,node16transit_node31transit
flow_wide_node16node31_t1,0.0,node16transit_node31transit
flow_wide_node16node31_t2,0.0,node16transit_node31transit
flow_wide_node16node31_t3,0.0,node16transit_node31transit
flow_wide_node16node31_t4,0.0,node16transit_node31transit
flow_wide_node16node31_t5,0.0,node16transit_node31transit
flow_timber_node16node118_t1,0.0,node16transit_node118source
flow_timber_node16node118_t2,0.0,node16transit_node118source
flow_timber_node16node118_t3,0.0,node16transit_node118source
flow_timber_node16node118_t4,0.0,node16transit_node118source
flow_timber_node16node118_t5,0.0,node16transit_node118source
flow_wide_node16node118_t1,0.0,node16transit_node118source
flow_wide_node16node118_t2,0.0,node16transit_node118source
flow_wide_node16node118_t3,0.0,node16transit_node118source
flow_wide_node16node118_t4,0.0,node16transit_node118source
flow_wide_node16node118_t5,0.0,node16transit_node118source
flow_timber_node60node16_t1,0.0,node60transit_node16transit
flow_timber_node60node16_t2,0.0,node60transit_node16transit
flow_timber_node60node16_t3,0.0,node60transit_node16transit
flow_timber_node60node16_t4,0.0,node60transit_node16transit
flow_timber_node60node16_t5,0.0,node60transit_node16transit
flow_wide_node60node16_t1,0.0,node60transit_node16transit
flow_wide_node60node16_t2,0.0,node60transit_node16transit
flow_wide_node60node16_t3,0.0,node60transit_node16transit
flow_wide_node60node16_t4,0.0,node60transit_node16transit
flow_wide_node60node16_t5,0.0,node60transit_node16transit
flow_timber_node60node100_t1,0.0,node60transit_node100exit
flow_timber_node60node100_t2,0.0,node60transit_node100exit
flow_timber_node60node100_t3,0.0,node60transit_node100exit
flow_timber_node60node100_t4,0.0,node60transit_node100exit
flow_timber_node60node100_t5,0.0,node60transit_node100exit
flow_wide_node60node100_t1,0.0,node60transit_node100exit
flow_wide_node60node100_t2,0.0,node60transit_node100exit
flow_wide_node60node100_t3,0.0,node60transit_node100exit
flow_wide_node60node100_t4,0.0,node60transit_node100exit
flow_wide_node60node100_t5,0.0,node60transit_node100exit
flow_timber_node60node114_t1,0.0,node60transit_node114exit
flow_timber_node60node114_t2,0.0,node60transit_node114exit
flow_timber_node60node114_t3,0.0,node60transit_node114exit
flow_timber_node60node114_t4,0.0,node60transit_node114exit
flow_timber_node60node114_t5,0.0,node60transit_node114exit
flow_wide_node60node114_t1,0.0,node60transit_node114exit
flow_wide_node60node114_t2,0.0,node60transit_node114exit
flow_wide_node60node114_t3,0.0,node60transit_node114exit
flow_wide_node60node114_t4,0.0,node60transit_node114exit
flow_wide_node60node114_t5,0.0,node60transit_node114exit
flow_timber_node86node16_t1,0.0,node86transit_node16transit
flow_timber_node86node16_t2,0.0,node86transit_node16transit
flow_timber_node86node16_t3,0.0,node86transit_node16transit
flow_timber_node86node16_t4,0.0,node86transit_node16transit
flow_timber_node86node16_t5,0.0,node86transit_node16transit
flow_wide_node86node16_t1,0.0,node86transit_node16transit
flow_wide_node86node16_t2,0.0,node86transit_node16transit
flow_wide_node86node16_t3,0.0,node86transit_node16transit
flow_wide_node86node16_t4,0.0,node86transit_node16transit
flow_wide_node86node16_t5,0.0,node86transit_node16transit
flow_timber_node86node61_t1,-0.0,node86transit_node61transit
flow_timber_node86node61_t2,0.0,node86transit_node61transit
flow_timber_node86node61_t3,0.0,node86transit_node61transit
flow_timber_node86node61_t4,0.0,node86transit_node61transit
flow_timber_node86node61_t5,0.0,node86transit_node61transit
flow_wide_node86node61_t1,0.0,node86transit_node61transit
flow_wide_node86node61_t2,0.0,node86transit_node61transit
flow_wide_node86node61_t3,0.0,node86transit_node61transit
flow_wide_node86node61_t4,0.0,node86transit_node61transit
flow_wide_node86node61_t5,0.0,node86transit_node61transit
flow_timber_node86node92_t1,0.0,node86transit_node92transit
flow_timber_node86node92_t2,0.0,node86transit_node92transit
flow_timber_node86node92_t3,0.0,node86transit_node92transit
flow_timber_node86node92_t4,0.0,node86transit_node92transit
flow_timber_node86node92_t5,0.0,node86transit_node92transit
flow_wide_node86node92_t1,0.0,node86transit_node92transit
flow_wide_node86node92_t2,0.0,node86transit_node92transit
flow_wide_node86node92_t3,0.0,node86transit_node92transit
flow_wide_node86node92_t4,0.0,node86transit_node92transit
flow_wide_node86node92_t5,0.0,node86transit_node92transit
flow_timber_node86node118_t1,0.0,node86transit_node118source
flow_timber_node86node118_t2,0.0,node86transit_node118source
flow_timber_node86node118_t3,0.0,node86transit_node118source
flow_timber_node86node118_t4,0.0,node86transit_node118source
flow_timber_node86node118_t5,0.0,node86transit_node118source
flow_wide_node86node118_t1,0.0,node86transit_node118source
flow_wide_node86node118_t2,0.0,node86transit_node118source
flow_wide_node86node118_t3,0.0,node86transit_node118source
flow_wide_node86node118_t4,0.0,node86transit_node118source
flow_wide_node86node118_t5,0.0,node86transit_node118source
flow_timber_node31node16_t1,0.0,node31transit_node16transit
flow_timber_node31node16_t2,0.0,node31transit_node16transit
flow_timber_node31node16_t3,0.0,node31transit_node16transit
flow_timber_node31node16_t4,0.0,node31transit_node16transit
flow_timber_node31node16_t5,0.0,node31transit_node16transit
flow_wide_node31node16_t1,0.0,node31transit_node16transit
flow_wide_node31node16_t2,0.0,node31transit_node16transit
flow_wide_node31node16_t3,0.0,node31transit_node16transit
flow_wide_node31node16_t4,0.0,node31transit_node16transit
flow_wide_node31node16_t5,0.0,node31transit_node16transit
flow_timber_node31node24_t1,0.0,node31transit_node24transit
flow_timber_node31node24_t2,0.0,node31transit_node24transit
flow_timber_node31node24_t3,0.0,node31transit_node24transit
flow_timber_node31node24_t4,0.0,node31transit_node24transit
flow_timber_node31node24_t5,0.0,node31transit_node24transit
flow_wide_node31node24_t1,0.0,node31transit_node24transit
flow_wide_node31node24_t2,0.0,node31transit_node24transit
flow_wide_node31node24_t3,0.0,node31transit_node24transit
flow_wide_node31node24_t4,0.0,node31transit_node24transit
flow_wide_node31node24_t5,0.0,node31transit_node24transit
flow_timber_node31node49_t1,0.0,node31transit_node49exit
flow_timber_node31node49_t2,0.0,node31transit_node49exit
flow_timber_node31node49_t3,0.0,node31transit_node49exit
flow_timber_node31node49_t4,0.0,node31transit_node49exit
flow_timber_node31node49_t5,0.0,node31transit_node49exit
flow_wide_node31node49_t1,0.0,node31transit_node49exit
flow_wide_node31node49_t2,0.0,node31transit_node49exit
flow_wide_node31node49_t3,0.0,node31transit_node49exit
flow_wide_node31node49_t4,0.0,node31transit_node49exit
flow_wide_node31node49_t5,0.0,node31transit_node49exit
flow_timber_node31node118_t1,0.0,node31transit_node118source
flow_timber_node31node118_t2,0.0,node31transit_node118source
flow_timber_node31node118_t3,0.0,node31transit_node118source
flow_timber_node31node118_t4,0.0,node31transit_node118source
flow_timber_node31node118_t5,0.0,node31transit_node118source
flow_wide_node31node118_t1,0.0,node31transit_node118source
flow_wide_node31node118_t2,0.0,node31transit_node118source
flow_wide_node31node118_t3,0.0,node31transit_node118source
flow_wide_node31node118_t4,0.0,node31transit_node118source
flow_wide_node31node118_t5,0.0,node31transit_node118source
flow_timber_node118node16_t1,0.0,node118source_node16transit
flow_timber_node118node16_t2,0.0,node118source_node16transit
flow_timber_node118node16_t3,0.0,node118source_node16transit
flow_timber_node118node16_t4,0.0,node118source_node16transit
flow_timber_node118node16_t5,0.0,node118source_node16transit
flow_wide_node118node16_t1,0.0,node118source_node16transit
flow_wide_node118node16_t2,0.0,node118source_node16transit
flow_wide_node118node16_t3,0.0,node118source_node16transit
flow_wide_node118node16_t4,0.0,node118source_node16transit
flow_wide_node118node16_t5,0.0,node118source_node16transit
flow_timber_node118node24_t1,0.0,node118source_node24transit
flow_timber_node118node24_t2,0.0,node118source_node24transit
flow_timber_node118node24_t3,1.0,node118source_node24transit
flow_timber_node118node24_t4,0.0,node118source_node24transit
flow_timber_node118node24_t5,1.0,node118source_node24transit
flow_wide_node118node24_t1,0.0,node118source_node24transit
flow_wide_node118node24_t2,0.0,node118source_node24transit
flow_wide_node118node24_t3,0.0,node118source_node24transit
flow_wide_node118node24_t4,0.0,node118source_node24transit
flow_wide_node118node24_t5,0.0,node118source_node24transit
flow_timber_node118node31_t1,0.0,node118source_node31transit
flow_timber_node118node31_t2,0.0,node118source_node31transit
flow_timber_node118node31_t3,0.0,node118source_node31transit
flow_timber_node118node31_t4,0.0,node118source_node31transit
flow_timber_node118node31_t5,0.0,node118source_node31transit
flow_wide_node118node31_t1,0.0,node118source_node31transit
flow_wide_node118node31_t2,0.0,node118source_node31transit
flow_wide_node118node31_t3,0.0,node118source_node31transit
flow_wide_node118node31_t4,0.0,node118source_node31transit
flow_wide_node118node31_t5,0.0,node118source_node31transit
flow_timber_node118node61_t1,1.0,node118source_node61transit
flow_timber_node118node61_t2,1.0,node118source_node61transit
flow_timber_node118node61_t3,0.0,node118source_node61transit
flow_timber_node118node61_t4,0.0,node118source_node61transit
flow_timber_node118node61_t5,0.0,node118source_node61transit
flow_wide_node118node61_t1,0.0,node118source_node61transit
flow_wide_node118node61_t2,0.0,node118source_node61transit
flow_wide_node118node61_t3,0.0,node118source_node61transit
flow_wide_node118node61_t4,0.0,node118source_node61transit
flow_wide_node118node61_t5,0.0,node118source_node61transit
flow_timber_node118node86_t1,0.0,node118source_node86transit
flow_timber_node118node86_t2,0.0,node118source_node86transit
flow_timber_node118node86_t3,0.0,node118source_node86transit
flow_timber_node118node86_t4,0.0,node118source_node86transit
flow_timber_node118node86_t5,0.0,node118source_node86transit
flow_wide_node118node86_t1,0.0,node118source_node86transit
flow_wide_node118node86_t2,0.0,node118source_node86transit
flow_wide_node118node86_t3,0.0,node118source_node86transit
flow_wide_node118node86_t4,0.0,node118source_node86transit
flow_wide_node118node86_t5,0.0,node118source_node86transit
flow_timber_node73node17_t1,0.0,node73transit_node17transit
flow_timber_node73node17_t2,0.0,node73transit_node17transit
flow_timber_node73node17_t3,0.0,node73transit_node17transit
flow_timber_node73node17_t4,0.0,node73transit_node17transit
flow_timber_node73node17_t5,0.0,node73transit_node17transit
flow_wide_node73node17_t1,0.0,node73transit_node17transit
flow_wide_node73node17_t2,0.0,node73transit_node17transit
flow_wide_node73node17_t3,0.0,node73transit_node17transit
flow_wide_node73node17_t4,0.0,node73transit_node17transit
flow_wide_node73node17_t5,0.0,node73transit_node17transit
flow_timber_node73node78_t1,0.0,node73transit_node78transit
flow_timber_node73node78_t2,0.0,node73transit_node78transit
flow_timber_node73node78_t3,0.0,node73transit_node78transit
flow_timber_node73node78_t4,1.0,node73transit_node78transit
flow_timber_node73node78_t5,2.0,node73transit_node78transit
flow_wide_node73node78_t1,0.0,node73transit_node78transit
flow_wide_node73node78_t2,0.0,node73transit_node78transit
flow_wide_node73node78_t3,0.0,node73transit_node78transit
flow_wide_node73node78_t4,0.0,node73transit_node78transit
flow_wide_node73node78_t5,0.0,node73transit_node78transit
flow_timber_node73node116_t1,0.0,node73transit_node116exit
flow_timber_node73node116_t2,0.0,node73transit_node116exit
flow_timber_node73node116_t3,0.0,node73transit_node116exit
flow_timber_node73node116_t4,0.0,node73transit_node116exit
flow_timber_node73node116_t5,0.0,node73transit_node116exit
flow_wide_node73node116_t1,0.0,node73transit_node116exit
flow_wide_node73node116_t2,0.0,node73transit_node116exit
flow_wide_node73node116_t3,0.0,node73transit_node116exit
flow_wide_node73node116_t4,0.0,node73transit_node116exit
flow_wide_node73node116_t5,0.0,node73transit_node116exit
flow_timber_node73node141_t1,0.0,node73transit_node141source
flow_timber_node73node141_t2,0.0,node73transit_node141source
flow_timber_node73node141_t3,0.0,node73transit_node141source
flow_timber_node73node141_t4,0.0,node73transit_node141source
flow_timber_node73node141_t5,0.0,node73transit_node141source
flow_wide_node73node141_t1,0.0,node73transit_node141source
flow_wide_node73node141_t2,0.0,node73transit_node141source
flow_wide_node73node141_t3,0.0,node73transit_node141source
flow_wide_node73node141_t4,0.0,node73transit_node141source
flow_wide_node73node141_t5,0.0,node73transit_node141source
flow_timber_node19node18_t1,0.0,node19transit_node18transit
flow_timber_node19node18_t2,0.0,node19transit_node18transit
flow_timber_node19node18_t3,0.0,node19transit_node18transit
flow_timber_node19node18_t4,0.0,node19transit_node18transit
flow_timber_node19node18_t5,0.0,node19transit_node18transit
flow_wide_node19node18_t1,0.0,node19transit_node18transit
flow_wide_node19node18_t2,0.0,node19transit_node18transit
flow_wide_node19node18_t3,0.0,node19transit_node18transit
flow_wide_node19node18_t4,0.0,node19transit_node18transit
flow_wide_node19node18_t5,0.0,node19transit_node18transit
flow_timber_node19node50_t1,0.0,node19transit_node50transit
flow_timber_node19node50_t2,0.0,node19transit_node50transit
flow_timber_node19node50_t3,0.0,node19transit_node50transit
flow_timber_node19node50_t4,0.0,node19transit_node50transit
flow_timber_node19node50_t5,0.0,node19transit_node50transit
flow_wide_node19node50_t1,0.0,node19transit_node50transit
flow_wide_node19node50_t2,0.0,node19transit_node50transit
flow_wide_node19node50_t3,0.0,node19transit_node50transit
flow_wide_node19node50_t4,0.0,node19transit_node50transit
flow_wide_node19node50_t5,0.0,node19transit_node50transit
flow_timber_node19node38_t1,0.0,node19transit_node38transit
flow_timber_node19node38_t2,0.0,node19transit_node38transit
flow_timber_node19node38_t3,0.0,node19transit_node38transit
flow_timber_node19node38_t4,0.0,node19transit_node38transit
flow_timber_node19node38_t5,0.0,node19transit_node38transit
flow_wide_node19node38_t1,0.0,node19transit_node38transit
flow_wide_node19node38_t2,0.0,node19transit_node38transit
flow_wide_node19node38_t3,0.0,node19transit_node38transit
flow_wide_node19node38_t4,0.0,node19transit_node38transit
flow_wide_node19node38_t5,0.0,node19transit_node38transit
flow_timber_node19node130_t1,0.0,node19transit_node130source
flow_timber_node19node130_t2,0.0,node19transit_node130source
flow_timber_node19node130_t3,0.0,node19transit_node130source
flow_timber_node19node130_t4,0.0,node19transit_node130source
flow_timber_node19node130_t5,0.0,node19transit_node130source
flow_wide_node19node130_t1,0.0,node19transit_node130source
flow_wide_node19node130_t2,0.0,node19transit_node130source
flow_wide_node19node130_t3,0.0,node19transit_node130source
flow_wide_node19node130_t4,0.0,node19transit_node130source
flow_wide_node19node130_t5,0.0,node19transit_node130source
flow_timber_node19node131_t1,0.0,node19transit_node131source
flow_timber_node19node131_t2,0.0,node19transit_node131source
flow_timber_node19node131_t3,0.0,node19transit_node131source
flow_timber_node19node131_t4,0.0,node19transit_node131source
flow_timber_node19node131_t5,0.0,node19transit_node131source
flow_wide_node19node131_t1,0.0,node19transit_node131source
flow_wide_node19node131_t2,0.0,node19transit_node131source
flow_wide_node19node131_t3,0.0,node19transit_node131source
flow_wide_node19node131_t4,0.0,node19transit_node131source
flow_wide_node19node131_t5,0.0,node19transit_node131source
flow_timber_node19node132_t1,0.0,node19transit_node132source
flow_timber_node19node132_t2,0.0,node19transit_node132source
flow_timber_node19node132_t3,0.0,node19transit_node132source
flow_timber_node19node132_t4,0.0,node19transit_node132source
flow_timber_node19node132_t5,0.0,node19transit_node132source
flow_wide_node19node132_t1,0.0,node19transit_node132source
flow_wide_node19node132_t2,0.0,node19transit_node132source
flow_wide_node19node132_t3,0.0,node19transit_node132source
flow_wide_node19node132_t4,0.0,node19transit_node132source
flow_wide_node19node132_t5,0.0,node19transit_node132source
flow_timber_node38node18_t1,0.0,node38transit_node18transit
flow_timber_node38node18_t2,0.0,node38transit_node18transit
flow_timber_node38node18_t3,0.0,node38transit_node18transit
flow_timber_node38node18_t4,0.0,node38transit_node18transit
flow_timber_node38node18_t5,0.0,node38transit_node18transit
flow_wide_node38node18_t1,0.0,node38transit_node18transit
flow_wide_node38node18_t2,0.0,node38transit_node18transit
flow_wide_node38node18_t3,0.0,node38transit_node18transit
flow_wide_node38node18_t4,0.0,node38transit_node18transit
flow_wide_node38node18_t5,0.0,node38transit_node18transit
flow_timber_node38node19_t1,0.0,node38transit_node19transit
flow_timber_node38node19_t2,0.0,node38transit_node19transit
flow_timber_node38node19_t3,0.0,node38transit_node19transit
flow_timber_node38node19_t4,0.0,node38transit_node19transit
flow_timber_node38node19_t5,0.0,node38transit_node19transit
flow_wide_node38node19_t1,0.0,node38transit_node19transit
flow_wide_node38node19_t2,0.0,node38transit_node19transit
flow_wide_node38node19_t3,0.0,node38transit_node19transit
flow_wide_node38node19_t4,0.0,node38transit_node19transit
flow_wide_node38node19_t5,0.0,node38transit_node19transit
flow_timber_node38node52_t1,4.0,node38transit_node52transit
flow_timber_node38node52_t2,1.0,node38transit_node52transit
flow_timber_node38node52_t3,1.0,node38transit_node52transit
flow_timber_node38node52_t4,0.0,node38transit_node52transit
flow_timber_node38node52_t5,1.0,node38transit_node52transit
flow_wide_node38node52_t1,0.0,node38transit_node52transit
flow_wide_node38node52_t2,0.0,node38transit_node52transit
flow_wide_node38node52_t3,0.0,node38transit_node52transit
flow_wide_node38node52_t4,0.0,node38transit_node52transit
flow_wide_node38node52_t5,0.0,node38transit_node52transit
flow_timber_node38node130_t1,0.0,node38transit_node130source
flow_timber_node38node130_t2,0.0,node38transit_node130source
flow_timber_node38node130_t3,0.0,node38transit_node130source
flow_timber_node38node130_t4,0.0,node38transit_node130source
flow_timber_node38node130_t5,0.0,node38transit_node130source
flow_wide_node38node130_t1,0.0,node38transit_node130source
flow_wide_node38node130_t2,0.0,node38transit_node130source
flow_wide_node38node130_t3,0.0,node38transit_node130source
flow_wide_node38node130_t4,0.0,node38transit_node130source
flow_wide_node38node130_t5,0.0,node38transit_node130source
flow_timber_node38node131_t1,0.0,node38transit_node131source
flow_timber_node38node131_t2,0.0,node38transit_node131source
flow_timber_node38node131_t3,0.0,node38transit_node131source
flow_timber_node38node131_t4,0.0,node38transit_node131source
flow_timber_node38node131_t5,0.0,node38transit_node131source
flow_wide_node38node131_t1,0.0,node38transit_node131source
flow_wide_node38node131_t2,0.0,node38transit_node131source
flow_wide_node38node131_t3,0.0,node38transit_node131source
flow_wide_node38node131_t4,0.0,node38transit_node131source
flow_wide_node38node131_t5,0.0,node38transit_node131source
flow_timber_node38node139_t1,0.0,node38transit_node139source
flow_timber_node38node139_t2,0.0,node38transit_node139source
flow_timber_node38node139_t3,0.0,node38transit_node139source
flow_timber_node38node139_t4,0.0,node38transit_node139source
flow_timber_node38node139_t5,0.0,node38transit_node139source
flow_wide_node38node139_t1,0.0,node38transit_node139source
flow_wide_node38node139_t2,0.0,node38transit_node139source
flow_wide_node38node139_t3,0.0,node38transit_node139source
flow_wide_node38node139_t4,0.0,node38transit_node139source
flow_wide_node38node139_t5,0.0,node38transit_node139source
flow_timber_node131node18_t1,0.0,node131source_node18transit
flow_timber_node131node18_t2,0.0,node131source_node18transit
flow_timber_node131node18_t3,0.0,node131source_node18transit
flow_timber_node131node18_t4,0.0,node131source_node18transit
flow_timber_node131node18_t5,0.0,node131source_node18transit
flow_wide_node131node18_t1,0.0,node131source_node18transit
flow_wide_node131node18_t2,0.0,node131source_node18transit
flow_wide_node131node18_t3,0.0,node131source_node18transit
flow_wide_node131node18_t4,0.0,node131source_node18transit
flow_wide_node131node18_t5,0.0,node131source_node18transit
flow_timber_node131node19_t1,0.0,node131source_node19transit
flow_timber_node131node19_t2,0.0,node131source_node19transit
flow_timber_node131node19_t3,0.0,node131source_node19transit
flow_timber_node131node19_t4,0.0,node131source_node19transit
flow_timber_node131node19_t5,0.0,node131source_node19transit
flow_wide_node131node19_t1,0.0,node131source_node19transit
flow_wide_node131node19_t2,0.0,node131source_node19transit
flow_wide_node131node19_t3,0.0,node131source_node19transit
flow_wide_node131node19_t4,0.0,node131source_node19transit
flow_wide_node131node19_t5,0.0,node131source_node19transit
flow_timber_node131node38_t1,1.0,node131source_node38transit
flow_timber_node131node38_t2,1.0,node131source_node38transit
flow_timber_node131node38_t3,1.0,node131source_node38transit
flow_timber_node131node38_t4,0.0,node131source_node38transit
flow_timber_node131node38_t5,1.0,node131source_node38transit
flow_wide_node131node38_t1,0.0,node131source_node38transit
flow_wide_node131node38_t2,0.0,node131source_node38transit
flow_wide_node131node38_t3,0.0,node131source_node38transit
flow_wide_node131node38_t4,0.0,node131source_node38transit
flow_wide_node131node38_t5,0.0,node131source_node38transit
flow_timber_node50node19_t1,0.0,node50transit_node19transit
flow_timber_node50node19_t2,0.0,node50transit_node19transit
flow_timber_node50node19_t3,0.0,node50transit_node19transit
flow_timber_node50node19_t4,0.0,node50transit_node19transit
flow_timber_node50node19_t5,0.0,node50transit_node19transit
flow_wide_node50node19_t1,0.0,node50transit_node19transit
flow_wide_node50node19_t2,0.0,node50transit_node19transit
flow_wide_node50node19_t3,0.0,node50transit_node19transit
flow_wide_node50node19_t4,0.0,node50transit_node19transit
flow_wide_node50node19_t5,0.0,node50transit_node19transit
flow_timber_node50node54_t1,0.0,node50transit_node54transit
flow_timber_node50node54_t2,0.0,node50transit_node54transit
flow_timber_node50node54_t3,-0.0,node50transit_node54transit
flow_timber_node50node54_t4,0.0,node50transit_node54transit
flow_timber_node50node54_t5,0.0,node50transit_node54transit
flow_wide_node50node54_t1,0.0,node50transit_node54transit
flow_wide_node50node54_t2,0.0,node50transit_node54transit
flow_wide_node50node54_t3,0.0,node50transit_node54transit
flow_wide_node50node54_t4,0.0,node50transit_node54transit
flow_wide_node50node54_t5,0.0,node50transit_node54transit
flow_timber_node50node68_t1,0.0,node50transit_node68transit
flow_timber_node50node68_t2,0.0,node50transit_node68transit
flow_timber_node50node68_t3,0.0,node50transit_node68transit
flow_timber_node50node68_t4,0.0,node50transit_node68transit
flow_timber_node50node68_t5,0.0,node50transit_node68transit
flow_wide_node50node68_t1,0.0,node50transit_node68transit
flow_wide_node50node68_t2,0.0,node50transit_node68transit
flow_wide_node50node68_t3,0.0,node50transit_node68transit
flow_wide_node50node68_t4,0.0,node50transit_node68transit
flow_wide_node50node68_t5,0.0,node50transit_node68transit
flow_timber_node50node130_t1,0.0,node50transit_node130source
flow_timber_node50node130_t2,0.0,node50transit_node130source
flow_timber_node50node130_t3,0.0,node50transit_node130source
flow_timber_node50node130_t4,0.0,node50transit_node130source
flow_timber_node50node130_t5,0.0,node50transit_node130source
flow_wide_node50node130_t1,0.0,node50transit_node130source
flow_wide_node50node130_t2,0.0,node50transit_node130source
flow_wide_node50node130_t3,0.0,node50transit_node130source
flow_wide_node50node130_t4,0.0,node50transit_node130source
flow_wide_node50node130_t5,0.0,node50transit_node130source
flow_timber_node50node132_t1,0.0,node50transit_node132source
flow_timber_node50node132_t2,0.0,node50transit_node132source
flow_timber_node50node132_t3,0.0,node50transit_node132source
flow_timber_node50node132_t4,0.0,node50transit_node132source
flow_timber_node50node132_t5,0.0,node50transit_node132source
flow_wide_node50node132_t1,0.0,node50transit_node132source
flow_wide_node50node132_t2,0.0,node50transit_node132source
flow_wide_node50node132_t3,0.0,node50transit_node132source
flow_wide_node50node132_t4,0.0,node50transit_node132source
flow_wide_node50node132_t5,0.0,node50transit_node132source
flow_timber_node130node19_t1,0.0,node130source_node19transit
flow_timber_node130node19_t2,0.0,node130source_node19transit
flow_timber_node130node19_t3,0.0,node130source_node19transit
flow_timber_node130node19_t4,0.0,node130source_node19transit
flow_timber_node130node19_t5,0.0,node130source_node19transit
flow_wide_node130node19_t1,0.0,node130source_node19transit
flow_wide_node130node19_t2,0.0,node130source_node19transit
flow_wide_node130node19_t3,0.0,node130source_node19transit
flow_wide_node130node19_t4,0.0,node130source_node19transit
flow_wide_node130node19_t5,0.0,node130source_node19transit
flow_timber_node130node37_t1,0.0,node130source_node37transit
flow_timber_node130node37_t2,0.0,node130source_node37transit
flow_timber_node130node37_t3,0.0,node130source_node37transit
flow_timber_node130node37_t4,0.0,node130source_node37transit
flow_timber_node130node37_t5,1.0,node130source_node37transit
flow_wide_node130node37_t1,0.0,node130source_node37transit
flow_wide_node130node37_t2,0.0,node130source_node37transit
flow_wide_node130node37_t3,0.0,node130source_node37transit
flow_wide_node130node37_t4,0.0,node130source_node37transit
flow_wide_node130node37_t5,0.0,node130source_node37transit
flow_timber_node130node38_t1,0.0,node130source_node38transit
flow_timber_node130node38_t2,0.0,node130source_node38transit
flow_timber_node130node38_t3,0.0,node130source_node38transit
flow_timber_node130node38_t4,0.0,node130source_node38transit
flow_timber_node130node38_t5,0.0,node130source_node38transit
flow_wide_node130node38_t1,0.0,node130source_node38transit
flow_wide_node130node38_t2,0.0,node130source_node38transit
flow_wide_node130node38_t3,0.0,node130source_node38transit
flow_wide_node130node38_t4,0.0,node130source_node38transit
flow_wide_node130node38_t5,0.0,node130source_node38transit
flow_timber_node130node50_t1,0.0,node130source_node50transit
flow_timber_node130node50_t2,0.0,node130source_node50transit
flow_timber_node130node50_t3,0.0,node130source_node50transit
flow_timber_node130node50_t4,0.0,node130source_node50transit
flow_timber_node130node50_t5,0.0,node130source_node50transit
flow_wide_node130node50_t1,0.0,node130source_node50transit
flow_wide_node130node50_t2,0.0,node130source_node50transit
flow_wide_node130node50_t3,0.0,node130source_node50transit
flow_wide_node130node50_t4,0.0,node130source_node50transit
flow_wide_node130node50_t5,0.0,node130source_node50transit
flow_timber_node130node52_t1,0.0,node130source_node52transit
flow_timber_node130node52_t2,0.0,node130source_node52transit
flow_timber_node130node52_t3,0.0,node130source_node52transit
flow_timber_node130node52_t4,1.0,node130source_node52transit
flow_timber_node130node52_t5,0.0,node130source_node52transit
flow_wide_node130node52_t1,0.0,node130source_node52transit
flow_wide_node130node52_t2,0.0,node130source_node52transit
flow_wide_node130node52_t3,0.0,node130source_node52transit
flow_wide_node130node52_t4,0.0,node130source_node52transit
flow_wide_node130node52_t5,0.0,node130source_node52transit
flow_timber_node130node54_t1,1.0,node130source_node54transit
flow_timber_node130node54_t2,0.0,node130source_node54transit
flow_timber_node130node54_t3,0.0,node130source_node54transit
flow_timber_node130node54_t4,0.0,node130source_node54transit
flow_timber_node130node54_t5,0.0,node130source_node54transit
flow_wide_node130node54_t1,0.0,node130source_node54transit
flow_wide_node130node54_t2,0.0,node130source_node54transit
flow_wide_node130node54_t3,0.0,node130source_node54transit
flow_wide_node130node54_t4,0.0,node130source_node54transit
flow_wide_node130node54_t5,0.0,node130source_node54transit
flow_timber_node130node56_t1,0.0,node130source_node56transit
flow_timber_node130node56_t2,0.0,node130source_node56transit
flow_timber_node130node56_t3,0.0,node130source_node56transit
flow_timber_node130node56_t4,0.0,node130source_node56transit
flow_timber_node130node56_t5,0.0,node130source_node56transit
flow_wide_node130node56_t1,0.0,node130source_node56transit
flow_wide_node130node56_t2,0.0,node130source_node56transit
flow_wide_node130node56_t3,0.0,node130source_node56transit
flow_wide_node130node56_t4,0.0,node130source_node56transit
flow_wide_node130node56_t5,0.0,node130source_node56transit
flow_timber_node130node75_t1,0.0,node130source_node75transit
flow_timber_node130node75_t2,0.0,node130source_node75transit
flow_timber_node130node75_t3,0.0,node130source_node75transit
flow_timber_node130node75_t4,0.0,node130source_node75transit
flow_timber_node130node75_t5,0.0,node130source_node75transit
flow_wide_node130node75_t1,0.0,node130source_node75transit
flow_wide_node130node75_t2,0.0,node130source_node75transit
flow_wide_node130node75_t3,0.0,node130source_node75transit
flow_wide_node130node75_t4,0.0,node130source_node75transit
flow_wide_node130node75_t5,0.0,node130source_node75transit
flow_timber_node42node20_t1,0.0,node42transit_node20transit
flow_timber_node42node20_t2,0.0,node42transit_node20transit
flow_timber_node42node20_t3,0.0,node42transit_node20transit
flow_timber_node42node20_t4,0.0,node42transit_node20transit
flow_timber_node42node20_t5,0.0,node42transit_node20transit
flow_wide_node42node20_t1,0.0,node42transit_node20transit
flow_wide_node42node20_t2,0.0,node42transit_node20transit
flow_wide_node42node20_t3,0.0,node42transit_node20transit
flow_wide_node42node20_t4,0.0,node42transit_node20transit
flow_wide_node42node20_t5,0.0,node42transit_node20transit
flow_timber_node42node40_t1,1.0,node42transit_node40transit
flow_timber_node42node40_t2,1.0,node42transit_node40transit
flow_timber_node42node40_t3,1.0,node42transit_node40transit
flow_timber_node42node40_t4,1.0,node42transit_node40transit
flow_timber_node42node40_t5,1.0,node42transit_node40transit
flow_wide_node42node40_t1,0.0,node42transit_node40transit
flow_wide_node42node40_t2,0.0,node42transit_node40transit
flow_wide_node42node40_t3,0.0,node42transit_node40transit
flow_wide_node42node40_t4,0.0,node42transit_node40transit
flow_wide_node42node40_t5,0.0,node42transit_node40transit
flow_timber_node42node92_t1,0.0,node42transit_node92transit
flow_timber_node42node92_t2,0.0,node42transit_node92transit
flow_timber_node42node92_t3,0.0,node42transit_node92transit
flow_timber_node42node92_t4,0.0,node42transit_node92transit
flow_timber_node42node92_t5,0.0,node42transit_node92transit
flow_wide_node42node92_t1,0.0,node42transit_node92transit
flow_wide_node42node92_t2,0.0,node42transit_node92transit
flow_wide_node42node92_t3,0.0,node42transit_node92transit
flow_wide_node42node92_t4,0.0,node42transit_node92transit
flow_wide_node42node92_t5,0.0,node42transit_node92transit
flow_timber_node42node124_t1,0.0,node42transit_node124source
flow_timber_node42node124_t2,0.0,node42transit_node124source
flow_timber_node42node124_t3,0.0,node42transit_node124source
flow_timber_node42node124_t4,0.0,node42transit_node124source
flow_timber_node42node124_t5,0.0,node42transit_node124source
flow_wide_node42node124_t1,0.0,node42transit_node124source
flow_wide_node42node124_t2,0.0,node42transit_node124source
flow_wide_node42node124_t3,0.0,node42transit_node124source
flow_wide_node42node124_t4,0.0,node42transit_node124source
flow_wide_node42node124_t5,0.0,node42transit_node124source
flow_timber_node21node29_t1,0.0,node21transit_node29transit
flow_timber_node21node29_t2,0.0,node21transit_node29transit
flow_timber_node21node29_t3,0.0,node21transit_node29transit
flow_timber_node21node29_t4,0.0,node21transit_node29transit
flow_timber_node21node29_t5,0.0,node21transit_node29transit
flow_wide_node21node29_t1,0.0,node21transit_node29transit
flow_wide_node21node29_t2,0.0,node21transit_node29transit
flow_wide_node21node29_t3,0.0,node21transit_node29transit
flow_wide_node21node29_t4,0.0,node21transit_node29transit
flow_wide_node21node29_t5,0.0,node21transit_node29transit
flow_timber_node21node90_t1,0.0,node21transit_node90transit
flow_timber_node21node90_t2,0.0,node21transit_node90transit
flow_timber_node21node90_t3,0.0,node21transit_node90transit
flow_timber_node21node90_t4,0.0,node21transit_node90transit
flow_timber_node21node90_t5,0.0,node21transit_node90transit
flow_wide_node21node90_t1,0.0,node21transit_node90transit
flow_wide_node21node90_t2,0.0,node21transit_node90transit
flow_wide_node21node90_t3,0.0,node21transit_node90transit
flow_wide_node21node90_t4,0.0,node21transit_node90transit
flow_wide_node21node90_t5,0.0,node21transit_node90transit
flow_timber_node21node82_t1,0.0,node21transit_node82transit
flow_timber_node21node82_t2,0.0,node21transit_node82transit
flow_timber_node21node82_t3,0.0,node21transit_node82transit
flow_timber_node21node82_t4,0.0,node21transit_node82transit
flow_timber_node21node82_t5,0.0,node21transit_node82transit
flow_wide_node21node82_t1,0.0,node21transit_node82transit
flow_wide_node21node82_t2,0.0,node21transit_node82transit
flow_wide_node21node82_t3,0.0,node21transit_node82transit
flow_wide_node21node82_t4,0.0,node21transit_node82transit
flow_wide_node21node82_t5,0.0,node21transit_node82transit
flow_timber_node21node127_t1,0.0,node21transit_node127source
flow_timber_node21node127_t2,0.0,node21transit_node127source
flow_timber_node21node127_t3,0.0,node21transit_node127source
flow_timber_node21node127_t4,0.0,node21transit_node127source
flow_timber_node21node127_t5,0.0,node21transit_node127source
flow_wide_node21node127_t1,0.0,node21transit_node127source
flow_wide_node21node127_t2,0.0,node21transit_node127source
flow_wide_node21node127_t3,0.0,node21transit_node127source
flow_wide_node21node127_t4,0.0,node21transit_node127source
flow_wide_node21node127_t5,0.0,node21transit_node127source
flow_timber_node29node21_t1,0.0,node29transit_node21transit
flow_timber_node29node21_t2,0.0,node29transit_node21transit
flow_timber_node29node21_t3,0.0,node29transit_node21transit
flow_timber_node29node21_t4,0.0,node29transit_node21transit
flow_timber_node29node21_t5,0.0,node29transit_node21transit
flow_wide_node29node21_t1,0.0,node29transit_node21transit
flow_wide_node29node21_t2,0.0,node29transit_node21transit
flow_wide_node29node21_t3,0.0,node29transit_node21transit
flow_wide_node29node21_t4,0.0,node29transit_node21transit
flow_wide_node29node21_t5,0.0,node29transit_node21transit
flow_timber_node29node88_t1,0.0,node29transit_node88transit
flow_timber_node29node88_t2,0.0,node29transit_node88transit
flow_timber_node29node88_t3,0.0,node29transit_node88transit
flow_timber_node29node88_t4,0.0,node29transit_node88transit
flow_timber_node29node88_t5,0.0,node29transit_node88transit
flow_wide_node29node88_t1,0.0,node29transit_node88transit
flow_wide_node29node88_t2,0.0,node29transit_node88transit
flow_wide_node29node88_t3,0.0,node29transit_node88transit
flow_wide_node29node88_t4,0.0,node29transit_node88transit
flow_wide_node29node88_t5,0.0,node29transit_node88transit
flow_timber_node29node90_t1,0.0,node29transit_node90transit
flow_timber_node29node90_t2,0.0,node29transit_node90transit
flow_timber_node29node90_t3,0.0,node29transit_node90transit
flow_timber_node29node90_t4,0.0,node29transit_node90transit
flow_timber_node29node90_t5,0.0,node29transit_node90transit
flow_wide_node29node90_t1,0.0,node29transit_node90transit
flow_wide_node29node90_t2,0.0,node29transit_node90transit
flow_wide_node29node90_t3,0.0,node29transit_node90transit
flow_wide_node29node90_t4,0.0,node29transit_node90transit
flow_wide_node29node90_t5,0.0,node29transit_node90transit
flow_timber_node29node127_t1,0.0,node29transit_node127source
flow_timber_node29node127_t2,0.0,node29transit_node127source
flow_timber_node29node127_t3,0.0,node29transit_node127source
flow_timber_node29node127_t4,0.0,node29transit_node127source
flow_timber_node29node127_t5,0.0,node29transit_node127source
flow_wide_node29node127_t1,0.0,node29transit_node127source
flow_wide_node29node127_t2,0.0,node29transit_node127source
flow_wide_node29node127_t3,0.0,node29transit_node127source
flow_wide_node29node127_t4,0.0,node29transit_node127source
flow_wide_node29node127_t5,0.0,node29transit_node127source
flow_timber_node29node134_t1,0.0,node29transit_node134source
flow_timber_node29node134_t2,0.0,node29transit_node134source
flow_timber_node29node134_t3,0.0,node29transit_node134source
flow_timber_node29node134_t4,0.0,node29transit_node134source
flow_timber_node29node134_t5,0.0,node29transit_node134source
flow_wide_node29node134_t1,0.0,node29transit_node134source
flow_wide_node29node134_t2,0.0,node29transit_node134source
flow_wide_node29node134_t3,0.0,node29transit_node134source
flow_wide_node29node134_t4,0.0,node29transit_node134source
flow_wide_node29node134_t5,0.0,node29transit_node134source
flow_timber_node90node21_t1,0.0,node90transit_node21transit
flow_timber_node90node21_t2,0.0,node90transit_node21transit
flow_timber_node90node21_t3,0.0,node90transit_node21transit
flow_timber_node90node21_t4,0.0,node90transit_node21transit
flow_timber_node90node21_t5,0.0,node90transit_node21transit
flow_wide_node90node21_t1,0.0,node90transit_node21transit
flow_wide_node90node21_t2,0.0,node90transit_node21transit
flow_wide_node90node21_t3,0.0,node90transit_node21transit
flow_wide_node90node21_t4,0.0,node90transit_node21transit
flow_wide_node90node21_t5,0.0,node90transit_node21transit
flow_timber_node90node29_t1,0.0,node90transit_node29transit
flow_timber_node90node29_t2,0.0,node90transit_node29transit
flow_timber_node90node29_t3,0.0,node90transit_node29transit
flow_timber_node90node29_t4,0.0,node90transit_node29transit
flow_timber_node90node29_t5,0.0,node90transit_node29transit
flow_wide_node90node29_t1,0.0,node90transit_node29transit
flow_wide_node90node29_t2,0.0,node90transit_node29transit
flow_wide_node90node29_t3,0.0,node90transit_node29transit
flow_wide_node90node29_t4,0.0,node90transit_node29transit
flow_wide_node90node29_t5,0.0,node90transit_node29transit
flow_timber_node90node30_t1,2.0,node90transit_node30transit
flow_timber_node90node30_t2,1.0,node90transit_node30transit
flow_timber_node90node30_t3,1.0,node90transit_node30transit
flow_timber_node90node30_t4,2.0,node90transit_node30transit
flow_timber_node90node30_t5,1.0,node90transit_node30transit
flow_wide_node90node30_t1,0.0,node90transit_node30transit
flow_wide_node90node30_t2,0.0,node90transit_node30transit
flow_wide_node90node30_t3,0.0,node90transit_node30transit
flow_wide_node90node30_t4,0.0,node90transit_node30transit
flow_wide_node90node30_t5,0.0,node90transit_node30transit
flow_timber_node90node43_t1,0.0,node90transit_node43transit
flow_timber_node90node43_t2,0.0,node90transit_node43transit
flow_timber_node90node43_t3,0.0,node90transit_node43transit
flow_timber_node90node43_t4,0.0,node90transit_node43transit
flow_timber_node90node43_t5,0.0,node90transit_node43transit
flow_wide_node90node43_t1,0.0,node90transit_node43transit
flow_wide_node90node43_t2,0.0,node90transit_node43transit
flow_wide_node90node43_t3,0.0,node90transit_node43transit
flow_wide_node90node43_t4,0.0,node90transit_node43transit
flow_wide_node90node43_t5,0.0,node90transit_node43transit
flow_timber_node90node127_t1,0.0,node90transit_node127source
flow_timber_node90node127_t2,0.0,node90transit_node127source
flow_timber_node90node127_t3,0.0,node90transit_node127source
flow_timber_node90node127_t4,0.0,node90transit_node127source
flow_timber_node90node127_t5,0.0,node90transit_node127source
flow_wide_node90node127_t1,0.0,node90transit_node127source
flow_wide_node90node127_t2,0.0,node90transit_node127source
flow_wide_node90node127_t3,0.0,node90transit_node127source
flow_wide_node90node127_t4,0.0,node90transit_node127source
flow_wide_node90node127_t5,0.0,node90transit_node127source
flow_timber_node90node134_t1,0.0,node90transit_node134source
flow_timber_node90node134_t2,0.0,node90transit_node134source
flow_timber_node90node134_t3,0.0,node90transit_node134source
flow_timber_node90node134_t4,0.0,node90transit_node134source
flow_timber_node90node134_t5,0.0,node90transit_node134source
flow_wide_node90node134_t1,0.0,node90transit_node134source
flow_wide_node90node134_t2,0.0,node90transit_node134source
flow_wide_node90node134_t3,0.0,node90transit_node134source
flow_wide_node90node134_t4,0.0,node90transit_node134source
flow_wide_node90node134_t5,0.0,node90transit_node134source
flow_timber_node90node135_t1,0.0,node90transit_node135source
flow_timber_node90node135_t2,0.0,node90transit_node135source
flow_timber_node90node135_t3,0.0,node90transit_node135source
flow_timber_node90node135_t4,0.0,node90transit_node135source
flow_timber_node90node135_t5,0.0,node90transit_node135source
flow_wide_node90node135_t1,0.0,node90transit_node135source
flow_wide_node90node135_t2,0.0,node90transit_node135source
flow_wide_node90node135_t3,0.0,node90transit_node135source
flow_wide_node90node135_t4,0.0,node90transit_node135source
flow_wide_node90node135_t5,0.0,node90transit_node135source
flow_timber_node82node21_t1,0.0,node82transit_node21transit
flow_timber_node82node21_t2,0.0,node82transit_node21transit
flow_timber_node82node21_t3,0.0,node82transit_node21transit
flow_timber_node82node21_t4,0.0,node82transit_node21transit
flow_timber_node82node21_t5,0.0,node82transit_node21transit
flow_wide_node82node21_t1,0.0,node82transit_node21transit
flow_wide_node82node21_t2,0.0,node82transit_node21transit
flow_wide_node82node21_t3,0.0,node82transit_node21transit
flow_wide_node82node21_t4,0.0,node82transit_node21transit
flow_wide_node82node21_t5,0.0,node82transit_node21transit
flow_timber_node82node46_t1,0.0,node82transit_node46transit
flow_timber_node82node46_t2,0.0,node82transit_node46transit
flow_timber_node82node46_t3,0.0,node82transit_node46transit
flow_timber_node82node46_t4,0.0,node82transit_node46transit
flow_timber_node82node46_t5,0.0,node82transit_node46transit
flow_wide_node82node46_t1,0.0,node82transit_node46transit
flow_wide_node82node46_t2,0.0,node82transit_node46transit
flow_wide_node82node46_t3,0.0,node82transit_node46transit
flow_wide_node82node46_t4,0.0,node82transit_node46transit
flow_wide_node82node46_t5,0.0,node82transit_node46transit
flow_timber_node82node53_t1,0.0,node82transit_node53transit
flow_timber_node82node53_t2,0.0,node82transit_node53transit
flow_timber_node82node53_t3,0.0,node82transit_node53transit
flow_timber_node82node53_t4,0.0,node82transit_node53transit
flow_timber_node82node53_t5,0.0,node82transit_node53transit
flow_wide_node82node53_t1,0.0,node82transit_node53transit
flow_wide_node82node53_t2,0.0,node82transit_node53transit
flow_wide_node82node53_t3,0.0,node82transit_node53transit
flow_wide_node82node53_t4,0.0,node82transit_node53transit
flow_wide_node82node53_t5,0.0,node82transit_node53transit
flow_timber_node82node128_t1,0.0,node82transit_node128source
flow_timber_node82node128_t2,0.0,node82transit_node128source
flow_timber_node82node128_t3,0.0,node82transit_node128source
flow_timber_node82node128_t4,0.0,node82transit_node128source
flow_timber_node82node128_t5,0.0,node82transit_node128source
flow_wide_node82node128_t1,0.0,node82transit_node128source
flow_wide_node82node128_t2,0.0,node82transit_node128source
flow_wide_node82node128_t3,0.0,node82transit_node128source
flow_wide_node82node128_t4,0.0,node82transit_node128source
flow_wide_node82node128_t5,0.0,node82transit_node128source
flow_timber_node127node21_t1,0.0,node127source_node21transit
flow_timber_node127node21_t2,0.0,node127source_node21transit
flow_timber_node127node21_t3,0.0,node127source_node21transit
flow_timber_node127node21_t4,0.0,node127source_node21transit
flow_timber_node127node21_t5,0.0,node127source_node21transit
flow_wide_node127node21_t1,0.0,node127source_node21transit
flow_wide_node127node21_t2,0.0,node127source_node21transit
flow_wide_node127node21_t3,0.0,node127source_node21transit
flow_wide_node127node21_t4,0.0,node127source_node21transit
flow_wide_node127node21_t5,0.0,node127source_node21transit
flow_timber_node127node29_t1,0.0,node127source_node29transit
flow_timber_node127node29_t2,0.0,node127source_node29transit
flow_timber_node127node29_t3,0.0,node127source_node29transit
flow_timber_node127node29_t4,0.0,node127source_node29transit
flow_timber_node127node29_t5,0.0,node127source_node29transit
flow_wide_node127node29_t1,0.0,node127source_node29transit
flow_wide_node127node29_t2,0.0,node127source_node29transit
flow_wide_node127node29_t3,0.0,node127source_node29transit
flow_wide_node127node29_t4,0.0,node127source_node29transit
flow_wide_node127node29_t5,0.0,node127source_node29transit
flow_timber_node127node90_t1,1.0,node127source_node90transit
flow_timber_node127node90_t2,1.0,node127source_node90transit
flow_timber_node127node90_t3,1.0,node127source_node90transit
flow_timber_node127node90_t4,1.0,node127source_node90transit
flow_timber_node127node90_t5,1.0,node127source_node90transit
flow_wide_node127node90_t1,0.0,node127source_node90transit
flow_wide_node127node90_t2,0.0,node127source_node90transit
flow_wide_node127node90_t3,0.0,node127source_node90transit
flow_wide_node127node90_t4,0.0,node127source_node90transit
flow_wide_node127node90_t5,0.0,node127source_node90transit
flow_timber_node55node22_t1,0.0,node55transit_node22transit
flow_timber_node55node22_t2,0.0,node55transit_node22transit
flow_timber_node55node22_t3,0.0,node55transit_node22transit
flow_timber_node55node22_t4,0.0,node55transit_node22transit
flow_timber_node55node22_t5,0.0,node55transit_node22transit
flow_wide_node55node22_t1,0.0,node55transit_node22transit
flow_wide_node55node22_t2,0.0,node55transit_node22transit
flow_wide_node55node22_t3,0.0,node55transit_node22transit
flow_wide_node55node22_t4,0.0,node55transit_node22transit
flow_wide_node55node22_t5,0.0,node55transit_node22transit
flow_timber_node55node24_t1,0.0,node55transit_node24transit
flow_timber_node55node24_t2,0.0,node55transit_node24transit
flow_timber_node55node24_t3,0.0,node55transit_node24transit
flow_timber_node55node24_t4,0.0,node55transit_node24transit
flow_timber_node55node24_t5,0.0,node55transit_node24transit
flow_wide_node55node24_t1,0.0,node55transit_node24transit
flow_wide_node55node24_t2,0.0,node55transit_node24transit
flow_wide_node55node24_t3,0.0,node55transit_node24transit
flow_wide_node55node24_t4,0.0,node55transit_node24transit
flow_wide_node55node24_t5,0.0,node55transit_node24transit
flow_timber_node55node87_t1,4.0,node55transit_node87transit
flow_timber_node55node87_t2,2.0,node55transit_node87transit
flow_timber_node55node87_t3,3.0,node55transit_node87transit
flow_timber_node55node87_t4,3.0,node55transit_node87transit
flow_timber_node55node87_t5,4.0,node55transit_node87transit
flow_wide_node55node87_t1,0.0,node55transit_node87transit
flow_wide_node55node87_t2,0.0,node55transit_node87transit
flow_wide_node55node87_t3,0.0,node55transit_node87transit
flow_wide_node55node87_t4,0.0,node55transit_node87transit
flow_wide_node55node87_t5,0.0,node55transit_node87transit
flow_timber_node55node119_t1,0.0,node55transit_node119source
flow_timber_node55node119_t2,0.0,node55transit_node119source
flow_timber_node55node119_t3,0.0,node55transit_node119source
flow_timber_node55node119_t4,0.0,node55transit_node119source
flow_timber_node55node119_t5,0.0,node55transit_node119source
flow_wide_node55node119_t1,0.0,node55transit_node119source
flow_wide_node55node119_t2,0.0,node55transit_node119source
flow_wide_node55node119_t3,0.0,node55transit_node119source
flow_wide_node55node119_t4,0.0,node55transit_node119source
flow_wide_node55node119_t5,0.0,node55transit_node119source
flow_timber_node55node121_t1,0.0,node55transit_node121source
flow_timber_node55node121_t2,0.0,node55transit_node121source
flow_timber_node55node121_t3,0.0,node55transit_node121source
flow_timber_node55node121_t4,0.0,node55transit_node121source
flow_timber_node55node121_t5,0.0,node55transit_node121source
flow_wide_node55node121_t1,0.0,node55transit_node121source
flow_wide_node55node121_t2,0.0,node55transit_node121source
flow_wide_node55node121_t3,0.0,node55transit_node121source
flow_wide_node55node121_t4,0.0,node55transit_node121source
flow_wide_node55node121_t5,0.0,node55transit_node121source
flow_timber_node121node22_t1,0.0,node121source_node22transit
flow_timber_node121node22_t2,0.0,node121source_node22transit
flow_timber_node121node22_t3,0.0,node121source_node22transit
flow_timber_node121node22_t4,0.0,node121source_node22transit
flow_timber_node121node22_t5,-0.0,node121source_node22transit
flow_wide_node121node22_t1,0.0,node121source_node22transit
flow_wide_node121node22_t2,0.0,node121source_node22transit
flow_wide_node121node22_t3,0.0,node121source_node22transit
flow_wide_node121node22_t4,0.0,node121source_node22transit
flow_wide_node121node22_t5,0.0,node121source_node22transit
flow_timber_node121node55_t1,0.0,node121source_node55transit
flow_timber_node121node55_t2,1.0,node121source_node55transit
flow_timber_node121node55_t3,0.0,node121source_node55transit
flow_timber_node121node55_t4,0.0,node121source_node55transit
flow_timber_node121node55_t5,0.0,node121source_node55transit
flow_wide_node121node55_t1,0.0,node121source_node55transit
flow_wide_node121node55_t2,0.0,node121source_node55transit
flow_wide_node121node55_t3,0.0,node121source_node55transit
flow_wide_node121node55_t4,0.0,node121source_node55transit
flow_wide_node121node55_t5,0.0,node121source_node55transit
flow_timber_node121node87_t1,1.0,node121source_node87transit
flow_timber_node121node87_t2,0.0,node121source_node87transit
flow_timber_node121node87_t3,0.0,node121source_node87transit
flow_timber_node121node87_t4,1.0,node121source_node87transit
flow_timber_node121node87_t5,1.0,node121source_node87transit
flow_wide_node121node87_t1,0.0,node121source_node87transit
flow_wide_node121node87_t2,0.0,node121source_node87transit
flow_wide_node121node87_t3,0.0,node121source_node87transit
flow_wide_node121node87_t4,0.0,node121source_node87transit
flow_wide_node121node87_t5,0.0,node121source_node87transit
flow_timber_node23node84_t1,0.0,node23exit_node84exit
flow_timber_node23node84_t2,0.0,node23exit_node84exit
flow_timber_node23node84_t3,0.0,node23exit_node84exit
flow_timber_node23node84_t4,0.0,node23exit_node84exit
flow_timber_node23node84_t5,0.0,node23exit_node84exit
flow_wide_node23node84_t1,0.0,node23exit_node84exit
flow_wide_node23node84_t2,0.0,node23exit_node84exit
flow_wide_node23node84_t3,0.0,node23exit_node84exit
flow_wide_node23node84_t4,0.0,node23exit_node84exit
flow_wide_node23node84_t5,0.0,node23exit_node84exit
flow_timber_node23node46_t1,0.0,node23exit_node46transit
flow_timber_node23node46_t2,0.0,node23exit_node46transit
flow_timber_node23node46_t3,0.0,node23exit_node46transit
flow_timber_node23node46_t4,0.0,node23exit_node46transit
flow_timber_node23node46_t5,0.0,node23exit_node46transit
flow_wide_node23node46_t1,0.0,node23exit_node46transit
flow_wide_node23node46_t2,0.0,node23exit_node46transit
flow_wide_node23node46_t3,0.0,node23exit_node46transit
flow_wide_node23node46_t4,0.0,node23exit_node46transit
flow_wide_node23node46_t5,0.0,node23exit_node46transit
flow_timber_node84node23_t1,0.0,node84exit_node23exit
flow_timber_node84node23_t2,0.0,node84exit_node23exit
flow_timber_node84node23_t3,0.0,node84exit_node23exit
flow_timber_node84node23_t4,0.0,node84exit_node23exit
flow_timber_node84node23_t5,0.0,node84exit_node23exit
flow_wide_node84node23_t1,0.0,node84exit_node23exit
flow_wide_node84node23_t2,0.0,node84exit_node23exit
flow_wide_node84node23_t3,0.0,node84exit_node23exit
flow_wide_node84node23_t4,0.0,node84exit_node23exit
flow_wide_node84node23_t5,0.0,node84exit_node23exit
flow_timber_node84node33_t1,0.0,node84exit_node33transit
flow_timber_node84node33_t2,0.0,node84exit_node33transit
flow_timber_node84node33_t3,0.0,node84exit_node33transit
flow_timber_node84node33_t4,0.0,node84exit_node33transit
flow_timber_node84node33_t5,0.0,node84exit_node33transit
flow_wide_node84node33_t1,0.0,node84exit_node33transit
flow_wide_node84node33_t2,0.0,node84exit_node33transit
flow_wide_node84node33_t3,0.0,node84exit_node33transit
flow_wide_node84node33_t4,0.0,node84exit_node33transit
flow_wide_node84node33_t5,0.0,node84exit_node33transit
flow_timber_node84node107_t1,0.0,node84exit_node107exit
flow_timber_node84node107_t2,0.0,node84exit_node107exit
flow_timber_node84node107_t3,0.0,node84exit_node107exit
flow_timber_node84node107_t4,0.0,node84exit_node107exit
flow_timber_node84node107_t5,0.0,node84exit_node107exit
flow_wide_node84node107_t1,0.0,node84exit_node107exit
flow_wide_node84node107_t2,0.0,node84exit_node107exit
flow_wide_node84node107_t3,0.0,node84exit_node107exit
flow_wide_node84node107_t4,0.0,node84exit_node107exit
flow_wide_node84node107_t5,0.0,node84exit_node107exit
flow_timber_node46node23_t1,0.0,node46transit_node23exit
flow_timber_node46node23_t2,0.0,node46transit_node23exit
flow_timber_node46node23_t3,0.0,node46transit_node23exit
flow_timber_node46node23_t4,0.0,node46transit_node23exit
flow_timber_node46node23_t5,0.0,node46transit_node23exit
flow_wide_node46node23_t1,0.0,node46transit_node23exit
flow_wide_node46node23_t2,0.0,node46transit_node23exit
flow_wide_node46node23_t3,0.0,node46transit_node23exit
flow_wide_node46node23_t4,0.0,node46transit_node23exit
flow_wide_node46node23_t5,0.0,node46transit_node23exit
flow_timber_node46node53_t1,0.0,node46transit_node53transit
flow_timber_node46node53_t2,0.0,node46transit_node53transit
flow_timber_node46node53_t3,0.0,node46transit_node53transit
flow_timber_node46node53_t4,0.0,node46transit_node53transit
flow_timber_node46node53_t5,0.0,node46transit_node53transit
flow_wide_node46node53_t1,0.0,node46transit_node53transit
flow_wide_node46node53_t2,0.0,node46transit_node53transit
flow_wide_node46node53_t3,0.0,node46transit_node53transit
flow_wide_node46node53_t4,0.0,node46transit_node53transit
flow_wide_node46node53_t5,0.0,node46transit_node53transit
flow_timber_node46node82_t1,0.0,node46transit_node82transit
flow_timber_node46node82_t2,0.0,node46transit_node82transit
flow_timber_node46node82_t3,0.0,node46transit_node82transit
flow_timber_node46node82_t4,0.0,node46transit_node82transit
flow_timber_node46node82_t5,0.0,node46transit_node82transit
flow_wide_node46node82_t1,0.0,node46transit_node82transit
flow_wide_node46node82_t2,0.0,node46transit_node82transit
flow_wide_node46node82_t3,0.0,node46transit_node82transit
flow_wide_node46node82_t4,0.0,node46transit_node82transit
flow_wide_node46node82_t5,0.0,node46transit_node82transit
flow_timber_node46node128_t1,0.0,node46transit_node128source
flow_timber_node46node128_t2,0.0,node46transit_node128source
flow_timber_node46node128_t3,0.0,node46transit_node128source
flow_timber_node46node128_t4,0.0,node46transit_node128source
flow_timber_node46node128_t5,0.0,node46transit_node128source
flow_wide_node46node128_t1,0.0,node46transit_node128source
flow_wide_node46node128_t2,0.0,node46transit_node128source
flow_wide_node46node128_t3,0.0,node46transit_node128source
flow_wide_node46node128_t4,0.0,node46transit_node128source
flow_wide_node46node128_t5,0.0,node46transit_node128source
flow_timber_node24node55_t1,4.0,node24transit_node55transit
flow_timber_node24node55_t2,1.0,node24transit_node55transit
flow_timber_node24node55_t3,3.0,node24transit_node55transit
flow_timber_node24node55_t4,3.0,node24transit_node55transit
flow_timber_node24node55_t5,4.0,node24transit_node55transit
flow_wide_node24node55_t1,0.0,node24transit_node55transit
flow_wide_node24node55_t2,0.0,node24transit_node55transit
flow_wide_node24node55_t3,0.0,node24transit_node55transit
flow_wide_node24node55_t4,0.0,node24transit_node55transit
flow_wide_node24node55_t5,0.0,node24transit_node55transit
flow_timber_node24node31_t1,0.0,node24transit_node31transit
flow_timber_node24node31_t2,0.0,node24transit_node31transit
flow_timber_node24node31_t3,0.0,node24transit_node31transit
flow_timber_node24node31_t4,0.0,node24transit_node31transit
flow_timber_node24node31_t5,0.0,node24transit_node31transit
flow_wide_node24node31_t1,0.0,node24transit_node31transit
flow_wide_node24node31_t2,0.0,node24transit_node31transit
flow_wide_node24node31_t3,0.0,node24transit_node31transit
flow_wide_node24node31_t4,0.0,node24transit_node31transit
flow_wide_node24node31_t5,0.0,node24transit_node31transit
flow_timber_node24node61_t1,0.0,node24transit_node61transit
flow_timber_node24node61_t2,0.0,node24transit_node61transit
flow_timber_node24node61_t3,0.0,node24transit_node61transit
flow_timber_node24node61_t4,0.0,node24transit_node61transit
flow_timber_node24node61_t5,0.0,node24transit_node61transit
flow_wide_node24node61_t1,0.0,node24transit_node61transit
flow_wide_node24node61_t2,0.0,node24transit_node61transit
flow_wide_node24node61_t3,0.0,node24transit_node61transit
flow_wide_node24node61_t4,0.0,node24transit_node61transit
flow_wide_node24node61_t5,0.0,node24transit_node61transit
flow_timber_node24node118_t1,0.0,node24transit_node118source
flow_timber_node24node118_t2,0.0,node24transit_node118source
flow_timber_node24node118_t3,0.0,node24transit_node118source
flow_timber_node24node118_t4,0.0,node24transit_node118source
flow_timber_node24node118_t5,0.0,node24transit_node118source
flow_wide_node24node118_t1,0.0,node24transit_node118source
flow_wide_node24node118_t2,0.0,node24transit_node118source
flow_wide_node24node118_t3,0.0,node24transit_node118source
flow_wide_node24node118_t4,0.0,node24transit_node118source
flow_wide_node24node118_t5,0.0,node24transit_node118source
flow_timber_node24node119_t1,0.0,node24transit_node119source
flow_timber_node24node119_t2,0.0,node24transit_node119source
flow_timber_node24node119_t3,0.0,node24transit_node119source
flow_timber_node24node119_t4,0.0,node24transit_node119source
flow_timber_node24node119_t5,0.0,node24transit_node119source
flow_wide_node24node119_t1,0.0,node24transit_node119source
flow_wide_node24node119_t2,0.0,node24transit_node119source
flow_wide_node24node119_t3,0.0,node24transit_node119source
flow_wide_node24node119_t4,0.0,node24transit_node119source
flow_wide_node24node119_t5,0.0,node24transit_node119source
flow_timber_node61node24_t1,4.0,node61transit_node24transit
flow_timber_node61node24_t2,1.0,node61transit_node24transit
flow_timber_node61node24_t3,2.0,node61transit_node24transit
flow_timber_node61node24_t4,3.0,node61transit_node24transit
flow_timber_node61node24_t5,3.0,node61transit_node24transit
flow_wide_node61node24_t1,0.0,node61transit_node24transit
flow_wide_node61node24_t2,0.0,node61transit_node24transit
flow_wide_node61node24_t3,0.0,node61transit_node24transit
flow_wide_node61node24_t4,0.0,node61transit_node24transit
flow_wide_node61node24_t5,0.0,node61transit_node24transit
flow_timber_node61node51_t1,0.0,node61transit_node51transit
flow_timber_node61node51_t2,0.0,node61transit_node51transit
flow_timber_node61node51_t3,0.0,node61transit_node51transit
flow_timber_node61node51_t4,0.0,node61transit_node51transit
flow_timber_node61node51_t5,0.0,node61transit_node51transit
flow_wide_node61node51_t1,0.0,node61transit_node51transit
flow_wide_node61node51_t2,0.0,node61transit_node51transit
flow_wide_node61node51_t3,0.0,node61transit_node51transit
flow_wide_node61node51_t4,0.0,node61transit_node51transit
flow_wide_node61node51_t5,0.0,node61transit_node51transit
flow_timber_node61node86_t1,0.0,node61transit_node86transit
flow_timber_node61node86_t2,0.0,node61transit_node86transit
flow_timber_node61node86_t3,0.0,node61transit_node86transit
flow_timber_node61node86_t4,0.0,node61transit_node86transit
flow_timber_node61node86_t5,0.0,node61transit_node86transit
flow_wide_node61node86_t1,0.0,node61transit_node86transit
flow_wide_node61node86_t2,0.0,node61transit_node86transit
flow_wide_node61node86_t3,0.0,node61transit_node86transit
flow_wide_node61node86_t4,0.0,node61transit_node86transit
flow_wide_node61node86_t5,0.0,node61transit_node86transit
flow_timber_node61node118_t1,0.0,node61transit_node118source
flow_timber_node61node118_t2,0.0,node61transit_node118source
flow_timber_node61node118_t3,0.0,node61transit_node118source
flow_timber_node61node118_t4,0.0,node61transit_node118source
flow_timber_node61node118_t5,0.0,node61transit_node118source
flow_wide_node61node118_t1,0.0,node61transit_node118source
flow_wide_node61node118_t2,0.0,node61transit_node118source
flow_wide_node61node118_t3,0.0,node61transit_node118source
flow_wide_node61node118_t4,0.0,node61transit_node118source
flow_wide_node61node118_t5,0.0,node61transit_node118source
flow_timber_node61node119_t1,0.0,node61transit_node119source
flow_timber_node61node119_t2,0.0,node61transit_node119source
flow_timber_node61node119_t3,0.0,node61transit_node119source
flow_timber_node61node119_t4,0.0,node61transit_node119source
flow_timber_node61node119_t5,0.0,node61transit_node119source
flow_wide_node61node119_t1,0.0,node61transit_node119source
flow_wide_node61node119_t2,0.0,node61transit_node119source
flow_wide_node61node119_t3,0.0,node61transit_node119source
flow_wide_node61node119_t4,0.0,node61transit_node119source
flow_wide_node61node119_t5,0.0,node61transit_node119source
flow_timber_node25node67_t1,0.0,node25transit_node67exit
flow_timber_node25node67_t2,0.0,node25transit_node67exit
flow_timber_node25node67_t3,0.0,node25transit_node67exit
flow_timber_node25node67_t4,0.0,node25transit_node67exit
flow_timber_node25node67_t5,0.0,node25transit_node67exit
flow_wide_node25node67_t1,0.0,node25transit_node67exit
flow_wide_node25node67_t2,0.0,node25transit_node67exit
flow_wide_node25node67_t3,0.0,node25transit_node67exit
flow_wide_node25node67_t4,0.0,node25transit_node67exit
flow_wide_node25node67_t5,0.0,node25transit_node67exit
flow_timber_node25node117_t1,0.0,node25transit_node117exit
flow_timber_node25node117_t2,0.0,node25transit_node117exit
flow_timber_node25node117_t3,0.0,node25transit_node117exit
flow_timber_node25node117_t4,0.0,node25transit_node117exit
flow_timber_node25node117_t5,0.0,node25transit_node117exit
flow_wide_node25node117_t1,0.0,node25transit_node117exit
flow_wide_node25node117_t2,0.0,node25transit_node117exit
flow_wide_node25node117_t3,0.0,node25transit_node117exit
flow_wide_node25node117_t4,0.0,node25transit_node117exit
flow_wide_node25node117_t5,0.0,node25transit_node117exit
flow_timber_node25node116_t1,0.0,node25transit_node116exit
flow_timber_node25node116_t2,0.0,node25transit_node116exit
flow_timber_node25node116_t3,0.0,node25transit_node116exit
flow_timber_node25node116_t4,0.0,node25transit_node116exit
flow_timber_node25node116_t5,0.0,node25transit_node116exit
flow_wide_node25node116_t1,0.0,node25transit_node116exit
flow_wide_node25node116_t2,0.0,node25transit_node116exit
flow_wide_node25node116_t3,0.0,node25transit_node116exit
flow_wide_node25node116_t4,0.0,node25transit_node116exit
flow_wide_node25node116_t5,0.0,node25transit_node116exit
flow_timber_node67node25_t1,0.0,node67exit_node25transit
flow_timber_node67node25_t2,0.0,node67exit_node25transit
flow_timber_node67node25_t3,0.0,node67exit_node25transit
flow_timber_node67node25_t4,0.0,node67exit_node25transit
flow_timber_node67node25_t5,0.0,node67exit_node25transit
flow_wide_node67node25_t1,0.0,node67exit_node25transit
flow_wide_node67node25_t2,0.0,node67exit_node25transit
flow_wide_node67node25_t3,0.0,node67exit_node25transit
flow_wide_node67node25_t4,0.0,node67exit_node25transit
flow_wide_node67node25_t5,0.0,node67exit_node25transit
flow_timber_node67node95_t1,0.0,node67exit_node95transit
flow_timber_node67node95_t2,0.0,node67exit_node95transit
flow_timber_node67node95_t3,0.0,node67exit_node95transit
flow_timber_node67node95_t4,0.0,node67exit_node95transit
flow_timber_node67node95_t5,0.0,node67exit_node95transit
flow_wide_node67node95_t1,0.0,node67exit_node95transit
flow_wide_node67node95_t2,0.0,node67exit_node95transit
flow_wide_node67node95_t3,0.0,node67exit_node95transit
flow_wide_node67node95_t4,0.0,node67exit_node95transit
flow_wide_node67node95_t5,0.0,node67exit_node95transit
flow_timber_node117node25_t1,0.0,node117exit_node25transit
flow_timber_node117node25_t2,0.0,node117exit_node25transit
flow_timber_node117node25_t3,0.0,node117exit_node25transit
flow_timber_node117node25_t4,0.0,node117exit_node25transit
flow_timber_node117node25_t5,0.0,node117exit_node25transit
flow_wide_node117node25_t1,0.0,node117exit_node25transit
flow_wide_node117node25_t2,0.0,node117exit_node25transit
flow_wide_node117node25_t3,0.0,node117exit_node25transit
flow_wide_node117node25_t4,0.0,node117exit_node25transit
flow_wide_node117node25_t5,0.0,node117exit_node25transit
flow_timber_node117node94_t1,0.0,node117exit_node94transit
flow_timber_node117node94_t2,0.0,node117exit_node94transit
flow_timber_node117node94_t3,0.0,node117exit_node94transit
flow_timber_node117node94_t4,0.0,node117exit_node94transit
flow_timber_node117node94_t5,0.0,node117exit_node94transit
flow_wide_node117node94_t1,0.0,node117exit_node94transit
flow_wide_node117node94_t2,0.0,node117exit_node94transit
flow_wide_node117node94_t3,0.0,node117exit_node94transit
flow_wide_node117node94_t4,0.0,node117exit_node94transit
flow_wide_node117node94_t5,0.0,node117exit_node94transit
flow_timber_node116node25_t1,0.0,node116exit_node25transit
flow_timber_node116node25_t2,0.0,node116exit_node25transit
flow_timber_node116node25_t3,0.0,node116exit_node25transit
flow_timber_node116node25_t4,0.0,node116exit_node25transit
flow_timber_node116node25_t5,0.0,node116exit_node25transit
flow_wide_node116node25_t1,0.0,node116exit_node25transit
flow_wide_node116node25_t2,0.0,node116exit_node25transit
flow_wide_node116node25_t3,0.0,node116exit_node25transit
flow_wide_node116node25_t4,0.0,node116exit_node25transit
flow_wide_node116node25_t5,0.0,node116exit_node25transit
flow_timber_node116node73_t1,0.0,node116exit_node73transit
flow_timber_node116node73_t2,0.0,node116exit_node73transit
flow_timber_node116node73_t3,0.0,node116exit_node73transit
flow_timber_node116node73_t4,0.0,node116exit_node73transit
flow_timber_node116node73_t5,0.0,node116exit_node73transit
flow_wide_node116node73_t1,0.0,node116exit_node73transit
flow_wide_node116node73_t2,0.0,node116exit_node73transit
flow_wide_node116node73_t3,0.0,node116exit_node73transit
flow_wide_node116node73_t4,0.0,node116exit_node73transit
flow_wide_node116node73_t5,0.0,node116exit_node73transit
flow_timber_node113node26_t1,0.0,node113exit_node26transit
flow_timber_node113node26_t2,0.0,node113exit_node26transit
flow_timber_node113node26_t3,0.0,node113exit_node26transit
flow_timber_node113node26_t4,0.0,node113exit_node26transit
flow_timber_node113node26_t5,0.0,node113exit_node26transit
flow_wide_node113node26_t1,0.0,node113exit_node26transit
flow_wide_node113node26_t2,0.0,node113exit_node26transit
flow_wide_node113node26_t3,0.0,node113exit_node26transit
flow_wide_node113node26_t4,0.0,node113exit_node26transit
flow_wide_node113node26_t5,0.0,node113exit_node26transit
flow_timber_node113node112_t1,0.0,node113exit_node112exit
flow_timber_node113node112_t2,0.0,node113exit_node112exit
flow_timber_node113node112_t3,0.0,node113exit_node112exit
flow_timber_node113node112_t4,0.0,node113exit_node112exit
flow_timber_node113node112_t5,0.0,node113exit_node112exit
flow_wide_node113node112_t1,0.0,node113exit_node112exit
flow_wide_node113node112_t2,0.0,node113exit_node112exit
flow_wide_node113node112_t3,0.0,node113exit_node112exit
flow_wide_node113node112_t4,0.0,node113exit_node112exit
flow_wide_node113node112_t5,0.0,node113exit_node112exit
flow_timber_node27node110_t1,0.0,node27transit_node110exit
flow_timber_node27node110_t2,0.0,node27transit_node110exit
flow_timber_node27node110_t3,0.0,node27transit_node110exit
flow_timber_node27node110_t4,0.0,node27transit_node110exit
flow_timber_node27node110_t5,0.0,node27transit_node110exit
flow_wide_node27node110_t1,0.0,node27transit_node110exit
flow_wide_node27node110_t2,0.0,node27transit_node110exit
flow_wide_node27node110_t3,0.0,node27transit_node110exit
flow_wide_node27node110_t4,0.0,node27transit_node110exit
flow_wide_node27node110_t5,0.0,node27transit_node110exit
flow_timber_node27node115_t1,0.0,node27transit_node115exit
flow_timber_node27node115_t2,0.0,node27transit_node115exit
flow_timber_node27node115_t3,0.0,node27transit_node115exit
flow_timber_node27node115_t4,0.0,node27transit_node115exit
flow_timber_node27node115_t5,0.0,node27transit_node115exit
flow_wide_node27node115_t1,0.0,node27transit_node115exit
flow_wide_node27node115_t2,0.0,node27transit_node115exit
flow_wide_node27node115_t3,0.0,node27transit_node115exit
flow_wide_node27node115_t4,0.0,node27transit_node115exit
flow_wide_node27node115_t5,0.0,node27transit_node115exit
flow_timber_node27node111_t1,0.0,node27transit_node111exit
flow_timber_node27node111_t2,0.0,node27transit_node111exit
flow_timber_node27node111_t3,0.0,node27transit_node111exit
flow_timber_node27node111_t4,0.0,node27transit_node111exit
flow_timber_node27node111_t5,0.0,node27transit_node111exit
flow_wide_node27node111_t1,0.0,node27transit_node111exit
flow_wide_node27node111_t2,0.0,node27transit_node111exit
flow_wide_node27node111_t3,0.0,node27transit_node111exit
flow_wide_node27node111_t4,0.0,node27transit_node111exit
flow_wide_node27node111_t5,0.0,node27transit_node111exit
flow_timber_node110node27_t1,0.0,node110exit_node27transit
flow_timber_node110node27_t2,0.0,node110exit_node27transit
flow_timber_node110node27_t3,0.0,node110exit_node27transit
flow_timber_node110node27_t4,0.0,node110exit_node27transit
flow_timber_node110node27_t5,0.0,node110exit_node27transit
flow_wide_node110node27_t1,0.0,node110exit_node27transit
flow_wide_node110node27_t2,0.0,node110exit_node27transit
flow_wide_node110node27_t3,0.0,node110exit_node27transit
flow_wide_node110node27_t4,0.0,node110exit_node27transit
flow_wide_node110node27_t5,0.0,node110exit_node27transit
flow_timber_node110node70_t1,0.0,node110exit_node70transit
flow_timber_node110node70_t2,0.0,node110exit_node70transit
flow_timber_node110node70_t3,0.0,node110exit_node70transit
flow_timber_node110node70_t4,0.0,node110exit_node70transit
flow_timber_node110node70_t5,0.0,node110exit_node70transit
flow_wide_node110node70_t1,0.0,node110exit_node70transit
flow_wide_node110node70_t2,0.0,node110exit_node70transit
flow_wide_node110node70_t3,0.0,node110exit_node70transit
flow_wide_node110node70_t4,0.0,node110exit_node70transit
flow_wide_node110node70_t5,0.0,node110exit_node70transit
flow_timber_node111node27_t1,0.0,node111exit_node27transit
flow_timber_node111node27_t2,0.0,node111exit_node27transit
flow_timber_node111node27_t3,0.0,node111exit_node27transit
flow_timber_node111node27_t4,0.0,node111exit_node27transit
flow_timber_node111node27_t5,0.0,node111exit_node27transit
flow_wide_node111node27_t1,0.0,node111exit_node27transit
flow_wide_node111node27_t2,0.0,node111exit_node27transit
flow_wide_node111node27_t3,0.0,node111exit_node27transit
flow_wide_node111node27_t4,0.0,node111exit_node27transit
flow_wide_node111node27_t5,0.0,node111exit_node27transit
flow_timber_node111node35_t1,0.0,node111exit_node35transit
flow_timber_node111node35_t2,0.0,node111exit_node35transit
flow_timber_node111node35_t3,0.0,node111exit_node35transit
flow_timber_node111node35_t4,0.0,node111exit_node35transit
flow_timber_node111node35_t5,0.0,node111exit_node35transit
flow_wide_node111node35_t1,0.0,node111exit_node35transit
flow_wide_node111node35_t2,0.0,node111exit_node35transit
flow_wide_node111node35_t3,0.0,node111exit_node35transit
flow_wide_node111node35_t4,0.0,node111exit_node35transit
flow_wide_node111node35_t5,0.0,node111exit_node35transit
flow_timber_node28node30_t1,0.0,node28transit_node30transit
flow_timber_node28node30_t2,0.0,node28transit_node30transit
flow_timber_node28node30_t3,0.0,node28transit_node30transit
flow_timber_node28node30_t4,0.0,node28transit_node30transit
flow_timber_node28node30_t5,0.0,node28transit_node30transit
flow_wide_node28node30_t1,0.0,node28transit_node30transit
flow_wide_node28node30_t2,0.0,node28transit_node30transit
flow_wide_node28node30_t3,0.0,node28transit_node30transit
flow_wide_node28node30_t4,0.0,node28transit_node30transit
flow_wide_node28node30_t5,0.0,node28transit_node30transit
flow_timber_node28node68_t1,0.0,node28transit_node68transit
flow_timber_node28node68_t2,0.0,node28transit_node68transit
flow_timber_node28node68_t3,-0.0,node28transit_node68transit
flow_timber_node28node68_t4,0.0,node28transit_node68transit
flow_timber_node28node68_t5,0.0,node28transit_node68transit
flow_wide_node28node68_t1,0.0,node28transit_node68transit
flow_wide_node28node68_t2,0.0,node28transit_node68transit
flow_wide_node28node68_t3,0.0,node28transit_node68transit
flow_wide_node28node68_t4,0.0,node28transit_node68transit
flow_wide_node28node68_t5,0.0,node28transit_node68transit
flow_timber_node28node59_t1,5.0,node28transit_node59transit
flow_timber_node28node59_t2,2.0,node28transit_node59transit
flow_timber_node28node59_t3,2.0,node28transit_node59transit
flow_timber_node28node59_t4,5.0,node28transit_node59transit
flow_timber_node28node59_t5,5.0,node28transit_node59transit
flow_wide_node28node59_t1,0.0,node28transit_node59transit
flow_wide_node28node59_t2,0.0,node28transit_node59transit
flow_wide_node28node59_t3,0.0,node28transit_node59transit
flow_wide_node28node59_t4,0.0,node28transit_node59transit
flow_wide_node28node59_t5,0.0,node28transit_node59transit
flow_timber_node28node134_t1,0.0,node28transit_node134source
flow_timber_node28node134_t2,0.0,node28transit_node134source
flow_timber_node28node134_t3,0.0,node28transit_node134source
flow_timber_node28node134_t4,0.0,node28transit_node134source
flow_timber_node28node134_t5,0.0,node28transit_node134source
flow_wide_node28node134_t1,0.0,node28transit_node134source
flow_wide_node28node134_t2,0.0,node28transit_node134source
flow_wide_node28node134_t3,0.0,node28transit_node134source
flow_wide_node28node134_t4,0.0,node28transit_node134source
flow_wide_node28node134_t5,0.0,node28transit_node134source
flow_timber_node30node28_t1,2.0,node30transit_node28transit
flow_timber_node30node28_t2,1.0,node30transit_node28transit
flow_timber_node30node28_t3,1.0,node30transit_node28transit
flow_timber_node30node28_t4,3.0,node30transit_node28transit
flow_timber_node30node28_t5,2.0,node30transit_node28transit
flow_wide_node30node28_t1,0.0,node30transit_node28transit
flow_wide_node30node28_t2,0.0,node30transit_node28transit
flow_wide_node30node28_t3,0.0,node30transit_node28transit
flow_wide_node30node28_t4,0.0,node30transit_node28transit
flow_wide_node30node28_t5,0.0,node30transit_node28transit
flow_timber_node30node90_t1,0.0,node30transit_node90transit
flow_timber_node30node90_t2,0.0,node30transit_node90transit
flow_timber_node30node90_t3,0.0,node30transit_node90transit
flow_timber_node30node90_t4,0.0,node30transit_node90transit
flow_timber_node30node90_t5,0.0,node30transit_node90transit
flow_wide_node30node90_t1,0.0,node30transit_node90transit
flow_wide_node30node90_t2,0.0,node30transit_node90transit
flow_wide_node30node90_t3,0.0,node30transit_node90transit
flow_wide_node30node90_t4,0.0,node30transit_node90transit
flow_wide_node30node90_t5,0.0,node30transit_node90transit
flow_timber_node30node43_t1,0.0,node30transit_node43transit
flow_timber_node30node43_t2,0.0,node30transit_node43transit
flow_timber_node30node43_t3,0.0,node30transit_node43transit
flow_timber_node30node43_t4,0.0,node30transit_node43transit
flow_timber_node30node43_t5,0.0,node30transit_node43transit
flow_wide_node30node43_t1,0.0,node30transit_node43transit
flow_wide_node30node43_t2,0.0,node30transit_node43transit
flow_wide_node30node43_t3,0.0,node30transit_node43transit
flow_wide_node30node43_t4,0.0,node30transit_node43transit
flow_wide_node30node43_t5,0.0,node30transit_node43transit
flow_timber_node30node134_t1,0.0,node30transit_node134source
flow_timber_node30node134_t2,0.0,node30transit_node134source
flow_timber_node30node134_t3,0.0,node30transit_node134source
flow_timber_node30node134_t4,0.0,node30transit_node134source
flow_timber_node30node134_t5,0.0,node30transit_node134source
flow_wide_node30node134_t1,0.0,node30transit_node134source
flow_wide_node30node134_t2,0.0,node30transit_node134source
flow_wide_node30node134_t3,0.0,node30transit_node134source
flow_wide_node30node134_t4,0.0,node30transit_node134source
flow_wide_node30node134_t5,0.0,node30transit_node134source
flow_timber_node30node135_t1,0.0,node30transit_node135source
flow_timber_node30node135_t2,0.0,node30transit_node135source
flow_timber_node30node135_t3,0.0,node30transit_node135source
flow_timber_node30node135_t4,0.0,node30transit_node135source
flow_timber_node30node135_t5,0.0,node30transit_node135source
flow_wide_node30node135_t1,0.0,node30transit_node135source
flow_wide_node30node135_t2,0.0,node30transit_node135source
flow_wide_node30node135_t3,0.0,node30transit_node135source
flow_wide_node30node135_t4,0.0,node30transit_node135source
flow_wide_node30node135_t5,0.0,node30transit_node135source
flow_timber_node68node28_t1,2.0,node68transit_node28transit
flow_timber_node68node28_t2,1.0,node68transit_node28transit
flow_timber_node68node28_t3,1.0,node68transit_node28transit
flow_timber_node68node28_t4,2.0,node68transit_node28transit
flow_timber_node68node28_t5,2.0,node68transit_node28transit
flow_wide_node68node28_t1,0.0,node68transit_node28transit
flow_wide_node68node28_t2,0.0,node68transit_node28transit
flow_wide_node68node28_t3,0.0,node68transit_node28transit
flow_wide_node68node28_t4,0.0,node68transit_node28transit
flow_wide_node68node28_t5,0.0,node68transit_node28transit
flow_timber_node68node50_t1,0.0,node68transit_node50transit
flow_timber_node68node50_t2,0.0,node68transit_node50transit
flow_timber_node68node50_t3,0.0,node68transit_node50transit
flow_timber_node68node50_t4,0.0,node68transit_node50transit
flow_timber_node68node50_t5,0.0,node68transit_node50transit
flow_wide_node68node50_t1,0.0,node68transit_node50transit
flow_wide_node68node50_t2,0.0,node68transit_node50transit
flow_wide_node68node50_t3,0.0,node68transit_node50transit
flow_wide_node68node50_t4,0.0,node68transit_node50transit
flow_wide_node68node50_t5,0.0,node68transit_node50transit
flow_timber_node68node91_t1,0.0,node68transit_node91transit
flow_timber_node68node91_t2,0.0,node68transit_node91transit
flow_timber_node68node91_t3,0.0,node68transit_node91transit
flow_timber_node68node91_t4,0.0,node68transit_node91transit
flow_timber_node68node91_t5,0.0,node68transit_node91transit
flow_wide_node68node91_t1,0.0,node68transit_node91transit
flow_wide_node68node91_t2,0.0,node68transit_node91transit
flow_wide_node68node91_t3,0.0,node68transit_node91transit
flow_wide_node68node91_t4,0.0,node68transit_node91transit
flow_wide_node68node91_t5,0.0,node68transit_node91transit
flow_timber_node68node88_t1,0.0,node68transit_node88transit
flow_timber_node68node88_t2,0.0,node68transit_node88transit
flow_timber_node68node88_t3,-0.0,node68transit_node88transit
flow_timber_node68node88_t4,0.0,node68transit_node88transit
flow_timber_node68node88_t5,0.0,node68transit_node88transit
flow_wide_node68node88_t1,0.0,node68transit_node88transit
flow_wide_node68node88_t2,0.0,node68transit_node88transit
flow_wide_node68node88_t3,0.0,node68transit_node88transit
flow_wide_node68node88_t4,0.0,node68transit_node88transit
flow_wide_node68node88_t5,0.0,node68transit_node88transit
flow_timber_node68node132_t1,0.0,node68transit_node132source
flow_timber_node68node132_t2,0.0,node68transit_node132source
flow_timber_node68node132_t3,0.0,node68transit_node132source
flow_timber_node68node132_t4,0.0,node68transit_node132source
flow_timber_node68node132_t5,0.0,node68transit_node132source
flow_wide_node68node132_t1,0.0,node68transit_node132source
flow_wide_node68node132_t2,0.0,node68transit_node132source
flow_wide_node68node132_t3,0.0,node68transit_node132source
flow_wide_node68node132_t4,0.0,node68transit_node132source
flow_wide_node68node132_t5,0.0,node68transit_node132source
flow_timber_node68node133_t1,0.0,node68transit_node133source
flow_timber_node68node133_t2,0.0,node68transit_node133source
flow_timber_node68node133_t3,0.0,node68transit_node133source
flow_timber_node68node133_t4,0.0,node68transit_node133source
flow_timber_node68node133_t5,0.0,node68transit_node133source
flow_wide_node68node133_t1,0.0,node68transit_node133source
flow_wide_node68node133_t2,0.0,node68transit_node133source
flow_wide_node68node133_t3,0.0,node68transit_node133source
flow_wide_node68node133_t4,0.0,node68transit_node133source
flow_wide_node68node133_t5,0.0,node68transit_node133source
flow_timber_node68node134_t1,0.0,node68transit_node134source
flow_timber_node68node134_t2,0.0,node68transit_node134source
flow_timber_node68node134_t3,0.0,node68transit_node134source
flow_timber_node68node134_t4,0.0,node68transit_node134source
flow_timber_node68node134_t5,0.0,node68transit_node134source
flow_wide_node68node134_t1,0.0,node68transit_node134source
flow_wide_node68node134_t2,0.0,node68transit_node134source
flow_wide_node68node134_t3,0.0,node68transit_node134source
flow_wide_node68node134_t4,0.0,node68transit_node134source
flow_wide_node68node134_t5,0.0,node68transit_node134source
flow_timber_node59node28_t1,0.0,node59transit_node28transit
flow_timber_node59node28_t2,0.0,node59transit_node28transit
flow_timber_node59node28_t3,0.0,node59transit_node28transit
flow_timber_node59node28_t4,0.0,node59transit_node28transit
flow_timber_node59node28_t5,0.0,node59transit_node28transit
flow_wide_node59node28_t1,0.0,node59transit_node28transit
flow_wide_node59node28_t2,0.0,node59transit_node28transit
flow_wide_node59node28_t3,0.0,node59transit_node28transit
flow_wide_node59node28_t4,0.0,node59transit_node28transit
flow_wide_node59node28_t5,0.0,node59transit_node28transit
flow_timber_node59node101_t1,5.0,node59transit_node101exit
flow_timber_node59node101_t2,2.0,node59transit_node101exit
flow_timber_node59node101_t3,2.0,node59transit_node101exit
flow_timber_node59node101_t4,5.0,node59transit_node101exit
flow_timber_node59node101_t5,5.0,node59transit_node101exit
flow_wide_node59node101_t1,0.0,node59transit_node101exit
flow_wide_node59node101_t2,0.0,node59transit_node101exit
flow_wide_node59node101_t3,0.0,node59transit_node101exit
flow_wide_node59node101_t4,0.0,node59transit_node101exit
flow_wide_node59node101_t5,0.0,node59transit_node101exit
flow_timber_node59node105_t1,0.0,node59transit_node105exit
flow_timber_node59node105_t2,0.0,node59transit_node105exit
flow_timber_node59node105_t3,0.0,node59transit_node105exit
flow_timber_node59node105_t4,0.0,node59transit_node105exit
flow_timber_node59node105_t5,0.0,node59transit_node105exit
flow_wide_node59node105_t1,0.0,node59transit_node105exit
flow_wide_node59node105_t2,0.0,node59transit_node105exit
flow_wide_node59node105_t3,0.0,node59transit_node105exit
flow_wide_node59node105_t4,0.0,node59transit_node105exit
flow_wide_node59node105_t5,0.0,node59transit_node105exit
flow_timber_node134node28_t1,1.0,node134source_node28transit
flow_timber_node134node28_t2,0.0,node134source_node28transit
flow_timber_node134node28_t3,0.0,node134source_node28transit
flow_timber_node134node28_t4,0.0,node134source_node28transit
flow_timber_node134node28_t5,1.0,node134source_node28transit
flow_wide_node134node28_t1,0.0,node134source_node28transit
flow_wide_node134node28_t2,0.0,node134source_node28transit
flow_wide_node134node28_t3,0.0,node134source_node28transit
flow_wide_node134node28_t4,0.0,node134source_node28transit
flow_wide_node134node28_t5,0.0,node134source_node28transit
flow_timber_node134node29_t1,0.0,node134source_node29transit
flow_timber_node134node29_t2,0.0,node134source_node29transit
flow_timber_node134node29_t3,0.0,node134source_node29transit
flow_timber_node134node29_t4,0.0,node134source_node29transit
flow_timber_node134node29_t5,0.0,node134source_node29transit
flow_wide_node134node29_t1,0.0,node134source_node29transit
flow_wide_node134node29_t2,0.0,node134source_node29transit
flow_wide_node134node29_t3,0.0,node134source_node29transit
flow_wide_node134node29_t4,0.0,node134source_node29transit
flow_wide_node134node29_t5,0.0,node134source_node29transit
flow_timber_node134node30_t1,0.0,node134source_node30transit
flow_timber_node134node30_t2,0.0,node134source_node30transit
flow_timber_node134node30_t3,0.0,node134source_node30transit
flow_timber_node134node30_t4,0.0,node134source_node30transit
flow_timber_node134node30_t5,0.0,node134source_node30transit
flow_wide_node134node30_t1,0.0,node134source_node30transit
flow_wide_node134node30_t2,0.0,node134source_node30transit
flow_wide_node134node30_t3,0.0,node134source_node30transit
flow_wide_node134node30_t4,0.0,node134source_node30transit
flow_wide_node134node30_t5,0.0,node134source_node30transit
flow_timber_node134node68_t1,0.0,node134source_node68transit
flow_timber_node134node68_t2,0.0,node134source_node68transit
flow_timber_node134node68_t3,0.0,node134source_node68transit
flow_timber_node134node68_t4,0.0,node134source_node68transit
flow_timber_node134node68_t5,0.0,node134source_node68transit
flow_wide_node134node68_t1,0.0,node134source_node68transit
flow_wide_node134node68_t2,0.0,node134source_node68transit
flow_wide_node134node68_t3,0.0,node134source_node68transit
flow_wide_node134node68_t4,0.0,node134source_node68transit
flow_wide_node134node68_t5,0.0,node134source_node68transit
flow_timber_node134node88_t1,0.0,node134source_node88transit
flow_timber_node134node88_t2,0.0,node134source_node88transit
flow_timber_node134node88_t3,0.0,node134source_node88transit
flow_timber_node134node88_t4,0.0,node134source_node88transit
flow_timber_node134node88_t5,0.0,node134source_node88transit
flow_wide_node134node88_t1,0.0,node134source_node88transit
flow_wide_node134node88_t2,0.0,node134source_node88transit
flow_wide_node134node88_t3,0.0,node134source_node88transit
flow_wide_node134node88_t4,0.0,node134source_node88transit
flow_wide_node134node88_t5,0.0,node134source_node88transit
flow_timber_node134node90_t1,0.0,node134source_node90transit
flow_timber_node134node90_t2,0.0,node134source_node90transit
flow_timber_node134node90_t3,0.0,node134source_node90transit
flow_timber_node134node90_t4,1.0,node134source_node90transit
flow_timber_node134node90_t5,0.0,node134source_node90transit
flow_wide_node134node90_t1,0.0,node134source_node90transit
flow_wide_node134node90_t2,0.0,node134source_node90transit
flow_wide_node134node90_t3,0.0,node134source_node90transit
flow_wide_node134node90_t4,0.0,node134source_node90transit
flow_wide_node134node90_t5,0.0,node134source_node90transit
flow_timber_node43node30_t1,0.0,node43transit_node30transit
flow_timber_node43node30_t2,0.0,node43transit_node30transit
flow_timber_node43node30_t3,0.0,node43transit_node30transit
flow_timber_node43node30_t4,0.0,node43transit_node30transit
flow_timber_node43node30_t5,0.0,node43transit_node30transit
flow_wide_node43node30_t1,0.0,node43transit_node30transit
flow_wide_node43node30_t2,0.0,node43transit_node30transit
flow_wide_node43node30_t3,0.0,node43transit_node30transit
flow_wide_node43node30_t4,0.0,node43transit_node30transit
flow_wide_node43node30_t5,0.0,node43transit_node30transit
flow_timber_node43node90_t1,0.0,node43transit_node90transit
flow_timber_node43node90_t2,0.0,node43transit_node90transit
flow_timber_node43node90_t3,0.0,node43transit_node90transit
flow_timber_node43node90_t4,-0.0,node43transit_node90transit
flow_timber_node43node90_t5,0.0,node43transit_node90transit
flow_wide_node43node90_t1,0.0,node43transit_node90transit
flow_wide_node43node90_t2,0.0,node43transit_node90transit
flow_wide_node43node90_t3,0.0,node43transit_node90transit
flow_wide_node43node90_t4,0.0,node43transit_node90transit
flow_wide_node43node90_t5,0.0,node43transit_node90transit
flow_timber_node43node105_t1,0.0,node43transit_node105exit
flow_timber_node43node105_t2,0.0,node43transit_node105exit
flow_timber_node43node105_t3,0.0,node43transit_node105exit
flow_timber_node43node105_t4,-0.0,node43transit_node105exit
flow_timber_node43node105_t5,0.0,node43transit_node105exit
flow_wide_node43node105_t1,0.0,node43transit_node105exit
flow_wide_node43node105_t2,0.0,node43transit_node105exit
flow_wide_node43node105_t3,0.0,node43transit_node105exit
flow_wide_node43node105_t4,0.0,node43transit_node105exit
flow_wide_node43node105_t5,0.0,node43transit_node105exit
flow_timber_node43node135_t1,0.0,node43transit_node135source
flow_timber_node43node135_t2,0.0,node43transit_node135source
flow_timber_node43node135_t3,0.0,node43transit_node135source
flow_timber_node43node135_t4,0.0,node43transit_node135source
flow_timber_node43node135_t5,0.0,node43transit_node135source
flow_wide_node43node135_t1,0.0,node43transit_node135source
flow_wide_node43node135_t2,0.0,node43transit_node135source
flow_wide_node43node135_t3,0.0,node43transit_node135source
flow_wide_node43node135_t4,0.0,node43transit_node135source
flow_wide_node43node135_t5,0.0,node43transit_node135source
flow_timber_node135node30_t1,0.0,node135source_node30transit
flow_timber_node135node30_t2,0.0,node135source_node30transit
flow_timber_node135node30_t3,0.0,node135source_node30transit
flow_timber_node135node30_t4,1.0,node135source_node30transit
flow_timber_node135node30_t5,1.0,node135source_node30transit
flow_wide_node135node30_t1,0.0,node135source_node30transit
flow_wide_node135node30_t2,0.0,node135source_node30transit
flow_wide_node135node30_t3,0.0,node135source_node30transit
flow_wide_node135node30_t4,0.0,node135source_node30transit
flow_wide_node135node30_t5,0.0,node135source_node30transit
flow_timber_node135node43_t1,0.0,node135source_node43transit
flow_timber_node135node43_t2,0.0,node135source_node43transit
flow_timber_node135node43_t3,0.0,node135source_node43transit
flow_timber_node135node43_t4,0.0,node135source_node43transit
flow_timber_node135node43_t5,0.0,node135source_node43transit
flow_wide_node135node43_t1,0.0,node135source_node43transit
flow_wide_node135node43_t2,0.0,node135source_node43transit
flow_wide_node135node43_t3,0.0,node135source_node43transit
flow_wide_node135node43_t4,0.0,node135source_node43transit
flow_wide_node135node43_t5,0.0,node135source_node43transit
flow_timber_node135node90_t1,1.0,node135source_node90transit
flow_timber_node135node90_t2,0.0,node135source_node90transit
flow_timber_node135node90_t3,0.0,node135source_node90transit
flow_timber_node135node90_t4,-0.0,node135source_node90transit
flow_timber_node135node90_t5,0.0,node135source_node90transit
flow_wide_node135node90_t1,0.0,node135source_node90transit
flow_wide_node135node90_t2,0.0,node135source_node90transit
flow_wide_node135node90_t3,0.0,node135source_node90transit
flow_wide_node135node90_t4,0.0,node135source_node90transit
flow_wide_node135node90_t5,0.0,node135source_node90transit
flow_timber_node49node31_t1,0.0,node49exit_node31transit
flow_timber_node49node31_t2,0.0,node49exit_node31transit
flow_timber_node49node31_t3,0.0,node49exit_node31transit
flow_timber_node49node31_t4,0.0,node49exit_node31transit
flow_timber_node49node31_t5,0.0,node49exit_node31transit
flow_wide_node49node31_t1,0.0,node49exit_node31transit
flow_wide_node49node31_t2,0.0,node49exit_node31transit
flow_wide_node49node31_t3,0.0,node49exit_node31transit
flow_wide_node49node31_t4,0.0,node49exit_node31transit
flow_wide_node49node31_t5,0.0,node49exit_node31transit
flow_timber_node49node114_t1,0.0,node49exit_node114exit
flow_timber_node49node114_t2,0.0,node49exit_node114exit
flow_timber_node49node114_t3,0.0,node49exit_node114exit
flow_timber_node49node114_t4,0.0,node49exit_node114exit
flow_timber_node49node114_t5,0.0,node49exit_node114exit
flow_wide_node49node114_t1,0.0,node49exit_node114exit
flow_wide_node49node114_t2,0.0,node49exit_node114exit
flow_wide_node49node114_t3,0.0,node49exit_node114exit
flow_wide_node49node114_t4,0.0,node49exit_node114exit
flow_wide_node49node114_t5,0.0,node49exit_node114exit
flow_timber_node32node70_t1,0.0,node32transit_node70transit
flow_timber_node32node70_t2,0.0,node32transit_node70transit
flow_timber_node32node70_t3,0.0,node32transit_node70transit
flow_timber_node32node70_t4,0.0,node32transit_node70transit
flow_timber_node32node70_t5,0.0,node32transit_node70transit
flow_wide_node32node70_t1,0.0,node32transit_node70transit
flow_wide_node32node70_t2,0.0,node32transit_node70transit
flow_wide_node32node70_t3,0.0,node32transit_node70transit
flow_wide_node32node70_t4,0.0,node32transit_node70transit
flow_wide_node32node70_t5,0.0,node32transit_node70transit
flow_timber_node32node85_t1,0.0,node32transit_node85transit
flow_timber_node32node85_t2,0.0,node32transit_node85transit
flow_timber_node32node85_t3,0.0,node32transit_node85transit
flow_timber_node32node85_t4,0.0,node32transit_node85transit
flow_timber_node32node85_t5,0.0,node32transit_node85transit
flow_wide_node32node85_t1,0.0,node32transit_node85transit
flow_wide_node32node85_t2,0.0,node32transit_node85transit
flow_wide_node32node85_t3,0.0,node32transit_node85transit
flow_wide_node32node85_t4,0.0,node32transit_node85transit
flow_wide_node32node85_t5,0.0,node32transit_node85transit
flow_timber_node32node41_t1,0.0,node32transit_node41transit
flow_timber_node32node41_t2,0.0,node32transit_node41transit
flow_timber_node32node41_t3,0.0,node32transit_node41transit
flow_timber_node32node41_t4,0.0,node32transit_node41transit
flow_timber_node32node41_t5,0.0,node32transit_node41transit
flow_wide_node32node41_t1,0.0,node32transit_node41transit
flow_wide_node32node41_t2,0.0,node32transit_node41transit
flow_wide_node32node41_t3,0.0,node32transit_node41transit
flow_wide_node32node41_t4,0.0,node32transit_node41transit
flow_wide_node32node41_t5,0.0,node32transit_node41transit
flow_timber_node32node136_t1,0.0,node32transit_node136source
flow_timber_node32node136_t2,0.0,node32transit_node136source
flow_timber_node32node136_t3,0.0,node32transit_node136source
flow_timber_node32node136_t4,0.0,node32transit_node136source
flow_timber_node32node136_t5,0.0,node32transit_node136source
flow_wide_node32node136_t1,0.0,node32transit_node136source
flow_wide_node32node136_t2,0.0,node32transit_node136source
flow_wide_node32node136_t3,0.0,node32transit_node136source
flow_wide_node32node136_t4,0.0,node32transit_node136source
flow_wide_node32node136_t5,0.0,node32transit_node136source
flow_timber_node70node32_t1,0.0,node70transit_node32transit
flow_timber_node70node32_t2,0.0,node70transit_node32transit
flow_timber_node70node32_t3,0.0,node70transit_node32transit
flow_timber_node70node32_t4,0.0,node70transit_node32transit
flow_timber_node70node32_t5,0.0,node70transit_node32transit
flow_wide_node70node32_t1,0.0,node70transit_node32transit
flow_wide_node70node32_t2,0.0,node70transit_node32transit
flow_wide_node70node32_t3,0.0,node70transit_node32transit
flow_wide_node70node32_t4,0.0,node70transit_node32transit
flow_wide_node70node32_t5,0.0,node70transit_node32transit
flow_timber_node70node108_t1,0.0,node70transit_node108exit
flow_timber_node70node108_t2,0.0,node70transit_node108exit
flow_timber_node70node108_t3,0.0,node70transit_node108exit
flow_timber_node70node108_t4,0.0,node70transit_node108exit
flow_timber_node70node108_t5,0.0,node70transit_node108exit
flow_wide_node70node108_t1,0.0,node70transit_node108exit
flow_wide_node70node108_t2,0.0,node70transit_node108exit
flow_wide_node70node108_t3,0.0,node70transit_node108exit
flow_wide_node70node108_t4,0.0,node70transit_node108exit
flow_wide_node70node108_t5,0.0,node70transit_node108exit
flow_timber_node70node110_t1,0.0,node70transit_node110exit
flow_timber_node70node110_t2,0.0,node70transit_node110exit
flow_timber_node70node110_t3,0.0,node70transit_node110exit
flow_timber_node70node110_t4,0.0,node70transit_node110exit
flow_timber_node70node110_t5,0.0,node70transit_node110exit
flow_wide_node70node110_t1,0.0,node70transit_node110exit
flow_wide_node70node110_t2,0.0,node70transit_node110exit
flow_wide_node70node110_t3,0.0,node70transit_node110exit
flow_wide_node70node110_t4,0.0,node70transit_node110exit
flow_wide_node70node110_t5,0.0,node70transit_node110exit
flow_timber_node85node32_t1,0.0,node85transit_node32transit
flow_timber_node85node32_t2,0.0,node85transit_node32transit
flow_timber_node85node32_t3,0.0,node85transit_node32transit
flow_timber_node85node32_t4,0.0,node85transit_node32transit
flow_timber_node85node32_t5,0.0,node85transit_node32transit
flow_wide_node85node32_t1,0.0,node85transit_node32transit
flow_wide_node85node32_t2,0.0,node85transit_node32transit
flow_wide_node85node32_t3,0.0,node85transit_node32transit
flow_wide_node85node32_t4,0.0,node85transit_node32transit
flow_wide_node85node32_t5,0.0,node85transit_node32transit
flow_timber_node85node41_t1,0.0,node85transit_node41transit
flow_timber_node85node41_t2,0.0,node85transit_node41transit
flow_timber_node85node41_t3,0.0,node85transit_node41transit
flow_timber_node85node41_t4,0.0,node85transit_node41transit
flow_timber_node85node41_t5,0.0,node85transit_node41transit
flow_wide_node85node41_t1,0.0,node85transit_node41transit
flow_wide_node85node41_t2,0.0,node85transit_node41transit
flow_wide_node85node41_t3,0.0,node85transit_node41transit
flow_wide_node85node41_t4,0.0,node85transit_node41transit
flow_wide_node85node41_t5,0.0,node85transit_node41transit
flow_timber_node85node66_t1,0.0,node85transit_node66transit
flow_timber_node85node66_t2,0.0,node85transit_node66transit
flow_timber_node85node66_t3,0.0,node85transit_node66transit
flow_timber_node85node66_t4,0.0,node85transit_node66transit
flow_timber_node85node66_t5,0.0,node85transit_node66transit
flow_wide_node85node66_t1,0.0,node85transit_node66transit
flow_wide_node85node66_t2,0.0,node85transit_node66transit
flow_wide_node85node66_t3,0.0,node85transit_node66transit
flow_wide_node85node66_t4,0.0,node85transit_node66transit
flow_wide_node85node66_t5,0.0,node85transit_node66transit
flow_timber_node85node119_t1,0.0,node85transit_node119source
flow_timber_node85node119_t2,0.0,node85transit_node119source
flow_timber_node85node119_t3,0.0,node85transit_node119source
flow_timber_node85node119_t4,0.0,node85transit_node119source
flow_timber_node85node119_t5,0.0,node85transit_node119source
flow_wide_node85node119_t1,0.0,node85transit_node119source
flow_wide_node85node119_t2,0.0,node85transit_node119source
flow_wide_node85node119_t3,0.0,node85transit_node119source
flow_wide_node85node119_t4,0.0,node85transit_node119source
flow_wide_node85node119_t5,0.0,node85transit_node119source
flow_timber_node85node136_t1,0.0,node85transit_node136source
flow_timber_node85node136_t2,0.0,node85transit_node136source
flow_timber_node85node136_t3,0.0,node85transit_node136source
flow_timber_node85node136_t4,0.0,node85transit_node136source
flow_timber_node85node136_t5,0.0,node85transit_node136source
flow_wide_node85node136_t1,0.0,node85transit_node136source
flow_wide_node85node136_t2,0.0,node85transit_node136source
flow_wide_node85node136_t3,0.0,node85transit_node136source
flow_wide_node85node136_t4,0.0,node85transit_node136source
flow_wide_node85node136_t5,0.0,node85transit_node136source
flow_timber_node41node32_t1,0.0,node41transit_node32transit
flow_timber_node41node32_t2,0.0,node41transit_node32transit
flow_timber_node41node32_t3,0.0,node41transit_node32transit
flow_timber_node41node32_t4,0.0,node41transit_node32transit
flow_timber_node41node32_t5,-0.0,node41transit_node32transit
flow_wide_node41node32_t1,0.0,node41transit_node32transit
flow_wide_node41node32_t2,0.0,node41transit_node32transit
flow_wide_node41node32_t3,0.0,node41transit_node32transit
flow_wide_node41node32_t4,0.0,node41transit_node32transit
flow_wide_node41node32_t5,0.0,node41transit_node32transit
flow_timber_node41node96_t1,1.0,node41transit_node96transit
flow_timber_node41node96_t2,0.0,node41transit_node96transit
flow_timber_node41node96_t3,0.0,node41transit_node96transit
flow_timber_node41node96_t4,1.0,node41transit_node96transit
flow_timber_node41node96_t5,1.0,node41transit_node96transit
flow_wide_node41node96_t1,0.0,node41transit_node96transit
flow_wide_node41node96_t2,0.0,node41transit_node96transit
flow_wide_node41node96_t3,0.0,node41transit_node96transit
flow_wide_node41node96_t4,0.0,node41transit_node96transit
flow_wide_node41node96_t5,0.0,node41transit_node96transit
flow_timber_node41node85_t1,0.0,node41transit_node85transit
flow_timber_node41node85_t2,0.0,node41transit_node85transit
flow_timber_node41node85_t3,0.0,node41transit_node85transit
flow_timber_node41node85_t4,0.0,node41transit_node85transit
flow_timber_node41node85_t5,0.0,node41transit_node85transit
flow_wide_node41node85_t1,0.0,node41transit_node85transit
flow_wide_node41node85_t2,0.0,node41transit_node85transit
flow_wide_node41node85_t3,0.0,node41transit_node85transit
flow_wide_node41node85_t4,0.0,node41transit_node85transit
flow_wide_node41node85_t5,0.0,node41transit_node85transit
flow_timber_node41node119_t1,0.0,node41transit_node119source
flow_timber_node41node119_t2,0.0,node41transit_node119source
flow_timber_node41node119_t3,0.0,node41transit_node119source
flow_timber_node41node119_t4,0.0,node41transit_node119source
flow_timber_node41node119_t5,0.0,node41transit_node119source
flow_wide_node41node119_t1,0.0,node41transit_node119source
flow_wide_node41node119_t2,0.0,node41transit_node119source
flow_wide_node41node119_t3,0.0,node41transit_node119source
flow_wide_node41node119_t4,0.0,node41transit_node119source
flow_wide_node41node119_t5,0.0,node41transit_node119source
flow_timber_node41node136_t1,0.0,node41transit_node136source
flow_timber_node41node136_t2,0.0,node41transit_node136source
flow_timber_node41node136_t3,0.0,node41transit_node136source
flow_timber_node41node136_t4,0.0,node41transit_node136source
flow_timber_node41node136_t5,0.0,node41transit_node136source
flow_wide_node41node136_t1,0.0,node41transit_node136source
flow_wide_node41node136_t2,0.0,node41transit_node136source
flow_wide_node41node136_t3,0.0,node41transit_node136source
flow_wide_node41node136_t4,0.0,node41transit_node136source
flow_wide_node41node136_t5,0.0,node41transit_node136source
flow_timber_node136node32_t1,0.0,node136source_node32transit
flow_timber_node136node32_t2,0.0,node136source_node32transit
flow_timber_node136node32_t3,0.0,node136source_node32transit
flow_timber_node136node32_t4,0.0,node136source_node32transit
flow_timber_node136node32_t5,0.0,node136source_node32transit
flow_wide_node136node32_t1,0.0,node136source_node32transit
flow_wide_node136node32_t2,0.0,node136source_node32transit
flow_wide_node136node32_t3,0.0,node136source_node32transit
flow_wide_node136node32_t4,0.0,node136source_node32transit
flow_wide_node136node32_t5,0.0,node136source_node32transit
flow_timber_node136node41_t1,1.0,node136source_node41transit
flow_timber_node136node41_t2,0.0,node136source_node41transit
flow_timber_node136node41_t3,0.0,node136source_node41transit
flow_timber_node136node41_t4,1.0,node136source_node41transit
flow_timber_node136node41_t5,1.0,node136source_node41transit
flow_wide_node136node41_t1,0.0,node136source_node41transit
flow_wide_node136node41_t2,0.0,node136source_node41transit
flow_wide_node136node41_t3,0.0,node136source_node41transit
flow_wide_node136node41_t4,0.0,node136source_node41transit
flow_wide_node136node41_t5,0.0,node136source_node41transit
flow_timber_node136node85_t1,0.0,node136source_node85transit
flow_timber_node136node85_t2,0.0,node136source_node85transit
flow_timber_node136node85_t3,0.0,node136source_node85transit
flow_timber_node136node85_t4,0.0,node136source_node85transit
flow_timber_node136node85_t5,0.0,node136source_node85transit
flow_wide_node136node85_t1,0.0,node136source_node85transit
flow_wide_node136node85_t2,0.0,node136source_node85transit
flow_wide_node136node85_t3,0.0,node136source_node85transit
flow_wide_node136node85_t4,0.0,node136source_node85transit
flow_wide_node136node85_t5,0.0,node136source_node85transit
flow_timber_node33node81_t1,0.0,node33transit_node81transit
flow_timber_node33node81_t2,0.0,node33transit_node81transit
flow_timber_node33node81_t3,0.0,node33transit_node81transit
flow_timber_node33node81_t4,0.0,node33transit_node81transit
flow_timber_node33node81_t5,0.0,node33transit_node81transit
flow_wide_node33node81_t1,0.0,node33transit_node81transit
flow_wide_node33node81_t2,0.0,node33transit_node81transit
flow_wide_node33node81_t3,0.0,node33transit_node81transit
flow_wide_node33node81_t4,0.0,node33transit_node81transit
flow_wide_node33node81_t5,0.0,node33transit_node81transit
flow_timber_node33node63_t1,0.0,node33transit_node63transit
flow_timber_node33node63_t2,0.0,node33transit_node63transit
flow_timber_node33node63_t3,-0.0,node33transit_node63transit
flow_timber_node33node63_t4,0.0,node33transit_node63transit
flow_timber_node33node63_t5,0.0,node33transit_node63transit
flow_wide_node33node63_t1,0.0,node33transit_node63transit
flow_wide_node33node63_t2,0.0,node33transit_node63transit
flow_wide_node33node63_t3,0.0,node33transit_node63transit
flow_wide_node33node63_t4,0.0,node33transit_node63transit
flow_wide_node33node63_t5,0.0,node33transit_node63transit
flow_timber_node33node84_t1,0.0,node33transit_node84exit
flow_timber_node33node84_t2,0.0,node33transit_node84exit
flow_timber_node33node84_t3,0.0,node33transit_node84exit
flow_timber_node33node84_t4,0.0,node33transit_node84exit
flow_timber_node33node84_t5,0.0,node33transit_node84exit
flow_wide_node33node84_t1,0.0,node33transit_node84exit
flow_wide_node33node84_t2,0.0,node33transit_node84exit
flow_wide_node33node84_t3,0.0,node33transit_node84exit
flow_wide_node33node84_t4,0.0,node33transit_node84exit
flow_wide_node33node84_t5,0.0,node33transit_node84exit
flow_timber_node33node137_t1,0.0,node33transit_node137source
flow_timber_node33node137_t2,0.0,node33transit_node137source
flow_timber_node33node137_t3,0.0,node33transit_node137source
flow_timber_node33node137_t4,0.0,node33transit_node137source
flow_timber_node33node137_t5,0.0,node33transit_node137source
flow_wide_node33node137_t1,0.0,node33transit_node137source
flow_wide_node33node137_t2,0.0,node33transit_node137source
flow_wide_node33node137_t3,0.0,node33transit_node137source
flow_wide_node33node137_t4,0.0,node33transit_node137source
flow_wide_node33node137_t5,0.0,node33transit_node137source
flow_timber_node63node33_t1,0.0,node63transit_node33transit
flow_timber_node63node33_t2,0.0,node63transit_node33transit
flow_timber_node63node33_t3,0.0,node63transit_node33transit
flow_timber_node63node33_t4,0.0,node63transit_node33transit
flow_timber_node63node33_t5,0.0,node63transit_node33transit
flow_wide_node63node33_t1,0.0,node63transit_node33transit
flow_wide_node63node33_t2,0.0,node63transit_node33transit
flow_wide_node63node33_t3,0.0,node63transit_node33transit
flow_wide_node63node33_t4,0.0,node63transit_node33transit
flow_wide_node63node33_t5,0.0,node63transit_node33transit
flow_timber_node63node45_t1,0.0,node63transit_node45transit
flow_timber_node63node45_t2,0.0,node63transit_node45transit
flow_timber_node63node45_t3,0.0,node63transit_node45transit
flow_timber_node63node45_t4,0.0,node63transit_node45transit
flow_timber_node63node45_t5,0.0,node63transit_node45transit
flow_wide_node63node45_t1,0.0,node63transit_node45transit
flow_wide_node63node45_t2,0.0,node63transit_node45transit
flow_wide_node63node45_t3,0.0,node63transit_node45transit
flow_wide_node63node45_t4,0.0,node63transit_node45transit
flow_wide_node63node45_t5,0.0,node63transit_node45transit
flow_timber_node63node69_t1,0.0,node63transit_node69transit
flow_timber_node63node69_t2,0.0,node63transit_node69transit
flow_timber_node63node69_t3,0.0,node63transit_node69transit
flow_timber_node63node69_t4,1.0,node63transit_node69transit
flow_timber_node63node69_t5,1.0,node63transit_node69transit
flow_wide_node63node69_t1,0.0,node63transit_node69transit
flow_wide_node63node69_t2,0.0,node63transit_node69transit
flow_wide_node63node69_t3,0.0,node63transit_node69transit
flow_wide_node63node69_t4,0.0,node63transit_node69transit
flow_wide_node63node69_t5,0.0,node63transit_node69transit
flow_timber_node63node137_t1,0.0,node63transit_node137source
flow_timber_node63node137_t2,0.0,node63transit_node137source
flow_timber_node63node137_t3,0.0,node63transit_node137source
flow_timber_node63node137_t4,0.0,node63transit_node137source
flow_timber_node63node137_t5,0.0,node63transit_node137source
flow_wide_node63node137_t1,0.0,node63transit_node137source
flow_wide_node63node137_t2,0.0,node63transit_node137source
flow_wide_node63node137_t3,0.0,node63transit_node137source
flow_wide_node63node137_t4,0.0,node63transit_node137source
flow_wide_node63node137_t5,0.0,node63transit_node137source
flow_timber_node56node34_t1,0.0,node56transit_node34transit
flow_timber_node56node34_t2,0.0,node56transit_node34transit
flow_timber_node56node34_t3,0.0,node56transit_node34transit
flow_timber_node56node34_t4,0.0,node56transit_node34transit
flow_timber_node56node34_t5,0.0,node56transit_node34transit
flow_wide_node56node34_t1,0.0,node56transit_node34transit
flow_wide_node56node34_t2,0.0,node56transit_node34transit
flow_wide_node56node34_t3,0.0,node56transit_node34transit
flow_wide_node56node34_t4,0.0,node56transit_node34transit
flow_wide_node56node34_t5,0.0,node56transit_node34transit
flow_timber_node56node37_t1,2.0,node56transit_node37transit
flow_timber_node56node37_t2,0.0,node56transit_node37transit
flow_timber_node56node37_t3,0.0,node56transit_node37transit
flow_timber_node56node37_t4,1.0,node56transit_node37transit
flow_timber_node56node37_t5,1.0,node56transit_node37transit
flow_wide_node56node37_t1,0.0,node56transit_node37transit
flow_wide_node56node37_t2,0.0,node56transit_node37transit
flow_wide_node56node37_t3,0.0,node56transit_node37transit
flow_wide_node56node37_t4,0.0,node56transit_node37transit
flow_wide_node56node37_t5,0.0,node56transit_node37transit
flow_timber_node56node75_t1,0.0,node56transit_node75transit
flow_timber_node56node75_t2,0.0,node56transit_node75transit
flow_timber_node56node75_t3,0.0,node56transit_node75transit
flow_timber_node56node75_t4,0.0,node56transit_node75transit
flow_timber_node56node75_t5,0.0,node56transit_node75transit
flow_wide_node56node75_t1,0.0,node56transit_node75transit
flow_wide_node56node75_t2,0.0,node56transit_node75transit
flow_wide_node56node75_t3,0.0,node56transit_node75transit
flow_wide_node56node75_t4,0.0,node56transit_node75transit
flow_wide_node56node75_t5,0.0,node56transit_node75transit
flow_timber_node56node126_t1,0.0,node56transit_node126source
flow_timber_node56node126_t2,0.0,node56transit_node126source
flow_timber_node56node126_t3,0.0,node56transit_node126source
flow_timber_node56node126_t4,0.0,node56transit_node126source
flow_timber_node56node126_t5,0.0,node56transit_node126source
flow_wide_node56node126_t1,0.0,node56transit_node126source
flow_wide_node56node126_t2,0.0,node56transit_node126source
flow_wide_node56node126_t3,0.0,node56transit_node126source
flow_wide_node56node126_t4,0.0,node56transit_node126source
flow_wide_node56node126_t5,0.0,node56transit_node126source
flow_timber_node56node129_t1,0.0,node56transit_node129source
flow_timber_node56node129_t2,0.0,node56transit_node129source
flow_timber_node56node129_t3,0.0,node56transit_node129source
flow_timber_node56node129_t4,0.0,node56transit_node129source
flow_timber_node56node129_t5,0.0,node56transit_node129source
flow_wide_node56node129_t1,0.0,node56transit_node129source
flow_wide_node56node129_t2,0.0,node56transit_node129source
flow_wide_node56node129_t3,0.0,node56transit_node129source
flow_wide_node56node129_t4,0.0,node56transit_node129source
flow_wide_node56node129_t5,0.0,node56transit_node129source
flow_timber_node56node130_t1,0.0,node56transit_node130source
flow_timber_node56node130_t2,0.0,node56transit_node130source
flow_timber_node56node130_t3,0.0,node56transit_node130source
flow_timber_node56node130_t4,0.0,node56transit_node130source
flow_timber_node56node130_t5,0.0,node56transit_node130source
flow_wide_node56node130_t1,0.0,node56transit_node130source
flow_wide_node56node130_t2,0.0,node56transit_node130source
flow_wide_node56node130_t3,0.0,node56transit_node130source
flow_wide_node56node130_t4,0.0,node56transit_node130source
flow_wide_node56node130_t5,0.0,node56transit_node130source
flow_timber_node37node34_t1,0.0,node37transit_node34transit
flow_timber_node37node34_t2,0.0,node37transit_node34transit
flow_timber_node37node34_t3,0.0,node37transit_node34transit
flow_timber_node37node34_t4,0.0,node37transit_node34transit
flow_timber_node37node34_t5,0.0,node37transit_node34transit
flow_wide_node37node34_t1,0.0,node37transit_node34transit
flow_wide_node37node34_t2,0.0,node37transit_node34transit
flow_wide_node37node34_t3,0.0,node37transit_node34transit
flow_wide_node37node34_t4,0.0,node37transit_node34transit
flow_wide_node37node34_t5,0.0,node37transit_node34transit
flow_timber_node37node56_t1,0.0,node37transit_node56transit
flow_timber_node37node56_t2,0.0,node37transit_node56transit
flow_timber_node37node56_t3,0.0,node37transit_node56transit
flow_timber_node37node56_t4,0.0,node37transit_node56transit
flow_timber_node37node56_t5,0.0,node37transit_node56transit
flow_wide_node37node56_t1,0.0,node37transit_node56transit
flow_wide_node37node56_t2,0.0,node37transit_node56transit
flow_wide_node37node56_t3,0.0,node37transit_node56transit
flow_wide_node37node56_t4,0.0,node37transit_node56transit
flow_wide_node37node56_t5,0.0,node37transit_node56transit
flow_timber_node37node52_t1,2.0,node37transit_node52transit
flow_timber_node37node52_t2,0.0,node37transit_node52transit
flow_timber_node37node52_t3,0.0,node37transit_node52transit
flow_timber_node37node52_t4,2.0,node37transit_node52transit
flow_timber_node37node52_t5,3.0,node37transit_node52transit
flow_wide_node37node52_t1,0.0,node37transit_node52transit
flow_wide_node37node52_t2,0.0,node37transit_node52transit
flow_wide_node37node52_t3,0.0,node37transit_node52transit
flow_wide_node37node52_t4,0.0,node37transit_node52transit
flow_wide_node37node52_t5,0.0,node37transit_node52transit
flow_timber_node37node126_t1,0.0,node37transit_node126source
flow_timber_node37node126_t2,0.0,node37transit_node126source
flow_timber_node37node126_t3,0.0,node37transit_node126source
flow_timber_node37node126_t4,0.0,node37transit_node126source
flow_timber_node37node126_t5,0.0,node37transit_node126source
flow_wide_node37node126_t1,0.0,node37transit_node126source
flow_wide_node37node126_t2,0.0,node37transit_node126source
flow_wide_node37node126_t3,0.0,node37transit_node126source
flow_wide_node37node126_t4,0.0,node37transit_node126source
flow_wide_node37node126_t5,0.0,node37transit_node126source
flow_timber_node37node130_t1,0.0,node37transit_node130source
flow_timber_node37node130_t2,0.0,node37transit_node130source
flow_timber_node37node130_t3,0.0,node37transit_node130source
flow_timber_node37node130_t4,0.0,node37transit_node130source
flow_timber_node37node130_t5,0.0,node37transit_node130source
flow_wide_node37node130_t1,0.0,node37transit_node130source
flow_wide_node37node130_t2,0.0,node37transit_node130source
flow_wide_node37node130_t3,0.0,node37transit_node130source
flow_wide_node37node130_t4,0.0,node37transit_node130source
flow_wide_node37node130_t5,0.0,node37transit_node130source
flow_timber_node37node142_t1,0.0,node37transit_node142source
flow_timber_node37node142_t2,0.0,node37transit_node142source
flow_timber_node37node142_t3,0.0,node37transit_node142source
flow_timber_node37node142_t4,0.0,node37transit_node142source
flow_timber_node37node142_t5,0.0,node37transit_node142source
flow_wide_node37node142_t1,0.0,node37transit_node142source
flow_wide_node37node142_t2,0.0,node37transit_node142source
flow_wide_node37node142_t3,0.0,node37transit_node142source
flow_wide_node37node142_t4,0.0,node37transit_node142source
flow_wide_node37node142_t5,0.0,node37transit_node142source
flow_timber_node126node34_t1,0.0,node126source_node34transit
flow_timber_node126node34_t2,0.0,node126source_node34transit
flow_timber_node126node34_t3,0.0,node126source_node34transit
flow_timber_node126node34_t4,0.0,node126source_node34transit
flow_timber_node126node34_t5,0.0,node126source_node34transit
flow_wide_node126node34_t1,0.0,node126source_node34transit
flow_wide_node126node34_t2,0.0,node126source_node34transit
flow_wide_node126node34_t3,0.0,node126source_node34transit
flow_wide_node126node34_t4,0.0,node126source_node34transit
flow_wide_node126node34_t5,0.0,node126source_node34transit
flow_timber_node126node37_t1,0.0,node126source_node37transit
flow_timber_node126node37_t2,0.0,node126source_node37transit
flow_timber_node126node37_t3,0.0,node126source_node37transit
flow_timber_node126node37_t4,1.0,node126source_node37transit
flow_timber_node126node37_t5,1.0,node126source_node37transit
flow_wide_node126node37_t1,0.0,node126source_node37transit
flow_wide_node126node37_t2,0.0,node126source_node37transit
flow_wide_node126node37_t3,0.0,node126source_node37transit
flow_wide_node126node37_t4,0.0,node126source_node37transit
flow_wide_node126node37_t5,0.0,node126source_node37transit
flow_timber_node126node56_t1,1.0,node126source_node56transit
flow_timber_node126node56_t2,0.0,node126source_node56transit
flow_timber_node126node56_t3,0.0,node126source_node56transit
flow_timber_node126node56_t4,0.0,node126source_node56transit
flow_timber_node126node56_t5,0.0,node126source_node56transit
flow_wide_node126node56_t1,0.0,node126source_node56transit
flow_wide_node126node56_t2,0.0,node126source_node56transit
flow_wide_node126node56_t3,0.0,node126source_node56transit
flow_wide_node126node56_t4,0.0,node126source_node56transit
flow_wide_node126node56_t5,0.0,node126source_node56transit
flow_timber_node96node35_t1,0.0,node96transit_node35transit
flow_timber_node96node35_t2,0.0,node96transit_node35transit
flow_timber_node96node35_t3,0.0,node96transit_node35transit
flow_timber_node96node35_t4,0.0,node96transit_node35transit
flow_timber_node96node35_t5,0.0,node96transit_node35transit
flow_wide_node96node35_t1,0.0,node96transit_node35transit
flow_wide_node96node35_t2,0.0,node96transit_node35transit
flow_wide_node96node35_t3,0.0,node96transit_node35transit
flow_wide_node96node35_t4,0.0,node96transit_node35transit
flow_wide_node96node35_t5,0.0,node96transit_node35transit
flow_timber_node96node41_t1,0.0,node96transit_node41transit
flow_timber_node96node41_t2,0.0,node96transit_node41transit
flow_timber_node96node41_t3,0.0,node96transit_node41transit
flow_timber_node96node41_t4,0.0,node96transit_node41transit
flow_timber_node96node41_t5,0.0,node96transit_node41transit
flow_wide_node96node41_t1,0.0,node96transit_node41transit
flow_wide_node96node41_t2,0.0,node96transit_node41transit
flow_wide_node96node41_t3,0.0,node96transit_node41transit
flow_wide_node96node41_t4,0.0,node96transit_node41transit
flow_wide_node96node41_t5,0.0,node96transit_node41transit
flow_timber_node96node79_t1,1.0,node96transit_node79transit
flow_timber_node96node79_t2,0.0,node96transit_node79transit
flow_timber_node96node79_t3,0.0,node96transit_node79transit
flow_timber_node96node79_t4,1.0,node96transit_node79transit
flow_timber_node96node79_t5,1.0,node96transit_node79transit
flow_wide_node96node79_t1,0.0,node96transit_node79transit
flow_wide_node96node79_t2,0.0,node96transit_node79transit
flow_wide_node96node79_t3,0.0,node96transit_node79transit
flow_wide_node96node79_t4,0.0,node96transit_node79transit
flow_wide_node96node79_t5,0.0,node96transit_node79transit
flow_timber_node96node119_t1,0.0,node96transit_node119source
flow_timber_node96node119_t2,0.0,node96transit_node119source
flow_timber_node96node119_t3,0.0,node96transit_node119source
flow_timber_node96node119_t4,0.0,node96transit_node119source
flow_timber_node96node119_t5,0.0,node96transit_node119source
flow_wide_node96node119_t1,0.0,node96transit_node119source
flow_wide_node96node119_t2,0.0,node96transit_node119source
flow_wide_node96node119_t3,0.0,node96transit_node119source
flow_wide_node96node119_t4,0.0,node96transit_node119source
flow_wide_node96node119_t5,0.0,node96transit_node119source
flow_timber_node52node36_t1,6.0,node52transit_node36transit
flow_timber_node52node36_t2,1.0,node52transit_node36transit
flow_timber_node52node36_t3,1.0,node52transit_node36transit
flow_timber_node52node36_t4,3.0,node52transit_node36transit
flow_timber_node52node36_t5,4.0,node52transit_node36transit
flow_wide_node52node36_t1,0.0,node52transit_node36transit
flow_wide_node52node36_t2,0.0,node52transit_node36transit
flow_wide_node52node36_t3,0.0,node52transit_node36transit
flow_wide_node52node36_t4,0.0,node52transit_node36transit
flow_wide_node52node36_t5,0.0,node52transit_node36transit
flow_timber_node52node37_t1,0.0,node52transit_node37transit
flow_timber_node52node37_t2,0.0,node52transit_node37transit
flow_timber_node52node37_t3,0.0,node52transit_node37transit
flow_timber_node52node37_t4,0.0,node52transit_node37transit
flow_timber_node52node37_t5,0.0,node52transit_node37transit
flow_wide_node52node37_t1,0.0,node52transit_node37transit
flow_wide_node52node37_t2,0.0,node52transit_node37transit
flow_wide_node52node37_t3,0.0,node52transit_node37transit
flow_wide_node52node37_t4,0.0,node52transit_node37transit
flow_wide_node52node37_t5,0.0,node52transit_node37transit
flow_timber_node52node38_t1,0.0,node52transit_node38transit
flow_timber_node52node38_t2,0.0,node52transit_node38transit
flow_timber_node52node38_t3,0.0,node52transit_node38transit
flow_timber_node52node38_t4,0.0,node52transit_node38transit
flow_timber_node52node38_t5,0.0,node52transit_node38transit
flow_wide_node52node38_t1,0.0,node52transit_node38transit
flow_wide_node52node38_t2,0.0,node52transit_node38transit
flow_wide_node52node38_t3,0.0,node52transit_node38transit
flow_wide_node52node38_t4,0.0,node52transit_node38transit
flow_wide_node52node38_t5,0.0,node52transit_node38transit
flow_timber_node52node130_t1,0.0,node52transit_node130source
flow_timber_node52node130_t2,0.0,node52transit_node130source
flow_timber_node52node130_t3,0.0,node52transit_node130source
flow_timber_node52node130_t4,0.0,node52transit_node130source
flow_timber_node52node130_t5,0.0,node52transit_node130source
flow_wide_node52node130_t1,0.0,node52transit_node130source
flow_wide_node52node130_t2,0.0,node52transit_node130source
flow_wide_node52node130_t3,0.0,node52transit_node130source
flow_wide_node52node130_t4,0.0,node52transit_node130source
flow_wide_node52node130_t5,0.0,node52transit_node130source
flow_timber_node52node139_t1,0.0,node52transit_node139source
flow_timber_node52node139_t2,0.0,node52transit_node139source
flow_timber_node52node139_t3,0.0,node52transit_node139source
flow_timber_node52node139_t4,0.0,node52transit_node139source
flow_timber_node52node139_t5,0.0,node52transit_node139source
flow_wide_node52node139_t1,0.0,node52transit_node139source
flow_wide_node52node139_t2,0.0,node52transit_node139source
flow_wide_node52node139_t3,0.0,node52transit_node139source
flow_wide_node52node139_t4,0.0,node52transit_node139source
flow_wide_node52node139_t5,0.0,node52transit_node139source
flow_timber_node52node142_t1,0.0,node52transit_node142source
flow_timber_node52node142_t2,0.0,node52transit_node142source
flow_timber_node52node142_t3,0.0,node52transit_node142source
flow_timber_node52node142_t4,0.0,node52transit_node142source
flow_timber_node52node142_t5,0.0,node52transit_node142source
flow_wide_node52node142_t1,0.0,node52transit_node142source
flow_wide_node52node142_t2,0.0,node52transit_node142source
flow_wide_node52node142_t3,0.0,node52transit_node142source
flow_wide_node52node142_t4,0.0,node52transit_node142source
flow_wide_node52node142_t5,0.0,node52transit_node142source
flow_timber_node40node42_t1,0.0,node40transit_node42transit
flow_timber_node40node42_t2,0.0,node40transit_node42transit
flow_timber_node40node42_t3,0.0,node40transit_node42transit
flow_timber_node40node42_t4,0.0,node40transit_node42transit
flow_timber_node40node42_t5,0.0,node40transit_node42transit
flow_wide_node40node42_t1,0.0,node40transit_node42transit
flow_wide_node40node42_t2,0.0,node40transit_node42transit
flow_wide_node40node42_t3,0.0,node40transit_node42transit
flow_wide_node40node42_t4,0.0,node40transit_node42transit
flow_wide_node40node42_t5,0.0,node40transit_node42transit
flow_timber_node40node80_t1,3.0,node40transit_node80transit
flow_timber_node40node80_t2,2.0,node40transit_node80transit
flow_timber_node40node80_t3,1.0,node40transit_node80transit
flow_timber_node40node80_t4,2.0,node40transit_node80transit
flow_timber_node40node80_t5,3.0,node40transit_node80transit
flow_wide_node40node80_t1,0.0,node40transit_node80transit
flow_wide_node40node80_t2,0.0,node40transit_node80transit
flow_wide_node40node80_t3,0.0,node40transit_node80transit
flow_wide_node40node80_t4,0.0,node40transit_node80transit
flow_wide_node40node80_t5,0.0,node40transit_node80transit
flow_timber_node40node76_t1,0.0,node40transit_node76transit
flow_timber_node40node76_t2,0.0,node40transit_node76transit
flow_timber_node40node76_t3,0.0,node40transit_node76transit
flow_timber_node40node76_t4,0.0,node40transit_node76transit
flow_timber_node40node76_t5,0.0,node40transit_node76transit
flow_wide_node40node76_t1,0.0,node40transit_node76transit
flow_wide_node40node76_t2,0.0,node40transit_node76transit
flow_wide_node40node76_t3,0.0,node40transit_node76transit
flow_wide_node40node76_t4,0.0,node40transit_node76transit
flow_wide_node40node76_t5,0.0,node40transit_node76transit
flow_timber_node40node124_t1,0.0,node40transit_node124source
flow_timber_node40node124_t2,0.0,node40transit_node124source
flow_timber_node40node124_t3,0.0,node40transit_node124source
flow_timber_node40node124_t4,0.0,node40transit_node124source
flow_timber_node40node124_t5,0.0,node40transit_node124source
flow_wide_node40node124_t1,0.0,node40transit_node124source
flow_wide_node40node124_t2,0.0,node40transit_node124source
flow_wide_node40node124_t3,0.0,node40transit_node124source
flow_wide_node40node124_t4,0.0,node40transit_node124source
flow_wide_node40node124_t5,0.0,node40transit_node124source
flow_timber_node40node125_t1,0.0,node40transit_node125source
flow_timber_node40node125_t2,0.0,node40transit_node125source
flow_timber_node40node125_t3,0.0,node40transit_node125source
flow_timber_node40node125_t4,0.0,node40transit_node125source
flow_timber_node40node125_t5,0.0,node40transit_node125source
flow_wide_node40node125_t1,0.0,node40transit_node125source
flow_wide_node40node125_t2,0.0,node40transit_node125source
flow_wide_node40node125_t3,0.0,node40transit_node125source
flow_wide_node40node125_t4,0.0,node40transit_node125source
flow_wide_node40node125_t5,0.0,node40transit_node125source
flow_timber_node80node40_t1,0.0,node80transit_node40transit
flow_timber_node80node40_t2,0.0,node80transit_node40transit
flow_timber_node80node40_t3,0.0,node80transit_node40transit
flow_timber_node80node40_t4,0.0,node80transit_node40transit
flow_timber_node80node40_t5,0.0,node80transit_node40transit
flow_wide_node80node40_t1,0.0,node80transit_node40transit
flow_wide_node80node40_t2,0.0,node80transit_node40transit
flow_wide_node80node40_t3,0.0,node80transit_node40transit
flow_wide_node80node40_t4,0.0,node80transit_node40transit
flow_wide_node80node40_t5,0.0,node80transit_node40transit
flow_timber_node80node58_t1,3.0,node80transit_node58transit
flow_timber_node80node58_t2,2.0,node80transit_node58transit
flow_timber_node80node58_t3,2.0,node80transit_node58transit
flow_timber_node80node58_t4,3.0,node80transit_node58transit
flow_timber_node80node58_t5,3.0,node80transit_node58transit
flow_wide_node80node58_t1,0.0,node80transit_node58transit
flow_wide_node80node58_t2,0.0,node80transit_node58transit
flow_wide_node80node58_t3,0.0,node80transit_node58transit
flow_wide_node80node58_t4,0.0,node80transit_node58transit
flow_wide_node80node58_t5,0.0,node80transit_node58transit
flow_timber_node80node89_t1,-0.0,node80transit_node89transit
flow_timber_node80node89_t2,0.0,node80transit_node89transit
flow_timber_node80node89_t3,0.0,node80transit_node89transit
flow_timber_node80node89_t4,0.0,node80transit_node89transit
flow_timber_node80node89_t5,0.0,node80transit_node89transit
flow_wide_node80node89_t1,0.0,node80transit_node89transit
flow_wide_node80node89_t2,0.0,node80transit_node89transit
flow_wide_node80node89_t3,0.0,node80transit_node89transit
flow_wide_node80node89_t4,0.0,node80transit_node89transit
flow_wide_node80node89_t5,0.0,node80transit_node89transit
flow_timber_node80node125_t1,0.0,node80transit_node125source
flow_timber_node80node125_t2,0.0,node80transit_node125source
flow_timber_node80node125_t3,0.0,node80transit_node125source
flow_timber_node80node125_t4,0.0,node80transit_node125source
flow_timber_node80node125_t5,0.0,node80transit_node125source
flow_wide_node80node125_t1,0.0,node80transit_node125source
flow_wide_node80node125_t2,0.0,node80transit_node125source
flow_wide_node80node125_t3,0.0,node80transit_node125source
flow_wide_node80node125_t4,0.0,node80transit_node125source
flow_wide_node80node125_t5,0.0,node80transit_node125source
flow_timber_node80node143_t1,0.0,node80transit_node143source
flow_timber_node80node143_t2,0.0,node80transit_node143source
flow_timber_node80node143_t3,0.0,node80transit_node143source
flow_timber_node80node143_t4,0.0,node80transit_node143source
flow_timber_node80node143_t5,0.0,node80transit_node143source
flow_wide_node80node143_t1,0.0,node80transit_node143source
flow_wide_node80node143_t2,0.0,node80transit_node143source
flow_wide_node80node143_t3,0.0,node80transit_node143source
flow_wide_node80node143_t4,0.0,node80transit_node143source
flow_wide_node80node143_t5,0.0,node80transit_node143source
flow_timber_node76node40_t1,0.0,node76transit_node40transit
flow_timber_node76node40_t2,0.0,node76transit_node40transit
flow_timber_node76node40_t3,0.0,node76transit_node40transit
flow_timber_node76node40_t4,0.0,node76transit_node40transit
flow_timber_node76node40_t5,0.0,node76transit_node40transit
flow_wide_node76node40_t1,0.0,node76transit_node40transit
flow_wide_node76node40_t2,0.0,node76transit_node40transit
flow_wide_node76node40_t3,0.0,node76transit_node40transit
flow_wide_node76node40_t4,0.0,node76transit_node40transit
flow_wide_node76node40_t5,0.0,node76transit_node40transit
flow_timber_node76node89_t1,0.0,node76transit_node89transit
flow_timber_node76node89_t2,0.0,node76transit_node89transit
flow_timber_node76node89_t3,0.0,node76transit_node89transit
flow_timber_node76node89_t4,0.0,node76transit_node89transit
flow_timber_node76node89_t5,0.0,node76transit_node89transit
flow_wide_node76node89_t1,0.0,node76transit_node89transit
flow_wide_node76node89_t2,0.0,node76transit_node89transit
flow_wide_node76node89_t3,0.0,node76transit_node89transit
flow_wide_node76node89_t4,0.0,node76transit_node89transit
flow_wide_node76node89_t5,0.0,node76transit_node89transit
flow_timber_node76node92_t1,0.0,node76transit_node92transit
flow_timber_node76node92_t2,0.0,node76transit_node92transit
flow_timber_node76node92_t3,0.0,node76transit_node92transit
flow_timber_node76node92_t4,0.0,node76transit_node92transit
flow_timber_node76node92_t5,0.0,node76transit_node92transit
flow_wide_node76node92_t1,0.0,node76transit_node92transit
flow_wide_node76node92_t2,0.0,node76transit_node92transit
flow_wide_node76node92_t3,0.0,node76transit_node92transit
flow_wide_node76node92_t4,0.0,node76transit_node92transit
flow_wide_node76node92_t5,0.0,node76transit_node92transit
flow_timber_node76node124_t1,0.0,node76transit_node124source
flow_timber_node76node124_t2,0.0,node76transit_node124source
flow_timber_node76node124_t3,0.0,node76transit_node124source
flow_timber_node76node124_t4,0.0,node76transit_node124source
flow_timber_node76node124_t5,0.0,node76transit_node124source
flow_wide_node76node124_t1,0.0,node76transit_node124source
flow_wide_node76node124_t2,0.0,node76transit_node124source
flow_wide_node76node124_t3,0.0,node76transit_node124source
flow_wide_node76node124_t4,0.0,node76transit_node124source
flow_wide_node76node124_t5,0.0,node76transit_node124source
flow_timber_node76node125_t1,0.0,node76transit_node125source
flow_timber_node76node125_t2,0.0,node76transit_node125source
flow_timber_node76node125_t3,0.0,node76transit_node125source
flow_timber_node76node125_t4,0.0,node76transit_node125source
flow_timber_node76node125_t5,0.0,node76transit_node125source
flow_wide_node76node125_t1,0.0,node76transit_node125source
flow_wide_node76node125_t2,0.0,node76transit_node125source
flow_wide_node76node125_t3,0.0,node76transit_node125source
flow_wide_node76node125_t4,0.0,node76transit_node125source
flow_wide_node76node125_t5,0.0,node76transit_node125source
flow_timber_node124node40_t1,1.0,node124source_node40transit
flow_timber_node124node40_t2,0.0,node124source_node40transit
flow_timber_node124node40_t3,0.0,node124source_node40transit
flow_timber_node124node40_t4,1.0,node124source_node40transit
flow_timber_node124node40_t5,1.0,node124source_node40transit
flow_wide_node124node40_t1,0.0,node124source_node40transit
flow_wide_node124node40_t2,0.0,node124source_node40transit
flow_wide_node124node40_t3,0.0,node124source_node40transit
flow_wide_node124node40_t4,0.0,node124source_node40transit
flow_wide_node124node40_t5,0.0,node124source_node40transit
flow_timber_node124node42_t1,0.0,node124source_node42transit
flow_timber_node124node42_t2,1.0,node124source_node42transit
flow_timber_node124node42_t3,0.0,node124source_node42transit
flow_timber_node124node42_t4,0.0,node124source_node42transit
flow_timber_node124node42_t5,0.0,node124source_node42transit
flow_wide_node124node42_t1,0.0,node124source_node42transit
flow_wide_node124node42_t2,0.0,node124source_node42transit
flow_wide_node124node42_t3,0.0,node124source_node42transit
flow_wide_node124node42_t4,0.0,node124source_node42transit
flow_wide_node124node42_t5,0.0,node124source_node42transit
flow_timber_node124node76_t1,0.0,node124source_node76transit
flow_timber_node124node76_t2,-0.0,node124source_node76transit
flow_timber_node124node76_t3,0.0,node124source_node76transit
flow_timber_node124node76_t4,0.0,node124source_node76transit
flow_timber_node124node76_t5,0.0,node124source_node76transit
flow_wide_node124node76_t1,0.0,node124source_node76transit
flow_wide_node124node76_t2,0.0,node124source_node76transit
flow_wide_node124node76_t3,0.0,node124source_node76transit
flow_wide_node124node76_t4,0.0,node124source_node76transit
flow_wide_node124node76_t5,0.0,node124source_node76transit
flow_timber_node124node92_t1,0.0,node124source_node92transit
flow_timber_node124node92_t2,0.0,node124source_node92transit
flow_timber_node124node92_t3,0.0,node124source_node92transit
flow_timber_node124node92_t4,0.0,node124source_node92transit
flow_timber_node124node92_t5,0.0,node124source_node92transit
flow_wide_node124node92_t1,0.0,node124source_node92transit
flow_wide_node124node92_t2,0.0,node124source_node92transit
flow_wide_node124node92_t3,0.0,node124source_node92transit
flow_wide_node124node92_t4,0.0,node124source_node92transit
flow_wide_node124node92_t5,0.0,node124source_node92transit
flow_timber_node125node40_t1,1.0,node125source_node40transit
flow_timber_node125node40_t2,1.0,node125source_node40transit
flow_timber_node125node40_t3,0.0,node125source_node40transit
flow_timber_node125node40_t4,0.0,node125source_node40transit
flow_timber_node125node40_t5,1.0,node125source_node40transit
flow_wide_node125node40_t1,0.0,node125source_node40transit
flow_wide_node125node40_t2,0.0,node125source_node40transit
flow_wide_node125node40_t3,0.0,node125source_node40transit
flow_wide_node125node40_t4,0.0,node125source_node40transit
flow_wide_node125node40_t5,0.0,node125source_node40transit
flow_timber_node125node76_t1,0.0,node125source_node76transit
flow_timber_node125node76_t2,0.0,node125source_node76transit
flow_timber_node125node76_t3,0.0,node125source_node76transit
flow_timber_node125node76_t4,0.0,node125source_node76transit
flow_timber_node125node76_t5,0.0,node125source_node76transit
flow_wide_node125node76_t1,0.0,node125source_node76transit
flow_wide_node125node76_t2,0.0,node125source_node76transit
flow_wide_node125node76_t3,0.0,node125source_node76transit
flow_wide_node125node76_t4,0.0,node125source_node76transit
flow_wide_node125node76_t5,0.0,node125source_node76transit
flow_timber_node125node80_t1,-0.0,node125source_node80transit
flow_timber_node125node80_t2,0.0,node125source_node80transit
flow_timber_node125node80_t3,1.0,node125source_node80transit
flow_timber_node125node80_t4,1.0,node125source_node80transit
flow_timber_node125node80_t5,0.0,node125source_node80transit
flow_wide_node125node80_t1,0.0,node125source_node80transit
flow_wide_node125node80_t2,0.0,node125source_node80transit
flow_wide_node125node80_t3,0.0,node125source_node80transit
flow_wide_node125node80_t4,0.0,node125source_node80transit
flow_wide_node125node80_t5,0.0,node125source_node80transit
flow_timber_node125node89_t1,0.0,node125source_node89transit
flow_timber_node125node89_t2,0.0,node125source_node89transit
flow_timber_node125node89_t3,0.0,node125source_node89transit
flow_timber_node125node89_t4,0.0,node125source_node89transit
flow_timber_node125node89_t5,0.0,node125source_node89transit
flow_wide_node125node89_t1,0.0,node125source_node89transit
flow_wide_node125node89_t2,0.0,node125source_node89transit
flow_wide_node125node89_t3,0.0,node125source_node89transit
flow_wide_node125node89_t4,0.0,node125source_node89transit
flow_wide_node125node89_t5,0.0,node125source_node89transit
flow_timber_node92node42_t1,0.0,node92transit_node42transit
flow_timber_node92node42_t2,0.0,node92transit_node42transit
flow_timber_node92node42_t3,0.0,node92transit_node42transit
flow_timber_node92node42_t4,0.0,node92transit_node42transit
flow_timber_node92node42_t5,0.0,node92transit_node42transit
flow_wide_node92node42_t1,0.0,node92transit_node42transit
flow_wide_node92node42_t2,0.0,node92transit_node42transit
flow_wide_node92node42_t3,0.0,node92transit_node42transit
flow_wide_node92node42_t4,0.0,node92transit_node42transit
flow_wide_node92node42_t5,0.0,node92transit_node42transit
flow_timber_node92node76_t1,0.0,node92transit_node76transit
flow_timber_node92node76_t2,0.0,node92transit_node76transit
flow_timber_node92node76_t3,0.0,node92transit_node76transit
flow_timber_node92node76_t4,0.0,node92transit_node76transit
flow_timber_node92node76_t5,0.0,node92transit_node76transit
flow_wide_node92node76_t1,0.0,node92transit_node76transit
flow_wide_node92node76_t2,0.0,node92transit_node76transit
flow_wide_node92node76_t3,0.0,node92transit_node76transit
flow_wide_node92node76_t4,0.0,node92transit_node76transit
flow_wide_node92node76_t5,0.0,node92transit_node76transit
flow_timber_node92node86_t1,0.0,node92transit_node86transit
flow_timber_node92node86_t2,0.0,node92transit_node86transit
flow_timber_node92node86_t3,0.0,node92transit_node86transit
flow_timber_node92node86_t4,0.0,node92transit_node86transit
flow_timber_node92node86_t5,0.0,node92transit_node86transit
flow_wide_node92node86_t1,0.0,node92transit_node86transit
flow_wide_node92node86_t2,0.0,node92transit_node86transit
flow_wide_node92node86_t3,0.0,node92transit_node86transit
flow_wide_node92node86_t4,0.0,node92transit_node86transit
flow_wide_node92node86_t5,0.0,node92transit_node86transit
flow_timber_node92node124_t1,0.0,node92transit_node124source
flow_timber_node92node124_t2,0.0,node92transit_node124source
flow_timber_node92node124_t3,0.0,node92transit_node124source
flow_timber_node92node124_t4,0.0,node92transit_node124source
flow_timber_node92node124_t5,0.0,node92transit_node124source
flow_wide_node92node124_t1,0.0,node92transit_node124source
flow_wide_node92node124_t2,0.0,node92transit_node124source
flow_wide_node92node124_t3,0.0,node92transit_node124source
flow_wide_node92node124_t4,0.0,node92transit_node124source
flow_wide_node92node124_t5,0.0,node92transit_node124source
flow_timber_node105node43_t1,0.0,node105exit_node43transit
flow_timber_node105node43_t2,0.0,node105exit_node43transit
flow_timber_node105node43_t3,0.0,node105exit_node43transit
flow_timber_node105node43_t4,0.0,node105exit_node43transit
flow_timber_node105node43_t5,0.0,node105exit_node43transit
flow_wide_node105node43_t1,0.0,node105exit_node43transit
flow_wide_node105node43_t2,0.0,node105exit_node43transit
flow_wide_node105node43_t3,0.0,node105exit_node43transit
flow_wide_node105node43_t4,0.0,node105exit_node43transit
flow_wide_node105node43_t5,0.0,node105exit_node43transit
flow_timber_node105node59_t1,0.0,node105exit_node59transit
flow_timber_node105node59_t2,0.0,node105exit_node59transit
flow_timber_node105node59_t3,0.0,node105exit_node59transit
flow_timber_node105node59_t4,0.0,node105exit_node59transit
flow_timber_node105node59_t5,0.0,node105exit_node59transit
flow_wide_node105node59_t1,0.0,node105exit_node59transit
flow_wide_node105node59_t2,0.0,node105exit_node59transit
flow_wide_node105node59_t3,0.0,node105exit_node59transit
flow_wide_node105node59_t4,0.0,node105exit_node59transit
flow_wide_node105node59_t5,0.0,node105exit_node59transit
flow_timber_node78node44_t1,0.0,node78transit_node44transit
flow_timber_node78node44_t2,0.0,node78transit_node44transit
flow_timber_node78node44_t3,0.0,node78transit_node44transit
flow_timber_node78node44_t4,0.0,node78transit_node44transit
flow_timber_node78node44_t5,0.0,node78transit_node44transit
flow_wide_node78node44_t1,0.0,node78transit_node44transit
flow_wide_node78node44_t2,0.0,node78transit_node44transit
flow_wide_node78node44_t3,0.0,node78transit_node44transit
flow_wide_node78node44_t4,0.0,node78transit_node44transit
flow_wide_node78node44_t5,0.0,node78transit_node44transit
flow_timber_node78node73_t1,0.0,node78transit_node73transit
flow_timber_node78node73_t2,0.0,node78transit_node73transit
flow_timber_node78node73_t3,0.0,node78transit_node73transit
flow_timber_node78node73_t4,0.0,node78transit_node73transit
flow_timber_node78node73_t5,1.0,node78transit_node73transit
flow_wide_node78node73_t1,0.0,node78transit_node73transit
flow_wide_node78node73_t2,0.0,node78transit_node73transit
flow_wide_node78node73_t3,0.0,node78transit_node73transit
flow_wide_node78node73_t4,0.0,node78transit_node73transit
flow_wide_node78node73_t5,0.0,node78transit_node73transit
flow_timber_node78node95_t1,0.0,node78transit_node95transit
flow_timber_node78node95_t2,0.0,node78transit_node95transit
flow_timber_node78node95_t3,0.0,node78transit_node95transit
flow_timber_node78node95_t4,2.0,node78transit_node95transit
flow_timber_node78node95_t5,2.0,node78transit_node95transit
flow_wide_node78node95_t1,0.0,node78transit_node95transit
flow_wide_node78node95_t2,0.0,node78transit_node95transit
flow_wide_node78node95_t3,0.0,node78transit_node95transit
flow_wide_node78node95_t4,0.0,node78transit_node95transit
flow_wide_node78node95_t5,0.0,node78transit_node95transit
flow_timber_node78node141_t1,0.0,node78transit_node141source
flow_timber_node78node141_t2,0.0,node78transit_node141source
flow_timber_node78node141_t3,0.0,node78transit_node141source
flow_timber_node78node141_t4,0.0,node78transit_node141source
flow_timber_node78node141_t5,0.0,node78transit_node141source
flow_wide_node78node141_t1,0.0,node78transit_node141source
flow_wide_node78node141_t2,0.0,node78transit_node141source
flow_wide_node78node141_t3,0.0,node78transit_node141source
flow_wide_node78node141_t4,0.0,node78transit_node141source
flow_wide_node78node141_t5,0.0,node78transit_node141source
flow_timber_node53node46_t1,0.0,node53transit_node46transit
flow_timber_node53node46_t2,0.0,node53transit_node46transit
flow_timber_node53node46_t3,0.0,node53transit_node46transit
flow_timber_node53node46_t4,0.0,node53transit_node46transit
flow_timber_node53node46_t5,0.0,node53transit_node46transit
flow_wide_node53node46_t1,0.0,node53transit_node46transit
flow_wide_node53node46_t2,0.0,node53transit_node46transit
flow_wide_node53node46_t3,0.0,node53transit_node46transit
flow_wide_node53node46_t4,0.0,node53transit_node46transit
flow_wide_node53node46_t5,0.0,node53transit_node46transit
flow_timber_node53node82_t1,0.0,node53transit_node82transit
flow_timber_node53node82_t2,0.0,node53transit_node82transit
flow_timber_node53node82_t3,0.0,node53transit_node82transit
flow_timber_node53node82_t4,0.0,node53transit_node82transit
flow_timber_node53node82_t5,0.0,node53transit_node82transit
flow_wide_node53node82_t1,0.0,node53transit_node82transit
flow_wide_node53node82_t2,0.0,node53transit_node82transit
flow_wide_node53node82_t3,0.0,node53transit_node82transit
flow_wide_node53node82_t4,0.0,node53transit_node82transit
flow_wide_node53node82_t5,0.0,node53transit_node82transit
flow_timber_node53node104_t1,1.0,node53transit_node104exit
flow_timber_node53node104_t2,1.0,node53transit_node104exit
flow_timber_node53node104_t3,1.0,node53transit_node104exit
flow_timber_node53node104_t4,1.0,node53transit_node104exit
flow_timber_node53node104_t5,1.0,node53transit_node104exit
flow_wide_node53node104_t1,0.0,node53transit_node104exit
flow_wide_node53node104_t2,0.0,node53transit_node104exit
flow_wide_node53node104_t3,0.0,node53transit_node104exit
flow_wide_node53node104_t4,0.0,node53transit_node104exit
flow_wide_node53node104_t5,0.0,node53transit_node104exit
flow_timber_node53node128_t1,0.0,node53transit_node128source
flow_timber_node53node128_t2,0.0,node53transit_node128source
flow_timber_node53node128_t3,0.0,node53transit_node128source
flow_timber_node53node128_t4,0.0,node53transit_node128source
flow_timber_node53node128_t5,0.0,node53transit_node128source
flow_wide_node53node128_t1,0.0,node53transit_node128source
flow_wide_node53node128_t2,0.0,node53transit_node128source
flow_wide_node53node128_t3,0.0,node53transit_node128source
flow_wide_node53node128_t4,0.0,node53transit_node128source
flow_wide_node53node128_t5,0.0,node53transit_node128source
flow_timber_node128node46_t1,0.0,node128source_node46transit
flow_timber_node128node46_t2,0.0,node128source_node46transit
flow_timber_node128node46_t3,0.0,node128source_node46transit
flow_timber_node128node46_t4,0.0,node128source_node46transit
flow_timber_node128node46_t5,0.0,node128source_node46transit
flow_wide_node128node46_t1,0.0,node128source_node46transit
flow_wide_node128node46_t2,0.0,node128source_node46transit
flow_wide_node128node46_t3,0.0,node128source_node46transit
flow_wide_node128node46_t4,0.0,node128source_node46transit
flow_wide_node128node46_t5,0.0,node128source_node46transit
flow_timber_node128node53_t1,1.0,node128source_node53transit
flow_timber_node128node53_t2,1.0,node128source_node53transit
flow_timber_node128node53_t3,1.0,node128source_node53transit
flow_timber_node128node53_t4,1.0,node128source_node53transit
flow_timber_node128node53_t5,1.0,node128source_node53transit
flow_wide_node128node53_t1,0.0,node128source_node53transit
flow_wide_node128node53_t2,0.0,node128source_node53transit
flow_wide_node128node53_t3,0.0,node128source_node53transit
flow_wide_node128node53_t4,0.0,node128source_node53transit
flow_wide_node128node53_t5,0.0,node128source_node53transit
flow_timber_node128node82_t1,0.0,node128source_node82transit
flow_timber_node128node82_t2,0.0,node128source_node82transit
flow_timber_node128node82_t3,0.0,node128source_node82transit
flow_timber_node128node82_t4,0.0,node128source_node82transit
flow_timber_node128node82_t5,0.0,node128source_node82transit
flow_wide_node128node82_t1,0.0,node128source_node82transit
flow_wide_node128node82_t2,0.0,node128source_node82transit
flow_wide_node128node82_t3,0.0,node128source_node82transit
flow_wide_node128node82_t4,0.0,node128source_node82transit
flow_wide_node128node82_t5,0.0,node128source_node82transit
flow_timber_node106node47_t1,0.0,node106exit_node47exit
flow_timber_node106node47_t2,0.0,node106exit_node47exit
flow_timber_node106node47_t3,0.0,node106exit_node47exit
flow_timber_node106node47_t4,0.0,node106exit_node47exit
flow_timber_node106node47_t5,0.0,node106exit_node47exit
flow_wide_node106node47_t1,0.0,node106exit_node47exit
flow_wide_node106node47_t2,0.0,node106exit_node47exit
flow_wide_node106node47_t3,0.0,node106exit_node47exit
flow_wide_node106node47_t4,0.0,node106exit_node47exit
flow_wide_node106node47_t5,0.0,node106exit_node47exit
flow_timber_node106node69_t1,0.0,node106exit_node69transit
flow_timber_node106node69_t2,0.0,node106exit_node69transit
flow_timber_node106node69_t3,0.0,node106exit_node69transit
flow_timber_node106node69_t4,0.0,node106exit_node69transit
flow_timber_node106node69_t5,0.0,node106exit_node69transit
flow_wide_node106node69_t1,0.0,node106exit_node69transit
flow_wide_node106node69_t2,0.0,node106exit_node69transit
flow_wide_node106node69_t3,0.0,node106exit_node69transit
flow_wide_node106node69_t4,0.0,node106exit_node69transit
flow_wide_node106node69_t5,0.0,node106exit_node69transit
flow_timber_node100node48_t1,0.0,node100exit_node48exit
flow_timber_node100node48_t2,0.0,node100exit_node48exit
flow_timber_node100node48_t3,0.0,node100exit_node48exit
flow_timber_node100node48_t4,0.0,node100exit_node48exit
flow_timber_node100node48_t5,0.0,node100exit_node48exit
flow_wide_node100node48_t1,0.0,node100exit_node48exit
flow_wide_node100node48_t2,0.0,node100exit_node48exit
flow_wide_node100node48_t3,0.0,node100exit_node48exit
flow_wide_node100node48_t4,0.0,node100exit_node48exit
flow_wide_node100node48_t5,0.0,node100exit_node48exit
flow_timber_node100node60_t1,0.0,node100exit_node60transit
flow_timber_node100node60_t2,0.0,node100exit_node60transit
flow_timber_node100node60_t3,0.0,node100exit_node60transit
flow_timber_node100node60_t4,0.0,node100exit_node60transit
flow_timber_node100node60_t5,0.0,node100exit_node60transit
flow_wide_node100node60_t1,0.0,node100exit_node60transit
flow_wide_node100node60_t2,0.0,node100exit_node60transit
flow_wide_node100node60_t3,0.0,node100exit_node60transit
flow_wide_node100node60_t4,0.0,node100exit_node60transit
flow_wide_node100node60_t5,0.0,node100exit_node60transit
flow_timber_node114node49_t1,0.0,node114exit_node49exit
flow_timber_node114node49_t2,0.0,node114exit_node49exit
flow_timber_node114node49_t3,0.0,node114exit_node49exit
flow_timber_node114node49_t4,0.0,node114exit_node49exit
flow_timber_node114node49_t5,0.0,node114exit_node49exit
flow_wide_node114node49_t1,0.0,node114exit_node49exit
flow_wide_node114node49_t2,0.0,node114exit_node49exit
flow_wide_node114node49_t3,0.0,node114exit_node49exit
flow_wide_node114node49_t4,0.0,node114exit_node49exit
flow_wide_node114node49_t5,0.0,node114exit_node49exit
flow_timber_node114node60_t1,0.0,node114exit_node60transit
flow_timber_node114node60_t2,0.0,node114exit_node60transit
flow_timber_node114node60_t3,0.0,node114exit_node60transit
flow_timber_node114node60_t4,0.0,node114exit_node60transit
flow_timber_node114node60_t5,0.0,node114exit_node60transit
flow_wide_node114node60_t1,0.0,node114exit_node60transit
flow_wide_node114node60_t2,0.0,node114exit_node60transit
flow_wide_node114node60_t3,0.0,node114exit_node60transit
flow_wide_node114node60_t4,0.0,node114exit_node60transit
flow_wide_node114node60_t5,0.0,node114exit_node60transit
flow_timber_node51node62_t1,0.0,node51transit_node62transit
flow_timber_node51node62_t2,0.0,node51transit_node62transit
flow_timber_node51node62_t3,0.0,node51transit_node62transit
flow_timber_node51node62_t4,0.0,node51transit_node62transit
flow_timber_node51node62_t5,0.0,node51transit_node62transit
flow_wide_node51node62_t1,0.0,node51transit_node62transit
flow_wide_node51node62_t2,0.0,node51transit_node62transit
flow_wide_node51node62_t3,0.0,node51transit_node62transit
flow_wide_node51node62_t4,0.0,node51transit_node62transit
flow_wide_node51node62_t5,0.0,node51transit_node62transit
flow_timber_node51node61_t1,3.0,node51transit_node61transit
flow_timber_node51node61_t2,0.0,node51transit_node61transit
flow_timber_node51node61_t3,2.0,node51transit_node61transit
flow_timber_node51node61_t4,3.0,node51transit_node61transit
flow_timber_node51node61_t5,3.0,node51transit_node61transit
flow_wide_node51node61_t1,0.0,node51transit_node61transit
flow_wide_node51node61_t2,0.0,node51transit_node61transit
flow_wide_node51node61_t3,0.0,node51transit_node61transit
flow_wide_node51node61_t4,0.0,node51transit_node61transit
flow_wide_node51node61_t5,0.0,node51transit_node61transit
flow_timber_node51node93_t1,0.0,node51transit_node93transit
flow_timber_node51node93_t2,0.0,node51transit_node93transit
flow_timber_node51node93_t3,0.0,node51transit_node93transit
flow_timber_node51node93_t4,0.0,node51transit_node93transit
flow_timber_node51node93_t5,0.0,node51transit_node93transit
flow_wide_node51node93_t1,0.0,node51transit_node93transit
flow_wide_node51node93_t2,0.0,node51transit_node93transit
flow_wide_node51node93_t3,0.0,node51transit_node93transit
flow_wide_node51node93_t4,0.0,node51transit_node93transit
flow_wide_node51node93_t5,0.0,node51transit_node93transit
flow_timber_node51node119_t1,0.0,node51transit_node119source
flow_timber_node51node119_t2,0.0,node51transit_node119source
flow_timber_node51node119_t3,0.0,node51transit_node119source
flow_timber_node51node119_t4,0.0,node51transit_node119source
flow_timber_node51node119_t5,0.0,node51transit_node119source
flow_wide_node51node119_t1,0.0,node51transit_node119source
flow_wide_node51node119_t2,0.0,node51transit_node119source
flow_wide_node51node119_t3,0.0,node51transit_node119source
flow_wide_node51node119_t4,0.0,node51transit_node119source
flow_wide_node51node119_t5,0.0,node51transit_node119source
flow_timber_node51node120_t1,0.0,node51transit_node120source
flow_timber_node51node120_t2,0.0,node51transit_node120source
flow_timber_node51node120_t3,0.0,node51transit_node120source
flow_timber_node51node120_t4,0.0,node51transit_node120source
flow_timber_node51node120_t5,0.0,node51transit_node120source
flow_wide_node51node120_t1,0.0,node51transit_node120source
flow_wide_node51node120_t2,0.0,node51transit_node120source
flow_wide_node51node120_t3,0.0,node51transit_node120source
flow_wide_node51node120_t4,0.0,node51transit_node120source
flow_wide_node51node120_t5,0.0,node51transit_node120source
flow_timber_node93node51_t1,0.0,node93transit_node51transit
flow_timber_node93node51_t2,0.0,node93transit_node51transit
flow_timber_node93node51_t3,0.0,node93transit_node51transit
flow_timber_node93node51_t4,0.0,node93transit_node51transit
flow_timber_node93node51_t5,0.0,node93transit_node51transit
flow_wide_node93node51_t1,0.0,node93transit_node51transit
flow_wide_node93node51_t2,0.0,node93transit_node51transit
flow_wide_node93node51_t3,0.0,node93transit_node51transit
flow_wide_node93node51_t4,0.0,node93transit_node51transit
flow_wide_node93node51_t5,0.0,node93transit_node51transit
flow_timber_node93node62_t1,0.0,node93transit_node62transit
flow_timber_node93node62_t2,0.0,node93transit_node62transit
flow_timber_node93node62_t3,0.0,node93transit_node62transit
flow_timber_node93node62_t4,0.0,node93transit_node62transit
flow_timber_node93node62_t5,0.0,node93transit_node62transit
flow_wide_node93node62_t1,0.0,node93transit_node62transit
flow_wide_node93node62_t2,0.0,node93transit_node62transit
flow_wide_node93node62_t3,0.0,node93transit_node62transit
flow_wide_node93node62_t4,0.0,node93transit_node62transit
flow_wide_node93node62_t5,0.0,node93transit_node62transit
flow_timber_node93node120_t1,0.0,node93transit_node120source
flow_timber_node93node120_t2,0.0,node93transit_node120source
flow_timber_node93node120_t3,0.0,node93transit_node120source
flow_timber_node93node120_t4,0.0,node93transit_node120source
flow_timber_node93node120_t5,0.0,node93transit_node120source
flow_wide_node93node120_t1,0.0,node93transit_node120source
flow_wide_node93node120_t2,0.0,node93transit_node120source
flow_wide_node93node120_t3,0.0,node93transit_node120source
flow_wide_node93node120_t4,0.0,node93transit_node120source
flow_wide_node93node120_t5,0.0,node93transit_node120source
flow_timber_node120node51_t1,1.0,node120source_node51transit
flow_timber_node120node51_t2,0.0,node120source_node51transit
flow_timber_node120node51_t3,1.0,node120source_node51transit
flow_timber_node120node51_t4,1.0,node120source_node51transit
flow_timber_node120node51_t5,1.0,node120source_node51transit
flow_wide_node120node51_t1,0.0,node120source_node51transit
flow_wide_node120node51_t2,0.0,node120source_node51transit
flow_wide_node120node51_t3,0.0,node120source_node51transit
flow_wide_node120node51_t4,0.0,node120source_node51transit
flow_wide_node120node51_t5,0.0,node120source_node51transit
flow_timber_node120node62_t1,0.0,node120source_node62transit
flow_timber_node120node62_t2,0.0,node120source_node62transit
flow_timber_node120node62_t3,0.0,node120source_node62transit
flow_timber_node120node62_t4,0.0,node120source_node62transit
flow_timber_node120node62_t5,0.0,node120source_node62transit
flow_wide_node120node62_t1,0.0,node120source_node62transit
flow_wide_node120node62_t2,0.0,node120source_node62transit
flow_wide_node120node62_t3,0.0,node120source_node62transit
flow_wide_node120node62_t4,0.0,node120source_node62transit
flow_wide_node120node62_t5,0.0,node120source_node62transit
flow_timber_node120node93_t1,0.0,node120source_node93transit
flow_timber_node120node93_t2,0.0,node120source_node93transit
flow_timber_node120node93_t3,0.0,node120source_node93transit
flow_timber_node120node93_t4,0.0,node120source_node93transit
flow_timber_node120node93_t5,0.0,node120source_node93transit
flow_wide_node120node93_t1,0.0,node120source_node93transit
flow_wide_node120node93_t2,0.0,node120source_node93transit
flow_wide_node120node93_t3,0.0,node120source_node93transit
flow_wide_node120node93_t4,0.0,node120source_node93transit
flow_wide_node120node93_t5,0.0,node120source_node93transit
flow_timber_node104node53_t1,0.0,node104exit_node53transit
flow_timber_node104node53_t2,0.0,node104exit_node53transit
flow_timber_node104node53_t3,0.0,node104exit_node53transit
flow_timber_node104node53_t4,0.0,node104exit_node53transit
flow_timber_node104node53_t5,0.0,node104exit_node53transit
flow_wide_node104node53_t1,0.0,node104exit_node53transit
flow_wide_node104node53_t2,0.0,node104exit_node53transit
flow_wide_node104node53_t3,0.0,node104exit_node53transit
flow_wide_node104node53_t4,0.0,node104exit_node53transit
flow_wide_node104node53_t5,0.0,node104exit_node53transit
flow_timber_node104node103_t1,0.0,node104exit_node103exit
flow_timber_node104node103_t2,0.0,node104exit_node103exit
flow_timber_node104node103_t3,0.0,node104exit_node103exit
flow_timber_node104node103_t4,0.0,node104exit_node103exit
flow_timber_node104node103_t5,0.0,node104exit_node103exit
flow_wide_node104node103_t1,0.0,node104exit_node103exit
flow_wide_node104node103_t2,0.0,node104exit_node103exit
flow_wide_node104node103_t3,0.0,node104exit_node103exit
flow_wide_node104node103_t4,0.0,node104exit_node103exit
flow_wide_node104node103_t5,0.0,node104exit_node103exit
flow_timber_node72node57_t1,0.0,node72transit_node57transit
flow_timber_node72node57_t2,0.0,node72transit_node57transit
flow_timber_node72node57_t3,0.0,node72transit_node57transit
flow_timber_node72node57_t4,0.0,node72transit_node57transit
flow_timber_node72node57_t5,0.0,node72transit_node57transit
flow_wide_node72node57_t1,0.0,node72transit_node57transit
flow_wide_node72node57_t2,0.0,node72transit_node57transit
flow_wide_node72node57_t3,0.0,node72transit_node57transit
flow_wide_node72node57_t4,0.0,node72transit_node57transit
flow_wide_node72node57_t5,0.0,node72transit_node57transit
flow_timber_node72node75_t1,0.0,node72transit_node75transit
flow_timber_node72node75_t2,0.0,node72transit_node75transit
flow_timber_node72node75_t3,0.0,node72transit_node75transit
flow_timber_node72node75_t4,0.0,node72transit_node75transit
flow_timber_node72node75_t5,0.0,node72transit_node75transit
flow_wide_node72node75_t1,0.0,node72transit_node75transit
flow_wide_node72node75_t2,0.0,node72transit_node75transit
flow_wide_node72node75_t3,0.0,node72transit_node75transit
flow_wide_node72node75_t4,0.0,node72transit_node75transit
flow_wide_node72node75_t5,0.0,node72transit_node75transit
flow_timber_node72node102_t1,0.0,node72transit_node102exit
flow_timber_node72node102_t2,0.0,node72transit_node102exit
flow_timber_node72node102_t3,0.0,node72transit_node102exit
flow_timber_node72node102_t4,0.0,node72transit_node102exit
flow_timber_node72node102_t5,0.0,node72transit_node102exit
flow_wide_node72node102_t1,0.0,node72transit_node102exit
flow_wide_node72node102_t2,0.0,node72transit_node102exit
flow_wide_node72node102_t3,0.0,node72transit_node102exit
flow_wide_node72node102_t4,0.0,node72transit_node102exit
flow_wide_node72node102_t5,0.0,node72transit_node102exit
flow_timber_node72node129_t1,0.0,node72transit_node129source
flow_timber_node72node129_t2,0.0,node72transit_node129source
flow_timber_node72node129_t3,0.0,node72transit_node129source
flow_timber_node72node129_t4,0.0,node72transit_node129source
flow_timber_node72node129_t5,0.0,node72transit_node129source
flow_wide_node72node129_t1,0.0,node72transit_node129source
flow_wide_node72node129_t2,0.0,node72transit_node129source
flow_wide_node72node129_t3,0.0,node72transit_node129source
flow_wide_node72node129_t4,0.0,node72transit_node129source
flow_wide_node72node129_t5,0.0,node72transit_node129source
flow_timber_node65node57_t1,0.0,node65transit_node57transit
flow_timber_node65node57_t2,0.0,node65transit_node57transit
flow_timber_node65node57_t3,0.0,node65transit_node57transit
flow_timber_node65node57_t4,0.0,node65transit_node57transit
flow_timber_node65node57_t5,0.0,node65transit_node57transit
flow_wide_node65node57_t1,0.0,node65transit_node57transit
flow_wide_node65node57_t2,0.0,node65transit_node57transit
flow_wide_node65node57_t3,0.0,node65transit_node57transit
flow_wide_node65node57_t4,0.0,node65transit_node57transit
flow_wide_node65node57_t5,0.0,node65transit_node57transit
flow_timber_node65node64_t1,0.0,node65transit_node64transit
flow_timber_node65node64_t2,0.0,node65transit_node64transit
flow_timber_node65node64_t3,0.0,node65transit_node64transit
flow_timber_node65node64_t4,0.0,node65transit_node64transit
flow_timber_node65node64_t5,0.0,node65transit_node64transit
flow_wide_node65node64_t1,0.0,node65transit_node64transit
flow_wide_node65node64_t2,0.0,node65transit_node64transit
flow_wide_node65node64_t3,0.0,node65transit_node64transit
flow_wide_node65node64_t4,0.0,node65transit_node64transit
flow_wide_node65node64_t5,0.0,node65transit_node64transit
flow_timber_node65node94_t1,0.0,node65transit_node94transit
flow_timber_node65node94_t2,0.0,node65transit_node94transit
flow_timber_node65node94_t3,0.0,node65transit_node94transit
flow_timber_node65node94_t4,0.0,node65transit_node94transit
flow_timber_node65node94_t5,0.0,node65transit_node94transit
flow_wide_node65node94_t1,0.0,node65transit_node94transit
flow_wide_node65node94_t2,0.0,node65transit_node94transit
flow_wide_node65node94_t3,0.0,node65transit_node94transit
flow_wide_node65node94_t4,0.0,node65transit_node94transit
flow_wide_node65node94_t5,0.0,node65transit_node94transit
flow_timber_node65node138_t1,0.0,node65transit_node138source
flow_timber_node65node138_t2,0.0,node65transit_node138source
flow_timber_node65node138_t3,0.0,node65transit_node138source
flow_timber_node65node138_t4,0.0,node65transit_node138source
flow_timber_node65node138_t5,0.0,node65transit_node138source
flow_wide_node65node138_t1,0.0,node65transit_node138source
flow_wide_node65node138_t2,0.0,node65transit_node138source
flow_wide_node65node138_t3,0.0,node65transit_node138source
flow_wide_node65node138_t4,0.0,node65transit_node138source
flow_wide_node65node138_t5,0.0,node65transit_node138source
flow_timber_node101node59_t1,0.0,node101exit_node59transit
flow_timber_node101node59_t2,0.0,node101exit_node59transit
flow_timber_node101node59_t3,0.0,node101exit_node59transit
flow_timber_node101node59_t4,0.0,node101exit_node59transit
flow_timber_node101node59_t5,0.0,node101exit_node59transit
flow_wide_node101node59_t1,0.0,node101exit_node59transit
flow_wide_node101node59_t2,0.0,node101exit_node59transit
flow_wide_node101node59_t3,0.0,node101exit_node59transit
flow_wide_node101node59_t4,0.0,node101exit_node59transit
flow_wide_node101node59_t5,0.0,node101exit_node59transit
flow_timber_node101node102_t1,0.0,node101exit_node102exit
flow_timber_node101node102_t2,0.0,node101exit_node102exit
flow_timber_node101node102_t3,0.0,node101exit_node102exit
flow_timber_node101node102_t4,0.0,node101exit_node102exit
flow_timber_node101node102_t5,0.0,node101exit_node102exit
flow_wide_node101node102_t1,0.0,node101exit_node102exit
flow_wide_node101node102_t2,0.0,node101exit_node102exit
flow_wide_node101node102_t3,0.0,node101exit_node102exit
flow_wide_node101node102_t4,0.0,node101exit_node102exit
flow_wide_node101node102_t5,0.0,node101exit_node102exit
flow_timber_node69node63_t1,0.0,node69transit_node63transit
flow_timber_node69node63_t2,0.0,node69transit_node63transit
flow_timber_node69node63_t3,0.0,node69transit_node63transit
flow_timber_node69node63_t4,0.0,node69transit_node63transit
flow_timber_node69node63_t5,0.0,node69transit_node63transit
flow_wide_node69node63_t1,0.0,node69transit_node63transit
flow_wide_node69node63_t2,0.0,node69transit_node63transit
flow_wide_node69node63_t3,0.0,node69transit_node63transit
flow_wide_node69node63_t4,0.0,node69transit_node63transit
flow_wide_node69node63_t5,0.0,node69transit_node63transit
flow_timber_node69node107_t1,0.0,node69transit_node107exit
flow_timber_node69node107_t2,0.0,node69transit_node107exit
flow_timber_node69node107_t3,0.0,node69transit_node107exit
flow_timber_node69node107_t4,0.0,node69transit_node107exit
flow_timber_node69node107_t5,0.0,node69transit_node107exit
flow_wide_node69node107_t1,0.0,node69transit_node107exit
flow_wide_node69node107_t2,0.0,node69transit_node107exit
flow_wide_node69node107_t3,0.0,node69transit_node107exit
flow_wide_node69node107_t4,0.0,node69transit_node107exit
flow_wide_node69node107_t5,0.0,node69transit_node107exit
flow_timber_node69node106_t1,0.0,node69transit_node106exit
flow_timber_node69node106_t2,0.0,node69transit_node106exit
flow_timber_node69node106_t3,0.0,node69transit_node106exit
flow_timber_node69node106_t4,1.0,node69transit_node106exit
flow_timber_node69node106_t5,1.0,node69transit_node106exit
flow_wide_node69node106_t1,0.0,node69transit_node106exit
flow_wide_node69node106_t2,0.0,node69transit_node106exit
flow_wide_node69node106_t3,0.0,node69transit_node106exit
flow_wide_node69node106_t4,0.0,node69transit_node106exit
flow_wide_node69node106_t5,0.0,node69transit_node106exit
flow_timber_node95node64_t1,0.0,node95transit_node64transit
flow_timber_node95node64_t2,0.0,node95transit_node64transit
flow_timber_node95node64_t3,0.0,node95transit_node64transit
flow_timber_node95node64_t4,0.0,node95transit_node64transit
flow_timber_node95node64_t5,0.0,node95transit_node64transit
flow_wide_node95node64_t1,0.0,node95transit_node64transit
flow_wide_node95node64_t2,0.0,node95transit_node64transit
flow_wide_node95node64_t3,0.0,node95transit_node64transit
flow_wide_node95node64_t4,0.0,node95transit_node64transit
flow_wide_node95node64_t5,0.0,node95transit_node64transit
flow_timber_node95node67_t1,9.0,node95transit_node67exit
flow_timber_node95node67_t2,2.0,node95transit_node67exit
flow_timber_node95node67_t3,3.0,node95transit_node67exit
flow_timber_node95node67_t4,8.0,node95transit_node67exit
flow_timber_node95node67_t5,9.0,node95transit_node67exit
flow_wide_node95node67_t1,0.0,node95transit_node67exit
flow_wide_node95node67_t2,0.0,node95transit_node67exit
flow_wide_node95node67_t3,0.0,node95transit_node67exit
flow_wide_node95node67_t4,0.0,node95transit_node67exit
flow_wide_node95node67_t5,0.0,node95transit_node67exit
flow_timber_node95node78_t1,0.0,node95transit_node78transit
flow_timber_node95node78_t2,0.0,node95transit_node78transit
flow_timber_node95node78_t3,0.0,node95transit_node78transit
flow_timber_node95node78_t4,0.0,node95transit_node78transit
flow_timber_node95node78_t5,0.0,node95transit_node78transit
flow_wide_node95node78_t1,0.0,node95transit_node78transit
flow_wide_node95node78_t2,0.0,node95transit_node78transit
flow_wide_node95node78_t3,0.0,node95transit_node78transit
flow_wide_node95node78_t4,0.0,node95transit_node78transit
flow_wide_node95node78_t5,0.0,node95transit_node78transit
flow_timber_node66node83_t1,0.0,node66transit_node83transit
flow_timber_node66node83_t2,0.0,node66transit_node83transit
flow_timber_node66node83_t3,0.0,node66transit_node83transit
flow_timber_node66node83_t4,0.0,node66transit_node83transit
flow_timber_node66node83_t5,0.0,node66transit_node83transit
flow_wide_node66node83_t1,0.0,node66transit_node83transit
flow_wide_node66node83_t2,0.0,node66transit_node83transit
flow_wide_node66node83_t3,0.0,node66transit_node83transit
flow_wide_node66node83_t4,0.0,node66transit_node83transit
flow_wide_node66node83_t5,0.0,node66transit_node83transit
flow_timber_node66node109_t1,0.0,node66transit_node109exit
flow_timber_node66node109_t2,-0.0,node66transit_node109exit
flow_timber_node66node109_t3,0.0,node66transit_node109exit
flow_timber_node66node109_t4,0.0,node66transit_node109exit
flow_timber_node66node109_t5,0.0,node66transit_node109exit
flow_wide_node66node109_t1,0.0,node66transit_node109exit
flow_wide_node66node109_t2,0.0,node66transit_node109exit
flow_wide_node66node109_t3,0.0,node66transit_node109exit
flow_wide_node66node109_t4,0.0,node66transit_node109exit
flow_wide_node66node109_t5,0.0,node66transit_node109exit
flow_timber_node66node85_t1,0.0,node66transit_node85transit
flow_timber_node66node85_t2,0.0,node66transit_node85transit
flow_timber_node66node85_t3,0.0,node66transit_node85transit
flow_timber_node66node85_t4,0.0,node66transit_node85transit
flow_timber_node66node85_t5,0.0,node66transit_node85transit
flow_wide_node66node85_t1,0.0,node66transit_node85transit
flow_wide_node66node85_t2,0.0,node66transit_node85transit
flow_wide_node66node85_t3,0.0,node66transit_node85transit
flow_wide_node66node85_t4,0.0,node66transit_node85transit
flow_wide_node66node85_t5,0.0,node66transit_node85transit
flow_timber_node66node119_t1,0.0,node66transit_node119source
flow_timber_node66node119_t2,0.0,node66transit_node119source
flow_timber_node66node119_t3,0.0,node66transit_node119source
flow_timber_node66node119_t4,0.0,node66transit_node119source
flow_timber_node66node119_t5,0.0,node66transit_node119source
flow_wide_node66node119_t1,0.0,node66transit_node119source
flow_wide_node66node119_t2,0.0,node66transit_node119source
flow_wide_node66node119_t3,0.0,node66transit_node119source
flow_wide_node66node119_t4,0.0,node66transit_node119source
flow_wide_node66node119_t5,0.0,node66transit_node119source
flow_timber_node109node66_t1,0.0,node109exit_node66transit
flow_timber_node109node66_t2,0.0,node109exit_node66transit
flow_timber_node109node66_t3,0.0,node109exit_node66transit
flow_timber_node109node66_t4,0.0,node109exit_node66transit
flow_timber_node109node66_t5,0.0,node109exit_node66transit
flow_wide_node109node66_t1,0.0,node109exit_node66transit
flow_wide_node109node66_t2,0.0,node109exit_node66transit
flow_wide_node109node66_t3,0.0,node109exit_node66transit
flow_wide_node109node66_t4,0.0,node109exit_node66transit
flow_wide_node109node66_t5,0.0,node109exit_node66transit
flow_timber_node109node108_t1,0.0,node109exit_node108exit
flow_timber_node109node108_t2,0.0,node109exit_node108exit
flow_timber_node109node108_t3,0.0,node109exit_node108exit
flow_timber_node109node108_t4,0.0,node109exit_node108exit
flow_timber_node109node108_t5,0.0,node109exit_node108exit
flow_wide_node109node108_t1,0.0,node109exit_node108exit
flow_wide_node109node108_t2,0.0,node109exit_node108exit
flow_wide_node109node108_t3,0.0,node109exit_node108exit
flow_wide_node109node108_t4,0.0,node109exit_node108exit
flow_wide_node109node108_t5,0.0,node109exit_node108exit
flow_timber_node107node69_t1,0.0,node107exit_node69transit
flow_timber_node107node69_t2,0.0,node107exit_node69transit
flow_timber_node107node69_t3,0.0,node107exit_node69transit
flow_timber_node107node69_t4,0.0,node107exit_node69transit
flow_timber_node107node69_t5,0.0,node107exit_node69transit
flow_wide_node107node69_t1,0.0,node107exit_node69transit
flow_wide_node107node69_t2,0.0,node107exit_node69transit
flow_wide_node107node69_t3,0.0,node107exit_node69transit
flow_wide_node107node69_t4,0.0,node107exit_node69transit
flow_wide_node107node69_t5,0.0,node107exit_node69transit
flow_timber_node107node84_t1,0.0,node107exit_node84exit
flow_timber_node107node84_t2,0.0,node107exit_node84exit
flow_timber_node107node84_t3,0.0,node107exit_node84exit
flow_timber_node107node84_t4,0.0,node107exit_node84exit
flow_timber_node107node84_t5,0.0,node107exit_node84exit
flow_wide_node107node84_t1,0.0,node107exit_node84exit
flow_wide_node107node84_t2,0.0,node107exit_node84exit
flow_wide_node107node84_t3,0.0,node107exit_node84exit
flow_wide_node107node84_t4,0.0,node107exit_node84exit
flow_wide_node107node84_t5,0.0,node107exit_node84exit
flow_timber_node108node70_t1,0.0,node108exit_node70transit
flow_timber_node108node70_t2,0.0,node108exit_node70transit
flow_timber_node108node70_t3,0.0,node108exit_node70transit
flow_timber_node108node70_t4,0.0,node108exit_node70transit
flow_timber_node108node70_t5,0.0,node108exit_node70transit
flow_wide_node108node70_t1,0.0,node108exit_node70transit
flow_wide_node108node70_t2,0.0,node108exit_node70transit
flow_wide_node108node70_t3,0.0,node108exit_node70transit
flow_wide_node108node70_t4,0.0,node108exit_node70transit
flow_wide_node108node70_t5,0.0,node108exit_node70transit
flow_timber_node108node109_t1,0.0,node108exit_node109exit
flow_timber_node108node109_t2,0.0,node108exit_node109exit
flow_timber_node108node109_t3,0.0,node108exit_node109exit
flow_timber_node108node109_t4,0.0,node108exit_node109exit
flow_timber_node108node109_t5,0.0,node108exit_node109exit
flow_wide_node108node109_t1,0.0,node108exit_node109exit
flow_wide_node108node109_t2,0.0,node108exit_node109exit
flow_wide_node108node109_t3,0.0,node108exit_node109exit
flow_wide_node108node109_t4,0.0,node108exit_node109exit
flow_wide_node108node109_t5,0.0,node108exit_node109exit
flow_timber_node102node72_t1,0.0,node102exit_node72transit
flow_timber_node102node72_t2,0.0,node102exit_node72transit
flow_timber_node102node72_t3,0.0,node102exit_node72transit
flow_timber_node102node72_t4,0.0,node102exit_node72transit
flow_timber_node102node72_t5,0.0,node102exit_node72transit
flow_wide_node102node72_t1,0.0,node102exit_node72transit
flow_wide_node102node72_t2,0.0,node102exit_node72transit
flow_wide_node102node72_t3,0.0,node102exit_node72transit
flow_wide_node102node72_t4,0.0,node102exit_node72transit
flow_wide_node102node72_t5,0.0,node102exit_node72transit
flow_timber_node102node101_t1,0.0,node102exit_node101exit
flow_timber_node102node101_t2,0.0,node102exit_node101exit
flow_timber_node102node101_t3,0.0,node102exit_node101exit
flow_timber_node102node101_t4,0.0,node102exit_node101exit
flow_timber_node102node101_t5,0.0,node102exit_node101exit
flow_wide_node102node101_t1,0.0,node102exit_node101exit
flow_wide_node102node101_t2,0.0,node102exit_node101exit
flow_wide_node102node101_t3,0.0,node102exit_node101exit
flow_wide_node102node101_t4,0.0,node102exit_node101exit
flow_wide_node102node101_t5,0.0,node102exit_node101exit
flow_timber_node74node97_t1,0.0,node74transit_node97exit
flow_timber_node74node97_t2,0.0,node74transit_node97exit
flow_timber_node74node97_t3,0.0,node74transit_node97exit
flow_timber_node74node97_t4,0.0,node74transit_node97exit
flow_timber_node74node97_t5,0.0,node74transit_node97exit
flow_wide_node74node97_t1,0.0,node74transit_node97exit
flow_wide_node74node97_t2,0.0,node74transit_node97exit
flow_wide_node74node97_t3,0.0,node74transit_node97exit
flow_wide_node74node97_t4,0.0,node74transit_node97exit
flow_wide_node74node97_t5,0.0,node74transit_node97exit
flow_timber_node74node99_t1,0.0,node74transit_node99exit
flow_timber_node74node99_t2,0.0,node74transit_node99exit
flow_timber_node74node99_t3,0.0,node74transit_node99exit
flow_timber_node74node99_t4,0.0,node74transit_node99exit
flow_timber_node74node99_t5,0.0,node74transit_node99exit
flow_wide_node74node99_t1,0.0,node74transit_node99exit
flow_wide_node74node99_t2,0.0,node74transit_node99exit
flow_wide_node74node99_t3,0.0,node74transit_node99exit
flow_wide_node74node99_t4,0.0,node74transit_node99exit
flow_wide_node74node99_t5,0.0,node74transit_node99exit
flow_timber_node74node112_t1,0.0,node74transit_node112exit
flow_timber_node74node112_t2,0.0,node74transit_node112exit
flow_timber_node74node112_t3,0.0,node74transit_node112exit
flow_timber_node74node112_t4,0.0,node74transit_node112exit
flow_timber_node74node112_t5,0.0,node74transit_node112exit
flow_wide_node74node112_t1,0.0,node74transit_node112exit
flow_wide_node74node112_t2,0.0,node74transit_node112exit
flow_wide_node74node112_t3,0.0,node74transit_node112exit
flow_wide_node74node112_t4,0.0,node74transit_node112exit
flow_wide_node74node112_t5,0.0,node74transit_node112exit
flow_timber_node97node74_t1,0.0,node97exit_node74transit
flow_timber_node97node74_t2,0.0,node97exit_node74transit
flow_timber_node97node74_t3,0.0,node97exit_node74transit
flow_timber_node97node74_t4,0.0,node97exit_node74transit
flow_timber_node97node74_t5,0.0,node97exit_node74transit
flow_wide_node97node74_t1,0.0,node97exit_node74transit
flow_wide_node97node74_t2,0.0,node97exit_node74transit
flow_wide_node97node74_t3,0.0,node97exit_node74transit
flow_wide_node97node74_t4,0.0,node97exit_node74transit
flow_wide_node97node74_t5,0.0,node97exit_node74transit
flow_timber_node97node98_t1,0.0,node97exit_node98exit
flow_timber_node97node98_t2,0.0,node97exit_node98exit
flow_timber_node97node98_t3,0.0,node97exit_node98exit
flow_timber_node97node98_t4,0.0,node97exit_node98exit
flow_timber_node97node98_t5,0.0,node97exit_node98exit
flow_wide_node97node98_t1,0.0,node97exit_node98exit
flow_wide_node97node98_t2,0.0,node97exit_node98exit
flow_wide_node97node98_t3,0.0,node97exit_node98exit
flow_wide_node97node98_t4,0.0,node97exit_node98exit
flow_wide_node97node98_t5,0.0,node97exit_node98exit
flow_timber_node112node74_t1,0.0,node112exit_node74transit
flow_timber_node112node74_t2,0.0,node112exit_node74transit
flow_timber_node112node74_t3,0.0,node112exit_node74transit
flow_timber_node112node74_t4,0.0,node112exit_node74transit
flow_timber_node112node74_t5,0.0,node112exit_node74transit
flow_wide_node112node74_t1,0.0,node112exit_node74transit
flow_wide_node112node74_t2,0.0,node112exit_node74transit
flow_wide_node112node74_t3,0.0,node112exit_node74transit
flow_wide_node112node74_t4,0.0,node112exit_node74transit
flow_wide_node112node74_t5,0.0,node112exit_node74transit
flow_timber_node112node113_t1,0.0,node112exit_node113exit
flow_timber_node112node113_t2,0.0,node112exit_node113exit
flow_timber_node112node113_t3,0.0,node112exit_node113exit
flow_timber_node112node113_t4,0.0,node112exit_node113exit
flow_timber_node112node113_t5,0.0,node112exit_node113exit
flow_wide_node112node113_t1,0.0,node112exit_node113exit
flow_wide_node112node113_t2,0.0,node112exit_node113exit
flow_wide_node112node113_t3,0.0,node112exit_node113exit
flow_wide_node112node113_t4,0.0,node112exit_node113exit
flow_wide_node112node113_t5,0.0,node112exit_node113exit
flow_timber_node103node81_t1,0.0,node103exit_node81transit
flow_timber_node103node81_t2,0.0,node103exit_node81transit
flow_timber_node103node81_t3,0.0,node103exit_node81transit
flow_timber_node103node81_t4,0.0,node103exit_node81transit
flow_timber_node103node81_t5,0.0,node103exit_node81transit
flow_wide_node103node81_t1,0.0,node103exit_node81transit
flow_wide_node103node81_t2,0.0,node103exit_node81transit
flow_wide_node103node81_t3,0.0,node103exit_node81transit
flow_wide_node103node81_t4,0.0,node103exit_node81transit
flow_wide_node103node81_t5,0.0,node103exit_node81transit
flow_timber_node103node104_t1,0.0,node103exit_node104exit
flow_timber_node103node104_t2,0.0,node103exit_node104exit
flow_timber_node103node104_t3,0.0,node103exit_node104exit
flow_timber_node103node104_t4,0.0,node103exit_node104exit
flow_timber_node103node104_t5,0.0,node103exit_node104exit
flow_wide_node103node104_t1,0.0,node103exit_node104exit
flow_wide_node103node104_t2,0.0,node103exit_node104exit
flow_wide_node103node104_t3,0.0,node103exit_node104exit
flow_wide_node103node104_t4,0.0,node103exit_node104exit
flow_wide_node103node104_t5,0.0,node103exit_node104exit
flow_timber_node98node83_t1,0.0,node98exit_node83transit
flow_timber_node98node83_t2,0.0,node98exit_node83transit
flow_timber_node98node83_t3,0.0,node98exit_node83transit
flow_timber_node98node83_t4,0.0,node98exit_node83transit
flow_timber_node98node83_t5,0.0,node98exit_node83transit
flow_wide_node98node83_t1,0.0,node98exit_node83transit
flow_wide_node98node83_t2,0.0,node98exit_node83transit
flow_wide_node98node83_t3,0.0,node98exit_node83transit
flow_wide_node98node83_t4,0.0,node98exit_node83transit
flow_wide_node98node83_t5,0.0,node98exit_node83transit
flow_timber_node98node97_t1,0.0,node98exit_node97exit
flow_timber_node98node97_t2,0.0,node98exit_node97exit
flow_timber_node98node97_t3,0.0,node98exit_node97exit
flow_timber_node98node97_t4,0.0,node98exit_node97exit
flow_timber_node98node97_t5,0.0,node98exit_node97exit
flow_wide_node98node97_t1,0.0,node98exit_node97exit
flow_wide_node98node97_t2,0.0,node98exit_node97exit
flow_wide_node98node97_t3,0.0,node98exit_node97exit
flow_wide_node98node97_t4,0.0,node98exit_node97exit
flow_wide_node98node97_t5,0.0,node98exit_node97exit
