variable,coefficient,type,prefix,width,edge,period
C_node1node42_timber_t0,1842.0,B,C,timber,,0
C_node1node42_timber_t1,1550.91,B,C,timber,,1
C_node1node42_timber_t2,1099.47,B,C,timber,,2
C_node1node42_timber_t3,779.44,B,C,timber,,3
C_node1node42_timber_t4,552.56,B,C,timber,,4
C_node1node42_timber_t5,391.72,B,C,timber,,5
C_node1node42_wide_t0,2763.0,B,C,wide,,0
C_node1node42_wide_t1,2326.37,B,C,wide,,1
C_node1node42_wide_t2,1649.21,B,C,wide,,2
C_node1node42_wide_t3,1169.16,B,C,wide,,3
C_node1node42_wide_t4,828.84,B,C,wide,,4
C_node1node42_wide_t5,587.58,B,C,wide,,5
C_node1node4_timber_t0,1389.0,B,C,timber,,0
C_node1node4_timber_t1,1169.5,B,C,timber,,1
C_node1node4_timber_t2,829.08,B,C,timber,,2
C_node1node4_timber_t3,587.75,B,C,timber,,3
C_node1node4_timber_t4,416.67,B,C,timber,,4
C_node1node4_timber_t5,295.38,B,C,timber,,5
C_node1node4_wide_t0,2082.0,B,C,wide,,0
C_node1node4_wide_t1,1752.99,B,C,wide,,1
C_node1node4_wide_t2,1242.73,B,C,wide,,2
C_node1node4_wide_t3,880.99,B,C,wide,,3
C_node1node4_wide_t4,624.55,B,C,wide,,4
C_node1node4_wide_t5,442.76,B,C,wide,,5
C_node1node39_timber_t0,1375.0,B,C,timber,,0
C_node1node39_timber_t1,1157.71,B,C,timber,,1
C_node1node39_timber_t2,820.72,B,C,timber,,2
C_node1node39_timber_t3,581.83,B,C,timber,,3
C_node1node39_timber_t4,412.47,B,C,timber,,4
C_node1node39_timber_t5,292.41,B,C,timber,,5
C_node1node39_wide_t0,2062.0,B,C,wide,,0
C_node1node39_wide_t1,1736.15,B,C,wide,,1
C_node1node39_wide_t2,1230.79,B,C,wide,,2
C_node1node39_wide_t3,872.53,B,C,wide,,3
C_node1node39_wide_t4,618.55,B,C,wide,,4
C_node1node39_wide_t5,438.5,B,C,wide,,5
C_node1node92_timber_t0,0.0,B,C,timber,,0
C_node1node92_timber_t1,0.0,B,C,timber,,1
C_node1node92_timber_t2,0.0,B,C,timber,,2
C_node1node92_timber_t3,0.0,B,C,timber,,3
C_node1node92_timber_t4,0.0,B,C,timber,,4
C_node1node92_timber_t5,0.0,B,C,timber,,5
C_node1node92_wide_t0,0.0,B,C,wide,,0
C_node1node92_wide_t1,0.0,B,C,wide,,1
C_node1node92_wide_t2,0.0,B,C,wide,,2
C_node1node92_wide_t3,0.0,B,C,wide,,3
C_node1node92_wide_t4,0.0,B,C,wide,,4
C_node1node92_wide_t5,0.0,B,C,wide,,5
C_node1node93_timber_t0,0.0,B,C,timber,,0
C_node1node93_timber_t1,0.0,B,C,timber,,1
C_node1node93_timber_t2,0.0,B,C,timber,,2
C_node1node93_timber_t3,0.0,B,C,timber,,3
C_node1node93_timber_t4,0.0,B,C,timber,,4
C_node1node93_timber_t5,0.0,B,C,timber,,5
C_node1node93_wide_t0,0.0,B,C,wide,,0
C_node1node93_wide_t1,0.0,B,C,wide,,1
C_node1node93_wide_t2,0.0,B,C,wide,,2
C_node1node93_wide_t3,0.0,B,C,wide,,3
C_node1node93_wide_t4,0.0,B,C,wide,,4
C_node1node93_wide_t5,0.0,B,C,wide,,5
C_node1node94_timber_t0,0.0,B,C,timber,,0
C_node1node94_timber_t1,0.0,B,C,timber,,1
C_node1node94_timber_t2,0.0,B,C,timber,,2
C_node1node94_timber_t3,0.0,B,C,timber,,3
C_node1node94_timber_t4,0.0,B,C,timber,,4
C_node1node94_timber_t5,0.0,B,C,timber,,5
C_node1node94_wide_t0,0.0,B,C,wide,,0
C_node1node94_wide_t1,0.0,B,C,wide,,1
C_node1node94_wide_t2,0.0,B,C,wide,,2
C_node1node94_wide_t3,0.0,B,C,wide,,3
C_node1node94_wide_t4,0.0,B,C,wide,,4
C_node1node94_wide_t5,0.0,B,C,wide,,5
C_node2node74_timber_t0,541.0,B,C,timber,,0
C_node2node74_timber_t1,455.51,B,C,timber,,1
C_node2node74_timber_t2,322.92,B,C,timber,,2
C_node2node74_timber_t3,228.92,B,C,timber,,3
C_node2node74_timber_t4,162.29,B,C,timber,,4
C_node2node74_timber_t5,115.05,B,C,timber,,5
C_node2node74_wide_t0,812.0,B,C,wide,,0
C_node2node74_wide_t1,683.68,B,C,wide,,1
C_node2node74_wide_t2,484.68,B,C,wide,,2
C_node2node74_wide_t3,343.6,B,C,wide,,3
C_node2node74_wide_t4,243.58,B,C,wide,,4
C_node2node74_wide_t5,172.68,B,C,wide,,5
C_node2node79_timber_t0,665.0,B,C,timber,,0
C_node2node79_timber_t1,559.91,B,C,timber,,1
C_node2node79_timber_t2,396.93,B,C,timber,,2
C_node2node79_timber_t3,281.39,B,C,timber,,3
C_node2node79_timber_t4,199.48,B,C,timber,,4
C_node2node79_timber_t5,141.42,B,C,timber,,5
C_node2node79_wide_t0,998.0,B,C,wide,,0
C_node2node79_wide_t1,840.29,B,C,wide,,1
C_node2node79_wide_t2,595.7,B,C,wide,,2
C_node2node79_wide_t3,422.3,B,C,wide,,3
C_node2node79_wide_t4,299.38,B,C,wide,,4
C_node2node79_wide_t5,212.23,B,C,wide,,5
C_node2node50_timber_t0,1915.0,B,C,timber,,0
C_node2node50_timber_t1,1612.38,B,C,timber,,1
C_node2node50_timber_t2,1143.05,B,C,timber,,2
C_node2node50_timber_t3,810.33,B,C,timber,,3
C_node2node50_timber_t4,574.46,B,C,timber,,4
C_node2node50_timber_t5,407.24,B,C,timber,,5
C_node2node50_wide_t0,2870.0,B,C,wide,,0
C_node2node50_wide_t1,2416.46,B,C,wide,,1
C_node2node50_wide_t2,1713.08,B,C,wide,,2
C_node2node50_wide_t3,1214.43,B,C,wide,,3
C_node2node50_wide_t4,860.93,B,C,wide,,4
C_node2node50_wide_t5,610.33,B,C,wide,,5
C_node2node98_timber_t0,0.0,B,C,timber,,0
C_node2node98_timber_t1,0.0,B,C,timber,,1
C_node2node98_timber_t2,0.0,B,C,timber,,2
C_node2node98_timber_t3,0.0,B,C,timber,,3
C_node2node98_timber_t4,0.0,B,C,timber,,4
C_node2node98_timber_t5,0.0,B,C,timber,,5
C_node2node98_wide_t0,0.0,B,C,wide,,0
C_node2node98_wide_t1,0.0,B,C,wide,,1
C_node2node98_wide_t2,0.0,B,C,wide,,2
C_node2node98_wide_t3,0.0,B,C,wide,,3
C_node2node98_wide_t4,0.0,B,C,wide,,4
C_node2node98_wide_t5,0.0,B,C,wide,,5
C_node2node100_timber_t0,0.0,B,C,timber,,0
C_node2node100_timber_t1,0.0,B,C,timber,,1
C_node2node100_timber_t2,0.0,B,C,timber,,2
C_node2node100_timber_t3,0.0,B,C,timber,,3
C_node2node100_timber_t4,0.0,B,C,timber,,4
C_node2node100_timber_t5,0.0,B,C,timber,,5
C_node2node100_wide_t0,0.0,B,C,wide,,0
C_node2node100_wide_t1,0.0,B,C,wide,,1
C_node2node100_wide_t2,0.0,B,C,wide,,2
C_node2node100_wide_t3,0.0,B,C,wide,,3
C_node2node100_wide_t4,0.0,B,C,wide,,4
C_node2node100_wide_t5,0.0,B,C,wide,,5
C_node3node54_timber_t0,477.0,B,C,timber,,0
C_node3node54_timber_t1,401.62,B,C,timber,,1
C_node3node54_timber_t2,284.72,B,C,timber,,2
C_node3node54_timber_t3,201.84,B,C,timber,,3
C_node3node54_timber_t4,143.09,B,C,timber,,4
C_node3node54_timber_t5,101.44,B,C,timber,,5
C_node3node54_wide_t0,715.0,B,C,wide,,0
C_node3node54_wide_t1,602.01,B,C,wide,,1
C_node3node54_wide_t2,426.78,B,C,wide,,2
C_node3node54_wide_t3,302.55,B,C,wide,,3
C_node3node54_wide_t4,214.48,B,C,wide,,4
C_node3node54_wide_t5,152.05,B,C,wide,,5
C_node3node18_timber_t0,1013.0,B,C,timber,,0
C_node3node18_timber_t1,852.92,B,C,timber,,1
C_node3node18_timber_t2,604.65,B,C,timber,,2
C_node3node18_timber_t3,428.65,B,C,timber,,3
C_node3node18_timber_t4,303.88,B,C,timber,,4
C_node3node18_timber_t5,215.42,B,C,timber,,5
C_node3node18_wide_t0,1519.0,B,C,wide,,0
C_node3node18_wide_t1,1278.96,B,C,wide,,1
C_node3node18_wide_t2,906.68,B,C,wide,,2
C_node3node18_wide_t3,642.76,B,C,wide,,3
C_node3node18_wide_t4,455.66,B,C,wide,,4
C_node3node18_wide_t5,323.03,B,C,wide,,5
C_node3node59_timber_t0,1773.0,B,C,timber,,0
C_node3node59_timber_t1,1492.82,B,C,timber,,1
C_node3node59_timber_t2,1058.29,B,C,timber,,2
C_node3node59_timber_t3,750.24,B,C,timber,,3
C_node3node59_timber_t4,531.86,B,C,timber,,4
C_node3node59_timber_t5,377.04,B,C,timber,,5
C_node3node59_wide_t0,2660.0,B,C,wide,,0
C_node3node59_wide_t1,2239.65,B,C,wide,,1
C_node3node59_wide_t2,1587.73,B,C,wide,,2
C_node3node59_wide_t3,1125.57,B,C,wide,,3
C_node3node59_wide_t4,797.94,B,C,wide,,4
C_node3node59_wide_t5,565.67,B,C,wide,,5
C_node3node96_timber_t0,0.0,B,C,timber,,0
C_node3node96_timber_t1,0.0,B,C,timber,,1
C_node3node96_timber_t2,0.0,B,C,timber,,2
C_node3node96_timber_t3,0.0,B,C,timber,,3
C_node3node96_timber_t4,0.0,B,C,timber,,4
C_node3node96_timber_t5,0.0,B,C,timber,,5
C_node3node96_wide_t0,0.0,B,C,wide,,0
C_node3node96_wide_t1,0.0,B,C,wide,,1
C_node3node96_wide_t2,0.0,B,C,wide,,2
C_node3node96_wide_t3,0.0,B,C,wide,,3
C_node3node96_wide_t4,0.0,B,C,wide,,4
C_node3node96_wide_t5,0.0,B,C,wide,,5
C_node3node101_timber_t0,0.0,B,C,timber,,0
C_node3node101_timber_t1,0.0,B,C,timber,,1
C_node3node101_timber_t2,0.0,B,C,timber,,2
C_node3node101_timber_t3,0.0,B,C,timber,,3
C_node3node101_timber_t4,0.0,B,C,timber,,4
C_node3node101_timber_t5,0.0,B,C,timber,,5
C_node3node101_wide_t0,0.0,B,C,wide,,0
C_node3node101_wide_t1,0.0,B,C,wide,,1
C_node3node101_wide_t2,0.0,B,C,wide,,2
C_node3node101_wide_t3,0.0,B,C,wide,,3
C_node3node101_wide_t4,0.0,B,C,wide,,4
C_node3node101_wide_t5,0.0,B,C,wide,,5
C_node4node46_timber_t0,1133.0,B,C,timber,,0
C_node4node46_timber_t1,953.96,B,C,timber,,1
C_node4node46_timber_t2,676.28,B,C,timber,,2
C_node4node46_timber_t3,479.43,B,C,timber,,3
C_node4node46_timber_t4,339.87,B,C,timber,,4
C_node4node46_timber_t5,240.94,B,C,timber,,5
C_node4node46_wide_t0,1699.0,B,C,wide,,0
C_node4node46_wide_t1,1430.51,B,C,wide,,1
C_node4node46_wide_t2,1014.12,B,C,wide,,2
C_node4node46_wide_t3,718.93,B,C,wide,,3
C_node4node46_wide_t4,509.66,B,C,wide,,4
C_node4node46_wide_t5,361.31,B,C,wide,,5
C_node4node24_timber_t0,3389.0,B,C,timber,,0
C_node4node24_timber_t1,2853.45,B,C,timber,,1
C_node4node24_timber_t2,2022.86,B,C,timber,,2
C_node4node24_timber_t3,1434.05,B,C,timber,,3
C_node4node24_timber_t4,1016.62,B,C,timber,,4
C_node4node24_timber_t5,720.7,B,C,timber,,5
C_node4node24_wide_t0,5084.0,B,C,wide,,0
C_node4node24_wide_t1,4280.59,B,C,wide,,1
C_node4node24_wide_t2,3034.59,B,C,wide,,2
C_node4node24_wide_t3,2151.28,B,C,wide,,3
C_node4node24_wide_t4,1525.08,B,C,wide,,4
C_node4node24_wide_t5,1081.16,B,C,wide,,5
C_node4node93_timber_t0,0.0,B,C,timber,,0
C_node4node93_timber_t1,0.0,B,C,timber,,1
C_node4node93_timber_t2,0.0,B,C,timber,,2
C_node4node93_timber_t3,0.0,B,C,timber,,3
C_node4node93_timber_t4,0.0,B,C,timber,,4
C_node4node93_timber_t5,0.0,B,C,timber,,5
C_node4node93_wide_t0,0.0,B,C,wide,,0
C_node4node93_wide_t1,0.0,B,C,wide,,1
C_node4node93_wide_t2,0.0,B,C,wide,,2
C_node4node93_wide_t3,0.0,B,C,wide,,3
C_node4node93_wide_t4,0.0,B,C,wide,,4
C_node4node93_wide_t5,0.0,B,C,wide,,5
C_node4node94_timber_t0,0.0,B,C,timber,,0
C_node4node94_timber_t1,0.0,B,C,timber,,1
C_node4node94_timber_t2,0.0,B,C,timber,,2
C_node4node94_timber_t3,0.0,B,C,timber,,3
C_node4node94_timber_t4,0.0,B,C,timber,,4
C_node4node94_timber_t5,0.0,B,C,timber,,5
C_node4node94_wide_t0,0.0,B,C,wide,,0
C_node4node94_wide_t1,0.0,B,C,wide,,1
C_node4node94_wide_t2,0.0,B,C,wide,,2
C_node4node94_wide_t3,0.0,B,C,wide,,3
C_node4node94_wide_t4,0.0,B,C,wide,,4
C_node4node94_wide_t5,0.0,B,C,wide,,5
C_node4node95_timber_t0,0.0,B,C,timber,,0
C_node4node95_timber_t1,0.0,B,C,timber,,1
C_node4node95_timber_t2,0.0,B,C,timber,,2
C_node4node95_timber_t3,0.0,B,C,timber,,3
C_node4node95_timber_t4,0.0,B,C,timber,,4
C_node4node95_timber_t5,0.0,B,C,timber,,5
C_node4node95_wide_t0,0.0,B,C,wide,,0
C_node4node95_wide_t1,0.0,B,C,wide,,1
C_node4node95_wide_t2,0.0,B,C,wide,,2
C_node4node95_wide_t3,0.0,B,C,wide,,3
C_node4node95_wide_t4,0.0,B,C,wide,,4
C_node4node95_wide_t5,0.0,B,C,wide,,5
C_node5node43_timber_t0,850.0,B,C,timber,,0
C_node5node43_timber_t1,715.68,B,C,timber,,1
C_node5node43_timber_t2,507.36,B,C,timber,,2
C_node5node43_timber_t3,359.67,B,C,timber,,3
C_node5node43_timber_t4,254.98,B,C,timber,,4
C_node5node43_timber_t5,180.76,B,C,timber,,5
C_node5node43_wide_t0,1275.0,B,C,wide,,0
C_node5node43_wide_t1,1073.52,B,C,wide,,1
C_node5node43_wide_t2,761.04,B,C,wide,,2
C_node5node43_wide_t3,539.51,B,C,wide,,3
C_node5node43_wide_t4,382.47,B,C,wide,,4
C_node5node43_wide_t5,271.14,B,C,wide,,5
C_node5node11_timber_t0,492.0,B,C,timber,,0
C_node5node11_timber_t1,414.25,B,C,timber,,1
C_node5node11_timber_t2,293.67,B,C,timber,,2
C_node5node11_timber_t3,208.19,B,C,timber,,3
C_node5node11_timber_t4,147.59,B,C,timber,,4
C_node5node11_timber_t5,104.63,B,C,timber,,5
C_node5node11_wide_t0,739.0,B,C,wide,,0
C_node5node11_wide_t1,622.22,B,C,wide,,1
C_node5node11_wide_t2,441.1,B,C,wide,,2
C_node5node11_wide_t3,312.71,B,C,wide,,3
C_node5node11_wide_t4,221.68,B,C,wide,,4
C_node5node11_wide_t5,157.16,B,C,wide,,5
C_node5node57_timber_t0,5101.0,B,C,timber,,0
C_node5node57_timber_t1,4294.91,B,C,timber,,1
C_node5node57_timber_t2,3044.74,B,C,timber,,2
C_node5node57_timber_t3,2158.47,B,C,timber,,3
C_node5node57_timber_t4,1530.18,B,C,timber,,4
C_node5node57_timber_t5,1084.77,B,C,timber,,5
C_node5node57_wide_t0,7658.0,B,C,wide,,0
C_node5node57_wide_t1,6447.83,B,C,wide,,1
C_node5node57_wide_t2,4570.99,B,C,wide,,2
C_node5node57_wide_t3,3240.46,B,C,wide,,3
C_node5node57_wide_t4,2297.22,B,C,wide,,4
C_node5node57_wide_t5,1628.54,B,C,wide,,5
C_node5node91_timber_t0,0.0,B,C,timber,,0
C_node5node91_timber_t1,0.0,B,C,timber,,1
C_node5node91_timber_t2,0.0,B,C,timber,,2
C_node5node91_timber_t3,0.0,B,C,timber,,3
C_node5node91_timber_t4,0.0,B,C,timber,,4
C_node5node91_timber_t5,0.0,B,C,timber,,5
C_node5node91_wide_t0,0.0,B,C,wide,,0
C_node5node91_wide_t1,0.0,B,C,wide,,1
C_node5node91_wide_t2,0.0,B,C,wide,,2
C_node5node91_wide_t3,0.0,B,C,wide,,3
C_node5node91_wide_t4,0.0,B,C,wide,,4
C_node5node91_wide_t5,0.0,B,C,wide,,5
C_node5node99_timber_t0,0.0,B,C,timber,,0
C_node5node99_timber_t1,0.0,B,C,timber,,1
C_node5node99_timber_t2,0.0,B,C,timber,,2
C_node5node99_timber_t3,0.0,B,C,timber,,3
C_node5node99_timber_t4,0.0,B,C,timber,,4
C_node5node99_timber_t5,0.0,B,C,timber,,5
C_node5node99_wide_t0,0.0,B,C,wide,,0
C_node5node99_wide_t1,0.0,B,C,wide,,1
C_node5node99_wide_t2,0.0,B,C,wide,,2
C_node5node99_wide_t3,0.0,B,C,wide,,3
C_node5node99_wide_t4,0.0,B,C,wide,,4
C_node5node99_wide_t5,0.0,B,C,wide,,5
C_node6node22_timber_t0,1140.0,B,C,timber,,0
C_node6node22_timber_t1,959.85,B,C,timber,,1
C_node6node22_timber_t2,680.46,B,C,timber,,2
C_node6node22_timber_t3,482.39,B,C,timber,,3
C_node6node22_timber_t4,341.97,B,C,timber,,4
C_node6node22_timber_t5,242.43,B,C,timber,,5
C_node6node22_wide_t0,1711.0,B,C,wide,,0
C_node6node22_wide_t1,1440.62,B,C,wide,,1
C_node6node22_wide_t2,1021.28,B,C,wide,,2
C_node6node22_wide_t3,724.0,B,C,wide,,3
C_node6node22_wide_t4,513.26,B,C,wide,,4
C_node6node22_wide_t5,363.86,B,C,wide,,5
C_node6node25_timber_t0,1443.0,B,C,timber,,0
C_node6node25_timber_t1,1214.97,B,C,timber,,1
C_node6node25_timber_t2,861.31,B,C,timber,,2
C_node6node25_timber_t3,610.6,B,C,timber,,3
C_node6node25_timber_t4,432.87,B,C,timber,,4
C_node6node25_timber_t5,306.87,B,C,timber,,5
C_node6node25_wide_t0,2164.0,B,C,wide,,0
C_node6node25_wide_t1,1822.03,B,C,wide,,1
C_node6node25_wide_t2,1291.67,B,C,wide,,2
C_node6node25_wide_t3,915.69,B,C,wide,,3
C_node6node25_wide_t4,649.15,B,C,wide,,4
C_node6node25_wide_t5,460.19,B,C,wide,,5
C_node6node54_timber_t0,2832.0,B,C,timber,,0
C_node6node54_timber_t1,2384.47,B,C,timber,,1
C_node6node54_timber_t2,1690.39,B,C,timber,,2
C_node6node54_timber_t3,1198.35,B,C,timber,,3
C_node6node54_timber_t4,849.53,B,C,timber,,4
C_node6node54_timber_t5,602.25,B,C,timber,,5
C_node6node54_wide_t0,4246.0,B,C,wide,,0
C_node6node54_wide_t1,3575.02,B,C,wide,,1
C_node6node54_wide_t2,2534.4,B,C,wide,,2
C_node6node54_wide_t3,1796.68,B,C,wide,,3
C_node6node54_wide_t4,1273.7,B,C,wide,,4
C_node6node54_wide_t5,902.95,B,C,wide,,5
C_node6node96_timber_t0,0.0,B,C,timber,,0
C_node6node96_timber_t1,0.0,B,C,timber,,1
C_node6node96_timber_t2,0.0,B,C,timber,,2
C_node6node96_timber_t3,0.0,B,C,timber,,3
C_node6node96_timber_t4,0.0,B,C,timber,,4
C_node6node96_timber_t5,0.0,B,C,timber,,5
C_node6node96_wide_t0,0.0,B,C,wide,,0
C_node6node96_wide_t1,0.0,B,C,wide,,1
C_node6node96_wide_t2,0.0,B,C,wide,,2
C_node6node96_wide_t3,0.0,B,C,wide,,3
C_node6node96_wide_t4,0.0,B,C,wide,,4
C_node6node96_wide_t5,0.0,B,C,wide,,5
C_node6node102_timber_t0,0.0,B,C,timber,,0
C_node6node102_timber_t1,0.0,B,C,timber,,1
C_node6node102_timber_t2,0.0,B,C,timber,,2
C_node6node102_timber_t3,0.0,B,C,timber,,3
C_node6node102_timber_t4,0.0,B,C,timber,,4
C_node6node102_timber_t5,0.0,B,C,timber,,5
C_node6node102_wide_t0,0.0,B,C,wide,,0
C_node6node102_wide_t1,0.0,B,C,wide,,1
C_node6node102_wide_t2,0.0,B,C,wide,,2
C_node6node102_wide_t3,0.0,B,C,wide,,3
C_node6node102_wide_t4,0.0,B,C,wide,,4
C_node6node102_wide_t5,0.0,B,C,wide,,5
C_node6node108_timber_t0,0.0,B,C,timber,,0
C_node6node108_timber_t1,0.0,B,C,timber,,1
C_node6node108_timber_t2,0.0,B,C,timber,,2
C_node6node108_timber_t3,0.0,B,C,timber,,3
C_node6node108_timber_t4,0.0,B,C,timber,,4
C_node6node108_timber_t5,0.0,B,C,timber,,5
C_node6node108_wide_t0,0.0,B,C,wide,,0
C_node6node108_wide_t1,0.0,B,C,wide,,1
C_node6node108_wide_t2,0.0,B,C,wide,,2
C_node6node108_wide_t3,0.0,B,C,wide,,3
C_node6node108_wide_t4,0.0,B,C,wide,,4
C_node6node108_wide_t5,0.0,B,C,wide,,5
C_node7node23_timber_t0,2003.0,B,C,timber,,0
C_node7node23_timber_t1,1686.47,B,C,timber,,1
C_node7node23_timber_t2,1195.57,B,C,timber,,2
C_node7node23_timber_t3,847.56,B,C,timber,,3
C_node7node23_timber_t4,600.85,B,C,timber,,4
C_node7node23_timber_t5,425.96,B,C,timber,,5
C_node7node23_wide_t0,3006.0,B,C,wide,,0
C_node7node23_wide_t1,2530.97,B,C,wide,,1
C_node7node23_wide_t2,1794.25,B,C,wide,,2
C_node7node23_wide_t3,1271.98,B,C,wide,,3
C_node7node23_wide_t4,901.73,B,C,wide,,4
C_node7node23_wide_t5,639.25,B,C,wide,,5
C_node7node15_timber_t0,2117.0,B,C,timber,,0
C_node7node15_timber_t1,1782.46,B,C,timber,,1
C_node7node15_timber_t2,1263.62,B,C,timber,,2
C_node7node15_timber_t3,895.8,B,C,timber,,3
C_node7node15_timber_t4,635.05,B,C,timber,,4
C_node7node15_timber_t5,450.2,B,C,timber,,5
C_node7node15_wide_t0,3174.0,B,C,wide,,0
C_node7node15_wide_t1,2672.42,B,C,wide,,1
C_node7node15_wide_t2,1894.53,B,C,wide,,2
C_node7node15_wide_t3,1343.07,B,C,wide,,3
C_node7node15_wide_t4,952.13,B,C,wide,,4
C_node7node15_wide_t5,674.98,B,C,wide,,5
C_node7node34_timber_t0,7743.0,B,C,timber,,0
C_node7node34_timber_t1,6519.4,B,C,timber,,1
C_node7node34_timber_t2,4621.72,B,C,timber,,2
C_node7node34_timber_t3,3276.43,B,C,timber,,3
C_node7node34_timber_t4,2322.72,B,C,timber,,4
C_node7node34_timber_t5,1646.62,B,C,timber,,5
C_node7node34_wide_t0,11612.0,B,C,wide,,0
C_node7node34_wide_t1,9776.99,B,C,wide,,1
C_node7node34_wide_t2,6931.09,B,C,wide,,2
C_node7node34_wide_t3,4913.58,B,C,wide,,3
C_node7node34_wide_t4,3483.33,B,C,wide,,4
C_node7node34_wide_t5,2469.4,B,C,wide,,5
C_node7node105_timber_t0,0.0,B,C,timber,,0
C_node7node105_timber_t1,0.0,B,C,timber,,1
C_node7node105_timber_t2,0.0,B,C,timber,,2
C_node7node105_timber_t3,0.0,B,C,timber,,3
C_node7node105_timber_t4,0.0,B,C,timber,,4
C_node7node105_timber_t5,0.0,B,C,timber,,5
C_node7node105_wide_t0,0.0,B,C,wide,,0
C_node7node105_wide_t1,0.0,B,C,wide,,1
C_node7node105_wide_t2,0.0,B,C,wide,,2
C_node7node105_wide_t3,0.0,B,C,wide,,3
C_node7node105_wide_t4,0.0,B,C,wide,,4
C_node7node105_wide_t5,0.0,B,C,wide,,5
C_node7node106_timber_t0,0.0,B,C,timber,,0
C_node7node106_timber_t1,0.0,B,C,timber,,1
C_node7node106_timber_t2,0.0,B,C,timber,,2
C_node7node106_timber_t3,0.0,B,C,timber,,3
C_node7node106_timber_t4,0.0,B,C,timber,,4
C_node7node106_timber_t5,0.0,B,C,timber,,5
C_node7node106_wide_t0,0.0,B,C,wide,,0
C_node7node106_wide_t1,0.0,B,C,wide,,1
C_node7node106_wide_t2,0.0,B,C,wide,,2
C_node7node106_wide_t3,0.0,B,C,wide,,3
C_node7node106_wide_t4,0.0,B,C,wide,,4
C_node7node106_wide_t5,0.0,B,C,wide,,5
C_node8node51_timber_t0,460.0,B,C,timber,,0
C_node8node51_timber_t1,387.31,B,C,timber,,1
C_node8node51_timber_t2,274.57,B,C,timber,,2
C_node8node51_timber_t3,194.65,B,C,timber,,3
C_node8node51_timber_t4,137.99,B,C,timber,,4
C_node8node51_timber_t5,97.82,B,C,timber,,5
C_node8node51_wide_t0,689.0,B,C,wide,,0
C_node8node51_wide_t1,580.12,B,C,wide,,1
C_node8node51_wide_t2,411.26,B,C,wide,,2
C_node8node51_wide_t3,291.55,B,C,wide,,3
C_node8node51_wide_t4,206.68,B,C,wide,,4
C_node8node51_wide_t5,146.52,B,C,wide,,5
C_node8node30_timber_t0,1331.0,B,C,timber,,0
C_node8node30_timber_t1,1120.67,B,C,timber,,1
C_node8node30_timber_t2,794.46,B,C,timber,,2
C_node8node30_timber_t3,563.21,B,C,timber,,3
C_node8node30_timber_t4,399.27,B,C,timber,,4
C_node8node30_timber_t5,283.05,B,C,timber,,5
C_node8node30_wide_t0,1996.0,B,C,wide,,0
C_node8node30_wide_t1,1680.58,B,C,wide,,1
C_node8node30_wide_t2,1191.39,B,C,wide,,2
C_node8node30_wide_t3,844.6,B,C,wide,,3
C_node8node30_wide_t4,598.75,B,C,wide,,4
C_node8node30_wide_t5,424.47,B,C,wide,,5
C_node8node52_timber_t0,1734.0,B,C,timber,,0
C_node8node52_timber_t1,1459.98,B,C,timber,,1
C_node8node52_timber_t2,1035.01,B,C,timber,,2
C_node8node52_timber_t3,733.74,B,C,timber,,3
C_node8node52_timber_t4,520.16,B,C,timber,,4
C_node8node52_timber_t5,368.75,B,C,timber,,5
C_node8node52_wide_t0,2602.0,B,C,wide,,0
C_node8node52_wide_t1,2190.81,B,C,wide,,1
C_node8node52_wide_t2,1553.11,B,C,wide,,2
C_node8node52_wide_t3,1101.03,B,C,wide,,3
C_node8node52_wide_t4,780.54,B,C,wide,,4
C_node8node52_wide_t5,553.34,B,C,wide,,5
C_node8node107_timber_t0,0.0,B,C,timber,,0
C_node8node107_timber_t1,0.0,B,C,timber,,1
C_node8node107_timber_t2,0.0,B,C,timber,,2
C_node8node107_timber_t3,0.0,B,C,timber,,3
C_node8node107_timber_t4,0.0,B,C,timber,,4
C_node8node107_timber_t5,0.0,B,C,timber,,5
C_node8node107_wide_t0,0.0,B,C,wide,,0
C_node8node107_wide_t1,0.0,B,C,wide,,1
C_node8node107_wide_t2,0.0,B,C,wide,,2
C_node8node107_wide_t3,0.0,B,C,wide,,3
C_node8node107_wide_t4,0.0,B,C,wide,,4
C_node8node107_wide_t5,0.0,B,C,wide,,5
C_node8node109_timber_t0,0.0,B,C,timber,,0
C_node8node109_timber_t1,0.0,B,C,timber,,1
C_node8node109_timber_t2,0.0,B,C,timber,,2
C_node8node109_timber_t3,0.0,B,C,timber,,3
C_node8node109_timber_t4,0.0,B,C,timber,,4
C_node8node109_timber_t5,0.0,B,C,timber,,5
C_node8node109_wide_t0,0.0,B,C,wide,,0
C_node8node109_wide_t1,0.0,B,C,wide,,1
C_node8node109_wide_t2,0.0,B,C,wide,,2
C_node8node109_wide_t3,0.0,B,C,wide,,3
C_node8node109_wide_t4,0.0,B,C,wide,,4
C_node8node109_wide_t5,0.0,B,C,wide,,5
C_node9node33_timber_t0,423.0,B,C,timber,,0
C_node9node33_timber_t1,356.15,B,C,timber,,1
C_node9node33_timber_t2,252.48,B,C,timber,,2
C_node9node33_timber_t3,178.99,B,C,timber,,3
C_node9node33_timber_t4,126.89,B,C,timber,,4
C_node9node33_timber_t5,89.95,B,C,timber,,5
C_node9node33_wide_t0,635.0,B,C,wide,,0
C_node9node33_wide_t1,534.65,B,C,wide,,1
C_node9node33_wide_t2,379.03,B,C,wide,,2
C_node9node33_wide_t3,268.7,B,C,wide,,3
C_node9node33_wide_t4,190.49,B,C,wide,,4
C_node9node33_wide_t5,135.04,B,C,wide,,5
C_node9node34_timber_t0,2568.0,B,C,timber,,0
C_node9node34_timber_t1,2162.19,B,C,timber,,1
C_node9node34_timber_t2,1532.82,B,C,timber,,2
C_node9node34_timber_t3,1086.64,B,C,timber,,3
C_node9node34_timber_t4,770.34,B,C,timber,,4
C_node9node34_timber_t5,546.11,B,C,timber,,5
C_node9node34_wide_t0,3852.0,B,C,wide,,0
C_node9node34_wide_t1,3243.28,B,C,wide,,1
C_node9node34_wide_t2,2299.22,B,C,wide,,2
C_node9node34_wide_t3,1629.96,B,C,wide,,3
C_node9node34_wide_t4,1155.51,B,C,wide,,4
C_node9node34_wide_t5,819.16,B,C,wide,,5
C_node9node38_timber_t0,2663.0,B,C,timber,,0
C_node9node38_timber_t1,2242.17,B,C,timber,,1
C_node9node38_timber_t2,1589.52,B,C,timber,,2
C_node9node38_timber_t3,1126.84,B,C,timber,,3
C_node9node38_timber_t4,798.84,B,C,timber,,4
C_node9node38_timber_t5,566.31,B,C,timber,,5
C_node9node38_wide_t0,3996.0,B,C,wide,,0
C_node9node38_wide_t1,3364.52,B,C,wide,,1
C_node9node38_wide_t2,2385.17,B,C,wide,,2
C_node9node38_wide_t3,1690.9,B,C,wide,,3
C_node9node38_wide_t4,1198.71,B,C,wide,,4
C_node9node38_wide_t5,849.79,B,C,wide,,5
C_node9node111_timber_t0,0.0,B,C,timber,,0
C_node9node111_timber_t1,0.0,B,C,timber,,1
C_node9node111_timber_t2,0.0,B,C,timber,,2
C_node9node111_timber_t3,0.0,B,C,timber,,3
C_node9node111_timber_t4,0.0,B,C,timber,,4
C_node9node111_timber_t5,0.0,B,C,timber,,5
C_node9node111_wide_t0,0.0,B,C,wide,,0
C_node9node111_wide_t1,0.0,B,C,wide,,1
C_node9node111_wide_t2,0.0,B,C,wide,,2
C_node9node111_wide_t3,0.0,B,C,wide,,3
C_node9node111_wide_t4,0.0,B,C,wide,,4
C_node9node111_wide_t5,0.0,B,C,wide,,5
C_node9node113_timber_t0,0.0,B,C,timber,,0
C_node9node113_timber_t1,0.0,B,C,timber,,1
C_node9node113_timber_t2,0.0,B,C,timber,,2
C_node9node113_timber_t3,0.0,B,C,timber,,3
C_node9node113_timber_t4,0.0,B,C,timber,,4
C_node9node113_timber_t5,0.0,B,C,timber,,5
C_node9node113_wide_t0,0.0,B,C,wide,,0
C_node9node113_wide_t1,0.0,B,C,wide,,1
C_node9node113_wide_t2,0.0,B,C,wide,,2
C_node9node113_wide_t3,0.0,B,C,wide,,3
C_node9node113_wide_t4,0.0,B,C,wide,,4
C_node9node113_wide_t5,0.0,B,C,wide,,5
C_node10node87_timber_t0,120.0,B,C,timber,,0
C_node10node87_timber_t1,101.04,B,C,timber,,1
C_node10node87_timber_t2,71.63,B,C,timber,,2
C_node10node87_timber_t3,50.78,B,C,timber,,3
C_node10node87_timber_t4,36.0,B,C,timber,,4
C_node10node87_timber_t5,25.52,B,C,timber,,5
C_node10node87_wide_t0,180.0,B,C,wide,,0
C_node10node87_wide_t1,151.56,B,C,wide,,1
C_node10node87_wide_t2,107.44,B,C,wide,,2
C_node10node87_wide_t3,76.17,B,C,wide,,3
C_node10node87_wide_t4,54.0,B,C,wide,,4
C_node10node87_wide_t5,38.28,B,C,wide,,5
C_node10node85_timber_t0,243.0,B,C,timber,,0
C_node10node85_timber_t1,204.6,B,C,timber,,1
C_node10node85_timber_t2,145.04,B,C,timber,,2
C_node10node85_timber_t3,102.82,B,C,timber,,3
C_node10node85_timber_t4,72.89,B,C,timber,,4
C_node10node85_timber_t5,51.68,B,C,timber,,5
C_node10node85_wide_t0,365.0,B,C,wide,,0
C_node10node85_wide_t1,307.32,B,C,wide,,1
C_node10node85_wide_t2,217.87,B,C,wide,,2
C_node10node85_wide_t3,154.45,B,C,wide,,3
C_node10node85_wide_t4,109.49,B,C,wide,,4
C_node10node85_wide_t5,77.62,B,C,wide,,5
C_node10node33_timber_t0,2247.0,B,C,timber,,0
C_node10node33_timber_t1,1891.91,B,C,timber,,1
C_node10node33_timber_t2,1341.21,B,C,timber,,2
C_node10node33_timber_t3,950.81,B,C,timber,,3
C_node10node33_timber_t4,674.05,B,C,timber,,4
C_node10node33_timber_t5,477.85,B,C,timber,,5
C_node10node33_wide_t0,3369.0,B,C,wide,,0
C_node10node33_wide_t1,2836.61,B,C,wide,,1
C_node10node33_wide_t2,2010.92,B,C,wide,,2
C_node10node33_wide_t3,1425.58,B,C,wide,,3
C_node10node33_wide_t4,1010.62,B,C,wide,,4
C_node10node33_wide_t5,716.45,B,C,wide,,5
C_node10node109_timber_t0,0.0,B,C,timber,,0
C_node10node109_timber_t1,0.0,B,C,timber,,1
C_node10node109_timber_t2,0.0,B,C,timber,,2
C_node10node109_timber_t3,0.0,B,C,timber,,3
C_node10node109_timber_t4,0.0,B,C,timber,,4
C_node10node109_timber_t5,0.0,B,C,timber,,5
C_node10node109_wide_t0,0.0,B,C,wide,,0
C_node10node109_wide_t1,0.0,B,C,wide,,1
C_node10node109_wide_t2,0.0,B,C,wide,,2
C_node10node109_wide_t3,0.0,B,C,wide,,3
C_node10node109_wide_t4,0.0,B,C,wide,,4
C_node10node109_wide_t5,0.0,B,C,wide,,5
C_node10node111_timber_t0,0.0,B,C,timber,,0
C_node10node111_timber_t1,0.0,B,C,timber,,1
C_node10node111_timber_t2,0.0,B,C,timber,,2
C_node10node111_timber_t3,0.0,B,C,timber,,3
C_node10node111_timber_t4,0.0,B,C,timber,,4
C_node10node111_timber_t5,0.0,B,C,timber,,5
C_node10node111_wide_t0,0.0,B,C,wide,,0
C_node10node111_wide_t1,0.0,B,C,wide,,1
C_node10node111_wide_t2,0.0,B,C,wide,,2
C_node10node111_wide_t3,0.0,B,C,wide,,3
C_node10node111_wide_t4,0.0,B,C,wide,,4
C_node10node111_wide_t5,0.0,B,C,wide,,5
C_node10node112_timber_t0,0.0,B,C,timber,,0
C_node10node112_timber_t1,0.0,B,C,timber,,1
C_node10node112_timber_t2,0.0,B,C,timber,,2
C_node10node112_timber_t3,0.0,B,C,timber,,3
C_node10node112_timber_t4,0.0,B,C,timber,,4
C_node10node112_timber_t5,0.0,B,C,timber,,5
C_node10node112_wide_t0,0.0,B,C,wide,,0
C_node10node112_wide_t1,0.0,B,C,wide,,1
C_node10node112_wide_t2,0.0,B,C,wide,,2
C_node10node112_wide_t3,0.0,B,C,wide,,3
C_node10node112_wide_t4,0.0,B,C,wide,,4
C_node10node112_wide_t5,0.0,B,C,wide,,5
C_node11node78_timber_t0,61.0,B,C,timber,,0
C_node11node78_timber_t1,51.36,B,C,timber,,1
C_node11node78_timber_t2,36.41,B,C,timber,,2
C_node11node78_timber_t3,25.81,B,C,timber,,3
C_node11node78_timber_t4,18.3,B,C,timber,,4
C_node11node78_timber_t5,12.97,B,C,timber,,5
C_node11node78_wide_t0,92.0,B,C,wide,,0
C_node11node78_wide_t1,77.46,B,C,wide,,1
C_node11node78_wide_t2,54.91,B,C,wide,,2
C_node11node78_wide_t3,38.93,B,C,wide,,3
C_node11node78_wide_t4,27.6,B,C,wide,,4
C_node11node78_wide_t5,19.56,B,C,wide,,5
C_node11node75_timber_t0,1125.0,B,C,timber,,0
C_node11node75_timber_t1,947.22,B,C,timber,,1
C_node11node75_timber_t2,671.5,B,C,timber,,2
C_node11node75_timber_t3,476.04,B,C,timber,,3
C_node11node75_timber_t4,337.47,B,C,timber,,4
C_node11node75_timber_t5,239.24,B,C,timber,,5
C_node11node75_wide_t0,1689.0,B,C,wide,,0
C_node11node75_wide_t1,1422.09,B,C,wide,,1
C_node11node75_wide_t2,1008.15,B,C,wide,,2
C_node11node75_wide_t3,714.7,B,C,wide,,3
C_node11node75_wide_t4,506.66,B,C,wide,,4
C_node11node75_wide_t5,359.18,B,C,wide,,5
C_node11node99_timber_t0,0.0,B,C,timber,,0
C_node11node99_timber_t1,0.0,B,C,timber,,1
C_node11node99_timber_t2,0.0,B,C,timber,,2
C_node11node99_timber_t3,0.0,B,C,timber,,3
C_node11node99_timber_t4,0.0,B,C,timber,,4
C_node11node99_timber_t5,0.0,B,C,timber,,5
C_node11node99_wide_t0,0.0,B,C,wide,,0
C_node11node99_wide_t1,0.0,B,C,wide,,1
C_node11node99_wide_t2,0.0,B,C,wide,,2
C_node11node99_wide_t3,0.0,B,C,wide,,3
C_node11node99_wide_t4,0.0,B,C,wide,,4
C_node11node99_wide_t5,0.0,B,C,wide,,5
C_node11node100_timber_t0,0.0,B,C,timber,,0
C_node11node100_timber_t1,0.0,B,C,timber,,1
C_node11node100_timber_t2,0.0,B,C,timber,,2
C_node11node100_timber_t3,0.0,B,C,timber,,3
C_node11node100_timber_t4,0.0,B,C,timber,,4
C_node11node100_timber_t5,0.0,B,C,timber,,5
C_node11node100_wide_t0,0.0,B,C,wide,,0
C_node11node100_wide_t1,0.0,B,C,wide,,1
C_node11node100_wide_t2,0.0,B,C,wide,,2
C_node11node100_wide_t3,0.0,B,C,wide,,3
C_node11node100_wide_t4,0.0,B,C,wide,,4
C_node11node100_wide_t5,0.0,B,C,wide,,5
C_node12node47_timber_t0,115.0,B,C,timber,,0
C_node12node47_timber_t1,96.83,B,C,timber,,1
C_node12node47_timber_t2,68.64,B,C,timber,,2
C_node12node47_timber_t3,48.66,B,C,timber,,3
C_node12node47_timber_t4,34.5,B,C,timber,,4
C_node12node47_timber_t5,24.46,B,C,timber,,5
C_node12node47_wide_t0,172.0,B,C,wide,,0
C_node12node47_wide_t1,144.82,B,C,wide,,1
C_node12node47_wide_t2,102.67,B,C,wide,,2
C_node12node47_wide_t3,72.78,B,C,wide,,3
C_node12node47_wide_t4,51.6,B,C,wide,,4
C_node12node47_wide_t5,36.58,B,C,wide,,5
C_node12node35_timber_t0,188.0,B,C,timber,,0
C_node12node35_timber_t1,158.29,B,C,timber,,1
C_node12node35_timber_t2,112.22,B,C,timber,,2
C_node12node35_timber_t3,79.55,B,C,timber,,3
C_node12node35_timber_t4,56.4,B,C,timber,,4
C_node12node35_timber_t5,39.98,B,C,timber,,5
C_node12node35_wide_t0,282.0,B,C,wide,,0
C_node12node35_wide_t1,237.44,B,C,wide,,1
C_node12node35_wide_t2,168.32,B,C,wide,,2
C_node12node35_wide_t3,119.33,B,C,wide,,3
C_node12node35_wide_t4,84.59,B,C,wide,,4
C_node12node35_wide_t5,59.97,B,C,wide,,5
C_node12node114_timber_t0,0.0,B,C,timber,,0
C_node12node114_timber_t1,0.0,B,C,timber,,1
C_node12node114_timber_t2,0.0,B,C,timber,,2
C_node12node114_timber_t3,0.0,B,C,timber,,3
C_node12node114_timber_t4,0.0,B,C,timber,,4
C_node12node114_timber_t5,0.0,B,C,timber,,5
C_node12node114_wide_t0,0.0,B,C,wide,,0
C_node12node114_wide_t1,0.0,B,C,wide,,1
C_node12node114_wide_t2,0.0,B,C,wide,,2
C_node12node114_wide_t3,0.0,B,C,wide,,3
C_node12node114_wide_t4,0.0,B,C,wide,,4
C_node12node114_wide_t5,0.0,B,C,wide,,5
C_node13node46_timber_t0,624.0,B,C,timber,,0
C_node13node46_timber_t1,525.39,B,C,timber,,1
C_node13node46_timber_t2,372.46,B,C,timber,,2
C_node13node46_timber_t3,264.04,B,C,timber,,3
C_node13node46_timber_t4,187.19,B,C,timber,,4
C_node13node46_timber_t5,132.7,B,C,timber,,5
C_node13node46_wide_t0,936.0,B,C,wide,,0
C_node13node46_wide_t1,788.09,B,C,wide,,1
C_node13node46_wide_t2,558.69,B,C,wide,,2
C_node13node46_wide_t3,396.07,B,C,wide,,3
C_node13node46_wide_t4,280.78,B,C,wide,,4
C_node13node46_wide_t5,199.05,B,C,wide,,5
C_node13node25_timber_t0,2505.0,B,C,timber,,0
C_node13node25_timber_t1,2109.14,B,C,timber,,1
C_node13node25_timber_t2,1495.21,B,C,timber,,2
C_node13node25_timber_t3,1059.98,B,C,timber,,3
C_node13node25_timber_t4,751.44,B,C,timber,,4
C_node13node25_timber_t5,532.71,B,C,timber,,5
C_node13node25_wide_t0,3758.0,B,C,wide,,0
C_node13node25_wide_t1,3164.14,B,C,wide,,1
C_node13node25_wide_t2,2243.11,B,C,wide,,2
C_node13node25_wide_t3,1590.19,B,C,wide,,3
C_node13node25_wide_t4,1127.31,B,C,wide,,4
C_node13node25_wide_t5,799.17,B,C,wide,,5
C_node13node49_timber_t0,4013.0,B,C,timber,,0
C_node13node49_timber_t1,3378.84,B,C,timber,,1
C_node13node49_timber_t2,2395.32,B,C,timber,,2
C_node13node49_timber_t3,1698.09,B,C,timber,,3
C_node13node49_timber_t4,1203.81,B,C,timber,,4
C_node13node49_timber_t5,853.4,B,C,timber,,5
C_node13node49_wide_t0,6019.0,B,C,wide,,0
C_node13node49_wide_t1,5067.84,B,C,wide,,1
C_node13node49_wide_t2,3592.68,B,C,wide,,2
C_node13node49_wide_t3,2546.92,B,C,wide,,3
C_node13node49_wide_t4,1805.56,B,C,wide,,4
C_node13node49_wide_t5,1280.0,B,C,wide,,5
C_node13node36_timber_t0,2639.0,B,C,timber,,0
C_node13node36_timber_t1,2221.97,B,C,timber,,1
C_node13node36_timber_t2,1575.19,B,C,timber,,2
C_node13node36_timber_t3,1116.68,B,C,timber,,3
C_node13node36_timber_t4,791.64,B,C,timber,,4
C_node13node36_timber_t5,561.21,B,C,timber,,5
C_node13node36_wide_t0,3957.0,B,C,wide,,0
C_node13node36_wide_t1,3331.69,B,C,wide,,1
C_node13node36_wide_t2,2361.9,B,C,wide,,2
C_node13node36_wide_t3,1674.39,B,C,wide,,3
C_node13node36_wide_t4,1187.01,B,C,wide,,4
C_node13node36_wide_t5,841.49,B,C,wide,,5
C_node13node95_timber_t0,0.0,B,C,timber,,0
C_node13node95_timber_t1,0.0,B,C,timber,,1
C_node13node95_timber_t2,0.0,B,C,timber,,2
C_node13node95_timber_t3,0.0,B,C,timber,,3
C_node13node95_timber_t4,0.0,B,C,timber,,4
C_node13node95_timber_t5,0.0,B,C,timber,,5
C_node13node95_wide_t0,0.0,B,C,wide,,0
C_node13node95_wide_t1,0.0,B,C,wide,,1
C_node13node95_wide_t2,0.0,B,C,wide,,2
C_node13node95_wide_t3,0.0,B,C,wide,,3
C_node13node95_wide_t4,0.0,B,C,wide,,4
C_node13node95_wide_t5,0.0,B,C,wide,,5
C_node13node97_timber_t0,0.0,B,C,timber,,0
C_node13node97_timber_t1,0.0,B,C,timber,,1
C_node13node97_timber_t2,0.0,B,C,timber,,2
C_node13node97_timber_t3,0.0,B,C,timber,,3
C_node13node97_timber_t4,0.0,B,C,timber,,4
C_node13node97_timber_t5,0.0,B,C,timber,,5
C_node13node97_wide_t0,0.0,B,C,wide,,0
C_node13node97_wide_t1,0.0,B,C,wide,,1
C_node13node97_wide_t2,0.0,B,C,wide,,2
C_node13node97_wide_t3,0.0,B,C,wide,,3
C_node13node97_wide_t4,0.0,B,C,wide,,4
C_node13node97_wide_t5,0.0,B,C,wide,,5
C_node13node107_timber_t0,0.0,B,C,timber,,0
C_node13node107_timber_t1,0.0,B,C,timber,,1
C_node13node107_timber_t2,0.0,B,C,timber,,2
C_node13node107_timber_t3,0.0,B,C,timber,,3
C_node13node107_timber_t4,0.0,B,C,timber,,4
C_node13node107_timber_t5,0.0,B,C,timber,,5
C_node13node107_wide_t0,0.0,B,C,wide,,0
C_node13node107_wide_t1,0.0,B,C,wide,,1
C_node13node107_wide_t2,0.0,B,C,wide,,2
C_node13node107_wide_t3,0.0,B,C,wide,,3
C_node13node107_wide_t4,0.0,B,C,wide,,4
C_node13node107_wide_t5,0.0,B,C,wide,,5
C_node13node108_timber_t0,0.0,B,C,timber,,0
C_node13node108_timber_t1,0.0,B,C,timber,,1
C_node13node108_timber_t2,0.0,B,C,timber,,2
C_node13node108_timber_t3,0.0,B,C,timber,,3
C_node13node108_timber_t4,0.0,B,C,timber,,4
C_node13node108_timber_t5,0.0,B,C,timber,,5
C_node13node108_wide_t0,0.0,B,C,wide,,0
C_node13node108_wide_t1,0.0,B,C,wide,,1
C_node13node108_wide_t2,0.0,B,C,wide,,2
C_node13node108_wide_t3,0.0,B,C,wide,,3
C_node13node108_wide_t4,0.0,B,C,wide,,4
C_node13node108_wide_t5,0.0,B,C,wide,,5
C_node14node89_timber_t0,648.0,B,C,timber,,0
C_node14node89_timber_t1,545.6,B,C,timber,,1
C_node14node89_timber_t2,386.79,B,C,timber,,2
C_node14node89_timber_t3,274.2,B,C,timber,,3
C_node14node89_timber_t4,194.39,B,C,timber,,4
C_node14node89_timber_t5,137.8,B,C,timber,,5
C_node14node89_wide_t0,972.0,B,C,wide,,0
C_node14node89_wide_t1,818.4,B,C,wide,,1
C_node14node89_wide_t2,580.18,B,C,wide,,2
C_node14node89_wide_t3,411.3,B,C,wide,,3
C_node14node89_wide_t4,291.58,B,C,wide,,4
C_node14node89_wide_t5,206.7,B,C,wide,,5
C_node14node51_timber_t0,1906.0,B,C,timber,,0
C_node14node51_timber_t1,1604.8,B,C,timber,,1
C_node14node51_timber_t2,1137.67,B,C,timber,,2
C_node14node51_timber_t3,806.52,B,C,timber,,3
C_node14node51_timber_t4,571.76,B,C,timber,,4
C_node14node51_timber_t5,405.33,B,C,timber,,5
C_node14node51_wide_t0,2861.0,B,C,wide,,0
C_node14node51_wide_t1,2408.89,B,C,wide,,1
C_node14node51_wide_t2,1707.7,B,C,wide,,2
C_node14node51_wide_t3,1210.62,B,C,wide,,3
C_node14node51_wide_t4,858.23,B,C,wide,,4
C_node14node51_wide_t5,608.42,B,C,wide,,5
C_node14node19_timber_t0,2004.0,B,C,timber,,0
C_node14node19_timber_t1,1687.31,B,C,timber,,1
C_node14node19_timber_t2,1196.17,B,C,timber,,2
C_node14node19_timber_t3,847.99,B,C,timber,,3
C_node14node19_timber_t4,601.15,B,C,timber,,4
C_node14node19_timber_t5,426.17,B,C,timber,,5
C_node14node19_wide_t0,3005.0,B,C,wide,,0
C_node14node19_wide_t1,2530.13,B,C,wide,,1
C_node14node19_wide_t2,1793.66,B,C,wide,,2
C_node14node19_wide_t3,1271.56,B,C,wide,,3
C_node14node19_wide_t4,901.43,B,C,wide,,4
C_node14node19_wide_t5,639.04,B,C,wide,,5
C_node14node112_timber_t0,0.0,B,C,timber,,0
C_node14node112_timber_t1,0.0,B,C,timber,,1
C_node14node112_timber_t2,0.0,B,C,timber,,2
C_node14node112_timber_t3,0.0,B,C,timber,,3
C_node14node112_timber_t4,0.0,B,C,timber,,4
C_node14node112_timber_t5,0.0,B,C,timber,,5
C_node14node112_wide_t0,0.0,B,C,wide,,0
C_node14node112_wide_t1,0.0,B,C,wide,,1
C_node14node112_wide_t2,0.0,B,C,wide,,2
C_node14node112_wide_t3,0.0,B,C,wide,,3
C_node14node112_wide_t4,0.0,B,C,wide,,4
C_node14node112_wide_t5,0.0,B,C,wide,,5
C_node14node114_timber_t0,0.0,B,C,timber,,0
C_node14node114_timber_t1,0.0,B,C,timber,,1
C_node14node114_timber_t2,0.0,B,C,timber,,2
C_node14node114_timber_t3,0.0,B,C,timber,,3
C_node14node114_timber_t4,0.0,B,C,timber,,4
C_node14node114_timber_t5,0.0,B,C,timber,,5
C_node14node114_wide_t0,0.0,B,C,wide,,0
C_node14node114_wide_t1,0.0,B,C,wide,,1
C_node14node114_wide_t2,0.0,B,C,wide,,2
C_node14node114_wide_t3,0.0,B,C,wide,,3
C_node14node114_wide_t4,0.0,B,C,wide,,4
C_node14node114_wide_t5,0.0,B,C,wide,,5
C_node15node55_timber_t0,1191.0,B,C,timber,,0
C_node15node55_timber_t1,1002.79,B,C,timber,,1
C_node15node55_timber_t2,710.9,B,C,timber,,2
C_node15node55_timber_t3,503.97,B,C,timber,,3
C_node15node55_timber_t4,357.27,B,C,timber,,4
C_node15node55_timber_t5,253.28,B,C,timber,,5
C_node15node55_wide_t0,1785.0,B,C,wide,,0
C_node15node55_wide_t1,1502.92,B,C,wide,,1
C_node15node55_wide_t2,1065.45,B,C,wide,,2
C_node15node55_wide_t3,755.32,B,C,wide,,3
C_node15node55_wide_t4,535.46,B,C,wide,,4
C_node15node55_wide_t5,379.6,B,C,wide,,5
C_node15node34_timber_t0,2825.0,B,C,timber,,0
C_node15node34_timber_t1,2378.57,B,C,timber,,1
C_node15node34_timber_t2,1686.22,B,C,timber,,2
C_node15node34_timber_t3,1195.39,B,C,timber,,3
C_node15node34_timber_t4,847.43,B,C,timber,,4
C_node15node34_timber_t5,600.76,B,C,timber,,5
C_node15node34_wide_t0,4238.0,B,C,wide,,0
C_node15node34_wide_t1,3568.28,B,C,wide,,1
C_node15node34_wide_t2,2529.62,B,C,wide,,2
C_node15node34_wide_t3,1793.3,B,C,wide,,3
C_node15node34_wide_t4,1271.3,B,C,wide,,4
C_node15node34_wide_t5,901.25,B,C,wide,,5
C_node15node23_timber_t0,1856.0,B,C,timber,,0
C_node15node23_timber_t1,1562.7,B,C,timber,,1
C_node15node23_timber_t2,1107.83,B,C,timber,,2
C_node15node23_timber_t3,785.36,B,C,timber,,3
C_node15node23_timber_t4,556.76,B,C,timber,,4
C_node15node23_timber_t5,394.7,B,C,timber,,5
C_node15node23_wide_t0,2784.0,B,C,wide,,0
C_node15node23_wide_t1,2344.05,B,C,wide,,1
C_node15node23_wide_t2,1661.74,B,C,wide,,2
C_node15node23_wide_t3,1178.04,B,C,wide,,3
C_node15node23_wide_t4,835.14,B,C,wide,,4
C_node15node23_wide_t5,592.04,B,C,wide,,5
C_node15node104_timber_t0,0.0,B,C,timber,,0
C_node15node104_timber_t1,0.0,B,C,timber,,1
C_node15node104_timber_t2,0.0,B,C,timber,,2
C_node15node104_timber_t3,0.0,B,C,timber,,3
C_node15node104_timber_t4,0.0,B,C,timber,,4
C_node15node104_timber_t5,0.0,B,C,timber,,5
C_node15node104_wide_t0,0.0,B,C,wide,,0
C_node15node104_wide_t1,0.0,B,C,wide,,1
C_node15node104_wide_t2,0.0,B,C,wide,,2
C_node15node104_wide_t3,0.0,B,C,wide,,3
C_node15node104_wide_t4,0.0,B,C,wide,,4
C_node15node104_wide_t5,0.0,B,C,wide,,5
C_node15node105_timber_t0,0.0,B,C,timber,,0
C_node15node105_timber_t1,0.0,B,C,timber,,1
C_node15node105_timber_t2,0.0,B,C,timber,,2
C_node15node105_timber_t3,0.0,B,C,timber,,3
C_node15node105_timber_t4,0.0,B,C,timber,,4
C_node15node105_timber_t5,0.0,B,C,timber,,5
C_node15node105_wide_t0,0.0,B,C,wide,,0
C_node15node105_wide_t1,0.0,B,C,wide,,1
C_node15node105_wide_t2,0.0,B,C,wide,,2
C_node15node105_wide_t3,0.0,B,C,wide,,3
C_node15node105_wide_t4,0.0,B,C,wide,,4
C_node15node105_wide_t5,0.0,B,C,wide,,5
C_node15node106_timber_t0,0.0,B,C,timber,,0
C_node15node106_timber_t1,0.0,B,C,timber,,1
C_node15node106_timber_t2,0.0,B,C,timber,,2
C_node15node106_timber_t3,0.0,B,C,timber,,3
C_node15node106_timber_t4,0.0,B,C,timber,,4
C_node15node106_timber_t5,0.0,B,C,timber,,5
C_node15node106_wide_t0,0.0,B,C,wide,,0
C_node15node106_wide_t1,0.0,B,C,wide,,1
C_node15node106_wide_t2,0.0,B,C,wide,,2
C_node15node106_wide_t3,0.0,B,C,wide,,3
C_node15node106_wide_t4,0.0,B,C,wide,,4
C_node15node106_wide_t5,0.0,B,C,wide,,5
C_node15node110_timber_t0,0.0,B,C,timber,,0
C_node15node110_timber_t1,0.0,B,C,timber,,1
C_node15node110_timber_t2,0.0,B,C,timber,,2
C_node15node110_timber_t3,0.0,B,C,timber,,3
C_node15node110_timber_t4,0.0,B,C,timber,,4
C_node15node110_timber_t5,0.0,B,C,timber,,5
C_node15node110_wide_t0,0.0,B,C,wide,,0
C_node15node110_wide_t1,0.0,B,C,wide,,1
C_node15node110_wide_t2,0.0,B,C,wide,,2
C_node15node110_wide_t3,0.0,B,C,wide,,3
C_node15node110_wide_t4,0.0,B,C,wide,,4
C_node15node110_wide_t5,0.0,B,C,wide,,5
C_node16node55_timber_t0,623.0,B,C,timber,,0
C_node16node55_timber_t1,524.55,B,C,timber,,1
C_node16node55_timber_t2,371.86,B,C,timber,,2
C_node16node55_timber_t3,263.62,B,C,timber,,3
C_node16node55_timber_t4,186.89,B,C,timber,,4
C_node16node55_timber_t5,132.49,B,C,timber,,5
C_node16node55_wide_t0,934.0,B,C,wide,,0
C_node16node55_wide_t1,786.4,B,C,wide,,1
C_node16node55_wide_t2,557.5,B,C,wide,,2
C_node16node55_wide_t3,395.22,B,C,wide,,3
C_node16node55_wide_t4,280.18,B,C,wide,,4
C_node16node55_wide_t5,198.62,B,C,wide,,5
C_node16node17_timber_t0,2137.0,B,C,timber,,0
C_node16node17_timber_t1,1799.3,B,C,timber,,1
C_node16node17_timber_t2,1275.56,B,C,timber,,2
C_node16node17_timber_t3,904.27,B,C,timber,,3
C_node16node17_timber_t4,641.05,B,C,timber,,4
C_node16node17_timber_t5,454.45,B,C,timber,,5
C_node16node17_wide_t0,3205.0,B,C,wide,,0
C_node16node17_wide_t1,2698.52,B,C,wide,,1
C_node16node17_wide_t2,1913.03,B,C,wide,,2
C_node16node17_wide_t3,1356.19,B,C,wide,,3
C_node16node17_wide_t4,961.43,B,C,wide,,4
C_node16node17_wide_t5,681.57,B,C,wide,,5
C_node16node22_timber_t0,2255.0,B,C,timber,,0
C_node16node22_timber_t1,1898.65,B,C,timber,,1
C_node16node22_timber_t2,1345.99,B,C,timber,,2
C_node16node22_timber_t3,954.2,B,C,timber,,3
C_node16node22_timber_t4,676.45,B,C,timber,,4
C_node16node22_timber_t5,479.55,B,C,timber,,5
C_node16node22_wide_t0,3383.0,B,C,wide,,0
C_node16node22_wide_t1,2848.4,B,C,wide,,1
C_node16node22_wide_t2,2019.28,B,C,wide,,2
C_node16node22_wide_t3,1431.51,B,C,wide,,3
C_node16node22_wide_t4,1014.82,B,C,wide,,4
C_node16node22_wide_t5,719.43,B,C,wide,,5
C_node16node102_timber_t0,0.0,B,C,timber,,0
C_node16node102_timber_t1,0.0,B,C,timber,,1
C_node16node102_timber_t2,0.0,B,C,timber,,2
C_node16node102_timber_t3,0.0,B,C,timber,,3
C_node16node102_timber_t4,0.0,B,C,timber,,4
C_node16node102_timber_t5,0.0,B,C,timber,,5
C_node16node102_wide_t0,0.0,B,C,wide,,0
C_node16node102_wide_t1,0.0,B,C,wide,,1
C_node16node102_wide_t2,0.0,B,C,wide,,2
C_node16node102_wide_t3,0.0,B,C,wide,,3
C_node16node102_wide_t4,0.0,B,C,wide,,4
C_node16node102_wide_t5,0.0,B,C,wide,,5
C_node16node103_timber_t0,0.0,B,C,timber,,0
C_node16node103_timber_t1,0.0,B,C,timber,,1
C_node16node103_timber_t2,0.0,B,C,timber,,2
C_node16node103_timber_t3,0.0,B,C,timber,,3
C_node16node103_timber_t4,0.0,B,C,timber,,4
C_node16node103_timber_t5,0.0,B,C,timber,,5
C_node16node103_wide_t0,0.0,B,C,wide,,0
C_node16node103_wide_t1,0.0,B,C,wide,,1
C_node16node103_wide_t2,0.0,B,C,wide,,2
C_node16node103_wide_t3,0.0,B,C,wide,,3
C_node16node103_wide_t4,0.0,B,C,wide,,4
C_node16node103_wide_t5,0.0,B,C,wide,,5
C_node16node110_timber_t0,0.0,B,C,timber,,0
C_node16node110_timber_t1,0.0,B,C,timber,,1
C_node16node110_timber_t2,0.0,B,C,timber,,2
C_node16node110_timber_t3,0.0,B,C,timber,,3
C_node16node110_timber_t4,0.0,B,C,timber,,4
C_node16node110_timber_t5,0.0,B,C,timber,,5
C_node16node110_wide_t0,0.0,B,C,wide,,0
C_node16node110_wide_t1,0.0,B,C,wide,,1
C_node16node110_wide_t2,0.0,B,C,wide,,2
C_node16node110_wide_t3,0.0,B,C,wide,,3
C_node16node110_wide_t4,0.0,B,C,wide,,4
C_node16node110_wide_t5,0.0,B,C,wide,,5
C_node17node54_timber_t0,658.0,B,C,timber,,0
C_node17node54_timber_t1,554.02,B,C,timber,,1
C_node17node54_timber_t2,392.75,B,C,timber,,2
C_node17node54_timber_t3,278.43,B,C,timber,,3
C_node17node54_timber_t4,197.38,B,C,timber,,4
C_node17node54_timber_t5,139.93,B,C,timber,,5
C_node17node54_wide_t0,988.0,B,C,wide,,0
C_node17node54_wide_t1,831.87,B,C,wide,,1
C_node17node54_wide_t2,589.73,B,C,wide,,2
C_node17node54_wide_t3,418.07,B,C,wide,,3
C_node17node54_wide_t4,296.38,B,C,wide,,4
C_node17node54_wide_t5,210.11,B,C,wide,,5
C_node17node40_timber_t0,516.0,B,C,timber,,0
C_node17node40_timber_t1,434.46,B,C,timber,,1
C_node17node40_timber_t2,308.0,B,C,timber,,2
C_node17node40_timber_t3,218.34,B,C,timber,,3
C_node17node40_timber_t4,154.79,B,C,timber,,4
C_node17node40_timber_t5,109.73,B,C,timber,,5
C_node17node40_wide_t0,773.0,B,C,wide,,0
C_node17node40_wide_t1,650.85,B,C,wide,,1
C_node17node40_wide_t2,461.4,B,C,wide,,2
C_node17node40_wide_t3,327.09,B,C,wide,,3
C_node17node40_wide_t4,231.88,B,C,wide,,4
C_node17node40_wide_t5,164.39,B,C,wide,,5
C_node17node102_timber_t0,0.0,B,C,timber,,0
C_node17node102_timber_t1,0.0,B,C,timber,,1
C_node17node102_timber_t2,0.0,B,C,timber,,2
C_node17node102_timber_t3,0.0,B,C,timber,,3
C_node17node102_timber_t4,0.0,B,C,timber,,4
C_node17node102_timber_t5,0.0,B,C,timber,,5
C_node17node102_wide_t0,0.0,B,C,wide,,0
C_node17node102_wide_t1,0.0,B,C,wide,,1
C_node17node102_wide_t2,0.0,B,C,wide,,2
C_node17node102_wide_t3,0.0,B,C,wide,,3
C_node17node102_wide_t4,0.0,B,C,wide,,4
C_node17node102_wide_t5,0.0,B,C,wide,,5
C_node17node103_timber_t0,0.0,B,C,timber,,0
C_node17node103_timber_t1,0.0,B,C,timber,,1
C_node17node103_timber_t2,0.0,B,C,timber,,2
C_node17node103_timber_t3,0.0,B,C,timber,,3
C_node17node103_timber_t4,0.0,B,C,timber,,4
C_node17node103_timber_t5,0.0,B,C,timber,,5
C_node17node103_wide_t0,0.0,B,C,wide,,0
C_node17node103_wide_t1,0.0,B,C,wide,,1
C_node17node103_wide_t2,0.0,B,C,wide,,2
C_node17node103_wide_t3,0.0,B,C,wide,,3
C_node17node103_wide_t4,0.0,B,C,wide,,4
C_node17node103_wide_t5,0.0,B,C,wide,,5
C_node18node32_timber_t0,848.0,B,C,timber,,0
C_node18node32_timber_t1,713.99,B,C,timber,,1
C_node18node32_timber_t2,506.16,B,C,timber,,2
C_node18node32_timber_t3,358.83,B,C,timber,,3
C_node18node32_timber_t4,254.38,B,C,timber,,4
C_node18node32_timber_t5,180.34,B,C,timber,,5
C_node18node32_wide_t0,1273.0,B,C,wide,,0
C_node18node32_wide_t1,1071.83,B,C,wide,,1
C_node18node32_wide_t2,759.84,B,C,wide,,2
C_node18node32_wide_t3,538.67,B,C,wide,,3
C_node18node32_wide_t4,381.87,B,C,wide,,4
C_node18node32_wide_t5,270.72,B,C,wide,,5
C_node18node20_timber_t0,2364.0,B,C,timber,,0
C_node18node20_timber_t1,1990.42,B,C,timber,,1
C_node18node20_timber_t2,1411.05,B,C,timber,,2
C_node18node20_timber_t3,1000.32,B,C,timber,,3
C_node18node20_timber_t4,709.15,B,C,timber,,4
C_node18node20_timber_t5,502.73,B,C,timber,,5
C_node18node20_wide_t0,3546.0,B,C,wide,,0
C_node18node20_wide_t1,2985.64,B,C,wide,,1
C_node18node20_wide_t2,2116.57,B,C,wide,,2
C_node18node20_wide_t3,1500.48,B,C,wide,,3
C_node18node20_wide_t4,1063.72,B,C,wide,,4
C_node18node20_wide_t5,754.09,B,C,wide,,5
C_node18node96_timber_t0,0.0,B,C,timber,,0
C_node18node96_timber_t1,0.0,B,C,timber,,1
C_node18node96_timber_t2,0.0,B,C,timber,,2
C_node18node96_timber_t3,0.0,B,C,timber,,3
C_node18node96_timber_t4,0.0,B,C,timber,,4
C_node18node96_timber_t5,0.0,B,C,timber,,5
C_node18node96_wide_t0,0.0,B,C,wide,,0
C_node18node96_wide_t1,0.0,B,C,wide,,1
C_node18node96_wide_t2,0.0,B,C,wide,,2
C_node18node96_wide_t3,0.0,B,C,wide,,3
C_node18node96_wide_t4,0.0,B,C,wide,,4
C_node18node96_wide_t5,0.0,B,C,wide,,5
C_node18node101_timber_t0,0.0,B,C,timber,,0
C_node18node101_timber_t1,0.0,B,C,timber,,1
C_node18node101_timber_t2,0.0,B,C,timber,,2
C_node18node101_timber_t3,0.0,B,C,timber,,3
C_node18node101_timber_t4,0.0,B,C,timber,,4
C_node18node101_timber_t5,0.0,B,C,timber,,5
C_node18node101_wide_t0,0.0,B,C,wide,,0
C_node18node101_wide_t1,0.0,B,C,wide,,1
C_node18node101_wide_t2,0.0,B,C,wide,,2
C_node18node101_wide_t3,0.0,B,C,wide,,3
C_node18node101_wide_t4,0.0,B,C,wide,,4
C_node18node101_wide_t5,0.0,B,C,wide,,5
C_node19node72_timber_t0,142.0,B,C,timber,,0
C_node19node72_timber_t1,119.56,B,C,timber,,1
C_node19node72_timber_t2,84.76,B,C,timber,,2
C_node19node72_timber_t3,60.09,B,C,timber,,3
C_node19node72_timber_t4,42.6,B,C,timber,,4
C_node19node72_timber_t5,30.2,B,C,timber,,5
C_node19node72_wide_t0,213.0,B,C,wide,,0
C_node19node72_wide_t1,179.34,B,C,wide,,1
C_node19node72_wide_t2,127.14,B,C,wide,,2
C_node19node72_wide_t3,90.13,B,C,wide,,3
C_node19node72_wide_t4,63.9,B,C,wide,,4
C_node19node72_wide_t5,45.3,B,C,wide,,5
C_node19node49_timber_t0,691.0,B,C,timber,,0
C_node19node49_timber_t1,581.8,B,C,timber,,1
C_node19node49_timber_t2,412.45,B,C,timber,,2
C_node19node49_timber_t3,292.39,B,C,timber,,3
C_node19node49_timber_t4,207.28,B,C,timber,,4
C_node19node49_timber_t5,146.95,B,C,timber,,5
C_node19node49_wide_t0,1036.0,B,C,wide,,0
C_node19node49_wide_t1,872.28,B,C,wide,,1
C_node19node49_wide_t2,618.38,B,C,wide,,2
C_node19node49_wide_t3,438.38,B,C,wide,,3
C_node19node49_wide_t4,310.78,B,C,wide,,4
C_node19node49_wide_t5,220.31,B,C,wide,,5
C_node19node97_timber_t0,0.0,B,C,timber,,0
C_node19node97_timber_t1,0.0,B,C,timber,,1
C_node19node97_timber_t2,0.0,B,C,timber,,2
C_node19node97_timber_t3,0.0,B,C,timber,,3
C_node19node97_timber_t4,0.0,B,C,timber,,4
C_node19node97_timber_t5,0.0,B,C,timber,,5
C_node19node97_wide_t0,0.0,B,C,wide,,0
C_node19node97_wide_t1,0.0,B,C,wide,,1
C_node19node97_wide_t2,0.0,B,C,wide,,2
C_node19node97_wide_t3,0.0,B,C,wide,,3
C_node19node97_wide_t4,0.0,B,C,wide,,4
C_node19node97_wide_t5,0.0,B,C,wide,,5
C_node19node114_timber_t0,0.0,B,C,timber,,0
C_node19node114_timber_t1,0.0,B,C,timber,,1
C_node19node114_timber_t2,0.0,B,C,timber,,2
C_node19node114_timber_t3,0.0,B,C,timber,,3
C_node19node114_timber_t4,0.0,B,C,timber,,4
C_node19node114_timber_t5,0.0,B,C,timber,,5
C_node19node114_wide_t0,0.0,B,C,wide,,0
C_node19node114_wide_t1,0.0,B,C,wide,,1
C_node19node114_wide_t2,0.0,B,C,wide,,2
C_node19node114_wide_t3,0.0,B,C,wide,,3
C_node19node114_wide_t4,0.0,B,C,wide,,4
C_node19node114_wide_t5,0.0,B,C,wide,,5
C_node20node37_timber_t0,475.0,B,C,timber,,0
C_node20node37_timber_t1,399.94,B,C,timber,,1
C_node20node37_timber_t2,283.52,B,C,timber,,2
C_node20node37_timber_t3,200.99,B,C,timber,,3
C_node20node37_timber_t4,142.49,B,C,timber,,4
C_node20node37_timber_t5,101.01,B,C,timber,,5
C_node20node37_wide_t0,712.0,B,C,wide,,0
C_node20node37_wide_t1,599.48,B,C,wide,,1
C_node20node37_wide_t2,424.99,B,C,wide,,2
C_node20node37_wide_t3,301.28,B,C,wide,,3
C_node20node37_wide_t4,213.58,B,C,wide,,4
C_node20node37_wide_t5,151.41,B,C,wide,,5
C_node20node24_timber_t0,1541.0,B,C,timber,,0
C_node20node24_timber_t1,1297.48,B,C,timber,,1
C_node20node24_timber_t2,919.81,B,C,timber,,2
C_node20node24_timber_t3,652.07,B,C,timber,,3
C_node20node24_timber_t4,462.26,B,C,timber,,4
C_node20node24_timber_t5,327.71,B,C,timber,,5
C_node20node24_wide_t0,2311.0,B,C,wide,,0
C_node20node24_wide_t1,1945.8,B,C,wide,,1
C_node20node24_wide_t2,1379.41,B,C,wide,,2
C_node20node24_wide_t3,977.89,B,C,wide,,3
C_node20node24_wide_t4,693.25,B,C,wide,,4
C_node20node24_wide_t5,491.46,B,C,wide,,5
C_node20node93_timber_t0,0.0,B,C,timber,,0
C_node20node93_timber_t1,0.0,B,C,timber,,1
C_node20node93_timber_t2,0.0,B,C,timber,,2
C_node20node93_timber_t3,0.0,B,C,timber,,3
C_node20node93_timber_t4,0.0,B,C,timber,,4
C_node20node93_timber_t5,0.0,B,C,timber,,5
C_node20node93_wide_t0,0.0,B,C,wide,,0
C_node20node93_wide_t1,0.0,B,C,wide,,1
C_node20node93_wide_t2,0.0,B,C,wide,,2
C_node20node93_wide_t3,0.0,B,C,wide,,3
C_node20node93_wide_t4,0.0,B,C,wide,,4
C_node20node93_wide_t5,0.0,B,C,wide,,5
C_node20node96_timber_t0,0.0,B,C,timber,,0
C_node20node96_timber_t1,0.0,B,C,timber,,1
C_node20node96_timber_t2,0.0,B,C,timber,,2
C_node20node96_timber_t3,0.0,B,C,timber,,3
C_node20node96_timber_t4,0.0,B,C,timber,,4
C_node20node96_timber_t5,0.0,B,C,timber,,5
C_node20node96_wide_t0,0.0,B,C,wide,,0
C_node20node96_wide_t1,0.0,B,C,wide,,1
C_node20node96_wide_t2,0.0,B,C,wide,,2
C_node20node96_wide_t3,0.0,B,C,wide,,3
C_node20node96_wide_t4,0.0,B,C,wide,,4
C_node20node96_wide_t5,0.0,B,C,wide,,5
C_node21node80_timber_t0,533.0,B,C,timber,,0
C_node21node80_timber_t1,448.77,B,C,timber,,1
C_node21node80_timber_t2,318.14,B,C,timber,,2
C_node21node80_timber_t3,225.54,B,C,timber,,3
C_node21node80_timber_t4,159.89,B,C,timber,,4
C_node21node80_timber_t5,113.35,B,C,timber,,5
C_node21node80_wide_t0,801.0,B,C,wide,,0
C_node21node80_wide_t1,674.42,B,C,wide,,1
C_node21node80_wide_t2,478.11,B,C,wide,,2
C_node21node80_wide_t3,338.94,B,C,wide,,3
C_node21node80_wide_t4,240.28,B,C,wide,,4
C_node21node80_wide_t5,170.34,B,C,wide,,5
C_node21node37_timber_t0,811.0,B,C,timber,,0
C_node21node37_timber_t1,682.84,B,C,timber,,1
C_node21node37_timber_t2,484.08,B,C,timber,,2
C_node21node37_timber_t3,343.17,B,C,timber,,3
C_node21node37_timber_t4,243.28,B,C,timber,,4
C_node21node37_timber_t5,172.47,B,C,timber,,5
C_node21node37_wide_t0,1216.0,B,C,wide,,0
C_node21node37_wide_t1,1023.84,B,C,wide,,1
C_node21node37_wide_t2,725.82,B,C,wide,,2
C_node21node37_wide_t3,514.55,B,C,wide,,3
C_node21node37_wide_t4,364.77,B,C,wide,,4
C_node21node37_wide_t5,258.59,B,C,wide,,5
C_node21node53_timber_t0,1091.0,B,C,timber,,0
C_node21node53_timber_t1,918.59,B,C,timber,,1
C_node21node53_timber_t2,651.21,B,C,timber,,2
C_node21node53_timber_t3,461.65,B,C,timber,,3
C_node21node53_timber_t4,327.27,B,C,timber,,4
C_node21node53_timber_t5,232.01,B,C,timber,,5
C_node21node53_wide_t0,1636.0,B,C,wide,,0
C_node21node53_wide_t1,1377.47,B,C,wide,,1
C_node21node53_wide_t2,976.51,B,C,wide,,2
C_node21node53_wide_t3,692.27,B,C,wide,,3
C_node21node53_wide_t4,490.76,B,C,wide,,4
C_node21node53_wide_t5,347.91,B,C,wide,,5
C_node21node93_timber_t0,0.0,B,C,timber,,0
C_node21node93_timber_t1,0.0,B,C,timber,,1
C_node21node93_timber_t2,0.0,B,C,timber,,2
C_node21node93_timber_t3,0.0,B,C,timber,,3
C_node21node93_timber_t4,0.0,B,C,timber,,4
C_node21node93_timber_t5,0.0,B,C,timber,,5
C_node21node93_wide_t0,0.0,B,C,wide,,0
C_node21node93_wide_t1,0.0,B,C,wide,,1
C_node21node93_wide_t2,0.0,B,C,wide,,2
C_node21node93_wide_t3,0.0,B,C,wide,,3
C_node21node93_wide_t4,0.0,B,C,wide,,4
C_node21node93_wide_t5,0.0,B,C,wide,,5
C_node21node100_timber_t0,0.0,B,C,timber,,0
C_node21node100_timber_t1,0.0,B,C,timber,,1
C_node21node100_timber_t2,0.0,B,C,timber,,2
C_node21node100_timber_t3,0.0,B,C,timber,,3
C_node21node100_timber_t4,0.0,B,C,timber,,4
C_node21node100_timber_t5,0.0,B,C,timber,,5
C_node21node100_wide_t0,0.0,B,C,wide,,0
C_node21node100_wide_t1,0.0,B,C,wide,,1
C_node21node100_wide_t2,0.0,B,C,wide,,2
C_node21node100_wide_t3,0.0,B,C,wide,,3
C_node21node100_wide_t4,0.0,B,C,wide,,4
C_node21node100_wide_t5,0.0,B,C,wide,,5
C_node22node45_timber_t0,490.0,B,C,timber,,0
C_node22node45_timber_t1,412.57,B,C,timber,,1
C_node22node45_timber_t2,292.48,B,C,timber,,2
C_node22node45_timber_t3,207.34,B,C,timber,,3
C_node22node45_timber_t4,146.99,B,C,timber,,4
C_node22node45_timber_t5,104.2,B,C,timber,,5
C_node22node45_wide_t0,735.0,B,C,wide,,0
C_node22node45_wide_t1,618.85,B,C,wide,,1
C_node22node45_wide_t2,438.71,B,C,wide,,2
C_node22node45_wide_t3,311.01,B,C,wide,,3
C_node22node45_wide_t4,220.48,B,C,wide,,4
C_node22node45_wide_t5,156.3,B,C,wide,,5
C_node22node102_timber_t0,0.0,B,C,timber,,0
C_node22node102_timber_t1,0.0,B,C,timber,,1
C_node22node102_timber_t2,0.0,B,C,timber,,2
C_node22node102_timber_t3,0.0,B,C,timber,,3
C_node22node102_timber_t4,0.0,B,C,timber,,4
C_node22node102_timber_t5,0.0,B,C,timber,,5
C_node22node102_wide_t0,0.0,B,C,wide,,0
C_node22node102_wide_t1,0.0,B,C,wide,,1
C_node22node102_wide_t2,0.0,B,C,wide,,2
C_node22node102_wide_t3,0.0,B,C,wide,,3
C_node22node102_wide_t4,0.0,B,C,wide,,4
C_node22node102_wide_t5,0.0,B,C,wide,,5
C_node22node108_timber_t0,0.0,B,C,timber,,0
C_node22node108_timber_t1,0.0,B,C,timber,,1
C_node22node108_timber_t2,0.0,B,C,timber,,2
C_node22node108_timber_t3,0.0,B,C,timber,,3
C_node22node108_timber_t4,0.0,B,C,timber,,4
C_node22node108_timber_t5,0.0,B,C,timber,,5
C_node22node108_wide_t0,0.0,B,C,wide,,0
C_node22node108_wide_t1,0.0,B,C,wide,,1
C_node22node108_wide_t2,0.0,B,C,wide,,2
C_node22node108_wide_t3,0.0,B,C,wide,,3
C_node22node108_wide_t4,0.0,B,C,wide,,4
C_node22node108_wide_t5,0.0,B,C,wide,,5
C_node22node110_timber_t0,0.0,B,C,timber,,0
C_node22node110_timber_t1,0.0,B,C,timber,,1
C_node22node110_timber_t2,0.0,B,C,timber,,2
C_node22node110_timber_t3,0.0,B,C,timber,,3
C_node22node110_timber_t4,0.0,B,C,timber,,4
C_node22node110_timber_t5,0.0,B,C,timber,,5
C_node22node110_wide_t0,0.0,B,C,wide,,0
C_node22node110_wide_t1,0.0,B,C,wide,,1
C_node22node110_wide_t2,0.0,B,C,wide,,2
C_node22node110_wide_t3,0.0,B,C,wide,,3
C_node22node110_wide_t4,0.0,B,C,wide,,4
C_node22node110_wide_t5,0.0,B,C,wide,,5
C_node23node40_timber_t0,1976.0,B,C,timber,,0
C_node23node40_timber_t1,1663.74,B,C,timber,,1
C_node23node40_timber_t2,1179.46,B,C,timber,,2
C_node23node40_timber_t3,836.14,B,C,timber,,3
C_node23node40_timber_t4,592.75,B,C,timber,,4
C_node23node40_timber_t5,420.21,B,C,timber,,5
C_node23node40_wide_t0,2963.0,B,C,wide,,0
C_node23node40_wide_t1,2494.77,B,C,wide,,1
C_node23node40_wide_t2,1768.59,B,C,wide,,2
C_node23node40_wide_t3,1253.78,B,C,wide,,3
C_node23node40_wide_t4,888.83,B,C,wide,,4
C_node23node40_wide_t5,630.11,B,C,wide,,5
C_node23node104_timber_t0,0.0,B,C,timber,,0
C_node23node104_timber_t1,0.0,B,C,timber,,1
C_node23node104_timber_t2,0.0,B,C,timber,,2
C_node23node104_timber_t3,0.0,B,C,timber,,3
C_node23node104_timber_t4,0.0,B,C,timber,,4
C_node23node104_timber_t5,0.0,B,C,timber,,5
C_node23node104_wide_t0,0.0,B,C,wide,,0
C_node23node104_wide_t1,0.0,B,C,wide,,1
C_node23node104_wide_t2,0.0,B,C,wide,,2
C_node23node104_wide_t3,0.0,B,C,wide,,3
C_node23node104_wide_t4,0.0,B,C,wide,,4
C_node23node104_wide_t5,0.0,B,C,wide,,5
C_node23node105_timber_t0,0.0,B,C,timber,,0
C_node23node105_timber_t1,0.0,B,C,timber,,1
C_node23node105_timber_t2,0.0,B,C,timber,,2
C_node23node105_timber_t3,0.0,B,C,timber,,3
C_node23node105_timber_t4,0.0,B,C,timber,,4
C_node23node105_timber_t5,0.0,B,C,timber,,5
C_node23node105_wide_t0,0.0,B,C,wide,,0
C_node23node105_wide_t1,0.0,B,C,wide,,1
C_node23node105_wide_t2,0.0,B,C,wide,,2
C_node23node105_wide_t3,0.0,B,C,wide,,3
C_node23node105_wide_t4,0.0,B,C,wide,,4
C_node23node105_wide_t5,0.0,B,C,wide,,5
C_node24node25_timber_t0,996.0,B,C,timber,,0
C_node24node25_timber_t1,838.61,B,C,timber,,1
C_node24node25_timber_t2,594.5,B,C,timber,,2
C_node24node25_timber_t3,421.45,B,C,timber,,3
C_node24node25_timber_t4,298.78,B,C,timber,,4
C_node24node25_timber_t5,211.81,B,C,timber,,5
C_node24node25_wide_t0,1494.0,B,C,wide,,0
C_node24node25_wide_t1,1257.91,B,C,wide,,1
C_node24node25_wide_t2,891.75,B,C,wide,,2
C_node24node25_wide_t3,632.18,B,C,wide,,3
C_node24node25_wide_t4,448.17,B,C,wide,,4
C_node24node25_wide_t5,317.71,B,C,wide,,5
C_node24node93_timber_t0,0.0,B,C,timber,,0
C_node24node93_timber_t1,0.0,B,C,timber,,1
C_node24node93_timber_t2,0.0,B,C,timber,,2
C_node24node93_timber_t3,0.0,B,C,timber,,3
C_node24node93_timber_t4,0.0,B,C,timber,,4
C_node24node93_timber_t5,0.0,B,C,timber,,5
C_node24node93_wide_t0,0.0,B,C,wide,,0
C_node24node93_wide_t1,0.0,B,C,wide,,1
C_node24node93_wide_t2,0.0,B,C,wide,,2
C_node24node93_wide_t3,0.0,B,C,wide,,3
C_node24node93_wide_t4,0.0,B,C,wide,,4
C_node24node93_wide_t5,0.0,B,C,wide,,5
C_node24node95_timber_t0,0.0,B,C,timber,,0
C_node24node95_timber_t1,0.0,B,C,timber,,1
C_node24node95_timber_t2,0.0,B,C,timber,,2
C_node24node95_timber_t3,0.0,B,C,timber,,3
C_node24node95_timber_t4,0.0,B,C,timber,,4
C_node24node95_timber_t5,0.0,B,C,timber,,5
C_node24node95_wide_t0,0.0,B,C,wide,,0
C_node24node95_wide_t1,0.0,B,C,wide,,1
C_node24node95_wide_t2,0.0,B,C,wide,,2
C_node24node95_wide_t3,0.0,B,C,wide,,3
C_node24node95_wide_t4,0.0,B,C,wide,,4
C_node24node95_wide_t5,0.0,B,C,wide,,5
C_node24node96_timber_t0,0.0,B,C,timber,,0
C_node24node96_timber_t1,0.0,B,C,timber,,1
C_node24node96_timber_t2,0.0,B,C,timber,,2
C_node24node96_timber_t3,0.0,B,C,timber,,3
C_node24node96_timber_t4,0.0,B,C,timber,,4
C_node24node96_timber_t5,0.0,B,C,timber,,5
C_node24node96_wide_t0,0.0,B,C,wide,,0
C_node24node96_wide_t1,0.0,B,C,wide,,1
C_node24node96_wide_t2,0.0,B,C,wide,,2
C_node24node96_wide_t3,0.0,B,C,wide,,3
C_node24node96_wide_t4,0.0,B,C,wide,,4
C_node24node96_wide_t5,0.0,B,C,wide,,5
C_node25node95_timber_t0,0.0,B,C,timber,,0
C_node25node95_timber_t1,0.0,B,C,timber,,1
C_node25node95_timber_t2,0.0,B,C,timber,,2
C_node25node95_timber_t3,0.0,B,C,timber,,3
C_node25node95_timber_t4,0.0,B,C,timber,,4
C_node25node95_timber_t5,0.0,B,C,timber,,5
C_node25node95_wide_t0,0.0,B,C,wide,,0
C_node25node95_wide_t1,0.0,B,C,wide,,1
C_node25node95_wide_t2,0.0,B,C,wide,,2
C_node25node95_wide_t3,0.0,B,C,wide,,3
C_node25node95_wide_t4,0.0,B,C,wide,,4
C_node25node95_wide_t5,0.0,B,C,wide,,5
C_node25node96_timber_t0,0.0,B,C,timber,,0
C_node25node96_timber_t1,0.0,B,C,timber,,1
C_node25node96_timber_t2,0.0,B,C,timber,,2
C_node25node96_timber_t3,0.0,B,C,timber,,3
C_node25node96_timber_t4,0.0,B,C,timber,,4
C_node25node96_timber_t5,0.0,B,C,timber,,5
C_node25node96_wide_t0,0.0,B,C,wide,,0
C_node25node96_wide_t1,0.0,B,C,wide,,1
C_node25node96_wide_t2,0.0,B,C,wide,,2
C_node25node96_wide_t3,0.0,B,C,wide,,3
C_node25node96_wide_t4,0.0,B,C,wide,,4
C_node25node96_wide_t5,0.0,B,C,wide,,5
C_node25node108_timber_t0,0.0,B,C,timber,,0
C_node25node108_timber_t1,0.0,B,C,timber,,1
C_node25node108_timber_t2,0.0,B,C,timber,,2
C_node25node108_timber_t3,0.0,B,C,timber,,3
C_node25node108_timber_t4,0.0,B,C,timber,,4
C_node25node108_timber_t5,0.0,B,C,timber,,5
C_node25node108_wide_t0,0.0,B,C,wide,,0
C_node25node108_wide_t1,0.0,B,C,wide,,1
C_node25node108_wide_t2,0.0,B,C,wide,,2
C_node25node108_wide_t3,0.0,B,C,wide,,3
C_node25node108_wide_t4,0.0,B,C,wide,,4
C_node25node108_wide_t5,0.0,B,C,wide,,5
C_node26node39_timber_t0,17.0,B,C,timber,,0
C_node26node39_timber_t1,14.31,B,C,timber,,1
C_node26node39_timber_t2,10.15,B,C,timber,,2
C_node26node39_timber_t3,7.19,B,C,timber,,3
C_node26node39_timber_t4,5.1,B,C,timber,,4
C_node26node39_timber_t5,3.62,B,C,timber,,5
C_node26node39_wide_t0,25.0,B,C,wide,,0
C_node26node39_wide_t1,21.05,B,C,wide,,1
C_node26node39_wide_t2,14.92,B,C,wide,,2
C_node26node39_wide_t3,10.58,B,C,wide,,3
C_node26node39_wide_t4,7.5,B,C,wide,,4
C_node26node39_wide_t5,5.32,B,C,wide,,5
C_node26node42_timber_t0,260.0,B,C,timber,,0
C_node26node42_timber_t1,218.91,B,C,timber,,1
C_node26node42_timber_t2,155.19,B,C,timber,,2
C_node26node42_timber_t3,110.02,B,C,timber,,3
C_node26node42_timber_t4,77.99,B,C,timber,,4
C_node26node42_timber_t5,55.29,B,C,timber,,5
C_node26node42_wide_t0,390.0,B,C,wide,,0
C_node26node42_wide_t1,328.37,B,C,wide,,1
C_node26node42_wide_t2,232.79,B,C,wide,,2
C_node26node42_wide_t3,165.03,B,C,wide,,3
C_node26node42_wide_t4,116.99,B,C,wide,,4
C_node26node42_wide_t5,82.94,B,C,wide,,5
C_node26node53_timber_t0,2286.0,B,C,timber,,0
C_node26node53_timber_t1,1924.75,B,C,timber,,1
C_node26node53_timber_t2,1364.49,B,C,timber,,2
C_node26node53_timber_t3,967.31,B,C,timber,,3
C_node26node53_timber_t4,685.75,B,C,timber,,4
C_node26node53_timber_t5,486.14,B,C,timber,,5
C_node26node53_wide_t0,3429.0,B,C,wide,,0
C_node26node53_wide_t1,2887.13,B,C,wide,,1
C_node26node53_wide_t2,2046.74,B,C,wide,,2
C_node26node53_wide_t3,1450.97,B,C,wide,,3
C_node26node53_wide_t4,1028.62,B,C,wide,,4
C_node26node53_wide_t5,729.21,B,C,wide,,5
C_node26node92_timber_t0,0.0,B,C,timber,,0
C_node26node92_timber_t1,0.0,B,C,timber,,1
C_node26node92_timber_t2,0.0,B,C,timber,,2
C_node26node92_timber_t3,0.0,B,C,timber,,3
C_node26node92_timber_t4,0.0,B,C,timber,,4
C_node26node92_timber_t5,0.0,B,C,timber,,5
C_node26node92_wide_t0,0.0,B,C,wide,,0
C_node26node92_wide_t1,0.0,B,C,wide,,1
C_node26node92_wide_t2,0.0,B,C,wide,,2
C_node26node92_wide_t3,0.0,B,C,wide,,3
C_node26node92_wide_t4,0.0,B,C,wide,,4
C_node26node92_wide_t5,0.0,B,C,wide,,5
C_node26node93_timber_t0,0.0,B,C,timber,,0
C_node26node93_timber_t1,0.0,B,C,timber,,1
C_node26node93_timber_t2,0.0,B,C,timber,,2
C_node26node93_timber_t3,0.0,B,C,timber,,3
C_node26node93_timber_t4,0.0,B,C,timber,,4
C_node26node93_timber_t5,0.0,B,C,timber,,5
C_node26node93_wide_t0,0.0,B,C,wide,,0
C_node26node93_wide_t1,0.0,B,C,wide,,1
C_node26node93_wide_t2,0.0,B,C,wide,,2
C_node26node93_wide_t3,0.0,B,C,wide,,3
C_node26node93_wide_t4,0.0,B,C,wide,,4
C_node26node93_wide_t5,0.0,B,C,wide,,5
C_node27node81_timber_t0,1799.0,B,C,timber,,0
C_node27node81_timber_t1,1514.71,B,C,timber,,1
C_node27node81_timber_t2,1073.81,B,C,timber,,2
C_node27node81_timber_t3,761.24,B,C,timber,,3
C_node27node81_timber_t4,539.66,B,C,timber,,4
C_node27node81_timber_t5,382.57,B,C,timber,,5
C_node27node81_wide_t0,2699.0,B,C,wide,,0
C_node27node81_wide_t1,2272.49,B,C,wide,,1
C_node27node81_wide_t2,1611.01,B,C,wide,,2
C_node27node81_wide_t3,1142.07,B,C,wide,,3
C_node27node81_wide_t4,809.64,B,C,wide,,4
C_node27node81_wide_t5,573.97,B,C,wide,,5
C_node27node79_timber_t0,4013.0,B,C,timber,,0
C_node27node79_timber_t1,3378.84,B,C,timber,,1
C_node27node79_timber_t2,2395.32,B,C,timber,,2
C_node27node79_timber_t3,1698.09,B,C,timber,,3
C_node27node79_timber_t4,1203.81,B,C,timber,,4
C_node27node79_timber_t5,853.4,B,C,timber,,5
C_node27node79_wide_t0,6016.0,B,C,wide,,0
C_node27node79_wide_t1,5065.31,B,C,wide,,1
C_node27node79_wide_t2,3590.89,B,C,wide,,2
C_node27node79_wide_t3,2545.65,B,C,wide,,3
C_node27node79_wide_t4,1804.66,B,C,wide,,4
C_node27node79_wide_t5,1279.36,B,C,wide,,5
C_node27node100_timber_t0,0.0,B,C,timber,,0
C_node27node100_timber_t1,0.0,B,C,timber,,1
C_node27node100_timber_t2,0.0,B,C,timber,,2
C_node27node100_timber_t3,0.0,B,C,timber,,3
C_node27node100_timber_t4,0.0,B,C,timber,,4
C_node27node100_timber_t5,0.0,B,C,timber,,5
C_node27node100_wide_t0,0.0,B,C,wide,,0
C_node27node100_wide_t1,0.0,B,C,wide,,1
C_node27node100_wide_t2,0.0,B,C,wide,,2
C_node27node100_wide_t3,0.0,B,C,wide,,3
C_node27node100_wide_t4,0.0,B,C,wide,,4
C_node27node100_wide_t5,0.0,B,C,wide,,5
C_node28node46_timber_t0,1215.0,B,C,timber,,0
C_node28node46_timber_t1,1023.0,B,C,timber,,1
C_node28node46_timber_t2,725.22,B,C,timber,,2
C_node28node46_timber_t3,514.12,B,C,timber,,3
C_node28node46_timber_t4,364.47,B,C,timber,,4
C_node28node46_timber_t5,258.38,B,C,timber,,5
C_node28node46_wide_t0,1822.0,B,C,wide,,0
C_node28node46_wide_t1,1534.08,B,C,wide,,1
C_node28node46_wide_t2,1087.53,B,C,wide,,2
C_node28node46_wide_t3,770.97,B,C,wide,,3
C_node28node46_wide_t4,546.56,B,C,wide,,4
C_node28node46_wide_t5,387.47,B,C,wide,,5
C_node28node56_timber_t0,4260.0,B,C,timber,,0
C_node28node56_timber_t1,3586.81,B,C,timber,,1
C_node28node56_timber_t2,2542.75,B,C,timber,,2
C_node28node56_timber_t3,1802.61,B,C,timber,,3
C_node28node56_timber_t4,1277.9,B,C,timber,,4
C_node28node56_timber_t5,905.93,B,C,timber,,5
C_node28node56_wide_t0,6390.0,B,C,wide,,0
C_node28node56_wide_t1,5380.21,B,C,wide,,1
C_node28node56_wide_t2,3814.13,B,C,wide,,2
C_node28node56_wide_t3,2703.91,B,C,wide,,3
C_node28node56_wide_t4,1916.85,B,C,wide,,4
C_node28node56_wide_t5,1358.89,B,C,wide,,5
C_node28node48_timber_t0,4061.0,B,C,timber,,0
C_node28node48_timber_t1,3419.25,B,C,timber,,1
C_node28node48_timber_t2,2423.97,B,C,timber,,2
C_node28node48_timber_t3,1718.4,B,C,timber,,3
C_node28node48_timber_t4,1218.21,B,C,timber,,4
C_node28node48_timber_t5,863.61,B,C,timber,,5
C_node28node48_wide_t0,6092.0,B,C,wide,,0
C_node28node48_wide_t1,5129.3,B,C,wide,,1
C_node28node48_wide_t2,3636.26,B,C,wide,,2
C_node28node48_wide_t3,2577.81,B,C,wide,,3
C_node28node48_wide_t4,1827.46,B,C,wide,,4
C_node28node48_wide_t5,1295.52,B,C,wide,,5
C_node28node90_timber_t0,0.0,B,C,timber,,0
C_node28node90_timber_t1,0.0,B,C,timber,,1
C_node28node90_timber_t2,0.0,B,C,timber,,2
C_node28node90_timber_t3,0.0,B,C,timber,,3
C_node28node90_timber_t4,0.0,B,C,timber,,4
C_node28node90_timber_t5,0.0,B,C,timber,,5
C_node28node90_wide_t0,0.0,B,C,wide,,0
C_node28node90_wide_t1,0.0,B,C,wide,,1
C_node28node90_wide_t2,0.0,B,C,wide,,2
C_node28node90_wide_t3,0.0,B,C,wide,,3
C_node28node90_wide_t4,0.0,B,C,wide,,4
C_node28node90_wide_t5,0.0,B,C,wide,,5
C_node28node94_timber_t0,0.0,B,C,timber,,0
C_node28node94_timber_t1,0.0,B,C,timber,,1
C_node28node94_timber_t2,0.0,B,C,timber,,2
C_node28node94_timber_t3,0.0,B,C,timber,,3
C_node28node94_timber_t4,0.0,B,C,timber,,4
C_node28node94_timber_t5,0.0,B,C,timber,,5
C_node28node94_wide_t0,0.0,B,C,wide,,0
C_node28node94_wide_t1,0.0,B,C,wide,,1
C_node28node94_wide_t2,0.0,B,C,wide,,2
C_node28node94_wide_t3,0.0,B,C,wide,,3
C_node28node94_wide_t4,0.0,B,C,wide,,4
C_node28node94_wide_t5,0.0,B,C,wide,,5
C_node28node97_timber_t0,0.0,B,C,timber,,0
C_node28node97_timber_t1,0.0,B,C,timber,,1
C_node28node97_timber_t2,0.0,B,C,timber,,2
C_node28node97_timber_t3,0.0,B,C,timber,,3
C_node28node97_timber_t4,0.0,B,C,timber,,4
C_node28node97_timber_t5,0.0,B,C,timber,,5
C_node28node97_wide_t0,0.0,B,C,wide,,0
C_node28node97_wide_t1,0.0,B,C,wide,,1
C_node28node97_wide_t2,0.0,B,C,wide,,2
C_node28node97_wide_t3,0.0,B,C,wide,,3
C_node28node97_wide_t4,0.0,B,C,wide,,4
C_node28node97_wide_t5,0.0,B,C,wide,,5
C_node29node47_timber_t0,48.0,B,C,timber,,0
C_node29node47_timber_t1,40.41,B,C,timber,,1
C_node29node47_timber_t2,28.65,B,C,timber,,2
C_node29node47_timber_t3,20.31,B,C,timber,,3
C_node29node47_timber_t4,14.4,B,C,timber,,4
C_node29node47_timber_t5,10.21,B,C,timber,,5
C_node29node47_wide_t0,72.0,B,C,wide,,0
C_node29node47_wide_t1,60.62,B,C,wide,,1
C_node29node47_wide_t2,42.98,B,C,wide,,2
C_node29node47_wide_t3,30.47,B,C,wide,,3
C_node29node47_wide_t4,21.6,B,C,wide,,4
C_node29node47_wide_t5,15.31,B,C,wide,,5
C_node29node44_timber_t0,723.0,B,C,timber,,0
C_node29node44_timber_t1,608.75,B,C,timber,,1
C_node29node44_timber_t2,431.55,B,C,timber,,2
C_node29node44_timber_t3,305.94,B,C,timber,,3
C_node29node44_timber_t4,216.88,B,C,timber,,4
C_node29node44_timber_t5,153.75,B,C,timber,,5
C_node29node44_wide_t0,1085.0,B,C,wide,,0
C_node29node44_wide_t1,913.54,B,C,wide,,1
C_node29node44_wide_t2,647.63,B,C,wide,,2
C_node29node44_wide_t3,459.11,B,C,wide,,3
C_node29node44_wide_t4,325.47,B,C,wide,,4
C_node29node44_wide_t5,230.74,B,C,wide,,5
C_node29node107_timber_t0,0.0,B,C,timber,,0
C_node29node107_timber_t1,0.0,B,C,timber,,1
C_node29node107_timber_t2,0.0,B,C,timber,,2
C_node29node107_timber_t3,0.0,B,C,timber,,3
C_node29node107_timber_t4,0.0,B,C,timber,,4
C_node29node107_timber_t5,0.0,B,C,timber,,5
C_node29node107_wide_t0,0.0,B,C,wide,,0
C_node29node107_wide_t1,0.0,B,C,wide,,1
C_node29node107_wide_t2,0.0,B,C,wide,,2
C_node29node107_wide_t3,0.0,B,C,wide,,3
C_node29node107_wide_t4,0.0,B,C,wide,,4
C_node29node107_wide_t5,0.0,B,C,wide,,5
C_node30node36_timber_t0,1540.0,B,C,timber,,0
C_node30node36_timber_t1,1296.64,B,C,timber,,1
C_node30node36_timber_t2,919.21,B,C,timber,,2
C_node30node36_timber_t3,651.65,B,C,timber,,3
C_node30node36_timber_t4,461.96,B,C,timber,,4
C_node30node36_timber_t5,327.5,B,C,timber,,5
C_node30node36_wide_t0,2312.0,B,C,wide,,0
C_node30node36_wide_t1,1946.64,B,C,wide,,1
C_node30node36_wide_t2,1380.01,B,C,wide,,2
C_node30node36_wide_t3,978.32,B,C,wide,,3
C_node30node36_wide_t4,693.55,B,C,wide,,4
C_node30node36_wide_t5,491.67,B,C,wide,,5
C_node30node45_timber_t0,4832.0,B,C,timber,,0
C_node30node45_timber_t1,4068.41,B,C,timber,,1
C_node30node45_timber_t2,2884.18,B,C,timber,,2
C_node30node45_timber_t3,2044.65,B,C,timber,,3
C_node30node45_timber_t4,1449.49,B,C,timber,,4
C_node30node45_timber_t5,1027.57,B,C,timber,,5
C_node30node45_wide_t0,7245.0,B,C,wide,,0
C_node30node45_wide_t1,6100.1,B,C,wide,,1
C_node30node45_wide_t2,4324.47,B,C,wide,,2
C_node30node45_wide_t3,3065.7,B,C,wide,,3
C_node30node45_wide_t4,2173.33,B,C,wide,,4
C_node30node45_wide_t5,1540.72,B,C,wide,,5
C_node30node107_timber_t0,0.0,B,C,timber,,0
C_node30node107_timber_t1,0.0,B,C,timber,,1
C_node30node107_timber_t2,0.0,B,C,timber,,2
C_node30node107_timber_t3,0.0,B,C,timber,,3
C_node30node107_timber_t4,0.0,B,C,timber,,4
C_node30node107_timber_t5,0.0,B,C,timber,,5
C_node30node107_wide_t0,0.0,B,C,wide,,0
C_node30node107_wide_t1,0.0,B,C,wide,,1
C_node30node107_wide_t2,0.0,B,C,wide,,2
C_node30node107_wide_t3,0.0,B,C,wide,,3
C_node30node107_wide_t4,0.0,B,C,wide,,4
C_node30node107_wide_t5,0.0,B,C,wide,,5
C_node30node108_timber_t0,0.0,B,C,timber,,0
C_node30node108_timber_t1,0.0,B,C,timber,,1
C_node30node108_timber_t2,0.0,B,C,timber,,2
C_node30node108_timber_t3,0.0,B,C,timber,,3
C_node30node108_timber_t4,0.0,B,C,timber,,4
C_node30node108_timber_t5,0.0,B,C,timber,,5
C_node30node108_wide_t0,0.0,B,C,wide,,0
C_node30node108_wide_t1,0.0,B,C,wide,,1
C_node30node108_wide_t2,0.0,B,C,wide,,2
C_node30node108_wide_t3,0.0,B,C,wide,,3
C_node30node108_wide_t4,0.0,B,C,wide,,4
C_node30node108_wide_t5,0.0,B,C,wide,,5
C_node30node109_timber_t0,0.0,B,C,timber,,0
C_node30node109_timber_t1,0.0,B,C,timber,,1
C_node30node109_timber_t2,0.0,B,C,timber,,2
C_node30node109_timber_t3,0.0,B,C,timber,,3
C_node30node109_timber_t4,0.0,B,C,timber,,4
C_node30node109_timber_t5,0.0,B,C,timber,,5
C_node30node109_wide_t0,0.0,B,C,wide,,0
C_node30node109_wide_t1,0.0,B,C,wide,,1
C_node30node109_wide_t2,0.0,B,C,wide,,2
C_node30node109_wide_t3,0.0,B,C,wide,,3
C_node30node109_wide_t4,0.0,B,C,wide,,4
C_node30node109_wide_t5,0.0,B,C,wide,,5
C_node31node45_timber_t0,640.0,B,C,timber,,0
C_node31node45_timber_t1,538.86,B,C,timber,,1
C_node31node45_timber_t2,382.01,B,C,timber,,2
C_node31node45_timber_t3,270.81,B,C,timber,,3
C_node31node45_timber_t4,191.99,B,C,timber,,4
C_node31node45_timber_t5,136.1,B,C,timber,,5
C_node31node45_wide_t0,959.0,B,C,wide,,0
C_node31node45_wide_t1,807.45,B,C,wide,,1
C_node31node45_wide_t2,572.42,B,C,wide,,2
C_node31node45_wide_t3,405.8,B,C,wide,,3
C_node31node45_wide_t4,287.68,B,C,wide,,4
C_node31node45_wide_t5,203.94,B,C,wide,,5
C_node31node84_timber_t0,4817.0,B,C,timber,,0
C_node31node84_timber_t1,4055.78,B,C,timber,,1
C_node31node84_timber_t2,2875.22,B,C,timber,,2
C_node31node84_timber_t3,2038.3,B,C,timber,,3
C_node31node84_timber_t4,1444.99,B,C,timber,,4
C_node31node84_timber_t5,1024.38,B,C,timber,,5
C_node31node84_wide_t0,7224.0,B,C,wide,,0
C_node31node84_wide_t1,6082.41,B,C,wide,,1
C_node31node84_wide_t2,4311.94,B,C,wide,,2
C_node31node84_wide_t3,3056.81,B,C,wide,,3
C_node31node84_wide_t4,2167.03,B,C,wide,,4
C_node31node84_wide_t5,1536.25,B,C,wide,,5
C_node31node34_timber_t0,4941.0,B,C,timber,,0
C_node31node34_timber_t1,4160.19,B,C,timber,,1
C_node31node34_timber_t2,2949.24,B,C,timber,,2
C_node31node34_timber_t3,2090.77,B,C,timber,,3
C_node31node34_timber_t4,1482.19,B,C,timber,,4
C_node31node34_timber_t5,1050.75,B,C,timber,,5
C_node31node34_wide_t0,7412.0,B,C,wide,,0
C_node31node34_wide_t1,6240.71,B,C,wide,,1
C_node31node34_wide_t2,4424.15,B,C,wide,,2
C_node31node34_wide_t3,3136.37,B,C,wide,,3
C_node31node34_wide_t4,2223.43,B,C,wide,,4
C_node31node34_wide_t5,1576.23,B,C,wide,,5
C_node31node109_timber_t0,0.0,B,C,timber,,0
C_node31node109_timber_t1,0.0,B,C,timber,,1
C_node31node109_timber_t2,0.0,B,C,timber,,2
C_node31node109_timber_t3,0.0,B,C,timber,,3
C_node31node109_timber_t4,0.0,B,C,timber,,4
C_node31node109_timber_t5,0.0,B,C,timber,,5
C_node31node109_wide_t0,0.0,B,C,wide,,0
C_node31node109_wide_t1,0.0,B,C,wide,,1
C_node31node109_wide_t2,0.0,B,C,wide,,2
C_node31node109_wide_t3,0.0,B,C,wide,,3
C_node31node109_wide_t4,0.0,B,C,wide,,4
C_node31node109_wide_t5,0.0,B,C,wide,,5
C_node31node110_timber_t0,0.0,B,C,timber,,0
C_node31node110_timber_t1,0.0,B,C,timber,,1
C_node31node110_timber_t2,0.0,B,C,timber,,2
C_node31node110_timber_t3,0.0,B,C,timber,,3
C_node31node110_timber_t4,0.0,B,C,timber,,4
C_node31node110_timber_t5,0.0,B,C,timber,,5
C_node31node110_wide_t0,0.0,B,C,wide,,0
C_node31node110_wide_t1,0.0,B,C,wide,,1
C_node31node110_wide_t2,0.0,B,C,wide,,2
C_node31node110_wide_t3,0.0,B,C,wide,,3
C_node31node110_wide_t4,0.0,B,C,wide,,4
C_node31node110_wide_t5,0.0,B,C,wide,,5
C_node31node111_timber_t0,0.0,B,C,timber,,0
C_node31node111_timber_t1,0.0,B,C,timber,,1
C_node31node111_timber_t2,0.0,B,C,timber,,2
C_node31node111_timber_t3,0.0,B,C,timber,,3
C_node31node111_timber_t4,0.0,B,C,timber,,4
C_node31node111_timber_t5,0.0,B,C,timber,,5
C_node31node111_wide_t0,0.0,B,C,wide,,0
C_node31node111_wide_t1,0.0,B,C,wide,,1
C_node31node111_wide_t2,0.0,B,C,wide,,2
C_node31node111_wide_t3,0.0,B,C,wide,,3
C_node31node111_wide_t4,0.0,B,C,wide,,4
C_node31node111_wide_t5,0.0,B,C,wide,,5
C_node32node37_timber_t0,304.0,B,C,timber,,0
C_node32node37_timber_t1,255.96,B,C,timber,,1
C_node32node37_timber_t2,181.45,B,C,timber,,2
C_node32node37_timber_t3,128.64,B,C,timber,,3
C_node32node37_timber_t4,91.19,B,C,timber,,4
C_node32node37_timber_t5,64.65,B,C,timber,,5
C_node32node37_wide_t0,456.0,B,C,wide,,0
C_node32node37_wide_t1,383.94,B,C,wide,,1
C_node32node37_wide_t2,272.18,B,C,wide,,2
C_node32node37_wide_t3,192.96,B,C,wide,,3
C_node32node37_wide_t4,136.79,B,C,wide,,4
C_node32node37_wide_t5,96.97,B,C,wide,,5
C_node32node59_timber_t0,3439.0,B,C,timber,,0
C_node32node59_timber_t1,2895.55,B,C,timber,,1
C_node32node59_timber_t2,2052.71,B,C,timber,,2
C_node32node59_timber_t3,1455.2,B,C,timber,,3
C_node32node59_timber_t4,1031.62,B,C,timber,,4
C_node32node59_timber_t5,731.34,B,C,timber,,5
C_node32node59_wide_t0,5157.0,B,C,wide,,0
C_node32node59_wide_t1,4342.06,B,C,wide,,1
C_node32node59_wide_t2,3078.16,B,C,wide,,2
C_node32node59_wide_t3,2182.17,B,C,wide,,3
C_node32node59_wide_t4,1546.98,B,C,wide,,4
C_node32node59_wide_t5,1096.68,B,C,wide,,5
C_node32node100_timber_t0,0.0,B,C,timber,,0
C_node32node100_timber_t1,0.0,B,C,timber,,1
C_node32node100_timber_t2,0.0,B,C,timber,,2
C_node32node100_timber_t3,0.0,B,C,timber,,3
C_node32node100_timber_t4,0.0,B,C,timber,,4
C_node32node100_timber_t5,0.0,B,C,timber,,5
C_node32node100_wide_t0,0.0,B,C,wide,,0
C_node32node100_wide_t1,0.0,B,C,wide,,1
C_node32node100_wide_t2,0.0,B,C,wide,,2
C_node32node100_wide_t3,0.0,B,C,wide,,3
C_node32node100_wide_t4,0.0,B,C,wide,,4
C_node32node100_wide_t5,0.0,B,C,wide,,5
C_node32node101_timber_t0,0.0,B,C,timber,,0
C_node32node101_timber_t1,0.0,B,C,timber,,1
C_node32node101_timber_t2,0.0,B,C,timber,,2
C_node32node101_timber_t3,0.0,B,C,timber,,3
C_node32node101_timber_t4,0.0,B,C,timber,,4
C_node32node101_timber_t5,0.0,B,C,timber,,5
C_node32node101_wide_t0,0.0,B,C,wide,,0
C_node32node101_wide_t1,0.0,B,C,wide,,1
C_node32node101_wide_t2,0.0,B,C,wide,,2
C_node32node101_wide_t3,0.0,B,C,wide,,3
C_node32node101_wide_t4,0.0,B,C,wide,,4
C_node32node101_wide_t5,0.0,B,C,wide,,5
C_node33node88_timber_t0,4868.0,B,C,timber,,0
C_node33node88_timber_t1,4098.73,B,C,timber,,1
C_node33node88_timber_t2,2905.66,B,C,timber,,2
C_node33node88_timber_t3,2059.88,B,C,timber,,3
C_node33node88_timber_t4,1460.29,B,C,timber,,4
C_node33node88_timber_t5,1035.23,B,C,timber,,5
C_node33node88_wide_t0,7300.0,B,C,wide,,0
C_node33node88_wide_t1,6146.4,B,C,wide,,1
C_node33node88_wide_t2,4357.3,B,C,wide,,2
C_node33node88_wide_t3,3088.97,B,C,wide,,3
C_node33node88_wide_t4,2189.83,B,C,wide,,4
C_node33node88_wide_t5,1552.41,B,C,wide,,5
C_node33node111_timber_t0,0.0,B,C,timber,,0
C_node33node111_timber_t1,0.0,B,C,timber,,1
C_node33node111_timber_t2,0.0,B,C,timber,,2
C_node33node111_timber_t3,0.0,B,C,timber,,3
C_node33node111_timber_t4,0.0,B,C,timber,,4
C_node33node111_timber_t5,0.0,B,C,timber,,5
C_node33node111_wide_t0,0.0,B,C,wide,,0
C_node33node111_wide_t1,0.0,B,C,wide,,1
C_node33node111_wide_t2,0.0,B,C,wide,,2
C_node33node111_wide_t3,0.0,B,C,wide,,3
C_node33node111_wide_t4,0.0,B,C,wide,,4
C_node33node111_wide_t5,0.0,B,C,wide,,5
C_node33node112_timber_t0,0.0,B,C,timber,,0
C_node33node112_timber_t1,0.0,B,C,timber,,1
C_node33node112_timber_t2,0.0,B,C,timber,,2
C_node33node112_timber_t3,0.0,B,C,timber,,3
C_node33node112_timber_t4,0.0,B,C,timber,,4
C_node33node112_timber_t5,0.0,B,C,timber,,5
C_node33node112_wide_t0,0.0,B,C,wide,,0
C_node33node112_wide_t1,0.0,B,C,wide,,1
C_node33node112_wide_t2,0.0,B,C,wide,,2
C_node33node112_wide_t3,0.0,B,C,wide,,3
C_node33node112_wide_t4,0.0,B,C,wide,,4
C_node33node112_wide_t5,0.0,B,C,wide,,5
C_node34node38_timber_t0,27.0,B,C,timber,,0
C_node34node38_timber_t1,22.73,B,C,timber,,1
C_node34node38_timber_t2,16.12,B,C,timber,,2
C_node34node38_timber_t3,11.42,B,C,timber,,3
C_node34node38_timber_t4,8.1,B,C,timber,,4
C_node34node38_timber_t5,5.74,B,C,timber,,5
C_node34node38_wide_t0,40.0,B,C,wide,,0
C_node34node38_wide_t1,33.68,B,C,wide,,1
C_node34node38_wide_t2,23.88,B,C,wide,,2
C_node34node38_wide_t3,16.93,B,C,wide,,3
C_node34node38_wide_t4,12.0,B,C,wide,,4
C_node34node38_wide_t5,8.51,B,C,wide,,5
C_node34node106_timber_t0,0.0,B,C,timber,,0
C_node34node106_timber_t1,0.0,B,C,timber,,1
C_node34node106_timber_t2,0.0,B,C,timber,,2
C_node34node106_timber_t3,0.0,B,C,timber,,3
C_node34node106_timber_t4,0.0,B,C,timber,,4
C_node34node106_timber_t5,0.0,B,C,timber,,5
C_node34node106_wide_t0,0.0,B,C,wide,,0
C_node34node106_wide_t1,0.0,B,C,wide,,1
C_node34node106_wide_t2,0.0,B,C,wide,,2
C_node34node106_wide_t3,0.0,B,C,wide,,3
C_node34node106_wide_t4,0.0,B,C,wide,,4
C_node34node106_wide_t5,0.0,B,C,wide,,5
C_node34node110_timber_t0,0.0,B,C,timber,,0
C_node34node110_timber_t1,0.0,B,C,timber,,1
C_node34node110_timber_t2,0.0,B,C,timber,,2
C_node34node110_timber_t3,0.0,B,C,timber,,3
C_node34node110_timber_t4,0.0,B,C,timber,,4
C_node34node110_timber_t5,0.0,B,C,timber,,5
C_node34node110_wide_t0,0.0,B,C,wide,,0
C_node34node110_wide_t1,0.0,B,C,wide,,1
C_node34node110_wide_t2,0.0,B,C,wide,,2
C_node34node110_wide_t3,0.0,B,C,wide,,3
C_node34node110_wide_t4,0.0,B,C,wide,,4
C_node34node110_wide_t5,0.0,B,C,wide,,5
C_node34node111_timber_t0,0.0,B,C,timber,,0
C_node34node111_timber_t1,0.0,B,C,timber,,1
C_node34node111_timber_t2,0.0,B,C,timber,,2
C_node34node111_timber_t3,0.0,B,C,timber,,3
C_node34node111_timber_t4,0.0,B,C,timber,,4
C_node34node111_timber_t5,0.0,B,C,timber,,5
C_node34node111_wide_t0,0.0,B,C,wide,,0
C_node34node111_wide_t1,0.0,B,C,wide,,1
C_node34node111_wide_t2,0.0,B,C,wide,,2
C_node34node111_wide_t3,0.0,B,C,wide,,3
C_node34node111_wide_t4,0.0,B,C,wide,,4
C_node34node111_wide_t5,0.0,B,C,wide,,5
C_node34node113_timber_t0,0.0,B,C,timber,,0
C_node34node113_timber_t1,0.0,B,C,timber,,1
C_node34node113_timber_t2,0.0,B,C,timber,,2
C_node34node113_timber_t3,0.0,B,C,timber,,3
C_node34node113_timber_t4,0.0,B,C,timber,,4
C_node34node113_timber_t5,0.0,B,C,timber,,5
C_node34node113_wide_t0,0.0,B,C,wide,,0
C_node34node113_wide_t1,0.0,B,C,wide,,1
C_node34node113_wide_t2,0.0,B,C,wide,,2
C_node34node113_wide_t3,0.0,B,C,wide,,3
C_node34node113_wide_t4,0.0,B,C,wide,,4
C_node34node113_wide_t5,0.0,B,C,wide,,5
C_node35node51_timber_t0,140.0,B,C,timber,,0
C_node35node51_timber_t1,117.88,B,C,timber,,1
C_node35node51_timber_t2,83.56,B,C,timber,,2
C_node35node51_timber_t3,59.24,B,C,timber,,3
C_node35node51_timber_t4,42.0,B,C,timber,,4
C_node35node51_timber_t5,29.77,B,C,timber,,5
C_node35node51_wide_t0,211.0,B,C,wide,,0
C_node35node51_wide_t1,177.66,B,C,wide,,1
C_node35node51_wide_t2,125.94,B,C,wide,,2
C_node35node51_wide_t3,89.28,B,C,wide,,3
C_node35node51_wide_t4,63.3,B,C,wide,,4
C_node35node51_wide_t5,44.87,B,C,wide,,5
C_node35node114_timber_t0,0.0,B,C,timber,,0
C_node35node114_timber_t1,0.0,B,C,timber,,1
C_node35node114_timber_t2,0.0,B,C,timber,,2
C_node35node114_timber_t3,0.0,B,C,timber,,3
C_node35node114_timber_t4,0.0,B,C,timber,,4
C_node35node114_timber_t5,0.0,B,C,timber,,5
C_node35node114_wide_t0,0.0,B,C,wide,,0
C_node35node114_wide_t1,0.0,B,C,wide,,1
C_node35node114_wide_t2,0.0,B,C,wide,,2
C_node35node114_wide_t3,0.0,B,C,wide,,3
C_node35node114_wide_t4,0.0,B,C,wide,,4
C_node35node114_wide_t5,0.0,B,C,wide,,5
C_node36node107_timber_t0,0.0,B,C,timber,,0
C_node36node107_timber_t1,0.0,B,C,timber,,1
C_node36node107_timber_t2,0.0,B,C,timber,,2
C_node36node107_timber_t3,0.0,B,C,timber,,3
C_node36node107_timber_t4,0.0,B,C,timber,,4
C_node36node107_timber_t5,0.0,B,C,timber,,5
C_node36node107_wide_t0,0.0,B,C,wide,,0
C_node36node107_wide_t1,0.0,B,C,wide,,1
C_node36node107_wide_t2,0.0,B,C,wide,,2
C_node36node107_wide_t3,0.0,B,C,wide,,3
C_node36node107_wide_t4,0.0,B,C,wide,,4
C_node36node107_wide_t5,0.0,B,C,wide,,5
C_node36node108_timber_t0,0.0,B,C,timber,,0
C_node36node108_timber_t1,0.0,B,C,timber,,1
C_node36node108_timber_t2,0.0,B,C,timber,,2
C_node36node108_timber_t3,0.0,B,C,timber,,3
C_node36node108_timber_t4,0.0,B,C,timber,,4
C_node36node108_timber_t5,0.0,B,C,timber,,5
C_node36node108_wide_t0,0.0,B,C,wide,,0
C_node36node108_wide_t1,0.0,B,C,wide,,1
C_node36node108_wide_t2,0.0,B,C,wide,,2
C_node36node108_wide_t3,0.0,B,C,wide,,3
C_node36node108_wide_t4,0.0,B,C,wide,,4
C_node36node108_wide_t5,0.0,B,C,wide,,5
C_node37node93_timber_t0,0.0,B,C,timber,,0
C_node37node93_timber_t1,0.0,B,C,timber,,1
C_node37node93_timber_t2,0.0,B,C,timber,,2
C_node37node93_timber_t3,0.0,B,C,timber,,3
C_node37node93_timber_t4,0.0,B,C,timber,,4
C_node37node93_timber_t5,0.0,B,C,timber,,5
C_node37node93_wide_t0,0.0,B,C,wide,,0
C_node37node93_wide_t1,0.0,B,C,wide,,1
C_node37node93_wide_t2,0.0,B,C,wide,,2
C_node37node93_wide_t3,0.0,B,C,wide,,3
C_node37node93_wide_t4,0.0,B,C,wide,,4
C_node37node93_wide_t5,0.0,B,C,wide,,5
C_node37node100_timber_t0,0.0,B,C,timber,,0
C_node37node100_timber_t1,0.0,B,C,timber,,1
C_node37node100_timber_t2,0.0,B,C,timber,,2
C_node37node100_timber_t3,0.0,B,C,timber,,3
C_node37node100_timber_t4,0.0,B,C,timber,,4
C_node37node100_timber_t5,0.0,B,C,timber,,5
C_node37node100_wide_t0,0.0,B,C,wide,,0
C_node37node100_wide_t1,0.0,B,C,wide,,1
C_node37node100_wide_t2,0.0,B,C,wide,,2
C_node37node100_wide_t3,0.0,B,C,wide,,3
C_node37node100_wide_t4,0.0,B,C,wide,,4
C_node37node100_wide_t5,0.0,B,C,wide,,5
C_node38node111_timber_t0,0.0,B,C,timber,,0
C_node38node111_timber_t1,0.0,B,C,timber,,1
C_node38node111_timber_t2,0.0,B,C,timber,,2
C_node38node111_timber_t3,0.0,B,C,timber,,3
C_node38node111_timber_t4,0.0,B,C,timber,,4
C_node38node111_timber_t5,0.0,B,C,timber,,5
C_node38node111_wide_t0,0.0,B,C,wide,,0
C_node38node111_wide_t1,0.0,B,C,wide,,1
C_node38node111_wide_t2,0.0,B,C,wide,,2
C_node38node111_wide_t3,0.0,B,C,wide,,3
C_node38node111_wide_t4,0.0,B,C,wide,,4
C_node38node111_wide_t5,0.0,B,C,wide,,5
C_node38node113_timber_t0,0.0,B,C,timber,,0
C_node38node113_timber_t1,0.0,B,C,timber,,1
C_node38node113_timber_t2,0.0,B,C,timber,,2
C_node38node113_timber_t3,0.0,B,C,timber,,3
C_node38node113_timber_t4,0.0,B,C,timber,,4
C_node38node113_timber_t5,0.0,B,C,timber,,5
C_node38node113_wide_t0,0.0,B,C,wide,,0
C_node38node113_wide_t1,0.0,B,C,wide,,1
C_node38node113_wide_t2,0.0,B,C,wide,,2
C_node38node113_wide_t3,0.0,B,C,wide,,3
C_node38node113_wide_t4,0.0,B,C,wide,,4
C_node38node113_wide_t5,0.0,B,C,wide,,5
C_node39node92_timber_t0,0.0,B,C,timber,,0
C_node39node92_timber_t1,0.0,B,C,timber,,1
C_node39node92_timber_t2,0.0,B,C,timber,,2
C_node39node92_timber_t3,0.0,B,C,timber,,3
C_node39node92_timber_t4,0.0,B,C,timber,,4
C_node39node92_timber_t5,0.0,B,C,timber,,5
C_node39node92_wide_t0,0.0,B,C,wide,,0
C_node39node92_wide_t1,0.0,B,C,wide,,1
C_node39node92_wide_t2,0.0,B,C,wide,,2
C_node39node92_wide_t3,0.0,B,C,wide,,3
C_node39node92_wide_t4,0.0,B,C,wide,,4
C_node39node92_wide_t5,0.0,B,C,wide,,5
C_node39node93_timber_t0,0.0,B,C,timber,,0
C_node39node93_timber_t1,0.0,B,C,timber,,1
C_node39node93_timber_t2,0.0,B,C,timber,,2
C_node39node93_timber_t3,0.0,B,C,timber,,3
C_node39node93_timber_t4,0.0,B,C,timber,,4
C_node39node93_timber_t5,0.0,B,C,timber,,5
C_node39node93_wide_t0,0.0,B,C,wide,,0
C_node39node93_wide_t1,0.0,B,C,wide,,1
C_node39node93_wide_t2,0.0,B,C,wide,,2
C_node39node93_wide_t3,0.0,B,C,wide,,3
C_node39node93_wide_t4,0.0,B,C,wide,,4
C_node39node93_wide_t5,0.0,B,C,wide,,5
C_node40node55_timber_t0,1699.0,B,C,timber,,0
C_node40node55_timber_t1,1430.51,B,C,timber,,1
C_node40node55_timber_t2,1014.12,B,C,timber,,2
C_node40node55_timber_t3,718.93,B,C,timber,,3
C_node40node55_timber_t4,509.66,B,C,timber,,4
C_node40node55_timber_t5,361.31,B,C,timber,,5
C_node40node55_wide_t0,2547.0,B,C,wide,,0
C_node40node55_wide_t1,2144.51,B,C,wide,,1
C_node40node55_wide_t2,1520.28,B,C,wide,,2
C_node40node55_wide_t3,1077.76,B,C,wide,,3
C_node40node55_wide_t4,764.04,B,C,wide,,4
C_node40node55_wide_t5,541.64,B,C,wide,,5
C_node40node103_timber_t0,0.0,B,C,timber,,0
C_node40node103_timber_t1,0.0,B,C,timber,,1
C_node40node103_timber_t2,0.0,B,C,timber,,2
C_node40node103_timber_t3,0.0,B,C,timber,,3
C_node40node103_timber_t4,0.0,B,C,timber,,4
C_node40node103_timber_t5,0.0,B,C,timber,,5
C_node40node103_wide_t0,0.0,B,C,wide,,0
C_node40node103_wide_t1,0.0,B,C,wide,,1
C_node40node103_wide_t2,0.0,B,C,wide,,2
C_node40node103_wide_t3,0.0,B,C,wide,,3
C_node40node103_wide_t4,0.0,B,C,wide,,4
C_node40node103_wide_t5,0.0,B,C,wide,,5
C_node40node104_timber_t0,0.0,B,C,timber,,0
C_node40node104_timber_t1,0.0,B,C,timber,,1
C_node40node104_timber_t2,0.0,B,C,timber,,2
C_node40node104_timber_t3,0.0,B,C,timber,,3
C_node40node104_timber_t4,0.0,B,C,timber,,4
C_node40node104_timber_t5,0.0,B,C,timber,,5
C_node40node104_wide_t0,0.0,B,C,wide,,0
C_node40node104_wide_t1,0.0,B,C,wide,,1
C_node40node104_wide_t2,0.0,B,C,wide,,2
C_node40node104_wide_t3,0.0,B,C,wide,,3
C_node40node104_wide_t4,0.0,B,C,wide,,4
C_node40node104_wide_t5,0.0,B,C,wide,,5
C_node41node82_timber_t0,1802.0,B,C,timber,,0
C_node41node82_timber_t1,1517.24,B,C,timber,,1
C_node41node82_timber_t2,1075.6,B,C,timber,,2
C_node41node82_timber_t3,762.51,B,C,timber,,3
C_node41node82_timber_t4,540.56,B,C,timber,,4
C_node41node82_timber_t5,383.21,B,C,timber,,5
C_node41node82_wide_t0,2703.0,B,C,wide,,0
C_node41node82_wide_t1,2275.85,B,C,wide,,1
C_node41node82_wide_t2,1613.4,B,C,wide,,2
C_node41node82_wide_t3,1143.77,B,C,wide,,3
C_node41node82_wide_t4,810.84,B,C,wide,,4
C_node41node82_wide_t5,574.82,B,C,wide,,5
C_node41node59_timber_t0,2833.0,B,C,timber,,0
C_node41node59_timber_t1,2385.31,B,C,timber,,1
C_node41node59_timber_t2,1690.99,B,C,timber,,2
C_node41node59_timber_t3,1198.78,B,C,timber,,3
C_node41node59_timber_t4,849.83,B,C,timber,,4
C_node41node59_timber_t5,602.46,B,C,timber,,5
C_node41node59_wide_t0,4247.0,B,C,wide,,0
C_node41node59_wide_t1,3575.86,B,C,wide,,1
C_node41node59_wide_t2,2534.99,B,C,wide,,2
C_node41node59_wide_t3,1797.11,B,C,wide,,3
C_node41node59_wide_t4,1274.0,B,C,wide,,4
C_node41node59_wide_t5,903.16,B,C,wide,,5
C_node41node100_timber_t0,0.0,B,C,timber,,0
C_node41node100_timber_t1,0.0,B,C,timber,,1
C_node41node100_timber_t2,0.0,B,C,timber,,2
C_node41node100_timber_t3,0.0,B,C,timber,,3
C_node41node100_timber_t4,0.0,B,C,timber,,4
C_node41node100_timber_t5,0.0,B,C,timber,,5
C_node41node100_wide_t0,0.0,B,C,wide,,0
C_node41node100_wide_t1,0.0,B,C,wide,,1
C_node41node100_wide_t2,0.0,B,C,wide,,2
C_node41node100_wide_t3,0.0,B,C,wide,,3
C_node41node100_wide_t4,0.0,B,C,wide,,4
C_node41node100_wide_t5,0.0,B,C,wide,,5
C_node42node70_timber_t0,1603.0,B,C,timber,,0
C_node42node70_timber_t1,1349.68,B,C,timber,,1
C_node42node70_timber_t2,956.82,B,C,timber,,2
C_node42node70_timber_t3,678.3,B,C,timber,,3
C_node42node70_timber_t4,480.86,B,C,timber,,4
C_node42node70_timber_t5,340.89,B,C,timber,,5
C_node42node70_wide_t0,2403.0,B,C,wide,,0
C_node42node70_wide_t1,2023.26,B,C,wide,,1
C_node42node70_wide_t2,1434.33,B,C,wide,,2
C_node42node70_wide_t3,1016.82,B,C,wide,,3
C_node42node70_wide_t4,720.84,B,C,wide,,4
C_node42node70_wide_t5,511.02,B,C,wide,,5
C_node42node92_timber_t0,0.0,B,C,timber,,0
C_node42node92_timber_t1,0.0,B,C,timber,,1
C_node42node92_timber_t2,0.0,B,C,timber,,2
C_node42node92_timber_t3,0.0,B,C,timber,,3
C_node42node92_timber_t4,0.0,B,C,timber,,4
C_node42node92_timber_t5,0.0,B,C,timber,,5
C_node42node92_wide_t0,0.0,B,C,wide,,0
C_node42node92_wide_t1,0.0,B,C,wide,,1
C_node42node92_wide_t2,0.0,B,C,wide,,2
C_node42node92_wide_t3,0.0,B,C,wide,,3
C_node42node92_wide_t4,0.0,B,C,wide,,4
C_node42node92_wide_t5,0.0,B,C,wide,,5
C_node42node94_timber_t0,0.0,B,C,timber,,0
C_node42node94_timber_t1,0.0,B,C,timber,,1
C_node42node94_timber_t2,0.0,B,C,timber,,2
C_node42node94_timber_t3,0.0,B,C,timber,,3
C_node42node94_timber_t4,0.0,B,C,timber,,4
C_node42node94_timber_t5,0.0,B,C,timber,,5
C_node42node94_wide_t0,0.0,B,C,wide,,0
C_node42node94_wide_t1,0.0,B,C,wide,,1
C_node42node94_wide_t2,0.0,B,C,wide,,2
C_node42node94_wide_t3,0.0,B,C,wide,,3
C_node42node94_wide_t4,0.0,B,C,wide,,4
C_node42node94_wide_t5,0.0,B,C,wide,,5
C_node43node76_timber_t0,1042.0,B,C,timber,,0
C_node43node76_timber_t1,877.34,B,C,timber,,1
C_node43node76_timber_t2,621.96,B,C,timber,,2
C_node43node76_timber_t3,440.92,B,C,timber,,3
C_node43node76_timber_t4,312.58,B,C,timber,,4
C_node43node76_timber_t5,221.59,B,C,timber,,5
C_node43node76_wide_t0,1565.0,B,C,wide,,0
C_node43node76_wide_t1,1317.69,B,C,wide,,1
C_node43node76_wide_t2,934.13,B,C,wide,,2
C_node43node76_wide_t3,662.23,B,C,wide,,3
C_node43node76_wide_t4,469.46,B,C,wide,,4
C_node43node76_wide_t5,332.81,B,C,wide,,5
C_node43node50_timber_t0,787.0,B,C,timber,,0
C_node43node50_timber_t1,662.63,B,C,timber,,1
C_node43node50_timber_t2,469.75,B,C,timber,,2
C_node43node50_timber_t3,333.02,B,C,timber,,3
C_node43node50_timber_t4,236.08,B,C,timber,,4
C_node43node50_timber_t5,167.36,B,C,timber,,5
C_node43node50_wide_t0,1181.0,B,C,wide,,0
C_node43node50_wide_t1,994.37,B,C,wide,,1
C_node43node50_wide_t2,704.93,B,C,wide,,2
C_node43node50_wide_t3,499.74,B,C,wide,,3
C_node43node50_wide_t4,354.27,B,C,wide,,4
C_node43node50_wide_t5,251.15,B,C,wide,,5
C_node43node91_timber_t0,0.0,B,C,timber,,0
C_node43node91_timber_t1,0.0,B,C,timber,,1
C_node43node91_timber_t2,0.0,B,C,timber,,2
C_node43node91_timber_t3,0.0,B,C,timber,,3
C_node43node91_timber_t4,0.0,B,C,timber,,4
C_node43node91_timber_t5,0.0,B,C,timber,,5
C_node43node91_wide_t0,0.0,B,C,wide,,0
C_node43node91_wide_t1,0.0,B,C,wide,,1
C_node43node91_wide_t2,0.0,B,C,wide,,2
C_node43node91_wide_t3,0.0,B,C,wide,,3
C_node43node91_wide_t4,0.0,B,C,wide,,4
C_node43node91_wide_t5,0.0,B,C,wide,,5
C_node43node99_timber_t0,0.0,B,C,timber,,0
C_node43node99_timber_t1,0.0,B,C,timber,,1
C_node43node99_timber_t2,0.0,B,C,timber,,2
C_node43node99_timber_t3,0.0,B,C,timber,,3
C_node43node99_timber_t4,0.0,B,C,timber,,4
C_node43node99_timber_t5,0.0,B,C,timber,,5
C_node43node99_wide_t0,0.0,B,C,wide,,0
C_node43node99_wide_t1,0.0,B,C,wide,,1
C_node43node99_wide_t2,0.0,B,C,wide,,2
C_node43node99_wide_t3,0.0,B,C,wide,,3
C_node43node99_wide_t4,0.0,B,C,wide,,4
C_node43node99_wide_t5,0.0,B,C,wide,,5
C_node43node100_timber_t0,0.0,B,C,timber,,0
C_node43node100_timber_t1,0.0,B,C,timber,,1
C_node43node100_timber_t2,0.0,B,C,timber,,2
C_node43node100_timber_t3,0.0,B,C,timber,,3
C_node43node100_timber_t4,0.0,B,C,timber,,4
C_node43node100_timber_t5,0.0,B,C,timber,,5
C_node43node100_wide_t0,0.0,B,C,wide,,0
C_node43node100_wide_t1,0.0,B,C,wide,,1
C_node43node100_wide_t2,0.0,B,C,wide,,2
C_node43node100_wide_t3,0.0,B,C,wide,,3
C_node43node100_wide_t4,0.0,B,C,wide,,4
C_node43node100_wide_t5,0.0,B,C,wide,,5
C_node44node83_timber_t0,523.0,B,C,timber,,0
C_node44node83_timber_t1,440.35,B,C,timber,,1
C_node44node83_timber_t2,312.17,B,C,timber,,2
C_node44node83_timber_t3,221.31,B,C,timber,,3
C_node44node83_timber_t4,156.89,B,C,timber,,4
C_node44node83_timber_t5,111.22,B,C,timber,,5
C_node44node83_wide_t0,784.0,B,C,wide,,0
C_node44node83_wide_t1,660.11,B,C,wide,,1
C_node44node83_wide_t2,467.96,B,C,wide,,2
C_node44node83_wide_t3,331.75,B,C,wide,,3
C_node44node83_wide_t4,235.18,B,C,wide,,4
C_node44node83_wide_t5,166.72,B,C,wide,,5
C_node44node107_timber_t0,0.0,B,C,timber,,0
C_node44node107_timber_t1,0.0,B,C,timber,,1
C_node44node107_timber_t2,0.0,B,C,timber,,2
C_node44node107_timber_t3,0.0,B,C,timber,,3
C_node44node107_timber_t4,0.0,B,C,timber,,4
C_node44node107_timber_t5,0.0,B,C,timber,,5
C_node44node107_wide_t0,0.0,B,C,wide,,0
C_node44node107_wide_t1,0.0,B,C,wide,,1
C_node44node107_wide_t2,0.0,B,C,wide,,2
C_node44node107_wide_t3,0.0,B,C,wide,,3
C_node44node107_wide_t4,0.0,B,C,wide,,4
C_node44node107_wide_t5,0.0,B,C,wide,,5
C_node45node108_timber_t0,0.0,B,C,timber,,0
C_node45node108_timber_t1,0.0,B,C,timber,,1
C_node45node108_timber_t2,0.0,B,C,timber,,2
C_node45node108_timber_t3,0.0,B,C,timber,,3
C_node45node108_timber_t4,0.0,B,C,timber,,4
C_node45node108_timber_t5,0.0,B,C,timber,,5
C_node45node108_wide_t0,0.0,B,C,wide,,0
C_node45node108_wide_t1,0.0,B,C,wide,,1
C_node45node108_wide_t2,0.0,B,C,wide,,2
C_node45node108_wide_t3,0.0,B,C,wide,,3
C_node45node108_wide_t4,0.0,B,C,wide,,4
C_node45node108_wide_t5,0.0,B,C,wide,,5
C_node45node109_timber_t0,0.0,B,C,timber,,0
C_node45node109_timber_t1,0.0,B,C,timber,,1
C_node45node109_timber_t2,0.0,B,C,timber,,2
C_node45node109_timber_t3,0.0,B,C,timber,,3
C_node45node109_timber_t4,0.0,B,C,timber,,4
C_node45node109_timber_t5,0.0,B,C,timber,,5
C_node45node109_wide_t0,0.0,B,C,wide,,0
C_node45node109_wide_t1,0.0,B,C,wide,,1
C_node45node109_wide_t2,0.0,B,C,wide,,2
C_node45node109_wide_t3,0.0,B,C,wide,,3
C_node45node109_wide_t4,0.0,B,C,wide,,4
C_node45node109_wide_t5,0.0,B,C,wide,,5
C_node45node110_timber_t0,0.0,B,C,timber,,0
C_node45node110_timber_t1,0.0,B,C,timber,,1
C_node45node110_timber_t2,0.0,B,C,timber,,2
C_node45node110_timber_t3,0.0,B,C,timber,,3
C_node45node110_timber_t4,0.0,B,C,timber,,4
C_node45node110_timber_t5,0.0,B,C,timber,,5
C_node45node110_wide_t0,0.0,B,C,wide,,0
C_node45node110_wide_t1,0.0,B,C,wide,,1
C_node45node110_wide_t2,0.0,B,C,wide,,2
C_node45node110_wide_t3,0.0,B,C,wide,,3
C_node45node110_wide_t4,0.0,B,C,wide,,4
C_node45node110_wide_t5,0.0,B,C,wide,,5
C_node46node94_timber_t0,0.0,B,C,timber,,0
C_node46node94_timber_t1,0.0,B,C,timber,,1
C_node46node94_timber_t2,0.0,B,C,timber,,2
C_node46node94_timber_t3,0.0,B,C,timber,,3
C_node46node94_timber_t4,0.0,B,C,timber,,4
C_node46node94_timber_t5,0.0,B,C,timber,,5
C_node46node94_wide_t0,0.0,B,C,wide,,0
C_node46node94_wide_t1,0.0,B,C,wide,,1
C_node46node94_wide_t2,0.0,B,C,wide,,2
C_node46node94_wide_t3,0.0,B,C,wide,,3
C_node46node94_wide_t4,0.0,B,C,wide,,4
C_node46node94_wide_t5,0.0,B,C,wide,,5
C_node46node95_timber_t0,0.0,B,C,timber,,0
C_node46node95_timber_t1,0.0,B,C,timber,,1
C_node46node95_timber_t2,0.0,B,C,timber,,2
C_node46node95_timber_t3,0.0,B,C,timber,,3
C_node46node95_timber_t4,0.0,B,C,timber,,4
C_node46node95_timber_t5,0.0,B,C,timber,,5
C_node46node95_wide_t0,0.0,B,C,wide,,0
C_node46node95_wide_t1,0.0,B,C,wide,,1
C_node46node95_wide_t2,0.0,B,C,wide,,2
C_node46node95_wide_t3,0.0,B,C,wide,,3
C_node46node95_wide_t4,0.0,B,C,wide,,4
C_node46node95_wide_t5,0.0,B,C,wide,,5
C_node46node97_timber_t0,0.0,B,C,timber,,0
C_node46node97_timber_t1,0.0,B,C,timber,,1
C_node46node97_timber_t2,0.0,B,C,timber,,2
C_node46node97_timber_t3,0.0,B,C,timber,,3
C_node46node97_timber_t4,0.0,B,C,timber,,4
C_node46node97_timber_t5,0.0,B,C,timber,,5
C_node46node97_wide_t0,0.0,B,C,wide,,0
C_node46node97_wide_t1,0.0,B,C,wide,,1
C_node46node97_wide_t2,0.0,B,C,wide,,2
C_node46node97_wide_t3,0.0,B,C,wide,,3
C_node46node97_wide_t4,0.0,B,C,wide,,4
C_node46node97_wide_t5,0.0,B,C,wide,,5
C_node47node49_timber_t0,1174.0,B,C,timber,,0
C_node47node49_timber_t1,988.48,B,C,timber,,1
C_node47node49_timber_t2,700.75,B,C,timber,,2
C_node47node49_timber_t3,496.77,B,C,timber,,3
C_node47node49_timber_t4,352.17,B,C,timber,,4
C_node47node49_timber_t5,249.66,B,C,timber,,5
C_node47node49_wide_t0,1761.0,B,C,wide,,0
C_node47node49_wide_t1,1482.71,B,C,wide,,1
C_node47node49_wide_t2,1051.12,B,C,wide,,2
C_node47node49_wide_t3,745.16,B,C,wide,,3
C_node47node49_wide_t4,528.26,B,C,wide,,4
C_node47node49_wide_t5,374.49,B,C,wide,,5
C_node47node107_timber_t0,0.0,B,C,timber,,0
C_node47node107_timber_t1,0.0,B,C,timber,,1
C_node47node107_timber_t2,0.0,B,C,timber,,2
C_node47node107_timber_t3,0.0,B,C,timber,,3
C_node47node107_timber_t4,0.0,B,C,timber,,4
C_node47node107_timber_t5,0.0,B,C,timber,,5
C_node47node107_wide_t0,0.0,B,C,wide,,0
C_node47node107_wide_t1,0.0,B,C,wide,,1
C_node47node107_wide_t2,0.0,B,C,wide,,2
C_node47node107_wide_t3,0.0,B,C,wide,,3
C_node47node107_wide_t4,0.0,B,C,wide,,4
C_node47node107_wide_t5,0.0,B,C,wide,,5
C_node47node114_timber_t0,0.0,B,C,timber,,0
C_node47node114_timber_t1,0.0,B,C,timber,,1
C_node47node114_timber_t2,0.0,B,C,timber,,2
C_node47node114_timber_t3,0.0,B,C,timber,,3
C_node47node114_timber_t4,0.0,B,C,timber,,4
C_node47node114_timber_t5,0.0,B,C,timber,,5
C_node47node114_wide_t0,0.0,B,C,wide,,0
C_node47node114_wide_t1,0.0,B,C,wide,,1
C_node47node114_wide_t2,0.0,B,C,wide,,2
C_node47node114_wide_t3,0.0,B,C,wide,,3
C_node47node114_wide_t4,0.0,B,C,wide,,4
C_node47node114_wide_t5,0.0,B,C,wide,,5
C_node48node67_timber_t0,225.0,B,C,timber,,0
C_node48node67_timber_t1,189.44,B,C,timber,,1
C_node48node67_timber_t2,134.3,B,C,timber,,2
C_node48node67_timber_t3,95.21,B,C,timber,,3
C_node48node67_timber_t4,67.49,B,C,timber,,4
C_node48node67_timber_t5,47.85,B,C,timber,,5
C_node48node67_wide_t0,337.0,B,C,wide,,0
C_node48node67_wide_t1,283.74,B,C,wide,,1
C_node48node67_wide_t2,201.15,B,C,wide,,2
C_node48node67_wide_t3,142.6,B,C,wide,,3
C_node48node67_wide_t4,101.09,B,C,wide,,4
C_node48node67_wide_t5,71.67,B,C,wide,,5
C_node48node63_timber_t0,437.0,B,C,timber,,0
C_node48node63_timber_t1,367.94,B,C,timber,,1
C_node48node63_timber_t2,260.84,B,C,timber,,2
C_node48node63_timber_t3,184.92,B,C,timber,,3
C_node48node63_timber_t4,131.09,B,C,timber,,4
C_node48node63_timber_t5,92.93,B,C,timber,,5
C_node48node63_wide_t0,654.0,B,C,wide,,0
C_node48node63_wide_t1,550.65,B,C,wide,,1
C_node48node63_wide_t2,390.37,B,C,wide,,2
C_node48node63_wide_t3,276.74,B,C,wide,,3
C_node48node63_wide_t4,196.18,B,C,wide,,4
C_node48node63_wide_t5,139.08,B,C,wide,,5
C_node48node90_timber_t0,0.0,B,C,timber,,0
C_node48node90_timber_t1,0.0,B,C,timber,,1
C_node48node90_timber_t2,0.0,B,C,timber,,2
C_node48node90_timber_t3,0.0,B,C,timber,,3
C_node48node90_timber_t4,0.0,B,C,timber,,4
C_node48node90_timber_t5,0.0,B,C,timber,,5
C_node48node90_wide_t0,0.0,B,C,wide,,0
C_node48node90_wide_t1,0.0,B,C,wide,,1
C_node48node90_wide_t2,0.0,B,C,wide,,2
C_node48node90_wide_t3,0.0,B,C,wide,,3
C_node48node90_wide_t4,0.0,B,C,wide,,4
C_node48node90_wide_t5,0.0,B,C,wide,,5
C_node48node94_timber_t0,0.0,B,C,timber,,0
C_node48node94_timber_t1,0.0,B,C,timber,,1
C_node48node94_timber_t2,0.0,B,C,timber,,2
C_node48node94_timber_t3,0.0,B,C,timber,,3
C_node48node94_timber_t4,0.0,B,C,timber,,4
C_node48node94_timber_t5,0.0,B,C,timber,,5
C_node48node94_wide_t0,0.0,B,C,wide,,0
C_node48node94_wide_t1,0.0,B,C,wide,,1
C_node48node94_wide_t2,0.0,B,C,wide,,2
C_node48node94_wide_t3,0.0,B,C,wide,,3
C_node48node94_wide_t4,0.0,B,C,wide,,4
C_node48node94_wide_t5,0.0,B,C,wide,,5
C_node49node97_timber_t0,0.0,B,C,timber,,0
C_node49node97_timber_t1,0.0,B,C,timber,,1
C_node49node97_timber_t2,0.0,B,C,timber,,2
C_node49node97_timber_t3,0.0,B,C,timber,,3
C_node49node97_timber_t4,0.0,B,C,timber,,4
C_node49node97_timber_t5,0.0,B,C,timber,,5
C_node49node97_wide_t0,0.0,B,C,wide,,0
C_node49node97_wide_t1,0.0,B,C,wide,,1
C_node49node97_wide_t2,0.0,B,C,wide,,2
C_node49node97_wide_t3,0.0,B,C,wide,,3
C_node49node97_wide_t4,0.0,B,C,wide,,4
C_node49node97_wide_t5,0.0,B,C,wide,,5
C_node49node107_timber_t0,0.0,B,C,timber,,0
C_node49node107_timber_t1,0.0,B,C,timber,,1
C_node49node107_timber_t2,0.0,B,C,timber,,2
C_node49node107_timber_t3,0.0,B,C,timber,,3
C_node49node107_timber_t4,0.0,B,C,timber,,4
C_node49node107_timber_t5,0.0,B,C,timber,,5
C_node49node107_wide_t0,0.0,B,C,wide,,0
C_node49node107_wide_t1,0.0,B,C,wide,,1
C_node49node107_wide_t2,0.0,B,C,wide,,2
C_node49node107_wide_t3,0.0,B,C,wide,,3
C_node49node107_wide_t4,0.0,B,C,wide,,4
C_node49node107_wide_t5,0.0,B,C,wide,,5
C_node49node114_timber_t0,0.0,B,C,timber,,0
C_node49node114_timber_t1,0.0,B,C,timber,,1
C_node49node114_timber_t2,0.0,B,C,timber,,2
C_node49node114_timber_t3,0.0,B,C,timber,,3
C_node49node114_timber_t4,0.0,B,C,timber,,4
C_node49node114_timber_t5,0.0,B,C,timber,,5
C_node49node114_wide_t0,0.0,B,C,wide,,0
C_node49node114_wide_t1,0.0,B,C,wide,,1
C_node49node114_wide_t2,0.0,B,C,wide,,2
C_node49node114_wide_t3,0.0,B,C,wide,,3
C_node49node114_wide_t4,0.0,B,C,wide,,4
C_node49node114_wide_t5,0.0,B,C,wide,,5
C_node50node58_timber_t0,830.0,B,C,timber,,0
C_node50node58_timber_t1,698.84,B,C,timber,,1
C_node50node58_timber_t2,495.42,B,C,timber,,2
C_node50node58_timber_t3,351.21,B,C,timber,,3
C_node50node58_timber_t4,248.98,B,C,timber,,4
C_node50node58_timber_t5,176.51,B,C,timber,,5
C_node50node58_wide_t0,1246.0,B,C,wide,,0
C_node50node58_wide_t1,1049.1,B,C,wide,,1
C_node50node58_wide_t2,743.73,B,C,wide,,2
C_node50node58_wide_t3,527.24,B,C,wide,,3
C_node50node58_wide_t4,373.77,B,C,wide,,4
C_node50node58_wide_t5,264.97,B,C,wide,,5
C_node50node91_timber_t0,0.0,B,C,timber,,0
C_node50node91_timber_t1,0.0,B,C,timber,,1
C_node50node91_timber_t2,0.0,B,C,timber,,2
C_node50node91_timber_t3,0.0,B,C,timber,,3
C_node50node91_timber_t4,0.0,B,C,timber,,4
C_node50node91_timber_t5,0.0,B,C,timber,,5
C_node50node91_wide_t0,0.0,B,C,wide,,0
C_node50node91_wide_t1,0.0,B,C,wide,,1
C_node50node91_wide_t2,0.0,B,C,wide,,2
C_node50node91_wide_t3,0.0,B,C,wide,,3
C_node50node91_wide_t4,0.0,B,C,wide,,4
C_node50node91_wide_t5,0.0,B,C,wide,,5
C_node50node98_timber_t0,0.0,B,C,timber,,0
C_node50node98_timber_t1,0.0,B,C,timber,,1
C_node50node98_timber_t2,0.0,B,C,timber,,2
C_node50node98_timber_t3,0.0,B,C,timber,,3
C_node50node98_timber_t4,0.0,B,C,timber,,4
C_node50node98_timber_t5,0.0,B,C,timber,,5
C_node50node98_wide_t0,0.0,B,C,wide,,0
C_node50node98_wide_t1,0.0,B,C,wide,,1
C_node50node98_wide_t2,0.0,B,C,wide,,2
C_node50node98_wide_t3,0.0,B,C,wide,,3
C_node50node98_wide_t4,0.0,B,C,wide,,4
C_node50node98_wide_t5,0.0,B,C,wide,,5
C_node50node100_timber_t0,0.0,B,C,timber,,0
C_node50node100_timber_t1,0.0,B,C,timber,,1
C_node50node100_timber_t2,0.0,B,C,timber,,2
C_node50node100_timber_t3,0.0,B,C,timber,,3
C_node50node100_timber_t4,0.0,B,C,timber,,4
C_node50node100_timber_t5,0.0,B,C,timber,,5
C_node50node100_wide_t0,0.0,B,C,wide,,0
C_node50node100_wide_t1,0.0,B,C,wide,,1
C_node50node100_wide_t2,0.0,B,C,wide,,2
C_node50node100_wide_t3,0.0,B,C,wide,,3
C_node50node100_wide_t4,0.0,B,C,wide,,4
C_node50node100_wide_t5,0.0,B,C,wide,,5
C_node51node85_timber_t0,56.0,B,C,timber,,0
C_node51node85_timber_t1,47.15,B,C,timber,,1
C_node51node85_timber_t2,33.43,B,C,timber,,2
C_node51node85_timber_t3,23.7,B,C,timber,,3
C_node51node85_timber_t4,16.8,B,C,timber,,4
C_node51node85_timber_t5,11.91,B,C,timber,,5
C_node51node85_wide_t0,84.0,B,C,wide,,0
C_node51node85_wide_t1,70.73,B,C,wide,,1
C_node51node85_wide_t2,50.14,B,C,wide,,2
C_node51node85_wide_t3,35.54,B,C,wide,,3
C_node51node85_wide_t4,25.2,B,C,wide,,4
C_node51node85_wide_t5,17.86,B,C,wide,,5
C_node51node109_timber_t0,0.0,B,C,timber,,0
C_node51node109_timber_t1,0.0,B,C,timber,,1
C_node51node109_timber_t2,0.0,B,C,timber,,2
C_node51node109_timber_t3,0.0,B,C,timber,,3
C_node51node109_timber_t4,0.0,B,C,timber,,4
C_node51node109_timber_t5,0.0,B,C,timber,,5
C_node51node109_wide_t0,0.0,B,C,wide,,0
C_node51node109_wide_t1,0.0,B,C,wide,,1
C_node51node109_wide_t2,0.0,B,C,wide,,2
C_node51node109_wide_t3,0.0,B,C,wide,,3
C_node51node109_wide_t4,0.0,B,C,wide,,4
C_node51node109_wide_t5,0.0,B,C,wide,,5
C_node51node112_timber_t0,0.0,B,C,timber,,0
C_node51node112_timber_t1,0.0,B,C,timber,,1
C_node51node112_timber_t2,0.0,B,C,timber,,2
C_node51node112_timber_t3,0.0,B,C,timber,,3
C_node51node112_timber_t4,0.0,B,C,timber,,4
C_node51node112_timber_t5,0.0,B,C,timber,,5
C_node51node112_wide_t0,0.0,B,C,wide,,0
C_node51node112_wide_t1,0.0,B,C,wide,,1
C_node51node112_wide_t2,0.0,B,C,wide,,2
C_node51node112_wide_t3,0.0,B,C,wide,,3
C_node51node112_wide_t4,0.0,B,C,wide,,4
C_node51node112_wide_t5,0.0,B,C,wide,,5
C_node51node114_timber_t0,0.0,B,C,timber,,0
C_node51node114_timber_t1,0.0,B,C,timber,,1
C_node51node114_timber_t2,0.0,B,C,timber,,2
C_node51node114_timber_t3,0.0,B,C,timber,,3
C_node51node114_timber_t4,0.0,B,C,timber,,4
C_node51node114_timber_t5,0.0,B,C,timber,,5
C_node51node114_wide_t0,0.0,B,C,wide,,0
C_node51node114_wide_t1,0.0,B,C,wide,,1
C_node51node114_wide_t2,0.0,B,C,wide,,2
C_node51node114_wide_t3,0.0,B,C,wide,,3
C_node51node114_wide_t4,0.0,B,C,wide,,4
C_node51node114_wide_t5,0.0,B,C,wide,,5
C_node52node83_timber_t0,234.0,B,C,timber,,0
C_node52node83_timber_t1,197.02,B,C,timber,,1
C_node52node83_timber_t2,139.67,B,C,timber,,2
C_node52node83_timber_t3,99.02,B,C,timber,,3
C_node52node83_timber_t4,70.19,B,C,timber,,4
C_node52node83_timber_t5,49.76,B,C,timber,,5
C_node52node83_wide_t0,351.0,B,C,wide,,0
C_node52node83_wide_t1,295.53,B,C,wide,,1
C_node52node83_wide_t2,209.51,B,C,wide,,2
C_node52node83_wide_t3,148.52,B,C,wide,,3
C_node52node83_wide_t4,105.29,B,C,wide,,4
C_node52node83_wide_t5,74.64,B,C,wide,,5
C_node52node107_timber_t0,0.0,B,C,timber,,0
C_node52node107_timber_t1,0.0,B,C,timber,,1
C_node52node107_timber_t2,0.0,B,C,timber,,2
C_node52node107_timber_t3,0.0,B,C,timber,,3
C_node52node107_timber_t4,0.0,B,C,timber,,4
C_node52node107_timber_t5,0.0,B,C,timber,,5
C_node52node107_wide_t0,0.0,B,C,wide,,0
C_node52node107_wide_t1,0.0,B,C,wide,,1
C_node52node107_wide_t2,0.0,B,C,wide,,2
C_node52node107_wide_t3,0.0,B,C,wide,,3
C_node52node107_wide_t4,0.0,B,C,wide,,4
C_node52node107_wide_t5,0.0,B,C,wide,,5
C_node53node93_timber_t0,0.0,B,C,timber,,0
C_node53node93_timber_t1,0.0,B,C,timber,,1
C_node53node93_timber_t2,0.0,B,C,timber,,2
C_node53node93_timber_t3,0.0,B,C,timber,,3
C_node53node93_timber_t4,0.0,B,C,timber,,4
C_node53node93_timber_t5,0.0,B,C,timber,,5
C_node53node93_wide_t0,0.0,B,C,wide,,0
C_node53node93_wide_t1,0.0,B,C,wide,,1
C_node53node93_wide_t2,0.0,B,C,wide,,2
C_node53node93_wide_t3,0.0,B,C,wide,,3
C_node53node93_wide_t4,0.0,B,C,wide,,4
C_node53node93_wide_t5,0.0,B,C,wide,,5
C_node54node96_timber_t0,0.0,B,C,timber,,0
C_node54node96_timber_t1,0.0,B,C,timber,,1
C_node54node96_timber_t2,0.0,B,C,timber,,2
C_node54node96_timber_t3,0.0,B,C,timber,,3
C_node54node96_timber_t4,0.0,B,C,timber,,4
C_node54node96_timber_t5,0.0,B,C,timber,,5
C_node54node96_wide_t0,0.0,B,C,wide,,0
C_node54node96_wide_t1,0.0,B,C,wide,,1
C_node54node96_wide_t2,0.0,B,C,wide,,2
C_node54node96_wide_t3,0.0,B,C,wide,,3
C_node54node96_wide_t4,0.0,B,C,wide,,4
C_node54node96_wide_t5,0.0,B,C,wide,,5
C_node54node102_timber_t0,0.0,B,C,timber,,0
C_node54node102_timber_t1,0.0,B,C,timber,,1
C_node54node102_timber_t2,0.0,B,C,timber,,2
C_node54node102_timber_t3,0.0,B,C,timber,,3
C_node54node102_timber_t4,0.0,B,C,timber,,4
C_node54node102_timber_t5,0.0,B,C,timber,,5
C_node54node102_wide_t0,0.0,B,C,wide,,0
C_node54node102_wide_t1,0.0,B,C,wide,,1
C_node54node102_wide_t2,0.0,B,C,wide,,2
C_node54node102_wide_t3,0.0,B,C,wide,,3
C_node54node102_wide_t4,0.0,B,C,wide,,4
C_node54node102_wide_t5,0.0,B,C,wide,,5
C_node55node103_timber_t0,0.0,B,C,timber,,0
C_node55node103_timber_t1,0.0,B,C,timber,,1
C_node55node103_timber_t2,0.0,B,C,timber,,2
C_node55node103_timber_t3,0.0,B,C,timber,,3
C_node55node103_timber_t4,0.0,B,C,timber,,4
C_node55node103_timber_t5,0.0,B,C,timber,,5
C_node55node103_wide_t0,0.0,B,C,wide,,0
C_node55node103_wide_t1,0.0,B,C,wide,,1
C_node55node103_wide_t2,0.0,B,C,wide,,2
C_node55node103_wide_t3,0.0,B,C,wide,,3
C_node55node103_wide_t4,0.0,B,C,wide,,4
C_node55node103_wide_t5,0.0,B,C,wide,,5
C_node55node104_timber_t0,0.0,B,C,timber,,0
C_node55node104_timber_t1,0.0,B,C,timber,,1
C_node55node104_timber_t2,0.0,B,C,timber,,2
C_node55node104_timber_t3,0.0,B,C,timber,,3
C_node55node104_timber_t4,0.0,B,C,timber,,4
C_node55node104_timber_t5,0.0,B,C,timber,,5
C_node55node104_wide_t0,0.0,B,C,wide,,0
C_node55node104_wide_t1,0.0,B,C,wide,,1
C_node55node104_wide_t2,0.0,B,C,wide,,2
C_node55node104_wide_t3,0.0,B,C,wide,,3
C_node55node104_wide_t4,0.0,B,C,wide,,4
C_node55node104_wide_t5,0.0,B,C,wide,,5
C_node55node110_timber_t0,0.0,B,C,timber,,0
C_node55node110_timber_t1,0.0,B,C,timber,,1
C_node55node110_timber_t2,0.0,B,C,timber,,2
C_node55node110_timber_t3,0.0,B,C,timber,,3
C_node55node110_timber_t4,0.0,B,C,timber,,4
C_node55node110_timber_t5,0.0,B,C,timber,,5
C_node55node110_wide_t0,0.0,B,C,wide,,0
C_node55node110_wide_t1,0.0,B,C,wide,,1
C_node55node110_wide_t2,0.0,B,C,wide,,2
C_node55node110_wide_t3,0.0,B,C,wide,,3
C_node55node110_wide_t4,0.0,B,C,wide,,4
C_node55node110_wide_t5,0.0,B,C,wide,,5
C_node56node71_timber_t0,316.0,B,C,timber,,0
C_node56node71_timber_t1,266.06,B,C,timber,,1
C_node56node71_timber_t2,188.62,B,C,timber,,2
C_node56node71_timber_t3,133.71,B,C,timber,,3
C_node56node71_timber_t4,94.79,B,C,timber,,4
C_node56node71_timber_t5,67.2,B,C,timber,,5
C_node56node71_wide_t0,474.0,B,C,wide,,0
C_node56node71_wide_t1,399.1,B,C,wide,,1
C_node56node71_wide_t2,282.93,B,C,wide,,2
C_node56node71_wide_t3,200.57,B,C,wide,,3
C_node56node71_wide_t4,142.19,B,C,wide,,4
C_node56node71_wide_t5,100.8,B,C,wide,,5
C_node56node64_timber_t0,495.0,B,C,timber,,0
C_node56node64_timber_t1,416.78,B,C,timber,,1
C_node56node64_timber_t2,295.46,B,C,timber,,2
C_node56node64_timber_t3,209.46,B,C,timber,,3
C_node56node64_timber_t4,148.49,B,C,timber,,4
C_node56node64_timber_t5,105.27,B,C,timber,,5
C_node56node64_wide_t0,741.0,B,C,wide,,0
C_node56node64_wide_t1,623.9,B,C,wide,,1
C_node56node64_wide_t2,442.3,B,C,wide,,2
C_node56node64_wide_t3,313.55,B,C,wide,,3
C_node56node64_wide_t4,222.28,B,C,wide,,4
C_node56node64_wide_t5,157.58,B,C,wide,,5
C_node56node90_timber_t0,0.0,B,C,timber,,0
C_node56node90_timber_t1,0.0,B,C,timber,,1
C_node56node90_timber_t2,0.0,B,C,timber,,2
C_node56node90_timber_t3,0.0,B,C,timber,,3
C_node56node90_timber_t4,0.0,B,C,timber,,4
C_node56node90_timber_t5,0.0,B,C,timber,,5
C_node56node90_wide_t0,0.0,B,C,wide,,0
C_node56node90_wide_t1,0.0,B,C,wide,,1
C_node56node90_wide_t2,0.0,B,C,wide,,2
C_node56node90_wide_t3,0.0,B,C,wide,,3
C_node56node90_wide_t4,0.0,B,C,wide,,4
C_node56node90_wide_t5,0.0,B,C,wide,,5
C_node56node97_timber_t0,0.0,B,C,timber,,0
C_node56node97_timber_t1,0.0,B,C,timber,,1
C_node56node97_timber_t2,0.0,B,C,timber,,2
C_node56node97_timber_t3,0.0,B,C,timber,,3
C_node56node97_timber_t4,0.0,B,C,timber,,4
C_node56node97_timber_t5,0.0,B,C,timber,,5
C_node56node97_wide_t0,0.0,B,C,wide,,0
C_node56node97_wide_t1,0.0,B,C,wide,,1
C_node56node97_wide_t2,0.0,B,C,wide,,2
C_node56node97_wide_t3,0.0,B,C,wide,,3
C_node56node97_wide_t4,0.0,B,C,wide,,4
C_node56node97_wide_t5,0.0,B,C,wide,,5
C_node57node65_timber_t0,1018.0,B,C,timber,,0
C_node57node65_timber_t1,857.13,B,C,timber,,1
C_node57node65_timber_t2,607.63,B,C,timber,,2
C_node57node65_timber_t3,430.76,B,C,timber,,3
C_node57node65_timber_t4,305.38,B,C,timber,,4
C_node57node65_timber_t5,216.49,B,C,timber,,5
C_node57node65_wide_t0,1527.0,B,C,wide,,0
C_node57node65_wide_t1,1285.69,B,C,wide,,1
C_node57node65_wide_t2,911.45,B,C,wide,,2
C_node57node65_wide_t3,646.15,B,C,wide,,3
C_node57node65_wide_t4,458.06,B,C,wide,,4
C_node57node65_wide_t5,324.73,B,C,wide,,5
C_node57node91_timber_t0,0.0,B,C,timber,,0
C_node57node91_timber_t1,0.0,B,C,timber,,1
C_node57node91_timber_t2,0.0,B,C,timber,,2
C_node57node91_timber_t3,0.0,B,C,timber,,3
C_node57node91_timber_t4,0.0,B,C,timber,,4
C_node57node91_timber_t5,0.0,B,C,timber,,5
C_node57node91_wide_t0,0.0,B,C,wide,,0
C_node57node91_wide_t1,0.0,B,C,wide,,1
C_node57node91_wide_t2,0.0,B,C,wide,,2
C_node57node91_wide_t3,0.0,B,C,wide,,3
C_node57node91_wide_t4,0.0,B,C,wide,,4
C_node57node91_wide_t5,0.0,B,C,wide,,5
C_node58node65_timber_t0,5209.0,B,C,timber,,0
C_node58node65_timber_t1,4385.84,B,C,timber,,1
C_node58node65_timber_t2,3109.2,B,C,timber,,2
C_node58node65_timber_t3,2204.17,B,C,timber,,3
C_node58node65_timber_t4,1562.58,B,C,timber,,4
C_node58node65_timber_t5,1107.74,B,C,timber,,5
C_node58node65_wide_t0,7814.0,B,C,wide,,0
C_node58node65_wide_t1,6579.18,B,C,wide,,1
C_node58node65_wide_t2,4664.1,B,C,wide,,2
C_node58node65_wide_t3,3306.47,B,C,wide,,3
C_node58node65_wide_t4,2344.02,B,C,wide,,4
C_node58node65_wide_t5,1661.72,B,C,wide,,5
C_node58node73_timber_t0,420.0,B,C,timber,,0
C_node58node73_timber_t1,353.63,B,C,timber,,1
C_node58node73_timber_t2,250.69,B,C,timber,,2
C_node58node73_timber_t3,177.72,B,C,timber,,3
C_node58node73_timber_t4,125.99,B,C,timber,,4
C_node58node73_timber_t5,89.32,B,C,timber,,5
C_node58node73_wide_t0,630.0,B,C,wide,,0
C_node58node73_wide_t1,530.44,B,C,wide,,1
C_node58node73_wide_t2,376.04,B,C,wide,,2
C_node58node73_wide_t3,266.58,B,C,wide,,3
C_node58node73_wide_t4,188.99,B,C,wide,,4
C_node58node73_wide_t5,133.98,B,C,wide,,5
C_node58node91_timber_t0,0.0,B,C,timber,,0
C_node58node91_timber_t1,0.0,B,C,timber,,1
C_node58node91_timber_t2,0.0,B,C,timber,,2
C_node58node91_timber_t3,0.0,B,C,timber,,3
C_node58node91_timber_t4,0.0,B,C,timber,,4
C_node58node91_timber_t5,0.0,B,C,timber,,5
C_node58node91_wide_t0,0.0,B,C,wide,,0
C_node58node91_wide_t1,0.0,B,C,wide,,1
C_node58node91_wide_t2,0.0,B,C,wide,,2
C_node58node91_wide_t3,0.0,B,C,wide,,3
C_node58node91_wide_t4,0.0,B,C,wide,,4
C_node58node91_wide_t5,0.0,B,C,wide,,5
C_node58node98_timber_t0,0.0,B,C,timber,,0
C_node58node98_timber_t1,0.0,B,C,timber,,1
C_node58node98_timber_t2,0.0,B,C,timber,,2
C_node58node98_timber_t3,0.0,B,C,timber,,3
C_node58node98_timber_t4,0.0,B,C,timber,,4
C_node58node98_timber_t5,0.0,B,C,timber,,5
C_node58node98_wide_t0,0.0,B,C,wide,,0
C_node58node98_wide_t1,0.0,B,C,wide,,1
C_node58node98_wide_t2,0.0,B,C,wide,,2
C_node58node98_wide_t3,0.0,B,C,wide,,3
C_node58node98_wide_t4,0.0,B,C,wide,,4
C_node58node98_wide_t5,0.0,B,C,wide,,5
C_node59node100_timber_t0,0.0,B,C,timber,,0
C_node59node100_timber_t1,0.0,B,C,timber,,1
C_node59node100_timber_t2,0.0,B,C,timber,,2
C_node59node100_timber_t3,0.0,B,C,timber,,3
C_node59node100_timber_t4,0.0,B,C,timber,,4
C_node59node100_timber_t5,0.0,B,C,timber,,5
C_node59node100_wide_t0,0.0,B,C,wide,,0
C_node59node100_wide_t1,0.0,B,C,wide,,1
C_node59node100_wide_t2,0.0,B,C,wide,,2
C_node59node100_wide_t3,0.0,B,C,wide,,3
C_node59node100_wide_t4,0.0,B,C,wide,,4
C_node59node100_wide_t5,0.0,B,C,wide,,5
C_node59node101_timber_t0,0.0,B,C,timber,,0
C_node59node101_timber_t1,0.0,B,C,timber,,1
C_node59node101_timber_t2,0.0,B,C,timber,,2
C_node59node101_timber_t3,0.0,B,C,timber,,3
C_node59node101_timber_t4,0.0,B,C,timber,,4
C_node59node101_timber_t5,0.0,B,C,timber,,5
C_node59node101_wide_t0,0.0,B,C,wide,,0
C_node59node101_wide_t1,0.0,B,C,wide,,1
C_node59node101_wide_t2,0.0,B,C,wide,,2
C_node59node101_wide_t3,0.0,B,C,wide,,3
C_node59node101_wide_t4,0.0,B,C,wide,,4
C_node59node101_wide_t5,0.0,B,C,wide,,5
C_node60node84_timber_t0,93.0,B,C,timber,,0
C_node60node84_timber_t1,78.3,B,C,timber,,1
C_node60node84_timber_t2,55.51,B,C,timber,,2
C_node60node84_timber_t3,39.35,B,C,timber,,3
C_node60node84_timber_t4,27.9,B,C,timber,,4
C_node60node84_timber_t5,19.78,B,C,timber,,5
C_node60node84_wide_t0,140.0,B,C,wide,,0
C_node60node84_wide_t1,117.88,B,C,wide,,1
C_node60node84_wide_t2,83.56,B,C,wide,,2
C_node60node84_wide_t3,59.24,B,C,wide,,3
C_node60node84_wide_t4,42.0,B,C,wide,,4
C_node60node84_wide_t5,29.77,B,C,wide,,5
C_node60node86_timber_t0,622.0,B,C,timber,,0
C_node60node86_timber_t1,523.71,B,C,timber,,1
C_node60node86_timber_t2,371.27,B,C,timber,,2
C_node60node86_timber_t3,263.2,B,C,timber,,3
C_node60node86_timber_t4,186.59,B,C,timber,,4
C_node60node86_timber_t5,132.27,B,C,timber,,5
C_node60node86_wide_t0,933.0,B,C,wide,,0
C_node60node86_wide_t1,785.56,B,C,wide,,1
C_node60node86_wide_t2,556.9,B,C,wide,,2
C_node60node86_wide_t3,394.8,B,C,wide,,3
C_node60node86_wide_t4,279.88,B,C,wide,,4
C_node60node86_wide_t5,198.41,B,C,wide,,5
C_node60node109_timber_t0,0.0,B,C,timber,,0
C_node60node109_timber_t1,0.0,B,C,timber,,1
C_node60node109_timber_t2,0.0,B,C,timber,,2
C_node60node109_timber_t3,0.0,B,C,timber,,3
C_node60node109_timber_t4,0.0,B,C,timber,,4
C_node60node109_timber_t5,0.0,B,C,timber,,5
C_node60node109_wide_t0,0.0,B,C,wide,,0
C_node60node109_wide_t1,0.0,B,C,wide,,1
C_node60node109_wide_t2,0.0,B,C,wide,,2
C_node60node109_wide_t3,0.0,B,C,wide,,3
C_node60node109_wide_t4,0.0,B,C,wide,,4
C_node60node109_wide_t5,0.0,B,C,wide,,5
C_node60node111_timber_t0,0.0,B,C,timber,,0
C_node60node111_timber_t1,0.0,B,C,timber,,1
C_node60node111_timber_t2,0.0,B,C,timber,,2
C_node60node111_timber_t3,0.0,B,C,timber,,3
C_node60node111_timber_t4,0.0,B,C,timber,,4
C_node60node111_timber_t5,0.0,B,C,timber,,5
C_node60node111_wide_t0,0.0,B,C,wide,,0
C_node60node111_wide_t1,0.0,B,C,wide,,1
C_node60node111_wide_t2,0.0,B,C,wide,,2
C_node60node111_wide_t3,0.0,B,C,wide,,3
C_node60node111_wide_t4,0.0,B,C,wide,,4
C_node60node111_wide_t5,0.0,B,C,wide,,5
C_node61node75_timber_t0,328.0,B,C,timber,,0
C_node61node75_timber_t1,276.17,B,C,timber,,1
C_node61node75_timber_t2,195.78,B,C,timber,,2
C_node61node75_timber_t3,138.79,B,C,timber,,3
C_node61node75_timber_t4,98.39,B,C,timber,,4
C_node61node75_timber_t5,69.75,B,C,timber,,5
C_node61node75_wide_t0,492.0,B,C,wide,,0
C_node61node75_wide_t1,414.25,B,C,wide,,1
C_node61node75_wide_t2,293.67,B,C,wide,,2
C_node61node75_wide_t3,208.19,B,C,wide,,3
C_node61node75_wide_t4,147.59,B,C,wide,,4
C_node61node75_wide_t5,104.63,B,C,wide,,5
C_node61node77_timber_t0,2062.0,B,C,timber,,0
C_node61node77_timber_t1,1736.15,B,C,timber,,1
C_node61node77_timber_t2,1230.79,B,C,timber,,2
C_node61node77_timber_t3,872.53,B,C,timber,,3
C_node61node77_timber_t4,618.55,B,C,timber,,4
C_node61node77_timber_t5,438.5,B,C,timber,,5
C_node61node77_wide_t0,3092.0,B,C,wide,,0
C_node61node77_wide_t1,2603.38,B,C,wide,,1
C_node61node77_wide_t2,1845.59,B,C,wide,,2
C_node61node77_wide_t3,1308.37,B,C,wide,,3
C_node61node77_wide_t4,927.53,B,C,wide,,4
C_node61node77_wide_t5,657.54,B,C,wide,,5
C_node61node99_timber_t0,0.0,B,C,timber,,0
C_node61node99_timber_t1,0.0,B,C,timber,,1
C_node61node99_timber_t2,0.0,B,C,timber,,2
C_node61node99_timber_t3,0.0,B,C,timber,,3
C_node61node99_timber_t4,0.0,B,C,timber,,4
C_node61node99_timber_t5,0.0,B,C,timber,,5
C_node61node99_wide_t0,0.0,B,C,wide,,0
C_node61node99_wide_t1,0.0,B,C,wide,,1
C_node61node99_wide_t2,0.0,B,C,wide,,2
C_node61node99_wide_t3,0.0,B,C,wide,,3
C_node61node99_wide_t4,0.0,B,C,wide,,4
C_node61node99_wide_t5,0.0,B,C,wide,,5
C_node61node100_timber_t0,0.0,B,C,timber,,0
C_node61node100_timber_t1,0.0,B,C,timber,,1
C_node61node100_timber_t2,0.0,B,C,timber,,2
C_node61node100_timber_t3,0.0,B,C,timber,,3
C_node61node100_timber_t4,0.0,B,C,timber,,4
C_node61node100_timber_t5,0.0,B,C,timber,,5
C_node61node100_wide_t0,0.0,B,C,wide,,0
C_node61node100_wide_t1,0.0,B,C,wide,,1
C_node61node100_wide_t2,0.0,B,C,wide,,2
C_node61node100_wide_t3,0.0,B,C,wide,,3
C_node61node100_wide_t4,0.0,B,C,wide,,4
C_node61node100_wide_t5,0.0,B,C,wide,,5
C_node62node64_timber_t0,1354.0,B,C,timber,,0
C_node62node64_timber_t1,1140.03,B,C,timber,,1
C_node62node64_timber_t2,808.19,B,C,timber,,2
C_node62node64_timber_t3,572.94,B,C,timber,,3
C_node62node64_timber_t4,406.17,B,C,timber,,4
C_node62node64_timber_t5,287.94,B,C,timber,,5
C_node62node64_wide_t0,2029.0,B,C,wide,,0
C_node62node64_wide_t1,1708.36,B,C,wide,,1
C_node62node64_wide_t2,1211.09,B,C,wide,,2
C_node62node64_wide_t3,858.57,B,C,wide,,3
C_node62node64_wide_t4,608.65,B,C,wide,,4
C_node62node64_wide_t5,431.49,B,C,wide,,5
C_node62node63_timber_t0,7583.0,B,C,timber,,0
C_node62node63_timber_t1,6384.68,B,C,timber,,1
C_node62node63_timber_t2,4526.22,B,C,timber,,2
C_node62node63_timber_t3,3208.72,B,C,timber,,3
C_node62node63_timber_t4,2274.72,B,C,timber,,4
C_node62node63_timber_t5,1612.6,B,C,timber,,5
C_node62node63_wide_t0,11376.0,B,C,wide,,0
C_node62node63_wide_t1,9578.29,B,C,wide,,1
C_node62node63_wide_t2,6790.23,B,C,wide,,2
C_node62node63_wide_t3,4813.72,B,C,wide,,3
C_node62node63_wide_t4,3412.54,B,C,wide,,4
C_node62node63_wide_t5,2419.21,B,C,wide,,5
C_node62node90_timber_t0,0.0,B,C,timber,,0
C_node62node90_timber_t1,0.0,B,C,timber,,1
C_node62node90_timber_t2,0.0,B,C,timber,,2
C_node62node90_timber_t3,0.0,B,C,timber,,3
C_node62node90_timber_t4,0.0,B,C,timber,,4
C_node62node90_timber_t5,0.0,B,C,timber,,5
C_node62node90_wide_t0,0.0,B,C,wide,,0
C_node62node90_wide_t1,0.0,B,C,wide,,1
C_node62node90_wide_t2,0.0,B,C,wide,,2
C_node62node90_wide_t3,0.0,B,C,wide,,3
C_node62node90_wide_t4,0.0,B,C,wide,,4
C_node62node90_wide_t5,0.0,B,C,wide,,5
C_node63node90_timber_t0,0.0,B,C,timber,,0
C_node63node90_timber_t1,0.0,B,C,timber,,1
C_node63node90_timber_t2,0.0,B,C,timber,,2
C_node63node90_timber_t3,0.0,B,C,timber,,3
C_node63node90_timber_t4,0.0,B,C,timber,,4
C_node63node90_timber_t5,0.0,B,C,timber,,5
C_node63node90_wide_t0,0.0,B,C,wide,,0
C_node63node90_wide_t1,0.0,B,C,wide,,1
C_node63node90_wide_t2,0.0,B,C,wide,,2
C_node63node90_wide_t3,0.0,B,C,wide,,3
C_node63node90_wide_t4,0.0,B,C,wide,,4
C_node63node90_wide_t5,0.0,B,C,wide,,5
C_node64node90_timber_t0,0.0,B,C,timber,,0
C_node64node90_timber_t1,0.0,B,C,timber,,1
C_node64node90_timber_t2,0.0,B,C,timber,,2
C_node64node90_timber_t3,0.0,B,C,timber,,3
C_node64node90_timber_t4,0.0,B,C,timber,,4
C_node64node90_timber_t5,0.0,B,C,timber,,5
C_node64node90_wide_t0,0.0,B,C,wide,,0
C_node64node90_wide_t1,0.0,B,C,wide,,1
C_node64node90_wide_t2,0.0,B,C,wide,,2
C_node64node90_wide_t3,0.0,B,C,wide,,3
C_node64node90_wide_t4,0.0,B,C,wide,,4
C_node64node90_wide_t5,0.0,B,C,wide,,5
C_node65node91_timber_t0,0.0,B,C,timber,,0
C_node65node91_timber_t1,0.0,B,C,timber,,1
C_node65node91_timber_t2,0.0,B,C,timber,,2
C_node65node91_timber_t3,0.0,B,C,timber,,3
C_node65node91_timber_t4,0.0,B,C,timber,,4
C_node65node91_timber_t5,0.0,B,C,timber,,5
C_node65node91_wide_t0,0.0,B,C,wide,,0
C_node65node91_wide_t1,0.0,B,C,wide,,1
C_node65node91_wide_t2,0.0,B,C,wide,,2
C_node65node91_wide_t3,0.0,B,C,wide,,3
C_node65node91_wide_t4,0.0,B,C,wide,,4
C_node65node91_wide_t5,0.0,B,C,wide,,5
C_node66node69_timber_t0,360.0,B,C,timber,,0
C_node66node69_timber_t1,303.11,B,C,timber,,1
C_node66node69_timber_t2,214.88,B,C,timber,,2
C_node66node69_timber_t3,152.33,B,C,timber,,3
C_node66node69_timber_t4,107.99,B,C,timber,,4
C_node66node69_timber_t5,76.56,B,C,timber,,5
C_node66node69_wide_t0,541.0,B,C,wide,,0
C_node66node69_wide_t1,455.51,B,C,wide,,1
C_node66node69_wide_t2,322.92,B,C,wide,,2
C_node66node69_wide_t3,228.92,B,C,wide,,3
C_node66node69_wide_t4,162.29,B,C,wide,,4
C_node66node69_wide_t5,115.05,B,C,wide,,5
C_node66node68_timber_t0,432.0,B,C,timber,,0
C_node66node68_timber_t1,363.73,B,C,timber,,1
C_node66node68_timber_t2,257.86,B,C,timber,,2
C_node66node68_timber_t3,182.8,B,C,timber,,3
C_node66node68_timber_t4,129.59,B,C,timber,,4
C_node66node68_timber_t5,91.87,B,C,timber,,5
C_node66node68_wide_t0,649.0,B,C,wide,,0
C_node66node68_wide_t1,546.44,B,C,wide,,1
C_node66node68_wide_t2,387.38,B,C,wide,,2
C_node66node68_wide_t3,274.62,B,C,wide,,3
C_node66node68_wide_t4,194.68,B,C,wide,,4
C_node66node68_wide_t5,138.02,B,C,wide,,5
C_node66node94_timber_t0,0.0,B,C,timber,,0
C_node66node94_timber_t1,0.0,B,C,timber,,1
C_node66node94_timber_t2,0.0,B,C,timber,,2
C_node66node94_timber_t3,0.0,B,C,timber,,3
C_node66node94_timber_t4,0.0,B,C,timber,,4
C_node66node94_timber_t5,0.0,B,C,timber,,5
C_node66node94_wide_t0,0.0,B,C,wide,,0
C_node66node94_wide_t1,0.0,B,C,wide,,1
C_node66node94_wide_t2,0.0,B,C,wide,,2
C_node66node94_wide_t3,0.0,B,C,wide,,3
C_node66node94_wide_t4,0.0,B,C,wide,,4
C_node66node94_wide_t5,0.0,B,C,wide,,5
C_node67node68_timber_t0,432.0,B,C,timber,,0
C_node67node68_timber_t1,363.73,B,C,timber,,1
C_node67node68_timber_t2,257.86,B,C,timber,,2
C_node67node68_timber_t3,182.8,B,C,timber,,3
C_node67node68_timber_t4,129.59,B,C,timber,,4
C_node67node68_timber_t5,91.87,B,C,timber,,5
C_node67node68_wide_t0,648.0,B,C,wide,,0
C_node67node68_wide_t1,545.6,B,C,wide,,1
C_node67node68_wide_t2,386.79,B,C,wide,,2
C_node67node68_wide_t3,274.2,B,C,wide,,3
C_node67node68_wide_t4,194.39,B,C,wide,,4
C_node67node68_wide_t5,137.8,B,C,wide,,5
C_node67node94_timber_t0,0.0,B,C,timber,,0
C_node67node94_timber_t1,0.0,B,C,timber,,1
C_node67node94_timber_t2,0.0,B,C,timber,,2
C_node67node94_timber_t3,0.0,B,C,timber,,3
C_node67node94_timber_t4,0.0,B,C,timber,,4
C_node67node94_timber_t5,0.0,B,C,timber,,5
C_node67node94_wide_t0,0.0,B,C,wide,,0
C_node67node94_wide_t1,0.0,B,C,wide,,1
C_node67node94_wide_t2,0.0,B,C,wide,,2
C_node67node94_wide_t3,0.0,B,C,wide,,3
C_node67node94_wide_t4,0.0,B,C,wide,,4
C_node67node94_wide_t5,0.0,B,C,wide,,5
C_node68node94_timber_t0,0.0,B,C,timber,,0
C_node68node94_timber_t1,0.0,B,C,timber,,1
C_node68node94_timber_t2,0.0,B,C,timber,,2
C_node68node94_timber_t3,0.0,B,C,timber,,3
C_node68node94_timber_t4,0.0,B,C,timber,,4
C_node68node94_timber_t5,0.0,B,C,timber,,5
C_node68node94_wide_t0,0.0,B,C,wide,,0
C_node68node94_wide_t1,0.0,B,C,wide,,1
C_node68node94_wide_t2,0.0,B,C,wide,,2
C_node68node94_wide_t3,0.0,B,C,wide,,3
C_node68node94_wide_t4,0.0,B,C,wide,,4
C_node68node94_wide_t5,0.0,B,C,wide,,5
C_node69node70_timber_t0,1385.0,B,C,timber,,0
C_node69node70_timber_t1,1166.13,B,C,timber,,1
C_node69node70_timber_t2,826.69,B,C,timber,,2
C_node69node70_timber_t3,586.06,B,C,timber,,3
C_node69node70_timber_t4,415.47,B,C,timber,,4
C_node69node70_timber_t5,294.53,B,C,timber,,5
C_node69node70_wide_t0,2078.0,B,C,wide,,0
C_node69node70_wide_t1,1749.62,B,C,wide,,1
C_node69node70_wide_t2,1240.34,B,C,wide,,2
C_node69node70_wide_t3,879.3,B,C,wide,,3
C_node69node70_wide_t4,623.35,B,C,wide,,4
C_node69node70_wide_t5,441.91,B,C,wide,,5
C_node69node94_timber_t0,0.0,B,C,timber,,0
C_node69node94_timber_t1,0.0,B,C,timber,,1
C_node69node94_timber_t2,0.0,B,C,timber,,2
C_node69node94_timber_t3,0.0,B,C,timber,,3
C_node69node94_timber_t4,0.0,B,C,timber,,4
C_node69node94_timber_t5,0.0,B,C,timber,,5
C_node69node94_wide_t0,0.0,B,C,wide,,0
C_node69node94_wide_t1,0.0,B,C,wide,,1
C_node69node94_wide_t2,0.0,B,C,wide,,2
C_node69node94_wide_t3,0.0,B,C,wide,,3
C_node69node94_wide_t4,0.0,B,C,wide,,4
C_node69node94_wide_t5,0.0,B,C,wide,,5
C_node70node94_timber_t0,0.0,B,C,timber,,0
C_node70node94_timber_t1,0.0,B,C,timber,,1
C_node70node94_timber_t2,0.0,B,C,timber,,2
C_node70node94_timber_t3,0.0,B,C,timber,,3
C_node70node94_timber_t4,0.0,B,C,timber,,4
C_node70node94_timber_t5,0.0,B,C,timber,,5
C_node70node94_wide_t0,0.0,B,C,wide,,0
C_node70node94_wide_t1,0.0,B,C,wide,,1
C_node70node94_wide_t2,0.0,B,C,wide,,2
C_node70node94_wide_t3,0.0,B,C,wide,,3
C_node70node94_wide_t4,0.0,B,C,wide,,4
C_node70node94_wide_t5,0.0,B,C,wide,,5
C_node71node72_timber_t0,375.0,B,C,timber,,0
C_node71node72_timber_t1,315.74,B,C,timber,,1
C_node71node72_timber_t2,223.83,B,C,timber,,2
C_node71node72_timber_t3,158.68,B,C,timber,,3
C_node71node72_timber_t4,112.49,B,C,timber,,4
C_node71node72_timber_t5,79.75,B,C,timber,,5
C_node71node72_wide_t0,562.0,B,C,wide,,0
C_node71node72_wide_t1,473.19,B,C,wide,,1
C_node71node72_wide_t2,335.45,B,C,wide,,2
C_node71node72_wide_t3,237.81,B,C,wide,,3
C_node71node72_wide_t4,168.59,B,C,wide,,4
C_node71node72_wide_t5,119.51,B,C,wide,,5
C_node71node97_timber_t0,0.0,B,C,timber,,0
C_node71node97_timber_t1,0.0,B,C,timber,,1
C_node71node97_timber_t2,0.0,B,C,timber,,2
C_node71node97_timber_t3,0.0,B,C,timber,,3
C_node71node97_timber_t4,0.0,B,C,timber,,4
C_node71node97_timber_t5,0.0,B,C,timber,,5
C_node71node97_wide_t0,0.0,B,C,wide,,0
C_node71node97_wide_t1,0.0,B,C,wide,,1
C_node71node97_wide_t2,0.0,B,C,wide,,2
C_node71node97_wide_t3,0.0,B,C,wide,,3
C_node71node97_wide_t4,0.0,B,C,wide,,4
C_node71node97_wide_t5,0.0,B,C,wide,,5
C_node72node97_timber_t0,0.0,B,C,timber,,0
C_node72node97_timber_t1,0.0,B,C,timber,,1
C_node72node97_timber_t2,0.0,B,C,timber,,2
C_node72node97_timber_t3,0.0,B,C,timber,,3
C_node72node97_timber_t4,0.0,B,C,timber,,4
C_node72node97_timber_t5,0.0,B,C,timber,,5
C_node72node97_wide_t0,0.0,B,C,wide,,0
C_node72node97_wide_t1,0.0,B,C,wide,,1
C_node72node97_wide_t2,0.0,B,C,wide,,2
C_node72node97_wide_t3,0.0,B,C,wide,,3
C_node72node97_wide_t4,0.0,B,C,wide,,4
C_node72node97_wide_t5,0.0,B,C,wide,,5
C_node73node74_timber_t0,1501.0,B,C,timber,,0
C_node73node74_timber_t1,1263.8,B,C,timber,,1
C_node73node74_timber_t2,895.93,B,C,timber,,2
C_node73node74_timber_t3,635.14,B,C,timber,,3
C_node73node74_timber_t4,450.27,B,C,timber,,4
C_node73node74_timber_t5,319.2,B,C,timber,,5
C_node73node74_wide_t0,2250.0,B,C,wide,,0
C_node73node74_wide_t1,1894.44,B,C,wide,,1
C_node73node74_wide_t2,1343.0,B,C,wide,,2
C_node73node74_wide_t3,952.08,B,C,wide,,3
C_node73node74_wide_t4,674.95,B,C,wide,,4
C_node73node74_wide_t5,478.48,B,C,wide,,5
C_node73node98_timber_t0,0.0,B,C,timber,,0
C_node73node98_timber_t1,0.0,B,C,timber,,1
C_node73node98_timber_t2,0.0,B,C,timber,,2
C_node73node98_timber_t3,0.0,B,C,timber,,3
C_node73node98_timber_t4,0.0,B,C,timber,,4
C_node73node98_timber_t5,0.0,B,C,timber,,5
C_node73node98_wide_t0,0.0,B,C,wide,,0
C_node73node98_wide_t1,0.0,B,C,wide,,1
C_node73node98_wide_t2,0.0,B,C,wide,,2
C_node73node98_wide_t3,0.0,B,C,wide,,3
C_node73node98_wide_t4,0.0,B,C,wide,,4
C_node73node98_wide_t5,0.0,B,C,wide,,5
C_node74node98_timber_t0,0.0,B,C,timber,,0
C_node74node98_timber_t1,0.0,B,C,timber,,1
C_node74node98_timber_t2,0.0,B,C,timber,,2
C_node74node98_timber_t3,0.0,B,C,timber,,3
C_node74node98_timber_t4,0.0,B,C,timber,,4
C_node74node98_timber_t5,0.0,B,C,timber,,5
C_node74node98_wide_t0,0.0,B,C,wide,,0
C_node74node98_wide_t1,0.0,B,C,wide,,1
C_node74node98_wide_t2,0.0,B,C,wide,,2
C_node74node98_wide_t3,0.0,B,C,wide,,3
C_node74node98_wide_t4,0.0,B,C,wide,,4
C_node74node98_wide_t5,0.0,B,C,wide,,5
C_node75node99_timber_t0,0.0,B,C,timber,,0
C_node75node99_timber_t1,0.0,B,C,timber,,1
C_node75node99_timber_t2,0.0,B,C,timber,,2
C_node75node99_timber_t3,0.0,B,C,timber,,3
C_node75node99_timber_t4,0.0,B,C,timber,,4
C_node75node99_timber_t5,0.0,B,C,timber,,5
C_node75node99_wide_t0,0.0,B,C,wide,,0
C_node75node99_wide_t1,0.0,B,C,wide,,1
C_node75node99_wide_t2,0.0,B,C,wide,,2
C_node75node99_wide_t3,0.0,B,C,wide,,3
C_node75node99_wide_t4,0.0,B,C,wide,,4
C_node75node99_wide_t5,0.0,B,C,wide,,5
C_node75node100_timber_t0,0.0,B,C,timber,,0
C_node75node100_timber_t1,0.0,B,C,timber,,1
C_node75node100_timber_t2,0.0,B,C,timber,,2
C_node75node100_timber_t3,0.0,B,C,timber,,3
C_node75node100_timber_t4,0.0,B,C,timber,,4
C_node75node100_timber_t5,0.0,B,C,timber,,5
C_node75node100_wide_t0,0.0,B,C,wide,,0
C_node75node100_wide_t1,0.0,B,C,wide,,1
C_node75node100_wide_t2,0.0,B,C,wide,,2
C_node75node100_wide_t3,0.0,B,C,wide,,3
C_node75node100_wide_t4,0.0,B,C,wide,,4
C_node75node100_wide_t5,0.0,B,C,wide,,5
C_node76node77_timber_t0,527.0,B,C,timber,,0
C_node76node77_timber_t1,443.72,B,C,timber,,1
C_node76node77_timber_t2,314.56,B,C,timber,,2
C_node76node77_timber_t3,223.0,B,C,timber,,3
C_node76node77_timber_t4,158.09,B,C,timber,,4
C_node76node77_timber_t5,112.07,B,C,timber,,5
C_node76node77_wide_t0,791.0,B,C,wide,,0
C_node76node77_wide_t1,666.0,B,C,wide,,1
C_node76node77_wide_t2,472.14,B,C,wide,,2
C_node76node77_wide_t3,334.71,B,C,wide,,3
C_node76node77_wide_t4,237.28,B,C,wide,,4
C_node76node77_wide_t5,168.21,B,C,wide,,5
C_node76node99_timber_t0,0.0,B,C,timber,,0
C_node76node99_timber_t1,0.0,B,C,timber,,1
C_node76node99_timber_t2,0.0,B,C,timber,,2
C_node76node99_timber_t3,0.0,B,C,timber,,3
C_node76node99_timber_t4,0.0,B,C,timber,,4
C_node76node99_timber_t5,0.0,B,C,timber,,5
C_node76node99_wide_t0,0.0,B,C,wide,,0
C_node76node99_wide_t1,0.0,B,C,wide,,1
C_node76node99_wide_t2,0.0,B,C,wide,,2
C_node76node99_wide_t3,0.0,B,C,wide,,3
C_node76node99_wide_t4,0.0,B,C,wide,,4
C_node76node99_wide_t5,0.0,B,C,wide,,5
C_node76node100_timber_t0,0.0,B,C,timber,,0
C_node76node100_timber_t1,0.0,B,C,timber,,1
C_node76node100_timber_t2,0.0,B,C,timber,,2
C_node76node100_timber_t3,0.0,B,C,timber,,3
C_node76node100_timber_t4,0.0,B,C,timber,,4
C_node76node100_timber_t5,0.0,B,C,timber,,5
C_node76node100_wide_t0,0.0,B,C,wide,,0
C_node76node100_wide_t1,0.0,B,C,wide,,1
C_node76node100_wide_t2,0.0,B,C,wide,,2
C_node76node100_wide_t3,0.0,B,C,wide,,3
C_node76node100_wide_t4,0.0,B,C,wide,,4
C_node76node100_wide_t5,0.0,B,C,wide,,5
C_node77node99_timber_t0,0.0,B,C,timber,,0
C_node77node99_timber_t1,0.0,B,C,timber,,1
C_node77node99_timber_t2,0.0,B,C,timber,,2
C_node77node99_timber_t3,0.0,B,C,timber,,3
C_node77node99_timber_t4,0.0,B,C,timber,,4
C_node77node99_timber_t5,0.0,B,C,timber,,5
C_node77node99_wide_t0,0.0,B,C,wide,,0
C_node77node99_wide_t1,0.0,B,C,wide,,1
C_node77node99_wide_t2,0.0,B,C,wide,,2
C_node77node99_wide_t3,0.0,B,C,wide,,3
C_node77node99_wide_t4,0.0,B,C,wide,,4
C_node77node99_wide_t5,0.0,B,C,wide,,5
C_node77node100_timber_t0,0.0,B,C,timber,,0
C_node77node100_timber_t1,0.0,B,C,timber,,1
C_node77node100_timber_t2,0.0,B,C,timber,,2
C_node77node100_timber_t3,0.0,B,C,timber,,3
C_node77node100_timber_t4,0.0,B,C,timber,,4
C_node77node100_timber_t5,0.0,B,C,timber,,5
C_node77node100_wide_t0,0.0,B,C,wide,,0
C_node77node100_wide_t1,0.0,B,C,wide,,1
C_node77node100_wide_t2,0.0,B,C,wide,,2
C_node77node100_wide_t3,0.0,B,C,wide,,3
C_node77node100_wide_t4,0.0,B,C,wide,,4
C_node77node100_wide_t5,0.0,B,C,wide,,5
C_node78node80_timber_t0,135.0,B,C,timber,,0
C_node78node80_timber_t1,113.67,B,C,timber,,1
C_node78node80_timber_t2,80.58,B,C,timber,,2
C_node78node80_timber_t3,57.12,B,C,timber,,3
C_node78node80_timber_t4,40.5,B,C,timber,,4
C_node78node80_timber_t5,28.71,B,C,timber,,5
C_node78node80_wide_t0,203.0,B,C,wide,,0
C_node78node80_wide_t1,170.92,B,C,wide,,1
C_node78node80_wide_t2,121.17,B,C,wide,,2
C_node78node80_wide_t3,85.9,B,C,wide,,3
C_node78node80_wide_t4,60.9,B,C,wide,,4
C_node78node80_wide_t5,43.17,B,C,wide,,5
C_node78node100_timber_t0,0.0,B,C,timber,,0
C_node78node100_timber_t1,0.0,B,C,timber,,1
C_node78node100_timber_t2,0.0,B,C,timber,,2
C_node78node100_timber_t3,0.0,B,C,timber,,3
C_node78node100_timber_t4,0.0,B,C,timber,,4
C_node78node100_timber_t5,0.0,B,C,timber,,5
C_node78node100_wide_t0,0.0,B,C,wide,,0
C_node78node100_wide_t1,0.0,B,C,wide,,1
C_node78node100_wide_t2,0.0,B,C,wide,,2
C_node78node100_wide_t3,0.0,B,C,wide,,3
C_node78node100_wide_t4,0.0,B,C,wide,,4
C_node78node100_wide_t5,0.0,B,C,wide,,5
C_node79node100_timber_t0,0.0,B,C,timber,,0
C_node79node100_timber_t1,0.0,B,C,timber,,1
C_node79node100_timber_t2,0.0,B,C,timber,,2
C_node79node100_timber_t3,0.0,B,C,timber,,3
C_node79node100_timber_t4,0.0,B,C,timber,,4
C_node79node100_timber_t5,0.0,B,C,timber,,5
C_node79node100_wide_t0,0.0,B,C,wide,,0
C_node79node100_wide_t1,0.0,B,C,wide,,1
C_node79node100_wide_t2,0.0,B,C,wide,,2
C_node79node100_wide_t3,0.0,B,C,wide,,3
C_node79node100_wide_t4,0.0,B,C,wide,,4
C_node79node100_wide_t5,0.0,B,C,wide,,5
C_node80node100_timber_t0,0.0,B,C,timber,,0
C_node80node100_timber_t1,0.0,B,C,timber,,1
C_node80node100_timber_t2,0.0,B,C,timber,,2
C_node80node100_timber_t3,0.0,B,C,timber,,3
C_node80node100_timber_t4,0.0,B,C,timber,,4
C_node80node100_timber_t5,0.0,B,C,timber,,5
C_node80node100_wide_t0,0.0,B,C,wide,,0
C_node80node100_wide_t1,0.0,B,C,wide,,1
C_node80node100_wide_t2,0.0,B,C,wide,,2
C_node80node100_wide_t3,0.0,B,C,wide,,3
C_node80node100_wide_t4,0.0,B,C,wide,,4
C_node80node100_wide_t5,0.0,B,C,wide,,5
C_node81node82_timber_t0,994.0,B,C,timber,,0
C_node81node82_timber_t1,836.92,B,C,timber,,1
C_node81node82_timber_t2,593.31,B,C,timber,,2
C_node81node82_timber_t3,420.61,B,C,timber,,3
C_node81node82_timber_t4,298.18,B,C,timber,,4
C_node81node82_timber_t5,211.38,B,C,timber,,5
C_node81node82_wide_t0,1491.0,B,C,wide,,0
C_node81node82_wide_t1,1255.38,B,C,wide,,1
C_node81node82_wide_t2,889.96,B,C,wide,,2
C_node81node82_wide_t3,630.91,B,C,wide,,3
C_node81node82_wide_t4,447.27,B,C,wide,,4
C_node81node82_wide_t5,317.07,B,C,wide,,5
C_node81node100_timber_t0,0.0,B,C,timber,,0
C_node81node100_timber_t1,0.0,B,C,timber,,1
C_node81node100_timber_t2,0.0,B,C,timber,,2
C_node81node100_timber_t3,0.0,B,C,timber,,3
C_node81node100_timber_t4,0.0,B,C,timber,,4
C_node81node100_timber_t5,0.0,B,C,timber,,5
C_node81node100_wide_t0,0.0,B,C,wide,,0
C_node81node100_wide_t1,0.0,B,C,wide,,1
C_node81node100_wide_t2,0.0,B,C,wide,,2
C_node81node100_wide_t3,0.0,B,C,wide,,3
C_node81node100_wide_t4,0.0,B,C,wide,,4
C_node81node100_wide_t5,0.0,B,C,wide,,5
C_node82node100_timber_t0,0.0,B,C,timber,,0
C_node82node100_timber_t1,0.0,B,C,timber,,1
C_node82node100_timber_t2,0.0,B,C,timber,,2
C_node82node100_timber_t3,0.0,B,C,timber,,3
C_node82node100_timber_t4,0.0,B,C,timber,,4
C_node82node100_timber_t5,0.0,B,C,timber,,5
C_node82node100_wide_t0,0.0,B,C,wide,,0
C_node82node100_wide_t1,0.0,B,C,wide,,1
C_node82node100_wide_t2,0.0,B,C,wide,,2
C_node82node100_wide_t3,0.0,B,C,wide,,3
C_node82node100_wide_t4,0.0,B,C,wide,,4
C_node82node100_wide_t5,0.0,B,C,wide,,5
C_node83node107_timber_t0,0.0,B,C,timber,,0
C_node83node107_timber_t1,0.0,B,C,timber,,1
C_node83node107_timber_t2,0.0,B,C,timber,,2
C_node83node107_timber_t3,0.0,B,C,timber,,3
C_node83node107_timber_t4,0.0,B,C,timber,,4
C_node83node107_timber_t5,0.0,B,C,timber,,5
C_node83node107_wide_t0,0.0,B,C,wide,,0
C_node83node107_wide_t1,0.0,B,C,wide,,1
C_node83node107_wide_t2,0.0,B,C,wide,,2
C_node83node107_wide_t3,0.0,B,C,wide,,3
C_node83node107_wide_t4,0.0,B,C,wide,,4
C_node83node107_wide_t5,0.0,B,C,wide,,5
C_node84node109_timber_t0,0.0,B,C,timber,,0
C_node84node109_timber_t1,0.0,B,C,timber,,1
C_node84node109_timber_t2,0.0,B,C,timber,,2
C_node84node109_timber_t3,0.0,B,C,timber,,3
C_node84node109_timber_t4,0.0,B,C,timber,,4
C_node84node109_timber_t5,0.0,B,C,timber,,5
C_node84node109_wide_t0,0.0,B,C,wide,,0
C_node84node109_wide_t1,0.0,B,C,wide,,1
C_node84node109_wide_t2,0.0,B,C,wide,,2
C_node84node109_wide_t3,0.0,B,C,wide,,3
C_node84node109_wide_t4,0.0,B,C,wide,,4
C_node84node109_wide_t5,0.0,B,C,wide,,5
C_node84node111_timber_t0,0.0,B,C,timber,,0
C_node84node111_timber_t1,0.0,B,C,timber,,1
C_node84node111_timber_t2,0.0,B,C,timber,,2
C_node84node111_timber_t3,0.0,B,C,timber,,3
C_node84node111_timber_t4,0.0,B,C,timber,,4
C_node84node111_timber_t5,0.0,B,C,timber,,5
C_node84node111_wide_t0,0.0,B,C,wide,,0
C_node84node111_wide_t1,0.0,B,C,wide,,1
C_node84node111_wide_t2,0.0,B,C,wide,,2
C_node84node111_wide_t3,0.0,B,C,wide,,3
C_node84node111_wide_t4,0.0,B,C,wide,,4
C_node84node111_wide_t5,0.0,B,C,wide,,5
C_node85node109_timber_t0,0.0,B,C,timber,,0
C_node85node109_timber_t1,0.0,B,C,timber,,1
C_node85node109_timber_t2,0.0,B,C,timber,,2
C_node85node109_timber_t3,0.0,B,C,timber,,3
C_node85node109_timber_t4,0.0,B,C,timber,,4
C_node85node109_timber_t5,0.0,B,C,timber,,5
C_node85node109_wide_t0,0.0,B,C,wide,,0
C_node85node109_wide_t1,0.0,B,C,wide,,1
C_node85node109_wide_t2,0.0,B,C,wide,,2
C_node85node109_wide_t3,0.0,B,C,wide,,3
C_node85node109_wide_t4,0.0,B,C,wide,,4
C_node85node109_wide_t5,0.0,B,C,wide,,5
C_node85node112_timber_t0,0.0,B,C,timber,,0
C_node85node112_timber_t1,0.0,B,C,timber,,1
C_node85node112_timber_t2,0.0,B,C,timber,,2
C_node85node112_timber_t3,0.0,B,C,timber,,3
C_node85node112_timber_t4,0.0,B,C,timber,,4
C_node85node112_timber_t5,0.0,B,C,timber,,5
C_node85node112_wide_t0,0.0,B,C,wide,,0
C_node85node112_wide_t1,0.0,B,C,wide,,1
C_node85node112_wide_t2,0.0,B,C,wide,,2
C_node85node112_wide_t3,0.0,B,C,wide,,3
C_node85node112_wide_t4,0.0,B,C,wide,,4
C_node85node112_wide_t5,0.0,B,C,wide,,5
C_node86node87_timber_t0,1336.0,B,C,timber,,0
C_node86node87_timber_t1,1124.88,B,C,timber,,1
C_node86node87_timber_t2,797.45,B,C,timber,,2
C_node86node87_timber_t3,565.32,B,C,timber,,3
C_node86node87_timber_t4,400.77,B,C,timber,,4
C_node86node87_timber_t5,284.11,B,C,timber,,5
C_node86node87_wide_t0,2005.0,B,C,wide,,0
C_node86node87_wide_t1,1688.16,B,C,wide,,1
C_node86node87_wide_t2,1196.77,B,C,wide,,2
C_node86node87_wide_t3,848.41,B,C,wide,,3
C_node86node87_wide_t4,601.45,B,C,wide,,4
C_node86node87_wide_t5,426.38,B,C,wide,,5
C_node86node109_timber_t0,0.0,B,C,timber,,0
C_node86node109_timber_t1,0.0,B,C,timber,,1
C_node86node109_timber_t2,0.0,B,C,timber,,2
C_node86node109_timber_t3,0.0,B,C,timber,,3
C_node86node109_timber_t4,0.0,B,C,timber,,4
C_node86node109_timber_t5,0.0,B,C,timber,,5
C_node86node109_wide_t0,0.0,B,C,wide,,0
C_node86node109_wide_t1,0.0,B,C,wide,,1
C_node86node109_wide_t2,0.0,B,C,wide,,2
C_node86node109_wide_t3,0.0,B,C,wide,,3
C_node86node109_wide_t4,0.0,B,C,wide,,4
C_node86node109_wide_t5,0.0,B,C,wide,,5
C_node86node111_timber_t0,0.0,B,C,timber,,0
C_node86node111_timber_t1,0.0,B,C,timber,,1
C_node86node111_timber_t2,0.0,B,C,timber,,2
C_node86node111_timber_t3,0.0,B,C,timber,,3
C_node86node111_timber_t4,0.0,B,C,timber,,4
C_node86node111_timber_t5,0.0,B,C,timber,,5
C_node86node111_wide_t0,0.0,B,C,wide,,0
C_node86node111_wide_t1,0.0,B,C,wide,,1
C_node86node111_wide_t2,0.0,B,C,wide,,2
C_node86node111_wide_t3,0.0,B,C,wide,,3
C_node86node111_wide_t4,0.0,B,C,wide,,4
C_node86node111_wide_t5,0.0,B,C,wide,,5
C_node87node109_timber_t0,0.0,B,C,timber,,0
C_node87node109_timber_t1,0.0,B,C,timber,,1
C_node87node109_timber_t2,0.0,B,C,timber,,2
C_node87node109_timber_t3,0.0,B,C,timber,,3
C_node87node109_timber_t4,0.0,B,C,timber,,4
C_node87node109_timber_t5,0.0,B,C,timber,,5
C_node87node109_wide_t0,0.0,B,C,wide,,0
C_node87node109_wide_t1,0.0,B,C,wide,,1
C_node87node109_wide_t2,0.0,B,C,wide,,2
C_node87node109_wide_t3,0.0,B,C,wide,,3
C_node87node109_wide_t4,0.0,B,C,wide,,4
C_node87node109_wide_t5,0.0,B,C,wide,,5
C_node87node111_timber_t0,0.0,B,C,timber,,0
C_node87node111_timber_t1,0.0,B,C,timber,,1
C_node87node111_timber_t2,0.0,B,C,timber,,2
C_node87node111_timber_t3,0.0,B,C,timber,,3
C_node87node111_timber_t4,0.0,B,C,timber,,4
C_node87node111_timber_t5,0.0,B,C,timber,,5
C_node87node111_wide_t0,0.0,B,C,wide,,0
C_node87node111_wide_t1,0.0,B,C,wide,,1
C_node87node111_wide_t2,0.0,B,C,wide,,2
C_node87node111_wide_t3,0.0,B,C,wide,,3
C_node87node111_wide_t4,0.0,B,C,wide,,4
C_node87node111_wide_t5,0.0,B,C,wide,,5
C_node88node89_timber_t0,356.0,B,C,timber,,0
C_node88node89_timber_t1,299.74,B,C,timber,,1
C_node88node89_timber_t2,212.49,B,C,timber,,2
C_node88node89_timber_t3,150.64,B,C,timber,,3
C_node88node89_timber_t4,106.79,B,C,timber,,4
C_node88node89_timber_t5,75.71,B,C,timber,,5
C_node88node89_wide_t0,533.0,B,C,wide,,0
C_node88node89_wide_t1,448.77,B,C,wide,,1
C_node88node89_wide_t2,318.14,B,C,wide,,2
C_node88node89_wide_t3,225.54,B,C,wide,,3
C_node88node89_wide_t4,159.89,B,C,wide,,4
C_node88node89_wide_t5,113.35,B,C,wide,,5
C_node88node112_timber_t0,0.0,B,C,timber,,0
C_node88node112_timber_t1,0.0,B,C,timber,,1
C_node88node112_timber_t2,0.0,B,C,timber,,2
C_node88node112_timber_t3,0.0,B,C,timber,,3
C_node88node112_timber_t4,0.0,B,C,timber,,4
C_node88node112_timber_t5,0.0,B,C,timber,,5
C_node88node112_wide_t0,0.0,B,C,wide,,0
C_node88node112_wide_t1,0.0,B,C,wide,,1
C_node88node112_wide_t2,0.0,B,C,wide,,2
C_node88node112_wide_t3,0.0,B,C,wide,,3
C_node88node112_wide_t4,0.0,B,C,wide,,4
C_node88node112_wide_t5,0.0,B,C,wide,,5
C_node89node112_timber_t0,0.0,B,C,timber,,0
C_node89node112_timber_t1,0.0,B,C,timber,,1
C_node89node112_timber_t2,0.0,B,C,timber,,2
C_node89node112_timber_t3,0.0,B,C,timber,,3
C_node89node112_timber_t4,0.0,B,C,timber,,4
C_node89node112_timber_t5,0.0,B,C,timber,,5
C_node89node112_wide_t0,0.0,B,C,wide,,0
C_node89node112_wide_t1,0.0,B,C,wide,,1
C_node89node112_wide_t2,0.0,B,C,wide,,2
C_node89node112_wide_t3,0.0,B,C,wide,,3
C_node89node112_wide_t4,0.0,B,C,wide,,4
C_node89node112_wide_t5,0.0,B,C,wide,,5
M_node1node42_timber_t0,658.0,B,M,timber,,0
M_node1node42_timber_t1,554.02,B,M,timber,,1
M_node1node42_timber_t2,392.75,B,M,timber,,2
M_node1node42_timber_t3,278.43,B,M,timber,,3
M_node1node42_timber_t4,197.38,B,M,timber,,4
M_node1node42_timber_t5,139.93,B,M,timber,,5
M_node1node42_wide_t0,658.0,B,M,wide,,0
M_node1node42_wide_t1,554.02,B,M,wide,,1
M_node1node42_wide_t2,392.75,B,M,wide,,2
M_node1node42_wide_t3,278.43,B,M,wide,,3
M_node1node42_wide_t4,197.38,B,M,wide,,4
M_node1node42_wide_t5,139.93,B,M,wide,,5
M_node1node4_timber_t0,495.0,B,M,timber,,0
M_node1node4_timber_t1,416.78,B,M,timber,,1
M_node1node4_timber_t2,295.46,B,M,timber,,2
M_node1node4_timber_t3,209.46,B,M,timber,,3
M_node1node4_timber_t4,148.49,B,M,timber,,4
M_node1node4_timber_t5,105.27,B,M,timber,,5
M_node1node4_wide_t0,495.0,B,M,wide,,0
M_node1node4_wide_t1,416.78,B,M,wide,,1
M_node1node4_wide_t2,295.46,B,M,wide,,2
M_node1node4_wide_t3,209.46,B,M,wide,,3
M_node1node4_wide_t4,148.49,B,M,wide,,4
M_node1node4_wide_t5,105.27,B,M,wide,,5
M_node1node39_timber_t0,535.0,B,M,timber,,0
M_node1node39_timber_t1,450.46,B,M,timber,,1
M_node1node39_timber_t2,319.34,B,M,timber,,2
M_node1node39_timber_t3,226.38,B,M,timber,,3
M_node1node39_timber_t4,160.49,B,M,timber,,4
M_node1node39_timber_t5,113.77,B,M,timber,,5
M_node1node39_wide_t0,535.0,B,M,wide,,0
M_node1node39_wide_t1,450.46,B,M,wide,,1
M_node1node39_wide_t2,319.34,B,M,wide,,2
M_node1node39_wide_t3,226.38,B,M,wide,,3
M_node1node39_wide_t4,160.49,B,M,wide,,4
M_node1node39_wide_t5,113.77,B,M,wide,,5
M_node1node92_timber_t0,0.0,B,M,timber,,0
M_node1node92_timber_t1,0.0,B,M,timber,,1
M_node1node92_timber_t2,0.0,B,M,timber,,2
M_node1node92_timber_t3,0.0,B,M,timber,,3
M_node1node92_timber_t4,0.0,B,M,timber,,4
M_node1node92_timber_t5,0.0,B,M,timber,,5
M_node1node92_wide_t0,0.0,B,M,wide,,0
M_node1node92_wide_t1,0.0,B,M,wide,,1
M_node1node92_wide_t2,0.0,B,M,wide,,2
M_node1node92_wide_t3,0.0,B,M,wide,,3
M_node1node92_wide_t4,0.0,B,M,wide,,4
M_node1node92_wide_t5,0.0,B,M,wide,,5
M_node1node93_timber_t0,0.0,B,M,timber,,0
M_node1node93_timber_t1,0.0,B,M,timber,,1
M_node1node93_timber_t2,0.0,B,M,timber,,2
M_node1node93_timber_t3,0.0,B,M,timber,,3
M_node1node93_timber_t4,0.0,B,M,timber,,4
M_node1node93_timber_t5,0.0,B,M,timber,,5
M_node1node93_wide_t0,0.0,B,M,wide,,0
M_node1node93_wide_t1,0.0,B,M,wide,,1
M_node1node93_wide_t2,0.0,B,M,wide,,2
M_node1node93_wide_t3,0.0,B,M,wide,,3
M_node1node93_wide_t4,0.0,B,M,wide,,4
M_node1node93_wide_t5,0.0,B,M,wide,,5
M_node1node94_timber_t0,0.0,B,M,timber,,0
M_node1node94_timber_t1,0.0,B,M,timber,,1
M_node1node94_timber_t2,0.0,B,M,timber,,2
M_node1node94_timber_t3,0.0,B,M,timber,,3
M_node1node94_timber_t4,0.0,B,M,timber,,4
M_node1node94_timber_t5,0.0,B,M,timber,,5
M_node1node94_wide_t0,0.0,B,M,wide,,0
M_node1node94_wide_t1,0.0,B,M,wide,,1
M_node1node94_wide_t2,0.0,B,M,wide,,2
M_node1node94_wide_t3,0.0,B,M,wide,,3
M_node1node94_wide_t4,0.0,B,M,wide,,4
M_node1node94_wide_t5,0.0,B,M,wide,,5
M_node2node74_timber_t0,211.0,B,M,timber,,0
M_node2node74_timber_t1,177.66,B,M,timber,,1
M_node2node74_timber_t2,125.94,B,M,timber,,2
M_node2node74_timber_t3,89.28,B,M,timber,,3
M_node2node74_timber_t4,63.3,B,M,timber,,4
M_node2node74_timber_t5,44.87,B,M,timber,,5
M_node2node74_wide_t0,211.0,B,M,wide,,0
M_node2node74_wide_t1,177.66,B,M,wide,,1
M_node2node74_wide_t2,125.94,B,M,wide,,2
M_node2node74_wide_t3,89.28,B,M,wide,,3
M_node2node74_wide_t4,63.3,B,M,wide,,4
M_node2node74_wide_t5,44.87,B,M,wide,,5
M_node2node79_timber_t0,259.0,B,M,timber,,0
M_node2node79_timber_t1,218.07,B,M,timber,,1
M_node2node79_timber_t2,154.59,B,M,timber,,2
M_node2node79_timber_t3,109.6,B,M,timber,,3
M_node2node79_timber_t4,77.69,B,M,timber,,4
M_node2node79_timber_t5,55.08,B,M,timber,,5
M_node2node79_wide_t0,259.0,B,M,wide,,0
M_node2node79_wide_t1,218.07,B,M,wide,,1
M_node2node79_wide_t2,154.59,B,M,wide,,2
M_node2node79_wide_t3,109.6,B,M,wide,,3
M_node2node79_wide_t4,77.69,B,M,wide,,4
M_node2node79_wide_t5,55.08,B,M,wide,,5
M_node2node50_timber_t0,744.0,B,M,timber,,0
M_node2node50_timber_t1,626.43,B,M,timber,,1
M_node2node50_timber_t2,444.09,B,M,timber,,2
M_node2node50_timber_t3,314.82,B,M,timber,,3
M_node2node50_timber_t4,223.18,B,M,timber,,4
M_node2node50_timber_t5,158.22,B,M,timber,,5
M_node2node50_wide_t0,744.0,B,M,wide,,0
M_node2node50_wide_t1,626.43,B,M,wide,,1
M_node2node50_wide_t2,444.09,B,M,wide,,2
M_node2node50_wide_t3,314.82,B,M,wide,,3
M_node2node50_wide_t4,223.18,B,M,wide,,4
M_node2node50_wide_t5,158.22,B,M,wide,,5
M_node2node98_timber_t0,0.0,B,M,timber,,0
M_node2node98_timber_t1,0.0,B,M,timber,,1
M_node2node98_timber_t2,0.0,B,M,timber,,2
M_node2node98_timber_t3,0.0,B,M,timber,,3
M_node2node98_timber_t4,0.0,B,M,timber,,4
M_node2node98_timber_t5,0.0,B,M,timber,,5
M_node2node98_wide_t0,0.0,B,M,wide,,0
M_node2node98_wide_t1,0.0,B,M,wide,,1
M_node2node98_wide_t2,0.0,B,M,wide,,2
M_node2node98_wide_t3,0.0,B,M,wide,,3
M_node2node98_wide_t4,0.0,B,M,wide,,4
M_node2node98_wide_t5,0.0,B,M,wide,,5
M_node2node100_timber_t0,0.0,B,M,timber,,0
M_node2node100_timber_t1,0.0,B,M,timber,,1
M_node2node100_timber_t2,0.0,B,M,timber,,2
M_node2node100_timber_t3,0.0,B,M,timber,,3
M_node2node100_timber_t4,0.0,B,M,timber,,4
M_node2node100_timber_t5,0.0,B,M,timber,,5
M_node2node100_wide_t0,0.0,B,M,wide,,0
M_node2node100_wide_t1,0.0,B,M,wide,,1
M_node2node100_wide_t2,0.0,B,M,wide,,2
M_node2node100_wide_t3,0.0,B,M,wide,,3
M_node2node100_wide_t4,0.0,B,M,wide,,4
M_node2node100_wide_t5,0.0,B,M,wide,,5
M_node3node54_timber_t0,170.0,B,M,timber,,0
M_node3node54_timber_t1,143.14,B,M,timber,,1
M_node3node54_timber_t2,101.47,B,M,timber,,2
M_node3node54_timber_t3,71.93,B,M,timber,,3
M_node3node54_timber_t4,51.0,B,M,timber,,4
M_node3node54_timber_t5,36.15,B,M,timber,,5
M_node3node54_wide_t0,170.0,B,M,wide,,0
M_node3node54_wide_t1,143.14,B,M,wide,,1
M_node3node54_wide_t2,101.47,B,M,wide,,2
M_node3node54_wide_t3,71.93,B,M,wide,,3
M_node3node54_wide_t4,51.0,B,M,wide,,4
M_node3node54_wide_t5,36.15,B,M,wide,,5
M_node3node18_timber_t0,393.0,B,M,timber,,0
M_node3node18_timber_t1,330.9,B,M,timber,,1
M_node3node18_timber_t2,234.58,B,M,timber,,2
M_node3node18_timber_t3,166.3,B,M,timber,,3
M_node3node18_timber_t4,117.89,B,M,timber,,4
M_node3node18_timber_t5,83.58,B,M,timber,,5
M_node3node18_wide_t0,393.0,B,M,wide,,0
M_node3node18_wide_t1,330.9,B,M,wide,,1
M_node3node18_wide_t2,234.58,B,M,wide,,2
M_node3node18_wide_t3,166.3,B,M,wide,,3
M_node3node18_wide_t4,117.89,B,M,wide,,4
M_node3node18_wide_t5,83.58,B,M,wide,,5
M_node3node59_timber_t0,689.0,B,M,timber,,0
M_node3node59_timber_t1,580.12,B,M,timber,,1
M_node3node59_timber_t2,411.26,B,M,timber,,2
M_node3node59_timber_t3,291.55,B,M,timber,,3
M_node3node59_timber_t4,206.68,B,M,timber,,4
M_node3node59_timber_t5,146.52,B,M,timber,,5
M_node3node59_wide_t0,689.0,B,M,wide,,0
M_node3node59_wide_t1,580.12,B,M,wide,,1
M_node3node59_wide_t2,411.26,B,M,wide,,2
M_node3node59_wide_t3,291.55,B,M,wide,,3
M_node3node59_wide_t4,206.68,B,M,wide,,4
M_node3node59_wide_t5,146.52,B,M,wide,,5
M_node3node96_timber_t0,0.0,B,M,timber,,0
M_node3node96_timber_t1,0.0,B,M,timber,,1
M_node3node96_timber_t2,0.0,B,M,timber,,2
M_node3node96_timber_t3,0.0,B,M,timber,,3
M_node3node96_timber_t4,0.0,B,M,timber,,4
M_node3node96_timber_t5,0.0,B,M,timber,,5
M_node3node96_wide_t0,0.0,B,M,wide,,0
M_node3node96_wide_t1,0.0,B,M,wide,,1
M_node3node96_wide_t2,0.0,B,M,wide,,2
M_node3node96_wide_t3,0.0,B,M,wide,,3
M_node3node96_wide_t4,0.0,B,M,wide,,4
M_node3node96_wide_t5,0.0,B,M,wide,,5
M_node3node101_timber_t0,0.0,B,M,timber,,0
M_node3node101_timber_t1,0.0,B,M,timber,,1
M_node3node101_timber_t2,0.0,B,M,timber,,2
M_node3node101_timber_t3,0.0,B,M,timber,,3
M_node3node101_timber_t4,0.0,B,M,timber,,4
M_node3node101_timber_t5,0.0,B,M,timber,,5
M_node3node101_wide_t0,0.0,B,M,wide,,0
M_node3node101_wide_t1,0.0,B,M,wide,,1
M_node3node101_wide_t2,0.0,B,M,wide,,2
M_node3node101_wide_t3,0.0,B,M,wide,,3
M_node3node101_wide_t4,0.0,B,M,wide,,4
M_node3node101_wide_t5,0.0,B,M,wide,,5
M_node4node46_timber_t0,404.0,B,M,timber,,0
M_node4node46_timber_t1,340.16,B,M,timber,,1
M_node4node46_timber_t2,241.14,B,M,timber,,2
M_node4node46_timber_t3,170.95,B,M,timber,,3
M_node4node46_timber_t4,121.19,B,M,timber,,4
M_node4node46_timber_t5,85.91,B,M,timber,,5
M_node4node46_wide_t0,404.0,B,M,wide,,0
M_node4node46_wide_t1,340.16,B,M,wide,,1
M_node4node46_wide_t2,241.14,B,M,wide,,2
M_node4node46_wide_t3,170.95,B,M,wide,,3
M_node4node46_wide_t4,121.19,B,M,wide,,4
M_node4node46_wide_t5,85.91,B,M,wide,,5
M_node4node24_timber_t0,1210.0,B,M,timber,,0
M_node4node24_timber_t1,1018.79,B,M,timber,,1
M_node4node24_timber_t2,722.24,B,M,timber,,2
M_node4node24_timber_t3,512.01,B,M,timber,,3
M_node4node24_timber_t4,362.97,B,M,timber,,4
M_node4node24_timber_t5,257.32,B,M,timber,,5
M_node4node24_wide_t0,1210.0,B,M,wide,,0
M_node4node24_wide_t1,1018.79,B,M,wide,,1
M_node4node24_wide_t2,722.24,B,M,wide,,2
M_node4node24_wide_t3,512.01,B,M,wide,,3
M_node4node24_wide_t4,362.97,B,M,wide,,4
M_node4node24_wide_t5,257.32,B,M,wide,,5
M_node4node93_timber_t0,0.0,B,M,timber,,0
M_node4node93_timber_t1,0.0,B,M,timber,,1
M_node4node93_timber_t2,0.0,B,M,timber,,2
M_node4node93_timber_t3,0.0,B,M,timber,,3
M_node4node93_timber_t4,0.0,B,M,timber,,4
M_node4node93_timber_t5,0.0,B,M,timber,,5
M_node4node93_wide_t0,0.0,B,M,wide,,0
M_node4node93_wide_t1,0.0,B,M,wide,,1
M_node4node93_wide_t2,0.0,B,M,wide,,2
M_node4node93_wide_t3,0.0,B,M,wide,,3
M_node4node93_wide_t4,0.0,B,M,wide,,4
M_node4node93_wide_t5,0.0,B,M,wide,,5
M_node4node94_timber_t0,0.0,B,M,timber,,0
M_node4node94_timber_t1,0.0,B,M,timber,,1
M_node4node94_timber_t2,0.0,B,M,timber,,2
M_node4node94_timber_t3,0.0,B,M,timber,,3
M_node4node94_timber_t4,0.0,B,M,timber,,4
M_node4node94_timber_t5,0.0,B,M,timber,,5
M_node4node94_wide_t0,0.0,B,M,wide,,0
M_node4node94_wide_t1,0.0,B,M,wide,,1
M_node4node94_wide_t2,0.0,B,M,wide,,2
M_node4node94_wide_t3,0.0,B,M,wide,,3
M_node4node94_wide_t4,0.0,B,M,wide,,4
M_node4node94_wide_t5,0.0,B,M,wide,,5
M_node4node95_timber_t0,0.0,B,M,timber,,0
M_node4node95_timber_t1,0.0,B,M,timber,,1
M_node4node95_timber_t2,0.0,B,M,timber,,2
M_node4node95_timber_t3,0.0,B,M,timber,,3
M_node4node95_timber_t4,0.0,B,M,timber,,4
M_node4node95_timber_t5,0.0,B,M,timber,,5
M_node4node95_wide_t0,0.0,B,M,wide,,0
M_node4node95_wide_t1,0.0,B,M,wide,,1
M_node4node95_wide_t2,0.0,B,M,wide,,2
M_node4node95_wide_t3,0.0,B,M,wide,,3
M_node4node95_wide_t4,0.0,B,M,wide,,4
M_node4node95_wide_t5,0.0,B,M,wide,,5
M_node5node43_timber_t0,331.0,B,M,timber,,0
M_node5node43_timber_t1,278.69,B,M,timber,,1
M_node5node43_timber_t2,197.57,B,M,timber,,2
M_node5node43_timber_t3,140.06,B,M,timber,,3
M_node5node43_timber_t4,99.29,B,M,timber,,4
M_node5node43_timber_t5,70.39,B,M,timber,,5
M_node5node43_wide_t0,331.0,B,M,wide,,0
M_node5node43_wide_t1,278.69,B,M,wide,,1
M_node5node43_wide_t2,197.57,B,M,wide,,2
M_node5node43_wide_t3,140.06,B,M,wide,,3
M_node5node43_wide_t4,99.29,B,M,wide,,4
M_node5node43_wide_t5,70.39,B,M,wide,,5
M_node5node11_timber_t0,192.0,B,M,timber,,0
M_node5node11_timber_t1,161.66,B,M,timber,,1
M_node5node11_timber_t2,114.6,B,M,timber,,2
M_node5node11_timber_t3,81.24,B,M,timber,,3
M_node5node11_timber_t4,57.6,B,M,timber,,4
M_node5node11_timber_t5,40.83,B,M,timber,,5
M_node5node11_wide_t0,192.0,B,M,wide,,0
M_node5node11_wide_t1,161.66,B,M,wide,,1
M_node5node11_wide_t2,114.6,B,M,wide,,2
M_node5node11_wide_t3,81.24,B,M,wide,,3
M_node5node11_wide_t4,57.6,B,M,wide,,4
M_node5node11_wide_t5,40.83,B,M,wide,,5
M_node5node57_timber_t0,1985.0,B,M,timber,,0
M_node5node57_timber_t1,1671.32,B,M,timber,,1
M_node5node57_timber_t2,1184.83,B,M,timber,,2
M_node5node57_timber_t3,839.95,B,M,timber,,3
M_node5node57_timber_t4,595.45,B,M,timber,,4
M_node5node57_timber_t5,422.13,B,M,timber,,5
M_node5node57_wide_t0,1985.0,B,M,wide,,0
M_node5node57_wide_t1,1671.32,B,M,wide,,1
M_node5node57_wide_t2,1184.83,B,M,wide,,2
M_node5node57_wide_t3,839.95,B,M,wide,,3
M_node5node57_wide_t4,595.45,B,M,wide,,4
M_node5node57_wide_t5,422.13,B,M,wide,,5
M_node5node91_timber_t0,0.0,B,M,timber,,0
M_node5node91_timber_t1,0.0,B,M,timber,,1
M_node5node91_timber_t2,0.0,B,M,timber,,2
M_node5node91_timber_t3,0.0,B,M,timber,,3
M_node5node91_timber_t4,0.0,B,M,timber,,4
M_node5node91_timber_t5,0.0,B,M,timber,,5
M_node5node91_wide_t0,0.0,B,M,wide,,0
M_node5node91_wide_t1,0.0,B,M,wide,,1
M_node5node91_wide_t2,0.0,B,M,wide,,2
M_node5node91_wide_t3,0.0,B,M,wide,,3
M_node5node91_wide_t4,0.0,B,M,wide,,4
M_node5node91_wide_t5,0.0,B,M,wide,,5
M_node5node99_timber_t0,0.0,B,M,timber,,0
M_node5node99_timber_t1,0.0,B,M,timber,,1
M_node5node99_timber_t2,0.0,B,M,timber,,2
M_node5node99_timber_t3,0.0,B,M,timber,,3
M_node5node99_timber_t4,0.0,B,M,timber,,4
M_node5node99_timber_t5,0.0,B,M,timber,,5
M_node5node99_wide_t0,0.0,B,M,wide,,0
M_node5node99_wide_t1,0.0,B,M,wide,,1
M_node5node99_wide_t2,0.0,B,M,wide,,2
M_node5node99_wide_t3,0.0,B,M,wide,,3
M_node5node99_wide_t4,0.0,B,M,wide,,4
M_node5node99_wide_t5,0.0,B,M,wide,,5
M_node6node22_timber_t0,408.0,B,M,timber,,0
M_node6node22_timber_t1,343.53,B,M,timber,,1
M_node6node22_timber_t2,243.53,B,M,timber,,2
M_node6node22_timber_t3,172.64,B,M,timber,,3
M_node6node22_timber_t4,122.39,B,M,timber,,4
M_node6node22_timber_t5,86.76,B,M,timber,,5
M_node6node22_wide_t0,408.0,B,M,wide,,0
M_node6node22_wide_t1,343.53,B,M,wide,,1
M_node6node22_wide_t2,243.53,B,M,wide,,2
M_node6node22_wide_t3,172.64,B,M,wide,,3
M_node6node22_wide_t4,122.39,B,M,wide,,4
M_node6node22_wide_t5,86.76,B,M,wide,,5
M_node6node25_timber_t0,515.0,B,M,timber,,0
M_node6node25_timber_t1,433.62,B,M,timber,,1
M_node6node25_timber_t2,307.4,B,M,timber,,2
M_node6node25_timber_t3,217.92,B,M,timber,,3
M_node6node25_timber_t4,154.49,B,M,timber,,4
M_node6node25_timber_t5,109.52,B,M,timber,,5
M_node6node25_wide_t0,515.0,B,M,wide,,0
M_node6node25_wide_t1,433.62,B,M,wide,,1
M_node6node25_wide_t2,307.4,B,M,wide,,2
M_node6node25_wide_t3,217.92,B,M,wide,,3
M_node6node25_wide_t4,154.49,B,M,wide,,4
M_node6node25_wide_t5,109.52,B,M,wide,,5
M_node6node54_timber_t0,1100.0,B,M,timber,,0
M_node6node54_timber_t1,926.17,B,M,timber,,1
M_node6node54_timber_t2,656.58,B,M,timber,,2
M_node6node54_timber_t3,465.46,B,M,timber,,3
M_node6node54_timber_t4,329.97,B,M,timber,,4
M_node6node54_timber_t5,233.93,B,M,timber,,5
M_node6node54_wide_t0,1100.0,B,M,wide,,0
M_node6node54_wide_t1,926.17,B,M,wide,,1
M_node6node54_wide_t2,656.58,B,M,wide,,2
M_node6node54_wide_t3,465.46,B,M,wide,,3
M_node6node54_wide_t4,329.97,B,M,wide,,4
M_node6node54_wide_t5,233.93,B,M,wide,,5
M_node6node96_timber_t0,0.0,B,M,timber,,0
M_node6node96_timber_t1,0.0,B,M,timber,,1
M_node6node96_timber_t2,0.0,B,M,timber,,2
M_node6node96_timber_t3,0.0,B,M,timber,,3
M_node6node96_timber_t4,0.0,B,M,timber,,4
M_node6node96_timber_t5,0.0,B,M,timber,,5
M_node6node96_wide_t0,0.0,B,M,wide,,0
M_node6node96_wide_t1,0.0,B,M,wide,,1
M_node6node96_wide_t2,0.0,B,M,wide,,2
M_node6node96_wide_t3,0.0,B,M,wide,,3
M_node6node96_wide_t4,0.0,B,M,wide,,4
M_node6node96_wide_t5,0.0,B,M,wide,,5
M_node6node102_timber_t0,0.0,B,M,timber,,0
M_node6node102_timber_t1,0.0,B,M,timber,,1
M_node6node102_timber_t2,0.0,B,M,timber,,2
M_node6node102_timber_t3,0.0,B,M,timber,,3
M_node6node102_timber_t4,0.0,B,M,timber,,4
M_node6node102_timber_t5,0.0,B,M,timber,,5
M_node6node102_wide_t0,0.0,B,M,wide,,0
M_node6node102_wide_t1,0.0,B,M,wide,,1
M_node6node102_wide_t2,0.0,B,M,wide,,2
M_node6node102_wide_t3,0.0,B,M,wide,,3
M_node6node102_wide_t4,0.0,B,M,wide,,4
M_node6node102_wide_t5,0.0,B,M,wide,,5
M_node6node108_timber_t0,0.0,B,M,timber,,0
M_node6node108_timber_t1,0.0,B,M,timber,,1
M_node6node108_timber_t2,0.0,B,M,timber,,2
M_node6node108_timber_t3,0.0,B,M,timber,,3
M_node6node108_timber_t4,0.0,B,M,timber,,4
M_node6node108_timber_t5,0.0,B,M,timber,,5
M_node6node108_wide_t0,0.0,B,M,wide,,0
M_node6node108_wide_t1,0.0,B,M,wide,,1
M_node6node108_wide_t2,0.0,B,M,wide,,2
M_node6node108_wide_t3,0.0,B,M,wide,,3
M_node6node108_wide_t4,0.0,B,M,wide,,4
M_node6node108_wide_t5,0.0,B,M,wide,,5
M_node7node23_timber_t0,778.0,B,M,timber,,0
M_node7node23_timber_t1,655.06,B,M,timber,,1
M_node7node23_timber_t2,464.38,B,M,timber,,2
M_node7node23_timber_t3,329.21,B,M,timber,,3
M_node7node23_timber_t4,233.38,B,M,timber,,4
M_node7node23_timber_t5,165.45,B,M,timber,,5
M_node7node23_wide_t0,778.0,B,M,wide,,0
M_node7node23_wide_t1,655.06,B,M,wide,,1
M_node7node23_wide_t2,464.38,B,M,wide,,2
M_node7node23_wide_t3,329.21,B,M,wide,,3
M_node7node23_wide_t4,233.38,B,M,wide,,4
M_node7node23_wide_t5,165.45,B,M,wide,,5
M_node7node15_timber_t0,756.0,B,M,timber,,0
M_node7node15_timber_t1,636.53,B,M,timber,,1
M_node7node15_timber_t2,451.25,B,M,timber,,2
M_node7node15_timber_t3,319.9,B,M,timber,,3
M_node7node15_timber_t4,226.78,B,M,timber,,4
M_node7node15_timber_t5,160.77,B,M,timber,,5
M_node7node15_wide_t0,756.0,B,M,wide,,0
M_node7node15_wide_t1,636.53,B,M,wide,,1
M_node7node15_wide_t2,451.25,B,M,wide,,2
M_node7node15_wide_t3,319.9,B,M,wide,,3
M_node7node15_wide_t4,226.78,B,M,wide,,4
M_node7node15_wide_t5,160.77,B,M,wide,,5
M_node7node34_timber_t0,2766.0,B,M,timber,,0
M_node7node34_timber_t1,2328.9,B,M,timber,,1
M_node7node34_timber_t2,1651.0,B,M,timber,,2
M_node7node34_timber_t3,1170.42,B,M,timber,,3
M_node7node34_timber_t4,829.74,B,M,timber,,4
M_node7node34_timber_t5,588.22,B,M,timber,,5
M_node7node34_wide_t0,2766.0,B,M,wide,,0
M_node7node34_wide_t1,2328.9,B,M,wide,,1
M_node7node34_wide_t2,1651.0,B,M,wide,,2
M_node7node34_wide_t3,1170.42,B,M,wide,,3
M_node7node34_wide_t4,829.74,B,M,wide,,4
M_node7node34_wide_t5,588.22,B,M,wide,,5
M_node7node105_timber_t0,0.0,B,M,timber,,0
M_node7node105_timber_t1,0.0,B,M,timber,,1
M_node7node105_timber_t2,0.0,B,M,timber,,2
M_node7node105_timber_t3,0.0,B,M,timber,,3
M_node7node105_timber_t4,0.0,B,M,timber,,4
M_node7node105_timber_t5,0.0,B,M,timber,,5
M_node7node105_wide_t0,0.0,B,M,wide,,0
M_node7node105_wide_t1,0.0,B,M,wide,,1
M_node7node105_wide_t2,0.0,B,M,wide,,2
M_node7node105_wide_t3,0.0,B,M,wide,,3
M_node7node105_wide_t4,0.0,B,M,wide,,4
M_node7node105_wide_t5,0.0,B,M,wide,,5
M_node7node106_timber_t0,0.0,B,M,timber,,0
M_node7node106_timber_t1,0.0,B,M,timber,,1
M_node7node106_timber_t2,0.0,B,M,timber,,2
M_node7node106_timber_t3,0.0,B,M,timber,,3
M_node7node106_timber_t4,0.0,B,M,timber,,4
M_node7node106_timber_t5,0.0,B,M,timber,,5
M_node7node106_wide_t0,0.0,B,M,wide,,0
M_node7node106_wide_t1,0.0,B,M,wide,,1
M_node7node106_wide_t2,0.0,B,M,wide,,2
M_node7node106_wide_t3,0.0,B,M,wide,,3
M_node7node106_wide_t4,0.0,B,M,wide,,4
M_node7node106_wide_t5,0.0,B,M,wide,,5
M_node8node51_timber_t0,164.0,B,M,timber,,0
M_node8node51_timber_t1,138.08,B,M,timber,,1
M_node8node51_timber_t2,97.89,B,M,timber,,2
M_node8node51_timber_t3,69.4,B,M,timber,,3
M_node8node51_timber_t4,49.2,B,M,timber,,4
M_node8node51_timber_t5,34.88,B,M,timber,,5
M_node8node51_wide_t0,164.0,B,M,wide,,0
M_node8node51_wide_t1,138.08,B,M,wide,,1
M_node8node51_wide_t2,97.89,B,M,wide,,2
M_node8node51_wide_t3,69.4,B,M,wide,,3
M_node8node51_wide_t4,49.2,B,M,wide,,4
M_node8node51_wide_t5,34.88,B,M,wide,,5
M_node8node30_timber_t0,476.0,B,M,timber,,0
M_node8node30_timber_t1,400.78,B,M,timber,,1
M_node8node30_timber_t2,284.12,B,M,timber,,2
M_node8node30_timber_t3,201.42,B,M,timber,,3
M_node8node30_timber_t4,142.79,B,M,timber,,4
M_node8node30_timber_t5,101.23,B,M,timber,,5
M_node8node30_wide_t0,476.0,B,M,wide,,0
M_node8node30_wide_t1,400.78,B,M,wide,,1
M_node8node30_wide_t2,284.12,B,M,wide,,2
M_node8node30_wide_t3,201.42,B,M,wide,,3
M_node8node30_wide_t4,142.79,B,M,wide,,4
M_node8node30_wide_t5,101.23,B,M,wide,,5
M_node8node52_timber_t0,618.0,B,M,timber,,0
M_node8node52_timber_t1,520.34,B,M,timber,,1
M_node8node52_timber_t2,368.88,B,M,timber,,2
M_node8node52_timber_t3,261.5,B,M,timber,,3
M_node8node52_timber_t4,185.39,B,M,timber,,4
M_node8node52_timber_t5,131.42,B,M,timber,,5
M_node8node52_wide_t0,618.0,B,M,wide,,0
M_node8node52_wide_t1,520.34,B,M,wide,,1
M_node8node52_wide_t2,368.88,B,M,wide,,2
M_node8node52_wide_t3,261.5,B,M,wide,,3
M_node8node52_wide_t4,185.39,B,M,wide,,4
M_node8node52_wide_t5,131.42,B,M,wide,,5
M_node8node107_timber_t0,0.0,B,M,timber,,0
M_node8node107_timber_t1,0.0,B,M,timber,,1
M_node8node107_timber_t2,0.0,B,M,timber,,2
M_node8node107_timber_t3,0.0,B,M,timber,,3
M_node8node107_timber_t4,0.0,B,M,timber,,4
M_node8node107_timber_t5,0.0,B,M,timber,,5
M_node8node107_wide_t0,0.0,B,M,wide,,0
M_node8node107_wide_t1,0.0,B,M,wide,,1
M_node8node107_wide_t2,0.0,B,M,wide,,2
M_node8node107_wide_t3,0.0,B,M,wide,,3
M_node8node107_wide_t4,0.0,B,M,wide,,4
M_node8node107_wide_t5,0.0,B,M,wide,,5
M_node8node109_timber_t0,0.0,B,M,timber,,0
M_node8node109_timber_t1,0.0,B,M,timber,,1
M_node8node109_timber_t2,0.0,B,M,timber,,2
M_node8node109_timber_t3,0.0,B,M,timber,,3
M_node8node109_timber_t4,0.0,B,M,timber,,4
M_node8node109_timber_t5,0.0,B,M,timber,,5
M_node8node109_wide_t0,0.0,B,M,wide,,0
M_node8node109_wide_t1,0.0,B,M,wide,,1
M_node8node109_wide_t2,0.0,B,M,wide,,2
M_node8node109_wide_t3,0.0,B,M,wide,,3
M_node8node109_wide_t4,0.0,B,M,wide,,4
M_node8node109_wide_t5,0.0,B,M,wide,,5
M_node9node33_timber_t0,151.0,B,M,timber,,0
M_node9node33_timber_t1,127.14,B,M,timber,,1
M_node9node33_timber_t2,90.13,B,M,timber,,2
M_node9node33_timber_t3,63.9,B,M,timber,,3
M_node9node33_timber_t4,45.3,B,M,timber,,4
M_node9node33_timber_t5,32.11,B,M,timber,,5
M_node9node33_wide_t0,151.0,B,M,wide,,0
M_node9node33_wide_t1,127.14,B,M,wide,,1
M_node9node33_wide_t2,90.13,B,M,wide,,2
M_node9node33_wide_t3,63.9,B,M,wide,,3
M_node9node33_wide_t4,45.3,B,M,wide,,4
M_node9node33_wide_t5,32.11,B,M,wide,,5
M_node9node34_timber_t0,918.0,B,M,timber,,0
M_node9node34_timber_t1,772.93,B,M,timber,,1
M_node9node34_timber_t2,547.95,B,M,timber,,2
M_node9node34_timber_t3,388.45,B,M,timber,,3
M_node9node34_timber_t4,275.38,B,M,timber,,4
M_node9node34_timber_t5,195.22,B,M,timber,,5
M_node9node34_wide_t0,918.0,B,M,wide,,0
M_node9node34_wide_t1,772.93,B,M,wide,,1
M_node9node34_wide_t2,547.95,B,M,wide,,2
M_node9node34_wide_t3,388.45,B,M,wide,,3
M_node9node34_wide_t4,275.38,B,M,wide,,4
M_node9node34_wide_t5,195.22,B,M,wide,,5
M_node9node38_timber_t0,950.0,B,M,timber,,0
M_node9node38_timber_t1,799.87,B,M,timber,,1
M_node9node38_timber_t2,567.05,B,M,timber,,2
M_node9node38_timber_t3,401.99,B,M,timber,,3
M_node9node38_timber_t4,284.98,B,M,timber,,4
M_node9node38_timber_t5,202.03,B,M,timber,,5
M_node9node38_wide_t0,950.0,B,M,wide,,0
M_node9node38_wide_t1,799.87,B,M,wide,,1
M_node9node38_wide_t2,567.05,B,M,wide,,2
M_node9node38_wide_t3,401.99,B,M,wide,,3
M_node9node38_wide_t4,284.98,B,M,wide,,4
M_node9node38_wide_t5,202.03,B,M,wide,,5
M_node9node111_timber_t0,0.0,B,M,timber,,0
M_node9node111_timber_t1,0.0,B,M,timber,,1
M_node9node111_timber_t2,0.0,B,M,timber,,2
M_node9node111_timber_t3,0.0,B,M,timber,,3
M_node9node111_timber_t4,0.0,B,M,timber,,4
M_node9node111_timber_t5,0.0,B,M,timber,,5
M_node9node111_wide_t0,0.0,B,M,wide,,0
M_node9node111_wide_t1,0.0,B,M,wide,,1
M_node9node111_wide_t2,0.0,B,M,wide,,2
M_node9node111_wide_t3,0.0,B,M,wide,,3
M_node9node111_wide_t4,0.0,B,M,wide,,4
M_node9node111_wide_t5,0.0,B,M,wide,,5
M_node9node113_timber_t0,0.0,B,M,timber,,0
M_node9node113_timber_t1,0.0,B,M,timber,,1
M_node9node113_timber_t2,0.0,B,M,timber,,2
M_node9node113_timber_t3,0.0,B,M,timber,,3
M_node9node113_timber_t4,0.0,B,M,timber,,4
M_node9node113_timber_t5,0.0,B,M,timber,,5
M_node9node113_wide_t0,0.0,B,M,wide,,0
M_node9node113_wide_t1,0.0,B,M,wide,,1
M_node9node113_wide_t2,0.0,B,M,wide,,2
M_node9node113_wide_t3,0.0,B,M,wide,,3
M_node9node113_wide_t4,0.0,B,M,wide,,4
M_node9node113_wide_t5,0.0,B,M,wide,,5
M_node10node87_timber_t0,43.0,B,M,timber,,0
M_node10node87_timber_t1,36.2,B,M,timber,,1
M_node10node87_timber_t2,25.67,B,M,timber,,2
M_node10node87_timber_t3,18.2,B,M,timber,,3
M_node10node87_timber_t4,12.9,B,M,timber,,4
M_node10node87_timber_t5,9.14,B,M,timber,,5
M_node10node87_wide_t0,43.0,B,M,wide,,0
M_node10node87_wide_t1,36.2,B,M,wide,,1
M_node10node87_wide_t2,25.67,B,M,wide,,2
M_node10node87_wide_t3,18.2,B,M,wide,,3
M_node10node87_wide_t4,12.9,B,M,wide,,4
M_node10node87_wide_t5,9.14,B,M,wide,,5
M_node10node85_timber_t0,95.0,B,M,timber,,0
M_node10node85_timber_t1,79.99,B,M,timber,,1
M_node10node85_timber_t2,56.7,B,M,timber,,2
M_node10node85_timber_t3,40.2,B,M,timber,,3
M_node10node85_timber_t4,28.5,B,M,timber,,4
M_node10node85_timber_t5,20.2,B,M,timber,,5
M_node10node85_wide_t0,95.0,B,M,wide,,0
M_node10node85_wide_t1,79.99,B,M,wide,,1
M_node10node85_wide_t2,56.7,B,M,wide,,2
M_node10node85_wide_t3,40.2,B,M,wide,,3
M_node10node85_wide_t4,28.5,B,M,wide,,4
M_node10node85_wide_t5,20.2,B,M,wide,,5
M_node10node33_timber_t0,874.0,B,M,timber,,0
M_node10node33_timber_t1,735.88,B,M,timber,,1
M_node10node33_timber_t2,521.68,B,M,timber,,2
M_node10node33_timber_t3,369.83,B,M,timber,,3
M_node10node33_timber_t4,262.18,B,M,timber,,4
M_node10node33_timber_t5,185.86,B,M,timber,,5
M_node10node33_wide_t0,874.0,B,M,wide,,0
M_node10node33_wide_t1,735.88,B,M,wide,,1
M_node10node33_wide_t2,521.68,B,M,wide,,2
M_node10node33_wide_t3,369.83,B,M,wide,,3
M_node10node33_wide_t4,262.18,B,M,wide,,4
M_node10node33_wide_t5,185.86,B,M,wide,,5
M_node10node109_timber_t0,0.0,B,M,timber,,0
M_node10node109_timber_t1,0.0,B,M,timber,,1
M_node10node109_timber_t2,0.0,B,M,timber,,2
M_node10node109_timber_t3,0.0,B,M,timber,,3
M_node10node109_timber_t4,0.0,B,M,timber,,4
M_node10node109_timber_t5,0.0,B,M,timber,,5
M_node10node109_wide_t0,0.0,B,M,wide,,0
M_node10node109_wide_t1,0.0,B,M,wide,,1
M_node10node109_wide_t2,0.0,B,M,wide,,2
M_node10node109_wide_t3,0.0,B,M,wide,,3
M_node10node109_wide_t4,0.0,B,M,wide,,4
M_node10node109_wide_t5,0.0,B,M,wide,,5
M_node10node111_timber_t0,0.0,B,M,timber,,0
M_node10node111_timber_t1,0.0,B,M,timber,,1
M_node10node111_timber_t2,0.0,B,M,timber,,2
M_node10node111_timber_t3,0.0,B,M,timber,,3
M_node10node111_timber_t4,0.0,B,M,timber,,4
M_node10node111_timber_t5,0.0,B,M,timber,,5
M_node10node111_wide_t0,0.0,B,M,wide,,0
M_node10node111_wide_t1,0.0,B,M,wide,,1
M_node10node111_wide_t2,0.0,B,M,wide,,2
M_node10node111_wide_t3,0.0,B,M,wide,,3
M_node10node111_wide_t4,0.0,B,M,wide,,4
M_node10node111_wide_t5,0.0,B,M,wide,,5
M_node10node112_timber_t0,0.0,B,M,timber,,0
M_node10node112_timber_t1,0.0,B,M,timber,,1
M_node10node112_timber_t2,0.0,B,M,timber,,2
M_node10node112_timber_t3,0.0,B,M,timber,,3
M_node10node112_timber_t4,0.0,B,M,timber,,4
M_node10node112_timber_t5,0.0,B,M,timber,,5
M_node10node112_wide_t0,0.0,B,M,wide,,0
M_node10node112_wide_t1,0.0,B,M,wide,,1
M_node10node112_wide_t2,0.0,B,M,wide,,2
M_node10node112_wide_t3,0.0,B,M,wide,,3
M_node10node112_wide_t4,0.0,B,M,wide,,4
M_node10node112_wide_t5,0.0,B,M,wide,,5
M_node11node78_timber_t0,24.0,B,M,timber,,0
M_node11node78_timber_t1,20.21,B,M,timber,,1
M_node11node78_timber_t2,14.33,B,M,timber,,2
M_node11node78_timber_t3,10.16,B,M,timber,,3
M_node11node78_timber_t4,7.2,B,M,timber,,4
M_node11node78_timber_t5,5.1,B,M,timber,,5
M_node11node78_wide_t0,24.0,B,M,wide,,0
M_node11node78_wide_t1,20.21,B,M,wide,,1
M_node11node78_wide_t2,14.33,B,M,wide,,2
M_node11node78_wide_t3,10.16,B,M,wide,,3
M_node11node78_wide_t4,7.2,B,M,wide,,4
M_node11node78_wide_t5,5.1,B,M,wide,,5
M_node11node75_timber_t0,438.0,B,M,timber,,0
M_node11node75_timber_t1,368.78,B,M,timber,,1
M_node11node75_timber_t2,261.44,B,M,timber,,2
M_node11node75_timber_t3,185.34,B,M,timber,,3
M_node11node75_timber_t4,131.39,B,M,timber,,4
M_node11node75_timber_t5,93.14,B,M,timber,,5
M_node11node75_wide_t0,438.0,B,M,wide,,0
M_node11node75_wide_t1,368.78,B,M,wide,,1
M_node11node75_wide_t2,261.44,B,M,wide,,2
M_node11node75_wide_t3,185.34,B,M,wide,,3
M_node11node75_wide_t4,131.39,B,M,wide,,4
M_node11node75_wide_t5,93.14,B,M,wide,,5
M_node11node99_timber_t0,0.0,B,M,timber,,0
M_node11node99_timber_t1,0.0,B,M,timber,,1
M_node11node99_timber_t2,0.0,B,M,timber,,2
M_node11node99_timber_t3,0.0,B,M,timber,,3
M_node11node99_timber_t4,0.0,B,M,timber,,4
M_node11node99_timber_t5,0.0,B,M,timber,,5
M_node11node99_wide_t0,0.0,B,M,wide,,0
M_node11node99_wide_t1,0.0,B,M,wide,,1
M_node11node99_wide_t2,0.0,B,M,wide,,2
M_node11node99_wide_t3,0.0,B,M,wide,,3
M_node11node99_wide_t4,0.0,B,M,wide,,4
M_node11node99_wide_t5,0.0,B,M,wide,,5
M_node11node100_timber_t0,0.0,B,M,timber,,0
M_node11node100_timber_t1,0.0,B,M,timber,,1
M_node11node100_timber_t2,0.0,B,M,timber,,2
M_node11node100_timber_t3,0.0,B,M,timber,,3
M_node11node100_timber_t4,0.0,B,M,timber,,4
M_node11node100_timber_t5,0.0,B,M,timber,,5
M_node11node100_wide_t0,0.0,B,M,wide,,0
M_node11node100_wide_t1,0.0,B,M,wide,,1
M_node11node100_wide_t2,0.0,B,M,wide,,2
M_node11node100_wide_t3,0.0,B,M,wide,,3
M_node11node100_wide_t4,0.0,B,M,wide,,4
M_node11node100_wide_t5,0.0,B,M,wide,,5
M_node12node47_timber_t0,45.0,B,M,timber,,0
M_node12node47_timber_t1,37.89,B,M,timber,,1
M_node12node47_timber_t2,26.86,B,M,timber,,2
M_node12node47_timber_t3,19.04,B,M,timber,,3
M_node12node47_timber_t4,13.5,B,M,timber,,4
M_node12node47_timber_t5,9.57,B,M,timber,,5
M_node12node47_wide_t0,45.0,B,M,wide,,0
M_node12node47_wide_t1,37.89,B,M,wide,,1
M_node12node47_wide_t2,26.86,B,M,wide,,2
M_node12node47_wide_t3,19.04,B,M,wide,,3
M_node12node47_wide_t4,13.5,B,M,wide,,4
M_node12node47_wide_t5,9.57,B,M,wide,,5
M_node12node35_timber_t0,73.0,B,M,timber,,0
M_node12node35_timber_t1,61.46,B,M,timber,,1
M_node12node35_timber_t2,43.57,B,M,timber,,2
M_node12node35_timber_t3,30.89,B,M,timber,,3
M_node12node35_timber_t4,21.9,B,M,timber,,4
M_node12node35_timber_t5,15.52,B,M,timber,,5
M_node12node35_wide_t0,73.0,B,M,wide,,0
M_node12node35_wide_t1,61.46,B,M,wide,,1
M_node12node35_wide_t2,43.57,B,M,wide,,2
M_node12node35_wide_t3,30.89,B,M,wide,,3
M_node12node35_wide_t4,21.9,B,M,wide,,4
M_node12node35_wide_t5,15.52,B,M,wide,,5
M_node12node114_timber_t0,0.0,B,M,timber,,0
M_node12node114_timber_t1,0.0,B,M,timber,,1
M_node12node114_timber_t2,0.0,B,M,timber,,2
M_node12node114_timber_t3,0.0,B,M,timber,,3
M_node12node114_timber_t4,0.0,B,M,timber,,4
M_node12node114_timber_t5,0.0,B,M,timber,,5
M_node12node114_wide_t0,0.0,B,M,wide,,0
M_node12node114_wide_t1,0.0,B,M,wide,,1
M_node12node114_wide_t2,0.0,B,M,wide,,2
M_node12node114_wide_t3,0.0,B,M,wide,,3
M_node12node114_wide_t4,0.0,B,M,wide,,4
M_node12node114_wide_t5,0.0,B,M,wide,,5
M_node13node46_timber_t0,223.0,B,M,timber,,0
M_node13node46_timber_t1,187.76,B,M,timber,,1
M_node13node46_timber_t2,133.11,B,M,timber,,2
M_node13node46_timber_t3,94.36,B,M,timber,,3
M_node13node46_timber_t4,66.89,B,M,timber,,4
M_node13node46_timber_t5,47.42,B,M,timber,,5
M_node13node46_wide_t0,223.0,B,M,wide,,0
M_node13node46_wide_t1,187.76,B,M,wide,,1
M_node13node46_wide_t2,133.11,B,M,wide,,2
M_node13node46_wide_t3,94.36,B,M,wide,,3
M_node13node46_wide_t4,66.89,B,M,wide,,4
M_node13node46_wide_t5,47.42,B,M,wide,,5
M_node13node25_timber_t0,894.0,B,M,timber,,0
M_node13node25_timber_t1,752.72,B,M,timber,,1
M_node13node25_timber_t2,533.62,B,M,timber,,2
M_node13node25_timber_t3,378.29,B,M,timber,,3
M_node13node25_timber_t4,268.18,B,M,timber,,4
M_node13node25_timber_t5,190.12,B,M,timber,,5
M_node13node25_wide_t0,894.0,B,M,wide,,0
M_node13node25_wide_t1,752.72,B,M,wide,,1
M_node13node25_wide_t2,533.62,B,M,wide,,2
M_node13node25_wide_t3,378.29,B,M,wide,,3
M_node13node25_wide_t4,268.18,B,M,wide,,4
M_node13node25_wide_t5,190.12,B,M,wide,,5
M_node13node49_timber_t0,1434.0,B,M,timber,,0
M_node13node49_timber_t1,1207.39,B,M,timber,,1
M_node13node49_timber_t2,855.94,B,M,timber,,2
M_node13node49_timber_t3,606.79,B,M,timber,,3
M_node13node49_timber_t4,430.17,B,M,timber,,4
M_node13node49_timber_t5,304.95,B,M,timber,,5
M_node13node49_wide_t0,1434.0,B,M,wide,,0
M_node13node49_wide_t1,1207.39,B,M,wide,,1
M_node13node49_wide_t2,855.94,B,M,wide,,2
M_node13node49_wide_t3,606.79,B,M,wide,,3
M_node13node49_wide_t4,430.17,B,M,wide,,4
M_node13node49_wide_t5,304.95,B,M,wide,,5
M_node13node36_timber_t0,941.0,B,M,timber,,0
M_node13node36_timber_t1,792.3,B,M,timber,,1
M_node13node36_timber_t2,561.67,B,M,timber,,2
M_node13node36_timber_t3,398.18,B,M,timber,,3
M_node13node36_timber_t4,282.28,B,M,timber,,4
M_node13node36_timber_t5,200.11,B,M,timber,,5
M_node13node36_wide_t0,941.0,B,M,wide,,0
M_node13node36_wide_t1,792.3,B,M,wide,,1
M_node13node36_wide_t2,561.67,B,M,wide,,2
M_node13node36_wide_t3,398.18,B,M,wide,,3
M_node13node36_wide_t4,282.28,B,M,wide,,4
M_node13node36_wide_t5,200.11,B,M,wide,,5
M_node13node95_timber_t0,0.0,B,M,timber,,0
M_node13node95_timber_t1,0.0,B,M,timber,,1
M_node13node95_timber_t2,0.0,B,M,timber,,2
M_node13node95_timber_t3,0.0,B,M,timber,,3
M_node13node95_timber_t4,0.0,B,M,timber,,4
M_node13node95_timber_t5,0.0,B,M,timber,,5
M_node13node95_wide_t0,0.0,B,M,wide,,0
M_node13node95_wide_t1,0.0,B,M,wide,,1
M_node13node95_wide_t2,0.0,B,M,wide,,2
M_node13node95_wide_t3,0.0,B,M,wide,,3
M_node13node95_wide_t4,0.0,B,M,wide,,4
M_node13node95_wide_t5,0.0,B,M,wide,,5
M_node13node97_timber_t0,0.0,B,M,timber,,0
M_node13node97_timber_t1,0.0,B,M,timber,,1
M_node13node97_timber_t2,0.0,B,M,timber,,2
M_node13node97_timber_t3,0.0,B,M,timber,,3
M_node13node97_timber_t4,0.0,B,M,timber,,4
M_node13node97_timber_t5,0.0,B,M,timber,,5
M_node13node97_wide_t0,0.0,B,M,wide,,0
M_node13node97_wide_t1,0.0,B,M,wide,,1
M_node13node97_wide_t2,0.0,B,M,wide,,2
M_node13node97_wide_t3,0.0,B,M,wide,,3
M_node13node97_wide_t4,0.0,B,M,wide,,4
M_node13node97_wide_t5,0.0,B,M,wide,,5
M_node13node107_timber_t0,0.0,B,M,timber,,0
M_node13node107_timber_t1,0.0,B,M,timber,,1
M_node13node107_timber_t2,0.0,B,M,timber,,2
M_node13node107_timber_t3,0.0,B,M,timber,,3
M_node13node107_timber_t4,0.0,B,M,timber,,4
M_node13node107_timber_t5,0.0,B,M,timber,,5
M_node13node107_wide_t0,0.0,B,M,wide,,0
M_node13node107_wide_t1,0.0,B,M,wide,,1
M_node13node107_wide_t2,0.0,B,M,wide,,2
M_node13node107_wide_t3,0.0,B,M,wide,,3
M_node13node107_wide_t4,0.0,B,M,wide,,4
M_node13node107_wide_t5,0.0,B,M,wide,,5
M_node13node108_timber_t0,0.0,B,M,timber,,0
M_node13node108_timber_t1,0.0,B,M,timber,,1
M_node13node108_timber_t2,0.0,B,M,timber,,2
M_node13node108_timber_t3,0.0,B,M,timber,,3
M_node13node108_timber_t4,0.0,B,M,timber,,4
M_node13node108_timber_t5,0.0,B,M,timber,,5
M_node13node108_wide_t0,0.0,B,M,wide,,0
M_node13node108_wide_t1,0.0,B,M,wide,,1
M_node13node108_wide_t2,0.0,B,M,wide,,2
M_node13node108_wide_t3,0.0,B,M,wide,,3
M_node13node108_wide_t4,0.0,B,M,wide,,4
M_node13node108_wide_t5,0.0,B,M,wide,,5
M_node14node89_timber_t0,252.0,B,M,timber,,0
M_node14node89_timber_t1,212.18,B,M,timber,,1
M_node14node89_timber_t2,150.42,B,M,timber,,2
M_node14node89_timber_t3,106.63,B,M,timber,,3
M_node14node89_timber_t4,75.59,B,M,timber,,4
M_node14node89_timber_t5,53.59,B,M,timber,,5
M_node14node89_wide_t0,252.0,B,M,wide,,0
M_node14node89_wide_t1,212.18,B,M,wide,,1
M_node14node89_wide_t2,150.42,B,M,wide,,2
M_node14node89_wide_t3,106.63,B,M,wide,,3
M_node14node89_wide_t4,75.59,B,M,wide,,4
M_node14node89_wide_t5,53.59,B,M,wide,,5
M_node14node51_timber_t0,743.0,B,M,timber,,0
M_node14node51_timber_t1,625.59,B,M,timber,,1
M_node14node51_timber_t2,443.49,B,M,timber,,2
M_node14node51_timber_t3,314.4,B,M,timber,,3
M_node14node51_timber_t4,222.88,B,M,timber,,4
M_node14node51_timber_t5,158.01,B,M,timber,,5
M_node14node51_wide_t0,743.0,B,M,wide,,0
M_node14node51_wide_t1,625.59,B,M,wide,,1
M_node14node51_wide_t2,443.49,B,M,wide,,2
M_node14node51_wide_t3,314.4,B,M,wide,,3
M_node14node51_wide_t4,222.88,B,M,wide,,4
M_node14node51_wide_t5,158.01,B,M,wide,,5
M_node14node19_timber_t0,780.0,B,M,timber,,0
M_node14node19_timber_t1,656.74,B,M,timber,,1
M_node14node19_timber_t2,465.57,B,M,timber,,2
M_node14node19_timber_t3,330.05,B,M,timber,,3
M_node14node19_timber_t4,233.98,B,M,timber,,4
M_node14node19_timber_t5,165.87,B,M,timber,,5
M_node14node19_wide_t0,780.0,B,M,wide,,0
M_node14node19_wide_t1,656.74,B,M,wide,,1
M_node14node19_wide_t2,465.57,B,M,wide,,2
M_node14node19_wide_t3,330.05,B,M,wide,,3
M_node14node19_wide_t4,233.98,B,M,wide,,4
M_node14node19_wide_t5,165.87,B,M,wide,,5
M_node14node112_timber_t0,0.0,B,M,timber,,0
M_node14node112_timber_t1,0.0,B,M,timber,,1
M_node14node112_timber_t2,0.0,B,M,timber,,2
M_node14node112_timber_t3,0.0,B,M,timber,,3
M_node14node112_timber_t4,0.0,B,M,timber,,4
M_node14node112_timber_t5,0.0,B,M,timber,,5
M_node14node112_wide_t0,0.0,B,M,wide,,0
M_node14node112_wide_t1,0.0,B,M,wide,,1
M_node14node112_wide_t2,0.0,B,M,wide,,2
M_node14node112_wide_t3,0.0,B,M,wide,,3
M_node14node112_wide_t4,0.0,B,M,wide,,4
M_node14node112_wide_t5,0.0,B,M,wide,,5
M_node14node114_timber_t0,0.0,B,M,timber,,0
M_node14node114_timber_t1,0.0,B,M,timber,,1
M_node14node114_timber_t2,0.0,B,M,timber,,2
M_node14node114_timber_t3,0.0,B,M,timber,,3
M_node14node114_timber_t4,0.0,B,M,timber,,4
M_node14node114_timber_t5,0.0,B,M,timber,,5
M_node14node114_wide_t0,0.0,B,M,wide,,0
M_node14node114_wide_t1,0.0,B,M,wide,,1
M_node14node114_wide_t2,0.0,B,M,wide,,2
M_node14node114_wide_t3,0.0,B,M,wide,,3
M_node14node114_wide_t4,0.0,B,M,wide,,4
M_node14node114_wide_t5,0.0,B,M,wide,,5
M_node15node55_timber_t0,425.0,B,M,timber,,0
M_node15node55_timber_t1,357.84,B,M,timber,,1
M_node15node55_timber_t2,253.68,B,M,timber,,2
M_node15node55_timber_t3,179.84,B,M,timber,,3
M_node15node55_timber_t4,127.49,B,M,timber,,4
M_node15node55_timber_t5,90.38,B,M,timber,,5
M_node15node55_wide_t0,425.0,B,M,wide,,0
M_node15node55_wide_t1,357.84,B,M,wide,,1
M_node15node55_wide_t2,253.68,B,M,wide,,2
M_node15node55_wide_t3,179.84,B,M,wide,,3
M_node15node55_wide_t4,127.49,B,M,wide,,4
M_node15node55_wide_t5,90.38,B,M,wide,,5
M_node15node34_timber_t0,1009.0,B,M,timber,,0
M_node15node34_timber_t1,849.55,B,M,timber,,1
M_node15node34_timber_t2,602.26,B,M,timber,,2
M_node15node34_timber_t3,426.96,B,M,timber,,3
M_node15node34_timber_t4,302.68,B,M,timber,,4
M_node15node34_timber_t5,214.57,B,M,timber,,5
M_node15node34_wide_t0,1009.0,B,M,wide,,0
M_node15node34_wide_t1,849.55,B,M,wide,,1
M_node15node34_wide_t2,602.26,B,M,wide,,2
M_node15node34_wide_t3,426.96,B,M,wide,,3
M_node15node34_wide_t4,302.68,B,M,wide,,4
M_node15node34_wide_t5,214.57,B,M,wide,,5
M_node15node23_timber_t0,722.0,B,M,timber,,0
M_node15node23_timber_t1,607.9,B,M,timber,,1
M_node15node23_timber_t2,430.96,B,M,timber,,2
M_node15node23_timber_t3,305.51,B,M,timber,,3
M_node15node23_timber_t4,216.58,B,M,timber,,4
M_node15node23_timber_t5,153.54,B,M,timber,,5
M_node15node23_wide_t0,722.0,B,M,wide,,0
M_node15node23_wide_t1,607.9,B,M,wide,,1
M_node15node23_wide_t2,430.96,B,M,wide,,2
M_node15node23_wide_t3,305.51,B,M,wide,,3
M_node15node23_wide_t4,216.58,B,M,wide,,4
M_node15node23_wide_t5,153.54,B,M,wide,,5
M_node15node104_timber_t0,0.0,B,M,timber,,0
M_node15node104_timber_t1,0.0,B,M,timber,,1
M_node15node104_timber_t2,0.0,B,M,timber,,2
M_node15node104_timber_t3,0.0,B,M,timber,,3
M_node15node104_timber_t4,0.0,B,M,timber,,4
M_node15node104_timber_t5,0.0,B,M,timber,,5
M_node15node104_wide_t0,0.0,B,M,wide,,0
M_node15node104_wide_t1,0.0,B,M,wide,,1
M_node15node104_wide_t2,0.0,B,M,wide,,2
M_node15node104_wide_t3,0.0,B,M,wide,,3
M_node15node104_wide_t4,0.0,B,M,wide,,4
M_node15node104_wide_t5,0.0,B,M,wide,,5
M_node15node105_timber_t0,0.0,B,M,timber,,0
M_node15node105_timber_t1,0.0,B,M,timber,,1
M_node15node105_timber_t2,0.0,B,M,timber,,2
M_node15node105_timber_t3,0.0,B,M,timber,,3
M_node15node105_timber_t4,0.0,B,M,timber,,4
M_node15node105_timber_t5,0.0,B,M,timber,,5
M_node15node105_wide_t0,0.0,B,M,wide,,0
M_node15node105_wide_t1,0.0,B,M,wide,,1
M_node15node105_wide_t2,0.0,B,M,wide,,2
M_node15node105_wide_t3,0.0,B,M,wide,,3
M_node15node105_wide_t4,0.0,B,M,wide,,4
M_node15node105_wide_t5,0.0,B,M,wide,,5
M_node15node106_timber_t0,0.0,B,M,timber,,0
M_node15node106_timber_t1,0.0,B,M,timber,,1
M_node15node106_timber_t2,0.0,B,M,timber,,2
M_node15node106_timber_t3,0.0,B,M,timber,,3
M_node15node106_timber_t4,0.0,B,M,timber,,4
M_node15node106_timber_t5,0.0,B,M,timber,,5
M_node15node106_wide_t0,0.0,B,M,wide,,0
M_node15node106_wide_t1,0.0,B,M,wide,,1
M_node15node106_wide_t2,0.0,B,M,wide,,2
M_node15node106_wide_t3,0.0,B,M,wide,,3
M_node15node106_wide_t4,0.0,B,M,wide,,4
M_node15node106_wide_t5,0.0,B,M,wide,,5
M_node15node110_timber_t0,0.0,B,M,timber,,0
M_node15node110_timber_t1,0.0,B,M,timber,,1
M_node15node110_timber_t2,0.0,B,M,timber,,2
M_node15node110_timber_t3,0.0,B,M,timber,,3
M_node15node110_timber_t4,0.0,B,M,timber,,4
M_node15node110_timber_t5,0.0,B,M,timber,,5
M_node15node110_wide_t0,0.0,B,M,wide,,0
M_node15node110_wide_t1,0.0,B,M,wide,,1
M_node15node110_wide_t2,0.0,B,M,wide,,2
M_node15node110_wide_t3,0.0,B,M,wide,,3
M_node15node110_wide_t4,0.0,B,M,wide,,4
M_node15node110_wide_t5,0.0,B,M,wide,,5
M_node16node55_timber_t0,222.0,B,M,timber,,0
M_node16node55_timber_t1,186.92,B,M,timber,,1
M_node16node55_timber_t2,132.51,B,M,timber,,2
M_node16node55_timber_t3,93.94,B,M,timber,,3
M_node16node55_timber_t4,66.59,B,M,timber,,4
M_node16node55_timber_t5,47.21,B,M,timber,,5
M_node16node55_wide_t0,222.0,B,M,wide,,0
M_node16node55_wide_t1,186.92,B,M,wide,,1
M_node16node55_wide_t2,132.51,B,M,wide,,2
M_node16node55_wide_t3,93.94,B,M,wide,,3
M_node16node55_wide_t4,66.59,B,M,wide,,4
M_node16node55_wide_t5,47.21,B,M,wide,,5
M_node16node17_timber_t0,763.0,B,M,timber,,0
M_node16node17_timber_t1,642.43,B,M,timber,,1
M_node16node17_timber_t2,455.43,B,M,timber,,2
M_node16node17_timber_t3,322.86,B,M,timber,,3
M_node16node17_timber_t4,228.88,B,M,timber,,4
M_node16node17_timber_t5,162.26,B,M,timber,,5
M_node16node17_wide_t0,763.0,B,M,wide,,0
M_node16node17_wide_t1,642.43,B,M,wide,,1
M_node16node17_wide_t2,455.43,B,M,wide,,2
M_node16node17_wide_t3,322.86,B,M,wide,,3
M_node16node17_wide_t4,228.88,B,M,wide,,4
M_node16node17_wide_t5,162.26,B,M,wide,,5
M_node16node22_timber_t0,806.0,B,M,timber,,0
M_node16node22_timber_t1,678.63,B,M,timber,,1
M_node16node22_timber_t2,481.09,B,M,timber,,2
M_node16node22_timber_t3,341.06,B,M,timber,,3
M_node16node22_timber_t4,241.78,B,M,timber,,4
M_node16node22_timber_t5,171.4,B,M,timber,,5
M_node16node22_wide_t0,806.0,B,M,wide,,0
M_node16node22_wide_t1,678.63,B,M,wide,,1
M_node16node22_wide_t2,481.09,B,M,wide,,2
M_node16node22_wide_t3,341.06,B,M,wide,,3
M_node16node22_wide_t4,241.78,B,M,wide,,4
M_node16node22_wide_t5,171.4,B,M,wide,,5
M_node16node102_timber_t0,0.0,B,M,timber,,0
M_node16node102_timber_t1,0.0,B,M,timber,,1
M_node16node102_timber_t2,0.0,B,M,timber,,2
M_node16node102_timber_t3,0.0,B,M,timber,,3
M_node16node102_timber_t4,0.0,B,M,timber,,4
M_node16node102_timber_t5,0.0,B,M,timber,,5
M_node16node102_wide_t0,0.0,B,M,wide,,0
M_node16node102_wide_t1,0.0,B,M,wide,,1
M_node16node102_wide_t2,0.0,B,M,wide,,2
M_node16node102_wide_t3,0.0,B,M,wide,,3
M_node16node102_wide_t4,0.0,B,M,wide,,4
M_node16node102_wide_t5,0.0,B,M,wide,,5
M_node16node103_timber_t0,0.0,B,M,timber,,0
M_node16node103_timber_t1,0.0,B,M,timber,,1
M_node16node103_timber_t2,0.0,B,M,timber,,2
M_node16node103_timber_t3,0.0,B,M,timber,,3
M_node16node103_timber_t4,0.0,B,M,timber,,4
M_node16node103_timber_t5,0.0,B,M,timber,,5
M_node16node103_wide_t0,0.0,B,M,wide,,0
M_node16node103_wide_t1,0.0,B,M,wide,,1
M_node16node103_wide_t2,0.0,B,M,wide,,2
M_node16node103_wide_t3,0.0,B,M,wide,,3
M_node16node103_wide_t4,0.0,B,M,wide,,4
M_node16node103_wide_t5,0.0,B,M,wide,,5
M_node16node110_timber_t0,0.0,B,M,timber,,0
M_node16node110_timber_t1,0.0,B,M,timber,,1
M_node16node110_timber_t2,0.0,B,M,timber,,2
M_node16node110_timber_t3,0.0,B,M,timber,,3
M_node16node110_timber_t4,0.0,B,M,timber,,4
M_node16node110_timber_t5,0.0,B,M,timber,,5
M_node16node110_wide_t0,0.0,B,M,wide,,0
M_node16node110_wide_t1,0.0,B,M,wide,,1
M_node16node110_wide_t2,0.0,B,M,wide,,2
M_node16node110_wide_t3,0.0,B,M,wide,,3
M_node16node110_wide_t4,0.0,B,M,wide,,4
M_node16node110_wide_t5,0.0,B,M,wide,,5
M_node17node54_timber_t0,257.0,B,M,timber,,0
M_node17node54_timber_t1,216.39,B,M,timber,,1
M_node17node54_timber_t2,153.4,B,M,timber,,2
M_node17node54_timber_t3,108.75,B,M,timber,,3
M_node17node54_timber_t4,77.09,B,M,timber,,4
M_node17node54_timber_t5,54.65,B,M,timber,,5
M_node17node54_wide_t0,257.0,B,M,wide,,0
M_node17node54_wide_t1,216.39,B,M,wide,,1
M_node17node54_wide_t2,153.4,B,M,wide,,2
M_node17node54_wide_t3,108.75,B,M,wide,,3
M_node17node54_wide_t4,77.09,B,M,wide,,4
M_node17node54_wide_t5,54.65,B,M,wide,,5
M_node17node40_timber_t0,184.0,B,M,timber,,0
M_node17node40_timber_t1,154.92,B,M,timber,,1
M_node17node40_timber_t2,109.83,B,M,timber,,2
M_node17node40_timber_t3,77.86,B,M,timber,,3
M_node17node40_timber_t4,55.2,B,M,timber,,4
M_node17node40_timber_t5,39.13,B,M,timber,,5
M_node17node40_wide_t0,184.0,B,M,wide,,0
M_node17node40_wide_t1,154.92,B,M,wide,,1
M_node17node40_wide_t2,109.83,B,M,wide,,2
M_node17node40_wide_t3,77.86,B,M,wide,,3
M_node17node40_wide_t4,55.2,B,M,wide,,4
M_node17node40_wide_t5,39.13,B,M,wide,,5
M_node17node102_timber_t0,0.0,B,M,timber,,0
M_node17node102_timber_t1,0.0,B,M,timber,,1
M_node17node102_timber_t2,0.0,B,M,timber,,2
M_node17node102_timber_t3,0.0,B,M,timber,,3
M_node17node102_timber_t4,0.0,B,M,timber,,4
M_node17node102_timber_t5,0.0,B,M,timber,,5
M_node17node102_wide_t0,0.0,B,M,wide,,0
M_node17node102_wide_t1,0.0,B,M,wide,,1
M_node17node102_wide_t2,0.0,B,M,wide,,2
M_node17node102_wide_t3,0.0,B,M,wide,,3
M_node17node102_wide_t4,0.0,B,M,wide,,4
M_node17node102_wide_t5,0.0,B,M,wide,,5
M_node17node103_timber_t0,0.0,B,M,timber,,0
M_node17node103_timber_t1,0.0,B,M,timber,,1
M_node17node103_timber_t2,0.0,B,M,timber,,2
M_node17node103_timber_t3,0.0,B,M,timber,,3
M_node17node103_timber_t4,0.0,B,M,timber,,4
M_node17node103_timber_t5,0.0,B,M,timber,,5
M_node17node103_wide_t0,0.0,B,M,wide,,0
M_node17node103_wide_t1,0.0,B,M,wide,,1
M_node17node103_wide_t2,0.0,B,M,wide,,2
M_node17node103_wide_t3,0.0,B,M,wide,,3
M_node17node103_wide_t4,0.0,B,M,wide,,4
M_node17node103_wide_t5,0.0,B,M,wide,,5
M_node18node32_timber_t0,331.0,B,M,timber,,0
M_node18node32_timber_t1,278.69,B,M,timber,,1
M_node18node32_timber_t2,197.57,B,M,timber,,2
M_node18node32_timber_t3,140.06,B,M,timber,,3
M_node18node32_timber_t4,99.29,B,M,timber,,4
M_node18node32_timber_t5,70.39,B,M,timber,,5
M_node18node32_wide_t0,331.0,B,M,wide,,0
M_node18node32_wide_t1,278.69,B,M,wide,,1
M_node18node32_wide_t2,197.57,B,M,wide,,2
M_node18node32_wide_t3,140.06,B,M,wide,,3
M_node18node32_wide_t4,99.29,B,M,wide,,4
M_node18node32_wide_t5,70.39,B,M,wide,,5
M_node18node20_timber_t0,844.0,B,M,timber,,0
M_node18node20_timber_t1,710.63,B,M,timber,,1
M_node18node20_timber_t2,503.78,B,M,timber,,2
M_node18node20_timber_t3,357.14,B,M,timber,,3
M_node18node20_timber_t4,253.18,B,M,timber,,4
M_node18node20_timber_t5,179.48,B,M,timber,,5
M_node18node20_wide_t0,844.0,B,M,wide,,0
M_node18node20_wide_t1,710.63,B,M,wide,,1
M_node18node20_wide_t2,503.78,B,M,wide,,2
M_node18node20_wide_t3,357.14,B,M,wide,,3
M_node18node20_wide_t4,253.18,B,M,wide,,4
M_node18node20_wide_t5,179.48,B,M,wide,,5
M_node18node96_timber_t0,0.0,B,M,timber,,0
M_node18node96_timber_t1,0.0,B,M,timber,,1
M_node18node96_timber_t2,0.0,B,M,timber,,2
M_node18node96_timber_t3,0.0,B,M,timber,,3
M_node18node96_timber_t4,0.0,B,M,timber,,4
M_node18node96_timber_t5,0.0,B,M,timber,,5
M_node18node96_wide_t0,0.0,B,M,wide,,0
M_node18node96_wide_t1,0.0,B,M,wide,,1
M_node18node96_wide_t2,0.0,B,M,wide,,2
M_node18node96_wide_t3,0.0,B,M,wide,,3
M_node18node96_wide_t4,0.0,B,M,wide,,4
M_node18node96_wide_t5,0.0,B,M,wide,,5
M_node18node101_timber_t0,0.0,B,M,timber,,0
M_node18node101_timber_t1,0.0,B,M,timber,,1
M_node18node101_timber_t2,0.0,B,M,timber,,2
M_node18node101_timber_t3,0.0,B,M,timber,,3
M_node18node101_timber_t4,0.0,B,M,timber,,4
M_node18node101_timber_t5,0.0,B,M,timber,,5
M_node18node101_wide_t0,0.0,B,M,wide,,0
M_node18node101_wide_t1,0.0,B,M,wide,,1
M_node18node101_wide_t2,0.0,B,M,wide,,2
M_node18node101_wide_t3,0.0,B,M,wide,,3
M_node18node101_wide_t4,0.0,B,M,wide,,4
M_node18node101_wide_t5,0.0,B,M,wide,,5
M_node19node72_timber_t0,51.0,B,M,timber,,0
M_node19node72_timber_t1,42.94,B,M,timber,,1
M_node19node72_timber_t2,30.44,B,M,timber,,2
M_node19node72_timber_t3,21.58,B,M,timber,,3
M_node19node72_timber_t4,15.3,B,M,timber,,4
M_node19node72_timber_t5,10.85,B,M,timber,,5
M_node19node72_wide_t0,51.0,B,M,wide,,0
M_node19node72_wide_t1,42.94,B,M,wide,,1
M_node19node72_wide_t2,30.44,B,M,wide,,2
M_node19node72_wide_t3,21.58,B,M,wide,,3
M_node19node72_wide_t4,15.3,B,M,wide,,4
M_node19node72_wide_t5,10.85,B,M,wide,,5
M_node19node49_timber_t0,268.0,B,M,timber,,0
M_node19node49_timber_t1,225.65,B,M,timber,,1
M_node19node49_timber_t2,159.97,B,M,timber,,2
M_node19node49_timber_t3,113.4,B,M,timber,,3
M_node19node49_timber_t4,80.39,B,M,timber,,4
M_node19node49_timber_t5,56.99,B,M,timber,,5
M_node19node49_wide_t0,268.0,B,M,wide,,0
M_node19node49_wide_t1,225.65,B,M,wide,,1
M_node19node49_wide_t2,159.97,B,M,wide,,2
M_node19node49_wide_t3,113.4,B,M,wide,,3
M_node19node49_wide_t4,80.39,B,M,wide,,4
M_node19node49_wide_t5,56.99,B,M,wide,,5
M_node19node97_timber_t0,0.0,B,M,timber,,0
M_node19node97_timber_t1,0.0,B,M,timber,,1
M_node19node97_timber_t2,0.0,B,M,timber,,2
M_node19node97_timber_t3,0.0,B,M,timber,,3
M_node19node97_timber_t4,0.0,B,M,timber,,4
M_node19node97_timber_t5,0.0,B,M,timber,,5
M_node19node97_wide_t0,0.0,B,M,wide,,0
M_node19node97_wide_t1,0.0,B,M,wide,,1
M_node19node97_wide_t2,0.0,B,M,wide,,2
M_node19node97_wide_t3,0.0,B,M,wide,,3
M_node19node97_wide_t4,0.0,B,M,wide,,4
M_node19node97_wide_t5,0.0,B,M,wide,,5
M_node19node114_timber_t0,0.0,B,M,timber,,0
M_node19node114_timber_t1,0.0,B,M,timber,,1
M_node19node114_timber_t2,0.0,B,M,timber,,2
M_node19node114_timber_t3,0.0,B,M,timber,,3
M_node19node114_timber_t4,0.0,B,M,timber,,4
M_node19node114_timber_t5,0.0,B,M,timber,,5
M_node19node114_wide_t0,0.0,B,M,wide,,0
M_node19node114_wide_t1,0.0,B,M,wide,,1
M_node19node114_wide_t2,0.0,B,M,wide,,2
M_node19node114_wide_t3,0.0,B,M,wide,,3
M_node19node114_wide_t4,0.0,B,M,wide,,4
M_node19node114_wide_t5,0.0,B,M,wide,,5
M_node20node37_timber_t0,184.0,B,M,timber,,0
M_node20node37_timber_t1,154.92,B,M,timber,,1
M_node20node37_timber_t2,109.83,B,M,timber,,2
M_node20node37_timber_t3,77.86,B,M,timber,,3
M_node20node37_timber_t4,55.2,B,M,timber,,4
M_node20node37_timber_t5,39.13,B,M,timber,,5
M_node20node37_wide_t0,184.0,B,M,wide,,0
M_node20node37_wide_t1,154.92,B,M,wide,,1
M_node20node37_wide_t2,109.83,B,M,wide,,2
M_node20node37_wide_t3,77.86,B,M,wide,,3
M_node20node37_wide_t4,55.2,B,M,wide,,4
M_node20node37_wide_t5,39.13,B,M,wide,,5
M_node20node24_timber_t0,550.0,B,M,timber,,0
M_node20node24_timber_t1,463.09,B,M,timber,,1
M_node20node24_timber_t2,328.29,B,M,timber,,2
M_node20node24_timber_t3,232.73,B,M,timber,,3
M_node20node24_timber_t4,164.99,B,M,timber,,4
M_node20node24_timber_t5,116.96,B,M,timber,,5
M_node20node24_wide_t0,550.0,B,M,wide,,0
M_node20node24_wide_t1,463.09,B,M,wide,,1
M_node20node24_wide_t2,328.29,B,M,wide,,2
M_node20node24_wide_t3,232.73,B,M,wide,,3
M_node20node24_wide_t4,164.99,B,M,wide,,4
M_node20node24_wide_t5,116.96,B,M,wide,,5
M_node20node93_timber_t0,0.0,B,M,timber,,0
M_node20node93_timber_t1,0.0,B,M,timber,,1
M_node20node93_timber_t2,0.0,B,M,timber,,2
M_node20node93_timber_t3,0.0,B,M,timber,,3
M_node20node93_timber_t4,0.0,B,M,timber,,4
M_node20node93_timber_t5,0.0,B,M,timber,,5
M_node20node93_wide_t0,0.0,B,M,wide,,0
M_node20node93_wide_t1,0.0,B,M,wide,,1
M_node20node93_wide_t2,0.0,B,M,wide,,2
M_node20node93_wide_t3,0.0,B,M,wide,,3
M_node20node93_wide_t4,0.0,B,M,wide,,4
M_node20node93_wide_t5,0.0,B,M,wide,,5
M_node20node96_timber_t0,0.0,B,M,timber,,0
M_node20node96_timber_t1,0.0,B,M,timber,,1
M_node20node96_timber_t2,0.0,B,M,timber,,2
M_node20node96_timber_t3,0.0,B,M,timber,,3
M_node20node96_timber_t4,0.0,B,M,timber,,4
M_node20node96_timber_t5,0.0,B,M,timber,,5
M_node20node96_wide_t0,0.0,B,M,wide,,0
M_node20node96_wide_t1,0.0,B,M,wide,,1
M_node20node96_wide_t2,0.0,B,M,wide,,2
M_node20node96_wide_t3,0.0,B,M,wide,,3
M_node20node96_wide_t4,0.0,B,M,wide,,4
M_node20node96_wide_t5,0.0,B,M,wide,,5
M_node21node80_timber_t0,207.0,B,M,timber,,0
M_node21node80_timber_t1,174.29,B,M,timber,,1
M_node21node80_timber_t2,123.56,B,M,timber,,2
M_node21node80_timber_t3,87.59,B,M,timber,,3
M_node21node80_timber_t4,62.1,B,M,timber,,4
M_node21node80_timber_t5,44.02,B,M,timber,,5
M_node21node80_wide_t0,207.0,B,M,wide,,0
M_node21node80_wide_t1,174.29,B,M,wide,,1
M_node21node80_wide_t2,123.56,B,M,wide,,2
M_node21node80_wide_t3,87.59,B,M,wide,,3
M_node21node80_wide_t4,62.1,B,M,wide,,4
M_node21node80_wide_t5,44.02,B,M,wide,,5
M_node21node37_timber_t0,316.0,B,M,timber,,0
M_node21node37_timber_t1,266.06,B,M,timber,,1
M_node21node37_timber_t2,188.62,B,M,timber,,2
M_node21node37_timber_t3,133.71,B,M,timber,,3
M_node21node37_timber_t4,94.79,B,M,timber,,4
M_node21node37_timber_t5,67.2,B,M,timber,,5
M_node21node37_wide_t0,316.0,B,M,wide,,0
M_node21node37_wide_t1,266.06,B,M,wide,,1
M_node21node37_wide_t2,188.62,B,M,wide,,2
M_node21node37_wide_t3,133.71,B,M,wide,,3
M_node21node37_wide_t4,94.79,B,M,wide,,4
M_node21node37_wide_t5,67.2,B,M,wide,,5
M_node21node53_timber_t0,424.0,B,M,timber,,0
M_node21node53_timber_t1,357.0,B,M,timber,,1
M_node21node53_timber_t2,253.08,B,M,timber,,2
M_node21node53_timber_t3,179.41,B,M,timber,,3
M_node21node53_timber_t4,127.19,B,M,timber,,4
M_node21node53_timber_t5,90.17,B,M,timber,,5
M_node21node53_wide_t0,424.0,B,M,wide,,0
M_node21node53_wide_t1,357.0,B,M,wide,,1
M_node21node53_wide_t2,253.08,B,M,wide,,2
M_node21node53_wide_t3,179.41,B,M,wide,,3
M_node21node53_wide_t4,127.19,B,M,wide,,4
M_node21node53_wide_t5,90.17,B,M,wide,,5
M_node21node93_timber_t0,0.0,B,M,timber,,0
M_node21node93_timber_t1,0.0,B,M,timber,,1
M_node21node93_timber_t2,0.0,B,M,timber,,2
M_node21node93_timber_t3,0.0,B,M,timber,,3
M_node21node93_timber_t4,0.0,B,M,timber,,4
M_node21node93_timber_t5,0.0,B,M,timber,,5
M_node21node93_wide_t0,0.0,B,M,wide,,0
M_node21node93_wide_t1,0.0,B,M,wide,,1
M_node21node93_wide_t2,0.0,B,M,wide,,2
M_node21node93_wide_t3,0.0,B,M,wide,,3
M_node21node93_wide_t4,0.0,B,M,wide,,4
M_node21node93_wide_t5,0.0,B,M,wide,,5
M_node21node100_timber_t0,0.0,B,M,timber,,0
M_node21node100_timber_t1,0.0,B,M,timber,,1
M_node21node100_timber_t2,0.0,B,M,timber,,2
M_node21node100_timber_t3,0.0,B,M,timber,,3
M_node21node100_timber_t4,0.0,B,M,timber,,4
M_node21node100_timber_t5,0.0,B,M,timber,,5
M_node21node100_wide_t0,0.0,B,M,wide,,0
M_node21node100_wide_t1,0.0,B,M,wide,,1
M_node21node100_wide_t2,0.0,B,M,wide,,2
M_node21node100_wide_t3,0.0,B,M,wide,,3
M_node21node100_wide_t4,0.0,B,M,wide,,4
M_node21node100_wide_t5,0.0,B,M,wide,,5
M_node22node45_timber_t0,175.0,B,M,timber,,0
M_node22node45_timber_t1,147.35,B,M,timber,,1
M_node22node45_timber_t2,104.46,B,M,timber,,2
M_node22node45_timber_t3,74.05,B,M,timber,,3
M_node22node45_timber_t4,52.5,B,M,timber,,4
M_node22node45_timber_t5,37.22,B,M,timber,,5
M_node22node45_wide_t0,175.0,B,M,wide,,0
M_node22node45_wide_t1,147.35,B,M,wide,,1
M_node22node45_wide_t2,104.46,B,M,wide,,2
M_node22node45_wide_t3,74.05,B,M,wide,,3
M_node22node45_wide_t4,52.5,B,M,wide,,4
M_node22node45_wide_t5,37.22,B,M,wide,,5
M_node22node102_timber_t0,0.0,B,M,timber,,0
M_node22node102_timber_t1,0.0,B,M,timber,,1
M_node22node102_timber_t2,0.0,B,M,timber,,2
M_node22node102_timber_t3,0.0,B,M,timber,,3
M_node22node102_timber_t4,0.0,B,M,timber,,4
M_node22node102_timber_t5,0.0,B,M,timber,,5
M_node22node102_wide_t0,0.0,B,M,wide,,0
M_node22node102_wide_t1,0.0,B,M,wide,,1
M_node22node102_wide_t2,0.0,B,M,wide,,2
M_node22node102_wide_t3,0.0,B,M,wide,,3
M_node22node102_wide_t4,0.0,B,M,wide,,4
M_node22node102_wide_t5,0.0,B,M,wide,,5
M_node22node108_timber_t0,0.0,B,M,timber,,0
M_node22node108_timber_t1,0.0,B,M,timber,,1
M_node22node108_timber_t2,0.0,B,M,timber,,2
M_node22node108_timber_t3,0.0,B,M,timber,,3
M_node22node108_timber_t4,0.0,B,M,timber,,4
M_node22node108_timber_t5,0.0,B,M,timber,,5
M_node22node108_wide_t0,0.0,B,M,wide,,0
M_node22node108_wide_t1,0.0,B,M,wide,,1
M_node22node108_wide_t2,0.0,B,M,wide,,2
M_node22node108_wide_t3,0.0,B,M,wide,,3
M_node22node108_wide_t4,0.0,B,M,wide,,4
M_node22node108_wide_t5,0.0,B,M,wide,,5
M_node22node110_timber_t0,0.0,B,M,timber,,0
M_node22node110_timber_t1,0.0,B,M,timber,,1
M_node22node110_timber_t2,0.0,B,M,timber,,2
M_node22node110_timber_t3,0.0,B,M,timber,,3
M_node22node110_timber_t4,0.0,B,M,timber,,4
M_node22node110_timber_t5,0.0,B,M,timber,,5
M_node22node110_wide_t0,0.0,B,M,wide,,0
M_node22node110_wide_t1,0.0,B,M,wide,,1
M_node22node110_wide_t2,0.0,B,M,wide,,2
M_node22node110_wide_t3,0.0,B,M,wide,,3
M_node22node110_wide_t4,0.0,B,M,wide,,4
M_node22node110_wide_t5,0.0,B,M,wide,,5
M_node23node40_timber_t0,768.0,B,M,timber,,0
M_node23node40_timber_t1,646.64,B,M,timber,,1
M_node23node40_timber_t2,458.41,B,M,timber,,2
M_node23node40_timber_t3,324.98,B,M,timber,,3
M_node23node40_timber_t4,230.38,B,M,timber,,4
M_node23node40_timber_t5,163.32,B,M,timber,,5
M_node23node40_wide_t0,768.0,B,M,wide,,0
M_node23node40_wide_t1,646.64,B,M,wide,,1
M_node23node40_wide_t2,458.41,B,M,wide,,2
M_node23node40_wide_t3,324.98,B,M,wide,,3
M_node23node40_wide_t4,230.38,B,M,wide,,4
M_node23node40_wide_t5,163.32,B,M,wide,,5
M_node23node104_timber_t0,0.0,B,M,timber,,0
M_node23node104_timber_t1,0.0,B,M,timber,,1
M_node23node104_timber_t2,0.0,B,M,timber,,2
M_node23node104_timber_t3,0.0,B,M,timber,,3
M_node23node104_timber_t4,0.0,B,M,timber,,4
M_node23node104_timber_t5,0.0,B,M,timber,,5
M_node23node104_wide_t0,0.0,B,M,wide,,0
M_node23node104_wide_t1,0.0,B,M,wide,,1
M_node23node104_wide_t2,0.0,B,M,wide,,2
M_node23node104_wide_t3,0.0,B,M,wide,,3
M_node23node104_wide_t4,0.0,B,M,wide,,4
M_node23node104_wide_t5,0.0,B,M,wide,,5
M_node23node105_timber_t0,0.0,B,M,timber,,0
M_node23node105_timber_t1,0.0,B,M,timber,,1
M_node23node105_timber_t2,0.0,B,M,timber,,2
M_node23node105_timber_t3,0.0,B,M,timber,,3
M_node23node105_timber_t4,0.0,B,M,timber,,4
M_node23node105_timber_t5,0.0,B,M,timber,,5
M_node23node105_wide_t0,0.0,B,M,wide,,0
M_node23node105_wide_t1,0.0,B,M,wide,,1
M_node23node105_wide_t2,0.0,B,M,wide,,2
M_node23node105_wide_t3,0.0,B,M,wide,,3
M_node23node105_wide_t4,0.0,B,M,wide,,4
M_node23node105_wide_t5,0.0,B,M,wide,,5
M_node24node25_timber_t0,355.0,B,M,timber,,0
M_node24node25_timber_t1,298.9,B,M,timber,,1
M_node24node25_timber_t2,211.9,B,M,timber,,2
M_node24node25_timber_t3,150.22,B,M,timber,,3
M_node24node25_timber_t4,106.49,B,M,timber,,4
M_node24node25_timber_t5,75.49,B,M,timber,,5
M_node24node25_wide_t0,355.0,B,M,wide,,0
M_node24node25_wide_t1,298.9,B,M,wide,,1
M_node24node25_wide_t2,211.9,B,M,wide,,2
M_node24node25_wide_t3,150.22,B,M,wide,,3
M_node24node25_wide_t4,106.49,B,M,wide,,4
M_node24node25_wide_t5,75.49,B,M,wide,,5
M_node24node93_timber_t0,0.0,B,M,timber,,0
M_node24node93_timber_t1,0.0,B,M,timber,,1
M_node24node93_timber_t2,0.0,B,M,timber,,2
M_node24node93_timber_t3,0.0,B,M,timber,,3
M_node24node93_timber_t4,0.0,B,M,timber,,4
M_node24node93_timber_t5,0.0,B,M,timber,,5
M_node24node93_wide_t0,0.0,B,M,wide,,0
M_node24node93_wide_t1,0.0,B,M,wide,,1
M_node24node93_wide_t2,0.0,B,M,wide,,2
M_node24node93_wide_t3,0.0,B,M,wide,,3
M_node24node93_wide_t4,0.0,B,M,wide,,4
M_node24node93_wide_t5,0.0,B,M,wide,,5
M_node24node95_timber_t0,0.0,B,M,timber,,0
M_node24node95_timber_t1,0.0,B,M,timber,,1
M_node24node95_timber_t2,0.0,B,M,timber,,2
M_node24node95_timber_t3,0.0,B,M,timber,,3
M_node24node95_timber_t4,0.0,B,M,timber,,4
M_node24node95_timber_t5,0.0,B,M,timber,,5
M_node24node95_wide_t0,0.0,B,M,wide,,0
M_node24node95_wide_t1,0.0,B,M,wide,,1
M_node24node95_wide_t2,0.0,B,M,wide,,2
M_node24node95_wide_t3,0.0,B,M,wide,,3
M_node24node95_wide_t4,0.0,B,M,wide,,4
M_node24node95_wide_t5,0.0,B,M,wide,,5
M_node24node96_timber_t0,0.0,B,M,timber,,0
M_node24node96_timber_t1,0.0,B,M,timber,,1
M_node24node96_timber_t2,0.0,B,M,timber,,2
M_node24node96_timber_t3,0.0,B,M,timber,,3
M_node24node96_timber_t4,0.0,B,M,timber,,4
M_node24node96_timber_t5,0.0,B,M,timber,,5
M_node24node96_wide_t0,0.0,B,M,wide,,0
M_node24node96_wide_t1,0.0,B,M,wide,,1
M_node24node96_wide_t2,0.0,B,M,wide,,2
M_node24node96_wide_t3,0.0,B,M,wide,,3
M_node24node96_wide_t4,0.0,B,M,wide,,4
M_node24node96_wide_t5,0.0,B,M,wide,,5
M_node25node95_timber_t0,0.0,B,M,timber,,0
M_node25node95_timber_t1,0.0,B,M,timber,,1
M_node25node95_timber_t2,0.0,B,M,timber,,2
M_node25node95_timber_t3,0.0,B,M,timber,,3
M_node25node95_timber_t4,0.0,B,M,timber,,4
M_node25node95_timber_t5,0.0,B,M,timber,,5
M_node25node95_wide_t0,0.0,B,M,wide,,0
M_node25node95_wide_t1,0.0,B,M,wide,,1
M_node25node95_wide_t2,0.0,B,M,wide,,2
M_node25node95_wide_t3,0.0,B,M,wide,,3
M_node25node95_wide_t4,0.0,B,M,wide,,4
M_node25node95_wide_t5,0.0,B,M,wide,,5
M_node25node96_timber_t0,0.0,B,M,timber,,0
M_node25node96_timber_t1,0.0,B,M,timber,,1
M_node25node96_timber_t2,0.0,B,M,timber,,2
M_node25node96_timber_t3,0.0,B,M,timber,,3
M_node25node96_timber_t4,0.0,B,M,timber,,4
M_node25node96_timber_t5,0.0,B,M,timber,,5
M_node25node96_wide_t0,0.0,B,M,wide,,0
M_node25node96_wide_t1,0.0,B,M,wide,,1
M_node25node96_wide_t2,0.0,B,M,wide,,2
M_node25node96_wide_t3,0.0,B,M,wide,,3
M_node25node96_wide_t4,0.0,B,M,wide,,4
M_node25node96_wide_t5,0.0,B,M,wide,,5
M_node25node108_timber_t0,0.0,B,M,timber,,0
M_node25node108_timber_t1,0.0,B,M,timber,,1
M_node25node108_timber_t2,0.0,B,M,timber,,2
M_node25node108_timber_t3,0.0,B,M,timber,,3
M_node25node108_timber_t4,0.0,B,M,timber,,4
M_node25node108_timber_t5,0.0,B,M,timber,,5
M_node25node108_wide_t0,0.0,B,M,wide,,0
M_node25node108_wide_t1,0.0,B,M,wide,,1
M_node25node108_wide_t2,0.0,B,M,wide,,2
M_node25node108_wide_t3,0.0,B,M,wide,,3
M_node25node108_wide_t4,0.0,B,M,wide,,4
M_node25node108_wide_t5,0.0,B,M,wide,,5
M_node26node39_timber_t0,6.0,B,M,timber,,0
M_node26node39_timber_t1,5.05,B,M,timber,,1
M_node26node39_timber_t2,3.58,B,M,timber,,2
M_node26node39_timber_t3,2.54,B,M,timber,,3
M_node26node39_timber_t4,1.8,B,M,timber,,4
M_node26node39_timber_t5,1.28,B,M,timber,,5
M_node26node39_wide_t0,6.0,B,M,wide,,0
M_node26node39_wide_t1,5.05,B,M,wide,,1
M_node26node39_wide_t2,3.58,B,M,wide,,2
M_node26node39_wide_t3,2.54,B,M,wide,,3
M_node26node39_wide_t4,1.8,B,M,wide,,4
M_node26node39_wide_t5,1.28,B,M,wide,,5
M_node26node42_timber_t0,101.0,B,M,timber,,0
M_node26node42_timber_t1,85.04,B,M,timber,,1
M_node26node42_timber_t2,60.29,B,M,timber,,2
M_node26node42_timber_t3,42.74,B,M,timber,,3
M_node26node42_timber_t4,30.3,B,M,timber,,4
M_node26node42_timber_t5,21.48,B,M,timber,,5
M_node26node42_wide_t0,101.0,B,M,wide,,0
M_node26node42_wide_t1,85.04,B,M,wide,,1
M_node26node42_wide_t2,60.29,B,M,wide,,2
M_node26node42_wide_t3,42.74,B,M,wide,,3
M_node26node42_wide_t4,30.3,B,M,wide,,4
M_node26node42_wide_t5,21.48,B,M,wide,,5
M_node26node53_timber_t0,890.0,B,M,timber,,0
M_node26node53_timber_t1,749.36,B,M,timber,,1
M_node26node53_timber_t2,531.23,B,M,timber,,2
M_node26node53_timber_t3,376.6,B,M,timber,,3
M_node26node53_timber_t4,266.98,B,M,timber,,4
M_node26node53_timber_t5,189.27,B,M,timber,,5
M_node26node53_wide_t0,890.0,B,M,wide,,0
M_node26node53_wide_t1,749.36,B,M,wide,,1
M_node26node53_wide_t2,531.23,B,M,wide,,2
M_node26node53_wide_t3,376.6,B,M,wide,,3
M_node26node53_wide_t4,266.98,B,M,wide,,4
M_node26node53_wide_t5,189.27,B,M,wide,,5
M_node26node92_timber_t0,0.0,B,M,timber,,0
M_node26node92_timber_t1,0.0,B,M,timber,,1
M_node26node92_timber_t2,0.0,B,M,timber,,2
M_node26node92_timber_t3,0.0,B,M,timber,,3
M_node26node92_timber_t4,0.0,B,M,timber,,4
M_node26node92_timber_t5,0.0,B,M,timber,,5
M_node26node92_wide_t0,0.0,B,M,wide,,0
M_node26node92_wide_t1,0.0,B,M,wide,,1
M_node26node92_wide_t2,0.0,B,M,wide,,2
M_node26node92_wide_t3,0.0,B,M,wide,,3
M_node26node92_wide_t4,0.0,B,M,wide,,4
M_node26node92_wide_t5,0.0,B,M,wide,,5
M_node26node93_timber_t0,0.0,B,M,timber,,0
M_node26node93_timber_t1,0.0,B,M,timber,,1
M_node26node93_timber_t2,0.0,B,M,timber,,2
M_node26node93_timber_t3,0.0,B,M,timber,,3
M_node26node93_timber_t4,0.0,B,M,timber,,4
M_node26node93_timber_t5,0.0,B,M,timber,,5
M_node26node93_wide_t0,0.0,B,M,wide,,0
M_node26node93_wide_t1,0.0,B,M,wide,,1
M_node26node93_wide_t2,0.0,B,M,wide,,2
M_node26node93_wide_t3,0.0,B,M,wide,,3
M_node26node93_wide_t4,0.0,B,M,wide,,4
M_node26node93_wide_t5,0.0,B,M,wide,,5
M_node27node81_timber_t0,699.0,B,M,timber,,0
M_node27node81_timber_t1,588.54,B,M,timber,,1
M_node27node81_timber_t2,417.23,B,M,timber,,2
M_node27node81_timber_t3,295.78,B,M,timber,,3
M_node27node81_timber_t4,209.68,B,M,timber,,4
M_node27node81_timber_t5,148.65,B,M,timber,,5
M_node27node81_wide_t0,699.0,B,M,wide,,0
M_node27node81_wide_t1,588.54,B,M,wide,,1
M_node27node81_wide_t2,417.23,B,M,wide,,2
M_node27node81_wide_t3,295.78,B,M,wide,,3
M_node27node81_wide_t4,209.68,B,M,wide,,4
M_node27node81_wide_t5,148.65,B,M,wide,,5
M_node27node79_timber_t0,1561.0,B,M,timber,,0
M_node27node79_timber_t1,1314.32,B,M,timber,,1
M_node27node79_timber_t2,931.75,B,M,timber,,2
M_node27node79_timber_t3,660.53,B,M,timber,,3
M_node27node79_timber_t4,468.26,B,M,timber,,4
M_node27node79_timber_t5,331.96,B,M,timber,,5
M_node27node79_wide_t0,1561.0,B,M,wide,,0
M_node27node79_wide_t1,1314.32,B,M,wide,,1
M_node27node79_wide_t2,931.75,B,M,wide,,2
M_node27node79_wide_t3,660.53,B,M,wide,,3
M_node27node79_wide_t4,468.26,B,M,wide,,4
M_node27node79_wide_t5,331.96,B,M,wide,,5
M_node27node100_timber_t0,0.0,B,M,timber,,0
M_node27node100_timber_t1,0.0,B,M,timber,,1
M_node27node100_timber_t2,0.0,B,M,timber,,2
M_node27node100_timber_t3,0.0,B,M,timber,,3
M_node27node100_timber_t4,0.0,B,M,timber,,4
M_node27node100_timber_t5,0.0,B,M,timber,,5
M_node27node100_wide_t0,0.0,B,M,wide,,0
M_node27node100_wide_t1,0.0,B,M,wide,,1
M_node27node100_wide_t2,0.0,B,M,wide,,2
M_node27node100_wide_t3,0.0,B,M,wide,,3
M_node27node100_wide_t4,0.0,B,M,wide,,4
M_node27node100_wide_t5,0.0,B,M,wide,,5
M_node28node46_timber_t0,434.0,B,M,timber,,0
M_node28node46_timber_t1,365.42,B,M,timber,,1
M_node28node46_timber_t2,259.05,B,M,timber,,2
M_node28node46_timber_t3,183.65,B,M,timber,,3
M_node28node46_timber_t4,130.19,B,M,timber,,4
M_node28node46_timber_t5,92.29,B,M,timber,,5
M_node28node46_wide_t0,434.0,B,M,wide,,0
M_node28node46_wide_t1,365.42,B,M,wide,,1
M_node28node46_wide_t2,259.05,B,M,wide,,2
M_node28node46_wide_t3,183.65,B,M,wide,,3
M_node28node46_wide_t4,130.19,B,M,wide,,4
M_node28node46_wide_t5,92.29,B,M,wide,,5
M_node28node56_timber_t0,1520.0,B,M,timber,,0
M_node28node56_timber_t1,1279.8,B,M,timber,,1
M_node28node56_timber_t2,907.27,B,M,timber,,2
M_node28node56_timber_t3,643.18,B,M,timber,,3
M_node28node56_timber_t4,455.96,B,M,timber,,4
M_node28node56_timber_t5,323.24,B,M,timber,,5
M_node28node56_wide_t0,1520.0,B,M,wide,,0
M_node28node56_wide_t1,1279.8,B,M,wide,,1
M_node28node56_wide_t2,907.27,B,M,wide,,2
M_node28node56_wide_t3,643.18,B,M,wide,,3
M_node28node56_wide_t4,455.96,B,M,wide,,4
M_node28node56_wide_t5,323.24,B,M,wide,,5
M_node28node48_timber_t0,1451.0,B,M,timber,,0
M_node28node48_timber_t1,1221.7,B,M,timber,,1
M_node28node48_timber_t2,866.09,B,M,timber,,2
M_node28node48_timber_t3,613.99,B,M,timber,,3
M_node28node48_timber_t4,435.27,B,M,timber,,4
M_node28node48_timber_t5,308.57,B,M,timber,,5
M_node28node48_wide_t0,1451.0,B,M,wide,,0
M_node28node48_wide_t1,1221.7,B,M,wide,,1
M_node28node48_wide_t2,866.09,B,M,wide,,2
M_node28node48_wide_t3,613.99,B,M,wide,,3
M_node28node48_wide_t4,435.27,B,M,wide,,4
M_node28node48_wide_t5,308.57,B,M,wide,,5
M_node28node90_timber_t0,0.0,B,M,timber,,0
M_node28node90_timber_t1,0.0,B,M,timber,,1
M_node28node90_timber_t2,0.0,B,M,timber,,2
M_node28node90_timber_t3,0.0,B,M,timber,,3
M_node28node90_timber_t4,0.0,B,M,timber,,4
M_node28node90_timber_t5,0.0,B,M,timber,,5
M_node28node90_wide_t0,0.0,B,M,wide,,0
M_node28node90_wide_t1,0.0,B,M,wide,,1
M_node28node90_wide_t2,0.0,B,M,wide,,2
M_node28node90_wide_t3,0.0,B,M,wide,,3
M_node28node90_wide_t4,0.0,B,M,wide,,4
M_node28node90_wide_t5,0.0,B,M,wide,,5
M_node28node94_timber_t0,0.0,B,M,timber,,0
M_node28node94_timber_t1,0.0,B,M,timber,,1
M_node28node94_timber_t2,0.0,B,M,timber,,2
M_node28node94_timber_t3,0.0,B,M,timber,,3
M_node28node94_timber_t4,0.0,B,M,timber,,4
M_node28node94_timber_t5,0.0,B,M,timber,,5
M_node28node94_wide_t0,0.0,B,M,wide,,0
M_node28node94_wide_t1,0.0,B,M,wide,,1
M_node28node94_wide_t2,0.0,B,M,wide,,2
M_node28node94_wide_t3,0.0,B,M,wide,,3
M_node28node94_wide_t4,0.0,B,M,wide,,4
M_node28node94_wide_t5,0.0,B,M,wide,,5
M_node28node97_timber_t0,0.0,B,M,timber,,0
M_node28node97_timber_t1,0.0,B,M,timber,,1
M_node28node97_timber_t2,0.0,B,M,timber,,2
M_node28node97_timber_t3,0.0,B,M,timber,,3
M_node28node97_timber_t4,0.0,B,M,timber,,4
M_node28node97_timber_t5,0.0,B,M,timber,,5
M_node28node97_wide_t0,0.0,B,M,wide,,0
M_node28node97_wide_t1,0.0,B,M,wide,,1
M_node28node97_wide_t2,0.0,B,M,wide,,2
M_node28node97_wide_t3,0.0,B,M,wide,,3
M_node28node97_wide_t4,0.0,B,M,wide,,4
M_node28node97_wide_t5,0.0,B,M,wide,,5
M_node29node47_timber_t0,17.0,B,M,timber,,0
M_node29node47_timber_t1,14.31,B,M,timber,,1
M_node29node47_timber_t2,10.15,B,M,timber,,2
M_node29node47_timber_t3,7.19,B,M,timber,,3
M_node29node47_timber_t4,5.1,B,M,timber,,4
M_node29node47_timber_t5,3.62,B,M,timber,,5
M_node29node47_wide_t0,17.0,B,M,wide,,0
M_node29node47_wide_t1,14.31,B,M,wide,,1
M_node29node47_wide_t2,10.15,B,M,wide,,2
M_node29node47_wide_t3,7.19,B,M,wide,,3
M_node29node47_wide_t4,5.1,B,M,wide,,4
M_node29node47_wide_t5,3.62,B,M,wide,,5
M_node29node44_timber_t0,258.0,B,M,timber,,0
M_node29node44_timber_t1,217.23,B,M,timber,,1
M_node29node44_timber_t2,154.0,B,M,timber,,2
M_node29node44_timber_t3,109.17,B,M,timber,,3
M_node29node44_timber_t4,77.39,B,M,timber,,4
M_node29node44_timber_t5,54.87,B,M,timber,,5
M_node29node44_wide_t0,258.0,B,M,wide,,0
M_node29node44_wide_t1,217.23,B,M,wide,,1
M_node29node44_wide_t2,154.0,B,M,wide,,2
M_node29node44_wide_t3,109.17,B,M,wide,,3
M_node29node44_wide_t4,77.39,B,M,wide,,4
M_node29node44_wide_t5,54.87,B,M,wide,,5
M_node29node107_timber_t0,0.0,B,M,timber,,0
M_node29node107_timber_t1,0.0,B,M,timber,,1
M_node29node107_timber_t2,0.0,B,M,timber,,2
M_node29node107_timber_t3,0.0,B,M,timber,,3
M_node29node107_timber_t4,0.0,B,M,timber,,4
M_node29node107_timber_t5,0.0,B,M,timber,,5
M_node29node107_wide_t0,0.0,B,M,wide,,0
M_node29node107_wide_t1,0.0,B,M,wide,,1
M_node29node107_wide_t2,0.0,B,M,wide,,2
M_node29node107_wide_t3,0.0,B,M,wide,,3
M_node29node107_wide_t4,0.0,B,M,wide,,4
M_node29node107_wide_t5,0.0,B,M,wide,,5
M_node30node36_timber_t0,550.0,B,M,timber,,0
M_node30node36_timber_t1,463.09,B,M,timber,,1
M_node30node36_timber_t2,328.29,B,M,timber,,2
M_node30node36_timber_t3,232.73,B,M,timber,,3
M_node30node36_timber_t4,164.99,B,M,timber,,4
M_node30node36_timber_t5,116.96,B,M,timber,,5
M_node30node36_wide_t0,550.0,B,M,wide,,0
M_node30node36_wide_t1,463.09,B,M,wide,,1
M_node30node36_wide_t2,328.29,B,M,wide,,2
M_node30node36_wide_t3,232.73,B,M,wide,,3
M_node30node36_wide_t4,164.99,B,M,wide,,4
M_node30node36_wide_t5,116.96,B,M,wide,,5
M_node30node45_timber_t0,1724.0,B,M,timber,,0
M_node30node45_timber_t1,1451.56,B,M,timber,,1
M_node30node45_timber_t2,1029.04,B,M,timber,,2
M_node30node45_timber_t3,729.51,B,M,timber,,3
M_node30node45_timber_t4,517.16,B,M,timber,,4
M_node30node45_timber_t5,366.62,B,M,timber,,5
M_node30node45_wide_t0,1724.0,B,M,wide,,0
M_node30node45_wide_t1,1451.56,B,M,wide,,1
M_node30node45_wide_t2,1029.04,B,M,wide,,2
M_node30node45_wide_t3,729.51,B,M,wide,,3
M_node30node45_wide_t4,517.16,B,M,wide,,4
M_node30node45_wide_t5,366.62,B,M,wide,,5
M_node30node107_timber_t0,0.0,B,M,timber,,0
M_node30node107_timber_t1,0.0,B,M,timber,,1
M_node30node107_timber_t2,0.0,B,M,timber,,2
M_node30node107_timber_t3,0.0,B,M,timber,,3
M_node30node107_timber_t4,0.0,B,M,timber,,4
M_node30node107_timber_t5,0.0,B,M,timber,,5
M_node30node107_wide_t0,0.0,B,M,wide,,0
M_node30node107_wide_t1,0.0,B,M,wide,,1
M_node30node107_wide_t2,0.0,B,M,wide,,2
M_node30node107_wide_t3,0.0,B,M,wide,,3
M_node30node107_wide_t4,0.0,B,M,wide,,4
M_node30node107_wide_t5,0.0,B,M,wide,,5
M_node30node108_timber_t0,0.0,B,M,timber,,0
M_node30node108_timber_t1,0.0,B,M,timber,,1
M_node30node108_timber_t2,0.0,B,M,timber,,2
M_node30node108_timber_t3,0.0,B,M,timber,,3
M_node30node108_timber_t4,0.0,B,M,timber,,4
M_node30node108_timber_t5,0.0,B,M,timber,,5
M_node30node108_wide_t0,0.0,B,M,wide,,0
M_node30node108_wide_t1,0.0,B,M,wide,,1
M_node30node108_wide_t2,0.0,B,M,wide,,2
M_node30node108_wide_t3,0.0,B,M,wide,,3
M_node30node108_wide_t4,0.0,B,M,wide,,4
M_node30node108_wide_t5,0.0,B,M,wide,,5
M_node30node109_timber_t0,0.0,B,M,timber,,0
M_node30node109_timber_t1,0.0,B,M,timber,,1
M_node30node109_timber_t2,0.0,B,M,timber,,2
M_node30node109_timber_t3,0.0,B,M,timber,,3
M_node30node109_timber_t4,0.0,B,M,timber,,4
M_node30node109_timber_t5,0.0,B,M,timber,,5
M_node30node109_wide_t0,0.0,B,M,wide,,0
M_node30node109_wide_t1,0.0,B,M,wide,,1
M_node30node109_wide_t2,0.0,B,M,wide,,2
M_node30node109_wide_t3,0.0,B,M,wide,,3
M_node30node109_wide_t4,0.0,B,M,wide,,4
M_node30node109_wide_t5,0.0,B,M,wide,,5
M_node31node45_timber_t0,228.0,B,M,timber,,0
M_node31node45_timber_t1,191.97,B,M,timber,,1
M_node31node45_timber_t2,136.09,B,M,timber,,2
M_node31node45_timber_t3,96.48,B,M,timber,,3
M_node31node45_timber_t4,68.39,B,M,timber,,4
M_node31node45_timber_t5,48.49,B,M,timber,,5
M_node31node45_wide_t0,228.0,B,M,wide,,0
M_node31node45_wide_t1,191.97,B,M,wide,,1
M_node31node45_wide_t2,136.09,B,M,wide,,2
M_node31node45_wide_t3,96.48,B,M,wide,,3
M_node31node45_wide_t4,68.39,B,M,wide,,4
M_node31node45_wide_t5,48.49,B,M,wide,,5
M_node31node84_timber_t0,1720.0,B,M,timber,,0
M_node31node84_timber_t1,1448.19,B,M,timber,,1
M_node31node84_timber_t2,1026.65,B,M,timber,,2
M_node31node84_timber_t3,727.81,B,M,timber,,3
M_node31node84_timber_t4,515.96,B,M,timber,,4
M_node31node84_timber_t5,365.77,B,M,timber,,5
M_node31node84_wide_t0,1720.0,B,M,wide,,0
M_node31node84_wide_t1,1448.19,B,M,wide,,1
M_node31node84_wide_t2,1026.65,B,M,wide,,2
M_node31node84_wide_t3,727.81,B,M,wide,,3
M_node31node84_wide_t4,515.96,B,M,wide,,4
M_node31node84_wide_t5,365.77,B,M,wide,,5
M_node31node34_timber_t0,1766.0,B,M,timber,,0
M_node31node34_timber_t1,1486.92,B,M,timber,,1
M_node31node34_timber_t2,1054.11,B,M,timber,,2
M_node31node34_timber_t3,747.28,B,M,timber,,3
M_node31node34_timber_t4,529.76,B,M,timber,,4
M_node31node34_timber_t5,375.56,B,M,timber,,5
M_node31node34_wide_t0,1766.0,B,M,wide,,0
M_node31node34_wide_t1,1486.92,B,M,wide,,1
M_node31node34_wide_t2,1054.11,B,M,wide,,2
M_node31node34_wide_t3,747.28,B,M,wide,,3
M_node31node34_wide_t4,529.76,B,M,wide,,4
M_node31node34_wide_t5,375.56,B,M,wide,,5
M_node31node109_timber_t0,0.0,B,M,timber,,0
M_node31node109_timber_t1,0.0,B,M,timber,,1
M_node31node109_timber_t2,0.0,B,M,timber,,2
M_node31node109_timber_t3,0.0,B,M,timber,,3
M_node31node109_timber_t4,0.0,B,M,timber,,4
M_node31node109_timber_t5,0.0,B,M,timber,,5
M_node31node109_wide_t0,0.0,B,M,wide,,0
M_node31node109_wide_t1,0.0,B,M,wide,,1
M_node31node109_wide_t2,0.0,B,M,wide,,2
M_node31node109_wide_t3,0.0,B,M,wide,,3
M_node31node109_wide_t4,0.0,B,M,wide,,4
M_node31node109_wide_t5,0.0,B,M,wide,,5
M_node31node110_timber_t0,0.0,B,M,timber,,0
M_node31node110_timber_t1,0.0,B,M,timber,,1
M_node31node110_timber_t2,0.0,B,M,timber,,2
M_node31node110_timber_t3,0.0,B,M,timber,,3
M_node31node110_timber_t4,0.0,B,M,timber,,4
M_node31node110_timber_t5,0.0,B,M,timber,,5
M_node31node110_wide_t0,0.0,B,M,wide,,0
M_node31node110_wide_t1,0.0,B,M,wide,,1
M_node31node110_wide_t2,0.0,B,M,wide,,2
M_node31node110_wide_t3,0.0,B,M,wide,,3
M_node31node110_wide_t4,0.0,B,M,wide,,4
M_node31node110_wide_t5,0.0,B,M,wide,,5
M_node31node111_timber_t0,0.0,B,M,timber,,0
M_node31node111_timber_t1,0.0,B,M,timber,,1
M_node31node111_timber_t2,0.0,B,M,timber,,2
M_node31node111_timber_t3,0.0,B,M,timber,,3
M_node31node111_timber_t4,0.0,B,M,timber,,4
M_node31node111_timber_t5,0.0,B,M,timber,,5
M_node31node111_wide_t0,0.0,B,M,wide,,0
M_node31node111_wide_t1,0.0,B,M,wide,,1
M_node31node111_wide_t2,0.0,B,M,wide,,2
M_node31node111_wide_t3,0.0,B,M,wide,,3
M_node31node111_wide_t4,0.0,B,M,wide,,4
M_node31node111_wide_t5,0.0,B,M,wide,,5
M_node32node37_timber_t0,118.0,B,M,timber,,0
M_node32node37_timber_t1,99.35,B,M,timber,,1
M_node32node37_timber_t2,70.43,B,M,timber,,2
M_node32node37_timber_t3,49.93,B,M,timber,,3
M_node32node37_timber_t4,35.4,B,M,timber,,4
M_node32node37_timber_t5,25.09,B,M,timber,,5
M_node32node37_wide_t0,118.0,B,M,wide,,0
M_node32node37_wide_t1,99.35,B,M,wide,,1
M_node32node37_wide_t2,70.43,B,M,wide,,2
M_node32node37_wide_t3,49.93,B,M,wide,,3
M_node32node37_wide_t4,35.4,B,M,wide,,4
M_node32node37_wide_t5,25.09,B,M,wide,,5
M_node32node59_timber_t0,1337.0,B,M,timber,,0
M_node32node59_timber_t1,1125.72,B,M,timber,,1
M_node32node59_timber_t2,798.04,B,M,timber,,2
M_node32node59_timber_t3,565.75,B,M,timber,,3
M_node32node59_timber_t4,401.07,B,M,timber,,4
M_node32node59_timber_t5,284.33,B,M,timber,,5
M_node32node59_wide_t0,1337.0,B,M,wide,,0
M_node32node59_wide_t1,1125.72,B,M,wide,,1
M_node32node59_wide_t2,798.04,B,M,wide,,2
M_node32node59_wide_t3,565.75,B,M,wide,,3
M_node32node59_wide_t4,401.07,B,M,wide,,4
M_node32node59_wide_t5,284.33,B,M,wide,,5
M_node32node100_timber_t0,0.0,B,M,timber,,0
M_node32node100_timber_t1,0.0,B,M,timber,,1
M_node32node100_timber_t2,0.0,B,M,timber,,2
M_node32node100_timber_t3,0.0,B,M,timber,,3
M_node32node100_timber_t4,0.0,B,M,timber,,4
M_node32node100_timber_t5,0.0,B,M,timber,,5
M_node32node100_wide_t0,0.0,B,M,wide,,0
M_node32node100_wide_t1,0.0,B,M,wide,,1
M_node32node100_wide_t2,0.0,B,M,wide,,2
M_node32node100_wide_t3,0.0,B,M,wide,,3
M_node32node100_wide_t4,0.0,B,M,wide,,4
M_node32node100_wide_t5,0.0,B,M,wide,,5
M_node32node101_timber_t0,0.0,B,M,timber,,0
M_node32node101_timber_t1,0.0,B,M,timber,,1
M_node32node101_timber_t2,0.0,B,M,timber,,2
M_node32node101_timber_t3,0.0,B,M,timber,,3
M_node32node101_timber_t4,0.0,B,M,timber,,4
M_node32node101_timber_t5,0.0,B,M,timber,,5
M_node32node101_wide_t0,0.0,B,M,wide,,0
M_node32node101_wide_t1,0.0,B,M,wide,,1
M_node32node101_wide_t2,0.0,B,M,wide,,2
M_node32node101_wide_t3,0.0,B,M,wide,,3
M_node32node101_wide_t4,0.0,B,M,wide,,4
M_node32node101_wide_t5,0.0,B,M,wide,,5
M_node33node88_timber_t0,1893.0,B,M,timber,,0
M_node33node88_timber_t1,1593.86,B,M,timber,,1
M_node33node88_timber_t2,1129.91,B,M,timber,,2
M_node33node88_timber_t3,801.02,B,M,timber,,3
M_node33node88_timber_t4,567.86,B,M,timber,,4
M_node33node88_timber_t5,402.56,B,M,timber,,5
M_node33node88_wide_t0,1893.0,B,M,wide,,0
M_node33node88_wide_t1,1593.86,B,M,wide,,1
M_node33node88_wide_t2,1129.91,B,M,wide,,2
M_node33node88_wide_t3,801.02,B,M,wide,,3
M_node33node88_wide_t4,567.86,B,M,wide,,4
M_node33node88_wide_t5,402.56,B,M,wide,,5
M_node33node111_timber_t0,0.0,B,M,timber,,0
M_node33node111_timber_t1,0.0,B,M,timber,,1
M_node33node111_timber_t2,0.0,B,M,timber,,2
M_node33node111_timber_t3,0.0,B,M,timber,,3
M_node33node111_timber_t4,0.0,B,M,timber,,4
M_node33node111_timber_t5,0.0,B,M,timber,,5
M_node33node111_wide_t0,0.0,B,M,wide,,0
M_node33node111_wide_t1,0.0,B,M,wide,,1
M_node33node111_wide_t2,0.0,B,M,wide,,2
M_node33node111_wide_t3,0.0,B,M,wide,,3
M_node33node111_wide_t4,0.0,B,M,wide,,4
M_node33node111_wide_t5,0.0,B,M,wide,,5
M_node33node112_timber_t0,0.0,B,M,timber,,0
M_node33node112_timber_t1,0.0,B,M,timber,,1
M_node33node112_timber_t2,0.0,B,M,timber,,2
M_node33node112_timber_t3,0.0,B,M,timber,,3
M_node33node112_timber_t4,0.0,B,M,timber,,4
M_node33node112_timber_t5,0.0,B,M,timber,,5
M_node33node112_wide_t0,0.0,B,M,wide,,0
M_node33node112_wide_t1,0.0,B,M,wide,,1
M_node33node112_wide_t2,0.0,B,M,wide,,2
M_node33node112_wide_t3,0.0,B,M,wide,,3
M_node33node112_wide_t4,0.0,B,M,wide,,4
M_node33node112_wide_t5,0.0,B,M,wide,,5
M_node34node38_timber_t0,10.0,B,M,timber,,0
M_node34node38_timber_t1,8.42,B,M,timber,,1
M_node34node38_timber_t2,5.97,B,M,timber,,2
M_node34node38_timber_t3,4.23,B,M,timber,,3
M_node34node38_timber_t4,3.0,B,M,timber,,4
M_node34node38_timber_t5,2.13,B,M,timber,,5
M_node34node38_wide_t0,10.0,B,M,wide,,0
M_node34node38_wide_t1,8.42,B,M,wide,,1
M_node34node38_wide_t2,5.97,B,M,wide,,2
M_node34node38_wide_t3,4.23,B,M,wide,,3
M_node34node38_wide_t4,3.0,B,M,wide,,4
M_node34node38_wide_t5,2.13,B,M,wide,,5
M_node34node106_timber_t0,0.0,B,M,timber,,0
M_node34node106_timber_t1,0.0,B,M,timber,,1
M_node34node106_timber_t2,0.0,B,M,timber,,2
M_node34node106_timber_t3,0.0,B,M,timber,,3
M_node34node106_timber_t4,0.0,B,M,timber,,4
M_node34node106_timber_t5,0.0,B,M,timber,,5
M_node34node106_wide_t0,0.0,B,M,wide,,0
M_node34node106_wide_t1,0.0,B,M,wide,,1
M_node34node106_wide_t2,0.0,B,M,wide,,2
M_node34node106_wide_t3,0.0,B,M,wide,,3
M_node34node106_wide_t4,0.0,B,M,wide,,4
M_node34node106_wide_t5,0.0,B,M,wide,,5
M_node34node110_timber_t0,0.0,B,M,timber,,0
M_node34node110_timber_t1,0.0,B,M,timber,,1
M_node34node110_timber_t2,0.0,B,M,timber,,2
M_node34node110_timber_t3,0.0,B,M,timber,,3
M_node34node110_timber_t4,0.0,B,M,timber,,4
M_node34node110_timber_t5,0.0,B,M,timber,,5
M_node34node110_wide_t0,0.0,B,M,wide,,0
M_node34node110_wide_t1,0.0,B,M,wide,,1
M_node34node110_wide_t2,0.0,B,M,wide,,2
M_node34node110_wide_t3,0.0,B,M,wide,,3
M_node34node110_wide_t4,0.0,B,M,wide,,4
M_node34node110_wide_t5,0.0,B,M,wide,,5
M_node34node111_timber_t0,0.0,B,M,timber,,0
M_node34node111_timber_t1,0.0,B,M,timber,,1
M_node34node111_timber_t2,0.0,B,M,timber,,2
M_node34node111_timber_t3,0.0,B,M,timber,,3
M_node34node111_timber_t4,0.0,B,M,timber,,4
M_node34node111_timber_t5,0.0,B,M,timber,,5
M_node34node111_wide_t0,0.0,B,M,wide,,0
M_node34node111_wide_t1,0.0,B,M,wide,,1
M_node34node111_wide_t2,0.0,B,M,wide,,2
M_node34node111_wide_t3,0.0,B,M,wide,,3
M_node34node111_wide_t4,0.0,B,M,wide,,4
M_node34node111_wide_t5,0.0,B,M,wide,,5
M_node34node113_timber_t0,0.0,B,M,timber,,0
M_node34node113_timber_t1,0.0,B,M,timber,,1
M_node34node113_timber_t2,0.0,B,M,timber,,2
M_node34node113_timber_t3,0.0,B,M,timber,,3
M_node34node113_timber_t4,0.0,B,M,timber,,4
M_node34node113_timber_t5,0.0,B,M,timber,,5
M_node34node113_wide_t0,0.0,B,M,wide,,0
M_node34node113_wide_t1,0.0,B,M,wide,,1
M_node34node113_wide_t2,0.0,B,M,wide,,2
M_node34node113_wide_t3,0.0,B,M,wide,,3
M_node34node113_wide_t4,0.0,B,M,wide,,4
M_node34node113_wide_t5,0.0,B,M,wide,,5
M_node35node51_timber_t0,55.0,B,M,timber,,0
M_node35node51_timber_t1,46.31,B,M,timber,,1
M_node35node51_timber_t2,32.83,B,M,timber,,2
M_node35node51_timber_t3,23.27,B,M,timber,,3
M_node35node51_timber_t4,16.5,B,M,timber,,4
M_node35node51_timber_t5,11.7,B,M,timber,,5
M_node35node51_wide_t0,55.0,B,M,wide,,0
M_node35node51_wide_t1,46.31,B,M,wide,,1
M_node35node51_wide_t2,32.83,B,M,wide,,2
M_node35node51_wide_t3,23.27,B,M,wide,,3
M_node35node51_wide_t4,16.5,B,M,wide,,4
M_node35node51_wide_t5,11.7,B,M,wide,,5
M_node35node114_timber_t0,0.0,B,M,timber,,0
M_node35node114_timber_t1,0.0,B,M,timber,,1
M_node35node114_timber_t2,0.0,B,M,timber,,2
M_node35node114_timber_t3,0.0,B,M,timber,,3
M_node35node114_timber_t4,0.0,B,M,timber,,4
M_node35node114_timber_t5,0.0,B,M,timber,,5
M_node35node114_wide_t0,0.0,B,M,wide,,0
M_node35node114_wide_t1,0.0,B,M,wide,,1
M_node35node114_wide_t2,0.0,B,M,wide,,2
M_node35node114_wide_t3,0.0,B,M,wide,,3
M_node35node114_wide_t4,0.0,B,M,wide,,4
M_node35node114_wide_t5,0.0,B,M,wide,,5
M_node36node107_timber_t0,0.0,B,M,timber,,0
M_node36node107_timber_t1,0.0,B,M,timber,,1
M_node36node107_timber_t2,0.0,B,M,timber,,2
M_node36node107_timber_t3,0.0,B,M,timber,,3
M_node36node107_timber_t4,0.0,B,M,timber,,4
M_node36node107_timber_t5,0.0,B,M,timber,,5
M_node36node107_wide_t0,0.0,B,M,wide,,0
M_node36node107_wide_t1,0.0,B,M,wide,,1
M_node36node107_wide_t2,0.0,B,M,wide,,2
M_node36node107_wide_t3,0.0,B,M,wide,,3
M_node36node107_wide_t4,0.0,B,M,wide,,4
M_node36node107_wide_t5,0.0,B,M,wide,,5
M_node36node108_timber_t0,0.0,B,M,timber,,0
M_node36node108_timber_t1,0.0,B,M,timber,,1
M_node36node108_timber_t2,0.0,B,M,timber,,2
M_node36node108_timber_t3,0.0,B,M,timber,,3
M_node36node108_timber_t4,0.0,B,M,timber,,4
M_node36node108_timber_t5,0.0,B,M,timber,,5
M_node36node108_wide_t0,0.0,B,M,wide,,0
M_node36node108_wide_t1,0.0,B,M,wide,,1
M_node36node108_wide_t2,0.0,B,M,wide,,2
M_node36node108_wide_t3,0.0,B,M,wide,,3
M_node36node108_wide_t4,0.0,B,M,wide,,4
M_node36node108_wide_t5,0.0,B,M,wide,,5
M_node37node93_timber_t0,0.0,B,M,timber,,0
M_node37node93_timber_t1,0.0,B,M,timber,,1
M_node37node93_timber_t2,0.0,B,M,timber,,2
M_node37node93_timber_t3,0.0,B,M,timber,,3
M_node37node93_timber_t4,0.0,B,M,timber,,4
M_node37node93_timber_t5,0.0,B,M,timber,,5
M_node37node93_wide_t0,0.0,B,M,wide,,0
M_node37node93_wide_t1,0.0,B,M,wide,,1
M_node37node93_wide_t2,0.0,B,M,wide,,2
M_node37node93_wide_t3,0.0,B,M,wide,,3
M_node37node93_wide_t4,0.0,B,M,wide,,4
M_node37node93_wide_t5,0.0,B,M,wide,,5
M_node37node100_timber_t0,0.0,B,M,timber,,0
M_node37node100_timber_t1,0.0,B,M,timber,,1
M_node37node100_timber_t2,0.0,B,M,timber,,2
M_node37node100_timber_t3,0.0,B,M,timber,,3
M_node37node100_timber_t4,0.0,B,M,timber,,4
M_node37node100_timber_t5,0.0,B,M,timber,,5
M_node37node100_wide_t0,0.0,B,M,wide,,0
M_node37node100_wide_t1,0.0,B,M,wide,,1
M_node37node100_wide_t2,0.0,B,M,wide,,2
M_node37node100_wide_t3,0.0,B,M,wide,,3
M_node37node100_wide_t4,0.0,B,M,wide,,4
M_node37node100_wide_t5,0.0,B,M,wide,,5
M_node38node111_timber_t0,0.0,B,M,timber,,0
M_node38node111_timber_t1,0.0,B,M,timber,,1
M_node38node111_timber_t2,0.0,B,M,timber,,2
M_node38node111_timber_t3,0.0,B,M,timber,,3
M_node38node111_timber_t4,0.0,B,M,timber,,4
M_node38node111_timber_t5,0.0,B,M,timber,,5
M_node38node111_wide_t0,0.0,B,M,wide,,0
M_node38node111_wide_t1,0.0,B,M,wide,,1
M_node38node111_wide_t2,0.0,B,M,wide,,2
M_node38node111_wide_t3,0.0,B,M,wide,,3
M_node38node111_wide_t4,0.0,B,M,wide,,4
M_node38node111_wide_t5,0.0,B,M,wide,,5
M_node38node113_timber_t0,0.0,B,M,timber,,0
M_node38node113_timber_t1,0.0,B,M,timber,,1
M_node38node113_timber_t2,0.0,B,M,timber,,2
M_node38node113_timber_t3,0.0,B,M,timber,,3
M_node38node113_timber_t4,0.0,B,M,timber,,4
M_node38node113_timber_t5,0.0,B,M,timber,,5
M_node38node113_wide_t0,0.0,B,M,wide,,0
M_node38node113_wide_t1,0.0,B,M,wide,,1
M_node38node113_wide_t2,0.0,B,M,wide,,2
M_node38node113_wide_t3,0.0,B,M,wide,,3
M_node38node113_wide_t4,0.0,B,M,wide,,4
M_node38node113_wide_t5,0.0,B,M,wide,,5
M_node39node92_timber_t0,0.0,B,M,timber,,0
M_node39node92_timber_t1,0.0,B,M,timber,,1
M_node39node92_timber_t2,0.0,B,M,timber,,2
M_node39node92_timber_t3,0.0,B,M,timber,,3
M_node39node92_timber_t4,0.0,B,M,timber,,4
M_node39node92_timber_t5,0.0,B,M,timber,,5
M_node39node92_wide_t0,0.0,B,M,wide,,0
M_node39node92_wide_t1,0.0,B,M,wide,,1
M_node39node92_wide_t2,0.0,B,M,wide,,2
M_node39node92_wide_t3,0.0,B,M,wide,,3
M_node39node92_wide_t4,0.0,B,M,wide,,4
M_node39node92_wide_t5,0.0,B,M,wide,,5
M_node39node93_timber_t0,0.0,B,M,timber,,0
M_node39node93_timber_t1,0.0,B,M,timber,,1
M_node39node93_timber_t2,0.0,B,M,timber,,2
M_node39node93_timber_t3,0.0,B,M,timber,,3
M_node39node93_timber_t4,0.0,B,M,timber,,4
M_node39node93_timber_t5,0.0,B,M,timber,,5
M_node39node93_wide_t0,0.0,B,M,wide,,0
M_node39node93_wide_t1,0.0,B,M,wide,,1
M_node39node93_wide_t2,0.0,B,M,wide,,2
M_node39node93_wide_t3,0.0,B,M,wide,,3
M_node39node93_wide_t4,0.0,B,M,wide,,4
M_node39node93_wide_t5,0.0,B,M,wide,,5
M_node40node55_timber_t0,660.0,B,M,timber,,0
M_node40node55_timber_t1,555.7,B,M,timber,,1
M_node40node55_timber_t2,393.95,B,M,timber,,2
M_node40node55_timber_t3,279.28,B,M,timber,,3
M_node40node55_timber_t4,197.98,B,M,timber,,4
M_node40node55_timber_t5,140.36,B,M,timber,,5
M_node40node55_wide_t0,660.0,B,M,wide,,0
M_node40node55_wide_t1,555.7,B,M,wide,,1
M_node40node55_wide_t2,393.95,B,M,wide,,2
M_node40node55_wide_t3,279.28,B,M,wide,,3
M_node40node55_wide_t4,197.98,B,M,wide,,4
M_node40node55_wide_t5,140.36,B,M,wide,,5
M_node40node103_timber_t0,0.0,B,M,timber,,0
M_node40node103_timber_t1,0.0,B,M,timber,,1
M_node40node103_timber_t2,0.0,B,M,timber,,2
M_node40node103_timber_t3,0.0,B,M,timber,,3
M_node40node103_timber_t4,0.0,B,M,timber,,4
M_node40node103_timber_t5,0.0,B,M,timber,,5
M_node40node103_wide_t0,0.0,B,M,wide,,0
M_node40node103_wide_t1,0.0,B,M,wide,,1
M_node40node103_wide_t2,0.0,B,M,wide,,2
M_node40node103_wide_t3,0.0,B,M,wide,,3
M_node40node103_wide_t4,0.0,B,M,wide,,4
M_node40node103_wide_t5,0.0,B,M,wide,,5
M_node40node104_timber_t0,0.0,B,M,timber,,0
M_node40node104_timber_t1,0.0,B,M,timber,,1
M_node40node104_timber_t2,0.0,B,M,timber,,2
M_node40node104_timber_t3,0.0,B,M,timber,,3
M_node40node104_timber_t4,0.0,B,M,timber,,4
M_node40node104_timber_t5,0.0,B,M,timber,,5
M_node40node104_wide_t0,0.0,B,M,wide,,0
M_node40node104_wide_t1,0.0,B,M,wide,,1
M_node40node104_wide_t2,0.0,B,M,wide,,2
M_node40node104_wide_t3,0.0,B,M,wide,,3
M_node40node104_wide_t4,0.0,B,M,wide,,4
M_node40node104_wide_t5,0.0,B,M,wide,,5
M_node41node82_timber_t0,700.0,B,M,timber,,0
M_node41node82_timber_t1,589.38,B,M,timber,,1
M_node41node82_timber_t2,417.82,B,M,timber,,2
M_node41node82_timber_t3,296.2,B,M,timber,,3
M_node41node82_timber_t4,209.98,B,M,timber,,4
M_node41node82_timber_t5,148.86,B,M,timber,,5
M_node41node82_wide_t0,700.0,B,M,wide,,0
M_node41node82_wide_t1,589.38,B,M,wide,,1
M_node41node82_wide_t2,417.82,B,M,wide,,2
M_node41node82_wide_t3,296.2,B,M,wide,,3
M_node41node82_wide_t4,209.98,B,M,wide,,4
M_node41node82_wide_t5,148.86,B,M,wide,,5
M_node41node59_timber_t0,1101.0,B,M,timber,,0
M_node41node59_timber_t1,927.01,B,M,timber,,1
M_node41node59_timber_t2,657.18,B,M,timber,,2
M_node41node59_timber_t3,465.88,B,M,timber,,3
M_node41node59_timber_t4,330.27,B,M,timber,,4
M_node41node59_timber_t5,234.14,B,M,timber,,5
M_node41node59_wide_t0,1101.0,B,M,wide,,0
M_node41node59_wide_t1,927.01,B,M,wide,,1
M_node41node59_wide_t2,657.18,B,M,wide,,2
M_node41node59_wide_t3,465.88,B,M,wide,,3
M_node41node59_wide_t4,330.27,B,M,wide,,4
M_node41node59_wide_t5,234.14,B,M,wide,,5
M_node41node100_timber_t0,0.0,B,M,timber,,0
M_node41node100_timber_t1,0.0,B,M,timber,,1
M_node41node100_timber_t2,0.0,B,M,timber,,2
M_node41node100_timber_t3,0.0,B,M,timber,,3
M_node41node100_timber_t4,0.0,B,M,timber,,4
M_node41node100_timber_t5,0.0,B,M,timber,,5
M_node41node100_wide_t0,0.0,B,M,wide,,0
M_node41node100_wide_t1,0.0,B,M,wide,,1
M_node41node100_wide_t2,0.0,B,M,wide,,2
M_node41node100_wide_t3,0.0,B,M,wide,,3
M_node41node100_wide_t4,0.0,B,M,wide,,4
M_node41node100_wide_t5,0.0,B,M,wide,,5
M_node42node70_timber_t0,573.0,B,M,timber,,0
M_node42node70_timber_t1,482.45,B,M,timber,,1
M_node42node70_timber_t2,342.02,B,M,timber,,2
M_node42node70_timber_t3,242.46,B,M,timber,,3
M_node42node70_timber_t4,171.89,B,M,timber,,4
M_node42node70_timber_t5,121.85,B,M,timber,,5
M_node42node70_wide_t0,573.0,B,M,wide,,0
M_node42node70_wide_t1,482.45,B,M,wide,,1
M_node42node70_wide_t2,342.02,B,M,wide,,2
M_node42node70_wide_t3,242.46,B,M,wide,,3
M_node42node70_wide_t4,171.89,B,M,wide,,4
M_node42node70_wide_t5,121.85,B,M,wide,,5
M_node42node92_timber_t0,0.0,B,M,timber,,0
M_node42node92_timber_t1,0.0,B,M,timber,,1
M_node42node92_timber_t2,0.0,B,M,timber,,2
M_node42node92_timber_t3,0.0,B,M,timber,,3
M_node42node92_timber_t4,0.0,B,M,timber,,4
M_node42node92_timber_t5,0.0,B,M,timber,,5
M_node42node92_wide_t0,0.0,B,M,wide,,0
M_node42node92_wide_t1,0.0,B,M,wide,,1
M_node42node92_wide_t2,0.0,B,M,wide,,2
M_node42node92_wide_t3,0.0,B,M,wide,,3
M_node42node92_wide_t4,0.0,B,M,wide,,4
M_node42node92_wide_t5,0.0,B,M,wide,,5
M_node42node94_timber_t0,0.0,B,M,timber,,0
M_node42node94_timber_t1,0.0,B,M,timber,,1
M_node42node94_timber_t2,0.0,B,M,timber,,2
M_node42node94_timber_t3,0.0,B,M,timber,,3
M_node42node94_timber_t4,0.0,B,M,timber,,4
M_node42node94_timber_t5,0.0,B,M,timber,,5
M_node42node94_wide_t0,0.0,B,M,wide,,0
M_node42node94_wide_t1,0.0,B,M,wide,,1
M_node42node94_wide_t2,0.0,B,M,wide,,2
M_node42node94_wide_t3,0.0,B,M,wide,,3
M_node42node94_wide_t4,0.0,B,M,wide,,4
M_node42node94_wide_t5,0.0,B,M,wide,,5
M_node43node76_timber_t0,405.0,B,M,timber,,0
M_node43node76_timber_t1,341.0,B,M,timber,,1
M_node43node76_timber_t2,241.74,B,M,timber,,2
M_node43node76_timber_t3,171.37,B,M,timber,,3
M_node43node76_timber_t4,121.49,B,M,timber,,4
M_node43node76_timber_t5,86.13,B,M,timber,,5
M_node43node76_wide_t0,405.0,B,M,wide,,0
M_node43node76_wide_t1,341.0,B,M,wide,,1
M_node43node76_wide_t2,241.74,B,M,wide,,2
M_node43node76_wide_t3,171.37,B,M,wide,,3
M_node43node76_wide_t4,121.49,B,M,wide,,4
M_node43node76_wide_t5,86.13,B,M,wide,,5
M_node43node50_timber_t0,306.0,B,M,timber,,0
M_node43node50_timber_t1,257.64,B,M,timber,,1
M_node43node50_timber_t2,182.65,B,M,timber,,2
M_node43node50_timber_t3,129.48,B,M,timber,,3
M_node43node50_timber_t4,91.79,B,M,timber,,4
M_node43node50_timber_t5,65.07,B,M,timber,,5
M_node43node50_wide_t0,306.0,B,M,wide,,0
M_node43node50_wide_t1,257.64,B,M,wide,,1
M_node43node50_wide_t2,182.65,B,M,wide,,2
M_node43node50_wide_t3,129.48,B,M,wide,,3
M_node43node50_wide_t4,91.79,B,M,wide,,4
M_node43node50_wide_t5,65.07,B,M,wide,,5
M_node43node91_timber_t0,0.0,B,M,timber,,0
M_node43node91_timber_t1,0.0,B,M,timber,,1
M_node43node91_timber_t2,0.0,B,M,timber,,2
M_node43node91_timber_t3,0.0,B,M,timber,,3
M_node43node91_timber_t4,0.0,B,M,timber,,4
M_node43node91_timber_t5,0.0,B,M,timber,,5
M_node43node91_wide_t0,0.0,B,M,wide,,0
M_node43node91_wide_t1,0.0,B,M,wide,,1
M_node43node91_wide_t2,0.0,B,M,wide,,2
M_node43node91_wide_t3,0.0,B,M,wide,,3
M_node43node91_wide_t4,0.0,B,M,wide,,4
M_node43node91_wide_t5,0.0,B,M,wide,,5
M_node43node99_timber_t0,0.0,B,M,timber,,0
M_node43node99_timber_t1,0.0,B,M,timber,,1
M_node43node99_timber_t2,0.0,B,M,timber,,2
M_node43node99_timber_t3,0.0,B,M,timber,,3
M_node43node99_timber_t4,0.0,B,M,timber,,4
M_node43node99_timber_t5,0.0,B,M,timber,,5
M_node43node99_wide_t0,0.0,B,M,wide,,0
M_node43node99_wide_t1,0.0,B,M,wide,,1
M_node43node99_wide_t2,0.0,B,M,wide,,2
M_node43node99_wide_t3,0.0,B,M,wide,,3
M_node43node99_wide_t4,0.0,B,M,wide,,4
M_node43node99_wide_t5,0.0,B,M,wide,,5
M_node43node100_timber_t0,0.0,B,M,timber,,0
M_node43node100_timber_t1,0.0,B,M,timber,,1
M_node43node100_timber_t2,0.0,B,M,timber,,2
M_node43node100_timber_t3,0.0,B,M,timber,,3
M_node43node100_timber_t4,0.0,B,M,timber,,4
M_node43node100_timber_t5,0.0,B,M,timber,,5
M_node43node100_wide_t0,0.0,B,M,wide,,0
M_node43node100_wide_t1,0.0,B,M,wide,,1
M_node43node100_wide_t2,0.0,B,M,wide,,2
M_node43node100_wide_t3,0.0,B,M,wide,,3
M_node43node100_wide_t4,0.0,B,M,wide,,4
M_node43node100_wide_t5,0.0,B,M,wide,,5
M_node44node83_timber_t0,187.0,B,M,timber,,0
M_node44node83_timber_t1,157.45,B,M,timber,,1
M_node44node83_timber_t2,111.62,B,M,timber,,2
M_node44node83_timber_t3,79.13,B,M,timber,,3
M_node44node83_timber_t4,56.1,B,M,timber,,4
M_node44node83_timber_t5,39.77,B,M,timber,,5
M_node44node83_wide_t0,187.0,B,M,wide,,0
M_node44node83_wide_t1,157.45,B,M,wide,,1
M_node44node83_wide_t2,111.62,B,M,wide,,2
M_node44node83_wide_t3,79.13,B,M,wide,,3
M_node44node83_wide_t4,56.1,B,M,wide,,4
M_node44node83_wide_t5,39.77,B,M,wide,,5
M_node44node107_timber_t0,0.0,B,M,timber,,0
M_node44node107_timber_t1,0.0,B,M,timber,,1
M_node44node107_timber_t2,0.0,B,M,timber,,2
M_node44node107_timber_t3,0.0,B,M,timber,,3
M_node44node107_timber_t4,0.0,B,M,timber,,4
M_node44node107_timber_t5,0.0,B,M,timber,,5
M_node44node107_wide_t0,0.0,B,M,wide,,0
M_node44node107_wide_t1,0.0,B,M,wide,,1
M_node44node107_wide_t2,0.0,B,M,wide,,2
M_node44node107_wide_t3,0.0,B,M,wide,,3
M_node44node107_wide_t4,0.0,B,M,wide,,4
M_node44node107_wide_t5,0.0,B,M,wide,,5
M_node45node108_timber_t0,0.0,B,M,timber,,0
M_node45node108_timber_t1,0.0,B,M,timber,,1
M_node45node108_timber_t2,0.0,B,M,timber,,2
M_node45node108_timber_t3,0.0,B,M,timber,,3
M_node45node108_timber_t4,0.0,B,M,timber,,4
M_node45node108_timber_t5,0.0,B,M,timber,,5
M_node45node108_wide_t0,0.0,B,M,wide,,0
M_node45node108_wide_t1,0.0,B,M,wide,,1
M_node45node108_wide_t2,0.0,B,M,wide,,2
M_node45node108_wide_t3,0.0,B,M,wide,,3
M_node45node108_wide_t4,0.0,B,M,wide,,4
M_node45node108_wide_t5,0.0,B,M,wide,,5
M_node45node109_timber_t0,0.0,B,M,timber,,0
M_node45node109_timber_t1,0.0,B,M,timber,,1
M_node45node109_timber_t2,0.0,B,M,timber,,2
M_node45node109_timber_t3,0.0,B,M,timber,,3
M_node45node109_timber_t4,0.0,B,M,timber,,4
M_node45node109_timber_t5,0.0,B,M,timber,,5
M_node45node109_wide_t0,0.0,B,M,wide,,0
M_node45node109_wide_t1,0.0,B,M,wide,,1
M_node45node109_wide_t2,0.0,B,M,wide,,2
M_node45node109_wide_t3,0.0,B,M,wide,,3
M_node45node109_wide_t4,0.0,B,M,wide,,4
M_node45node109_wide_t5,0.0,B,M,wide,,5
M_node45node110_timber_t0,0.0,B,M,timber,,0
M_node45node110_timber_t1,0.0,B,M,timber,,1
M_node45node110_timber_t2,0.0,B,M,timber,,2
M_node45node110_timber_t3,0.0,B,M,timber,,3
M_node45node110_timber_t4,0.0,B,M,timber,,4
M_node45node110_timber_t5,0.0,B,M,timber,,5
M_node45node110_wide_t0,0.0,B,M,wide,,0
M_node45node110_wide_t1,0.0,B,M,wide,,1
M_node45node110_wide_t2,0.0,B,M,wide,,2
M_node45node110_wide_t3,0.0,B,M,wide,,3
M_node45node110_wide_t4,0.0,B,M,wide,,4
M_node45node110_wide_t5,0.0,B,M,wide,,5
M_node46node94_timber_t0,0.0,B,M,timber,,0
M_node46node94_timber_t1,0.0,B,M,timber,,1
M_node46node94_timber_t2,0.0,B,M,timber,,2
M_node46node94_timber_t3,0.0,B,M,timber,,3
M_node46node94_timber_t4,0.0,B,M,timber,,4
M_node46node94_timber_t5,0.0,B,M,timber,,5
M_node46node94_wide_t0,0.0,B,M,wide,,0
M_node46node94_wide_t1,0.0,B,M,wide,,1
M_node46node94_wide_t2,0.0,B,M,wide,,2
M_node46node94_wide_t3,0.0,B,M,wide,,3
M_node46node94_wide_t4,0.0,B,M,wide,,4
M_node46node94_wide_t5,0.0,B,M,wide,,5
M_node46node95_timber_t0,0.0,B,M,timber,,0
M_node46node95_timber_t1,0.0,B,M,timber,,1
M_node46node95_timber_t2,0.0,B,M,timber,,2
M_node46node95_timber_t3,0.0,B,M,timber,,3
M_node46node95_timber_t4,0.0,B,M,timber,,4
M_node46node95_timber_t5,0.0,B,M,timber,,5
M_node46node95_wide_t0,0.0,B,M,wide,,0
M_node46node95_wide_t1,0.0,B,M,wide,,1
M_node46node95_wide_t2,0.0,B,M,wide,,2
M_node46node95_wide_t3,0.0,B,M,wide,,3
M_node46node95_wide_t4,0.0,B,M,wide,,4
M_node46node95_wide_t5,0.0,B,M,wide,,5
M_node46node97_timber_t0,0.0,B,M,timber,,0
M_node46node97_timber_t1,0.0,B,M,timber,,1
M_node46node97_timber_t2,0.0,B,M,timber,,2
M_node46node97_timber_t3,0.0,B,M,timber,,3
M_node46node97_timber_t4,0.0,B,M,timber,,4
M_node46node97_timber_t5,0.0,B,M,timber,,5
M_node46node97_wide_t0,0.0,B,M,wide,,0
M_node46node97_wide_t1,0.0,B,M,wide,,1
M_node46node97_wide_t2,0.0,B,M,wide,,2
M_node46node97_wide_t3,0.0,B,M,wide,,3
M_node46node97_wide_t4,0.0,B,M,wide,,4
M_node46node97_wide_t5,0.0,B,M,wide,,5
M_node47node49_timber_t0,456.0,B,M,timber,,0
M_node47node49_timber_t1,383.94,B,M,timber,,1
M_node47node49_timber_t2,272.18,B,M,timber,,2
M_node47node49_timber_t3,192.96,B,M,timber,,3
M_node47node49_timber_t4,136.79,B,M,timber,,4
M_node47node49_timber_t5,96.97,B,M,timber,,5
M_node47node49_wide_t0,456.0,B,M,wide,,0
M_node47node49_wide_t1,383.94,B,M,wide,,1
M_node47node49_wide_t2,272.18,B,M,wide,,2
M_node47node49_wide_t3,192.96,B,M,wide,,3
M_node47node49_wide_t4,136.79,B,M,wide,,4
M_node47node49_wide_t5,96.97,B,M,wide,,5
M_node47node107_timber_t0,0.0,B,M,timber,,0
M_node47node107_timber_t1,0.0,B,M,timber,,1
M_node47node107_timber_t2,0.0,B,M,timber,,2
M_node47node107_timber_t3,0.0,B,M,timber,,3
M_node47node107_timber_t4,0.0,B,M,timber,,4
M_node47node107_timber_t5,0.0,B,M,timber,,5
M_node47node107_wide_t0,0.0,B,M,wide,,0
M_node47node107_wide_t1,0.0,B,M,wide,,1
M_node47node107_wide_t2,0.0,B,M,wide,,2
M_node47node107_wide_t3,0.0,B,M,wide,,3
M_node47node107_wide_t4,0.0,B,M,wide,,4
M_node47node107_wide_t5,0.0,B,M,wide,,5
M_node47node114_timber_t0,0.0,B,M,timber,,0
M_node47node114_timber_t1,0.0,B,M,timber,,1
M_node47node114_timber_t2,0.0,B,M,timber,,2
M_node47node114_timber_t3,0.0,B,M,timber,,3
M_node47node114_timber_t4,0.0,B,M,timber,,4
M_node47node114_timber_t5,0.0,B,M,timber,,5
M_node47node114_wide_t0,0.0,B,M,wide,,0
M_node47node114_wide_t1,0.0,B,M,wide,,1
M_node47node114_wide_t2,0.0,B,M,wide,,2
M_node47node114_wide_t3,0.0,B,M,wide,,3
M_node47node114_wide_t4,0.0,B,M,wide,,4
M_node47node114_wide_t5,0.0,B,M,wide,,5
M_node48node67_timber_t0,80.0,B,M,timber,,0
M_node48node67_timber_t1,67.36,B,M,timber,,1
M_node48node67_timber_t2,47.75,B,M,timber,,2
M_node48node67_timber_t3,33.85,B,M,timber,,3
M_node48node67_timber_t4,24.0,B,M,timber,,4
M_node48node67_timber_t5,17.01,B,M,timber,,5
M_node48node67_wide_t0,80.0,B,M,wide,,0
M_node48node67_wide_t1,67.36,B,M,wide,,1
M_node48node67_wide_t2,47.75,B,M,wide,,2
M_node48node67_wide_t3,33.85,B,M,wide,,3
M_node48node67_wide_t4,24.0,B,M,wide,,4
M_node48node67_wide_t5,17.01,B,M,wide,,5
M_node48node63_timber_t0,156.0,B,M,timber,,0
M_node48node63_timber_t1,131.35,B,M,timber,,1
M_node48node63_timber_t2,93.11,B,M,timber,,2
M_node48node63_timber_t3,66.01,B,M,timber,,3
M_node48node63_timber_t4,46.8,B,M,timber,,4
M_node48node63_timber_t5,33.17,B,M,timber,,5
M_node48node63_wide_t0,156.0,B,M,wide,,0
M_node48node63_wide_t1,131.35,B,M,wide,,1
M_node48node63_wide_t2,93.11,B,M,wide,,2
M_node48node63_wide_t3,66.01,B,M,wide,,3
M_node48node63_wide_t4,46.8,B,M,wide,,4
M_node48node63_wide_t5,33.17,B,M,wide,,5
M_node48node90_timber_t0,0.0,B,M,timber,,0
M_node48node90_timber_t1,0.0,B,M,timber,,1
M_node48node90_timber_t2,0.0,B,M,timber,,2
M_node48node90_timber_t3,0.0,B,M,timber,,3
M_node48node90_timber_t4,0.0,B,M,timber,,4
M_node48node90_timber_t5,0.0,B,M,timber,,5
M_node48node90_wide_t0,0.0,B,M,wide,,0
M_node48node90_wide_t1,0.0,B,M,wide,,1
M_node48node90_wide_t2,0.0,B,M,wide,,2
M_node48node90_wide_t3,0.0,B,M,wide,,3
M_node48node90_wide_t4,0.0,B,M,wide,,4
M_node48node90_wide_t5,0.0,B,M,wide,,5
M_node48node94_timber_t0,0.0,B,M,timber,,0
M_node48node94_timber_t1,0.0,B,M,timber,,1
M_node48node94_timber_t2,0.0,B,M,timber,,2
M_node48node94_timber_t3,0.0,B,M,timber,,3
M_node48node94_timber_t4,0.0,B,M,timber,,4
M_node48node94_timber_t5,0.0,B,M,timber,,5
M_node48node94_wide_t0,0.0,B,M,wide,,0
M_node48node94_wide_t1,0.0,B,M,wide,,1
M_node48node94_wide_t2,0.0,B,M,wide,,2
M_node48node94_wide_t3,0.0,B,M,wide,,3
M_node48node94_wide_t4,0.0,B,M,wide,,4
M_node48node94_wide_t5,0.0,B,M,wide,,5
M_node49node97_timber_t0,0.0,B,M,timber,,0
M_node49node97_timber_t1,0.0,B,M,timber,,1
M_node49node97_timber_t2,0.0,B,M,timber,,2
M_node49node97_timber_t3,0.0,B,M,timber,,3
M_node49node97_timber_t4,0.0,B,M,timber,,4
M_node49node97_timber_t5,0.0,B,M,timber,,5
M_node49node97_wide_t0,0.0,B,M,wide,,0
M_node49node97_wide_t1,0.0,B,M,wide,,1
M_node49node97_wide_t2,0.0,B,M,wide,,2
M_node49node97_wide_t3,0.0,B,M,wide,,3
M_node49node97_wide_t4,0.0,B,M,wide,,4
M_node49node97_wide_t5,0.0,B,M,wide,,5
M_node49node107_timber_t0,0.0,B,M,timber,,0
M_node49node107_timber_t1,0.0,B,M,timber,,1
M_node49node107_timber_t2,0.0,B,M,timber,,2
M_node49node107_timber_t3,0.0,B,M,timber,,3
M_node49node107_timber_t4,0.0,B,M,timber,,4
M_node49node107_timber_t5,0.0,B,M,timber,,5
M_node49node107_wide_t0,0.0,B,M,wide,,0
M_node49node107_wide_t1,0.0,B,M,wide,,1
M_node49node107_wide_t2,0.0,B,M,wide,,2
M_node49node107_wide_t3,0.0,B,M,wide,,3
M_node49node107_wide_t4,0.0,B,M,wide,,4
M_node49node107_wide_t5,0.0,B,M,wide,,5
M_node49node114_timber_t0,0.0,B,M,timber,,0
M_node49node114_timber_t1,0.0,B,M,timber,,1
M_node49node114_timber_t2,0.0,B,M,timber,,2
M_node49node114_timber_t3,0.0,B,M,timber,,3
M_node49node114_timber_t4,0.0,B,M,timber,,4
M_node49node114_timber_t5,0.0,B,M,timber,,5
M_node49node114_wide_t0,0.0,B,M,wide,,0
M_node49node114_wide_t1,0.0,B,M,wide,,1
M_node49node114_wide_t2,0.0,B,M,wide,,2
M_node49node114_wide_t3,0.0,B,M,wide,,3
M_node49node114_wide_t4,0.0,B,M,wide,,4
M_node49node114_wide_t5,0.0,B,M,wide,,5
M_node50node58_timber_t0,323.0,B,M,timber,,0
M_node50node58_timber_t1,271.96,B,M,timber,,1
M_node50node58_timber_t2,192.8,B,M,timber,,2
M_node50node58_timber_t3,136.68,B,M,timber,,3
M_node50node58_timber_t4,96.89,B,M,timber,,4
M_node50node58_timber_t5,68.69,B,M,timber,,5
M_node50node58_wide_t0,323.0,B,M,wide,,0
M_node50node58_wide_t1,271.96,B,M,wide,,1
M_node50node58_wide_t2,192.8,B,M,wide,,2
M_node50node58_wide_t3,136.68,B,M,wide,,3
M_node50node58_wide_t4,96.89,B,M,wide,,4
M_node50node58_wide_t5,68.69,B,M,wide,,5
M_node50node91_timber_t0,0.0,B,M,timber,,0
M_node50node91_timber_t1,0.0,B,M,timber,,1
M_node50node91_timber_t2,0.0,B,M,timber,,2
M_node50node91_timber_t3,0.0,B,M,timber,,3
M_node50node91_timber_t4,0.0,B,M,timber,,4
M_node50node91_timber_t5,0.0,B,M,timber,,5
M_node50node91_wide_t0,0.0,B,M,wide,,0
M_node50node91_wide_t1,0.0,B,M,wide,,1
M_node50node91_wide_t2,0.0,B,M,wide,,2
M_node50node91_wide_t3,0.0,B,M,wide,,3
M_node50node91_wide_t4,0.0,B,M,wide,,4
M_node50node91_wide_t5,0.0,B,M,wide,,5
M_node50node98_timber_t0,0.0,B,M,timber,,0
M_node50node98_timber_t1,0.0,B,M,timber,,1
M_node50node98_timber_t2,0.0,B,M,timber,,2
M_node50node98_timber_t3,0.0,B,M,timber,,3
M_node50node98_timber_t4,0.0,B,M,timber,,4
M_node50node98_timber_t5,0.0,B,M,timber,,5
M_node50node98_wide_t0,0.0,B,M,wide,,0
M_node50node98_wide_t1,0.0,B,M,wide,,1
M_node50node98_wide_t2,0.0,B,M,wide,,2
M_node50node98_wide_t3,0.0,B,M,wide,,3
M_node50node98_wide_t4,0.0,B,M,wide,,4
M_node50node98_wide_t5,0.0,B,M,wide,,5
M_node50node100_timber_t0,0.0,B,M,timber,,0
M_node50node100_timber_t1,0.0,B,M,timber,,1
M_node50node100_timber_t2,0.0,B,M,timber,,2
M_node50node100_timber_t3,0.0,B,M,timber,,3
M_node50node100_timber_t4,0.0,B,M,timber,,4
M_node50node100_timber_t5,0.0,B,M,timber,,5
M_node50node100_wide_t0,0.0,B,M,wide,,0
M_node50node100_wide_t1,0.0,B,M,wide,,1
M_node50node100_wide_t2,0.0,B,M,wide,,2
M_node50node100_wide_t3,0.0,B,M,wide,,3
M_node50node100_wide_t4,0.0,B,M,wide,,4
M_node50node100_wide_t5,0.0,B,M,wide,,5
M_node51node85_timber_t0,22.0,B,M,timber,,0
M_node51node85_timber_t1,18.52,B,M,timber,,1
M_node51node85_timber_t2,13.13,B,M,timber,,2
M_node51node85_timber_t3,9.31,B,M,timber,,3
M_node51node85_timber_t4,6.6,B,M,timber,,4
M_node51node85_timber_t5,4.68,B,M,timber,,5
M_node51node85_wide_t0,22.0,B,M,wide,,0
M_node51node85_wide_t1,18.52,B,M,wide,,1
M_node51node85_wide_t2,13.13,B,M,wide,,2
M_node51node85_wide_t3,9.31,B,M,wide,,3
M_node51node85_wide_t4,6.6,B,M,wide,,4
M_node51node85_wide_t5,4.68,B,M,wide,,5
M_node51node109_timber_t0,0.0,B,M,timber,,0
M_node51node109_timber_t1,0.0,B,M,timber,,1
M_node51node109_timber_t2,0.0,B,M,timber,,2
M_node51node109_timber_t3,0.0,B,M,timber,,3
M_node51node109_timber_t4,0.0,B,M,timber,,4
M_node51node109_timber_t5,0.0,B,M,timber,,5
M_node51node109_wide_t0,0.0,B,M,wide,,0
M_node51node109_wide_t1,0.0,B,M,wide,,1
M_node51node109_wide_t2,0.0,B,M,wide,,2
M_node51node109_wide_t3,0.0,B,M,wide,,3
M_node51node109_wide_t4,0.0,B,M,wide,,4
M_node51node109_wide_t5,0.0,B,M,wide,,5
M_node51node112_timber_t0,0.0,B,M,timber,,0
M_node51node112_timber_t1,0.0,B,M,timber,,1
M_node51node112_timber_t2,0.0,B,M,timber,,2
M_node51node112_timber_t3,0.0,B,M,timber,,3
M_node51node112_timber_t4,0.0,B,M,timber,,4
M_node51node112_timber_t5,0.0,B,M,timber,,5
M_node51node112_wide_t0,0.0,B,M,wide,,0
M_node51node112_wide_t1,0.0,B,M,wide,,1
M_node51node112_wide_t2,0.0,B,M,wide,,2
M_node51node112_wide_t3,0.0,B,M,wide,,3
M_node51node112_wide_t4,0.0,B,M,wide,,4
M_node51node112_wide_t5,0.0,B,M,wide,,5
M_node51node114_timber_t0,0.0,B,M,timber,,0
M_node51node114_timber_t1,0.0,B,M,timber,,1
M_node51node114_timber_t2,0.0,B,M,timber,,2
M_node51node114_timber_t3,0.0,B,M,timber,,3
M_node51node114_timber_t4,0.0,B,M,timber,,4
M_node51node114_timber_t5,0.0,B,M,timber,,5
M_node51node114_wide_t0,0.0,B,M,wide,,0
M_node51node114_wide_t1,0.0,B,M,wide,,1
M_node51node114_wide_t2,0.0,B,M,wide,,2
M_node51node114_wide_t3,0.0,B,M,wide,,3
M_node51node114_wide_t4,0.0,B,M,wide,,4
M_node51node114_wide_t5,0.0,B,M,wide,,5
M_node52node83_timber_t0,84.0,B,M,timber,,0
M_node52node83_timber_t1,70.73,B,M,timber,,1
M_node52node83_timber_t2,50.14,B,M,timber,,2
M_node52node83_timber_t3,35.54,B,M,timber,,3
M_node52node83_timber_t4,25.2,B,M,timber,,4
M_node52node83_timber_t5,17.86,B,M,timber,,5
M_node52node83_wide_t0,84.0,B,M,wide,,0
M_node52node83_wide_t1,70.73,B,M,wide,,1
M_node52node83_wide_t2,50.14,B,M,wide,,2
M_node52node83_wide_t3,35.54,B,M,wide,,3
M_node52node83_wide_t4,25.2,B,M,wide,,4
M_node52node83_wide_t5,17.86,B,M,wide,,5
M_node52node107_timber_t0,0.0,B,M,timber,,0
M_node52node107_timber_t1,0.0,B,M,timber,,1
M_node52node107_timber_t2,0.0,B,M,timber,,2
M_node52node107_timber_t3,0.0,B,M,timber,,3
M_node52node107_timber_t4,0.0,B,M,timber,,4
M_node52node107_timber_t5,0.0,B,M,timber,,5
M_node52node107_wide_t0,0.0,B,M,wide,,0
M_node52node107_wide_t1,0.0,B,M,wide,,1
M_node52node107_wide_t2,0.0,B,M,wide,,2
M_node52node107_wide_t3,0.0,B,M,wide,,3
M_node52node107_wide_t4,0.0,B,M,wide,,4
M_node52node107_wide_t5,0.0,B,M,wide,,5
M_node53node93_timber_t0,0.0,B,M,timber,,0
M_node53node93_timber_t1,0.0,B,M,timber,,1
M_node53node93_timber_t2,0.0,B,M,timber,,2
M_node53node93_timber_t3,0.0,B,M,timber,,3
M_node53node93_timber_t4,0.0,B,M,timber,,4
M_node53node93_timber_t5,0.0,B,M,timber,,5
M_node53node93_wide_t0,0.0,B,M,wide,,0
M_node53node93_wide_t1,0.0,B,M,wide,,1
M_node53node93_wide_t2,0.0,B,M,wide,,2
M_node53node93_wide_t3,0.0,B,M,wide,,3
M_node53node93_wide_t4,0.0,B,M,wide,,4
M_node53node93_wide_t5,0.0,B,M,wide,,5
M_node54node96_timber_t0,0.0,B,M,timber,,0
M_node54node96_timber_t1,0.0,B,M,timber,,1
M_node54node96_timber_t2,0.0,B,M,timber,,2
M_node54node96_timber_t3,0.0,B,M,timber,,3
M_node54node96_timber_t4,0.0,B,M,timber,,4
M_node54node96_timber_t5,0.0,B,M,timber,,5
M_node54node96_wide_t0,0.0,B,M,wide,,0
M_node54node96_wide_t1,0.0,B,M,wide,,1
M_node54node96_wide_t2,0.0,B,M,wide,,2
M_node54node96_wide_t3,0.0,B,M,wide,,3
M_node54node96_wide_t4,0.0,B,M,wide,,4
M_node54node96_wide_t5,0.0,B,M,wide,,5
M_node54node102_timber_t0,0.0,B,M,timber,,0
M_node54node102_timber_t1,0.0,B,M,timber,,1
M_node54node102_timber_t2,0.0,B,M,timber,,2
M_node54node102_timber_t3,0.0,B,M,timber,,3
M_node54node102_timber_t4,0.0,B,M,timber,,4
M_node54node102_timber_t5,0.0,B,M,timber,,5
M_node54node102_wide_t0,0.0,B,M,wide,,0
M_node54node102_wide_t1,0.0,B,M,wide,,1
M_node54node102_wide_t2,0.0,B,M,wide,,2
M_node54node102_wide_t3,0.0,B,M,wide,,3
M_node54node102_wide_t4,0.0,B,M,wide,,4
M_node54node102_wide_t5,0.0,B,M,wide,,5
M_node55node103_timber_t0,0.0,B,M,timber,,0
M_node55node103_timber_t1,0.0,B,M,timber,,1
M_node55node103_timber_t2,0.0,B,M,timber,,2
M_node55node103_timber_t3,0.0,B,M,timber,,3
M_node55node103_timber_t4,0.0,B,M,timber,,4
M_node55node103_timber_t5,0.0,B,M,timber,,5
M_node55node103_wide_t0,0.0,B,M,wide,,0
M_node55node103_wide_t1,0.0,B,M,wide,,1
M_node55node103_wide_t2,0.0,B,M,wide,,2
M_node55node103_wide_t3,0.0,B,M,wide,,3
M_node55node103_wide_t4,0.0,B,M,wide,,4
M_node55node103_wide_t5,0.0,B,M,wide,,5
M_node55node104_timber_t0,0.0,B,M,timber,,0
M_node55node104_timber_t1,0.0,B,M,timber,,1
M_node55node104_timber_t2,0.0,B,M,timber,,2
M_node55node104_timber_t3,0.0,B,M,timber,,3
M_node55node104_timber_t4,0.0,B,M,timber,,4
M_node55node104_timber_t5,0.0,B,M,timber,,5
M_node55node104_wide_t0,0.0,B,M,wide,,0
M_node55node104_wide_t1,0.0,B,M,wide,,1
M_node55node104_wide_t2,0.0,B,M,wide,,2
M_node55node104_wide_t3,0.0,B,M,wide,,3
M_node55node104_wide_t4,0.0,B,M,wide,,4
M_node55node104_wide_t5,0.0,B,M,wide,,5
M_node55node110_timber_t0,0.0,B,M,timber,,0
M_node55node110_timber_t1,0.0,B,M,timber,,1
M_node55node110_timber_t2,0.0,B,M,timber,,2
M_node55node110_timber_t3,0.0,B,M,timber,,3
M_node55node110_timber_t4,0.0,B,M,timber,,4
M_node55node110_timber_t5,0.0,B,M,timber,,5
M_node55node110_wide_t0,0.0,B,M,wide,,0
M_node55node110_wide_t1,0.0,B,M,wide,,1
M_node55node110_wide_t2,0.0,B,M,wide,,2
M_node55node110_wide_t3,0.0,B,M,wide,,3
M_node55node110_wide_t4,0.0,B,M,wide,,4
M_node55node110_wide_t5,0.0,B,M,wide,,5
M_node56node71_timber_t0,113.0,B,M,timber,,0
M_node56node71_timber_t1,95.14,B,M,timber,,1
M_node56node71_timber_t2,67.45,B,M,timber,,2
M_node56node71_timber_t3,47.82,B,M,timber,,3
M_node56node71_timber_t4,33.9,B,M,timber,,4
M_node56node71_timber_t5,24.03,B,M,timber,,5
M_node56node71_wide_t0,113.0,B,M,wide,,0
M_node56node71_wide_t1,95.14,B,M,wide,,1
M_node56node71_wide_t2,67.45,B,M,wide,,2
M_node56node71_wide_t3,47.82,B,M,wide,,3
M_node56node71_wide_t4,33.9,B,M,wide,,4
M_node56node71_wide_t5,24.03,B,M,wide,,5
M_node56node64_timber_t0,177.0,B,M,timber,,0
M_node56node64_timber_t1,149.03,B,M,timber,,1
M_node56node64_timber_t2,105.65,B,M,timber,,2
M_node56node64_timber_t3,74.9,B,M,timber,,3
M_node56node64_timber_t4,53.1,B,M,timber,,4
M_node56node64_timber_t5,37.64,B,M,timber,,5
M_node56node64_wide_t0,177.0,B,M,wide,,0
M_node56node64_wide_t1,149.03,B,M,wide,,1
M_node56node64_wide_t2,105.65,B,M,wide,,2
M_node56node64_wide_t3,74.9,B,M,wide,,3
M_node56node64_wide_t4,53.1,B,M,wide,,4
M_node56node64_wide_t5,37.64,B,M,wide,,5
M_node56node90_timber_t0,0.0,B,M,timber,,0
M_node56node90_timber_t1,0.0,B,M,timber,,1
M_node56node90_timber_t2,0.0,B,M,timber,,2
M_node56node90_timber_t3,0.0,B,M,timber,,3
M_node56node90_timber_t4,0.0,B,M,timber,,4
M_node56node90_timber_t5,0.0,B,M,timber,,5
M_node56node90_wide_t0,0.0,B,M,wide,,0
M_node56node90_wide_t1,0.0,B,M,wide,,1
M_node56node90_wide_t2,0.0,B,M,wide,,2
M_node56node90_wide_t3,0.0,B,M,wide,,3
M_node56node90_wide_t4,0.0,B,M,wide,,4
M_node56node90_wide_t5,0.0,B,M,wide,,5
M_node56node97_timber_t0,0.0,B,M,timber,,0
M_node56node97_timber_t1,0.0,B,M,timber,,1
M_node56node97_timber_t2,0.0,B,M,timber,,2
M_node56node97_timber_t3,0.0,B,M,timber,,3
M_node56node97_timber_t4,0.0,B,M,timber,,4
M_node56node97_timber_t5,0.0,B,M,timber,,5
M_node56node97_wide_t0,0.0,B,M,wide,,0
M_node56node97_wide_t1,0.0,B,M,wide,,1
M_node56node97_wide_t2,0.0,B,M,wide,,2
M_node56node97_wide_t3,0.0,B,M,wide,,3
M_node56node97_wide_t4,0.0,B,M,wide,,4
M_node56node97_wide_t5,0.0,B,M,wide,,5
M_node57node65_timber_t0,395.0,B,M,timber,,0
M_node57node65_timber_t1,332.58,B,M,timber,,1
M_node57node65_timber_t2,235.77,B,M,timber,,2
M_node57node65_timber_t3,167.14,B,M,timber,,3
M_node57node65_timber_t4,118.49,B,M,timber,,4
M_node57node65_timber_t5,84.0,B,M,timber,,5
M_node57node65_wide_t0,395.0,B,M,wide,,0
M_node57node65_wide_t1,332.58,B,M,wide,,1
M_node57node65_wide_t2,235.77,B,M,wide,,2
M_node57node65_wide_t3,167.14,B,M,wide,,3
M_node57node65_wide_t4,118.49,B,M,wide,,4
M_node57node65_wide_t5,84.0,B,M,wide,,5
M_node57node91_timber_t0,0.0,B,M,timber,,0
M_node57node91_timber_t1,0.0,B,M,timber,,1
M_node57node91_timber_t2,0.0,B,M,timber,,2
M_node57node91_timber_t3,0.0,B,M,timber,,3
M_node57node91_timber_t4,0.0,B,M,timber,,4
M_node57node91_timber_t5,0.0,B,M,timber,,5
M_node57node91_wide_t0,0.0,B,M,wide,,0
M_node57node91_wide_t1,0.0,B,M,wide,,1
M_node57node91_wide_t2,0.0,B,M,wide,,2
M_node57node91_wide_t3,0.0,B,M,wide,,3
M_node57node91_wide_t4,0.0,B,M,wide,,4
M_node57node91_wide_t5,0.0,B,M,wide,,5
M_node58node65_timber_t0,2026.0,B,M,timber,,0
M_node58node65_timber_t1,1705.84,B,M,timber,,1
M_node58node65_timber_t2,1209.3,B,M,timber,,2
M_node58node65_timber_t3,857.3,B,M,timber,,3
M_node58node65_timber_t4,607.75,B,M,timber,,4
M_node58node65_timber_t5,430.85,B,M,timber,,5
M_node58node65_wide_t0,2026.0,B,M,wide,,0
M_node58node65_wide_t1,1705.84,B,M,wide,,1
M_node58node65_wide_t2,1209.3,B,M,wide,,2
M_node58node65_wide_t3,857.3,B,M,wide,,3
M_node58node65_wide_t4,607.75,B,M,wide,,4
M_node58node65_wide_t5,430.85,B,M,wide,,5
M_node58node73_timber_t0,163.0,B,M,timber,,0
M_node58node73_timber_t1,137.24,B,M,timber,,1
M_node58node73_timber_t2,97.29,B,M,timber,,2
M_node58node73_timber_t3,68.97,B,M,timber,,3
M_node58node73_timber_t4,48.9,B,M,timber,,4
M_node58node73_timber_t5,34.66,B,M,timber,,5
M_node58node73_wide_t0,163.0,B,M,wide,,0
M_node58node73_wide_t1,137.24,B,M,wide,,1
M_node58node73_wide_t2,97.29,B,M,wide,,2
M_node58node73_wide_t3,68.97,B,M,wide,,3
M_node58node73_wide_t4,48.9,B,M,wide,,4
M_node58node73_wide_t5,34.66,B,M,wide,,5
M_node58node91_timber_t0,0.0,B,M,timber,,0
M_node58node91_timber_t1,0.0,B,M,timber,,1
M_node58node91_timber_t2,0.0,B,M,timber,,2
M_node58node91_timber_t3,0.0,B,M,timber,,3
M_node58node91_timber_t4,0.0,B,M,timber,,4
M_node58node91_timber_t5,0.0,B,M,timber,,5
M_node58node91_wide_t0,0.0,B,M,wide,,0
M_node58node91_wide_t1,0.0,B,M,wide,,1
M_node58node91_wide_t2,0.0,B,M,wide,,2
M_node58node91_wide_t3,0.0,B,M,wide,,3
M_node58node91_wide_t4,0.0,B,M,wide,,4
M_node58node91_wide_t5,0.0,B,M,wide,,5
M_node58node98_timber_t0,0.0,B,M,timber,,0
M_node58node98_timber_t1,0.0,B,M,timber,,1
M_node58node98_timber_t2,0.0,B,M,timber,,2
M_node58node98_timber_t3,0.0,B,M,timber,,3
M_node58node98_timber_t4,0.0,B,M,timber,,4
M_node58node98_timber_t5,0.0,B,M,timber,,5
M_node58node98_wide_t0,0.0,B,M,wide,,0
M_node58node98_wide_t1,0.0,B,M,wide,,1
M_node58node98_wide_t2,0.0,B,M,wide,,2
M_node58node98_wide_t3,0.0,B,M,wide,,3
M_node58node98_wide_t4,0.0,B,M,wide,,4
M_node58node98_wide_t5,0.0,B,M,wide,,5
M_node59node100_timber_t0,0.0,B,M,timber,,0
M_node59node100_timber_t1,0.0,B,M,timber,,1
M_node59node100_timber_t2,0.0,B,M,timber,,2
M_node59node100_timber_t3,0.0,B,M,timber,,3
M_node59node100_timber_t4,0.0,B,M,timber,,4
M_node59node100_timber_t5,0.0,B,M,timber,,5
M_node59node100_wide_t0,0.0,B,M,wide,,0
M_node59node100_wide_t1,0.0,B,M,wide,,1
M_node59node100_wide_t2,0.0,B,M,wide,,2
M_node59node100_wide_t3,0.0,B,M,wide,,3
M_node59node100_wide_t4,0.0,B,M,wide,,4
M_node59node100_wide_t5,0.0,B,M,wide,,5
M_node59node101_timber_t0,0.0,B,M,timber,,0
M_node59node101_timber_t1,0.0,B,M,timber,,1
M_node59node101_timber_t2,0.0,B,M,timber,,2
M_node59node101_timber_t3,0.0,B,M,timber,,3
M_node59node101_timber_t4,0.0,B,M,timber,,4
M_node59node101_timber_t5,0.0,B,M,timber,,5
M_node59node101_wide_t0,0.0,B,M,wide,,0
M_node59node101_wide_t1,0.0,B,M,wide,,1
M_node59node101_wide_t2,0.0,B,M,wide,,2
M_node59node101_wide_t3,0.0,B,M,wide,,3
M_node59node101_wide_t4,0.0,B,M,wide,,4
M_node59node101_wide_t5,0.0,B,M,wide,,5
M_node60node84_timber_t0,33.0,B,M,timber,,0
M_node60node84_timber_t1,27.79,B,M,timber,,1
M_node60node84_timber_t2,19.7,B,M,timber,,2
M_node60node84_timber_t3,13.96,B,M,timber,,3
M_node60node84_timber_t4,9.9,B,M,timber,,4
M_node60node84_timber_t5,7.02,B,M,timber,,5
M_node60node84_wide_t0,33.0,B,M,wide,,0
M_node60node84_wide_t1,27.79,B,M,wide,,1
M_node60node84_wide_t2,19.7,B,M,wide,,2
M_node60node84_wide_t3,13.96,B,M,wide,,3
M_node60node84_wide_t4,9.9,B,M,wide,,4
M_node60node84_wide_t5,7.02,B,M,wide,,5
M_node60node86_timber_t0,222.0,B,M,timber,,0
M_node60node86_timber_t1,186.92,B,M,timber,,1
M_node60node86_timber_t2,132.51,B,M,timber,,2
M_node60node86_timber_t3,93.94,B,M,timber,,3
M_node60node86_timber_t4,66.59,B,M,timber,,4
M_node60node86_timber_t5,47.21,B,M,timber,,5
M_node60node86_wide_t0,222.0,B,M,wide,,0
M_node60node86_wide_t1,186.92,B,M,wide,,1
M_node60node86_wide_t2,132.51,B,M,wide,,2
M_node60node86_wide_t3,93.94,B,M,wide,,3
M_node60node86_wide_t4,66.59,B,M,wide,,4
M_node60node86_wide_t5,47.21,B,M,wide,,5
M_node60node109_timber_t0,0.0,B,M,timber,,0
M_node60node109_timber_t1,0.0,B,M,timber,,1
M_node60node109_timber_t2,0.0,B,M,timber,,2
M_node60node109_timber_t3,0.0,B,M,timber,,3
M_node60node109_timber_t4,0.0,B,M,timber,,4
M_node60node109_timber_t5,0.0,B,M,timber,,5
M_node60node109_wide_t0,0.0,B,M,wide,,0
M_node60node109_wide_t1,0.0,B,M,wide,,1
M_node60node109_wide_t2,0.0,B,M,wide,,2
M_node60node109_wide_t3,0.0,B,M,wide,,3
M_node60node109_wide_t4,0.0,B,M,wide,,4
M_node60node109_wide_t5,0.0,B,M,wide,,5
M_node60node111_timber_t0,0.0,B,M,timber,,0
M_node60node111_timber_t1,0.0,B,M,timber,,1
M_node60node111_timber_t2,0.0,B,M,timber,,2
M_node60node111_timber_t3,0.0,B,M,timber,,3
M_node60node111_timber_t4,0.0,B,M,timber,,4
M_node60node111_timber_t5,0.0,B,M,timber,,5
M_node60node111_wide_t0,0.0,B,M,wide,,0
M_node60node111_wide_t1,0.0,B,M,wide,,1
M_node60node111_wide_t2,0.0,B,M,wide,,2
M_node60node111_wide_t3,0.0,B,M,wide,,3
M_node60node111_wide_t4,0.0,B,M,wide,,4
M_node60node111_wide_t5,0.0,B,M,wide,,5
M_node61node75_timber_t0,127.0,B,M,timber,,0
M_node61node75_timber_t1,106.93,B,M,timber,,1
M_node61node75_timber_t2,75.81,B,M,timber,,2
M_node61node75_timber_t3,53.74,B,M,timber,,3
M_node61node75_timber_t4,38.1,B,M,timber,,4
M_node61node75_timber_t5,27.01,B,M,timber,,5
M_node61node75_wide_t0,127.0,B,M,wide,,0
M_node61node75_wide_t1,106.93,B,M,wide,,1
M_node61node75_wide_t2,75.81,B,M,wide,,2
M_node61node75_wide_t3,53.74,B,M,wide,,3
M_node61node75_wide_t4,38.1,B,M,wide,,4
M_node61node75_wide_t5,27.01,B,M,wide,,5
M_node61node77_timber_t0,802.0,B,M,timber,,0
M_node61node77_timber_t1,675.26,B,M,timber,,1
M_node61node77_timber_t2,478.71,B,M,timber,,2
M_node61node77_timber_t3,339.36,B,M,timber,,3
M_node61node77_timber_t4,240.58,B,M,timber,,4
M_node61node77_timber_t5,170.55,B,M,timber,,5
M_node61node77_wide_t0,802.0,B,M,wide,,0
M_node61node77_wide_t1,675.26,B,M,wide,,1
M_node61node77_wide_t2,478.71,B,M,wide,,2
M_node61node77_wide_t3,339.36,B,M,wide,,3
M_node61node77_wide_t4,240.58,B,M,wide,,4
M_node61node77_wide_t5,170.55,B,M,wide,,5
M_node61node99_timber_t0,0.0,B,M,timber,,0
M_node61node99_timber_t1,0.0,B,M,timber,,1
M_node61node99_timber_t2,0.0,B,M,timber,,2
M_node61node99_timber_t3,0.0,B,M,timber,,3
M_node61node99_timber_t4,0.0,B,M,timber,,4
M_node61node99_timber_t5,0.0,B,M,timber,,5
M_node61node99_wide_t0,0.0,B,M,wide,,0
M_node61node99_wide_t1,0.0,B,M,wide,,1
M_node61node99_wide_t2,0.0,B,M,wide,,2
M_node61node99_wide_t3,0.0,B,M,wide,,3
M_node61node99_wide_t4,0.0,B,M,wide,,4
M_node61node99_wide_t5,0.0,B,M,wide,,5
M_node61node100_timber_t0,0.0,B,M,timber,,0
M_node61node100_timber_t1,0.0,B,M,timber,,1
M_node61node100_timber_t2,0.0,B,M,timber,,2
M_node61node100_timber_t3,0.0,B,M,timber,,3
M_node61node100_timber_t4,0.0,B,M,timber,,4
M_node61node100_timber_t5,0.0,B,M,timber,,5
M_node61node100_wide_t0,0.0,B,M,wide,,0
M_node61node100_wide_t1,0.0,B,M,wide,,1
M_node61node100_wide_t2,0.0,B,M,wide,,2
M_node61node100_wide_t3,0.0,B,M,wide,,3
M_node61node100_wide_t4,0.0,B,M,wide,,4
M_node61node100_wide_t5,0.0,B,M,wide,,5
M_node62node64_timber_t0,484.0,B,M,timber,,0
M_node62node64_timber_t1,407.52,B,M,timber,,1
M_node62node64_timber_t2,288.9,B,M,timber,,2
M_node62node64_timber_t3,204.8,B,M,timber,,3
M_node62node64_timber_t4,145.19,B,M,timber,,4
M_node62node64_timber_t5,102.93,B,M,timber,,5
M_node62node64_wide_t0,484.0,B,M,wide,,0
M_node62node64_wide_t1,407.52,B,M,wide,,1
M_node62node64_wide_t2,288.9,B,M,wide,,2
M_node62node64_wide_t3,204.8,B,M,wide,,3
M_node62node64_wide_t4,145.19,B,M,wide,,4
M_node62node64_wide_t5,102.93,B,M,wide,,5
M_node62node63_timber_t0,2711.0,B,M,timber,,0
M_node62node63_timber_t1,2282.59,B,M,timber,,1
M_node62node63_timber_t2,1618.17,B,M,timber,,2
M_node62node63_timber_t3,1147.15,B,M,timber,,3
M_node62node63_timber_t4,813.24,B,M,timber,,4
M_node62node63_timber_t5,576.52,B,M,timber,,5
M_node62node63_wide_t0,2711.0,B,M,wide,,0
M_node62node63_wide_t1,2282.59,B,M,wide,,1
M_node62node63_wide_t2,1618.17,B,M,wide,,2
M_node62node63_wide_t3,1147.15,B,M,wide,,3
M_node62node63_wide_t4,813.24,B,M,wide,,4
M_node62node63_wide_t5,576.52,B,M,wide,,5
M_node62node90_timber_t0,0.0,B,M,timber,,0
M_node62node90_timber_t1,0.0,B,M,timber,,1
M_node62node90_timber_t2,0.0,B,M,timber,,2
M_node62node90_timber_t3,0.0,B,M,timber,,3
M_node62node90_timber_t4,0.0,B,M,timber,,4
M_node62node90_timber_t5,0.0,B,M,timber,,5
M_node62node90_wide_t0,0.0,B,M,wide,,0
M_node62node90_wide_t1,0.0,B,M,wide,,1
M_node62node90_wide_t2,0.0,B,M,wide,,2
M_node62node90_wide_t3,0.0,B,M,wide,,3
M_node62node90_wide_t4,0.0,B,M,wide,,4
M_node62node90_wide_t5,0.0,B,M,wide,,5
M_node63node90_timber_t0,0.0,B,M,timber,,0
M_node63node90_timber_t1,0.0,B,M,timber,,1
M_node63node90_timber_t2,0.0,B,M,timber,,2
M_node63node90_timber_t3,0.0,B,M,timber,,3
M_node63node90_timber_t4,0.0,B,M,timber,,4
M_node63node90_timber_t5,0.0,B,M,timber,,5
M_node63node90_wide_t0,0.0,B,M,wide,,0
M_node63node90_wide_t1,0.0,B,M,wide,,1
M_node63node90_wide_t2,0.0,B,M,wide,,2
M_node63node90_wide_t3,0.0,B,M,wide,,3
M_node63node90_wide_t4,0.0,B,M,wide,,4
M_node63node90_wide_t5,0.0,B,M,wide,,5
M_node64node90_timber_t0,0.0,B,M,timber,,0
M_node64node90_timber_t1,0.0,B,M,timber,,1
M_node64node90_timber_t2,0.0,B,M,timber,,2
M_node64node90_timber_t3,0.0,B,M,timber,,3
M_node64node90_timber_t4,0.0,B,M,timber,,4
M_node64node90_timber_t5,0.0,B,M,timber,,5
M_node64node90_wide_t0,0.0,B,M,wide,,0
M_node64node90_wide_t1,0.0,B,M,wide,,1
M_node64node90_wide_t2,0.0,B,M,wide,,2
M_node64node90_wide_t3,0.0,B,M,wide,,3
M_node64node90_wide_t4,0.0,B,M,wide,,4
M_node64node90_wide_t5,0.0,B,M,wide,,5
M_node65node91_timber_t0,0.0,B,M,timber,,0
M_node65node91_timber_t1,0.0,B,M,timber,,1
M_node65node91_timber_t2,0.0,B,M,timber,,2
M_node65node91_timber_t3,0.0,B,M,timber,,3
M_node65node91_timber_t4,0.0,B,M,timber,,4
M_node65node91_timber_t5,0.0,B,M,timber,,5
M_node65node91_wide_t0,0.0,B,M,wide,,0
M_node65node91_wide_t1,0.0,B,M,wide,,1
M_node65node91_wide_t2,0.0,B,M,wide,,2
M_node65node91_wide_t3,0.0,B,M,wide,,3
M_node65node91_wide_t4,0.0,B,M,wide,,4
M_node65node91_wide_t5,0.0,B,M,wide,,5
M_node66node69_timber_t0,129.0,B,M,timber,,0
M_node66node69_timber_t1,108.61,B,M,timber,,1
M_node66node69_timber_t2,77.0,B,M,timber,,2
M_node66node69_timber_t3,54.59,B,M,timber,,3
M_node66node69_timber_t4,38.7,B,M,timber,,4
M_node66node69_timber_t5,27.43,B,M,timber,,5
M_node66node69_wide_t0,129.0,B,M,wide,,0
M_node66node69_wide_t1,108.61,B,M,wide,,1
M_node66node69_wide_t2,77.0,B,M,wide,,2
M_node66node69_wide_t3,54.59,B,M,wide,,3
M_node66node69_wide_t4,38.7,B,M,wide,,4
M_node66node69_wide_t5,27.43,B,M,wide,,5
M_node66node68_timber_t0,154.0,B,M,timber,,0
M_node66node68_timber_t1,129.66,B,M,timber,,1
M_node66node68_timber_t2,91.92,B,M,timber,,2
M_node66node68_timber_t3,65.16,B,M,timber,,3
M_node66node68_timber_t4,46.2,B,M,timber,,4
M_node66node68_timber_t5,32.75,B,M,timber,,5
M_node66node68_wide_t0,154.0,B,M,wide,,0
M_node66node68_wide_t1,129.66,B,M,wide,,1
M_node66node68_wide_t2,91.92,B,M,wide,,2
M_node66node68_wide_t3,65.16,B,M,wide,,3
M_node66node68_wide_t4,46.2,B,M,wide,,4
M_node66node68_wide_t5,32.75,B,M,wide,,5
M_node66node94_timber_t0,0.0,B,M,timber,,0
M_node66node94_timber_t1,0.0,B,M,timber,,1
M_node66node94_timber_t2,0.0,B,M,timber,,2
M_node66node94_timber_t3,0.0,B,M,timber,,3
M_node66node94_timber_t4,0.0,B,M,timber,,4
M_node66node94_timber_t5,0.0,B,M,timber,,5
M_node66node94_wide_t0,0.0,B,M,wide,,0
M_node66node94_wide_t1,0.0,B,M,wide,,1
M_node66node94_wide_t2,0.0,B,M,wide,,2
M_node66node94_wide_t3,0.0,B,M,wide,,3
M_node66node94_wide_t4,0.0,B,M,wide,,4
M_node66node94_wide_t5,0.0,B,M,wide,,5
M_node67node68_timber_t0,154.0,B,M,timber,,0
M_node67node68_timber_t1,129.66,B,M,timber,,1
M_node67node68_timber_t2,91.92,B,M,timber,,2
M_node67node68_timber_t3,65.16,B,M,timber,,3
M_node67node68_timber_t4,46.2,B,M,timber,,4
M_node67node68_timber_t5,32.75,B,M,timber,,5
M_node67node68_wide_t0,154.0,B,M,wide,,0
M_node67node68_wide_t1,129.66,B,M,wide,,1
M_node67node68_wide_t2,91.92,B,M,wide,,2
M_node67node68_wide_t3,65.16,B,M,wide,,3
M_node67node68_wide_t4,46.2,B,M,wide,,4
M_node67node68_wide_t5,32.75,B,M,wide,,5
M_node67node94_timber_t0,0.0,B,M,timber,,0
M_node67node94_timber_t1,0.0,B,M,timber,,1
M_node67node94_timber_t2,0.0,B,M,timber,,2
M_node67node94_timber_t3,0.0,B,M,timber,,3
M_node67node94_timber_t4,0.0,B,M,timber,,4
M_node67node94_timber_t5,0.0,B,M,timber,,5
M_node67node94_wide_t0,0.0,B,M,wide,,0
M_node67node94_wide_t1,0.0,B,M,wide,,1
M_node67node94_wide_t2,0.0,B,M,wide,,2
M_node67node94_wide_t3,0.0,B,M,wide,,3
M_node67node94_wide_t4,0.0,B,M,wide,,4
M_node67node94_wide_t5,0.0,B,M,wide,,5
M_node68node94_timber_t0,0.0,B,M,timber,,0
M_node68node94_timber_t1,0.0,B,M,timber,,1
M_node68node94_timber_t2,0.0,B,M,timber,,2
M_node68node94_timber_t3,0.0,B,M,timber,,3
M_node68node94_timber_t4,0.0,B,M,timber,,4
M_node68node94_timber_t5,0.0,B,M,timber,,5
M_node68node94_wide_t0,0.0,B,M,wide,,0
M_node68node94_wide_t1,0.0,B,M,wide,,1
M_node68node94_wide_t2,0.0,B,M,wide,,2
M_node68node94_wide_t3,0.0,B,M,wide,,3
M_node68node94_wide_t4,0.0,B,M,wide,,4
M_node68node94_wide_t5,0.0,B,M,wide,,5
M_node69node70_timber_t0,494.0,B,M,timber,,0
M_node69node70_timber_t1,415.93,B,M,timber,,1
M_node69node70_timber_t2,294.86,B,M,timber,,2
M_node69node70_timber_t3,209.03,B,M,timber,,3
M_node69node70_timber_t4,148.19,B,M,timber,,4
M_node69node70_timber_t5,105.05,B,M,timber,,5
M_node69node70_wide_t0,494.0,B,M,wide,,0
M_node69node70_wide_t1,415.93,B,M,wide,,1
M_node69node70_wide_t2,294.86,B,M,wide,,2
M_node69node70_wide_t3,209.03,B,M,wide,,3
M_node69node70_wide_t4,148.19,B,M,wide,,4
M_node69node70_wide_t5,105.05,B,M,wide,,5
M_node69node94_timber_t0,0.0,B,M,timber,,0
M_node69node94_timber_t1,0.0,B,M,timber,,1
M_node69node94_timber_t2,0.0,B,M,timber,,2
M_node69node94_timber_t3,0.0,B,M,timber,,3
M_node69node94_timber_t4,0.0,B,M,timber,,4
M_node69node94_timber_t5,0.0,B,M,timber,,5
M_node69node94_wide_t0,0.0,B,M,wide,,0
M_node69node94_wide_t1,0.0,B,M,wide,,1
M_node69node94_wide_t2,0.0,B,M,wide,,2
M_node69node94_wide_t3,0.0,B,M,wide,,3
M_node69node94_wide_t4,0.0,B,M,wide,,4
M_node69node94_wide_t5,0.0,B,M,wide,,5
M_node70node94_timber_t0,0.0,B,M,timber,,0
M_node70node94_timber_t1,0.0,B,M,timber,,1
M_node70node94_timber_t2,0.0,B,M,timber,,2
M_node70node94_timber_t3,0.0,B,M,timber,,3
M_node70node94_timber_t4,0.0,B,M,timber,,4
M_node70node94_timber_t5,0.0,B,M,timber,,5
M_node70node94_wide_t0,0.0,B,M,wide,,0
M_node70node94_wide_t1,0.0,B,M,wide,,1
M_node70node94_wide_t2,0.0,B,M,wide,,2
M_node70node94_wide_t3,0.0,B,M,wide,,3
M_node70node94_wide_t4,0.0,B,M,wide,,4
M_node70node94_wide_t5,0.0,B,M,wide,,5
M_node71node72_timber_t0,134.0,B,M,timber,,0
M_node71node72_timber_t1,112.82,B,M,timber,,1
M_node71node72_timber_t2,79.98,B,M,timber,,2
M_node71node72_timber_t3,56.7,B,M,timber,,3
M_node71node72_timber_t4,40.2,B,M,timber,,4
M_node71node72_timber_t5,28.5,B,M,timber,,5
M_node71node72_wide_t0,134.0,B,M,wide,,0
M_node71node72_wide_t1,112.82,B,M,wide,,1
M_node71node72_wide_t2,79.98,B,M,wide,,2
M_node71node72_wide_t3,56.7,B,M,wide,,3
M_node71node72_wide_t4,40.2,B,M,wide,,4
M_node71node72_wide_t5,28.5,B,M,wide,,5
M_node71node97_timber_t0,0.0,B,M,timber,,0
M_node71node97_timber_t1,0.0,B,M,timber,,1
M_node71node97_timber_t2,0.0,B,M,timber,,2
M_node71node97_timber_t3,0.0,B,M,timber,,3
M_node71node97_timber_t4,0.0,B,M,timber,,4
M_node71node97_timber_t5,0.0,B,M,timber,,5
M_node71node97_wide_t0,0.0,B,M,wide,,0
M_node71node97_wide_t1,0.0,B,M,wide,,1
M_node71node97_wide_t2,0.0,B,M,wide,,2
M_node71node97_wide_t3,0.0,B,M,wide,,3
M_node71node97_wide_t4,0.0,B,M,wide,,4
M_node71node97_wide_t5,0.0,B,M,wide,,5
M_node72node97_timber_t0,0.0,B,M,timber,,0
M_node72node97_timber_t1,0.0,B,M,timber,,1
M_node72node97_timber_t2,0.0,B,M,timber,,2
M_node72node97_timber_t3,0.0,B,M,timber,,3
M_node72node97_timber_t4,0.0,B,M,timber,,4
M_node72node97_timber_t5,0.0,B,M,timber,,5
M_node72node97_wide_t0,0.0,B,M,wide,,0
M_node72node97_wide_t1,0.0,B,M,wide,,1
M_node72node97_wide_t2,0.0,B,M,wide,,2
M_node72node97_wide_t3,0.0,B,M,wide,,3
M_node72node97_wide_t4,0.0,B,M,wide,,4
M_node72node97_wide_t5,0.0,B,M,wide,,5
M_node73node74_timber_t0,582.0,B,M,timber,,0
M_node73node74_timber_t1,490.03,B,M,timber,,1
M_node73node74_timber_t2,347.39,B,M,timber,,2
M_node73node74_timber_t3,246.27,B,M,timber,,3
M_node73node74_timber_t4,174.59,B,M,timber,,4
M_node73node74_timber_t5,123.77,B,M,timber,,5
M_node73node74_wide_t0,582.0,B,M,wide,,0
M_node73node74_wide_t1,490.03,B,M,wide,,1
M_node73node74_wide_t2,347.39,B,M,wide,,2
M_node73node74_wide_t3,246.27,B,M,wide,,3
M_node73node74_wide_t4,174.59,B,M,wide,,4
M_node73node74_wide_t5,123.77,B,M,wide,,5
M_node73node98_timber_t0,0.0,B,M,timber,,0
M_node73node98_timber_t1,0.0,B,M,timber,,1
M_node73node98_timber_t2,0.0,B,M,timber,,2
M_node73node98_timber_t3,0.0,B,M,timber,,3
M_node73node98_timber_t4,0.0,B,M,timber,,4
M_node73node98_timber_t5,0.0,B,M,timber,,5
M_node73node98_wide_t0,0.0,B,M,wide,,0
M_node73node98_wide_t1,0.0,B,M,wide,,1
M_node73node98_wide_t2,0.0,B,M,wide,,2
M_node73node98_wide_t3,0.0,B,M,wide,,3
M_node73node98_wide_t4,0.0,B,M,wide,,4
M_node73node98_wide_t5,0.0,B,M,wide,,5
M_node74node98_timber_t0,0.0,B,M,timber,,0
M_node74node98_timber_t1,0.0,B,M,timber,,1
M_node74node98_timber_t2,0.0,B,M,timber,,2
M_node74node98_timber_t3,0.0,B,M,timber,,3
M_node74node98_timber_t4,0.0,B,M,timber,,4
M_node74node98_timber_t5,0.0,B,M,timber,,5
M_node74node98_wide_t0,0.0,B,M,wide,,0
M_node74node98_wide_t1,0.0,B,M,wide,,1
M_node74node98_wide_t2,0.0,B,M,wide,,2
M_node74node98_wide_t3,0.0,B,M,wide,,3
M_node74node98_wide_t4,0.0,B,M,wide,,4
M_node74node98_wide_t5,0.0,B,M,wide,,5
M_node75node99_timber_t0,0.0,B,M,timber,,0
M_node75node99_timber_t1,0.0,B,M,timber,,1
M_node75node99_timber_t2,0.0,B,M,timber,,2
M_node75node99_timber_t3,0.0,B,M,timber,,3
M_node75node99_timber_t4,0.0,B,M,timber,,4
M_node75node99_timber_t5,0.0,B,M,timber,,5
M_node75node99_wide_t0,0.0,B,M,wide,,0
M_node75node99_wide_t1,0.0,B,M,wide,,1
M_node75node99_wide_t2,0.0,B,M,wide,,2
M_node75node99_wide_t3,0.0,B,M,wide,,3
M_node75node99_wide_t4,0.0,B,M,wide,,4
M_node75node99_wide_t5,0.0,B,M,wide,,5
M_node75node100_timber_t0,0.0,B,M,timber,,0
M_node75node100_timber_t1,0.0,B,M,timber,,1
M_node75node100_timber_t2,0.0,B,M,timber,,2
M_node75node100_timber_t3,0.0,B,M,timber,,3
M_node75node100_timber_t4,0.0,B,M,timber,,4
M_node75node100_timber_t5,0.0,B,M,timber,,5
M_node75node100_wide_t0,0.0,B,M,wide,,0
M_node75node100_wide_t1,0.0,B,M,wide,,1
M_node75node100_wide_t2,0.0,B,M,wide,,2
M_node75node100_wide_t3,0.0,B,M,wide,,3
M_node75node100_wide_t4,0.0,B,M,wide,,4
M_node75node100_wide_t5,0.0,B,M,wide,,5
M_node76node77_timber_t0,205.0,B,M,timber,,0
M_node76node77_timber_t1,172.6,B,M,timber,,1
M_node76node77_timber_t2,122.36,B,M,timber,,2
M_node76node77_timber_t3,86.75,B,M,timber,,3
M_node76node77_timber_t4,61.5,B,M,timber,,4
M_node76node77_timber_t5,43.6,B,M,timber,,5
M_node76node77_wide_t0,205.0,B,M,wide,,0
M_node76node77_wide_t1,172.6,B,M,wide,,1
M_node76node77_wide_t2,122.36,B,M,wide,,2
M_node76node77_wide_t3,86.75,B,M,wide,,3
M_node76node77_wide_t4,61.5,B,M,wide,,4
M_node76node77_wide_t5,43.6,B,M,wide,,5
M_node76node99_timber_t0,0.0,B,M,timber,,0
M_node76node99_timber_t1,0.0,B,M,timber,,1
M_node76node99_timber_t2,0.0,B,M,timber,,2
M_node76node99_timber_t3,0.0,B,M,timber,,3
M_node76node99_timber_t4,0.0,B,M,timber,,4
M_node76node99_timber_t5,0.0,B,M,timber,,5
M_node76node99_wide_t0,0.0,B,M,wide,,0
M_node76node99_wide_t1,0.0,B,M,wide,,1
M_node76node99_wide_t2,0.0,B,M,wide,,2
M_node76node99_wide_t3,0.0,B,M,wide,,3
M_node76node99_wide_t4,0.0,B,M,wide,,4
M_node76node99_wide_t5,0.0,B,M,wide,,5
M_node76node100_timber_t0,0.0,B,M,timber,,0
M_node76node100_timber_t1,0.0,B,M,timber,,1
M_node76node100_timber_t2,0.0,B,M,timber,,2
M_node76node100_timber_t3,0.0,B,M,timber,,3
M_node76node100_timber_t4,0.0,B,M,timber,,4
M_node76node100_timber_t5,0.0,B,M,timber,,5
M_node76node100_wide_t0,0.0,B,M,wide,,0
M_node76node100_wide_t1,0.0,B,M,wide,,1
M_node76node100_wide_t2,0.0,B,M,wide,,2
M_node76node100_wide_t3,0.0,B,M,wide,,3
M_node76node100_wide_t4,0.0,B,M,wide,,4
M_node76node100_wide_t5,0.0,B,M,wide,,5
M_node77node99_timber_t0,0.0,B,M,timber,,0
M_node77node99_timber_t1,0.0,B,M,timber,,1
M_node77node99_timber_t2,0.0,B,M,timber,,2
M_node77node99_timber_t3,0.0,B,M,timber,,3
M_node77node99_timber_t4,0.0,B,M,timber,,4
M_node77node99_timber_t5,0.0,B,M,timber,,5
M_node77node99_wide_t0,0.0,B,M,wide,,0
M_node77node99_wide_t1,0.0,B,M,wide,,1
M_node77node99_wide_t2,0.0,B,M,wide,,2
M_node77node99_wide_t3,0.0,B,M,wide,,3
M_node77node99_wide_t4,0.0,B,M,wide,,4
M_node77node99_wide_t5,0.0,B,M,wide,,5
M_node77node100_timber_t0,0.0,B,M,timber,,0
M_node77node100_timber_t1,0.0,B,M,timber,,1
M_node77node100_timber_t2,0.0,B,M,timber,,2
M_node77node100_timber_t3,0.0,B,M,timber,,3
M_node77node100_timber_t4,0.0,B,M,timber,,4
M_node77node100_timber_t5,0.0,B,M,timber,,5
M_node77node100_wide_t0,0.0,B,M,wide,,0
M_node77node100_wide_t1,0.0,B,M,wide,,1
M_node77node100_wide_t2,0.0,B,M,wide,,2
M_node77node100_wide_t3,0.0,B,M,wide,,3
M_node77node100_wide_t4,0.0,B,M,wide,,4
M_node77node100_wide_t5,0.0,B,M,wide,,5
M_node78node80_timber_t0,53.0,B,M,timber,,0
M_node78node80_timber_t1,44.62,B,M,timber,,1
M_node78node80_timber_t2,31.64,B,M,timber,,2
M_node78node80_timber_t3,22.43,B,M,timber,,3
M_node78node80_timber_t4,15.9,B,M,timber,,4
M_node78node80_timber_t5,11.27,B,M,timber,,5
M_node78node80_wide_t0,53.0,B,M,wide,,0
M_node78node80_wide_t1,44.62,B,M,wide,,1
M_node78node80_wide_t2,31.64,B,M,wide,,2
M_node78node80_wide_t3,22.43,B,M,wide,,3
M_node78node80_wide_t4,15.9,B,M,wide,,4
M_node78node80_wide_t5,11.27,B,M,wide,,5
M_node78node100_timber_t0,0.0,B,M,timber,,0
M_node78node100_timber_t1,0.0,B,M,timber,,1
M_node78node100_timber_t2,0.0,B,M,timber,,2
M_node78node100_timber_t3,0.0,B,M,timber,,3
M_node78node100_timber_t4,0.0,B,M,timber,,4
M_node78node100_timber_t5,0.0,B,M,timber,,5
M_node78node100_wide_t0,0.0,B,M,wide,,0
M_node78node100_wide_t1,0.0,B,M,wide,,1
M_node78node100_wide_t2,0.0,B,M,wide,,2
M_node78node100_wide_t3,0.0,B,M,wide,,3
M_node78node100_wide_t4,0.0,B,M,wide,,4
M_node78node100_wide_t5,0.0,B,M,wide,,5
M_node79node100_timber_t0,0.0,B,M,timber,,0
M_node79node100_timber_t1,0.0,B,M,timber,,1
M_node79node100_timber_t2,0.0,B,M,timber,,2
M_node79node100_timber_t3,0.0,B,M,timber,,3
M_node79node100_timber_t4,0.0,B,M,timber,,4
M_node79node100_timber_t5,0.0,B,M,timber,,5
M_node79node100_wide_t0,0.0,B,M,wide,,0
M_node79node100_wide_t1,0.0,B,M,wide,,1
M_node79node100_wide_t2,0.0,B,M,wide,,2
M_node79node100_wide_t3,0.0,B,M,wide,,3
M_node79node100_wide_t4,0.0,B,M,wide,,4
M_node79node100_wide_t5,0.0,B,M,wide,,5
M_node80node100_timber_t0,0.0,B,M,timber,,0
M_node80node100_timber_t1,0.0,B,M,timber,,1
M_node80node100_timber_t2,0.0,B,M,timber,,2
M_node80node100_timber_t3,0.0,B,M,timber,,3
M_node80node100_timber_t4,0.0,B,M,timber,,4
M_node80node100_timber_t5,0.0,B,M,timber,,5
M_node80node100_wide_t0,0.0,B,M,wide,,0
M_node80node100_wide_t1,0.0,B,M,wide,,1
M_node80node100_wide_t2,0.0,B,M,wide,,2
M_node80node100_wide_t3,0.0,B,M,wide,,3
M_node80node100_wide_t4,0.0,B,M,wide,,4
M_node80node100_wide_t5,0.0,B,M,wide,,5
M_node81node82_timber_t0,387.0,B,M,timber,,0
M_node81node82_timber_t1,325.84,B,M,timber,,1
M_node81node82_timber_t2,231.0,B,M,timber,,2
M_node81node82_timber_t3,163.76,B,M,timber,,3
M_node81node82_timber_t4,116.09,B,M,timber,,4
M_node81node82_timber_t5,82.3,B,M,timber,,5
M_node81node82_wide_t0,387.0,B,M,wide,,0
M_node81node82_wide_t1,325.84,B,M,wide,,1
M_node81node82_wide_t2,231.0,B,M,wide,,2
M_node81node82_wide_t3,163.76,B,M,wide,,3
M_node81node82_wide_t4,116.09,B,M,wide,,4
M_node81node82_wide_t5,82.3,B,M,wide,,5
M_node81node100_timber_t0,0.0,B,M,timber,,0
M_node81node100_timber_t1,0.0,B,M,timber,,1
M_node81node100_timber_t2,0.0,B,M,timber,,2
M_node81node100_timber_t3,0.0,B,M,timber,,3
M_node81node100_timber_t4,0.0,B,M,timber,,4
M_node81node100_timber_t5,0.0,B,M,timber,,5
M_node81node100_wide_t0,0.0,B,M,wide,,0
M_node81node100_wide_t1,0.0,B,M,wide,,1
M_node81node100_wide_t2,0.0,B,M,wide,,2
M_node81node100_wide_t3,0.0,B,M,wide,,3
M_node81node100_wide_t4,0.0,B,M,wide,,4
M_node81node100_wide_t5,0.0,B,M,wide,,5
M_node82node100_timber_t0,0.0,B,M,timber,,0
M_node82node100_timber_t1,0.0,B,M,timber,,1
M_node82node100_timber_t2,0.0,B,M,timber,,2
M_node82node100_timber_t3,0.0,B,M,timber,,3
M_node82node100_timber_t4,0.0,B,M,timber,,4
M_node82node100_timber_t5,0.0,B,M,timber,,5
M_node82node100_wide_t0,0.0,B,M,wide,,0
M_node82node100_wide_t1,0.0,B,M,wide,,1
M_node82node100_wide_t2,0.0,B,M,wide,,2
M_node82node100_wide_t3,0.0,B,M,wide,,3
M_node82node100_wide_t4,0.0,B,M,wide,,4
M_node82node100_wide_t5,0.0,B,M,wide,,5
M_node83node107_timber_t0,0.0,B,M,timber,,0
M_node83node107_timber_t1,0.0,B,M,timber,,1
M_node83node107_timber_t2,0.0,B,M,timber,,2
M_node83node107_timber_t3,0.0,B,M,timber,,3
M_node83node107_timber_t4,0.0,B,M,timber,,4
M_node83node107_timber_t5,0.0,B,M,timber,,5
M_node83node107_wide_t0,0.0,B,M,wide,,0
M_node83node107_wide_t1,0.0,B,M,wide,,1
M_node83node107_wide_t2,0.0,B,M,wide,,2
M_node83node107_wide_t3,0.0,B,M,wide,,3
M_node83node107_wide_t4,0.0,B,M,wide,,4
M_node83node107_wide_t5,0.0,B,M,wide,,5
M_node84node109_timber_t0,0.0,B,M,timber,,0
M_node84node109_timber_t1,0.0,B,M,timber,,1
M_node84node109_timber_t2,0.0,B,M,timber,,2
M_node84node109_timber_t3,0.0,B,M,timber,,3
M_node84node109_timber_t4,0.0,B,M,timber,,4
M_node84node109_timber_t5,0.0,B,M,timber,,5
M_node84node109_wide_t0,0.0,B,M,wide,,0
M_node84node109_wide_t1,0.0,B,M,wide,,1
M_node84node109_wide_t2,0.0,B,M,wide,,2
M_node84node109_wide_t3,0.0,B,M,wide,,3
M_node84node109_wide_t4,0.0,B,M,wide,,4
M_node84node109_wide_t5,0.0,B,M,wide,,5
M_node84node111_timber_t0,0.0,B,M,timber,,0
M_node84node111_timber_t1,0.0,B,M,timber,,1
M_node84node111_timber_t2,0.0,B,M,timber,,2
M_node84node111_timber_t3,0.0,B,M,timber,,3
M_node84node111_timber_t4,0.0,B,M,timber,,4
M_node84node111_timber_t5,0.0,B,M,timber,,5
M_node84node111_wide_t0,0.0,B,M,wide,,0
M_node84node111_wide_t1,0.0,B,M,wide,,1
M_node84node111_wide_t2,0.0,B,M,wide,,2
M_node84node111_wide_t3,0.0,B,M,wide,,3
M_node84node111_wide_t4,0.0,B,M,wide,,4
M_node84node111_wide_t5,0.0,B,M,wide,,5
M_node85node109_timber_t0,0.0,B,M,timber,,0
M_node85node109_timber_t1,0.0,B,M,timber,,1
M_node85node109_timber_t2,0.0,B,M,timber,,2
M_node85node109_timber_t3,0.0,B,M,timber,,3
M_node85node109_timber_t4,0.0,B,M,timber,,4
M_node85node109_timber_t5,0.0,B,M,timber,,5
M_node85node109_wide_t0,0.0,B,M,wide,,0
M_node85node109_wide_t1,0.0,B,M,wide,,1
M_node85node109_wide_t2,0.0,B,M,wide,,2
M_node85node109_wide_t3,0.0,B,M,wide,,3
M_node85node109_wide_t4,0.0,B,M,wide,,4
M_node85node109_wide_t5,0.0,B,M,wide,,5
M_node85node112_timber_t0,0.0,B,M,timber,,0
M_node85node112_timber_t1,0.0,B,M,timber,,1
M_node85node112_timber_t2,0.0,B,M,timber,,2
M_node85node112_timber_t3,0.0,B,M,timber,,3
M_node85node112_timber_t4,0.0,B,M,timber,,4
M_node85node112_timber_t5,0.0,B,M,timber,,5
M_node85node112_wide_t0,0.0,B,M,wide,,0
M_node85node112_wide_t1,0.0,B,M,wide,,1
M_node85node112_wide_t2,0.0,B,M,wide,,2
M_node85node112_wide_t3,0.0,B,M,wide,,3
M_node85node112_wide_t4,0.0,B,M,wide,,4
M_node85node112_wide_t5,0.0,B,M,wide,,5
M_node86node87_timber_t0,477.0,B,M,timber,,0
M_node86node87_timber_t1,401.62,B,M,timber,,1
M_node86node87_timber_t2,284.72,B,M,timber,,2
M_node86node87_timber_t3,201.84,B,M,timber,,3
M_node86node87_timber_t4,143.09,B,M,timber,,4
M_node86node87_timber_t5,101.44,B,M,timber,,5
M_node86node87_wide_t0,477.0,B,M,wide,,0
M_node86node87_wide_t1,401.62,B,M,wide,,1
M_node86node87_wide_t2,284.72,B,M,wide,,2
M_node86node87_wide_t3,201.84,B,M,wide,,3
M_node86node87_wide_t4,143.09,B,M,wide,,4
M_node86node87_wide_t5,101.44,B,M,wide,,5
M_node86node109_timber_t0,0.0,B,M,timber,,0
M_node86node109_timber_t1,0.0,B,M,timber,,1
M_node86node109_timber_t2,0.0,B,M,timber,,2
M_node86node109_timber_t3,0.0,B,M,timber,,3
M_node86node109_timber_t4,0.0,B,M,timber,,4
M_node86node109_timber_t5,0.0,B,M,timber,,5
M_node86node109_wide_t0,0.0,B,M,wide,,0
M_node86node109_wide_t1,0.0,B,M,wide,,1
M_node86node109_wide_t2,0.0,B,M,wide,,2
M_node86node109_wide_t3,0.0,B,M,wide,,3
M_node86node109_wide_t4,0.0,B,M,wide,,4
M_node86node109_wide_t5,0.0,B,M,wide,,5
M_node86node111_timber_t0,0.0,B,M,timber,,0
M_node86node111_timber_t1,0.0,B,M,timber,,1
M_node86node111_timber_t2,0.0,B,M,timber,,2
M_node86node111_timber_t3,0.0,B,M,timber,,3
M_node86node111_timber_t4,0.0,B,M,timber,,4
M_node86node111_timber_t5,0.0,B,M,timber,,5
M_node86node111_wide_t0,0.0,B,M,wide,,0
M_node86node111_wide_t1,0.0,B,M,wide,,1
M_node86node111_wide_t2,0.0,B,M,wide,,2
M_node86node111_wide_t3,0.0,B,M,wide,,3
M_node86node111_wide_t4,0.0,B,M,wide,,4
M_node86node111_wide_t5,0.0,B,M,wide,,5
M_node87node109_timber_t0,0.0,B,M,timber,,0
M_node87node109_timber_t1,0.0,B,M,timber,,1
M_node87node109_timber_t2,0.0,B,M,timber,,2
M_node87node109_timber_t3,0.0,B,M,timber,,3
M_node87node109_timber_t4,0.0,B,M,timber,,4
M_node87node109_timber_t5,0.0,B,M,timber,,5
M_node87node109_wide_t0,0.0,B,M,wide,,0
M_node87node109_wide_t1,0.0,B,M,wide,,1
M_node87node109_wide_t2,0.0,B,M,wide,,2
M_node87node109_wide_t3,0.0,B,M,wide,,3
M_node87node109_wide_t4,0.0,B,M,wide,,4
M_node87node109_wide_t5,0.0,B,M,wide,,5
M_node87node111_timber_t0,0.0,B,M,timber,,0
M_node87node111_timber_t1,0.0,B,M,timber,,1
M_node87node111_timber_t2,0.0,B,M,timber,,2
M_node87node111_timber_t3,0.0,B,M,timber,,3
M_node87node111_timber_t4,0.0,B,M,timber,,4
M_node87node111_timber_t5,0.0,B,M,timber,,5
M_node87node111_wide_t0,0.0,B,M,wide,,0
M_node87node111_wide_t1,0.0,B,M,wide,,1
M_node87node111_wide_t2,0.0,B,M,wide,,2
M_node87node111_wide_t3,0.0,B,M,wide,,3
M_node87node111_wide_t4,0.0,B,M,wide,,4
M_node87node111_wide_t5,0.0,B,M,wide,,5
M_node88node89_timber_t0,138.0,B,M,timber,,0
M_node88node89_timber_t1,116.19,B,M,timber,,1
M_node88node89_timber_t2,82.37,B,M,timber,,2
M_node88node89_timber_t3,58.39,B,M,timber,,3
M_node88node89_timber_t4,41.4,B,M,timber,,4
M_node88node89_timber_t5,29.35,B,M,timber,,5
M_node88node89_wide_t0,138.0,B,M,wide,,0
M_node88node89_wide_t1,116.19,B,M,wide,,1
M_node88node89_wide_t2,82.37,B,M,wide,,2
M_node88node89_wide_t3,58.39,B,M,wide,,3
M_node88node89_wide_t4,41.4,B,M,wide,,4
M_node88node89_wide_t5,29.35,B,M,wide,,5
M_node88node112_timber_t0,0.0,B,M,timber,,0
M_node88node112_timber_t1,0.0,B,M,timber,,1
M_node88node112_timber_t2,0.0,B,M,timber,,2
M_node88node112_timber_t3,0.0,B,M,timber,,3
M_node88node112_timber_t4,0.0,B,M,timber,,4
M_node88node112_timber_t5,0.0,B,M,timber,,5
M_node88node112_wide_t0,0.0,B,M,wide,,0
M_node88node112_wide_t1,0.0,B,M,wide,,1
M_node88node112_wide_t2,0.0,B,M,wide,,2
M_node88node112_wide_t3,0.0,B,M,wide,,3
M_node88node112_wide_t4,0.0,B,M,wide,,4
M_node88node112_wide_t5,0.0,B,M,wide,,5
M_node89node112_timber_t0,0.0,B,M,timber,,0
M_node89node112_timber_t1,0.0,B,M,timber,,1
M_node89node112_timber_t2,0.0,B,M,timber,,2
M_node89node112_timber_t3,0.0,B,M,timber,,3
M_node89node112_timber_t4,0.0,B,M,timber,,4
M_node89node112_timber_t5,0.0,B,M,timber,,5
M_node89node112_wide_t0,0.0,B,M,wide,,0
M_node89node112_wide_t1,0.0,B,M,wide,,1
M_node89node112_wide_t2,0.0,B,M,wide,,2
M_node89node112_wide_t3,0.0,B,M,wide,,3
M_node89node112_wide_t4,0.0,B,M,wide,,4
M_node89node112_wide_t5,0.0,B,M,wide,,5
U_node1node42_t0,1381.0,B,U,,node1node42,0
U_node1node42_t1,1162.76,B,U,,node1node42,1
U_node1node42_t2,824.31,B,U,,node1node42,2
U_node1node42_t3,584.37,B,U,,node1node42,3
U_node1node42_t4,414.27,B,U,,node1node42,4
U_node1node42_t5,293.68,B,U,,node1node42,5
U_node1node4_t0,1042.0,B,U,,node1node4,0
U_node1node4_t1,877.34,B,U,,node1node4,1
U_node1node4_t2,621.96,B,U,,node1node4,2
U_node1node4_t3,440.92,B,U,,node1node4,3
U_node1node4_t4,312.58,B,U,,node1node4,4
U_node1node4_t5,221.59,B,U,,node1node4,5
U_node1node39_t0,1032.0,B,U,,node1node39,0
U_node1node39_t1,868.92,B,U,,node1node39,1
U_node1node39_t2,615.99,B,U,,node1node39,2
U_node1node39_t3,436.69,B,U,,node1node39,3
U_node1node39_t4,309.58,B,U,,node1node39,4
U_node1node39_t5,219.46,B,U,,node1node39,5
U_node1node92_t0,0.0,B,U,,node1node92,0
U_node1node92_t1,0.0,B,U,,node1node92,1
U_node1node92_t2,0.0,B,U,,node1node92,2
U_node1node92_t3,0.0,B,U,,node1node92,3
U_node1node92_t4,0.0,B,U,,node1node92,4
U_node1node92_t5,0.0,B,U,,node1node92,5
U_node1node93_t0,0.0,B,U,,node1node93,0
U_node1node93_t1,0.0,B,U,,node1node93,1
U_node1node93_t2,0.0,B,U,,node1node93,2
U_node1node93_t3,0.0,B,U,,node1node93,3
U_node1node93_t4,0.0,B,U,,node1node93,4
U_node1node93_t5,0.0,B,U,,node1node93,5
U_node1node94_t0,0.0,B,U,,node1node94,0
U_node1node94_t1,0.0,B,U,,node1node94,1
U_node1node94_t2,0.0,B,U,,node1node94,2
U_node1node94_t3,0.0,B,U,,node1node94,3
U_node1node94_t4,0.0,B,U,,node1node94,4
U_node1node94_t5,0.0,B,U,,node1node94,5
U_node2node74_t0,406.0,B,U,,node2node74,0
U_node2node74_t1,341.84,B,U,,node2node74,1
U_node2node74_t2,242.34,B,U,,node2node74,2
U_node2node74_t3,171.8,B,U,,node2node74,3
U_node2node74_t4,121.79,B,U,,node2node74,4
U_node2node74_t5,86.34,B,U,,node2node74,5
U_node2node79_t0,499.0,B,U,,node2node79,0
U_node2node79_t1,420.14,B,U,,node2node79,1
U_node2node79_t2,297.85,B,U,,node2node79,2
U_node2node79_t3,211.15,B,U,,node2node79,3
U_node2node79_t4,149.69,B,U,,node2node79,4
U_node2node79_t5,106.12,B,U,,node2node79,5
U_node2node50_t0,1436.0,B,U,,node2node50,0
U_node2node50_t1,1209.07,B,U,,node2node50,1
U_node2node50_t2,857.13,B,U,,node2node50,2
U_node2node50_t3,607.64,B,U,,node2node50,3
U_node2node50_t4,430.77,B,U,,node2node50,4
U_node2node50_t5,305.38,B,U,,node2node50,5
U_node2node98_t0,0.0,B,U,,node2node98,0
U_node2node98_t1,0.0,B,U,,node2node98,1
U_node2node98_t2,0.0,B,U,,node2node98,2
U_node2node98_t3,0.0,B,U,,node2node98,3
U_node2node98_t4,0.0,B,U,,node2node98,4
U_node2node98_t5,0.0,B,U,,node2node98,5
U_node2node100_t0,0.0,B,U,,node2node100,0
U_node2node100_t1,0.0,B,U,,node2node100,1
U_node2node100_t2,0.0,B,U,,node2node100,2
U_node2node100_t3,0.0,B,U,,node2node100,3
U_node2node100_t4,0.0,B,U,,node2node100,4
U_node2node100_t5,0.0,B,U,,node2node100,5
U_node3node54_t0,358.0,B,U,,node3node54,0
U_node3node54_t1,301.43,B,U,,node3node54,1
U_node3node54_t2,213.69,B,U,,node3node54,2
U_node3node54_t3,151.49,B,U,,node3node54,3
U_node3node54_t4,107.39,B,U,,node3node54,4
U_node3node54_t5,76.13,B,U,,node3node54,5
U_node3node18_t0,759.0,B,U,,node3node18,0
U_node3node18_t1,639.06,B,U,,node3node18,1
U_node3node18_t2,453.04,B,U,,node3node18,2
U_node3node18_t3,321.17,B,U,,node3node18,3
U_node3node18_t4,227.68,B,U,,node3node18,4
U_node3node18_t5,161.41,B,U,,node3node18,5
U_node3node59_t0,1331.0,B,U,,node3node59,0
U_node3node59_t1,1120.67,B,U,,node3node59,1
U_node3node59_t2,794.46,B,U,,node3node59,2
U_node3node59_t3,563.21,B,U,,node3node59,3
U_node3node59_t4,399.27,B,U,,node3node59,4
U_node3node59_t5,283.05,B,U,,node3node59,5
U_node3node96_t0,0.0,B,U,,node3node96,0
U_node3node96_t1,0.0,B,U,,node3node96,1
U_node3node96_t2,0.0,B,U,,node3node96,2
U_node3node96_t3,0.0,B,U,,node3node96,3
U_node3node96_t4,0.0,B,U,,node3node96,4
U_node3node96_t5,0.0,B,U,,node3node96,5
U_node3node101_t0,0.0,B,U,,node3node101,0
U_node3node101_t1,0.0,B,U,,node3node101,1
U_node3node101_t2,0.0,B,U,,node3node101,2
U_node3node101_t3,0.0,B,U,,node3node101,3
U_node3node101_t4,0.0,B,U,,node3node101,4
U_node3node101_t5,0.0,B,U,,node3node101,5
U_node4node46_t0,849.0,B,U,,node4node46,0
U_node4node46_t1,714.84,B,U,,node4node46,1
U_node4node46_t2,506.76,B,U,,node4node46,2
U_node4node46_t3,359.25,B,U,,node4node46,3
U_node4node46_t4,254.68,B,U,,node4node46,4
U_node4node46_t5,180.55,B,U,,node4node46,5
U_node4node24_t0,2542.0,B,U,,node4node24,0
U_node4node24_t1,2140.3,B,U,,node4node24,1
U_node4node24_t2,1517.3,B,U,,node4node24,2
U_node4node24_t3,1075.64,B,U,,node4node24,3
U_node4node24_t4,762.54,B,U,,node4node24,4
U_node4node24_t5,540.58,B,U,,node4node24,5
U_node4node93_t0,0.0,B,U,,node4node93,0
U_node4node93_t1,0.0,B,U,,node4node93,1
U_node4node93_t2,0.0,B,U,,node4node93,2
U_node4node93_t3,0.0,B,U,,node4node93,3
U_node4node93_t4,0.0,B,U,,node4node93,4
U_node4node93_t5,0.0,B,U,,node4node93,5
U_node4node94_t0,0.0,B,U,,node4node94,0
U_node4node94_t1,0.0,B,U,,node4node94,1
U_node4node94_t2,0.0,B,U,,node4node94,2
U_node4node94_t3,0.0,B,U,,node4node94,3
U_node4node94_t4,0.0,B,U,,node4node94,4
U_node4node94_t5,0.0,B,U,,node4node94,5
U_node4node95_t0,0.0,B,U,,node4node95,0
U_node4node95_t1,0.0,B,U,,node4node95,1
U_node4node95_t2,0.0,B,U,,node4node95,2
U_node4node95_t3,0.0,B,U,,node4node95,3
U_node4node95_t4,0.0,B,U,,node4node95,4
U_node4node95_t5,0.0,B,U,,node4node95,5
U_node5node43_t0,638.0,B,U,,node5node43,0
U_node5node43_t1,537.18,B,U,,node5node43,1
U_node5node43_t2,380.82,B,U,,node5node43,2
U_node5node43_t3,269.97,B,U,,node5node43,3
U_node5node43_t4,191.39,B,U,,node5node43,4
U_node5node43_t5,135.68,B,U,,node5node43,5
U_node5node11_t0,369.0,B,U,,node5node11,0
U_node5node11_t1,310.69,B,U,,node5node11,1
U_node5node11_t2,220.25,B,U,,node5node11,2
U_node5node11_t3,156.14,B,U,,node5node11,3
U_node5node11_t4,110.69,B,U,,node5node11,4
U_node5node11_t5,78.47,B,U,,node5node11,5
U_node5node57_t0,3826.0,B,U,,node5node57,0
U_node5node57_t1,3221.39,B,U,,node5node57,1
U_node5node57_t2,2283.7,B,U,,node5node57,2
U_node5node57_t3,1618.96,B,U,,node5node57,3
U_node5node57_t4,1147.71,B,U,,node5node57,4
U_node5node57_t5,813.63,B,U,,node5node57,5
U_node5node91_t0,0.0,B,U,,node5node91,0
U_node5node91_t1,0.0,B,U,,node5node91,1
U_node5node91_t2,0.0,B,U,,node5node91,2
U_node5node91_t3,0.0,B,U,,node5node91,3
U_node5node91_t4,0.0,B,U,,node5node91,4
U_node5node91_t5,0.0,B,U,,node5node91,5
U_node5node99_t0,0.0,B,U,,node5node99,0
U_node5node99_t1,0.0,B,U,,node5node99,1
U_node5node99_t2,0.0,B,U,,node5node99,2
U_node5node99_t3,0.0,B,U,,node5node99,3
U_node5node99_t4,0.0,B,U,,node5node99,4
U_node5node99_t5,0.0,B,U,,node5node99,5
U_node6node22_t0,856.0,B,U,,node6node22,0
U_node6node22_t1,720.73,B,U,,node6node22,1
U_node6node22_t2,510.94,B,U,,node6node22,2
U_node6node22_t3,362.21,B,U,,node6node22,3
U_node6node22_t4,256.78,B,U,,node6node22,4
U_node6node22_t5,182.04,B,U,,node6node22,5
U_node6node25_t0,1082.0,B,U,,node6node25,0
U_node6node25_t1,911.01,B,U,,node6node25,1
U_node6node25_t2,645.84,B,U,,node6node25,2
U_node6node25_t3,457.85,B,U,,node6node25,3
U_node6node25_t4,324.57,B,U,,node6node25,4
U_node6node25_t5,230.1,B,U,,node6node25,5
U_node6node54_t0,2122.0,B,U,,node6node54,0
U_node6node54_t1,1786.67,B,U,,node6node54,1
U_node6node54_t2,1266.6,B,U,,node6node54,2
U_node6node54_t3,897.92,B,U,,node6node54,3
U_node6node54_t4,636.55,B,U,,node6node54,4
U_node6node54_t5,451.26,B,U,,node6node54,5
U_node6node96_t0,0.0,B,U,,node6node96,0
U_node6node96_t1,0.0,B,U,,node6node96,1
U_node6node96_t2,0.0,B,U,,node6node96,2
U_node6node96_t3,0.0,B,U,,node6node96,3
U_node6node96_t4,0.0,B,U,,node6node96,4
U_node6node96_t5,0.0,B,U,,node6node96,5
U_node6node102_t0,0.0,B,U,,node6node102,0
U_node6node102_t1,0.0,B,U,,node6node102,1
U_node6node102_t2,0.0,B,U,,node6node102,2
U_node6node102_t3,0.0,B,U,,node6node102,3
U_node6node102_t4,0.0,B,U,,node6node102,4
U_node6node102_t5,0.0,B,U,,node6node102,5
U_node6node108_t0,0.0,B,U,,node6node108,0
U_node6node108_t1,0.0,B,U,,node6node108,1
U_node6node108_t2,0.0,B,U,,node6node108,2
U_node6node108_t3,0.0,B,U,,node6node108,3
U_node6node108_t4,0.0,B,U,,node6node108,4
U_node6node108_t5,0.0,B,U,,node6node108,5
U_node7node23_t0,1501.0,B,U,,node7node23,0
U_node7node23_t1,1263.8,B,U,,node7node23,1
U_node7node23_t2,895.93,B,U,,node7node23,2
U_node7node23_t3,635.14,B,U,,node7node23,3
U_node7node23_t4,450.27,B,U,,node7node23,4
U_node7node23_t5,319.2,B,U,,node7node23,5
U_node7node15_t0,1588.0,B,U,,node7node15,0
U_node7node15_t1,1337.05,B,U,,node7node15,1
U_node7node15_t2,947.86,B,U,,node7node15,2
U_node7node15_t3,671.96,B,U,,node7node15,3
U_node7node15_t4,476.36,B,U,,node7node15,4
U_node7node15_t5,337.7,B,U,,node7node15,5
U_node7node34_t0,5806.0,B,U,,node7node34,0
U_node7node34_t1,4888.5,B,U,,node7node34,1
U_node7node34_t2,3465.55,B,U,,node7node34,2
U_node7node34_t3,2456.79,B,U,,node7node34,3
U_node7node34_t4,1741.67,B,U,,node7node34,4
U_node7node34_t5,1234.7,B,U,,node7node34,5
U_node7node105_t0,0.0,B,U,,node7node105,0
U_node7node105_t1,0.0,B,U,,node7node105,1
U_node7node105_t2,0.0,B,U,,node7node105,2
U_node7node105_t3,0.0,B,U,,node7node105,3
U_node7node105_t4,0.0,B,U,,node7node105,4
U_node7node105_t5,0.0,B,U,,node7node105,5
U_node7node106_t0,0.0,B,U,,node7node106,0
U_node7node106_t1,0.0,B,U,,node7node106,1
U_node7node106_t2,0.0,B,U,,node7node106,2
U_node7node106_t3,0.0,B,U,,node7node106,3
U_node7node106_t4,0.0,B,U,,node7node106,4
U_node7node106_t5,0.0,B,U,,node7node106,5
U_node8node51_t0,345.0,B,U,,node8node51,0
U_node8node51_t1,290.48,B,U,,node8node51,1
U_node8node51_t2,205.93,B,U,,node8node51,2
U_node8node51_t3,145.99,B,U,,node8node51,3
U_node8node51_t4,103.49,B,U,,node8node51,4
U_node8node51_t5,73.37,B,U,,node8node51,5
U_node8node30_t0,997.0,B,U,,node8node30,0
U_node8node30_t1,839.45,B,U,,node8node30,1
U_node8node30_t2,595.1,B,U,,node8node30,2
U_node8node30_t3,421.88,B,U,,node8node30,3
U_node8node30_t4,299.08,B,U,,node8node30,4
U_node8node30_t5,212.02,B,U,,node8node30,5
U_node8node52_t0,1300.0,B,U,,node8node52,0
U_node8node52_t1,1094.57,B,U,,node8node52,1
U_node8node52_t2,775.96,B,U,,node8node52,2
U_node8node52_t3,550.09,B,U,,node8node52,3
U_node8node52_t4,389.97,B,U,,node8node52,4
U_node8node52_t5,276.46,B,U,,node8node52,5
U_node8node107_t0,0.0,B,U,,node8node107,0
U_node8node107_t1,0.0,B,U,,node8node107,1
U_node8node107_t2,0.0,B,U,,node8node107,2
U_node8node107_t3,0.0,B,U,,node8node107,3
U_node8node107_t4,0.0,B,U,,node8node107,4
U_node8node107_t5,0.0,B,U,,node8node107,5
U_node8node109_t0,0.0,B,U,,node8node109,0
U_node8node109_t1,0.0,B,U,,node8node109,1
U_node8node109_t2,0.0,B,U,,node8node109,2
U_node8node109_t3,0.0,B,U,,node8node109,3
U_node8node109_t4,0.0,B,U,,node8node109,4
U_node8node109_t5,0.0,B,U,,node8node109,5
U_node9node33_t0,317.0,B,U,,node9node33,0
U_node9node33_t1,266.91,B,U,,node9node33,1
U_node9node33_t2,189.21,B,U,,node9node33,2
U_node9node33_t3,134.14,B,U,,node9node33,3
U_node9node33_t4,95.09,B,U,,node9node33,4
U_node9node33_t5,67.41,B,U,,node9node33,5
U_node9node34_t0,1926.0,B,U,,node9node34,0
U_node9node34_t1,1621.64,B,U,,node9node34,1
U_node9node34_t2,1149.61,B,U,,node9node34,2
U_node9node34_t3,814.98,B,U,,node9node34,3
U_node9node34_t4,577.76,B,U,,node9node34,4
U_node9node34_t5,409.58,B,U,,node9node34,5
U_node9node38_t0,1997.0,B,U,,node9node38,0
U_node9node38_t1,1681.42,B,U,,node9node38,1
U_node9node38_t2,1191.99,B,U,,node9node38,2
U_node9node38_t3,845.02,B,U,,node9node38,3
U_node9node38_t4,599.05,B,U,,node9node38,4
U_node9node38_t5,424.68,B,U,,node9node38,5
U_node9node111_t0,0.0,B,U,,node9node111,0
U_node9node111_t1,0.0,B,U,,node9node111,1
U_node9node111_t2,0.0,B,U,,node9node111,2
U_node9node111_t3,0.0,B,U,,node9node111,3
U_node9node111_t4,0.0,B,U,,node9node111,4
U_node9node111_t5,0.0,B,U,,node9node111,5
U_node9node113_t0,0.0,B,U,,node9node113,0
U_node9node113_t1,0.0,B,U,,node9node113,1
U_node9node113_t2,0.0,B,U,,node9node113,2
U_node9node113_t3,0.0,B,U,,node9node113,3
U_node9node113_t4,0.0,B,U,,node9node113,4
U_node9node113_t5,0.0,B,U,,node9node113,5
U_node10node87_t0,90.0,B,U,,node10node87,0
U_node10node87_t1,75.78,B,U,,node10node87,1
U_node10node87_t2,53.72,B,U,,node10node87,2
U_node10node87_t3,38.08,B,U,,node10node87,3
U_node10node87_t4,27.0,B,U,,node10node87,4
U_node10node87_t5,19.14,B,U,,node10node87,5
U_node10node85_t0,182.0,B,U,,node10node85,0
U_node10node85_t1,153.24,B,U,,node10node85,1
U_node10node85_t2,108.63,B,U,,node10node85,2
U_node10node85_t3,77.01,B,U,,node10node85,3
U_node10node85_t4,54.6,B,U,,node10node85,4
U_node10node85_t5,38.7,B,U,,node10node85,5
U_node10node33_t0,1685.0,B,U,,node10node33,0
U_node10node33_t1,1418.72,B,U,,node10node33,1
U_node10node33_t2,1005.76,B,U,,node10node33,2
U_node10node33_t3,713.0,B,U,,node10node33,3
U_node10node33_t4,505.46,B,U,,node10node33,4
U_node10node33_t5,358.33,B,U,,node10node33,5
U_node10node109_t0,0.0,B,U,,node10node109,0
U_node10node109_t1,0.0,B,U,,node10node109,1
U_node10node109_t2,0.0,B,U,,node10node109,2
U_node10node109_t3,0.0,B,U,,node10node109,3
U_node10node109_t4,0.0,B,U,,node10node109,4
U_node10node109_t5,0.0,B,U,,node10node109,5
U_node10node111_t0,0.0,B,U,,node10node111,0
U_node10node111_t1,0.0,B,U,,node10node111,1
U_node10node111_t2,0.0,B,U,,node10node111,2
U_node10node111_t3,0.0,B,U,,node10node111,3
U_node10node111_t4,0.0,B,U,,node10node111,4
U_node10node111_t5,0.0,B,U,,node10node111,5
U_node10node112_t0,0.0,B,U,,node10node112,0
U_node10node112_t1,0.0,B,U,,node10node112,1
U_node10node112_t2,0.0,B,U,,node10node112,2
U_node10node112_t3,0.0,B,U,,node10node112,3
U_node10node112_t4,0.0,B,U,,node10node112,4
U_node10node112_t5,0.0,B,U,,node10node112,5
U_node11node78_t0,46.0,B,U,,node11node78,0
U_node11node78_t1,38.73,B,U,,node11node78,1
U_node11node78_t2,27.46,B,U,,node11node78,2
U_node11node78_t3,19.46,B,U,,node11node78,3
U_node11node78_t4,13.8,B,U,,node11node78,4
U_node11node78_t5,9.78,B,U,,node11node78,5
U_node11node75_t0,845.0,B,U,,node11node75,0
U_node11node75_t1,711.47,B,U,,node11node75,1
U_node11node75_t2,504.37,B,U,,node11node75,2
U_node11node75_t3,357.56,B,U,,node11node75,3
U_node11node75_t4,253.48,B,U,,node11node75,4
U_node11node75_t5,179.7,B,U,,node11node75,5
U_node11node99_t0,0.0,B,U,,node11node99,0
U_node11node99_t1,0.0,B,U,,node11node99,1
U_node11node99_t2,0.0,B,U,,node11node99,2
U_node11node99_t3,0.0,B,U,,node11node99,3
U_node11node99_t4,0.0,B,U,,node11node99,4
U_node11node99_t5,0.0,B,U,,node11node99,5
U_node11node100_t0,0.0,B,U,,node11node100,0
U_node11node100_t1,0.0,B,U,,node11node100,1
U_node11node100_t2,0.0,B,U,,node11node100,2
U_node11node100_t3,0.0,B,U,,node11node100,3
U_node11node100_t4,0.0,B,U,,node11node100,4
U_node11node100_t5,0.0,B,U,,node11node100,5
U_node12node47_t0,87.0,B,U,,node12node47,0
U_node12node47_t1,73.25,B,U,,node12node47,1
U_node12node47_t2,51.93,B,U,,node12node47,2
U_node12node47_t3,36.81,B,U,,node12node47,3
U_node12node47_t4,26.1,B,U,,node12node47,4
U_node12node47_t5,18.5,B,U,,node12node47,5
U_node12node35_t0,142.0,B,U,,node12node35,0
U_node12node35_t1,119.56,B,U,,node12node35,1
U_node12node35_t2,84.76,B,U,,node12node35,2
U_node12node35_t3,60.09,B,U,,node12node35,3
U_node12node35_t4,42.6,B,U,,node12node35,4
U_node12node35_t5,30.2,B,U,,node12node35,5
U_node12node114_t0,0.0,B,U,,node12node114,0
U_node12node114_t1,0.0,B,U,,node12node114,1
U_node12node114_t2,0.0,B,U,,node12node114,2
U_node12node114_t3,0.0,B,U,,node12node114,3
U_node12node114_t4,0.0,B,U,,node12node114,4
U_node12node114_t5,0.0,B,U,,node12node114,5
U_node13node46_t0,468.0,B,U,,node13node46,0
U_node13node46_t1,394.04,B,U,,node13node46,1
U_node13node46_t2,279.34,B,U,,node13node46,2
U_node13node46_t3,198.03,B,U,,node13node46,3
U_node13node46_t4,140.39,B,U,,node13node46,4
U_node13node46_t5,99.52,B,U,,node13node46,5
U_node13node25_t0,1879.0,B,U,,node13node25,0
U_node13node25_t1,1582.07,B,U,,node13node25,1
U_node13node25_t2,1121.56,B,U,,node13node25,2
U_node13node25_t3,795.09,B,U,,node13node25,3
U_node13node25_t4,563.66,B,U,,node13node25,4
U_node13node25_t5,399.59,B,U,,node13node25,5
U_node13node49_t0,3011.0,B,U,,node13node49,0
U_node13node49_t1,2535.18,B,U,,node13node49,1
U_node13node49_t2,1797.24,B,U,,node13node49,2
U_node13node49_t3,1274.1,B,U,,node13node49,3
U_node13node49_t4,903.23,B,U,,node13node49,4
U_node13node49_t5,640.32,B,U,,node13node49,5
U_node13node36_t0,1978.0,B,U,,node13node36,0
U_node13node36_t1,1665.42,B,U,,node13node36,1
U_node13node36_t2,1180.65,B,U,,node13node36,2
U_node13node36_t3,836.98,B,U,,node13node36,3
U_node13node36_t4,593.35,B,U,,node13node36,4
U_node13node36_t5,420.64,B,U,,node13node36,5
U_node13node95_t0,0.0,B,U,,node13node95,0
U_node13node95_t1,0.0,B,U,,node13node95,1
U_node13node95_t2,0.0,B,U,,node13node95,2
U_node13node95_t3,0.0,B,U,,node13node95,3
U_node13node95_t4,0.0,B,U,,node13node95,4
U_node13node95_t5,0.0,B,U,,node13node95,5
U_node13node97_t0,0.0,B,U,,node13node97,0
U_node13node97_t1,0.0,B,U,,node13node97,1
U_node13node97_t2,0.0,B,U,,node13node97,2
U_node13node97_t3,0.0,B,U,,node13node97,3
U_node13node97_t4,0.0,B,U,,node13node97,4
U_node13node97_t5,0.0,B,U,,node13node97,5
U_node13node107_t0,0.0,B,U,,node13node107,0
U_node13node107_t1,0.0,B,U,,node13node107,1
U_node13node107_t2,0.0,B,U,,node13node107,2
U_node13node107_t3,0.0,B,U,,node13node107,3
U_node13node107_t4,0.0,B,U,,node13node107,4
U_node13node107_t5,0.0,B,U,,node13node107,5
U_node13node108_t0,0.0,B,U,,node13node108,0
U_node13node108_t1,0.0,B,U,,node13node108,1
U_node13node108_t2,0.0,B,U,,node13node108,2
U_node13node108_t3,0.0,B,U,,node13node108,3
U_node13node108_t4,0.0,B,U,,node13node108,4
U_node13node108_t5,0.0,B,U,,node13node108,5
U_node14node89_t0,486.0,B,U,,node14node89,0
U_node14node89_t1,409.2,B,U,,node14node89,1
U_node14node89_t2,290.09,B,U,,node14node89,2
U_node14node89_t3,205.65,B,U,,node14node89,3
U_node14node89_t4,145.79,B,U,,node14node89,4
U_node14node89_t5,103.35,B,U,,node14node89,5
U_node14node51_t0,1431.0,B,U,,node14node51,0
U_node14node51_t1,1204.86,B,U,,node14node51,1
U_node14node51_t2,854.15,B,U,,node14node51,2
U_node14node51_t3,605.52,B,U,,node14node51,3
U_node14node51_t4,429.27,B,U,,node14node51,4
U_node14node51_t5,304.32,B,U,,node14node51,5
U_node14node19_t0,1503.0,B,U,,node14node19,0
U_node14node19_t1,1265.49,B,U,,node14node19,1
U_node14node19_t2,897.13,B,U,,node14node19,2
U_node14node19_t3,635.99,B,U,,node14node19,3
U_node14node19_t4,450.87,B,U,,node14node19,4
U_node14node19_t5,319.63,B,U,,node14node19,5
U_node14node112_t0,0.0,B,U,,node14node112,0
U_node14node112_t1,0.0,B,U,,node14node112,1
U_node14node112_t2,0.0,B,U,,node14node112,2
U_node14node112_t3,0.0,B,U,,node14node112,3
U_node14node112_t4,0.0,B,U,,node14node112,4
U_node14node112_t5,0.0,B,U,,node14node112,5
U_node14node114_t0,0.0,B,U,,node14node114,0
U_node14node114_t1,0.0,B,U,,node14node114,1
U_node14node114_t2,0.0,B,U,,node14node114,2
U_node14node114_t3,0.0,B,U,,node14node114,3
U_node14node114_t4,0.0,B,U,,node14node114,4
U_node14node114_t5,0.0,B,U,,node14node114,5
U_node15node55_t0,893.0,B,U,,node15node55,0
U_node15node55_t1,751.88,B,U,,node15node55,1
U_node15node55_t2,533.02,B,U,,node15node55,2
U_node15node55_t3,377.87,B,U,,node15node55,3
U_node15node55_t4,267.88,B,U,,node15node55,4
U_node15node55_t5,189.9,B,U,,node15node55,5
U_node15node34_t0,2118.0,B,U,,node15node34,0
U_node15node34_t1,1783.3,B,U,,node15node34,1
U_node15node34_t2,1264.21,B,U,,node15node34,2
U_node15node34_t3,896.23,B,U,,node15node34,3
U_node15node34_t4,635.35,B,U,,node15node34,4
U_node15node34_t5,450.41,B,U,,node15node34,5
U_node15node23_t0,1393.0,B,U,,node15node23,0
U_node15node23_t1,1172.87,B,U,,node15node23,1
U_node15node23_t2,831.47,B,U,,node15node23,2
U_node15node23_t3,589.44,B,U,,node15node23,3
U_node15node23_t4,417.87,B,U,,node15node23,4
U_node15node23_t5,296.23,B,U,,node15node23,5
U_node15node104_t0,0.0,B,U,,node15node104,0
U_node15node104_t1,0.0,B,U,,node15node104,1
U_node15node104_t2,0.0,B,U,,node15node104,2
U_node15node104_t3,0.0,B,U,,node15node104,3
U_node15node104_t4,0.0,B,U,,node15node104,4
U_node15node104_t5,0.0,B,U,,node15node104,5
U_node15node105_t0,0.0,B,U,,node15node105,0
U_node15node105_t1,0.0,B,U,,node15node105,1
U_node15node105_t2,0.0,B,U,,node15node105,2
U_node15node105_t3,0.0,B,U,,node15node105,3
U_node15node105_t4,0.0,B,U,,node15node105,4
U_node15node105_t5,0.0,B,U,,node15node105,5
U_node15node106_t0,0.0,B,U,,node15node106,0
U_node15node106_t1,0.0,B,U,,node15node106,1
U_node15node106_t2,0.0,B,U,,node15node106,2
U_node15node106_t3,0.0,B,U,,node15node106,3
U_node15node106_t4,0.0,B,U,,node15node106,4
U_node15node106_t5,0.0,B,U,,node15node106,5
U_node15node110_t0,0.0,B,U,,node15node110,0
U_node15node110_t1,0.0,B,U,,node15node110,1
U_node15node110_t2,0.0,B,U,,node15node110,2
U_node15node110_t3,0.0,B,U,,node15node110,3
U_node15node110_t4,0.0,B,U,,node15node110,4
U_node15node110_t5,0.0,B,U,,node15node110,5
U_node16node55_t0,467.0,B,U,,node16node55,0
U_node16node55_t1,393.2,B,U,,node16node55,1
U_node16node55_t2,278.75,B,U,,node16node55,2
U_node16node55_t3,197.61,B,U,,node16node55,3
U_node16node55_t4,140.09,B,U,,node16node55,4
U_node16node55_t5,99.31,B,U,,node16node55,5
U_node16node17_t0,1602.0,B,U,,node16node17,0
U_node16node17_t1,1348.84,B,U,,node16node17,1
U_node16node17_t2,956.22,B,U,,node16node17,2
U_node16node17_t3,677.88,B,U,,node16node17,3
U_node16node17_t4,480.56,B,U,,node16node17,4
U_node16node17_t5,340.68,B,U,,node16node17,5
U_node16node22_t0,1692.0,B,U,,node16node22,0
U_node16node22_t1,1424.62,B,U,,node16node22,1
U_node16node22_t2,1009.94,B,U,,node16node22,2
U_node16node22_t3,715.96,B,U,,node16node22,3
U_node16node22_t4,507.56,B,U,,node16node22,4
U_node16node22_t5,359.82,B,U,,node16node22,5
U_node16node102_t0,0.0,B,U,,node16node102,0
U_node16node102_t1,0.0,B,U,,node16node102,1
U_node16node102_t2,0.0,B,U,,node16node102,2
U_node16node102_t3,0.0,B,U,,node16node102,3
U_node16node102_t4,0.0,B,U,,node16node102,4
U_node16node102_t5,0.0,B,U,,node16node102,5
U_node16node103_t0,0.0,B,U,,node16node103,0
U_node16node103_t1,0.0,B,U,,node16node103,1
U_node16node103_t2,0.0,B,U,,node16node103,2
U_node16node103_t3,0.0,B,U,,node16node103,3
U_node16node103_t4,0.0,B,U,,node16node103,4
U_node16node103_t5,0.0,B,U,,node16node103,5
U_node16node110_t0,0.0,B,U,,node16node110,0
U_node16node110_t1,0.0,B,U,,node16node110,1
U_node16node110_t2,0.0,B,U,,node16node110,2
U_node16node110_t3,0.0,B,U,,node16node110,3
U_node16node110_t4,0.0,B,U,,node16node110,4
U_node16node110_t5,0.0,B,U,,node16node110,5
U_node17node54_t0,493.0,B,U,,node17node54,0
U_node17node54_t1,415.09,B,U,,node17node54,1
U_node17node54_t2,294.27,B,U,,node17node54,2
U_node17node54_t3,208.61,B,U,,node17node54,3
U_node17node54_t4,147.89,B,U,,node17node54,4
U_node17node54_t5,104.84,B,U,,node17node54,5
U_node17node40_t0,387.0,B,U,,node17node40,0
U_node17node40_t1,325.84,B,U,,node17node40,1
U_node17node40_t2,231.0,B,U,,node17node40,2
U_node17node40_t3,163.76,B,U,,node17node40,3
U_node17node40_t4,116.09,B,U,,node17node40,4
U_node17node40_t5,82.3,B,U,,node17node40,5
U_node17node102_t0,0.0,B,U,,node17node102,0
U_node17node102_t1,0.0,B,U,,node17node102,1
U_node17node102_t2,0.0,B,U,,node17node102,2
U_node17node102_t3,0.0,B,U,,node17node102,3
U_node17node102_t4,0.0,B,U,,node17node102,4
U_node17node102_t5,0.0,B,U,,node17node102,5
U_node17node103_t0,0.0,B,U,,node17node103,0
U_node17node103_t1,0.0,B,U,,node17node103,1
U_node17node103_t2,0.0,B,U,,node17node103,2
U_node17node103_t3,0.0,B,U,,node17node103,3
U_node17node103_t4,0.0,B,U,,node17node103,4
U_node17node103_t5,0.0,B,U,,node17node103,5
U_node18node32_t0,637.0,B,U,,node18node32,0
U_node18node32_t1,536.34,B,U,,node18node32,1
U_node18node32_t2,380.22,B,U,,node18node32,2
U_node18node32_t3,269.54,B,U,,node18node32,3
U_node18node32_t4,191.09,B,U,,node18node32,4
U_node18node32_t5,135.46,B,U,,node18node32,5
U_node18node20_t0,1774.0,B,U,,node18node20,0
U_node18node20_t1,1493.66,B,U,,node18node20,1
U_node18node20_t2,1058.88,B,U,,node18node20,2
U_node18node20_t3,750.66,B,U,,node18node20,3
U_node18node20_t4,532.16,B,U,,node18node20,4
U_node18node20_t5,377.26,B,U,,node18node20,5
U_node18node96_t0,0.0,B,U,,node18node96,0
U_node18node96_t1,0.0,B,U,,node18node96,1
U_node18node96_t2,0.0,B,U,,node18node96,2
U_node18node96_t3,0.0,B,U,,node18node96,3
U_node18node96_t4,0.0,B,U,,node18node96,4
U_node18node96_t5,0.0,B,U,,node18node96,5
U_node18node101_t0,0.0,B,U,,node18node101,0
U_node18node101_t1,0.0,B,U,,node18node101,1
U_node18node101_t2,0.0,B,U,,node18node101,2
U_node18node101_t3,0.0,B,U,,node18node101,3
U_node18node101_t4,0.0,B,U,,node18node101,4
U_node18node101_t5,0.0,B,U,,node18node101,5
U_node19node72_t0,106.0,B,U,,node19node72,0
U_node19node72_t1,89.25,B,U,,node19node72,1
U_node19node72_t2,63.27,B,U,,node19node72,2
U_node19node72_t3,44.85,B,U,,node19node72,3
U_node19node72_t4,31.8,B,U,,node19node72,4
U_node19node72_t5,22.54,B,U,,node19node72,5
U_node19node49_t0,518.0,B,U,,node19node49,0
U_node19node49_t1,436.14,B,U,,node19node49,1
U_node19node49_t2,309.19,B,U,,node19node49,2
U_node19node49_t3,219.19,B,U,,node19node49,3
U_node19node49_t4,155.39,B,U,,node19node49,4
U_node19node49_t5,110.16,B,U,,node19node49,5
U_node19node97_t0,0.0,B,U,,node19node97,0
U_node19node97_t1,0.0,B,U,,node19node97,1
U_node19node97_t2,0.0,B,U,,node19node97,2
U_node19node97_t3,0.0,B,U,,node19node97,3
U_node19node97_t4,0.0,B,U,,node19node97,4
U_node19node97_t5,0.0,B,U,,node19node97,5
U_node19node114_t0,0.0,B,U,,node19node114,0
U_node19node114_t1,0.0,B,U,,node19node114,1
U_node19node114_t2,0.0,B,U,,node19node114,2
U_node19node114_t3,0.0,B,U,,node19node114,3
U_node19node114_t4,0.0,B,U,,node19node114,4
U_node19node114_t5,0.0,B,U,,node19node114,5
U_node20node37_t0,356.0,B,U,,node20node37,0
U_node20node37_t1,299.74,B,U,,node20node37,1
U_node20node37_t2,212.49,B,U,,node20node37,2
U_node20node37_t3,150.64,B,U,,node20node37,3
U_node20node37_t4,106.79,B,U,,node20node37,4
U_node20node37_t5,75.71,B,U,,node20node37,5
U_node20node24_t0,1156.0,B,U,,node20node24,0
U_node20node24_t1,973.32,B,U,,node20node24,1
U_node20node24_t2,690.01,B,U,,node20node24,2
U_node20node24_t3,489.16,B,U,,node20node24,3
U_node20node24_t4,346.77,B,U,,node20node24,4
U_node20node24_t5,245.83,B,U,,node20node24,5
U_node20node93_t0,0.0,B,U,,node20node93,0
U_node20node93_t1,0.0,B,U,,node20node93,1
U_node20node93_t2,0.0,B,U,,node20node93,2
U_node20node93_t3,0.0,B,U,,node20node93,3
U_node20node93_t4,0.0,B,U,,node20node93,4
U_node20node93_t5,0.0,B,U,,node20node93,5
U_node20node96_t0,0.0,B,U,,node20node96,0
U_node20node96_t1,0.0,B,U,,node20node96,1
U_node20node96_t2,0.0,B,U,,node20node96,2
U_node20node96_t3,0.0,B,U,,node20node96,3
U_node20node96_t4,0.0,B,U,,node20node96,4
U_node20node96_t5,0.0,B,U,,node20node96,5
U_node21node80_t0,400.0,B,U,,node21node80,0
U_node21node80_t1,336.79,B,U,,node21node80,1
U_node21node80_t2,238.76,B,U,,node21node80,2
U_node21node80_t3,169.26,B,U,,node21node80,3
U_node21node80_t4,119.99,B,U,,node21node80,4
U_node21node80_t5,85.06,B,U,,node21node80,5
U_node21node37_t0,608.0,B,U,,node21node37,0
U_node21node37_t1,511.92,B,U,,node21node37,1
U_node21node37_t2,362.91,B,U,,node21node37,2
U_node21node37_t3,257.27,B,U,,node21node37,3
U_node21node37_t4,182.39,B,U,,node21node37,4
U_node21node37_t5,129.3,B,U,,node21node37,5
U_node21node53_t0,818.0,B,U,,node21node53,0
U_node21node53_t1,688.73,B,U,,node21node53,1
U_node21node53_t2,488.26,B,U,,node21node53,2
U_node21node53_t3,346.13,B,U,,node21node53,3
U_node21node53_t4,245.38,B,U,,node21node53,4
U_node21node53_t5,173.96,B,U,,node21node53,5
U_node21node93_t0,0.0,B,U,,node21node93,0
U_node21node93_t1,0.0,B,U,,node21node93,1
U_node21node93_t2,0.0,B,U,,node21node93,2
U_node21node93_t3,0.0,B,U,,node21node93,3
U_node21node93_t4,0.0,B,U,,node21node93,4
U_node21node93_t5,0.0,B,U,,node21node93,5
U_node21node100_t0,0.0,B,U,,node21node100,0
U_node21node100_t1,0.0,B,U,,node21node100,1
U_node21node100_t2,0.0,B,U,,node21node100,2
U_node21node100_t3,0.0,B,U,,node21node100,3
U_node21node100_t4,0.0,B,U,,node21node100,4
U_node21node100_t5,0.0,B,U,,node21node100,5
U_node22node45_t0,367.0,B,U,,node22node45,0
U_node22node45_t1,309.0,B,U,,node22node45,1
U_node22node45_t2,219.06,B,U,,node22node45,2
U_node22node45_t3,155.29,B,U,,node22node45,3
U_node22node45_t4,110.09,B,U,,node22node45,4
U_node22node45_t5,78.05,B,U,,node22node45,5
U_node22node102_t0,0.0,B,U,,node22node102,0
U_node22node102_t1,0.0,B,U,,node22node102,1
U_node22node102_t2,0.0,B,U,,node22node102,2
U_node22node102_t3,0.0,B,U,,node22node102,3
U_node22node102_t4,0.0,B,U,,node22node102,4
U_node22node102_t5,0.0,B,U,,node22node102,5
U_node22node108_t0,0.0,B,U,,node22node108,0
U_node22node108_t1,0.0,B,U,,node22node108,1
U_node22node108_t2,0.0,B,U,,node22node108,2
U_node22node108_t3,0.0,B,U,,node22node108,3
U_node22node108_t4,0.0,B,U,,node22node108,4
U_node22node108_t5,0.0,B,U,,node22node108,5
U_node22node110_t0,0.0,B,U,,node22node110,0
U_node22node110_t1,0.0,B,U,,node22node110,1
U_node22node110_t2,0.0,B,U,,node22node110,2
U_node22node110_t3,0.0,B,U,,node22node110,3
U_node22node110_t4,0.0,B,U,,node22node110,4
U_node22node110_t5,0.0,B,U,,node22node110,5
U_node23node40_t0,1483.0,B,U,,node23node40,0
U_node23node40_t1,1248.65,B,U,,node23node40,1
U_node23node40_t2,885.19,B,U,,node23node40,2
U_node23node40_t3,627.53,B,U,,node23node40,3
U_node23node40_t4,444.87,B,U,,node23node40,4
U_node23node40_t5,315.37,B,U,,node23node40,5
U_node23node104_t0,0.0,B,U,,node23node104,0
U_node23node104_t1,0.0,B,U,,node23node104,1
U_node23node104_t2,0.0,B,U,,node23node104,2
U_node23node104_t3,0.0,B,U,,node23node104,3
U_node23node104_t4,0.0,B,U,,node23node104,4
U_node23node104_t5,0.0,B,U,,node23node104,5
U_node23node105_t0,0.0,B,U,,node23node105,0
U_node23node105_t1,0.0,B,U,,node23node105,1
U_node23node105_t2,0.0,B,U,,node23node105,2
U_node23node105_t3,0.0,B,U,,node23node105,3
U_node23node105_t4,0.0,B,U,,node23node105,4
U_node23node105_t5,0.0,B,U,,node23node105,5
U_node24node25_t0,748.0,B,U,,node24node25,0
U_node24node25_t1,629.8,B,U,,node24node25,1
U_node24node25_t2,446.47,B,U,,node24node25,2
U_node24node25_t3,316.51,B,U,,node24node25,3
U_node24node25_t4,224.38,B,U,,node24node25,4
U_node24node25_t5,159.07,B,U,,node24node25,5
U_node24node93_t0,0.0,B,U,,node24node93,0
U_node24node93_t1,0.0,B,U,,node24node93,1
U_node24node93_t2,0.0,B,U,,node24node93,2
U_node24node93_t3,0.0,B,U,,node24node93,3
U_node24node93_t4,0.0,B,U,,node24node93,4
U_node24node93_t5,0.0,B,U,,node24node93,5
U_node24node95_t0,0.0,B,U,,node24node95,0
U_node24node95_t1,0.0,B,U,,node24node95,1
U_node24node95_t2,0.0,B,U,,node24node95,2
U_node24node95_t3,0.0,B,U,,node24node95,3
U_node24node95_t4,0.0,B,U,,node24node95,4
U_node24node95_t5,0.0,B,U,,node24node95,5
U_node24node96_t0,0.0,B,U,,node24node96,0
U_node24node96_t1,0.0,B,U,,node24node96,1
U_node24node96_t2,0.0,B,U,,node24node96,2
U_node24node96_t3,0.0,B,U,,node24node96,3
U_node24node96_t4,0.0,B,U,,node24node96,4
U_node24node96_t5,0.0,B,U,,node24node96,5
U_node25node95_t0,0.0,B,U,,node25node95,0
U_node25node95_t1,0.0,B,U,,node25node95,1
U_node25node95_t2,0.0,B,U,,node25node95,2
U_node25node95_t3,0.0,B,U,,node25node95,3
U_node25node95_t4,0.0,B,U,,node25node95,4
U_node25node95_t5,0.0,B,U,,node25node95,5
U_node25node96_t0,0.0,B,U,,node25node96,0
U_node25node96_t1,0.0,B,U,,node25node96,1
U_node25node96_t2,0.0,B,U,,node25node96,2
U_node25node96_t3,0.0,B,U,,node25node96,3
U_node25node96_t4,0.0,B,U,,node25node96,4
U_node25node96_t5,0.0,B,U,,node25node96,5
U_node25node108_t0,0.0,B,U,,node25node108,0
U_node25node108_t1,0.0,B,U,,node25node108,1
U_node25node108_t2,0.0,B,U,,node25node108,2
U_node25node108_t3,0.0,B,U,,node25node108,3
U_node25node108_t4,0.0,B,U,,node25node108,4
U_node25node108_t5,0.0,B,U,,node25node108,5
U_node26node39_t0,13.0,B,U,,node26node39,0
U_node26node39_t1,10.95,B,U,,node26node39,1
U_node26node39_t2,7.76,B,U,,node26node39,2
U_node26node39_t3,5.5,B,U,,node26node39,3
U_node26node39_t4,3.9,B,U,,node26node39,4
U_node26node39_t5,2.76,B,U,,node26node39,5
U_node26node42_t0,196.0,B,U,,node26node42,0
U_node26node42_t1,165.03,B,U,,node26node42,1
U_node26node42_t2,116.99,B,U,,node26node42,2
U_node26node42_t3,82.94,B,U,,node26node42,3
U_node26node42_t4,58.8,B,U,,node26node42,4
U_node26node42_t5,41.68,B,U,,node26node42,5
U_node26node53_t0,1714.0,B,U,,node26node53,0
U_node26node53_t1,1443.14,B,U,,node26node53,1
U_node26node53_t2,1023.07,B,U,,node26node53,2
U_node26node53_t3,725.27,B,U,,node26node53,3
U_node26node53_t4,514.16,B,U,,node26node53,4
U_node26node53_t5,364.5,B,U,,node26node53,5
U_node26node92_t0,0.0,B,U,,node26node92,0
U_node26node92_t1,0.0,B,U,,node26node92,1
U_node26node92_t2,0.0,B,U,,node26node92,2
U_node26node92_t3,0.0,B,U,,node26node92,3
U_node26node92_t4,0.0,B,U,,node26node92,4
U_node26node92_t5,0.0,B,U,,node26node92,5
U_node26node93_t0,0.0,B,U,,node26node93,0
U_node26node93_t1,0.0,B,U,,node26node93,1
U_node26node93_t2,0.0,B,U,,node26node93,2
U_node26node93_t3,0.0,B,U,,node26node93,3
U_node26node93_t4,0.0,B,U,,node26node93,4
U_node26node93_t5,0.0,B,U,,node26node93,5
U_node27node81_t0,1351.0,B,U,,node27node81,0
U_node27node81_t1,1137.51,B,U,,node27node81,1
U_node27node81_t2,806.4,B,U,,node27node81,2
U_node27node81_t3,571.67,B,U,,node27node81,3
U_node27node81_t4,405.27,B,U,,node27node81,4
U_node27node81_t5,287.3,B,U,,node27node81,5
U_node27node79_t0,3009.0,B,U,,node27node79,0
U_node27node79_t1,2533.5,B,U,,node27node79,1
U_node27node79_t2,1796.04,B,U,,node27node79,2
U_node27node79_t3,1273.25,B,U,,node27node79,3
U_node27node79_t4,902.63,B,U,,node27node79,4
U_node27node79_t5,639.89,B,U,,node27node79,5
U_node27node100_t0,0.0,B,U,,node27node100,0
U_node27node100_t1,0.0,B,U,,node27node100,1
U_node27node100_t2,0.0,B,U,,node27node100,2
U_node27node100_t3,0.0,B,U,,node27node100,3
U_node27node100_t4,0.0,B,U,,node27node100,4
U_node27node100_t5,0.0,B,U,,node27node100,5
U_node28node46_t0,912.0,B,U,,node28node46,0
U_node28node46_t1,767.88,B,U,,node28node46,1
U_node28node46_t2,544.36,B,U,,node28node46,2
U_node28node46_t3,385.91,B,U,,node28node46,3
U_node28node46_t4,273.58,B,U,,node28node46,4
U_node28node46_t5,193.95,B,U,,node28node46,5
U_node28node56_t0,3194.0,B,U,,node28node56,0
U_node28node56_t1,2689.26,B,U,,node28node56,1
U_node28node56_t2,1906.47,B,U,,node28node56,2
U_node28node56_t3,1351.53,B,U,,node28node56,3
U_node28node56_t4,958.13,B,U,,node28node56,4
U_node28node56_t5,679.23,B,U,,node28node56,5
U_node28node48_t0,3047.0,B,U,,node28node48,0
U_node28node48_t1,2565.49,B,U,,node28node48,1
U_node28node48_t2,1818.73,B,U,,node28node48,2
U_node28node48_t3,1289.33,B,U,,node28node48,3
U_node28node48_t4,914.03,B,U,,node28node48,4
U_node28node48_t5,647.97,B,U,,node28node48,5
U_node28node90_t0,0.0,B,U,,node28node90,0
U_node28node90_t1,0.0,B,U,,node28node90,1
U_node28node90_t2,0.0,B,U,,node28node90,2
U_node28node90_t3,0.0,B,U,,node28node90,3
U_node28node90_t4,0.0,B,U,,node28node90,4
U_node28node90_t5,0.0,B,U,,node28node90,5
U_node28node94_t0,0.0,B,U,,node28node94,0
U_node28node94_t1,0.0,B,U,,node28node94,1
U_node28node94_t2,0.0,B,U,,node28node94,2
U_node28node94_t3,0.0,B,U,,node28node94,3
U_node28node94_t4,0.0,B,U,,node28node94,4
U_node28node94_t5,0.0,B,U,,node28node94,5
U_node28node97_t0,0.0,B,U,,node28node97,0
U_node28node97_t1,0.0,B,U,,node28node97,1
U_node28node97_t2,0.0,B,U,,node28node97,2
U_node28node97_t3,0.0,B,U,,node28node97,3
U_node28node97_t4,0.0,B,U,,node28node97,4
U_node28node97_t5,0.0,B,U,,node28node97,5
U_node29node47_t0,36.0,B,U,,node29node47,0
U_node29node47_t1,30.31,B,U,,node29node47,1
U_node29node47_t2,21.49,B,U,,node29node47,2
U_node29node47_t3,15.23,B,U,,node29node47,3
U_node29node47_t4,10.8,B,U,,node29node47,4
U_node29node47_t5,7.66,B,U,,node29node47,5
U_node29node44_t0,541.0,B,U,,node29node44,0
U_node29node44_t1,455.51,B,U,,node29node44,1
U_node29node44_t2,322.92,B,U,,node29node44,2
U_node29node44_t3,228.92,B,U,,node29node44,3
U_node29node44_t4,162.29,B,U,,node29node44,4
U_node29node44_t5,115.05,B,U,,node29node44,5
U_node29node107_t0,0.0,B,U,,node29node107,0
U_node29node107_t1,0.0,B,U,,node29node107,1
U_node29node107_t2,0.0,B,U,,node29node107,2
U_node29node107_t3,0.0,B,U,,node29node107,3
U_node29node107_t4,0.0,B,U,,node29node107,4
U_node29node107_t5,0.0,B,U,,node29node107,5
U_node30node36_t0,1155.0,B,U,,node30node36,0
U_node30node36_t1,972.48,B,U,,node30node36,1
U_node30node36_t2,689.41,B,U,,node30node36,2
U_node30node36_t3,488.73,B,U,,node30node36,3
U_node30node36_t4,346.47,B,U,,node30node36,4
U_node30node36_t5,245.62,B,U,,node30node36,5
U_node30node45_t0,3623.0,B,U,,node30node45,0
U_node30node45_t1,3050.47,B,U,,node30node45,1
U_node30node45_t2,2162.53,B,U,,node30node45,2
U_node30node45_t3,1533.06,B,U,,node30node45,3
U_node30node45_t4,1086.82,B,U,,node30node45,4
U_node30node45_t5,770.46,B,U,,node30node45,5
U_node30node107_t0,0.0,B,U,,node30node107,0
U_node30node107_t1,0.0,B,U,,node30node107,1
U_node30node107_t2,0.0,B,U,,node30node107,2
U_node30node107_t3,0.0,B,U,,node30node107,3
U_node30node107_t4,0.0,B,U,,node30node107,4
U_node30node107_t5,0.0,B,U,,node30node107,5
U_node30node108_t0,0.0,B,U,,node30node108,0
U_node30node108_t1,0.0,B,U,,node30node108,1
U_node30node108_t2,0.0,B,U,,node30node108,2
U_node30node108_t3,0.0,B,U,,node30node108,3
U_node30node108_t4,0.0,B,U,,node30node108,4
U_node30node108_t5,0.0,B,U,,node30node108,5
U_node30node109_t0,0.0,B,U,,node30node109,0
U_node30node109_t1,0.0,B,U,,node30node109,1
U_node30node109_t2,0.0,B,U,,node30node109,2
U_node30node109_t3,0.0,B,U,,node30node109,3
U_node30node109_t4,0.0,B,U,,node30node109,4
U_node30node109_t5,0.0,B,U,,node30node109,5
U_node31node45_t0,480.0,B,U,,node31node45,0
U_node31node45_t1,404.15,B,U,,node31node45,1
U_node31node45_t2,286.51,B,U,,node31node45,2
U_node31node45_t3,203.11,B,U,,node31node45,3
U_node31node45_t4,143.99,B,U,,node31node45,4
U_node31node45_t5,102.08,B,U,,node31node45,5
U_node31node84_t0,3611.0,B,U,,node31node84,0
U_node31node84_t1,3040.37,B,U,,node31node84,1
U_node31node84_t2,2155.37,B,U,,node31node84,2
U_node31node84_t3,1527.98,B,U,,node31node84,3
U_node31node84_t4,1083.22,B,U,,node31node84,4
U_node31node84_t5,767.91,B,U,,node31node84,5
U_node31node34_t0,3706.0,B,U,,node31node34,0
U_node31node34_t1,3120.35,B,U,,node31node34,1
U_node31node34_t2,2212.08,B,U,,node31node34,2
U_node31node34_t3,1568.18,B,U,,node31node34,3
U_node31node34_t4,1111.71,B,U,,node31node34,4
U_node31node34_t5,788.12,B,U,,node31node34,5
U_node31node109_t0,0.0,B,U,,node31node109,0
U_node31node109_t1,0.0,B,U,,node31node109,1
U_node31node109_t2,0.0,B,U,,node31node109,2
U_node31node109_t3,0.0,B,U,,node31node109,3
U_node31node109_t4,0.0,B,U,,node31node109,4
U_node31node109_t5,0.0,B,U,,node31node109,5
U_node31node110_t0,0.0,B,U,,node31node110,0
U_node31node110_t1,0.0,B,U,,node31node110,1
U_node31node110_t2,0.0,B,U,,node31node110,2
U_node31node110_t3,0.0,B,U,,node31node110,3
U_node31node110_t4,0.0,B,U,,node31node110,4
U_node31node110_t5,0.0,B,U,,node31node110,5
U_node31node111_t0,0.0,B,U,,node31node111,0
U_node31node111_t1,0.0,B,U,,node31node111,1
U_node31node111_t2,0.0,B,U,,node31node111,2
U_node31node111_t3,0.0,B,U,,node31node111,3
U_node31node111_t4,0.0,B,U,,node31node111,4
U_node31node111_t5,0.0,B,U,,node31node111,5
U_node32node37_t0,228.0,B,U,,node32node37,0
U_node32node37_t1,191.97,B,U,,node32node37,1
U_node32node37_t2,136.09,B,U,,node32node37,2
U_node32node37_t3,96.48,B,U,,node32node37,3
U_node32node37_t4,68.39,B,U,,node32node37,4
U_node32node37_t5,48.49,B,U,,node32node37,5
U_node32node59_t0,2579.0,B,U,,node32node59,0
U_node32node59_t1,2171.45,B,U,,node32node59,1
U_node32node59_t2,1539.38,B,U,,node32node59,2
U_node32node59_t3,1091.3,B,U,,node32node59,3
U_node32node59_t4,773.64,B,U,,node32node59,4
U_node32node59_t5,548.45,B,U,,node32node59,5
U_node32node100_t0,0.0,B,U,,node32node100,0
U_node32node100_t1,0.0,B,U,,node32node100,1
U_node32node100_t2,0.0,B,U,,node32node100,2
U_node32node100_t3,0.0,B,U,,node32node100,3
U_node32node100_t4,0.0,B,U,,node32node100,4
U_node32node100_t5,0.0,B,U,,node32node100,5
U_node32node101_t0,0.0,B,U,,node32node101,0
U_node32node101_t1,0.0,B,U,,node32node101,1
U_node32node101_t2,0.0,B,U,,node32node101,2
U_node32node101_t3,0.0,B,U,,node32node101,3
U_node32node101_t4,0.0,B,U,,node32node101,4
U_node32node101_t5,0.0,B,U,,node32node101,5
U_node33node88_t0,3649.0,B,U,,node33node88,0
U_node33node88_t1,3072.36,B,U,,node33node88,1
U_node33node88_t2,2178.05,B,U,,node33node88,2
U_node33node88_t3,1544.06,B,U,,node33node88,3
U_node33node88_t4,1094.62,B,U,,node33node88,4
U_node33node88_t5,775.99,B,U,,node33node88,5
U_node33node111_t0,0.0,B,U,,node33node111,0
U_node33node111_t1,0.0,B,U,,node33node111,1
U_node33node111_t2,0.0,B,U,,node33node111,2
U_node33node111_t3,0.0,B,U,,node33node111,3
U_node33node111_t4,0.0,B,U,,node33node111,4
U_node33node111_t5,0.0,B,U,,node33node111,5
U_node33node112_t0,0.0,B,U,,node33node112,0
U_node33node112_t1,0.0,B,U,,node33node112,1
U_node33node112_t2,0.0,B,U,,node33node112,2
U_node33node112_t3,0.0,B,U,,node33node112,3
U_node33node112_t4,0.0,B,U,,node33node112,4
U_node33node112_t5,0.0,B,U,,node33node112,5
U_node34node38_t0,20.0,B,U,,node34node38,0
U_node34node38_t1,16.84,B,U,,node34node38,1
U_node34node38_t2,11.94,B,U,,node34node38,2
U_node34node38_t3,8.46,B,U,,node34node38,3
U_node34node38_t4,6.0,B,U,,node34node38,4
U_node34node38_t5,4.25,B,U,,node34node38,5
U_node34node106_t0,0.0,B,U,,node34node106,0
U_node34node106_t1,0.0,B,U,,node34node106,1
U_node34node106_t2,0.0,B,U,,node34node106,2
U_node34node106_t3,0.0,B,U,,node34node106,3
U_node34node106_t4,0.0,B,U,,node34node106,4
U_node34node106_t5,0.0,B,U,,node34node106,5
U_node34node110_t0,0.0,B,U,,node34node110,0
U_node34node110_t1,0.0,B,U,,node34node110,1
U_node34node110_t2,0.0,B,U,,node34node110,2
U_node34node110_t3,0.0,B,U,,node34node110,3
U_node34node110_t4,0.0,B,U,,node34node110,4
U_node34node110_t5,0.0,B,U,,node34node110,5
U_node34node111_t0,0.0,B,U,,node34node111,0
U_node34node111_t1,0.0,B,U,,node34node111,1
U_node34node111_t2,0.0,B,U,,node34node111,2
U_node34node111_t3,0.0,B,U,,node34node111,3
U_node34node111_t4,0.0,B,U,,node34node111,4
U_node34node111_t5,0.0,B,U,,node34node111,5
U_node34node113_t0,0.0,B,U,,node34node113,0
U_node34node113_t1,0.0,B,U,,node34node113,1
U_node34node113_t2,0.0,B,U,,node34node113,2
U_node34node113_t3,0.0,B,U,,node34node113,3
U_node34node113_t4,0.0,B,U,,node34node113,4
U_node34node113_t5,0.0,B,U,,node34node113,5
U_node35node51_t0,105.0,B,U,,node35node51,0
U_node35node51_t1,88.41,B,U,,node35node51,1
U_node35node51_t2,62.67,B,U,,node35node51,2
U_node35node51_t3,44.43,B,U,,node35node51,3
U_node35node51_t4,31.5,B,U,,node35node51,4
U_node35node51_t5,22.33,B,U,,node35node51,5
U_node35node114_t0,0.0,B,U,,node35node114,0
U_node35node114_t1,0.0,B,U,,node35node114,1
U_node35node114_t2,0.0,B,U,,node35node114,2
U_node35node114_t3,0.0,B,U,,node35node114,3
U_node35node114_t4,0.0,B,U,,node35node114,4
U_node35node114_t5,0.0,B,U,,node35node114,5
U_node36node107_t0,0.0,B,U,,node36node107,0
U_node36node107_t1,0.0,B,U,,node36node107,1
U_node36node107_t2,0.0,B,U,,node36node107,2
U_node36node107_t3,0.0,B,U,,node36node107,3
U_node36node107_t4,0.0,B,U,,node36node107,4
U_node36node107_t5,0.0,B,U,,node36node107,5
U_node36node108_t0,0.0,B,U,,node36node108,0
U_node36node108_t1,0.0,B,U,,node36node108,1
U_node36node108_t2,0.0,B,U,,node36node108,2
U_node36node108_t3,0.0,B,U,,node36node108,3
U_node36node108_t4,0.0,B,U,,node36node108,4
U_node36node108_t5,0.0,B,U,,node36node108,5
U_node37node93_t0,0.0,B,U,,node37node93,0
U_node37node93_t1,0.0,B,U,,node37node93,1
U_node37node93_t2,0.0,B,U,,node37node93,2
U_node37node93_t3,0.0,B,U,,node37node93,3
U_node37node93_t4,0.0,B,U,,node37node93,4
U_node37node93_t5,0.0,B,U,,node37node93,5
U_node37node100_t0,0.0,B,U,,node37node100,0
U_node37node100_t1,0.0,B,U,,node37node100,1
U_node37node100_t2,0.0,B,U,,node37node100,2
U_node37node100_t3,0.0,B,U,,node37node100,3
U_node37node100_t4,0.0,B,U,,node37node100,4
U_node37node100_t5,0.0,B,U,,node37node100,5
U_node38node111_t0,0.0,B,U,,node38node111,0
U_node38node111_t1,0.0,B,U,,node38node111,1
U_node38node111_t2,0.0,B,U,,node38node111,2
U_node38node111_t3,0.0,B,U,,node38node111,3
U_node38node111_t4,0.0,B,U,,node38node111,4
U_node38node111_t5,0.0,B,U,,node38node111,5
U_node38node113_t0,0.0,B,U,,node38node113,0
U_node38node113_t1,0.0,B,U,,node38node113,1
U_node38node113_t2,0.0,B,U,,node38node113,2
U_node38node113_t3,0.0,B,U,,node38node113,3
U_node38node113_t4,0.0,B,U,,node38node113,4
U_node38node113_t5,0.0,B,U,,node38node113,5
U_node39node92_t0,0.0,B,U,,node39node92,0
U_node39node92_t1,0.0,B,U,,node39node92,1
U_node39node92_t2,0.0,B,U,,node39node92,2
U_node39node92_t3,0.0,B,U,,node39node92,3
U_node39node92_t4,0.0,B,U,,node39node92,4
U_node39node92_t5,0.0,B,U,,node39node92,5
U_node39node93_t0,0.0,B,U,,node39node93,0
U_node39node93_t1,0.0,B,U,,node39node93,1
U_node39node93_t2,0.0,B,U,,node39node93,2
U_node39node93_t3,0.0,B,U,,node39node93,3
U_node39node93_t4,0.0,B,U,,node39node93,4
U_node39node93_t5,0.0,B,U,,node39node93,5
U_node40node55_t0,1273.0,B,U,,node40node55,0
U_node40node55_t1,1071.83,B,U,,node40node55,1
U_node40node55_t2,759.84,B,U,,node40node55,2
U_node40node55_t3,538.67,B,U,,node40node55,3
U_node40node55_t4,381.87,B,U,,node40node55,4
U_node40node55_t5,270.72,B,U,,node40node55,5
U_node40node103_t0,0.0,B,U,,node40node103,0
U_node40node103_t1,0.0,B,U,,node40node103,1
U_node40node103_t2,0.0,B,U,,node40node103,2
U_node40node103_t3,0.0,B,U,,node40node103,3
U_node40node103_t4,0.0,B,U,,node40node103,4
U_node40node103_t5,0.0,B,U,,node40node103,5
U_node40node104_t0,0.0,B,U,,node40node104,0
U_node40node104_t1,0.0,B,U,,node40node104,1
U_node40node104_t2,0.0,B,U,,node40node104,2
U_node40node104_t3,0.0,B,U,,node40node104,3
U_node40node104_t4,0.0,B,U,,node40node104,4
U_node40node104_t5,0.0,B,U,,node40node104,5
U_node41node82_t0,1352.0,B,U,,node41node82,0
U_node41node82_t1,1138.35,B,U,,node41node82,1
U_node41node82_t2,807.0,B,U,,node41node82,2
U_node41node82_t3,572.09,B,U,,node41node82,3
U_node41node82_t4,405.57,B,U,,node41node82,4
U_node41node82_t5,287.52,B,U,,node41node82,5
U_node41node59_t0,2124.0,B,U,,node41node59,0
U_node41node59_t1,1788.35,B,U,,node41node59,1
U_node41node59_t2,1267.8,B,U,,node41node59,2
U_node41node59_t3,898.76,B,U,,node41node59,3
U_node41node59_t4,637.15,B,U,,node41node59,4
U_node41node59_t5,451.69,B,U,,node41node59,5
U_node41node100_t0,0.0,B,U,,node41node100,0
U_node41node100_t1,0.0,B,U,,node41node100,1
U_node41node100_t2,0.0,B,U,,node41node100,2
U_node41node100_t3,0.0,B,U,,node41node100,3
U_node41node100_t4,0.0,B,U,,node41node100,4
U_node41node100_t5,0.0,B,U,,node41node100,5
U_node42node70_t0,1203.0,B,U,,node42node70,0
U_node42node70_t1,1012.89,B,U,,node42node70,1
U_node42node70_t2,718.06,B,U,,node42node70,2
U_node42node70_t3,509.05,B,U,,node42node70,3
U_node42node70_t4,360.87,B,U,,node42node70,4
U_node42node70_t5,255.83,B,U,,node42node70,5
U_node42node92_t0,0.0,B,U,,node42node92,0
U_node42node92_t1,0.0,B,U,,node42node92,1
U_node42node92_t2,0.0,B,U,,node42node92,2
U_node42node92_t3,0.0,B,U,,node42node92,3
U_node42node92_t4,0.0,B,U,,node42node92,4
U_node42node92_t5,0.0,B,U,,node42node92,5
U_node42node94_t0,0.0,B,U,,node42node94,0
U_node42node94_t1,0.0,B,U,,node42node94,1
U_node42node94_t2,0.0,B,U,,node42node94,2
U_node42node94_t3,0.0,B,U,,node42node94,3
U_node42node94_t4,0.0,B,U,,node42node94,4
U_node42node94_t5,0.0,B,U,,node42node94,5
U_node43node76_t0,782.0,B,U,,node43node76,0
U_node43node76_t1,658.42,B,U,,node43node76,1
U_node43node76_t2,466.77,B,U,,node43node76,2
U_node43node76_t3,330.9,B,U,,node43node76,3
U_node43node76_t4,234.58,B,U,,node43node76,4
U_node43node76_t5,166.3,B,U,,node43node76,5
U_node43node50_t0,592.0,B,U,,node43node50,0
U_node43node50_t1,498.45,B,U,,node43node50,1
U_node43node50_t2,353.36,B,U,,node43node50,2
U_node43node50_t3,250.5,B,U,,node43node50,3
U_node43node50_t4,177.59,B,U,,node43node50,4
U_node43node50_t5,125.89,B,U,,node43node50,5
U_node43node91_t0,0.0,B,U,,node43node91,0
U_node43node91_t1,0.0,B,U,,node43node91,1
U_node43node91_t2,0.0,B,U,,node43node91,2
U_node43node91_t3,0.0,B,U,,node43node91,3
U_node43node91_t4,0.0,B,U,,node43node91,4
U_node43node91_t5,0.0,B,U,,node43node91,5
U_node43node99_t0,0.0,B,U,,node43node99,0
U_node43node99_t1,0.0,B,U,,node43node99,1
U_node43node99_t2,0.0,B,U,,node43node99,2
U_node43node99_t3,0.0,B,U,,node43node99,3
U_node43node99_t4,0.0,B,U,,node43node99,4
U_node43node99_t5,0.0,B,U,,node43node99,5
U_node43node100_t0,0.0,B,U,,node43node100,0
U_node43node100_t1,0.0,B,U,,node43node100,1
U_node43node100_t2,0.0,B,U,,node43node100,2
U_node43node100_t3,0.0,B,U,,node43node100,3
U_node43node100_t4,0.0,B,U,,node43node100,4
U_node43node100_t5,0.0,B,U,,node43node100,5
U_node44node83_t0,393.0,B,U,,node44node83,0
U_node44node83_t1,330.9,B,U,,node44node83,1
U_node44node83_t2,234.58,B,U,,node44node83,2
U_node44node83_t3,166.3,B,U,,node44node83,3
U_node44node83_t4,117.89,B,U,,node44node83,4
U_node44node83_t5,83.58,B,U,,node44node83,5
U_node44node107_t0,0.0,B,U,,node44node107,0
U_node44node107_t1,0.0,B,U,,node44node107,1
U_node44node107_t2,0.0,B,U,,node44node107,2
U_node44node107_t3,0.0,B,U,,node44node107,3
U_node44node107_t4,0.0,B,U,,node44node107,4
U_node44node107_t5,0.0,B,U,,node44node107,5
U_node45node108_t0,0.0,B,U,,node45node108,0
U_node45node108_t1,0.0,B,U,,node45node108,1
U_node45node108_t2,0.0,B,U,,node45node108,2
U_node45node108_t3,0.0,B,U,,node45node108,3
U_node45node108_t4,0.0,B,U,,node45node108,4
U_node45node108_t5,0.0,B,U,,node45node108,5
U_node45node109_t0,0.0,B,U,,node45node109,0
U_node45node109_t1,0.0,B,U,,node45node109,1
U_node45node109_t2,0.0,B,U,,node45node109,2
U_node45node109_t3,0.0,B,U,,node45node109,3
U_node45node109_t4,0.0,B,U,,node45node109,4
U_node45node109_t5,0.0,B,U,,node45node109,5
U_node45node110_t0,0.0,B,U,,node45node110,0
U_node45node110_t1,0.0,B,U,,node45node110,1
U_node45node110_t2,0.0,B,U,,node45node110,2
U_node45node110_t3,0.0,B,U,,node45node110,3
U_node45node110_t4,0.0,B,U,,node45node110,4
U_node45node110_t5,0.0,B,U,,node45node110,5
U_node46node94_t0,0.0,B,U,,node46node94,0
U_node46node94_t1,0.0,B,U,,node46node94,1
U_node46node94_t2,0.0,B,U,,node46node94,2
U_node46node94_t3,0.0,B,U,,node46node94,3
U_node46node94_t4,0.0,B,U,,node46node94,4
U_node46node94_t5,0.0,B,U,,node46node94,5
U_node46node95_t0,0.0,B,U,,node46node95,0
U_node46node95_t1,0.0,B,U,,node46node95,1
U_node46node95_t2,0.0,B,U,,node46node95,2
U_node46node95_t3,0.0,B,U,,node46node95,3
U_node46node95_t4,0.0,B,U,,node46node95,4
U_node46node95_t5,0.0,B,U,,node46node95,5
U_node46node97_t0,0.0,B,U,,node46node97,0
U_node46node97_t1,0.0,B,U,,node46node97,1
U_node46node97_t2,0.0,B,U,,node46node97,2
U_node46node97_t3,0.0,B,U,,node46node97,3
U_node46node97_t4,0.0,B,U,,node46node97,4
U_node46node97_t5,0.0,B,U,,node46node97,5
U_node47node49_t0,881.0,B,U,,node47node49,0
U_node47node49_t1,741.78,B,U,,node47node49,1
U_node47node49_t2,525.86,B,U,,node47node49,2
U_node47node49_t3,372.79,B,U,,node47node49,3
U_node47node49_t4,264.28,B,U,,node47node49,4
U_node47node49_t5,187.35,B,U,,node47node49,5
U_node47node107_t0,0.0,B,U,,node47node107,0
U_node47node107_t1,0.0,B,U,,node47node107,1
U_node47node107_t2,0.0,B,U,,node47node107,2
U_node47node107_t3,0.0,B,U,,node47node107,3
U_node47node107_t4,0.0,B,U,,node47node107,4
U_node47node107_t5,0.0,B,U,,node47node107,5
U_node47node114_t0,0.0,B,U,,node47node114,0
U_node47node114_t1,0.0,B,U,,node47node114,1
U_node47node114_t2,0.0,B,U,,node47node114,2
U_node47node114_t3,0.0,B,U,,node47node114,3
U_node47node114_t4,0.0,B,U,,node47node114,4
U_node47node114_t5,0.0,B,U,,node47node114,5
U_node48node67_t0,168.0,B,U,,node48node67,0
U_node48node67_t1,141.45,B,U,,node48node67,1
U_node48node67_t2,100.28,B,U,,node48node67,2
U_node48node67_t3,71.09,B,U,,node48node67,3
U_node48node67_t4,50.4,B,U,,node48node67,4
U_node48node67_t5,35.73,B,U,,node48node67,5
U_node48node63_t0,327.0,B,U,,node48node63,0
U_node48node63_t1,275.33,B,U,,node48node63,1
U_node48node63_t2,195.18,B,U,,node48node63,2
U_node48node63_t3,138.37,B,U,,node48node63,3
U_node48node63_t4,98.09,B,U,,node48node63,4
U_node48node63_t5,69.54,B,U,,node48node63,5
U_node48node90_t0,0.0,B,U,,node48node90,0
U_node48node90_t1,0.0,B,U,,node48node90,1
U_node48node90_t2,0.0,B,U,,node48node90,2
U_node48node90_t3,0.0,B,U,,node48node90,3
U_node48node90_t4,0.0,B,U,,node48node90,4
U_node48node90_t5,0.0,B,U,,node48node90,5
U_node48node94_t0,0.0,B,U,,node48node94,0
U_node48node94_t1,0.0,B,U,,node48node94,1
U_node48node94_t2,0.0,B,U,,node48node94,2
U_node48node94_t3,0.0,B,U,,node48node94,3
U_node48node94_t4,0.0,B,U,,node48node94,4
U_node48node94_t5,0.0,B,U,,node48node94,5
U_node49node97_t0,0.0,B,U,,node49node97,0
U_node49node97_t1,0.0,B,U,,node49node97,1
U_node49node97_t2,0.0,B,U,,node49node97,2
U_node49node97_t3,0.0,B,U,,node49node97,3
U_node49node97_t4,0.0,B,U,,node49node97,4
U_node49node97_t5,0.0,B,U,,node49node97,5
U_node49node107_t0,0.0,B,U,,node49node107,0
U_node49node107_t1,0.0,B,U,,node49node107,1
U_node49node107_t2,0.0,B,U,,node49node107,2
U_node49node107_t3,0.0,B,U,,node49node107,3
U_node49node107_t4,0.0,B,U,,node49node107,4
U_node49node107_t5,0.0,B,U,,node49node107,5
U_node49node114_t0,0.0,B,U,,node49node114,0
U_node49node114_t1,0.0,B,U,,node49node114,1
U_node49node114_t2,0.0,B,U,,node49node114,2
U_node49node114_t3,0.0,B,U,,node49node114,3
U_node49node114_t4,0.0,B,U,,node49node114,4
U_node49node114_t5,0.0,B,U,,node49node114,5
U_node50node58_t0,622.0,B,U,,node50node58,0
U_node50node58_t1,523.71,B,U,,node50node58,1
U_node50node58_t2,371.27,B,U,,node50node58,2
U_node50node58_t3,263.2,B,U,,node50node58,3
U_node50node58_t4,186.59,B,U,,node50node58,4
U_node50node58_t5,132.27,B,U,,node50node58,5
U_node50node91_t0,0.0,B,U,,node50node91,0
U_node50node91_t1,0.0,B,U,,node50node91,1
U_node50node91_t2,0.0,B,U,,node50node91,2
U_node50node91_t3,0.0,B,U,,node50node91,3
U_node50node91_t4,0.0,B,U,,node50node91,4
U_node50node91_t5,0.0,B,U,,node50node91,5
U_node50node98_t0,0.0,B,U,,node50node98,0
U_node50node98_t1,0.0,B,U,,node50node98,1
U_node50node98_t2,0.0,B,U,,node50node98,2
U_node50node98_t3,0.0,B,U,,node50node98,3
U_node50node98_t4,0.0,B,U,,node50node98,4
U_node50node98_t5,0.0,B,U,,node50node98,5
U_node50node100_t0,0.0,B,U,,node50node100,0
U_node50node100_t1,0.0,B,U,,node50node100,1
U_node50node100_t2,0.0,B,U,,node50node100,2
U_node50node100_t3,0.0,B,U,,node50node100,3
U_node50node100_t4,0.0,B,U,,node50node100,4
U_node50node100_t5,0.0,B,U,,node50node100,5
U_node51node85_t0,42.0,B,U,,node51node85,0
U_node51node85_t1,35.36,B,U,,node51node85,1
U_node51node85_t2,25.07,B,U,,node51node85,2
U_node51node85_t3,17.77,B,U,,node51node85,3
U_node51node85_t4,12.6,B,U,,node51node85,4
U_node51node85_t5,8.93,B,U,,node51node85,5
U_node51node109_t0,0.0,B,U,,node51node109,0
U_node51node109_t1,0.0,B,U,,node51node109,1
U_node51node109_t2,0.0,B,U,,node51node109,2
U_node51node109_t3,0.0,B,U,,node51node109,3
U_node51node109_t4,0.0,B,U,,node51node109,4
U_node51node109_t5,0.0,B,U,,node51node109,5
U_node51node112_t0,0.0,B,U,,node51node112,0
U_node51node112_t1,0.0,B,U,,node51node112,1
U_node51node112_t2,0.0,B,U,,node51node112,2
U_node51node112_t3,0.0,B,U,,node51node112,3
U_node51node112_t4,0.0,B,U,,node51node112,4
U_node51node112_t5,0.0,B,U,,node51node112,5
U_node51node114_t0,0.0,B,U,,node51node114,0
U_node51node114_t1,0.0,B,U,,node51node114,1
U_node51node114_t2,0.0,B,U,,node51node114,2
U_node51node114_t3,0.0,B,U,,node51node114,3
U_node51node114_t4,0.0,B,U,,node51node114,4
U_node51node114_t5,0.0,B,U,,node51node114,5
U_node52node83_t0,176.0,B,U,,node52node83,0
U_node52node83_t1,148.19,B,U,,node52node83,1
U_node52node83_t2,105.05,B,U,,node52node83,2
U_node52node83_t3,74.47,B,U,,node52node83,3
U_node52node83_t4,52.8,B,U,,node52node83,4
U_node52node83_t5,37.43,B,U,,node52node83,5
U_node52node107_t0,0.0,B,U,,node52node107,0
U_node52node107_t1,0.0,B,U,,node52node107,1
U_node52node107_t2,0.0,B,U,,node52node107,2
U_node52node107_t3,0.0,B,U,,node52node107,3
U_node52node107_t4,0.0,B,U,,node52node107,4
U_node52node107_t5,0.0,B,U,,node52node107,5
U_node53node93_t0,0.0,B,U,,node53node93,0
U_node53node93_t1,0.0,B,U,,node53node93,1
U_node53node93_t2,0.0,B,U,,node53node93,2
U_node53node93_t3,0.0,B,U,,node53node93,3
U_node53node93_t4,0.0,B,U,,node53node93,4
U_node53node93_t5,0.0,B,U,,node53node93,5
U_node54node96_t0,0.0,B,U,,node54node96,0
U_node54node96_t1,0.0,B,U,,node54node96,1
U_node54node96_t2,0.0,B,U,,node54node96,2
U_node54node96_t3,0.0,B,U,,node54node96,3
U_node54node96_t4,0.0,B,U,,node54node96,4
U_node54node96_t5,0.0,B,U,,node54node96,5
U_node54node102_t0,0.0,B,U,,node54node102,0
U_node54node102_t1,0.0,B,U,,node54node102,1
U_node54node102_t2,0.0,B,U,,node54node102,2
U_node54node102_t3,0.0,B,U,,node54node102,3
U_node54node102_t4,0.0,B,U,,node54node102,4
U_node54node102_t5,0.0,B,U,,node54node102,5
U_node55node103_t0,0.0,B,U,,node55node103,0
U_node55node103_t1,0.0,B,U,,node55node103,1
U_node55node103_t2,0.0,B,U,,node55node103,2
U_node55node103_t3,0.0,B,U,,node55node103,3
U_node55node103_t4,0.0,B,U,,node55node103,4
U_node55node103_t5,0.0,B,U,,node55node103,5
U_node55node104_t0,0.0,B,U,,node55node104,0
U_node55node104_t1,0.0,B,U,,node55node104,1
U_node55node104_t2,0.0,B,U,,node55node104,2
U_node55node104_t3,0.0,B,U,,node55node104,3
U_node55node104_t4,0.0,B,U,,node55node104,4
U_node55node104_t5,0.0,B,U,,node55node104,5
U_node55node110_t0,0.0,B,U,,node55node110,0
U_node55node110_t1,0.0,B,U,,node55node110,1
U_node55node110_t2,0.0,B,U,,node55node110,2
U_node55node110_t3,0.0,B,U,,node55node110,3
U_node55node110_t4,0.0,B,U,,node55node110,4
U_node55node110_t5,0.0,B,U,,node55node110,5
U_node56node71_t0,237.0,B,U,,node56node71,0
U_node56node71_t1,199.55,B,U,,node56node71,1
U_node56node71_t2,141.46,B,U,,node56node71,2
U_node56node71_t3,100.29,B,U,,node56node71,3
U_node56node71_t4,71.09,B,U,,node56node71,4
U_node56node71_t5,50.4,B,U,,node56node71,5
U_node56node64_t0,371.0,B,U,,node56node64,0
U_node56node64_t1,312.37,B,U,,node56node64,1
U_node56node64_t2,221.45,B,U,,node56node64,2
U_node56node64_t3,156.99,B,U,,node56node64,3
U_node56node64_t4,111.29,B,U,,node56node64,4
U_node56node64_t5,78.9,B,U,,node56node64,5
U_node56node90_t0,0.0,B,U,,node56node90,0
U_node56node90_t1,0.0,B,U,,node56node90,1
U_node56node90_t2,0.0,B,U,,node56node90,2
U_node56node90_t3,0.0,B,U,,node56node90,3
U_node56node90_t4,0.0,B,U,,node56node90,4
U_node56node90_t5,0.0,B,U,,node56node90,5
U_node56node97_t0,0.0,B,U,,node56node97,0
U_node56node97_t1,0.0,B,U,,node56node97,1
U_node56node97_t2,0.0,B,U,,node56node97,2
U_node56node97_t3,0.0,B,U,,node56node97,3
U_node56node97_t4,0.0,B,U,,node56node97,4
U_node56node97_t5,0.0,B,U,,node56node97,5
U_node57node65_t0,763.0,B,U,,node57node65,0
U_node57node65_t1,642.43,B,U,,node57node65,1
U_node57node65_t2,455.43,B,U,,node57node65,2
U_node57node65_t3,322.86,B,U,,node57node65,3
U_node57node65_t4,228.88,B,U,,node57node65,4
U_node57node65_t5,162.26,B,U,,node57node65,5
U_node57node91_t0,0.0,B,U,,node57node91,0
U_node57node91_t1,0.0,B,U,,node57node91,1
U_node57node91_t2,0.0,B,U,,node57node91,2
U_node57node91_t3,0.0,B,U,,node57node91,3
U_node57node91_t4,0.0,B,U,,node57node91,4
U_node57node91_t5,0.0,B,U,,node57node91,5
U_node58node65_t0,3906.0,B,U,,node58node65,0
U_node58node65_t1,3288.75,B,U,,node58node65,1
U_node58node65_t2,2331.45,B,U,,node58node65,2
U_node58node65_t3,1652.81,B,U,,node58node65,3
U_node58node65_t4,1171.71,B,U,,node58node65,4
U_node58node65_t5,830.65,B,U,,node58node65,5
U_node58node73_t0,315.0,B,U,,node58node73,0
U_node58node73_t1,265.22,B,U,,node58node73,1
U_node58node73_t2,188.02,B,U,,node58node73,2
U_node58node73_t3,133.29,B,U,,node58node73,3
U_node58node73_t4,94.49,B,U,,node58node73,4
U_node58node73_t5,66.99,B,U,,node58node73,5
U_node58node91_t0,0.0,B,U,,node58node91,0
U_node58node91_t1,0.0,B,U,,node58node91,1
U_node58node91_t2,0.0,B,U,,node58node91,2
U_node58node91_t3,0.0,B,U,,node58node91,3
U_node58node91_t4,0.0,B,U,,node58node91,4
U_node58node91_t5,0.0,B,U,,node58node91,5
U_node58node98_t0,0.0,B,U,,node58node98,0
U_node58node98_t1,0.0,B,U,,node58node98,1
U_node58node98_t2,0.0,B,U,,node58node98,2
U_node58node98_t3,0.0,B,U,,node58node98,3
U_node58node98_t4,0.0,B,U,,node58node98,4
U_node58node98_t5,0.0,B,U,,node58node98,5
U_node59node100_t0,0.0,B,U,,node59node100,0
U_node59node100_t1,0.0,B,U,,node59node100,1
U_node59node100_t2,0.0,B,U,,node59node100,2
U_node59node100_t3,0.0,B,U,,node59node100,3
U_node59node100_t4,0.0,B,U,,node59node100,4
U_node59node100_t5,0.0,B,U,,node59node100,5
U_node59node101_t0,0.0,B,U,,node59node101,0
U_node59node101_t1,0.0,B,U,,node59node101,1
U_node59node101_t2,0.0,B,U,,node59node101,2
U_node59node101_t3,0.0,B,U,,node59node101,3
U_node59node101_t4,0.0,B,U,,node59node101,4
U_node59node101_t5,0.0,B,U,,node59node101,5
U_node60node84_t0,70.0,B,U,,node60node84,0
U_node60node84_t1,58.94,B,U,,node60node84,1
U_node60node84_t2,41.78,B,U,,node60node84,2
U_node60node84_t3,29.62,B,U,,node60node84,3
U_node60node84_t4,21.0,B,U,,node60node84,4
U_node60node84_t5,14.89,B,U,,node60node84,5
U_node60node86_t0,466.0,B,U,,node60node86,0
U_node60node86_t1,392.36,B,U,,node60node86,1
U_node60node86_t2,278.15,B,U,,node60node86,2
U_node60node86_t3,197.19,B,U,,node60node86,3
U_node60node86_t4,139.79,B,U,,node60node86,4
U_node60node86_t5,99.1,B,U,,node60node86,5
U_node60node109_t0,0.0,B,U,,node60node109,0
U_node60node109_t1,0.0,B,U,,node60node109,1
U_node60node109_t2,0.0,B,U,,node60node109,2
U_node60node109_t3,0.0,B,U,,node60node109,3
U_node60node109_t4,0.0,B,U,,node60node109,4
U_node60node109_t5,0.0,B,U,,node60node109,5
U_node60node111_t0,0.0,B,U,,node60node111,0
U_node60node111_t1,0.0,B,U,,node60node111,1
U_node60node111_t2,0.0,B,U,,node60node111,2
U_node60node111_t3,0.0,B,U,,node60node111,3
U_node60node111_t4,0.0,B,U,,node60node111,4
U_node60node111_t5,0.0,B,U,,node60node111,5
U_node61node75_t0,246.0,B,U,,node61node75,0
U_node61node75_t1,207.13,B,U,,node61node75,1
U_node61node75_t2,146.84,B,U,,node61node75,2
U_node61node75_t3,104.09,B,U,,node61node75,3
U_node61node75_t4,73.79,B,U,,node61node75,4
U_node61node75_t5,52.31,B,U,,node61node75,5
U_node61node77_t0,1546.0,B,U,,node61node77,0
U_node61node77_t1,1301.69,B,U,,node61node77,1
U_node61node77_t2,922.79,B,U,,node61node77,2
U_node61node77_t3,654.19,B,U,,node61node77,3
U_node61node77_t4,463.76,B,U,,node61node77,4
U_node61node77_t5,328.77,B,U,,node61node77,5
U_node61node99_t0,0.0,B,U,,node61node99,0
U_node61node99_t1,0.0,B,U,,node61node99,1
U_node61node99_t2,0.0,B,U,,node61node99,2
U_node61node99_t3,0.0,B,U,,node61node99,3
U_node61node99_t4,0.0,B,U,,node61node99,4
U_node61node99_t5,0.0,B,U,,node61node99,5
U_node61node100_t0,0.0,B,U,,node61node100,0
U_node61node100_t1,0.0,B,U,,node61node100,1
U_node61node100_t2,0.0,B,U,,node61node100,2
U_node61node100_t3,0.0,B,U,,node61node100,3
U_node61node100_t4,0.0,B,U,,node61node100,4
U_node61node100_t5,0.0,B,U,,node61node100,5
U_node62node64_t0,1014.0,B,U,,node62node64,0
U_node62node64_t1,853.76,B,U,,node62node64,1
U_node62node64_t2,605.25,B,U,,node62node64,2
U_node62node64_t3,429.07,B,U,,node62node64,3
U_node62node64_t4,304.18,B,U,,node62node64,4
U_node62node64_t5,215.64,B,U,,node62node64,5
U_node62node63_t0,5690.0,B,U,,node62node63,0
U_node62node63_t1,4790.83,B,U,,node62node63,1
U_node62node63_t2,3396.31,B,U,,node62node63,2
U_node62node63_t3,2407.71,B,U,,node62node63,3
U_node62node63_t4,1706.87,B,U,,node62node63,4
U_node62node63_t5,1210.03,B,U,,node62node63,5
U_node62node90_t0,0.0,B,U,,node62node90,0
U_node62node90_t1,0.0,B,U,,node62node90,1
U_node62node90_t2,0.0,B,U,,node62node90,2
U_node62node90_t3,0.0,B,U,,node62node90,3
U_node62node90_t4,0.0,B,U,,node62node90,4
U_node62node90_t5,0.0,B,U,,node62node90,5
U_node63node90_t0,0.0,B,U,,node63node90,0
U_node63node90_t1,0.0,B,U,,node63node90,1
U_node63node90_t2,0.0,B,U,,node63node90,2
U_node63node90_t3,0.0,B,U,,node63node90,3
U_node63node90_t4,0.0,B,U,,node63node90,4
U_node63node90_t5,0.0,B,U,,node63node90,5
U_node64node90_t0,0.0,B,U,,node64node90,0
U_node64node90_t1,0.0,B,U,,node64node90,1
U_node64node90_t2,0.0,B,U,,node64node90,2
U_node64node90_t3,0.0,B,U,,node64node90,3
U_node64node90_t4,0.0,B,U,,node64node90,4
U_node64node90_t5,0.0,B,U,,node64node90,5
U_node65node91_t0,0.0,B,U,,node65node91,0
U_node65node91_t1,0.0,B,U,,node65node91,1
U_node65node91_t2,0.0,B,U,,node65node91,2
U_node65node91_t3,0.0,B,U,,node65node91,3
U_node65node91_t4,0.0,B,U,,node65node91,4
U_node65node91_t5,0.0,B,U,,node65node91,5
U_node66node69_t0,270.0,B,U,,node66node69,0
U_node66node69_t1,227.33,B,U,,node66node69,1
U_node66node69_t2,161.16,B,U,,node66node69,2
U_node66node69_t3,114.25,B,U,,node66node69,3
U_node66node69_t4,80.99,B,U,,node66node69,4
U_node66node69_t5,57.42,B,U,,node66node69,5
U_node66node68_t0,325.0,B,U,,node66node68,0
U_node66node68_t1,273.64,B,U,,node66node68,1
U_node66node68_t2,193.99,B,U,,node66node68,2
U_node66node68_t3,137.52,B,U,,node66node68,3
U_node66node68_t4,97.49,B,U,,node66node68,4
U_node66node68_t5,69.11,B,U,,node66node68,5
U_node66node94_t0,0.0,B,U,,node66node94,0
U_node66node94_t1,0.0,B,U,,node66node94,1
U_node66node94_t2,0.0,B,U,,node66node94,2
U_node66node94_t3,0.0,B,U,,node66node94,3
U_node66node94_t4,0.0,B,U,,node66node94,4
U_node66node94_t5,0.0,B,U,,node66node94,5
U_node67node68_t0,324.0,B,U,,node67node68,0
U_node67node68_t1,272.8,B,U,,node67node68,1
U_node67node68_t2,193.39,B,U,,node67node68,2
U_node67node68_t3,137.1,B,U,,node67node68,3
U_node67node68_t4,97.19,B,U,,node67node68,4
U_node67node68_t5,68.9,B,U,,node67node68,5
U_node67node94_t0,0.0,B,U,,node67node94,0
U_node67node94_t1,0.0,B,U,,node67node94,1
U_node67node94_t2,0.0,B,U,,node67node94,2
U_node67node94_t3,0.0,B,U,,node67node94,3
U_node67node94_t4,0.0,B,U,,node67node94,4
U_node67node94_t5,0.0,B,U,,node67node94,5
U_node68node94_t0,0.0,B,U,,node68node94,0
U_node68node94_t1,0.0,B,U,,node68node94,1
U_node68node94_t2,0.0,B,U,,node68node94,2
U_node68node94_t3,0.0,B,U,,node68node94,3
U_node68node94_t4,0.0,B,U,,node68node94,4
U_node68node94_t5,0.0,B,U,,node68node94,5
U_node69node70_t0,1038.0,B,U,,node69node70,0
U_node69node70_t1,873.97,B,U,,node69node70,1
U_node69node70_t2,619.57,B,U,,node69node70,2
U_node69node70_t3,439.23,B,U,,node69node70,3
U_node69node70_t4,311.38,B,U,,node69node70,4
U_node69node70_t5,220.74,B,U,,node69node70,5
U_node69node94_t0,0.0,B,U,,node69node94,0
U_node69node94_t1,0.0,B,U,,node69node94,1
U_node69node94_t2,0.0,B,U,,node69node94,2
U_node69node94_t3,0.0,B,U,,node69node94,3
U_node69node94_t4,0.0,B,U,,node69node94,4
U_node69node94_t5,0.0,B,U,,node69node94,5
U_node70node94_t0,0.0,B,U,,node70node94,0
U_node70node94_t1,0.0,B,U,,node70node94,1
U_node70node94_t2,0.0,B,U,,node70node94,2
U_node70node94_t3,0.0,B,U,,node70node94,3
U_node70node94_t4,0.0,B,U,,node70node94,4
U_node70node94_t5,0.0,B,U,,node70node94,5
U_node71node72_t0,281.0,B,U,,node71node72,0
U_node71node72_t1,236.59,B,U,,node71node72,1
U_node71node72_t2,167.73,B,U,,node71node72,2
U_node71node72_t3,118.9,B,U,,node71node72,3
U_node71node72_t4,84.29,B,U,,node71node72,4
U_node71node72_t5,59.76,B,U,,node71node72,5
U_node71node97_t0,0.0,B,U,,node71node97,0
U_node71node97_t1,0.0,B,U,,node71node97,1
U_node71node97_t2,0.0,B,U,,node71node97,2
U_node71node97_t3,0.0,B,U,,node71node97,3
U_node71node97_t4,0.0,B,U,,node71node97,4
U_node71node97_t5,0.0,B,U,,node71node97,5
U_node72node97_t0,0.0,B,U,,node72node97,0
U_node72node97_t1,0.0,B,U,,node72node97,1
U_node72node97_t2,0.0,B,U,,node72node97,2
U_node72node97_t3,0.0,B,U,,node72node97,3
U_node72node97_t4,0.0,B,U,,node72node97,4
U_node72node97_t5,0.0,B,U,,node72node97,5
U_node73node74_t0,1124.0,B,U,,node73node74,0
U_node73node74_t1,946.38,B,U,,node73node74,1
U_node73node74_t2,670.91,B,U,,node73node74,2
U_node73node74_t3,475.62,B,U,,node73node74,3
U_node73node74_t4,337.17,B,U,,node73node74,4
U_node73node74_t5,239.03,B,U,,node73node74,5
U_node73node98_t0,0.0,B,U,,node73node98,0
U_node73node98_t1,0.0,B,U,,node73node98,1
U_node73node98_t2,0.0,B,U,,node73node98,2
U_node73node98_t3,0.0,B,U,,node73node98,3
U_node73node98_t4,0.0,B,U,,node73node98,4
U_node73node98_t5,0.0,B,U,,node73node98,5
U_node74node98_t0,0.0,B,U,,node74node98,0
U_node74node98_t1,0.0,B,U,,node74node98,1
U_node74node98_t2,0.0,B,U,,node74node98,2
U_node74node98_t3,0.0,B,U,,node74node98,3
U_node74node98_t4,0.0,B,U,,node74node98,4
U_node74node98_t5,0.0,B,U,,node74node98,5
U_node75node99_t0,0.0,B,U,,node75node99,0
U_node75node99_t1,0.0,B,U,,node75node99,1
U_node75node99_t2,0.0,B,U,,node75node99,2
U_node75node99_t3,0.0,B,U,,node75node99,3
U_node75node99_t4,0.0,B,U,,node75node99,4
U_node75node99_t5,0.0,B,U,,node75node99,5
U_node75node100_t0,0.0,B,U,,node75node100,0
U_node75node100_t1,0.0,B,U,,node75node100,1
U_node75node100_t2,0.0,B,U,,node75node100,2
U_node75node100_t3,0.0,B,U,,node75node100,3
U_node75node100_t4,0.0,B,U,,node75node100,4
U_node75node100_t5,0.0,B,U,,node75node100,5
U_node76node77_t0,395.0,B,U,,node76node77,0
U_node76node77_t1,332.58,B,U,,node76node77,1
U_node76node77_t2,235.77,B,U,,node76node77,2
U_node76node77_t3,167.14,B,U,,node76node77,3
U_node76node77_t4,118.49,B,U,,node76node77,4
U_node76node77_t5,84.0,B,U,,node76node77,5
U_node76node99_t0,0.0,B,U,,node76node99,0
U_node76node99_t1,0.0,B,U,,node76node99,1
U_node76node99_t2,0.0,B,U,,node76node99,2
U_node76node99_t3,0.0,B,U,,node76node99,3
U_node76node99_t4,0.0,B,U,,node76node99,4
U_node76node99_t5,0.0,B,U,,node76node99,5
U_node76node100_t0,0.0,B,U,,node76node100,0
U_node76node100_t1,0.0,B,U,,node76node100,1
U_node76node100_t2,0.0,B,U,,node76node100,2
U_node76node100_t3,0.0,B,U,,node76node100,3
U_node76node100_t4,0.0,B,U,,node76node100,4
U_node76node100_t5,0.0,B,U,,node76node100,5
U_node77node99_t0,0.0,B,U,,node77node99,0
U_node77node99_t1,0.0,B,U,,node77node99,1
U_node77node99_t2,0.0,B,U,,node77node99,2
U_node77node99_t3,0.0,B,U,,node77node99,3
U_node77node99_t4,0.0,B,U,,node77node99,4
U_node77node99_t5,0.0,B,U,,node77node99,5
U_node77node100_t0,0.0,B,U,,node77node100,0
U_node77node100_t1,0.0,B,U,,node77node100,1
U_node77node100_t2,0.0,B,U,,node77node100,2
U_node77node100_t3,0.0,B,U,,node77node100,3
U_node77node100_t4,0.0,B,U,,node77node100,4
U_node77node100_t5,0.0,B,U,,node77node100,5
U_node78node80_t0,101.0,B,U,,node78node80,0
U_node78node80_t1,85.04,B,U,,node78node80,1
U_node78node80_t2,60.29,B,U,,node78node80,2
U_node78node80_t3,42.74,B,U,,node78node80,3
U_node78node80_t4,30.3,B,U,,node78node80,4
U_node78node80_t5,21.48,B,U,,node78node80,5
U_node78node100_t0,0.0,B,U,,node78node100,0
U_node78node100_t1,0.0,B,U,,node78node100,1
U_node78node100_t2,0.0,B,U,,node78node100,2
U_node78node100_t3,0.0,B,U,,node78node100,3
U_node78node100_t4,0.0,B,U,,node78node100,4
U_node78node100_t5,0.0,B,U,,node78node100,5
U_node79node100_t0,0.0,B,U,,node79node100,0
U_node79node100_t1,0.0,B,U,,node79node100,1
U_node79node100_t2,0.0,B,U,,node79node100,2
U_node79node100_t3,0.0,B,U,,node79node100,3
U_node79node100_t4,0.0,B,U,,node79node100,4
U_node79node100_t5,0.0,B,U,,node79node100,5
U_node80node100_t0,0.0,B,U,,node80node100,0
U_node80node100_t1,0.0,B,U,,node80node100,1
U_node80node100_t2,0.0,B,U,,node80node100,2
U_node80node100_t3,0.0,B,U,,node80node100,3
U_node80node100_t4,0.0,B,U,,node80node100,4
U_node80node100_t5,0.0,B,U,,node80node100,5
U_node81node82_t0,747.0,B,U,,node81node82,0
U_node81node82_t1,628.95,B,U,,node81node82,1
U_node81node82_t2,445.88,B,U,,node81node82,2
U_node81node82_t3,316.09,B,U,,node81node82,3
U_node81node82_t4,224.08,B,U,,node81node82,4
U_node81node82_t5,158.86,B,U,,node81node82,5
U_node81node100_t0,0.0,B,U,,node81node100,0
U_node81node100_t1,0.0,B,U,,node81node100,1
U_node81node100_t2,0.0,B,U,,node81node100,2
U_node81node100_t3,0.0,B,U,,node81node100,3
U_node81node100_t4,0.0,B,U,,node81node100,4
U_node81node100_t5,0.0,B,U,,node81node100,5
U_node82node100_t0,0.0,B,U,,node82node100,0
U_node82node100_t1,0.0,B,U,,node82node100,1
U_node82node100_t2,0.0,B,U,,node82node100,2
U_node82node100_t3,0.0,B,U,,node82node100,3
U_node82node100_t4,0.0,B,U,,node82node100,4
U_node82node100_t5,0.0,B,U,,node82node100,5
U_node83node107_t0,0.0,B,U,,node83node107,0
U_node83node107_t1,0.0,B,U,,node83node107,1
U_node83node107_t2,0.0,B,U,,node83node107,2
U_node83node107_t3,0.0,B,U,,node83node107,3
U_node83node107_t4,0.0,B,U,,node83node107,4
U_node83node107_t5,0.0,B,U,,node83node107,5
U_node84node109_t0,0.0,B,U,,node84node109,0
U_node84node109_t1,0.0,B,U,,node84node109,1
U_node84node109_t2,0.0,B,U,,node84node109,2
U_node84node109_t3,0.0,B,U,,node84node109,3
U_node84node109_t4,0.0,B,U,,node84node109,4
U_node84node109_t5,0.0,B,U,,node84node109,5
U_node84node111_t0,0.0,B,U,,node84node111,0
U_node84node111_t1,0.0,B,U,,node84node111,1
U_node84node111_t2,0.0,B,U,,node84node111,2
U_node84node111_t3,0.0,B,U,,node84node111,3
U_node84node111_t4,0.0,B,U,,node84node111,4
U_node84node111_t5,0.0,B,U,,node84node111,5
U_node85node109_t0,0.0,B,U,,node85node109,0
U_node85node109_t1,0.0,B,U,,node85node109,1
U_node85node109_t2,0.0,B,U,,node85node109,2
U_node85node109_t3,0.0,B,U,,node85node109,3
U_node85node109_t4,0.0,B,U,,node85node109,4
U_node85node109_t5,0.0,B,U,,node85node109,5
U_node85node112_t0,0.0,B,U,,node85node112,0
U_node85node112_t1,0.0,B,U,,node85node112,1
U_node85node112_t2,0.0,B,U,,node85node112,2
U_node85node112_t3,0.0,B,U,,node85node112,3
U_node85node112_t4,0.0,B,U,,node85node112,4
U_node85node112_t5,0.0,B,U,,node85node112,5
U_node86node87_t0,1001.0,B,U,,node86node87,0
U_node86node87_t1,842.82,B,U,,node86node87,1
U_node86node87_t2,597.49,B,U,,node86node87,2
U_node86node87_t3,423.57,B,U,,node86node87,3
U_node86node87_t4,300.28,B,U,,node86node87,4
U_node86node87_t5,212.87,B,U,,node86node87,5
U_node86node109_t0,0.0,B,U,,node86node109,0
U_node86node109_t1,0.0,B,U,,node86node109,1
U_node86node109_t2,0.0,B,U,,node86node109,2
U_node86node109_t3,0.0,B,U,,node86node109,3
U_node86node109_t4,0.0,B,U,,node86node109,4
U_node86node109_t5,0.0,B,U,,node86node109,5
U_node86node111_t0,0.0,B,U,,node86node111,0
U_node86node111_t1,0.0,B,U,,node86node111,1
U_node86node111_t2,0.0,B,U,,node86node111,2
U_node86node111_t3,0.0,B,U,,node86node111,3
U_node86node111_t4,0.0,B,U,,node86node111,4
U_node86node111_t5,0.0,B,U,,node86node111,5
U_node87node109_t0,0.0,B,U,,node87node109,0
U_node87node109_t1,0.0,B,U,,node87node109,1
U_node87node109_t2,0.0,B,U,,node87node109,2
U_node87node109_t3,0.0,B,U,,node87node109,3
U_node87node109_t4,0.0,B,U,,node87node109,4
U_node87node109_t5,0.0,B,U,,node87node109,5
U_node87node111_t0,0.0,B,U,,node87node111,0
U_node87node111_t1,0.0,B,U,,node87node111,1
U_node87node111_t2,0.0,B,U,,node87node111,2
U_node87node111_t3,0.0,B,U,,node87node111,3
U_node87node111_t4,0.0,B,U,,node87node111,4
U_node87node111_t5,0.0,B,U,,node87node111,5
U_node88node89_t0,267.0,B,U,,node88node89,0
U_node88node89_t1,224.81,B,U,,node88node89,1
U_node88node89_t2,159.37,B,U,,node88node89,2
U_node88node89_t3,112.98,B,U,,node88node89,3
U_node88node89_t4,80.09,B,U,,node88node89,4
U_node88node89_t5,56.78,B,U,,node88node89,5
U_node88node112_t0,0.0,B,U,,node88node112,0
U_node88node112_t1,0.0,B,U,,node88node112,1
U_node88node112_t2,0.0,B,U,,node88node112,2
U_node88node112_t3,0.0,B,U,,node88node112,3
U_node88node112_t4,0.0,B,U,,node88node112,4
U_node88node112_t5,0.0,B,U,,node88node112,5
U_node89node112_t0,0.0,B,U,,node89node112,0
U_node89node112_t1,0.0,B,U,,node89node112,1
U_node89node112_t2,0.0,B,U,,node89node112,2
U_node89node112_t3,0.0,B,U,,node89node112,3
U_node89node112_t4,0.0,B,U,,node89node112,4
U_node89node112_t5,0.0,B,U,,node89node112,5
