Version identifier: 22.1.1.0 | 2022-11-27 | 9160aff4d
CPXPARAM_Read_DataCheck                          1
CPXPARAM_TimeLimit                               14400
1 of 1 MIP starts provided solutions.
MIP start 'm1' defined initial solution with objective 53610.7100.
Tried aggregator 7 times.
MIP Presolve eliminated 6458 rows and 10069 columns.
MIP Presolve modified 10895 coefficients.
Aggregator did 569 substitutions.
Reduced MIP has 5683 rows, 8012 columns, and 26979 nonzeros.
Reduced MIP has 6062 binaries, 1950 generals, 0 SOSs, and 0 indicators.
Presolve time = 0.14 sec. (84.02 ticks)
Probing time = 0.03 sec. (2.31 ticks)
Tried aggregator 6 times.
MIP Presolve eliminated 817 rows and 1132 columns.
MIP Presolve modified 53 coefficients.
Aggregator did 377 substitutions.
Reduced MIP has 4489 rows, 6503 columns, and 21631 nonzeros.
Reduced MIP has 4733 binaries, 1770 generals, 0 SOSs, and 0 indicators.
Presolve time = 0.06 sec. (42.46 ticks)
Probing time = 0.01 sec. (1.81 ticks)
Tried aggregator 4 times.
Detecting symmetries...
MIP Presolve eliminated 446 rows and 380 columns.
MIP Presolve modified 76 coefficients.
Aggregator did 228 substitutions.
Reduced MIP has 3815 rows, 5895 columns, and 19325 nonzeros.
Reduced MIP has 4125 binaries, 1770 generals, 0 SOSs, and 0 indicators.
Presolve time = 0.05 sec. (28.74 ticks)
Probing time = 0.02 sec. (2.06 ticks)
Clique table members: 7543.
MIP emphasis: balance optimality and feasibility.
MIP search method: dynamic search.
Parallel mode: deterministic, using up to 4 threads.
Root relaxation solution time = 0.09 sec. (54.90 ticks)

        Nodes                                         Cuts/
   Node  Left     Objective  IInf  Best Integer    Best Bound    ItCnt     Gap

*     0+    0                        53610.7100        0.0000           100.00%
      0     0     4540.8850   191    53610.7100     4540.8850     2236   91.53%
      0     0    13025.5203   490    53610.7100     Cuts: 535     3516   75.70%
      0     0    17966.8384   844    53610.7100     Cuts: 533     4781   66.49%
      0     0    19556.2108   768    53610.7100     Cuts: 415     5805   63.52%
      0     0    20398.1037   872    53610.7100     Cuts: 306     6500   61.95%
      0     0    20770.7681  1222    53610.7100     Cuts: 208     7158   61.26%
Detecting symmetries...
      0     0    21048.5103  1154    53610.7100     Cuts: 218     7755   60.74%
      0     0    23191.0692  1479    53610.7100     Cuts: 254     8758   56.74%
      0     0    24033.1466  1487    53610.7100     Cuts: 254     9436   55.17%
      0     0    24305.0171  1613    53610.7100     Cuts: 198    10019   54.66%
      0     0    24460.3128  1620    53610.7100     Cuts: 150    10512   54.37%
      0     0    24703.2660  1596    53610.7100     Cuts: 162    10983   53.92%
      0     0    24839.4178  1626    53610.7100     Cuts: 151    11552   53.67%
      0     0    24897.9447  1634    53610.7100     Cuts: 106    11880   53.56%
      0     0    24968.0507  1694    53610.7100      Cuts: 81    12245   53.43%
      0     0    25039.1604  1747    53610.7100      Cuts: 81    12663   53.29%
      0     0    25090.4270  1764    53610.7100     Cuts: 103    13150   53.20%
      0     0    25138.9092  1745    53610.7100      Cuts: 84    13636   53.11%
      0     0    25183.9335  1750    53610.7100     Cuts: 107    14034   53.02%
      0     0    25223.9805  1833    53610.7100      Cuts: 93    14542   52.95%
      0     0    25250.1594  1843    53610.7100      Cuts: 83    14793   52.90%
      0     0    25284.3100  1862    53610.7100      Cuts: 73    15098   52.84%
      0     0    25305.1574  1860    53610.7100      Cuts: 58    15366   52.80%
      0     0    25326.3543  1829    53610.7100      Cuts: 45    15614   52.76%
      0     0    25350.0805  1861    53610.7100      Cuts: 50    15859   52.71%
      0     0    25403.0093  1798    53610.7100      Cuts: 63    16331   52.62%
      0     0    25449.7432  1786    53610.7100      Cuts: 77    16702   52.53%
      0     0    25474.5274  1835    53610.7100      Cuts: 83    17011   52.48%
      0     0    25528.7032  1880    53610.7100      Cuts: 70    17408   52.38%
      0     0    25744.8658  1860    53610.7100      Cuts: 88    17950   51.98%
      0     0    26094.7737  1903    53610.7100      Cuts: 98    18483   51.33%
      0     0    26197.1328  1837    53610.7100     Cuts: 115    19006   51.13%
      0     0    26242.9101  1819    53610.7100      Cuts: 85    19547   51.05%
      0     0    26262.6168  1872    53610.7100      Cuts: 96    19849   51.01%
      0     0    26271.3510  1904    53610.7100      Cuts: 54    20053   51.00%
      0     0    26286.7340  1824    53610.7100      Cuts: 51    20365   50.97%
      0     0    26301.7797  1868    53610.7100      Cuts: 88    20771   50.94%
      0     0    26333.2592  1895    53610.7100      Cuts: 75    21223   50.88%
      0     0    26354.2465  1886    53610.7100     Cuts: 101    21512   50.84%
      0     0    26362.0843  1941    53610.7100      Cuts: 57    21705   50.83%
Detecting symmetries...
      0     2    26362.0843  1901    53610.7100    26362.0843    21705   50.83%
Elapsed time = 44.61 sec. (13567.36 ticks, tree = 0.02 MB, solutions = 1)
      1     3    26397.5151  1868    53610.7100    26362.3183    22275   50.83%
      3     5    26412.8104  1892    53610.7100    26362.3183    22887   50.83%
      7     9    27923.8617  1622    53610.7100    26412.8147    28432   50.73%
     15    13    27838.3723  1655    53610.7100    26412.9633    33003   50.73%
     23    15    28424.2203  1645    53610.7100    26412.9633    34596   50.73%
     26    25    27963.4624  1680    53610.7100    26412.9633    39390   50.73%
     31    30    30724.1706  1569    53610.7100    26412.9633    45060   50.73%
     34    34    28471.7065  1579    53610.7100    26412.9633    48388   50.73%
     41    41    28478.8387  1573    53610.7100    26412.9633    51923   50.73%
     70    65    28674.1855  1647    53610.7100    26412.9633    73720   50.73%
Elapsed time = 55.12 sec. (17201.36 ticks, tree = 0.25 MB, solutions = 1)
    107    90    29712.3040  1472    53610.7100    26412.9633    82133   50.73%
    129   122    31163.2031  1402    53610.7100    26412.9633    97852   50.73%
    164   147    32932.1514  1470    53610.7100    26412.9633   106657   50.73%
    199   179    34798.6419  1430    53610.7100    26412.9633   119232   50.73%
    249   210    37034.4796  1191    53610.7100    26412.9633   126086   50.73%
    318   233    38592.0443  1324    53610.7100    26412.9633   133014   50.73%
    377   328    35931.6667  1247    53610.7100    26412.9633   157185   50.73%
    469   401    49899.8388   938    53610.7100    26412.9633   172749   50.73%
    512   474    39107.8101  1054    53610.7100    26412.9633   188049   50.73%
    561   482    33172.5981  1361    53610.7100    26412.9633   193979   50.73%
Elapsed time = 86.83 sec. (27016.92 ticks, tree = 1.18 MB, solutions = 1)
    638   548    29689.3358  1471    53610.7100    26412.9633   216892   50.73%
    669   626    29864.3893  1497    53610.7100    26447.7571   237609   50.67%
    685   643    38021.7814  1252    53610.7100    26447.7571   243757   50.67%
    710   659    40480.6588  1174    53610.7100    26447.7571   247076   50.67%
    760   680    28207.7481  1519    53610.7100    26447.7571   254891   50.67%
    819   750    41666.7876   975    53610.7100    26447.7571   271882   50.67%
    926   791    40263.3235  1153    53610.7100    26447.7571   285735   50.67%
   1038   864    36762.9412  1157    53610.7100    26447.7571   303601   50.67%
   1110   996    30283.5150  1491    53610.7100    26447.7571   328132   50.67%
   1245  1142    52217.4185   734    53610.7100    26447.7571   351363   50.67%
Elapsed time = 119.03 sec. (36728.53 ticks, tree = 2.93 MB, solutions = 1)

Performing restart 1

Repeating presolve.
Tried aggregator 1 time.
Reduced MIP has 3815 rows, 5895 columns, and 19325 nonzeros.
Reduced MIP has 4125 binaries, 1770 generals, 0 SOSs, and 0 indicators.
Presolve time = 0.03 sec. (10.38 ticks)
Tried aggregator 1 time.
Reduced MIP has 3815 rows, 5895 columns, and 19325 nonzeros.
Reduced MIP has 4125 binaries, 1770 generals, 0 SOSs, and 0 indicators.
Presolve time = 0.02 sec. (13.07 ticks)
Represolve time = 0.14 sec. (51.59 ticks)
   1315     0    28848.6838  1720    53610.7100    Cuts: 1053   386459   46.19%
   1315     0    30203.7200  1700    53610.7100    Cuts: 1053   388575   43.66%
   1315     0    31229.3908  1800    53610.7100    Cuts: 1053   390539   41.75%
   1315     0    32041.3643  1822    53610.7100    Cuts: 1053   392472   40.23%
   1315     0    32630.5929  1856    53610.7100    Cuts: 1053   394014   39.13%
   1315     0    33242.6631  1827    53610.7100    Cuts: 1053   395815   37.99%
   1315     0    33659.9182  1944    53610.7100    Cuts: 1053   397138   37.21%
   1315     0    34030.5464  1848    53610.7100    Cuts: 1053   398825   36.52%
   1315     0    34446.1399  1862    53610.7100    Cuts: 1053   400762   35.75%
   1315     0    34807.2666  1952    53610.7100    Cuts: 1053   402364   35.07%
   1315     0    35266.2326  1859    53610.7100    Cuts: 1053   404280   34.22%
   1315     0    35571.8432  1945    53610.7100    Cuts: 1053   406304   33.65%
   1315     0    35806.3710  1860    53610.7100    Cuts: 1053   407902   33.21%
   1315     0    35984.6064  1890    53610.7100    Cuts: 1053   409538   32.88%
   1315     0    36182.8858  1917    53610.7100    Cuts: 1053   411110   32.51%
   1315     0    36309.4749  1949    53610.7100    Cuts: 1053   412368   32.27%
   1315     0    36461.0306  1997    53610.7100    Cuts: 1053   413952   31.99%
   1315     0    36599.9322  1889    53610.7100    Cuts: 1053   415384   31.73%
   1315     0    36698.6949  1894    53610.7100    Cuts: 1053   416622   31.55%
   1315     0    36809.0402  1954    53610.7100    Cuts: 1053   417923   31.34%
   1315     0    36895.9040  1890    53610.7100    Cuts: 1053   419331   31.18%
   1315     0    36940.7715  1772    53610.7100    Cuts: 1053   420320   31.09%
   1315     0    37014.1022  1914    53610.7100    Cuts: 1053   421534   30.96%
   1315     0    37042.7712  2012    53610.7100    Cuts: 1053   422535   30.90%
   1315     0    37108.1454  1929    53610.7100    Cuts: 1053   423777   30.78%
   1315     0    37127.7085  1932    53610.7100    Cuts: 1053   424409   30.75%
   1315     0    37166.9160  2007    53610.7100    Cuts: 1053   425313   30.67%
   1315     0    37227.8582  1811    53610.7100    Cuts: 1053   426364   30.56%
   1315     0    37269.3860  1890    53610.7100    Cuts: 1053   427268   30.48%
   1315     0    37326.5308  1959    53610.7100     Cuts: 951   428345   30.37%
   1315     0    37359.3758  1995    53610.7100    Cuts: 1053   429114   30.31%
   1315     0    37379.8501  1995    53610.7100     Cuts: 899   430000   30.28%
   1315     0    37418.2583  1942    53610.7100     Cuts: 980   430902   30.20%
   1315     0    37473.6398  1930    53610.7100     Cuts: 977   431996   30.10%
   1315     0    37498.2273  1926    53610.7100    Cuts: 1053   432845   30.05%
   1315     0    37512.3192  1864    53610.7100    Cuts: 1053   433449   30.03%
   1315     0    37530.8617  2039    53610.7100     Cuts: 784   434185   29.99%
   1315     0    37544.6606  1870    53610.7100    Cuts: 1005   434945   29.97%
   1315     0    37561.3115  1875    53610.7100     Cuts: 880   435735   29.94%
   1315     0    37582.2411  1857    53610.7100    Cuts: 1053   436425   29.90%
   1315     0    37603.0474  1943    53610.7100     Cuts: 860   437158   29.86%
   1315     0    37616.9453  2005    53610.7100     Cuts: 726   437867   29.83%
   1315     0    37636.4624  1981    53610.7100     Cuts: 664   438502   29.80%
   1315     0    37654.1554  1972    53610.7100     Cuts: 841   439251   29.76%
   1315     0    37672.6606  2036    53610.7100     Cuts: 912   440096   29.73%
   1315     0    37682.3927  1984    53610.7100    Cuts: 1053   440745   29.71%
   1315     0    37695.7504  1815    53610.7100     Cuts: 785   441360   29.69%
   1315     0    37711.0178  1937    53610.7100     Cuts: 975   442116   29.66%
   1315     0    37742.6292  1928    53610.7100     Cuts: 908   443107   29.60%
   1315     0    37760.2288  1960    53610.7100    Cuts: 1053   443893   29.57%
   1315     0    37785.7944  2020    53610.7100     Cuts: 803   444871   29.52%
   1315     0    37802.3307  2066    53610.7100    Cuts: 1053   445624   29.49%
   1315     0    37816.2504  1960    53610.7100    Cuts: 1053   446357   29.46%
   1315     0    37830.5397  1943    53610.7100     Cuts: 897   447105   29.43%
   1315     0    37843.6848  1866    53610.7100     Cuts: 941   447988   29.41%
   1315     0    37844.7001  1982    53610.7100    Cuts: 1053   448380   29.41%
   1315     0    37860.1759  1912    53610.7100    Cuts: 1025   449305   29.38%
   1315     0    37861.0414  2021    53610.7100    Cuts: 1053   449742   29.38%
   1315     0    37919.5719  1941    53610.7100     Cuts: 876   450528   29.27%
   1315     0    37974.4585  1980    53610.7100    Cuts: 1053   451310   29.17%
   1315     0    37992.3476  2038    53610.7100    Cuts: 1053   451985   29.13%
   1315     2    37992.3476  1942    53610.7100    37992.3476   451985   29.13%
   1318     5    38154.9665  1837    53610.7100    38005.2441   453616   29.11%
   1322     9    38182.5650  1794    53610.7100    38005.2441   455604   29.11%
   1329    14    43167.3421  1565    53610.7100    38005.2441   460549   29.11%
   1335    13    38238.1580  1802    53610.7100    38005.2441   461877   29.11%
   1338    22    38268.0366  1807    53610.7100    38005.2441   470924   29.11%
   1341    25    38762.3733  1787    53610.7100    38005.2441   476872   29.11%
   1343    22    39544.2847  1734    53610.7100    38005.2441   466183   29.11%
   1348     3    38273.4657  1793    53610.7100    38005.2441   453613   29.11%
   1352    37    39963.5183  1761    53610.7100    38005.2441   493235   29.11%
Elapsed time = 320.02 sec. (100582.03 ticks, tree = 0.14 MB, solutions = 1)
   1356    40    40692.0507  1775    53610.7100    38169.6431   497303   28.80%
   1359    46    40046.0477  1837    53610.7100    38169.6431   511233   28.80%
   1371    51    40068.1019  1787    53610.7100    38169.6431   514410   28.80%
   1389    62    40163.9500  1807    53610.7100    38169.6431   541402   28.80%
   1402    65    40164.3840  1796    53610.7100    38169.6431   541619   28.80%
   1410    67    40532.0468  1743    53610.7100    38169.6431   553341   28.80%
   1428   102    42346.0333  1720    53610.7100    38169.6431   572592   28.80%
   1449   111    38912.6427  1783    53610.7100    38169.6431   582809   28.80%
   1473   110    39161.2507  1818    53610.7100    38169.6431   588722   28.80%
   1488   153    39116.2556  1702    53610.7100    38169.6431   619225   28.80%
Elapsed time = 352.59 sec. (110816.13 ticks, tree = 0.34 MB, solutions = 1)
   1502   139    41591.0004  1660    53610.7100    38169.6431   614573   28.80%
   1523   187    40813.1731  1740    53610.7100    38169.6431   641910   28.80%
   1535   189    40845.6567  1688    53610.7100    38169.6431   646111   28.80%
   1544   196    40325.4594  1744    53610.7100    38169.6431   658355   28.80%
   1563   203    40484.5431  1732    53610.7100    38169.6431   663468   28.80%
   1573   220    39048.5313  1721    53610.7100    38169.6431   684692   28.80%
   1583   251    41118.2186  1767    53610.7100    38169.6431   711552   28.80%
   1589   253    41137.5329  1774    53610.7100    38169.6431   714257   28.80%
   1601   258    41656.0493  1672    53610.7100    38169.6431   718838   28.80%
   1609   281    41181.6446  1725    53610.7100    38169.6431   744257   28.80%
Elapsed time = 389.36 sec. (121304.97 ticks, tree = 0.75 MB, solutions = 1)
   1615   286    41563.7363  1691    53610.7100    38169.6431   748854   28.80%
   1634   297    39333.2918  1672    53610.7100    38169.6431   748101   28.80%
   1646   305    41633.2759  1730    53610.7100    38169.6431   766875   28.80%
   1658   297    41962.7164  1385    53610.7100    38169.6431   763829   28.80%
   1678   302    40743.3642  1209    53610.7100    38169.6431   766219   28.80%
   1691   342    40252.3171  1690    53610.7100    38169.6431   798785   28.80%
   1708   365    41236.2039  1394    53610.7100    38169.6431   819925   28.80%
   1750   377    41045.2527  1423    53610.7100    38169.6431   822786   28.80%
   1786   402    41385.9768  1584    53610.7100    38169.6431   834301   28.80%
   1817   411    42457.8687  1560    53610.7100    38169.6431   837357   28.80%
Elapsed time = 424.33 sec. (131781.27 ticks, tree = 3.21 MB, solutions = 1)
   1859   427    39356.4043  1640    53610.7100    38169.6431   856848   28.80%
   1894   506    42618.8402  1503    53610.7100    38169.6431   878869   28.80%
   1942   497    42050.8083  1319    53610.7100    38169.6431   874384   28.80%
   1982   535    40918.8006  1441    53610.7100    38169.6431   888765   28.80%
   2018   546    41063.7669  1453    53610.7100    38169.6431   891745   28.80%
   2053   580    40066.9533  1625    53610.7100    38169.6431   902924   28.80%
   2086   684    42102.3903  1470    53610.7100    38169.6431   922620   28.80%
   2118   730    41269.3630  1369    53610.7100    38169.6431   940261   28.80%
   2158   739    41404.6767  1338    53610.7100    38169.6431   943430   28.80%
   2200   791    44362.2405  1478    53610.7100    38169.6431   959764   28.80%
Elapsed time = 457.80 sec. (141511.18 ticks, tree = 19.78 MB, solutions = 1)
   2258   915    43084.2815  1202    53610.7100    38169.6431   990345   28.80%
   2324   872    43251.3371  1289    53610.7100    38169.6431   983514   28.80%
   2389   947    43828.6721  1436    53610.7100    38169.6431   998296   28.80%
   2442  1075    43851.8151  1149    53610.7100    38169.6431  1024108   28.80%
   2487   985    41503.1638  1216    53610.7100    38169.6431  1007746   28.80%
   2541  1094    44336.5570  1207    53610.7100    38169.6431  1030310   28.80%
   2579  1133    44209.4497  1359    53610.7100    38169.6431  1034963   28.80%
   2620  1181    41634.1967  1174    53610.7100    38169.6431  1040167   28.80%
   2683  1209    44559.0936  1311    53610.7100    38169.6431  1052136   28.80%
   2767  1321    42838.3384  1142    53610.7100    38169.6431  1073191   28.80%
Elapsed time = 491.50 sec. (151275.54 ticks, tree = 44.15 MB, solutions = 1)
   2844  1326    51116.2146  1324    53610.7100    38169.6431  1071136   28.80%
   2912  1459    50849.1584  1369    53610.7100    38169.6431  1100632   28.80%
   2952  1512    44257.7301   908    53610.7100    38169.6431  1108707   28.80%
   3026  1634    52633.3787  1202    53610.7100    38169.6431  1131652   28.80%
   3112  1629    45298.0757  1261    53610.7100    38169.6431  1126942   28.80%
   3200  1742    44579.7932  1129    53610.7100    38169.6431  1148465   28.80%
   3254  1789    45681.4963  1227    53610.7100    38169.6431  1152878   28.80%
   3305  1810    39619.1943  1737    53610.7100    38169.6431  1161102   28.80%
   3359  1878    45009.5100   952    53610.7100    38169.6431  1172787   28.80%
   3521  2126    47134.1305  1184    53610.7100    38169.6431  1222053   28.80%
Elapsed time = 535.20 sec. (164004.91 ticks, tree = 79.84 MB, solutions = 1)
   3730  2339    42180.8209  1769    53610.7100    38169.6431  1275928   28.80%
   3815  2390    43820.0862  1464    53610.7100    38292.0370  1297168   28.57%
   3937  2542    44233.9995  1443    53610.7100    38292.0370  1363129   28.57%
   4057  2624    47953.6413  1482    53610.7100    38292.0370  1386321   28.57%
   4246  2732    44810.0264  1549    53610.7100    38292.0370  1423186   28.57%
   4458  2968    48859.8342  1128    53610.7100    38292.0370  1473788   28.57%
   4774  3267    47541.1056  1081    53610.7100    38292.0370  1530666   28.57%
   4985  3521    48087.1783  1080    53610.7100    38292.0370  1556963   28.57%
   5121  3693    49709.1578   826    53610.7100    38292.0370  1578042   28.57%
   5341  3853    52384.5709   896    53610.7100    38292.0370  1603741   28.57%
Elapsed time = 668.36 sec. (202398.28 ticks, tree = 157.85 MB, solutions = 1)
   5459  4029    48864.3745  1150    53610.7100    38292.0370  1642781   28.57%
   5539  4083    47451.6696  1764    53610.7100    38655.4470  1680130   27.90%
   5585  4138    39104.3719  1998    53610.7100    38755.0957  1717386   27.71%
   5625  4191    42445.6431  1962    53610.7100    38755.0957  1763343   27.71%
   5712  4254    43887.2392  1963    53610.7100    38755.0957  1796995   27.71%
   5802  4323    44765.0257  1697    53610.7100    38755.0957  1845156   27.71%
   5915  4469    48781.9638  1625    53610.7100    38755.0957  1899599   27.71%
   6071  4539    47011.6307  1764    53610.7100    38755.0957  1924745   27.71%
   6164  4740    39586.2577  1930    53610.7100    38755.0957  1975679   27.71%
   6205  4767    42292.5390  1730    53610.7100    38912.6434  1993283   27.42%
Elapsed time = 810.34 sec. (241198.00 ticks, tree = 203.20 MB, solutions = 1)
   6275  4812    46968.8173  1753    53610.7100    38931.3434  2022756   27.38%
   6364  4889    50438.1442  1619    53610.7100    38931.3434  2067596   27.38%
   6493  4977    49561.7371  1382    53610.7100    38931.3434  2103394   27.38%
   6604  5092    49421.9417  1355    53610.7100    38959.7947  2147014   27.33%
   6755  5293    48298.0980  1150    53610.7100    38959.7947  2212792   27.33%
   6908  5416    46307.4606  1734    53610.7100    38959.7947  2251282   27.33%
   7036  5465    47946.6244  1542    53610.7100    39018.1080  2261866   27.22%
   7147  5619    48685.8680  1569    53610.7100    39018.1080  2308726   27.22%
   7330  5714    47136.4354  1682    53610.7100    39018.1080  2350099   27.22%
   7459  5921    48292.3896  1596    53610.7100    39026.2526  2392070   27.20%
Elapsed time = 953.05 sec. (279625.57 ticks, tree = 248.30 MB, solutions = 1)
   7603  6107    50802.0648  1451    53610.7100    39030.4959  2434895   27.20%
   7671  6091    42741.5318  2021    53610.7100    39034.0263  2453349   27.19%
   7723  6171    43925.9657  1968    53610.7100    39037.0626  2481029   27.18%
   7774  6263    45321.7728  1852    53610.7100    39037.0626  2523932   27.18%
   7830  6329    43720.4942  1573    53610.7100    39037.0626  2570363   27.18%
   7940  6384    49157.2443  1563    53610.7100    39037.0626  2595403   27.18%
   8046  6503    48381.2517  1721    53610.7100    39037.0626  2657941   27.18%
   8183  6595    47987.2422  1195    53610.7100    39037.0626  2682508   27.18%
   8311  6736    48522.1949  1534    53610.7100    39037.0626  2737943   27.18%
   8392  6760    47840.0230  1394    53610.7100    39037.0626  2745379   27.18%
Elapsed time = 1097.05 sec. (318087.56 ticks, tree = 284.03 MB, solutions = 1)
   8506  6934    49923.6004  1395    53610.7100    39037.0626  2796885   27.18%
   8667  7136    46544.2959  1721    53610.7100    39037.0626  2866891   27.18%
   8775  7243    46212.3161  1685    53610.7100    39045.2341  2901698   27.17%
   8923  7267    50742.3602  1931    53610.7100    39057.5378  2919902   27.15%
   9060  7505    52323.3532  1866    53610.7100    39062.5580  2977504   27.14%
   9148  7583    47697.3494  1683    53610.7100    39063.3787  3013231   27.14%
   9244  7633    48979.2948  1654    53610.7100    39063.3787  3024025   27.14%
   9341  7682    42142.2767  1966    53610.7100    39063.3787  3055593   27.14%
   9405  7891    43484.0324  1656    53610.7100    39065.4975  3141451   27.13%
   9498  7948    45983.8382  1629    53610.7100    39065.4975  3167882   27.13%
Elapsed time = 1241.34 sec. (356466.38 ticks, tree = 326.42 MB, solutions = 1)
   9595  7974    48576.4515  1712    53610.7100    39065.4975  3186686   27.13%
   9727  8072    51703.0122  1516    53610.7100    39065.4975  3225635   27.13%
   9856  8247    52821.2305  1144    53610.7100    39069.7643  3290319   27.12%
   9988  8298    39874.7000  1981    53610.7100    39069.7643  3315006   27.12%
  10098  8395    43330.8297  1919    53610.7100    39071.5037  3361551   27.12%
  10214  8480    45073.0296  1711    53610.7100    39072.0485  3388392   27.12%
  10376  8632    47027.1888  1791    53610.7100    39072.0485  3440225   27.12%
  10503  8938    48700.6372  1700    53610.7100    39074.1674  3523750   27.11%
  10677  9001    51064.3475  1547    53610.7100    39074.1674  3534253   27.11%
  10760  8974    50013.8788  1418    53610.7100    39077.2111  3554482   27.11%
Elapsed time = 1388.83 sec. (394855.43 ticks, tree = 365.24 MB, solutions = 1)
  10897  9128    51081.0173  1419    53610.7100    39077.2111  3575437   27.11%
  11038  9394    47812.0559  1726    53610.7100    39086.8252  3657843   27.09%
  11102  9434    45645.7205  1837    53610.7100    39086.8252  3686666   27.09%
  11183  9507    45549.1841  1552    53610.7100    39087.5234  3720473   27.09%
  11268  9652    45729.8607  1881    53610.7100    39087.5234  3780126   27.09%
  11403  9707    47498.2840  1611    53610.7100    39088.7986  3790571   27.09%
  11598  9784    50701.2374  1457    53610.7100    39088.7986  3849159   27.09%
  11713  9950    44448.5980  1899    53610.7100    39088.7986  3902734   27.09%
  11783 10083    46437.5442  1811    53610.7100    39090.8266  3942398   27.08%
  11861 10200    49082.8309  1638    53610.7100    39101.5532  3982962   27.06%
Elapsed time = 1533.86 sec. (433378.05 ticks, tree = 412.43 MB, solutions = 1)
  11954 10224    42482.3695  1798    53610.7100    39101.5532  4012426   27.06%
  12002 10374    43115.9391  1692    53610.7100    39101.5532  4088559   27.06%
  12057 10390    45985.5929  1588    53610.7100    39101.5532  4099547   27.06%
  12136 10434    47400.0689  1648    53610.7100    39101.5532  4126837   27.06%
  12261 10462    48632.7612  1718    53610.7100    39101.5532  4137200   27.06%
  12332 10486    48899.8030  1677    53610.7100    39101.5532  4164824   27.06%
  12421 10628    52257.8982  1440    53610.7100    39101.5532  4222538   27.06%
  12525 10666    52144.7840  1638    53610.7100    39105.3921  4251473   27.06%
  12654 10852    52578.0289   721    53610.7100    39107.1597  4294651   27.05%
  12743 11032    52533.3694   795    53610.7100    39108.1299  4372458   27.05%
Elapsed time = 1681.81 sec. (472344.31 ticks, tree = 452.50 MB, solutions = 1)
  12804 11045    42355.1821  1774    53610.7100    39108.1299  4411180   27.05%
  12852 11035    46416.7771  1655    53610.7100    39108.2842  4403955   27.05%
  12913 11100    47826.9037  1779    53610.7100    39108.2842  4452689   27.05%
  12985 11194    47596.6530  1852    53610.7100    39108.2842  4492740   27.05%
  13058 11212    49515.2428  1829    53610.7100    39108.2842  4503353   27.05%
  13150 11398    50456.9200  1766    53610.7100    39108.2842  4626691   27.05%
  13258 11418    51219.5929  1721    53610.7100    39108.2842  4637016   27.05%
  13339 11538    41386.7535  1808    53610.7100    39108.2842  4701699   27.05%
  13404 11653    44700.9785  1905    53610.7100    39114.8289  4755514   27.04%
  13525 11630    44517.2054  1978    53610.7100    39114.8289  4745113   27.04%
Elapsed time = 1828.27 sec. (511142.14 ticks, tree = 481.65 MB, solutions = 1)
  13646 11798    46202.2122  1837    53610.7100    39114.8289  4828130   27.04%
  13765 11766    49772.1491  1638    53610.7100    39114.8289  4795285   27.04%
  13886 12014    52583.7954  1635    53610.7100    39114.8289  4880482   27.04%
  13966 12129    40929.6580  1967    53610.7100    39116.3374  4936275   27.04%
  14023 12165    44179.7114  1858    53610.7100    39116.3374  4966747   27.04%
  14084 12277    50460.3463  1499    53610.7100    39116.3374  5013108   27.04%
  14181 12309    53360.2180  1325    53610.7100    39116.3374  5023644   27.04%
  14248 12376    42533.2469  2024    53610.7100    39123.2569  5087953   27.02%
  14323 12405    43864.6286  1810    53610.7100    39128.5351  5097591   27.01%
  14416 12441    45497.3558  1962    53610.7100    39128.5351  5107431   27.01%
Elapsed time = 1976.09 sec. (549707.29 ticks, tree = 498.64 MB, solutions = 1)
  14544 12504    47242.5865  1753    53610.7100    39128.5351  5165525   27.01%
  14659 12741    40418.8681  1942    53610.7100    39140.7386  5270194   26.99%
  14843 12764    43692.3036  1796    53610.7100    39140.7386  5280178   26.99%
  14968 12897    43840.7456  1860    53610.7100    39140.7386  5302990   26.99%
  15060 12909    46756.3426  1606    53610.7100    39146.2515  5313349   26.98%
  15164 12932    50015.9734  1549    53610.7100    39146.2515  5324346   26.98%
  15300 13350    44499.9698  1859    53610.7100    39150.1331  5470659   26.97%
  15429 13280    53324.9361  1433    53610.7100    39157.1452  5456023   26.96%
  15588 13434    51930.6257  1766    53610.7100    39157.1452  5491165   26.96%
  15693 13788    39978.7754  2089    53610.7100    39172.0094  5595292   26.93%
Elapsed time = 2125.74 sec. (588151.63 ticks, tree = 572.68 MB, solutions = 1)
  15790 13577    44187.2572  1933    53610.7100    39172.0094  5543910   26.93%
  15888 13610    49048.8439  1690    53610.7100    39172.0094  5554163   26.93%
  15992 14057    50285.7342  1429    53610.7100    39172.0094  5682996   26.93%
  16063 14093    44366.7033  1960    53610.7100    39173.0665  5741942   26.93%
  16145 14109    51491.6435  1331    53610.7100    39173.0665  5732438   26.93%
  16248 14238    43722.3071  2062    53610.7100    39178.8348  5829975   26.92%
  16313 14138    49890.0116  1652    53610.7100    39178.8348  5781700   26.92%
  16437 14393    51164.7811  1512    53610.7100    39178.8348  5870658   26.92%
  16601 14518    50696.4028  1570    53610.7100    39187.7927  5950416   26.90%
  16685 14659    40898.3654  2074    53610.7100    39193.7950  5979640   26.89%
Elapsed time = 2273.91 sec. (626556.98 ticks, tree = 604.58 MB, solutions = 1)
  16805 14553    43478.0513  1982    53610.7100    39193.7950  5969950   26.89%
  16890 14744    47589.5718  1645    53610.7100    39203.2896  6013480   26.87%
  16971 14769    49949.2883  1534    53610.7100    39203.2896  6024007   26.87%
  17062 14868    53264.3801  1709    53610.7100    39203.2896  6062837   26.87%
  17128 15090    39787.1947  2025    53610.7100    39220.3873  6165663   26.84%
  17189 15026    52481.9483  1556    53610.7100    39220.3873  6147728   26.84%
  17283 15201    43464.2948  1972    53610.7100    39225.4985  6235383   26.83%
  17376 15185    52613.9990  1666    53610.7100    39225.4985  6227924   26.83%
  17473 15263    46427.0763  1885    53610.7100    39239.7150  6255105   26.81%
  17587 15387    42994.5002  1888    53610.7100    39239.7150  6341523   26.81%
Elapsed time = 2422.20 sec. (665141.03 ticks, tree = 645.12 MB, solutions = 1)
  17752 15541    51244.3632  1366    53610.7100    39239.7150  6373010   26.81%
  17950 15566    50996.2366  1635    53610.7100    39246.9996  6397050   26.79%
  18037 15749    48100.7780  1562    53610.7100    39246.9996  6468266   26.79%
  18119 15599    41482.7451  1912    53610.7100    39246.9996  6416665   26.79%
  18194 15881    43149.6049  1909    53610.7100    39265.7403  6508057   26.76%
  18246 16153    40979.2130  2020    53610.7100    39265.7403  6589714   26.76%
  18299 16201    49531.5561  1721    53610.7100    39265.7403  6622039   26.76%
  18371 16248    48504.9411  1665    53610.7100    39265.7403  6650182   26.76%
  18473 16289    50007.3529  1024    53610.7100    39265.7403  6661759   26.76%
  18635 16360    52837.5698   731    53610.7100    39265.8079  6674720   26.76%
Elapsed time = 2574.34 sec. (703696.26 ticks, tree = 699.19 MB, solutions = 1)
  18760 16378    40336.1138  2079    53610.7100    39265.8079  6762969   26.76%
  18808 16389    41441.3151  1913    53610.7100    39272.2173  6773463   26.75%
  18873 16706    45379.1543  1732    53610.7100    39272.2173  6875111   26.75%
  18955 16567    44779.7641  1871    53610.7100    39272.2173  6819371   26.75%
  19096 16771    48205.0014  1681    53610.7100    39272.2173  6917160   26.75%
  19181 16815    50610.4946  1539    53610.7100    39272.2173  6948213   26.75%
  19275 16843    51429.4011  1120    53610.7100    39272.2173  6958839   26.75%
  19396 16857    41496.7151  1963    53610.7100    39272.2173  6969064   26.75%
  19472 17215    48002.3829  1897    53610.7100    39272.3909  7124584   26.75%
  19549 17254    49830.0804  1730    53610.7100    39272.3909  7135123   26.75%
Elapsed time = 2726.89 sec. (742382.29 ticks, tree = 748.05 MB, solutions = 1)
  19664 17346    44204.0165  2055    53610.7100    39279.3642  7204130   26.73%
  19785 17385    40380.6992  2038    53610.7100    39279.3642  7155190   26.73%
  19870 17438        cutoff          53610.7100    39296.3087  7245859   26.70%
  19935 17400        cutoff          53610.7100    39296.3087  7235756   26.70%
  20015 17723    52566.7131  1696    53610.7100    39296.3087  7356712   26.70%
  20090 17740    40602.6942  1924    53610.7100    39296.3087  7367207   26.70%
  20188 17768    41874.6840  1934    53610.7100    39296.3087  7377708   26.70%
  20297 17968    45620.1766  1876    53610.7100    39323.8675  7493116   26.65%
  20422 18004    47307.4840  1833    53610.7100    39323.8675  7503188   26.65%
  20565 17887    53379.6588  1310    53610.7100    39323.8675  7452079   26.65%
Elapsed time = 2877.33 sec. (780836.98 ticks, tree = 783.78 MB, solutions = 1)
  20639 18316    47332.9027  1822    53610.7100    39323.9899  7614626   26.65%
  20706 18226    40390.2835  2087    53610.7100    39323.9899  7586767   26.65%
  20773 18248    43599.1389  1881    53610.7100    39323.9899  7596811   26.65%
  20824 18398    40863.3535  1861    53610.7100    39323.9899  7665219   26.65%
  20889 18441    46280.8432  1408    53610.7100    39333.9453  7697074   26.63%
  20977 18571    48854.6881  1655    53610.7100    39333.9453  7737816   26.63%
  21115 18642    52624.9167  1475    53610.7100    39333.9453  7748215   26.63%
  21231 18656    45724.8805  1603    53610.7100    39333.9453  7758685   26.63%
  21318 18963    53196.7329  1376    53610.7100    39333.9453  7925054   26.63%
  21435 18906    48320.9211  1602    53610.7100    39333.9453  7896419   26.63%
Elapsed time = 3030.41 sec. (819659.66 ticks, tree = 826.48 MB, solutions = 1)
  21527 18806    45868.6380  1894    53610.7100    39336.1679  7870402   26.63%
  21627 18959    52604.3288  1485    53610.7100    39336.1679  7917506   26.63%
  21771 19339    45789.4585  1879    53610.7100    39336.1679  8089354   26.63%
  21870 19367    47497.2270  1816    53610.7100    39336.1679  8099361   26.63%
  21956 19230    42096.4852  1813    53610.7100    39337.2744  8036180   26.62%
  22063 19435    53331.6783  1463    53610.7100    39337.2744  8117847   26.62%
  22129 19644    49472.2788  1975    53610.7100    39343.9580  8215764   26.61%
  22196 19485    43854.0009  1864    53610.7100    39343.9580  8160976   26.61%
  22280 19568    44924.4752  1987    53610.7100    39355.3068  8201431   26.59%
  22334 19730    41975.2753  1895    53610.7100    39355.3068  8241634   26.59%
Elapsed time = 3186.63 sec. (858176.11 ticks, tree = 873.92 MB, solutions = 1)
  22381 20018    46221.6268  1609    53610.7100    39355.3068  8409919   26.59%
  22447 19842    47580.9086  1578    53610.7100    39355.3068  8323716   26.59%
  22506 19908    40681.3029  2077    53610.7100    39357.5047  8361414   26.59%
  22594 19927    43815.5252  1924    53610.7100    39357.5047  8371319   26.59%
  22705 20169    45423.4783  2025    53610.7100    39357.7821  8501013   26.59%
  22806 20196    47195.9539  1989    53610.7100    39358.4262  8510833   26.58%
  22917 20311    44406.9165  1879    53610.7100    39358.4262  8596392   26.58%
  23058 20291        cutoff          53610.7100    39358.4262  8567008   26.58%
  23153 20373    47897.6811  1797    53610.7100    39358.4262  8616515   26.58%
  23248 20776    49585.0379  1541    53610.7100    39369.0654  8757970   26.56%
Elapsed time = 3341.84 sec. (896715.93 ticks, tree = 931.21 MB, solutions = 1)
  23374 20687    46494.5004  1766    53610.7100    39369.0654  8729406   26.56%
  23477 20732    48486.3828  1802    53610.7100    39369.0654  8739398   26.56%
  23572 20774    50630.5535  1510    53610.7100    39378.4004  8749376   26.55%
  23643 20923    46870.9045  1694    53610.7100    39378.4004  8845131   26.55%
  23695 21069    44019.6947  2084    53610.7100    39378.4004  8891947   26.55%
  23753 20972    52863.3201  1059    53610.7100    39378.4004  8866305   26.55%
  23811 21178    44164.2669  1824    53610.7100    39378.4004  8948215   26.55%
  23875 21318    44624.7184  2202    53610.7100    39381.1813  9008056   26.54%
  23946 21345    47653.6688  2014    53610.7100    39381.1813  9017637   26.54%
  24026 21362    49867.5575  1946    53610.7100    39381.1813  9027383   26.54%
Elapsed time = 3496.77 sec. (935381.66 ticks, tree = 959.33 MB, solutions = 1)
  24139 21401    53030.9247  1721    53610.7100    39381.1813  9074563   26.54%
  24220 21536    42296.9441  1973    53610.7100    39382.0095  9168050   26.54%
  24263 21558    49895.4245  1154    53610.7100    39382.0095  9153063   26.54%
  24319 21604    50557.9691  1265    53610.7100    39382.0095  9163816   26.54%
  24387 21573    45138.7167  1858    53610.7100    39382.0095  9197620   26.54%
  24439 21885    41949.1320  2006    53610.7100    39396.2820  9316057   26.51%
  24501 21923    43061.7318  1946    53610.7100    39396.2820  9325966   26.51%
  24570 21946    45263.8191  1800    53610.7100    39396.2820  9335886   26.51%
  24646 22043    47473.1137  1780    53610.7100    39396.2820  9390604   26.51%
  24704 21950    45343.7570  1763    53610.7100    39396.2820  9378007   26.51%
Elapsed time = 3668.31 sec. (974103.85 ticks, tree = 998.59 MB, solutions = 1)
  24769 22112    49215.1178  1530    53610.7100    39412.3818  9434921   26.48%
  24868 22176    53101.4655  1596    53610.7100    39412.3818  9483801   26.48%
  24946 22166    44804.1711  1847    53610.7100    39431.1113  9455599   26.45%
  25001 22209    50807.9875  1232    53610.7100    39431.1113  9529704   26.45%
  25110 22423    52509.9936   380    53610.7100    39445.1525  9602652   26.42%
  25181 22305    44369.3170  2001    53610.7100    39445.1525  9586561   26.42%
  25217 22572    45129.8957  1948    53610.7100    39455.5716  9725094   26.40%
  25254 22589    47020.8120  1961    53610.7100    39455.5716  9734610   26.40%
  25298 22606    48446.3022  1744    53610.7100    39455.5716  9744169   26.40%
  25354 22627    52297.2818  1685    53610.7100    39455.5716  9753203   26.40%
Elapsed time = 3820.36 sec. (1012891.58 ticks, tree = 1028.77 MB, solutions = 1)
  25449 22656        cutoff          53610.7100    39455.5716  9763433   26.40%
  25513 22732    49809.5648  1629    53610.7100    39465.3936  9828931   26.39%
  25580 22837    40782.4383  2054    53610.7100    39465.3936  9900006   26.39%
  25675 22906    52927.4169  1655    53610.7100    39465.3936  9934426   26.39%
  25753 22994    43363.7551  1712    53610.7100    39476.2401  9985554   26.37%
  25835 23028    47932.2773  1587    53610.7100    39476.2401  9996156   26.37%
  25941 23110    51265.2890  1440    53610.7100    39476.2401 10068144   26.37%
  26012 23136    51553.5826  1670    53610.7100    39484.5112 10078412   26.35%
  26090 23323    44923.9272  1867    53610.7100    39484.5112 10157188   26.35%
  26141 23244    41559.6967  2021    53610.7100    39484.5112 10123758   26.35%
Elapsed time = 3973.70 sec. (1051430.43 ticks, tree = 1058.98 MB, solutions = 1)
  26198 23367    44762.3210  1636    53610.7100    39484.5112 10195634   26.35%
  26258 23434    44529.2029  2018    53610.7100    39484.5112 10239977   26.35%
  26326 23580    40959.1067  2101    53610.7100    39484.5112 10321878   26.35%
  26399 23458    47959.4463  1694    53610.7100    39484.5112 10259683   26.35%
  26474 23722    47944.3510  1664    53610.7100    39484.5112 10407979   26.35%
  26575 23579    53230.5924  1582    53610.7100    39484.5112 10311731   26.35%
  26669 23670    48607.9822  1798    53610.7100    39484.5112 10356824   26.35%
  26725 23823    42624.2330  2050    53610.7100    39492.6664 10464457   26.33%
  26802 23913    42674.6867  1905    53610.7100    39492.6664 10510015   26.33%
  26877 23925    41749.7478  2015    53610.7100    39494.5406 10519873   26.33%
Elapsed time = 4127.84 sec. (1090205.73 ticks, tree = 1092.27 MB, solutions = 1)
  26930 24042    43453.3281  1981    53610.7100    39494.5406 10599657   26.33%
  26984 24181    43156.5225  2104    53610.7100    39494.5406 10676792   26.33%
  27060 24197    44679.9019  2021    53610.7100    39494.5406 10686395   26.33%
  27118 24257    45198.3533  1741    53610.7100    39512.5755 10726274   26.30%
  27169 24336    44178.7095  1958    53610.7100    39512.5755 10775040   26.30%
  27243 24302    50547.8380  1429    53610.7100    39512.5755 10746361   26.30%
  27338 24348    50798.7820  1451    53610.7100    39512.5755 10757069   26.30%
  27448 24421    49067.7116  1715    53610.7100    39512.5755 10828230   26.30%
  27531 24442    53542.1847  1583    53610.7100    39512.5755 10838356   26.30%
  27626 24635    45900.8553  1828    53610.7100    39517.1382 10921133   26.29%
Elapsed time = 4281.17 sec. (1128800.12 ticks, tree = 1119.01 MB, solutions = 1)
  27726 24682    50376.7684  1645    53610.7100    39517.6882 10968609   26.29%
  27833 24743    45293.4574  1787    53610.7100    39521.3403 11003050   26.28%
  27909 24763    46984.5613  1951    53610.7100    39521.4346 11012863   26.28%
  28020 24870    46571.3141  1889    53610.7100    39521.4346 11066251   26.28%
  28150 24913    52653.7529  1252    53610.7100    39521.4346 11076576   26.28%
  28302 25082    53156.9580  1557    53610.7100    39521.4346 11153837   26.28%
  28343 25221    42811.4543  1914    53610.7100    39525.2137 11186751   26.27%
  28394 25384    50650.3016  1600    53610.7100    39525.2137 11272807   26.27%
  28449 25406    52427.3551  1325    53610.7100    39525.2137 11282892   26.27%
  28516 25473    43731.3203  1831    53610.7100    39534.8334 11327275   26.26%
Elapsed time = 4438.47 sec. (1167450.01 ticks, tree = 1168.17 MB, solutions = 1)
  28572 25488    48594.6093  1661    53610.7100    39534.8334 11337731   26.26%
  28651 25753    48884.0636  1522    53610.7100    39534.8334 11476935   26.26%
  28708 25744    47635.0679  1912    53610.7100    39534.8334 11449267   26.26%
  28802 25614    42231.4573  1833    53610.7100    39534.8334 11391364   26.26%
  28897 25789    41521.3428  1834    53610.7100    39534.8334 11506839   26.26%
  28965 25809    44536.8762  1696    53610.7100    39534.8334 11516951   26.26%
  29053 26020    41787.5733  2091    53610.7100    39534.8334 11621444   26.26%
  29127 25855    46781.8211  1724    53610.7100    39537.0070 11560523   26.25%
  29206 26163    49343.7490  1778    53610.7100    39537.0070 11705970   26.25%
  29331 26186    50465.6501  1658    53610.7100    39543.0952 11715705   26.24%
Elapsed time = 4592.49 sec. (1205891.29 ticks, tree = 1196.77 MB, solutions = 1)
  29421 26309    46335.3753  1980    53610.7100    39543.0952 11763134   26.24%
  29482 26385    49252.3674  1410    53610.7100    39543.0952 11808993   26.24%
  29559 26223    43446.2802  1931    53610.7100    39543.0952 11744634   26.24%
  29646 26501    45196.5735  1770    53610.7100    39544.2115 11863756   26.24%
  29689 26728    43980.0843  2022    53610.7100    39551.0514 11974130   26.23%
  29760 26757    44870.0935  2009    53610.7100    39551.0514 11983690   26.23%
  29818 26778    48752.7368  1799    53610.7100    39551.0514 11993341   26.23%
  29903 26808    51501.2876  1874    53610.7100    39551.0514 12002976   26.23%
  29991 26891        cutoff          53610.7100    39552.6859 12077746   26.22%
  30050 26836    42051.6879  2088    53610.7100    39552.6859 12022138   26.22%
Elapsed time = 4747.61 sec. (1244521.87 ticks, tree = 1227.86 MB, solutions = 1)
  30105 27110    45280.9926  1829    53610.7100    39552.6859 12213860   26.22%
  30191 27140    47248.5549  1891    53610.7100    39552.6859 12223774   26.22%
  30279 27168    50874.6594  1917    53610.7100    39552.6930 12233841   26.22%
  30360 27079    45840.5434  1839    53610.7100    39553.9471 12201378   26.22%
  30433 27264    40541.1840  2110    53610.7100    39553.9471 12316870   26.22%
  30536 27278    41254.1899  2071    53610.7100    39553.9471 12326882   26.22%
  30593 27449    44704.9109  1574    53610.7100    39554.9410 12412713   26.22%
  30645 27468    47164.4525  1765    53610.7100    39554.9410 12422535   26.22%
  30704 27490    49904.5357  1584    53610.7100    39554.9410 12433049   26.22%
  30781 27609    43729.5108  1967    53610.7100    39560.2703 12505392   26.21%
Elapsed time = 4903.02 sec. (1283370.04 ticks, tree = 1267.07 MB, solutions = 1)
  30867 27622    42807.0804  1877    53610.7100    39560.2703 12515016   26.21%
  30935 27715    46592.5223  1475    53610.7100    39560.2703 12562243   26.21%
  31004 27741    50100.3330  1518    53610.7100    39560.2703 12572699   26.21%
  31083 27826    44683.5349  1699    53610.7100    39560.2703 12623316   26.21%
  31165 27949    51993.1342  1525    53610.7100    39560.2703 12700581   26.21%
  31256 28102    48924.1171  1542    53610.7100    39560.2703 12789799   26.21%
  31379 27950    53444.8340  1069    53610.7100    39560.2703 12679959   26.21%
  31496 28203    52825.2214  1304    53610.7100    39561.3416 12811570   26.21%
  31579 28224    45418.6034  1947    53610.7100    39561.3416 12841858   26.21%
  31648 28487    45169.5518  1693    53610.7100    39561.3416 12973360   26.21%
Elapsed time = 5060.86 sec. (1321941.54 ticks, tree = 1318.35 MB, solutions = 1)
  31726 28287    49437.3853  1697    53610.7100    39561.3416 12861586   26.21%
  31800 28357    48806.6062  1791    53610.7100    39561.3416 12912198   26.21%
  31870 28396    49894.1502  1685    53610.7100    39562.3190 12955751   26.20%
  31953 28701    53414.2877  1542    53610.7100    39562.3190 13076901   26.20%
  32011 28707    41630.2492  2009    53610.7100    39562.3190 13086049   26.20%
  32117 28733    44564.6131  1860    53610.7100    39576.9571 13096225   26.18%
  32197 28761    46127.3508  1849    53610.7100    39576.9571 13106173   26.18%
  32306 28945    50947.9114  1753    53610.7100    39576.9571 13191015   26.18%
  32415 29094    46106.8970  1933    53610.7100    39586.1023 13295346   26.16%
  32484 29119    49992.5242  1720    53610.7100    39586.1023 13305274   26.16%
Elapsed time = 5221.69 sec. (1360791.77 ticks, tree = 1355.50 MB, solutions = 1)
  32554 29158    52268.4742  1819    53610.7100    39586.1023 13315282   26.16%
  32622 29245    42489.9665  1887    53610.7100    39591.4498 13369595   26.15%
  32687 29258    43413.2636  1743    53610.7100    39594.3298 13379544   26.14%
  32746 29402    43352.3641  1955    53610.7100    39602.7805 13451316   26.13%
  32801 29551    47377.1841  1473    53610.7100    39602.7805 13538606   26.13%
  32869 29394    42515.0637  2023    53610.7100    39602.7805 13430536   26.13%
  32940 29548    51618.0394  1710    53610.7100    39602.7805 13514994   26.13%
  33009 29616    41138.8511  1912    53610.7100    39610.4456 13568335   26.11%
  33094 29884    44425.4510  1923    53610.7100    39611.3469 13721401   26.11%
  33168 29911    45944.4289  1856    53610.7100    39611.3469 13731171   26.11%
Elapsed time = 5381.80 sec. (1399612.69 ticks, tree = 1393.20 MB, solutions = 1)
  33262 29818    42333.2648  1992    53610.7100    39611.3469 13696035   26.11%
  33396 29998    52253.9486  1517    53610.7100    39619.4804 13750656   26.10%
  33468 29850    46043.0886  1898    53610.7100    39619.4804 13708780   26.10%
  33558 30098    53198.8881  1690    53610.7100    39619.6654 13837644   26.10%
  33640 30104    43727.6993  1813    53610.7100    39619.6654 13847497   26.10%
  33717 30049    46529.4850  1991    53610.7100    39619.6654 13815715   26.10%
  33787 30391    51339.0631  1841    53610.7100    39620.0662 13958846   26.10%
  33873 30312    40724.7100  2049    53610.7100    39620.0662 13944118   26.10%
  33934 30555    48887.5588  1606    53610.7100    39627.2582 14053331   26.08%
  33999 30654    44302.2158  1785    53610.7100    39627.2582 14107510   26.08%
Elapsed time = 5541.56 sec. (1438233.45 ticks, tree = 1430.44 MB, solutions = 1)
  34081 30521    53477.6667  1536    53610.7100    39627.2582 14036473   26.08%
  34172 30702    47802.3011  1987    53610.7100    39627.9783 14127215   26.08%
  34283 30657    53580.4030  1253    53610.7100    39627.9783 14095856   26.08%
  34345 30996    43346.5825  2039    53610.7100    39628.6850 14291718   26.08%
  34416 30750    47769.2707  1581    53610.7100    39628.6850 14176429   26.08%
  34475 30762    49876.0538  1643    53610.7100    39628.6850 14186721   26.08%
  34543 31071    53444.7721  1514    53610.7100    39628.6850 14342872   26.08%
  34604 31166    43981.9520  1901    53610.7100    39628.6850 14394852   26.08%
  34680 31307    50043.3235  1640    53610.7100    39633.0874 14438405   26.07%
  34776 31330    44286.3600  2059    53610.7100    39633.0874 14489232   26.07%
Elapsed time = 5705.67 sec. (1476802.41 ticks, tree = 1470.36 MB, solutions = 1)
  34817 31204    47252.3466  1884    53610.7100    39633.0874 14424176   26.07%
  34880 31386    44309.1992  1753    53610.7100    39648.2308 14468665   26.04%
  34944 31457    53266.3864  1651    53610.7100    39648.2308 14586101   26.04%
  35016 31469    40263.3608  1934    53610.7100    39648.2308 14596098   26.04%
  35094 31492    42382.1224  1890    53610.7100    39649.8788 14605800   26.04%
  35195 31675    43849.4819  1949    53610.7100    39649.8788 14693036   26.04%
  35284 31644    40988.8372  2002    53610.7100    39649.8788 14662808   26.04%
  35389 31900    41726.3108  1993    53610.7100    39649.8788 14818037   26.04%
  35453 32016    52074.1750  1640    53610.7100    39654.5180 14870376   26.03%
  35528 31939    46811.4532  1881    53610.7100    39654.5180 14838116   26.03%
Elapsed time = 5869.34 sec. (1515483.47 ticks, tree = 1507.52 MB, solutions = 1)
  35573 32074    42873.8217  1882    53610.7100    39657.2061 14914272   26.03%
  35611 32153    45348.6991  1443    53610.7100    39661.7204 14966495   26.02%
  35672 32221    47259.7496  1544    53610.7100    39665.5414 15012035   26.01%
  35755 32295    43292.8841  1836    53610.7100    39665.5433 15063580   26.01%
  35857 32233    53378.4294  1355    53610.7100    39665.5433 14996288   26.01%
  35922 32376    41671.8024  2019    53610.7100    39671.6312 15110303   26.00%
  35997 32467    43572.5241  1923    53610.7100    39674.4285 15162134   26.00%
  36105 32424    46837.5932  2021    53610.7100    39674.4285 15130000   26.00%
  36172 32493    44971.7547  1733    53610.7100    39676.1063 15181853   25.99%
  36236 32508    46789.8420  1642    53610.7100    39676.1063 15191617   25.99%
Elapsed time = 6041.53 sec. (1553914.32 ticks, tree = 1540.62 MB, solutions = 1)
  36329 32527    48046.4181  1441    53610.7100    39676.1063 15201899   25.99%
  36385 32697    42126.6793  1993    53610.7100    39676.1644 15293710   25.99%
  36445 32843    42262.8914  1897    53610.7100    39676.1644 15328716   25.99%
  36493 32854    42317.5371  1866    53610.7100    39678.6790 15338081   25.99%
  36543 32864    46303.6084  1732    53610.7100    39678.6790 15347787   25.99%
  36625 32982    50605.5129  1650    53610.7100    39678.6790 15405273   25.99%
  36716 33085    49403.2152  1678    53610.7100    39678.6790 15517991   25.99%
  36773 33074    42172.4147  2013    53610.7100    39678.6790 15499731   25.99%
  36835 33086    41128.9153  2086    53610.7100    39680.1011 15509531   25.98%
  36912 33244    45193.4149  1745    53610.7100    39684.8360 15624616   25.98%
Elapsed time = 6209.27 sec. (1592637.70 ticks, tree = 1583.65 MB, solutions = 1)
  36961 33220    51897.9194  1805    53610.7100    39684.8360 15601807   25.98%
  37026 33425    46650.8303  1929    53610.7100    39687.6264 15718090   25.97%
  37086 33341    45690.2383  1794    53610.7100    39687.6264 15695158   25.97%
  37134 33466    52255.5139  1590    53610.7100    39687.6264 15738195   25.97%
  37185 33596    46719.1753  1589    53610.7100    39687.6264 15861855   25.97%
  37225 33496    41257.2759  2089    53610.7100    39687.6264 15758433   25.97%
  37281 33725    41813.3832  1953    53610.7100    39687.6264 15957557   25.97%
  37344 33598    42688.9537  1982    53610.7100    39687.8659 15852733   25.97%
  37415 33747    45406.7786  1806    53610.7100    39687.8659 15977027   25.97%
  37500 33877    53011.8661  1272    53610.7100    39687.8659 16061414   25.97%
Elapsed time = 6370.13 sec. (1631712.35 ticks, tree = 1609.28 MB, solutions = 1)
  37597 33756    47776.0258  1764    53610.7100    39696.3264 15949938   25.95%
  37686 33963        cutoff          53610.7100    39696.3264 16109678   25.95%
  37775 33979    41032.6364  1885    53610.7100    39696.3264 16119491   25.95%
  37845 34072    43722.1112  1961    53610.7100    39696.3264 16176263   25.95%
  37931 34252    48353.9024  1790    53610.7100    39696.3264 16258122   25.95%
  37989 34163    49764.4288  1907    53610.7100    39696.3264 16226091   25.95%
  38071 34271    44832.9357  1733    53610.7100    39697.0565 16278287   25.95%
  38144 34207    41244.2584  1709    53610.7100    39700.3579 16245033   25.95%
  38202 34560    44497.3698  1455    53610.7100    39700.6111 16405535   25.95%
  38267 34588    47349.1188  1707    53610.7100    39701.8517 16415475   25.94%
Elapsed time = 6531.30 sec. (1670277.55 ticks, tree = 1653.52 MB, solutions = 1)
  38338 34619    52249.1780  1698    53610.7100    39701.8517 16425459   25.94%
  38432 34641    41481.9935  1987    53610.7100    39701.8517 16474050   25.94%
  38513 34667    44698.0785  1738    53610.7100    39704.8309 16445196   25.94%
  38599 34880    50639.6282  1671    53610.7100    39705.3485 16604221   25.94%
  38697 34730    49617.0061  1656    53610.7100    39705.3485 16503933   25.94%
  38852 34824    41860.2778  1879    53610.7100    39707.2332 16586834   25.93%
  38954 34800    49466.1392  1692    53610.7100    39707.2332 16552924   25.93%
  39061 35164    52269.3061  1281    53610.7100    39715.0914 16710438   25.92%
  39136 35281        cutoff          53610.7100    39715.0914 16762467   25.92%
  39188 35386    46552.8351  1961    53610.7100    39715.6156 16808760   25.92%
Elapsed time = 6700.49 sec. (1709135.33 ticks, tree = 1702.08 MB, solutions = 1)
  39257 35416    51534.5601  1843    53610.7100    39715.6506 16818423   25.92%
  39310 35492    46718.8577  1787    53610.7100    39715.6506 16868281   25.92%
  39365 35553    44298.9897  1762    53610.7100    39716.2786 16906390   25.92%
  39423 35457    46777.7749  1871    53610.7100    39716.2786 16847160   25.92%
  39488 35736    50780.2787  1625    53610.7100    39717.0688 17011243   25.92%
  39615 35818    53605.8179  1545    53610.7100    39717.0688 17059596   25.92%
  39689 35769    42513.4849  1708    53610.7100    39727.8301 17030406   25.90%
  39779 35730    44948.4112  1783    53610.7100    39727.8301 17003309   25.90%
  39871 35829    48573.1002  1500    53610.7100    39727.8301 17049564   25.90%
  39974 35899    48194.8636  1920    53610.7100    39727.8301 17097252   25.90%
Elapsed time = 6860.83 sec. (1747527.34 ticks, tree = 1732.13 MB, solutions = 1)
  40087 36080    53326.0070  1543    53610.7100    39735.7375 17184797   25.88%
  40143 36238    42712.4836  1903    53610.7100    39735.7375 17269812   25.88%
  40186 36147    43076.9879  1793    53610.7100    39735.7375 17238946   25.88%
  40242 36410    46095.4380  1689    53610.7100    39735.7375 17368082   25.88%
  40304 36306    52330.7321  1496    53610.7100    39735.7375 17328907   25.88%
  40376 36461    51857.3105  1444    53610.7100    39735.7375 17385112   25.88%
  40443 36500    47103.3425  1583    53610.7100    39736.8723 17431916   25.88%
  40491 36342    45326.4873  1758    53610.7100    39736.8723 17358793   25.88%
  40551 36536    50236.0706  1531    53610.7100    39743.0437 17452350   25.87%
  40619 36586    44098.1618  1858    53610.7100    39743.0437 17502673   25.87%
Elapsed time = 7023.28 sec. (1786090.31 ticks, tree = 1774.36 MB, solutions = 1)
  40678 36673    49670.0405  1481    53610.7100    39744.1265 17542292   25.87%
  40758 36867    46482.8441  1680    53610.7100    39744.1265 17675607   25.87%
  40867 36783    47096.5547  1549    53610.7100    39744.1265 17608144   25.87%
  40933 36856    51941.1134  1521    53610.7100    39745.5212 17653904   25.86%
  41048 36917    41688.6092  1951    53610.7100    39745.5212 17704684   25.86%
  41133 37165    45569.8713  1669    53610.7100    39745.5212 17832949   25.86%
  41203 37088    47929.3327  1972    53610.7100    39748.4009 17756952   25.86%
  41283 37197    47559.0128  1728    53610.7100    39748.4009 17852552   25.86%
  41339 37155    45961.5462  1425    53610.7100    39748.4009 17825489   25.86%
  41404 37388    44795.3913  1503    53610.7100    39752.7695 17942583   25.85%
Elapsed time = 7186.31 sec. (1824726.57 ticks, tree = 1823.91 MB, solutions = 1)
  41489 37548    41954.9702  1983    53610.7100    39754.6000 18038357   25.85%
  41565 37572    42953.7813  2012    53610.7100    39754.8479 18048379   25.85%
  41659 37643    47651.1167  1723    53610.7100    39754.8479 18099707   25.85%
  41781 37644    47126.1753  1646    53610.7100    39754.8479 18068180   25.85%
  41923 37710    51819.5737  1388    53610.7100    39754.8479 18120842   25.85%
  42074 37742    52637.2081  1456    53610.7100    39754.8666 18132104   25.85%
  42202 37789    45247.2719  1788    53610.7100    39754.8666 18170115   25.85%
  42258 38085    43921.9808  1785    53610.7100    39754.8666 18267634   25.85%
  42312 37846    48892.1400  1842    53610.7100    39754.8666 18189412   25.85%
  42380 38343    52117.9103  1731    53610.7100    39755.1059 18360256   25.84%
Elapsed time = 7349.30 sec. (1863273.85 ticks, tree = 1882.97 MB, solutions = 1)
  42441 38138    52082.7122  1560    53610.7100    39755.1059 18293305   25.84%
  42502 38544    40398.1063  2117    53610.7100    39761.3877 18460564   25.83%
  42560 38474    47122.1210  1669    53610.7100    39761.3877 18437209   25.83%
  42638 38488    46046.8891  1867    53610.7100    39761.3877 18446830   25.83%
  42701 38397    45564.0336  1818    53610.7100    39761.3877 18406302   25.83%
  42774 38677    47668.5625  1615    53610.7100    39761.3877 18568320   25.83%
  42871 38692    47869.9096  1678    53610.7100    39761.3877 18578124   25.83%
  42940 38783    52802.2916  1707    53610.7100    39761.9257 18638371   25.83%
  43026 38942    42584.9972  2011    53610.7100    39762.1351 18721551   25.83%
  43091 38819    41139.1830  2054    53610.7100    39762.1351 18658143   25.83%
Elapsed time = 7512.09 sec. (1901761.93 ticks, tree = 1910.25 MB, solutions = 1)
  43162 39064    43040.2099  2048    53610.7100    39767.6653 18772345   25.82%
  43246 39192    42959.8799  1970    53610.7100    39767.6653 18831982   25.82%
  43307 39110    45847.0814  1836    53610.7100    39768.6702 18791509   25.82%
  43402 39252    49737.6027  1872    53610.7100    39768.6702 18850995   25.82%
  43543 39304    51426.0594  1538    53610.7100    39768.6702 18860818   25.82%
  43693 39338    44088.2039  2032    53610.7100    39770.2304 18949495   25.82%
  43754 39660    45531.6048  1777    53610.7100    39770.2304 19042782   25.82%
  43822 39446    47227.7486  1486    53610.7100    39770.2304 18999887   25.82%
  43902 39730    52797.8023  1579    53610.7100    39770.2304 19099505   25.82%
  43970 39476    40489.3133  1950    53610.7100    39791.0286 19019376   25.78%
Elapsed time = 7674.56 sec. (1940268.61 ticks, tree = 1931.79 MB, solutions = 1)
  44065 39846    43480.7275  1905    53610.7100    39791.0286 19155964   25.78%
  44150 39857    43412.1729  1899    53610.7100    39791.0286 19165731   25.78%
  44240 39959    43974.6012  1946    53610.7100    39791.0286 19205414   25.78%
  44344 40178    51725.0869  1491    53610.7100    39793.5562 19306040   25.77%
  44454 40108    50701.0368  1874    53610.7100    39793.5562 19276932   25.77%
  44521 40236    43786.7906  1821    53610.7100    39793.5562 19325697   25.77%
  44566 40004    42144.8982  1939    53610.7100    39793.5562 19243203   25.77%
  44620 40292    43484.3532  2036    53610.7100    39793.5562 19409849   25.77%
  44682 40436    44411.1919  1787    53610.7100    39803.3957 19472227   25.75%
  44742 40446    44406.8110  1791    53610.7100    39803.3957 19480865   25.75%
Elapsed time = 7838.41 sec. (1978841.47 ticks, tree = 1971.63 MB, solutions = 1)
  44808 40639    44227.3364  1919    53610.7100    39813.0977 19568413   25.74%
  44880 40352    51147.8453  1678    53610.7100    39813.0977 19449584   25.74%
  44979 40613    50737.5169  1622    53610.7100    39820.2819 19552835   25.72%
  45109 40819    41779.1071  2101    53610.7100    39820.2819 19681061   25.72%
  45223 40761    52916.9536  1706    53610.7100    39820.2819 19606747   25.72%
  45316 40784    40353.3723  1876    53610.7100    39820.2819 19615165   25.72%
  45394 40905    48026.1620  1820    53610.7100    39820.2819 19710309   25.72%
  45483 40941    51421.0171  1959    53610.7100    39820.2819 19720182   25.72%
  45603 41143    51836.0376  1727    53610.7100    39822.8955 19839141   25.72%
  45715 41092    44593.3213  1675    53610.7100    39827.5029 19815411   25.71%
Elapsed time = 8004.63 sec. (2017415.02 ticks, tree = 2012.74 MB, solutions = 1)
  45757 41459    41705.3318  2154    53610.7100    39827.5029 19950493   25.71%
  45815 41473    41967.1769  2106    53610.7100    39827.5029 19959829   25.71%
  45879 41196    44671.2387  1814    53610.7100    39827.8291 19878561   25.71%
  45938 41574    46918.6302  1758    53610.7100    39827.8291 20045527   25.71%
  46002 41561    45000.5155  1956    53610.7100    39827.8291 20021382   25.71%
  46086 41589    47202.3601  1784    53610.7100    39827.8291 20030751   25.71%
  46174 41873    49713.5394  1849    53610.7100    39831.4139 20198022   25.70%
  46259 41801    53135.8654  1722    53610.7100    39831.4139 20176024   25.70%
  46331 41986    44145.8391  1966    53610.7100    39832.1513 20251166   25.70%
  46395 42063    46422.9909  1693    53610.7100    39832.1513 20309986   25.70%
Elapsed time = 8166.16 sec. (2056156.48 ticks, tree = 2071.02 MB, solutions = 1)
Nodefile size = 17.22 MB (16.70 MB after compression)
  46474 42140    44776.3383  1847    53610.7100    39833.5579 20362116   25.70%
  46547 41942    48265.7686  1710    53610.7100    39833.5579 20247207   25.70%
  46635 42067    43583.4977  2041    53610.7100    39836.5516 20288222   25.69%
  46684 42177    45102.9860  1765    53610.7100    39836.5516 20391395   25.69%
  46742 42276    45027.1501  1735    53610.7100    39840.0970 20435500   25.69%
  46804 42297    46407.7873  1794    53610.7100    39840.0970 20442472   25.69%
  46891 42441    49903.9331  1623    53610.7100    39840.0970 20532832   25.69%
  46951 42352    43997.7054  1805    53610.7100    39840.6825 20492429   25.69%
  46998 42478    52408.5195  1688    53610.7100    39840.6825 20552990   25.69%
  47053 42631    44049.2129  1912    53610.7100    39840.6825 20633894   25.69%
Elapsed time = 8330.22 sec. (2094876.64 ticks, tree = 2105.87 MB, solutions = 1)
Nodefile size = 52.56 MB (51.05 MB after compression)
  47096 42651    49073.9606  1751    53610.7100    39840.6825 20643962   25.69%
  47116 42665    49688.0899  1511    53610.7100    39840.6825 20653601   25.69%
  47133 42682    53293.1404  1613    53610.7100    39840.6825 20663410   25.69%

Performing restart 2

Repeating presolve.
Tried aggregator 1 time.
Reduced MIP has 3815 rows, 5895 columns, and 19325 nonzeros.
Reduced MIP has 4125 binaries, 1770 generals, 0 SOSs, and 0 indicators.
Presolve time = 0.14 sec. (10.38 ticks)
Tried aggregator 1 time.
Reduced MIP has 3815 rows, 5895 columns, and 19325 nonzeros.
Reduced MIP has 4125 binaries, 1770 generals, 0 SOSs, and 0 indicators.
Presolve time = 0.01 sec. (13.07 ticks)
Represolve time = 24.80 sec. (296.71 ticks)
  47145     0    38830.1041  2239    53610.7100     Cuts: 573 20837856   25.68%
  47145     0    38861.2727  1978    53610.7100     Cuts: 221 20838510   25.68%
  47145     0    38872.5765  2006    53610.7100    Cuts: 1053 20839024   25.68%
  47145     0    38903.7723  2049    53610.7100     Cuts: 785 20839919   25.68%
  47145     0    39023.5941  1907    53610.7100    Cuts: 1053 20841095   25.68%
  47145     0    39037.5905  2063    53610.7100    Cuts: 1053 20841691   25.68%
  47145     0    39090.9474  1869    53610.7100     Cuts: 909 20842744   25.68%
  47145     0    39091.9220  1929    53610.7100    Cuts: 1053 20843111   25.68%
  47145     0    39118.4031  1977    53610.7100     Cuts: 902 20843999   25.68%
  47145     2    39118.4031  1924    53610.7100    39845.2086 20843999   25.68%
  47165    19    40743.0279  1749    53610.7100    39845.2086 20866016   25.68%
  47209    47    42413.4461  1590    53610.7100    39845.2086 20895938   25.68%
  47271   108    42225.7147  1472    53610.7100    39845.2086 20947217   25.68%
  47395   208    41103.1235  1792    53610.7100    39845.2086 20989302   25.68%
  47578   353    41691.2728  1534    53610.7100    39845.2086 21032214   25.68%
  47710   483    41974.3987  1743    53610.7100    39845.2086 21060873   25.68%
Elapsed time = 8533.55 sec. (2160136.47 ticks, tree = 14.73 MB, solutions = 1)
  47865   635    42545.3577  1666    53610.7100    39845.2086 21109789   25.68%
  48005   787    43837.4296  1556    53610.7100    39845.2086 21156164   25.68%
  48159   908    45950.6580  1492    53610.7100    39845.2086 21196605   25.68%
  48419  1156    50015.9737  1228    53610.7100    39845.2086 21250972   25.68%
  48629  1371    50003.0218  1490    53610.7100    39845.2086 21297489   25.68%
  48806  1558    52945.4478  1330    53610.7100    39845.2086 21339140   25.68%
  48972  1703    43000.1490  1688    53610.7100    39845.2086 21373558   25.68%
  49099  1805    44957.6033  1395    53610.7100    39845.2086 21409284   25.68%
  49210  1897    41107.5679  1788    53610.7100    39845.2086 21432921   25.68%
  49361  2047    47622.2463  1470    53610.7100    39845.2086 21482066   25.68%
Elapsed time = 8659.24 sec. (2198529.19 ticks, tree = 78.48 MB, solutions = 1)
  49571  2212    42438.4985  1882    53610.7100    39845.2086 21525666   25.68%
  49764  2432    48982.7592  1024    53610.7100    39845.2086 21563953   25.68%
  49851  2573    40963.8022  1827    53610.7100    39845.2086 21609536   25.68%
  49923  2632    43430.4711  1559    53610.7100    39845.2086 21642253   25.68%
  50012  2708    40175.6689  2028    53610.7100    39845.2086 21684232   25.68%
  50102  2795    45919.2272  1622    53610.7100    39845.2086 21723335   25.68%
  50226  2961    46980.7362  1469    53610.7100    39845.2086 21778200   25.68%
  50320  3052    44009.0504  1712    53610.7100    39845.2086 21821098   25.68%
  50413  3118    42729.9428  1670    53610.7100    39845.2086 21858393   25.68%
  50508  3202    46686.8314  1598    53610.7100    39845.2086 21888291   25.68%
Elapsed time = 8790.55 sec. (2237035.77 ticks, tree = 126.84 MB, solutions = 1)
  50627  3324    43117.3213  1795    53610.7100    39845.2086 21942984   25.68%
  50771  3403    45160.1579  1520    53610.7100    39861.0904 21968520   25.65%
  50912  3607    46115.7945  1463    53610.7100    39861.0904 22031857   25.65%
  51041  3701    42713.0804  1856    53610.7100    39864.0890 22068541   25.64%
  51181  3761    46757.1157  1784    53610.7100    39865.0799 22089739   25.64%
  51252  3949    41644.0483  1850    53610.7100    39866.3342 22149533   25.64%
  51331  4014    51659.3762  1687    53610.7100    39866.3342 22179818   25.64%
  51440  4144    49401.0225  1704    53610.7100    39887.0501 22233458   25.60%
  51579  4247    52278.6089  1751    53610.7100    39887.0501 22274227   25.60%
  51741  4382    49927.4671  1721    53610.7100    39900.5468 22300967   25.57%
Elapsed time = 8922.83 sec. (2275313.22 ticks, tree = 180.44 MB, solutions = 1)
  51922  4446    53096.8335  1736    53610.7100    39900.5468 22334114   25.57%
  52072  4709    43811.2568  1866    53610.7100    39900.5468 22403623   25.57%
  52217  4780    45307.9063  1822    53610.7100    39910.6336 22430983   25.55%
  52395  4968    45726.0187  1877    53610.7100    39910.6336 22482515   25.55%
  52580  5048    42334.1651  1783    53610.7100    39911.9453 22499134   25.55%
  52728  5271    49733.8272  1650    53610.7100    39934.0290 22536031   25.51%
  52859  5436    42978.4526  1857    53610.7100    39937.2400 22588667   25.51%
  53004  5492    46959.1979  1622    53610.7100    39937.2400 22619243   25.51%
  53159  5626    45910.0790  1510    53610.7100    39937.2400 22638511   25.51%
  53334  5832    51212.9877  1643    53610.7100    39937.2400 22699990   25.51%
Elapsed time = 9056.44 sec. (2313574.19 ticks, tree = 248.03 MB, solutions = 1)
  53443  6032    45077.3009  1820    53610.7100    39965.6919 22757874   25.45%
  53536  6113    44660.5650  1807    53610.7100    39983.2165 22796670   25.42%
  53730  6239    49930.0069  1578    53610.7100    40017.6960 22840792   25.36%
  54049  6399    45245.8073  1677    53610.7100    40017.6960 22880112   25.36%
  54139  6430    49265.1783  1562    53610.7100    40017.6960 22890982   25.36%
  54218  6813    43038.9184  2013    53610.7100    40017.6960 22976240   25.36%
  54320  6905    46829.1219  1745    53610.7100    40017.6960 23015016   25.36%
  54428  6927    47884.2163  1734    53610.7100    40017.6960 23025900   25.36%
  54545  7014    45900.6864  1831    53610.7100    40096.4756 23054053   25.21%
  54676  7129    47322.7205  1900    53610.7100    40096.4756 23106009   25.21%
Elapsed time = 9192.13 sec. (2352195.11 ticks, tree = 307.48 MB, solutions = 1)
  54808  7337    48453.4265  1451    53610.7100    40096.4756 23173870   25.21%
  54990  7383    49123.1241  1517    53610.7100    40096.4756 23185348   25.21%
  55110  7683    52518.2811  1492    53610.7100    40115.3677 23266862   25.17%
  55244  7712    40823.6644  2014    53610.7100    40115.3677 23277296   25.17%
  55363  7805    42278.7802  1898    53610.7100    40150.9236 23318036   25.11%
  55505  7969    52914.6602  1621    53610.7100    40150.9236 23346427   25.11%
  55633  8055    47822.3189  1858    53610.7100    40162.1505 23384159   25.09%
  55788  8200    46372.4017  1557    53610.7100    40162.1505 23426501   25.09%
  55918  8474    48439.2073  1482    53610.7100    40162.1505 23512135   25.09%
  56029  8334    42907.7894  2030    53610.7100    40167.1268 23491914   25.08%
Elapsed time = 9327.69 sec. (2390460.45 ticks, tree = 357.14 MB, solutions = 1)
  56153  8574    49037.6885  1291    53610.7100    40195.2100 23539662   25.02%
  56296  8630    48557.0908  1701    53610.7100    40195.2100 23579450   25.02%
  56404  8871    50232.6962  1490    53610.7100    40197.2734 23641377   25.02%
  56564  8929    43755.4111  1982    53610.7100    40197.2734 23672304   25.02%
  56691  9153    45783.6895  1845    53610.7100    40202.5610 23736451   25.01%
  56891  9242    43776.3763  1939    53610.7100    40202.5610 23776665   25.01%
  57008  9343    49071.3885  1615    53610.7100    40202.5610 23805865   25.01%
  57111  9568    41161.3622  2002    53610.7100    40203.7542 23865912   25.01%
  57205  9696    43001.8064  2006    53610.7100    40203.7542 23915531   25.01%
  57267  9612    46215.4011  1755    53610.7100    40205.0524 23910011   25.01%
Elapsed time = 9465.61 sec. (2428860.00 ticks, tree = 418.90 MB, solutions = 1)
  57354  9866    48933.8728  1710    53610.7100    40205.0524 24010714   25.01%
  57509  9822    52563.1133  1615    53610.7100    40205.0524 23984593   25.01%
  57614  9915    45593.2308  1838    53610.7100    40205.0524 24038550   25.01%
  57707 10003    52701.9047  1481    53610.7100    40205.0524 24082168   25.01%
  57802 10177    48055.8971  1389    53610.7100    40205.0524 24117719   25.01%
  57892 10277    46496.2688  1981    53610.7100    40205.0524 24179683   25.01%
  57981 10395    49128.7433  1675    53610.7100    40218.9231 24230590   24.98%
  58106 10479    51475.3676  1728    53610.7100    40261.3498 24259027   24.90%
  58294 10517    52209.2021  1538    53610.7100    40261.3498 24295050   24.90%
  58388 10536    40856.9490  1996    53610.7100    40262.3434 24303538   24.90%
Elapsed time = 9605.56 sec. (2467369.25 ticks, tree = 462.85 MB, solutions = 1)
  58457 10847    42716.7554  1792    53610.7100    40270.8937 24414565   24.88%
  58518 10948    43329.0214  1967    53610.7100    40277.9169 24446839   24.87%
  58581 10981    44840.0783  1712    53610.7100    40277.9169 24457281   24.87%
  58650 11005    43225.3731  1947    53610.7100    40277.9169 24512037   24.87%
  58779 11034    47252.2495  1884    53610.7100    40277.9169 24536770   24.87%
  58956 11235    50435.6299  1339    53610.7100    40277.9169 24563862   24.87%
  59113 11221    49700.0951  1462    53610.7100    40280.4040 24619431   24.87%
  59186 11524    49327.3258  1667    53610.7100    40280.4040 24679184   24.87%
  59291 11554    51022.8198  1644    53610.7100    40280.4040 24690047   24.87%
  59424 11686    53560.6613   962    53610.7100    40280.4040 24720543   24.87%
Elapsed time = 9748.28 sec. (2505910.78 ticks, tree = 513.71 MB, solutions = 1)
  59521 11876    50103.5673  1729    53610.7100    40304.8297 24838794   24.82%
  59604 11776    42056.0425  1983    53610.7100    40304.8297 24787672   24.82%
  59714 11997    44709.0027  2049    53610.7100    40305.5574 24884312   24.82%
  59814 12069    52218.6106  1229    53610.7100    40305.5574 24918065   24.82%
  59948 12115    46624.5853  1979    53610.7100    40320.5209 24947450   24.79%
  60081 12336    47612.6880  2019    53610.7100    40320.5209 25020027   24.79%
  60158 12362    48892.1019  1956    53610.7100    40320.5209 25030032   24.79%
  60255 12530    48551.2296  1966    53610.7100    40320.5209 25067635   24.79%
  60399 12656    51631.5171  1804    53610.7100    40320.5209 25119333   24.79%
  60491 12718    46486.0957  1877    53610.7100    40330.0982 25179789   24.77%
Elapsed time = 9894.47 sec. (2544317.64 ticks, tree = 565.23 MB, solutions = 1)
  60553 12639    50882.0536  1791    53610.7100    40330.0982 25149325   24.77%
  60622 12752    51164.1012  1816    53610.7100    40330.0982 25201181   24.77%
  60696 12943    51736.8334  1592    53610.7100    40330.0982 25264986   24.77%
  60774 12914    41611.4787  1949    53610.7100    40339.1167 25250930   24.76%
  60866 13058    42939.6713  1918    53610.7100    40342.5384 25337258   24.75%
  60981 13123    44115.9783  1999    53610.7100    40342.5384 25368977   24.75%
  61140 13200    47948.2519  1749    53610.7100    40342.5384 25397655   24.75%
  61301 13381    51076.5578  1614    53610.7100    40343.0723 25461876   24.75%
  61449 13526    44466.9416  1958    53610.7100    40343.0723 25519612   24.75%
  61494 13661    45390.5391  1968    53610.7100    40361.9967 25557304   24.71%
Elapsed time = 10039.86 sec. (2583226.33 ticks, tree = 613.82 MB, solutions = 1)
  61552 13677    47732.4657  1797    53610.7100    40362.7990 25567743   24.71%
  61637 13844    51677.3835  1836    53610.7100    40362.7990 25619138   24.71%
  61718 13990    52796.9141  1640    53610.7100    40362.7990 25709503   24.71%
  61787 13851    47796.4283  1856    53610.7100    40362.7990 25652710   24.71%
  61877 13932    50685.5081  1833    53610.7100    40363.4414 25700583   24.71%
  61976 14094    42515.5060  2004    53610.7100    40363.4414 25773545   24.71%
  62108 14122    43695.5986  2049    53610.7100    40363.4414 25783548   24.71%
  62207 14285        cutoff          53610.7100    40363.4414 25846841   24.71%
  62339 14374    50081.7527  1669    53610.7100    40363.4414 25876209   24.71%
  62470 14443    53083.6728  1198    53610.7100    40365.0310 25886418   24.71%
Elapsed time = 10187.36 sec. (2621658.59 ticks, tree = 655.60 MB, solutions = 1)
  62562 14712    49956.0891  1789    53610.7100    40365.9689 25998372   24.71%
  62680 14557    45538.1060  1785    53610.7100    40365.9689 25962001   24.71%
  62762 14800    50416.4082  1693    53610.7100    40365.9689 26042668   24.71%
  62893 14901    52371.8347  1482    53610.7100    40365.9689 26064404   24.71%
  63006 15039    44668.6092  1633    53610.7100    40372.5297 26146426   24.69%
  63063 15062    46543.6842  1821    53610.7100    40372.5297 26156800   24.69%
  63116 15262    48224.3427  1878    53610.7100    40372.9893 26254003   24.69%
  63166 15158    44608.2753  2057    53610.7100    40372.9893 26188299   24.69%
  63227 15302    52785.5242  1646    53610.7100    40372.9893 26272755   24.69%
  63286 15318    47611.6802  1739    53610.7100    40372.9893 26296039   24.69%
Elapsed time = 10337.50 sec. (2660478.13 ticks, tree = 703.45 MB, solutions = 1)
  63364 15339    49336.9734  1670    53610.7100    40372.9893 26306180   24.69%
  63450 15418    51058.5350  1321    53610.7100    40372.9893 26363375   24.69%
  63545 15538    42881.9231  2027    53610.7100    40372.9893 26436253   24.69%
  63640 15647    52237.0730  1133    53610.7100    40372.9893 26476339   24.69%
  63739 15668    44232.1264  1781    53610.7100    40372.9893 26514601   24.69%
  63822 15798    47239.8050  1880    53610.7100    40403.8049 26554210   24.63%
  63922 15870    44147.7009  2070    53610.7100    40409.7922 26594276   24.62%
  64047 15967    48963.5318  1326    53610.7100    40409.7922 26635388   24.62%
  64135 16001    50207.7687  1466    53610.7100    40409.7922 26645662   24.62%
  64170 16128    46796.8054  1984    53610.7100    40409.7922 26712310   24.62%
Elapsed time = 10485.81 sec. (2698930.74 ticks, tree = 741.89 MB, solutions = 1)
  64242 16143    47744.6265  1869    53610.7100    40409.7922 26721371   24.62%
  64326 16154    47418.1227  1687    53610.7100    40409.7922 26731196   24.62%
  64390 16305    50500.0431  1665    53610.7100    40419.7499 26786677   24.61%
  64487 16424    43720.3678  1980    53610.7100    40419.7499 26847474   24.61%
  64560 16457    45161.5238  1872    53610.7100    40419.7499 26857575   24.61%
  64643 16608    45590.7250  1871    53610.7100    40444.2013 26958153   24.56%
  64720 16645    46679.6121  1884    53610.7100    40444.2013 26967873   24.56%
  64812 16580    48866.6942  1525    53610.7100    40444.2013 26952713   24.56%
  64923 16757    51269.8885  1383    53610.7100    40444.2013 26987305   24.56%
  65042 16853    52355.0076  1394    53610.7100    40444.2013 27073305   24.56%
Elapsed time = 10634.59 sec. (2737490.31 ticks, tree = 776.17 MB, solutions = 1)
  65155 17041    47104.2127  1564    53610.7100    40444.2013 27143978   24.56%
  65219 17065    48555.3820  1571    53610.7100    40457.5907 27154284   24.53%
  65279 17285    49938.7428  1489    53610.7100    40458.0663 27266582   24.53%
  65342 17315    52798.2873  1487    53610.7100    40458.0663 27277240   24.53%
  65433 17189    46723.1946  1589    53610.7100    40460.1929 27221371   24.53%
  65487 17362    41980.1796  1896    53610.7100    40460.1929 27296288   24.53%
  65566 17509    43102.0558  2078    53610.7100    40460.4881 27408353   24.53%
  65649 17537    44238.9079  2033    53610.7100    40460.4881 27418444   24.53%
  65736 17557    50941.8804  1712    53610.7100    40460.4881 27446613   24.53%
  65867 17801    47323.3525  1573    53610.7100    40478.0875 27546331   24.50%
Elapsed time = 10788.05 sec. (2776496.87 ticks, tree = 828.30 MB, solutions = 1)
  66007 17863    49279.8538  1492    53610.7100    40478.0875 27557172   24.50%
  66097 17876    43319.9298  2097    53610.7100    40478.0875 27584537   24.50%
  66146 17900    45433.5857  1912    53610.7100    40478.9125 27594558   24.49%
  66204 17920    47239.7633  1970    53610.7100    40515.3072 27628286   24.43%
  66280 17964    47331.9704  1650    53610.7100    40515.3072 27609337   24.43%
  66387 17998    48017.9330  1909    53610.7100    40515.3072 27679004   24.43%
  66483 18276    44904.6384  1981    53610.7100    40515.3072 27734335   24.43%
  66567 18274    51846.1774  1516    53610.7100    40515.3072 27764373   24.43%
  66657 18332    51803.3038  1950    53610.7100    40515.3072 27808349   24.43%
  66787 18341    41277.2631  2106    53610.7100    40515.3072 27816687   24.43%
Elapsed time = 10940.81 sec. (2815392.97 ticks, tree = 858.53 MB, solutions = 1)
  66856 18548    42636.0972  2006    53610.7100    40547.7875 27904594   24.37%
  66942 18610    44657.6991  1870    53610.7100    40558.5670 27947880   24.35%
  67035 18593    45021.5908  1966    53610.7100    40558.6511 27924421   24.35%
  67153 18825    52662.9110  1792    53610.7100    40558.6511 28026734   24.35%
  67297 19090    49672.8558  1842    53610.7100    40558.6511 28129716   24.35%
  67432 18930    44703.8001  2083    53610.7100    40561.9979 28065745   24.34%
  67494 18989    44323.3420  2101    53610.7100    40561.9979 28112455   24.34%
  67557 18950    46084.8382  2089    53610.7100    40561.9979 28085214   24.34%
  67626 19341    46942.4528  2017    53610.7100    40565.3865 28245785   24.33%
  67711 19379    48941.6847  1932    53610.7100    40594.6660 28255809   24.28%
Elapsed time = 11093.88 sec. (2854058.22 ticks, tree = 918.34 MB, solutions = 1)
  67815 19434    50113.7458  1638    53610.7100    40597.8146 28265530   24.27%
  67893 19530    46503.9801  1970    53610.7100    40597.8146 28330638   24.27%
  67961 19555    47774.5568  1997    53610.7100    40597.8146 28340504   24.27%
  68068 19593    52809.6751  1816    53610.7100    40597.8146 28370824   24.27%
  68209 19812    51836.3926  1398    53610.7100    40597.8146 28455197   24.27%
  68289 19622    42535.5058  2217    53610.7100    40597.8146 28390320   24.27%
  68361 19986    49001.1191  1679    53610.7100    40621.3282 28553500   24.23%
  68438 19904    49218.0924  1967    53610.7100    40621.3282 28505175   24.23%
  68530 20037        cutoff          53610.7100    40621.3282 28573615   24.23%
  68630 20165    52548.6108  1992    53610.7100    40621.3282 28642754   24.23%
Elapsed time = 11246.53 sec. (2892618.01 ticks, tree = 963.73 MB, solutions = 1)
  68686 20304    43848.3384  1932    53610.7100    40626.6508 28709479   24.22%
  68759 20331    45468.0060  2039    53610.7100    40629.0206 28719363   24.21%
  68815 20454    45617.7024  2006    53610.7100    40630.3040 28786346   24.21%
  68909 20492    47710.9107  1837    53610.7100    40630.3040 28796226   24.21%
  68984 20496    49082.1124  1888    53610.7100    40630.3040 28825525   24.21%
  69045 20638    45836.3168  1790    53610.7100    40630.3040 28913100   24.21%
  69104 20542    52705.8880  1710    53610.7100    40630.3040 28845212   24.21%
  69164 20552    42453.2821  2095    53610.7100    40650.5005 28855124   24.17%
  69224 20813    44277.2377  1945    53610.7100    40656.0587 28985350   24.16%
  69288 20932    49275.2308  1628    53610.7100    40656.0587 29074921   24.16%
Elapsed time = 11398.49 sec. (2931316.98 ticks, tree = 1008.25 MB, solutions = 1)
  69381 20871    45614.3535  1636    53610.7100    40656.0587 29043653   24.16%
  69491 20914    50837.7036  1788    53610.7100    40656.0587 29014841   24.16%
  69570 20990    42443.9067  1886    53610.7100    40661.0601 29102507   24.15%
  69632 21228    43800.4796  1807    53610.7100    40661.0601 29229276   24.15%
  69683 21255    45256.7308  1969    53610.7100    40661.0601 29239031   24.15%
  69761 21166    42955.4121  2035    53610.7100    40661.0601 29205368   24.15%
  69864 21197    44245.7007  2087    53610.7100    40661.0601 29215183   24.15%
  69979 21590    53502.2021  1507    53610.7100    40675.9907 29384494   24.13%
  70041 21328    48217.1640  1827    53610.7100    40675.9907 29320722   24.13%
  70140 21605    48075.0628  1533    53610.7100    40675.9907 29425440   24.13%
Elapsed time = 11549.88 sec. (2969693.00 ticks, tree = 1047.16 MB, solutions = 1)
  70236 21630    50005.7187  1418    53610.7100    40675.9907 29435502   24.13%
  70305 21869    42752.1375  2114    53610.7100    40681.5730 29545734   24.12%
  70384 21686    43574.9228  1901    53610.7100    40681.5730 29477364   24.12%
  70463 21988    52942.9771  1324    53610.7100    40681.5730 29589590   24.12%
  70542 21748    46292.0406  1894    53610.7100    40681.5730 29497139   24.12%
  70622 22102    48678.8329  1684    53610.7100    40685.2199 29631680   24.11%
  70763 22195    48540.5494  1706    53610.7100    40685.2199 29720293   24.11%
  70805 22163    42645.0831  2162    53610.7100    40692.0798 29688237   24.10%
  70855 22232    50907.3722  1903    53610.7100    40692.0798 29739909   24.10%
  70932 22266    52908.8660  1757    53610.7100    40692.0798 29750237   24.10%
Elapsed time = 11704.17 sec. (3008636.00 ticks, tree = 1086.07 MB, solutions = 1)
  70988 22292    49820.9433  1927    53610.7100    40709.8480 29783174   24.06%
  71047 22438    46339.1729  1776    53610.7100    40709.8480 29850663   24.06%
  71111 22426    48880.0374  1581    53610.7100    40709.8480 29824522   24.06%
  71184 22467    47576.3400  1720    53610.7100    40709.8480 29870030   24.06%
  71267 22799    53322.7865  1841    53610.7100    40709.8480 30042257   24.06%
  71338 22720    51781.1809  1777    53610.7100    40709.8480 30012866   24.06%
  71379 22730    42519.9363  1692    53610.7100    40710.9140 30022613   24.06%
  71427 22668    43035.3705  1848    53610.7100    40710.9140 29992662   24.06%
  71472 22895    46206.6959  1938    53610.7100    40716.9558 30153222   24.05%
  71507 22846    44970.2896  1731    53610.7100    40716.9558 30125800   24.05%
Elapsed time = 11858.02 sec. (3047774.14 ticks, tree = 1118.75 MB, solutions = 1)
  71557 23036    44689.1447  1568    53610.7100    40723.6698 30235191   24.04%
  71612 22936    50400.6419  1834    53610.7100    40723.6698 30183546   24.04%
  71669 23132    43042.3350  2028    53610.7100    40723.6698 30315446   24.04%
  71730 23121    53105.5754  1674    53610.7100    40723.6698 30286194   24.04%
  71837 23135    43224.4770  1987    53610.7100    40723.6698 30294676   24.04%
  71911 23257    45703.9734  1740    53610.7100    40725.1621 30409707   24.04%
  71993 23228    45300.0969  1789    53610.7100    40725.1621 30394594   24.04%
  72078 23321    49892.3573  1761    53610.7100    40729.8664 30428927   24.03%
  72206 23391    52094.7799  1315    53610.7100    40729.8664 30438455   24.03%
  72343 23503    53604.9246  1559    53610.7100    40729.8664 30554249   24.03%
Elapsed time = 12014.91 sec. (3086550.55 ticks, tree = 1150.72 MB, solutions = 1)
  72395 23664    42502.4411  2080    53610.7100    40729.8664 30585902   24.03%
  72439 23672    43160.9474  2074    53610.7100    40730.0119 30595467   24.03%
  72491 23680    44413.0936  1777    53610.7100    40730.0119 30605117   24.03%
  72568 23697    49767.2622  1615    53610.7100    40740.6935 30633595   24.01%
  72641 23806    51155.1008  1282    53610.7100    40740.6935 30690454   24.01%
  72722 23917    45819.3506  1874    53610.7100    40740.6935 30765331   24.01%
  72803 23927    46842.9373  1990    53610.7100    40740.6935 30774703   24.01%
  72865 24016    46031.3657  1909    53610.7100    40742.8543 30805697   24.00%
  72925 24157    44697.6940  1835    53610.7100    40742.8543 30897063   24.00%
  73002 24203    43435.5184  2037    53610.7100    40742.8543 30931075   24.00%
Elapsed time = 12170.44 sec. (3125184.53 ticks, tree = 1190.53 MB, solutions = 1)
  73071 24231    44848.5213  1977    53610.7100    40744.6663 30940857   24.00%
  73146 24315    52496.8223  1970    53610.7100    40744.6663 30974675   24.00%
  73230 24435    49401.0861  1296    53610.7100    40748.9944 31068023   23.99%
  73323 24459    49432.0054  1176    53610.7100    40748.9944 31078226   23.99%
  73433 24479    51218.7773  1250    53610.7100    40748.9944 31088437   23.99%
  73499 24637    51342.8188  1513    53610.7100    40748.9944 31182396   23.99%
  73556 24651    52889.2527  1412    53610.7100    40748.9944 31192588   23.99%
  73607 24752    41392.1845  2021    53610.7100    40752.4483 31241601   23.98%
  73665 24685    41990.3744  2014    53610.7100    40752.4483 31213193   23.98%
  73729 24991    44515.2056  1970    53610.7100    40765.7144 31342626   23.96%
Elapsed time = 12324.50 sec. (3164013.11 ticks, tree = 1224.22 MB, solutions = 1)
  73794 24936    50539.1417  1819    53610.7100    40765.7144 31318162   23.96%
  73876 24955    52184.3166  2057    53610.7100    40765.7144 31327655   23.96%
  73985 25072    52081.1704  1791    53610.7100    40765.7144 31371379   23.96%
  74130 25171    52755.5360  1564    53610.7100    40765.7144 31426731   23.96%
  74168 25177    42924.2915  1869    53610.7100    40767.6849 31481962   23.96%
  74218 25437    43872.7059  1922    53610.7100    40767.6849 31569599   23.96%
  74290 25217    47541.7135  1967    53610.7100    40767.6849 31501623   23.96%
  74373 25539    52931.7122  1801    53610.7100    40767.6849 31622483   23.96%
  74464 25619    51006.2023  2012    53610.7100    40767.6849 31654251   23.96%
  74551 25641    50181.0565  1826    53610.7100    40767.6849 31699320   23.96%
Elapsed time = 12480.45 sec. (3202622.86 ticks, tree = 1261.65 MB, solutions = 1)
  74639 25672    53506.3547  1450    53610.7100    40768.5660 31708957   23.95%
  74711 25740    51918.1389  1681    53610.7100    40768.5660 31753695   23.95%
  74809 25696    43977.8920  2078    53610.7100    40768.5660 31726334   23.95%
  74885 25848    47471.4245  1727    53610.7100    40768.5660 31804282   23.95%
  74987 25979    46122.6793  1966    53610.7100    40770.7520 31875256   23.95%
  75097 26204    51491.6245  1650    53610.7100    40770.7520 31949897   23.95%
  75186 26047    49314.8254  1565    53610.7100    40771.0207 31894164   23.95%
  75279 26118    47587.7020  1716    53610.7100    40771.0207 31933699   23.95%
  75361 26362    42665.3029  2051    53610.7100    40771.0207 32041073   23.95%
  75457 26369    46295.4756  1943    53610.7100    40771.0207 32050601   23.95%
Elapsed time = 12636.72 sec. (3240978.91 ticks, tree = 1305.52 MB, solutions = 1)
  75523 26381    45361.1650  1989    53610.7100    40771.0207 32060233   23.95%
  75573 26278    42083.6004  2145    53610.7100    40771.0207 32031836   23.95%
  75625 26605    46509.8354  1452    53610.7100    40775.4331 32149173   23.94%
  75705 26680    45999.3401  2045    53610.7100    40776.3866 32184398   23.94%
  75792 26801    47349.9669  1908    53610.7100    40776.3866 32271173   23.94%
  75841 26735    44471.2998  1898    53610.7100    40776.3866 32242524   23.94%
  75926 26971    52824.6492  2033    53610.7100    40776.3866 32346041   23.94%
  75990 26849    49161.6111  1673    53610.7100    40777.0221 32300943   23.94%
  76065 27129    53122.4549  1618    53610.7100    40777.0221 32442763   23.94%
  76141 27162    53223.5521  1595    53610.7100    40778.9358 32452761   23.94%
Elapsed time = 12792.44 sec. (3279763.48 ticks, tree = 1353.06 MB, solutions = 1)
  76185 27171    42435.4012  2091    53610.7100    40778.9358 32461318   23.94%
  76248 27188    43305.1136  2043    53610.7100    40792.7395 32467545   23.91%
  76297 27279    44242.5293  1881    53610.7100    40800.3984 32575399   23.90%
  76353 27292    45853.8926  1975    53610.7100    40800.6935 32584921   23.89%
  76429 27427    45706.6019  1962    53610.7100    40800.6935 32667956   23.89%
  76517 27471    52161.6170  1445    53610.7100    40800.6935 32641770   23.89%
  76622 27541    48245.3187  1819    53610.7100    40804.9075 32748224   23.89%
  76678 27561    52507.9622  1750    53610.7100    40804.9075 32758322   23.89%
  76735 27572    41656.0813  2040    53610.7100    40804.9075 32766936   23.89%
  76791 27797    53442.0192  1887    53610.7100    40804.9075 32856490   23.89%
Elapsed time = 12948.55 sec. (3318709.78 ticks, tree = 1391.09 MB, solutions = 1)
  76848 27818    50929.0889  1936    53610.7100    40804.9075 32890254   23.89%
  76923 27872    42983.2614  2049    53610.7100    40806.8895 32936375   23.88%
  76956 27932    48105.2208  1881    53610.7100    40806.8895 32984268   23.88%
  76995 27893    46094.7065  1770    53610.7100    40806.8895 32956017   23.88%
  77052 27859    44128.4688  1796    53610.7100    40806.8895 32926029   23.88%
  77092 27976    45747.6020  1966    53610.7100    40811.6814 33012433   23.87%
  77155 28056    45411.8751  1814    53610.7100    40811.6814 33071524   23.87%
  77243 28066    48843.1443  1816    53610.7100    40819.2311 33038001   23.86%
  77304 28159    53101.1808  1503    53610.7100    40819.2311 33130640   23.86%
  77389 28131    51434.3763  1815    53610.7100    40819.2311 33052013   23.86%
Elapsed time = 13116.08 sec. (3357507.29 ticks, tree = 1411.53 MB, solutions = 1)
  77431 28183    47370.3050  1535    53610.7100    40819.2311 33148982   23.86%
  77484 28487    52797.2246  1890    53610.7100    40823.6921 33306011   23.85%
  77559 28233    50135.4463  1692    53610.7100    40823.6921 33199303   23.85%
  77608 28364    44209.4372  1855    53610.7100    40823.6921 33245943   23.85%
  77669 28566    53505.2085  1169    53610.7100    40823.6921 33349779   23.85%
  77727 28578    44284.4016  1984    53610.7100    40824.1392 33358607   23.85%
  77807 28724    53196.4252  1767    53610.7100    40824.1392 33478311   23.85%
  77901 28656    48519.4783  1677    53610.7100    40824.1392 33421332   23.85%
  78010 28667    48484.9393  1959    53610.7100    40824.1392 33388480   23.85%
  78102 28854    50270.6133  1945    53610.7100    40825.7050 33521171   23.85%
Elapsed time = 13270.89 sec. (3396435.66 ticks, tree = 1455.13 MB, solutions = 1)
  78202 29039    42143.2003  2109    53610.7100    40828.5583 33613569   23.84%
  78311 28971    44479.1196  2084    53610.7100    40830.5685 33583614   23.84%
  78396 28995    46069.6186  2096    53610.7100    40830.5685 33593130   23.84%
  78468 29030    47519.7585  2037    53610.7100    40830.5685 33602375   23.84%
  78526 29393    50293.2162  1866    53610.7100    40831.5094 33746654   23.84%
  78596 29433    52875.7010  1750    53610.7100    40831.5094 33756380   23.84%
  78647 29455    46413.7743  1797    53610.7100    40831.7638 33808308   23.84%
  78700 29303    50808.4466  1694    53610.7100    40831.7638 33731381   23.84%
  78750 29328    53368.6701  1306    53610.7100    40831.7638 33741247   23.84%
  78782 29578    41789.7325  2166    53610.7100    40831.7638 33887425   23.84%
Elapsed time = 13441.49 sec. (3435141.20 ticks, tree = 1499.08 MB, solutions = 1)
  78811 29599    42433.5998  2166    53610.7100    40831.7638 33896844   23.84%
  78871 29709    46325.6629  1403    53610.7100    40831.7638 33982567   23.84%
  78952 29776        cutoff          53610.7100    40831.7638 34016523   23.84%
  79028 29668    46128.6553  1937    53610.7100    40849.2409 33925031   23.80%
  79109 29754    50288.2154  1312    53610.7100    40849.2409 34011803   23.80%
  79188 29833    46956.2281  2080    53610.7100    40849.2409 34044208   23.80%
  79250 29940    52184.0474  1937    53610.7100    40850.5406 34099497   23.80%
  79363 30176    49935.7740  1841    53610.7100    40850.5406 34204358   23.80%
  79510 29954    51697.9531  1347    53610.7100    40850.5406 34066761   23.80%
  79577 30068    43950.2166  1875    53610.7100    40850.5406 34167651   23.80%
Elapsed time = 13620.63 sec. (3473730.40 ticks, tree = 1527.25 MB, solutions = 1)
  79631 30104    45062.6153  1721    53610.7100    40850.5406 34176563   23.80%
  79702 30367    47109.0122  1684    53610.7100    40853.0117 34257859   23.80%
  79779 30421    50192.9000  1729    53610.7100    40853.0117 34266460   23.80%
  79821 30398    45087.0435  2084    53610.7100    40853.0117 34317467   23.80%
  79855 30409    44054.9986  2012    53610.7100    40853.0117 34326964   23.80%
  79885 30582    49959.1043  1726    53610.7100    40857.2740 34382767   23.79%
  79934 30777    45759.4657  1807    53610.7100    40858.4036 34498507   23.79%
  80005 30791    49754.3611  1753    53610.7100    40858.4036 34490565   23.79%
  80067 30736    48154.7437  1736    53610.7100    40858.4036 34453173   23.79%
  80130 30755    48844.8968  1751    53610.7100    40859.9891 34462854   23.78%
Elapsed time = 13807.14 sec. (3512386.15 ticks, tree = 1550.22 MB, solutions = 1)
  80218 30844    42544.8295  1977    53610.7100    40859.9891 34537031   23.78%
  80292 31085    41938.4096  2093    53610.7100    40865.6571 34674452   23.77%
  80366 31044    42612.7018  2139    53610.7100    40865.6571 34644478   23.77%
* 80388+31095                        53469.4800    40865.6571            23.57%
  80436 30822    44672.0924  2025    53469.4800    40865.6571 34688464   23.57%
  80522 31032    47560.3102  1706    53469.4800    40865.6571 34615956   23.57%
  80634 30864    48256.9091  1956    53469.4800    40865.6571 34707096   23.57%
  80728 30960    50091.8192  1161    53469.4800    40866.0144 34739234   23.57%
  80795 31159    42759.6158  2118    53469.4800    40866.0144 34832107   23.57%
  80840 31187    46364.5397  1972    53469.4800    40866.0144 34842013   23.57%
  80954 31212    49721.0513  2038    53469.4800    40866.0144 34851686   23.57%
Elapsed time = 14015.78 sec. (3551004.62 ticks, tree = 1579.80 MB, solutions = 2)
  81065 31295    50273.3671  1947    53469.4800    40866.0144 34887539   23.57%
  81143 31316    51666.7661  1950    53469.4800    40868.6501 34897515   23.57%
  81206 31500    43702.3937  1929    53469.4800    40868.6501 34933662   23.57%
  81260 31523    45082.4486  2032    53469.4800    40868.6501 34942503   23.57%
  81329 31493    50678.6612  1916    53469.4800    40868.6501 34938928   23.57%
  81408 31671    42206.4069  2161    53469.4800    40875.1182 35011236   23.55%
* 81479+31634                        53086.5400    40875.1182            23.00%
* 81480+31634                        53061.0400    40875.1182            22.97%
  81499 31799    52819.4994  1889    53061.0400    40875.1182 35054566   22.97%
  81557 31907    50863.8454  1894    53061.0400    40875.1182 35105436   22.97%
  81674 31833    44905.4097  2225    53061.0400    40875.1182 35072662   22.97%
  81752 30878    43231.9877  2021    53061.0400    40875.7368 35163835   22.96%
Elapsed time = 14219.74 sec. (3589806.55 ticks, tree = 1567.89 MB, solutions = 4)
  81803 30894    45729.4442  1921    53061.0400    40875.7368 35173777   22.96%
* 81816+31062                        53021.2500    40878.5973            22.90%
  81838 31173    47132.0964  2094    53021.2500    40885.0059 35271657   22.89%
  81885 31206    48527.7088  1887    53021.2500    40886.0245 35281465   22.89%
  81932 31162    45525.8412  2120    53021.2500    40886.0245 35323670   22.89%
  82004 31182    51602.7920  1599    53021.2500    40886.0245 35328115   22.89%
* 82053+31264                        52924.2200    40893.0476            22.73%
  82055 31194    43863.6884  2088    52924.2200    40893.0476 35337927   22.73%
  82111 31036    42910.0482  2084    52924.2200    40893.0476 35358560   22.73%
  82167 31058    43860.1997  1979    52924.2200    40893.0476 35367926   22.73%
  82208 31079    45254.2513  2059    52924.2200    40893.0476 35377559   22.73%
  82237 31108    47410.4348  1895    52924.2200    40893.0476 35387629   22.73%
Elapsed time = 14400.34 sec. (3628886.03 ticks, tree = 1559.09 MB, solutions = 9)
* 82245+31114                        52884.4300    40893.0476            22.67%

GUB cover cuts applied:  300
Cover cuts applied:  14
Implied bound cuts applied:  361
Flow cuts applied:  169
Mixed integer rounding cuts applied:  2801
Zero-half cuts applied:  167
Lift and project cuts applied:  73
Gomory fractional cuts applied:  15

Root node processing (before b&c):
  Real time             =   44.66 sec. (13561.39 ticks)
Parallel b&c, 4 threads:
  Real time             = 14355.99 sec. (3617189.48 ticks)
  Sync time (average)   =  341.05 sec.
  Wait time (average)   =    0.11 sec.
                          ------------
Total (root+branch&cut) = 14400.64 sec. (3630750.87 ticks)
