variable,value,node_type_info,action,road_type,edge,period
C_node1node10_timber_t0,0.0,node1transit_node10transit,C,timber,node1node10,0.0
C_node1node10_timber_t1,0.0,node1transit_node10transit,C,timber,node1node10,1.0
C_node1node10_timber_t2,0.0,node1transit_node10transit,C,timber,node1node10,2.0
C_node1node10_timber_t3,0.0,node1transit_node10transit,C,timber,node1node10,3.0
C_node1node10_timber_t4,0.0,node1transit_node10transit,C,timber,node1node10,4.0
C_node1node10_timber_t5,0.0,node1transit_node10transit,C,timber,node1node10,5.0
C_node1node10_wide_t0,0.0,node1transit_node10transit,C,wide,node1node10,0.0
C_node1node10_wide_t1,0.0,node1transit_node10transit,C,wide,node1node10,1.0
C_node1node10_wide_t2,0.0,node1transit_node10transit,C,wide,node1node10,2.0
C_node1node10_wide_t3,0.0,node1transit_node10transit,C,wide,node1node10,3.0
C_node1node10_wide_t4,0.0,node1transit_node10transit,C,wide,node1node10,4.0
C_node1node10_wide_t5,0.0,node1transit_node10transit,C,wide,node1node10,5.0
C_node1node15_timber_t0,0.0,node1transit_node15exit,C,timber,node1node15,0.0
C_node1node15_timber_t1,0.0,node1transit_node15exit,C,timber,node1node15,1.0
C_node1node15_timber_t2,0.0,node1transit_node15exit,C,timber,node1node15,2.0
C_node1node15_timber_t3,0.0,node1transit_node15exit,C,timber,node1node15,3.0
C_node1node15_timber_t4,0.0,node1transit_node15exit,C,timber,node1node15,4.0
C_node1node15_timber_t5,0.0,node1transit_node15exit,C,timber,node1node15,5.0
C_node1node15_wide_t0,0.0,node1transit_node15exit,C,wide,node1node15,0.0
C_node1node15_wide_t1,0.0,node1transit_node15exit,C,wide,node1node15,1.0
C_node1node15_wide_t2,0.0,node1transit_node15exit,C,wide,node1node15,2.0
C_node1node15_wide_t3,0.0,node1transit_node15exit,C,wide,node1node15,3.0
C_node1node15_wide_t4,0.0,node1transit_node15exit,C,wide,node1node15,4.0
C_node1node15_wide_t5,0.0,node1transit_node15exit,C,wide,node1node15,5.0
C_node1node8_timber_t0,0.0,node1transit_node8transit,C,timber,node1node8,0.0
C_node1node8_timber_t1,0.0,node1transit_node8transit,C,timber,node1node8,1.0
C_node1node8_timber_t2,0.0,node1transit_node8transit,C,timber,node1node8,2.0
C_node1node8_timber_t3,0.0,node1transit_node8transit,C,timber,node1node8,3.0
C_node1node8_timber_t4,0.0,node1transit_node8transit,C,timber,node1node8,4.0
C_node1node8_timber_t5,0.0,node1transit_node8transit,C,timber,node1node8,5.0
C_node1node8_wide_t0,0.0,node1transit_node8transit,C,wide,node1node8,0.0
C_node1node8_wide_t1,0.0,node1transit_node8transit,C,wide,node1node8,1.0
C_node1node8_wide_t2,0.0,node1transit_node8transit,C,wide,node1node8,2.0
C_node1node8_wide_t3,0.0,node1transit_node8transit,C,wide,node1node8,3.0
C_node1node8_wide_t4,0.0,node1transit_node8transit,C,wide,node1node8,4.0
C_node1node8_wide_t5,0.0,node1transit_node8transit,C,wide,node1node8,5.0
C_node2node14_timber_t0,0.0,node2transit_node14exit,C,timber,node2node14,0.0
C_node2node14_timber_t1,0.0,node2transit_node14exit,C,timber,node2node14,1.0
C_node2node14_timber_t2,0.0,node2transit_node14exit,C,timber,node2node14,2.0
C_node2node14_timber_t3,0.0,node2transit_node14exit,C,timber,node2node14,3.0
C_node2node14_timber_t4,0.0,node2transit_node14exit,C,timber,node2node14,4.0
C_node2node14_timber_t5,0.0,node2transit_node14exit,C,timber,node2node14,5.0
C_node2node14_wide_t0,0.0,node2transit_node14exit,C,wide,node2node14,0.0
C_node2node14_wide_t1,0.0,node2transit_node14exit,C,wide,node2node14,1.0
C_node2node14_wide_t2,0.0,node2transit_node14exit,C,wide,node2node14,2.0
C_node2node14_wide_t3,0.0,node2transit_node14exit,C,wide,node2node14,3.0
C_node2node14_wide_t4,0.0,node2transit_node14exit,C,wide,node2node14,4.0
C_node2node14_wide_t5,0.0,node2transit_node14exit,C,wide,node2node14,5.0
C_node2node13_timber_t0,0.0,node2transit_node13exit,C,timber,node2node13,0.0
C_node2node13_timber_t1,0.0,node2transit_node13exit,C,timber,node2node13,1.0
C_node2node13_timber_t2,0.0,node2transit_node13exit,C,timber,node2node13,2.0
C_node2node13_timber_t3,0.0,node2transit_node13exit,C,timber,node2node13,3.0
C_node2node13_timber_t4,0.0,node2transit_node13exit,C,timber,node2node13,4.0
C_node2node13_timber_t5,0.0,node2transit_node13exit,C,timber,node2node13,5.0
C_node2node13_wide_t0,0.0,node2transit_node13exit,C,wide,node2node13,0.0
C_node2node13_wide_t1,0.0,node2transit_node13exit,C,wide,node2node13,1.0
C_node2node13_wide_t2,0.0,node2transit_node13exit,C,wide,node2node13,2.0
C_node2node13_wide_t3,0.0,node2transit_node13exit,C,wide,node2node13,3.0
C_node2node13_wide_t4,0.0,node2transit_node13exit,C,wide,node2node13,4.0
C_node2node13_wide_t5,0.0,node2transit_node13exit,C,wide,node2node13,5.0
C_node2node16_timber_t0,0.0,node2transit_node16exit,C,timber,node2node16,0.0
C_node2node16_timber_t1,0.0,node2transit_node16exit,C,timber,node2node16,1.0
C_node2node16_timber_t2,0.0,node2transit_node16exit,C,timber,node2node16,2.0
C_node2node16_timber_t3,0.0,node2transit_node16exit,C,timber,node2node16,3.0
C_node2node16_timber_t4,0.0,node2transit_node16exit,C,timber,node2node16,4.0
C_node2node16_timber_t5,0.0,node2transit_node16exit,C,timber,node2node16,5.0
C_node2node16_wide_t0,0.0,node2transit_node16exit,C,wide,node2node16,0.0
C_node2node16_wide_t1,0.0,node2transit_node16exit,C,wide,node2node16,1.0
C_node2node16_wide_t2,0.0,node2transit_node16exit,C,wide,node2node16,2.0
C_node2node16_wide_t3,0.0,node2transit_node16exit,C,wide,node2node16,3.0
C_node2node16_wide_t4,0.0,node2transit_node16exit,C,wide,node2node16,4.0
C_node2node16_wide_t5,0.0,node2transit_node16exit,C,wide,node2node16,5.0
C_node3node5_timber_t0,0.0,node3transit_node5exit,C,timber,node3node5,0.0
C_node3node5_timber_t1,0.0,node3transit_node5exit,C,timber,node3node5,1.0
C_node3node5_timber_t2,0.0,node3transit_node5exit,C,timber,node3node5,2.0
C_node3node5_timber_t3,0.0,node3transit_node5exit,C,timber,node3node5,3.0
C_node3node5_timber_t4,0.0,node3transit_node5exit,C,timber,node3node5,4.0
C_node3node5_timber_t5,0.0,node3transit_node5exit,C,timber,node3node5,5.0
C_node3node5_wide_t0,0.0,node3transit_node5exit,C,wide,node3node5,0.0
C_node3node5_wide_t1,0.0,node3transit_node5exit,C,wide,node3node5,1.0
C_node3node5_wide_t2,0.0,node3transit_node5exit,C,wide,node3node5,2.0
C_node3node5_wide_t3,0.0,node3transit_node5exit,C,wide,node3node5,3.0
C_node3node5_wide_t4,0.0,node3transit_node5exit,C,wide,node3node5,4.0
C_node3node5_wide_t5,0.0,node3transit_node5exit,C,wide,node3node5,5.0
C_node3node10_timber_t0,0.0,node3transit_node10transit,C,timber,node3node10,0.0
C_node3node10_timber_t1,0.0,node3transit_node10transit,C,timber,node3node10,1.0
C_node3node10_timber_t2,0.0,node3transit_node10transit,C,timber,node3node10,2.0
C_node3node10_timber_t3,0.0,node3transit_node10transit,C,timber,node3node10,3.0
C_node3node10_timber_t4,0.0,node3transit_node10transit,C,timber,node3node10,4.0
C_node3node10_timber_t5,0.0,node3transit_node10transit,C,timber,node3node10,5.0
C_node3node10_wide_t0,0.0,node3transit_node10transit,C,wide,node3node10,0.0
C_node3node10_wide_t1,0.0,node3transit_node10transit,C,wide,node3node10,1.0
C_node3node10_wide_t2,0.0,node3transit_node10transit,C,wide,node3node10,2.0
C_node3node10_wide_t3,0.0,node3transit_node10transit,C,wide,node3node10,3.0
C_node3node10_wide_t4,0.0,node3transit_node10transit,C,wide,node3node10,4.0
C_node3node10_wide_t5,0.0,node3transit_node10transit,C,wide,node3node10,5.0
C_node3node6_timber_t0,0.0,node3transit_node6transit,C,timber,node3node6,0.0
C_node3node6_timber_t1,0.0,node3transit_node6transit,C,timber,node3node6,1.0
C_node3node6_timber_t2,0.0,node3transit_node6transit,C,timber,node3node6,2.0
C_node3node6_timber_t3,0.0,node3transit_node6transit,C,timber,node3node6,3.0
C_node3node6_timber_t4,0.0,node3transit_node6transit,C,timber,node3node6,4.0
C_node3node6_timber_t5,0.0,node3transit_node6transit,C,timber,node3node6,5.0
C_node3node6_wide_t0,0.0,node3transit_node6transit,C,wide,node3node6,0.0
C_node3node6_wide_t1,0.0,node3transit_node6transit,C,wide,node3node6,1.0
C_node3node6_wide_t2,0.0,node3transit_node6transit,C,wide,node3node6,2.0
C_node3node6_wide_t3,0.0,node3transit_node6transit,C,wide,node3node6,3.0
C_node3node6_wide_t4,0.0,node3transit_node6transit,C,wide,node3node6,4.0
C_node3node6_wide_t5,0.0,node3transit_node6transit,C,wide,node3node6,5.0
C_node3node20_timber_t0,0.0,node3transit_node20source,C,timber,node3node20,0.0
C_node3node20_timber_t1,0.0,node3transit_node20source,C,timber,node3node20,1.0
C_node3node20_timber_t2,0.0,node3transit_node20source,C,timber,node3node20,2.0
C_node3node20_timber_t3,1.0,node3transit_node20source,C,timber,node3node20,3.0
C_node3node20_timber_t4,0.0,node3transit_node20source,C,timber,node3node20,4.0
C_node3node20_timber_t5,0.0,node3transit_node20source,C,timber,node3node20,5.0
C_node3node20_wide_t0,0.0,node3transit_node20source,C,wide,node3node20,0.0
C_node3node20_wide_t1,0.0,node3transit_node20source,C,wide,node3node20,1.0
C_node3node20_wide_t2,0.0,node3transit_node20source,C,wide,node3node20,2.0
C_node3node20_wide_t3,0.0,node3transit_node20source,C,wide,node3node20,3.0
C_node3node20_wide_t4,0.0,node3transit_node20source,C,wide,node3node20,4.0
C_node3node20_wide_t5,0.0,node3transit_node20source,C,wide,node3node20,5.0
C_node4node9_timber_t0,0.0,node4transit_node9transit,C,timber,node4node9,0.0
C_node4node9_timber_t1,0.0,node4transit_node9transit,C,timber,node4node9,1.0
C_node4node9_timber_t2,0.0,node4transit_node9transit,C,timber,node4node9,2.0
C_node4node9_timber_t3,0.0,node4transit_node9transit,C,timber,node4node9,3.0
C_node4node9_timber_t4,0.0,node4transit_node9transit,C,timber,node4node9,4.0
C_node4node9_timber_t5,0.0,node4transit_node9transit,C,timber,node4node9,5.0
C_node4node9_wide_t0,0.0,node4transit_node9transit,C,wide,node4node9,0.0
C_node4node9_wide_t1,0.0,node4transit_node9transit,C,wide,node4node9,1.0
C_node4node9_wide_t2,0.0,node4transit_node9transit,C,wide,node4node9,2.0
C_node4node9_wide_t3,0.0,node4transit_node9transit,C,wide,node4node9,3.0
C_node4node9_wide_t4,0.0,node4transit_node9transit,C,wide,node4node9,4.0
C_node4node9_wide_t5,0.0,node4transit_node9transit,C,wide,node4node9,5.0
C_node4node6_timber_t0,0.0,node4transit_node6transit,C,timber,node4node6,0.0
C_node4node6_timber_t1,0.0,node4transit_node6transit,C,timber,node4node6,1.0
C_node4node6_timber_t2,0.0,node4transit_node6transit,C,timber,node4node6,2.0
C_node4node6_timber_t3,0.0,node4transit_node6transit,C,timber,node4node6,3.0
C_node4node6_timber_t4,0.0,node4transit_node6transit,C,timber,node4node6,4.0
C_node4node6_timber_t5,0.0,node4transit_node6transit,C,timber,node4node6,5.0
C_node4node6_wide_t0,0.0,node4transit_node6transit,C,wide,node4node6,0.0
C_node4node6_wide_t1,0.0,node4transit_node6transit,C,wide,node4node6,1.0
C_node4node6_wide_t2,0.0,node4transit_node6transit,C,wide,node4node6,2.0
C_node4node6_wide_t3,0.0,node4transit_node6transit,C,wide,node4node6,3.0
C_node4node6_wide_t4,0.0,node4transit_node6transit,C,wide,node4node6,4.0
C_node4node6_wide_t5,0.0,node4transit_node6transit,C,wide,node4node6,5.0
C_node4node10_timber_t0,0.0,node4transit_node10transit,C,timber,node4node10,0.0
C_node4node10_timber_t1,0.0,node4transit_node10transit,C,timber,node4node10,1.0
C_node4node10_timber_t2,0.0,node4transit_node10transit,C,timber,node4node10,2.0
C_node4node10_timber_t3,0.0,node4transit_node10transit,C,timber,node4node10,3.0
C_node4node10_timber_t4,0.0,node4transit_node10transit,C,timber,node4node10,4.0
C_node4node10_timber_t5,0.0,node4transit_node10transit,C,timber,node4node10,5.0
C_node4node10_wide_t0,0.0,node4transit_node10transit,C,wide,node4node10,0.0
C_node4node10_wide_t1,0.0,node4transit_node10transit,C,wide,node4node10,1.0
C_node4node10_wide_t2,0.0,node4transit_node10transit,C,wide,node4node10,2.0
C_node4node10_wide_t3,0.0,node4transit_node10transit,C,wide,node4node10,3.0
C_node4node10_wide_t4,0.0,node4transit_node10transit,C,wide,node4node10,4.0
C_node4node10_wide_t5,0.0,node4transit_node10transit,C,wide,node4node10,5.0
C_node4node19_timber_t0,0.0,node4transit_node19source,C,timber,node4node19,0.0
C_node4node19_timber_t1,1.0,node4transit_node19source,C,timber,node4node19,1.0
C_node4node19_timber_t2,0.0,node4transit_node19source,C,timber,node4node19,2.0
C_node4node19_timber_t3,0.0,node4transit_node19source,C,timber,node4node19,3.0
C_node4node19_timber_t4,0.0,node4transit_node19source,C,timber,node4node19,4.0
C_node4node19_timber_t5,0.0,node4transit_node19source,C,timber,node4node19,5.0
C_node4node19_wide_t0,0.0,node4transit_node19source,C,wide,node4node19,0.0
C_node4node19_wide_t1,0.0,node4transit_node19source,C,wide,node4node19,1.0
C_node4node19_wide_t2,0.0,node4transit_node19source,C,wide,node4node19,2.0
C_node4node19_wide_t3,0.0,node4transit_node19source,C,wide,node4node19,3.0
C_node4node19_wide_t4,0.0,node4transit_node19source,C,wide,node4node19,4.0
C_node4node19_wide_t5,0.0,node4transit_node19source,C,wide,node4node19,5.0
C_node4node20_timber_t0,0.0,node4transit_node20source,C,timber,node4node20,0.0
C_node4node20_timber_t1,0.0,node4transit_node20source,C,timber,node4node20,1.0
C_node4node20_timber_t2,0.0,node4transit_node20source,C,timber,node4node20,2.0
C_node4node20_timber_t3,0.0,node4transit_node20source,C,timber,node4node20,3.0
C_node4node20_timber_t4,0.0,node4transit_node20source,C,timber,node4node20,4.0
C_node4node20_timber_t5,0.0,node4transit_node20source,C,timber,node4node20,5.0
C_node4node20_wide_t0,0.0,node4transit_node20source,C,wide,node4node20,0.0
C_node4node20_wide_t1,0.0,node4transit_node20source,C,wide,node4node20,1.0
C_node4node20_wide_t2,0.0,node4transit_node20source,C,wide,node4node20,2.0
C_node4node20_wide_t3,0.0,node4transit_node20source,C,wide,node4node20,3.0
C_node4node20_wide_t4,1.0,node4transit_node20source,C,wide,node4node20,4.0
C_node4node20_wide_t5,0.0,node4transit_node20source,C,wide,node4node20,5.0
C_node5node8_timber_t0,0.0,node5exit_node8transit,C,timber,node5node8,0.0
C_node5node8_timber_t1,0.0,node5exit_node8transit,C,timber,node5node8,1.0
C_node5node8_timber_t2,0.0,node5exit_node8transit,C,timber,node5node8,2.0
C_node5node8_timber_t3,0.0,node5exit_node8transit,C,timber,node5node8,3.0
C_node5node8_timber_t4,0.0,node5exit_node8transit,C,timber,node5node8,4.0
C_node5node8_timber_t5,0.0,node5exit_node8transit,C,timber,node5node8,5.0
C_node5node8_wide_t0,0.0,node5exit_node8transit,C,wide,node5node8,0.0
C_node5node8_wide_t1,0.0,node5exit_node8transit,C,wide,node5node8,1.0
C_node5node8_wide_t2,0.0,node5exit_node8transit,C,wide,node5node8,2.0
C_node5node8_wide_t3,0.0,node5exit_node8transit,C,wide,node5node8,3.0
C_node5node8_wide_t4,0.0,node5exit_node8transit,C,wide,node5node8,4.0
C_node5node8_wide_t5,0.0,node5exit_node8transit,C,wide,node5node8,5.0
C_node6node17_timber_t0,0.0,node6transit_node17exit,C,timber,node6node17,0.0
C_node6node17_timber_t1,0.0,node6transit_node17exit,C,timber,node6node17,1.0
C_node6node17_timber_t2,0.0,node6transit_node17exit,C,timber,node6node17,2.0
C_node6node17_timber_t3,0.0,node6transit_node17exit,C,timber,node6node17,3.0
C_node6node17_timber_t4,0.0,node6transit_node17exit,C,timber,node6node17,4.0
C_node6node17_timber_t5,1.0,node6transit_node17exit,C,timber,node6node17,5.0
C_node6node17_wide_t0,0.0,node6transit_node17exit,C,wide,node6node17,0.0
C_node6node17_wide_t1,0.0,node6transit_node17exit,C,wide,node6node17,1.0
C_node6node17_wide_t2,0.0,node6transit_node17exit,C,wide,node6node17,2.0
C_node6node17_wide_t3,0.0,node6transit_node17exit,C,wide,node6node17,3.0
C_node6node17_wide_t4,0.0,node6transit_node17exit,C,wide,node6node17,4.0
C_node6node17_wide_t5,0.0,node6transit_node17exit,C,wide,node6node17,5.0
C_node6node20_timber_t0,0.0,node6transit_node20source,C,timber,node6node20,0.0
C_node6node20_timber_t1,0.0,node6transit_node20source,C,timber,node6node20,1.0
C_node6node20_timber_t2,0.0,node6transit_node20source,C,timber,node6node20,2.0
C_node6node20_timber_t3,0.0,node6transit_node20source,C,timber,node6node20,3.0
C_node6node20_timber_t4,0.0,node6transit_node20source,C,timber,node6node20,4.0
C_node6node20_timber_t5,0.0,node6transit_node20source,C,timber,node6node20,5.0
C_node6node20_wide_t0,0.0,node6transit_node20source,C,wide,node6node20,0.0
C_node6node20_wide_t1,0.0,node6transit_node20source,C,wide,node6node20,1.0
C_node6node20_wide_t2,0.0,node6transit_node20source,C,wide,node6node20,2.0
C_node6node20_wide_t3,0.0,node6transit_node20source,C,wide,node6node20,3.0
C_node6node20_wide_t4,0.0,node6transit_node20source,C,wide,node6node20,4.0
C_node6node20_wide_t5,1.0,node6transit_node20source,C,wide,node6node20,5.0
C_node7node12_timber_t0,0.0,node7transit_node12exit,C,timber,node7node12,0.0
C_node7node12_timber_t1,0.0,node7transit_node12exit,C,timber,node7node12,1.0
C_node7node12_timber_t2,0.0,node7transit_node12exit,C,timber,node7node12,2.0
C_node7node12_timber_t3,1.0,node7transit_node12exit,C,timber,node7node12,3.0
C_node7node12_timber_t4,0.0,node7transit_node12exit,C,timber,node7node12,4.0
C_node7node12_timber_t5,0.0,node7transit_node12exit,C,timber,node7node12,5.0
C_node7node12_wide_t0,0.0,node7transit_node12exit,C,wide,node7node12,0.0
C_node7node12_wide_t1,0.0,node7transit_node12exit,C,wide,node7node12,1.0
C_node7node12_wide_t2,0.0,node7transit_node12exit,C,wide,node7node12,2.0
C_node7node12_wide_t3,0.0,node7transit_node12exit,C,wide,node7node12,3.0
C_node7node12_wide_t4,0.0,node7transit_node12exit,C,wide,node7node12,4.0
C_node7node12_wide_t5,0.0,node7transit_node12exit,C,wide,node7node12,5.0
C_node7node10_timber_t0,0.0,node7transit_node10transit,C,timber,node7node10,0.0
C_node7node10_timber_t1,0.0,node7transit_node10transit,C,timber,node7node10,1.0
C_node7node10_timber_t2,0.0,node7transit_node10transit,C,timber,node7node10,2.0
C_node7node10_timber_t3,0.0,node7transit_node10transit,C,timber,node7node10,3.0
C_node7node10_timber_t4,0.0,node7transit_node10transit,C,timber,node7node10,4.0
C_node7node10_timber_t5,0.0,node7transit_node10transit,C,timber,node7node10,5.0
C_node7node10_wide_t0,0.0,node7transit_node10transit,C,wide,node7node10,0.0
C_node7node10_wide_t1,0.0,node7transit_node10transit,C,wide,node7node10,1.0
C_node7node10_wide_t2,0.0,node7transit_node10transit,C,wide,node7node10,2.0
C_node7node10_wide_t3,0.0,node7transit_node10transit,C,wide,node7node10,3.0
C_node7node10_wide_t4,0.0,node7transit_node10transit,C,wide,node7node10,4.0
C_node7node10_wide_t5,0.0,node7transit_node10transit,C,wide,node7node10,5.0
C_node7node9_timber_t0,0.0,node7transit_node9transit,C,timber,node7node9,0.0
C_node7node9_timber_t1,0.0,node7transit_node9transit,C,timber,node7node9,1.0
C_node7node9_timber_t2,0.0,node7transit_node9transit,C,timber,node7node9,2.0
C_node7node9_timber_t3,0.0,node7transit_node9transit,C,timber,node7node9,3.0
C_node7node9_timber_t4,0.0,node7transit_node9transit,C,timber,node7node9,4.0
C_node7node9_timber_t5,0.0,node7transit_node9transit,C,timber,node7node9,5.0
C_node7node9_wide_t0,0.0,node7transit_node9transit,C,wide,node7node9,0.0
C_node7node9_wide_t1,0.0,node7transit_node9transit,C,wide,node7node9,1.0
C_node7node9_wide_t2,0.0,node7transit_node9transit,C,wide,node7node9,2.0
C_node7node9_wide_t3,0.0,node7transit_node9transit,C,wide,node7node9,3.0
C_node7node9_wide_t4,0.0,node7transit_node9transit,C,wide,node7node9,4.0
C_node7node9_wide_t5,0.0,node7transit_node9transit,C,wide,node7node9,5.0
C_node7node19_timber_t0,0.0,node7transit_node19source,C,timber,node7node19,0.0
C_node7node19_timber_t1,0.0,node7transit_node19source,C,timber,node7node19,1.0
C_node7node19_timber_t2,0.0,node7transit_node19source,C,timber,node7node19,2.0
C_node7node19_timber_t3,1.0,node7transit_node19source,C,timber,node7node19,3.0
C_node7node19_timber_t4,0.0,node7transit_node19source,C,timber,node7node19,4.0
C_node7node19_timber_t5,0.0,node7transit_node19source,C,timber,node7node19,5.0
C_node7node19_wide_t0,0.0,node7transit_node19source,C,wide,node7node19,0.0
C_node7node19_wide_t1,0.0,node7transit_node19source,C,wide,node7node19,1.0
C_node7node19_wide_t2,0.0,node7transit_node19source,C,wide,node7node19,2.0
C_node7node19_wide_t3,0.0,node7transit_node19source,C,wide,node7node19,3.0
C_node7node19_wide_t4,0.0,node7transit_node19source,C,wide,node7node19,4.0
C_node7node19_wide_t5,0.0,node7transit_node19source,C,wide,node7node19,5.0
C_node8node18_timber_t0,0.0,node8transit_node18exit,C,timber,node8node18,0.0
C_node8node18_timber_t1,0.0,node8transit_node18exit,C,timber,node8node18,1.0
C_node8node18_timber_t2,0.0,node8transit_node18exit,C,timber,node8node18,2.0
C_node8node18_timber_t3,0.0,node8transit_node18exit,C,timber,node8node18,3.0
C_node8node18_timber_t4,0.0,node8transit_node18exit,C,timber,node8node18,4.0
C_node8node18_timber_t5,0.0,node8transit_node18exit,C,timber,node8node18,5.0
C_node8node18_wide_t0,0.0,node8transit_node18exit,C,wide,node8node18,0.0
C_node8node18_wide_t1,0.0,node8transit_node18exit,C,wide,node8node18,1.0
C_node8node18_wide_t2,0.0,node8transit_node18exit,C,wide,node8node18,2.0
C_node8node18_wide_t3,0.0,node8transit_node18exit,C,wide,node8node18,3.0
C_node8node18_wide_t4,0.0,node8transit_node18exit,C,wide,node8node18,4.0
C_node8node18_wide_t5,0.0,node8transit_node18exit,C,wide,node8node18,5.0
C_node9node11_timber_t0,0.0,node9transit_node11exit,C,timber,node9node11,0.0
C_node9node11_timber_t1,0.0,node9transit_node11exit,C,timber,node9node11,1.0
C_node9node11_timber_t2,0.0,node9transit_node11exit,C,timber,node9node11,2.0
C_node9node11_timber_t3,0.0,node9transit_node11exit,C,timber,node9node11,3.0
C_node9node11_timber_t4,0.0,node9transit_node11exit,C,timber,node9node11,4.0
C_node9node11_timber_t5,0.0,node9transit_node11exit,C,timber,node9node11,5.0
C_node9node11_wide_t0,0.0,node9transit_node11exit,C,wide,node9node11,0.0
C_node9node11_wide_t1,0.0,node9transit_node11exit,C,wide,node9node11,1.0
C_node9node11_wide_t2,0.0,node9transit_node11exit,C,wide,node9node11,2.0
C_node9node11_wide_t3,0.0,node9transit_node11exit,C,wide,node9node11,3.0
C_node9node11_wide_t4,0.0,node9transit_node11exit,C,wide,node9node11,4.0
C_node9node11_wide_t5,0.0,node9transit_node11exit,C,wide,node9node11,5.0
C_node9node19_timber_t0,0.0,node9transit_node19source,C,timber,node9node19,0.0
C_node9node19_timber_t1,0.0,node9transit_node19source,C,timber,node9node19,1.0
C_node9node19_timber_t2,0.0,node9transit_node19source,C,timber,node9node19,2.0
C_node9node19_timber_t3,1.0,node9transit_node19source,C,timber,node9node19,3.0
C_node9node19_timber_t4,0.0,node9transit_node19source,C,timber,node9node19,4.0
C_node9node19_timber_t5,0.0,node9transit_node19source,C,timber,node9node19,5.0
C_node9node19_wide_t0,0.0,node9transit_node19source,C,wide,node9node19,0.0
C_node9node19_wide_t1,0.0,node9transit_node19source,C,wide,node9node19,1.0
C_node9node19_wide_t2,0.0,node9transit_node19source,C,wide,node9node19,2.0
C_node9node19_wide_t3,0.0,node9transit_node19source,C,wide,node9node19,3.0
C_node9node19_wide_t4,0.0,node9transit_node19source,C,wide,node9node19,4.0
C_node9node19_wide_t5,0.0,node9transit_node19source,C,wide,node9node19,5.0
C_node10node19_timber_t0,0.0,node10transit_node19source,C,timber,node10node19,0.0
C_node10node19_timber_t1,1.0,node10transit_node19source,C,timber,node10node19,1.0
C_node10node19_timber_t2,0.0,node10transit_node19source,C,timber,node10node19,2.0
C_node10node19_timber_t3,0.0,node10transit_node19source,C,timber,node10node19,3.0
C_node10node19_timber_t4,0.0,node10transit_node19source,C,timber,node10node19,4.0
C_node10node19_timber_t5,0.0,node10transit_node19source,C,timber,node10node19,5.0
C_node10node19_wide_t0,0.0,node10transit_node19source,C,wide,node10node19,0.0
C_node10node19_wide_t1,0.0,node10transit_node19source,C,wide,node10node19,1.0
C_node10node19_wide_t2,0.0,node10transit_node19source,C,wide,node10node19,2.0
C_node10node19_wide_t3,0.0,node10transit_node19source,C,wide,node10node19,3.0
C_node10node19_wide_t4,0.0,node10transit_node19source,C,wide,node10node19,4.0
C_node10node19_wide_t5,0.0,node10transit_node19source,C,wide,node10node19,5.0
C_node10node20_timber_t0,0.0,node10transit_node20source,C,timber,node10node20,0.0
C_node10node20_timber_t1,0.0,node10transit_node20source,C,timber,node10node20,1.0
C_node10node20_timber_t2,0.0,node10transit_node20source,C,timber,node10node20,2.0
C_node10node20_timber_t3,0.0,node10transit_node20source,C,timber,node10node20,3.0
C_node10node20_timber_t4,0.0,node10transit_node20source,C,timber,node10node20,4.0
C_node10node20_timber_t5,1.0,node10transit_node20source,C,timber,node10node20,5.0
C_node10node20_wide_t0,0.0,node10transit_node20source,C,wide,node10node20,0.0
C_node10node20_wide_t1,0.0,node10transit_node20source,C,wide,node10node20,1.0
C_node10node20_wide_t2,0.0,node10transit_node20source,C,wide,node10node20,2.0
C_node10node20_wide_t3,0.0,node10transit_node20source,C,wide,node10node20,3.0
C_node10node20_wide_t4,0.0,node10transit_node20source,C,wide,node10node20,4.0
C_node10node20_wide_t5,0.0,node10transit_node20source,C,wide,node10node20,5.0
C_node11node13_timber_t0,0.0,node11exit_node13exit,C,timber,node11node13,0.0
C_node11node13_timber_t1,0.0,node11exit_node13exit,C,timber,node11node13,1.0
C_node11node13_timber_t2,0.0,node11exit_node13exit,C,timber,node11node13,2.0
C_node11node13_timber_t3,0.0,node11exit_node13exit,C,timber,node11node13,3.0
C_node11node13_timber_t4,0.0,node11exit_node13exit,C,timber,node11node13,4.0
C_node11node13_timber_t5,0.0,node11exit_node13exit,C,timber,node11node13,5.0
C_node11node13_wide_t0,0.0,node11exit_node13exit,C,wide,node11node13,0.0
C_node11node13_wide_t1,0.0,node11exit_node13exit,C,wide,node11node13,1.0
C_node11node13_wide_t2,0.0,node11exit_node13exit,C,wide,node11node13,2.0
C_node11node13_wide_t3,0.0,node11exit_node13exit,C,wide,node11node13,3.0
C_node11node13_wide_t4,0.0,node11exit_node13exit,C,wide,node11node13,4.0
C_node11node13_wide_t5,0.0,node11exit_node13exit,C,wide,node11node13,5.0
C_node12node14_timber_t0,0.0,node12exit_node14exit,C,timber,node12node14,0.0
C_node12node14_timber_t1,0.0,node12exit_node14exit,C,timber,node12node14,1.0
C_node12node14_timber_t2,0.0,node12exit_node14exit,C,timber,node12node14,2.0
C_node12node14_timber_t3,0.0,node12exit_node14exit,C,timber,node12node14,3.0
C_node12node14_timber_t4,0.0,node12exit_node14exit,C,timber,node12node14,4.0
C_node12node14_timber_t5,0.0,node12exit_node14exit,C,timber,node12node14,5.0
C_node12node14_wide_t0,0.0,node12exit_node14exit,C,wide,node12node14,0.0
C_node12node14_wide_t1,0.0,node12exit_node14exit,C,wide,node12node14,1.0
C_node12node14_wide_t2,0.0,node12exit_node14exit,C,wide,node12node14,2.0
C_node12node14_wide_t3,0.0,node12exit_node14exit,C,wide,node12node14,3.0
C_node12node14_wide_t4,0.0,node12exit_node14exit,C,wide,node12node14,4.0
C_node12node14_wide_t5,0.0,node12exit_node14exit,C,wide,node12node14,5.0
C_node15node16_timber_t0,0.0,node15exit_node16exit,C,timber,node15node16,0.0
C_node15node16_timber_t1,0.0,node15exit_node16exit,C,timber,node15node16,1.0
C_node15node16_timber_t2,0.0,node15exit_node16exit,C,timber,node15node16,2.0
C_node15node16_timber_t3,0.0,node15exit_node16exit,C,timber,node15node16,3.0
C_node15node16_timber_t4,0.0,node15exit_node16exit,C,timber,node15node16,4.0
C_node15node16_timber_t5,0.0,node15exit_node16exit,C,timber,node15node16,5.0
C_node15node16_wide_t0,0.0,node15exit_node16exit,C,wide,node15node16,0.0
C_node15node16_wide_t1,0.0,node15exit_node16exit,C,wide,node15node16,1.0
C_node15node16_wide_t2,0.0,node15exit_node16exit,C,wide,node15node16,2.0
C_node15node16_wide_t3,0.0,node15exit_node16exit,C,wide,node15node16,3.0
C_node15node16_wide_t4,0.0,node15exit_node16exit,C,wide,node15node16,4.0
C_node15node16_wide_t5,0.0,node15exit_node16exit,C,wide,node15node16,5.0
C_node17node18_timber_t0,0.0,node17exit_node18exit,C,timber,node17node18,0.0
C_node17node18_timber_t1,0.0,node17exit_node18exit,C,timber,node17node18,1.0
C_node17node18_timber_t2,0.0,node17exit_node18exit,C,timber,node17node18,2.0
C_node17node18_timber_t3,0.0,node17exit_node18exit,C,timber,node17node18,3.0
C_node17node18_timber_t4,0.0,node17exit_node18exit,C,timber,node17node18,4.0
C_node17node18_timber_t5,0.0,node17exit_node18exit,C,timber,node17node18,5.0
C_node17node18_wide_t0,0.0,node17exit_node18exit,C,wide,node17node18,0.0
C_node17node18_wide_t1,0.0,node17exit_node18exit,C,wide,node17node18,1.0
C_node17node18_wide_t2,0.0,node17exit_node18exit,C,wide,node17node18,2.0
C_node17node18_wide_t3,0.0,node17exit_node18exit,C,wide,node17node18,3.0
C_node17node18_wide_t4,0.0,node17exit_node18exit,C,wide,node17node18,4.0
C_node17node18_wide_t5,0.0,node17exit_node18exit,C,wide,node17node18,5.0
M_node1node10_timber_t0,0.0,node1transit_node10transit,M,timber,node1node10,0.0
M_node1node10_timber_t1,0.0,node1transit_node10transit,M,timber,node1node10,1.0
M_node1node10_timber_t2,0.0,node1transit_node10transit,M,timber,node1node10,2.0
M_node1node10_timber_t3,0.0,node1transit_node10transit,M,timber,node1node10,3.0
M_node1node10_timber_t4,0.0,node1transit_node10transit,M,timber,node1node10,4.0
M_node1node10_timber_t5,0.0,node1transit_node10transit,M,timber,node1node10,5.0
M_node1node10_wide_t0,0.0,node1transit_node10transit,M,wide,node1node10,0.0
M_node1node10_wide_t1,0.0,node1transit_node10transit,M,wide,node1node10,1.0
M_node1node10_wide_t2,0.0,node1transit_node10transit,M,wide,node1node10,2.0
M_node1node10_wide_t3,0.0,node1transit_node10transit,M,wide,node1node10,3.0
M_node1node10_wide_t4,0.0,node1transit_node10transit,M,wide,node1node10,4.0
M_node1node10_wide_t5,0.0,node1transit_node10transit,M,wide,node1node10,5.0
M_node1node15_timber_t0,0.0,node1transit_node15exit,M,timber,node1node15,0.0
M_node1node15_timber_t1,0.0,node1transit_node15exit,M,timber,node1node15,1.0
M_node1node15_timber_t2,0.0,node1transit_node15exit,M,timber,node1node15,2.0
M_node1node15_timber_t3,0.0,node1transit_node15exit,M,timber,node1node15,3.0
M_node1node15_timber_t4,0.0,node1transit_node15exit,M,timber,node1node15,4.0
M_node1node15_timber_t5,0.0,node1transit_node15exit,M,timber,node1node15,5.0
M_node1node15_wide_t0,0.0,node1transit_node15exit,M,wide,node1node15,0.0
M_node1node15_wide_t1,0.0,node1transit_node15exit,M,wide,node1node15,1.0
M_node1node15_wide_t2,0.0,node1transit_node15exit,M,wide,node1node15,2.0
M_node1node15_wide_t3,0.0,node1transit_node15exit,M,wide,node1node15,3.0
M_node1node15_wide_t4,0.0,node1transit_node15exit,M,wide,node1node15,4.0
M_node1node15_wide_t5,0.0,node1transit_node15exit,M,wide,node1node15,5.0
M_node1node8_timber_t0,0.0,node1transit_node8transit,M,timber,node1node8,0.0
M_node1node8_timber_t1,0.0,node1transit_node8transit,M,timber,node1node8,1.0
M_node1node8_timber_t2,0.0,node1transit_node8transit,M,timber,node1node8,2.0
M_node1node8_timber_t3,0.0,node1transit_node8transit,M,timber,node1node8,3.0
M_node1node8_timber_t4,0.0,node1transit_node8transit,M,timber,node1node8,4.0
M_node1node8_timber_t5,0.0,node1transit_node8transit,M,timber,node1node8,5.0
M_node1node8_wide_t0,0.0,node1transit_node8transit,M,wide,node1node8,0.0
M_node1node8_wide_t1,0.0,node1transit_node8transit,M,wide,node1node8,1.0
M_node1node8_wide_t2,0.0,node1transit_node8transit,M,wide,node1node8,2.0
M_node1node8_wide_t3,0.0,node1transit_node8transit,M,wide,node1node8,3.0
M_node1node8_wide_t4,0.0,node1transit_node8transit,M,wide,node1node8,4.0
M_node1node8_wide_t5,0.0,node1transit_node8transit,M,wide,node1node8,5.0
M_node2node14_timber_t0,0.0,node2transit_node14exit,M,timber,node2node14,0.0
M_node2node14_timber_t1,0.0,node2transit_node14exit,M,timber,node2node14,1.0
M_node2node14_timber_t2,0.0,node2transit_node14exit,M,timber,node2node14,2.0
M_node2node14_timber_t3,0.0,node2transit_node14exit,M,timber,node2node14,3.0
M_node2node14_timber_t4,0.0,node2transit_node14exit,M,timber,node2node14,4.0
M_node2node14_timber_t5,0.0,node2transit_node14exit,M,timber,node2node14,5.0
M_node2node14_wide_t0,0.0,node2transit_node14exit,M,wide,node2node14,0.0
M_node2node14_wide_t1,0.0,node2transit_node14exit,M,wide,node2node14,1.0
M_node2node14_wide_t2,0.0,node2transit_node14exit,M,wide,node2node14,2.0
M_node2node14_wide_t3,0.0,node2transit_node14exit,M,wide,node2node14,3.0
M_node2node14_wide_t4,0.0,node2transit_node14exit,M,wide,node2node14,4.0
M_node2node14_wide_t5,0.0,node2transit_node14exit,M,wide,node2node14,5.0
M_node2node13_timber_t0,0.0,node2transit_node13exit,M,timber,node2node13,0.0
M_node2node13_timber_t1,0.0,node2transit_node13exit,M,timber,node2node13,1.0
M_node2node13_timber_t2,0.0,node2transit_node13exit,M,timber,node2node13,2.0
M_node2node13_timber_t3,0.0,node2transit_node13exit,M,timber,node2node13,3.0
M_node2node13_timber_t4,0.0,node2transit_node13exit,M,timber,node2node13,4.0
M_node2node13_timber_t5,0.0,node2transit_node13exit,M,timber,node2node13,5.0
M_node2node13_wide_t0,0.0,node2transit_node13exit,M,wide,node2node13,0.0
M_node2node13_wide_t1,0.0,node2transit_node13exit,M,wide,node2node13,1.0
M_node2node13_wide_t2,0.0,node2transit_node13exit,M,wide,node2node13,2.0
M_node2node13_wide_t3,0.0,node2transit_node13exit,M,wide,node2node13,3.0
M_node2node13_wide_t4,0.0,node2transit_node13exit,M,wide,node2node13,4.0
M_node2node13_wide_t5,0.0,node2transit_node13exit,M,wide,node2node13,5.0
M_node2node16_timber_t0,0.0,node2transit_node16exit,M,timber,node2node16,0.0
M_node2node16_timber_t1,0.0,node2transit_node16exit,M,timber,node2node16,1.0
M_node2node16_timber_t2,0.0,node2transit_node16exit,M,timber,node2node16,2.0
M_node2node16_timber_t3,0.0,node2transit_node16exit,M,timber,node2node16,3.0
M_node2node16_timber_t4,0.0,node2transit_node16exit,M,timber,node2node16,4.0
M_node2node16_timber_t5,0.0,node2transit_node16exit,M,timber,node2node16,5.0
M_node2node16_wide_t0,0.0,node2transit_node16exit,M,wide,node2node16,0.0
M_node2node16_wide_t1,0.0,node2transit_node16exit,M,wide,node2node16,1.0
M_node2node16_wide_t2,0.0,node2transit_node16exit,M,wide,node2node16,2.0
M_node2node16_wide_t3,0.0,node2transit_node16exit,M,wide,node2node16,3.0
M_node2node16_wide_t4,0.0,node2transit_node16exit,M,wide,node2node16,4.0
M_node2node16_wide_t5,0.0,node2transit_node16exit,M,wide,node2node16,5.0
M_node3node5_timber_t0,0.0,node3transit_node5exit,M,timber,node3node5,0.0
M_node3node5_timber_t1,0.0,node3transit_node5exit,M,timber,node3node5,1.0
M_node3node5_timber_t2,0.0,node3transit_node5exit,M,timber,node3node5,2.0
M_node3node5_timber_t3,0.0,node3transit_node5exit,M,timber,node3node5,3.0
M_node3node5_timber_t4,0.0,node3transit_node5exit,M,timber,node3node5,4.0
M_node3node5_timber_t5,0.0,node3transit_node5exit,M,timber,node3node5,5.0
M_node3node5_wide_t0,0.0,node3transit_node5exit,M,wide,node3node5,0.0
M_node3node5_wide_t1,0.0,node3transit_node5exit,M,wide,node3node5,1.0
M_node3node5_wide_t2,0.0,node3transit_node5exit,M,wide,node3node5,2.0
M_node3node5_wide_t3,0.0,node3transit_node5exit,M,wide,node3node5,3.0
M_node3node5_wide_t4,0.0,node3transit_node5exit,M,wide,node3node5,4.0
M_node3node5_wide_t5,0.0,node3transit_node5exit,M,wide,node3node5,5.0
M_node3node10_timber_t0,0.0,node3transit_node10transit,M,timber,node3node10,0.0
M_node3node10_timber_t1,0.0,node3transit_node10transit,M,timber,node3node10,1.0
M_node3node10_timber_t2,0.0,node3transit_node10transit,M,timber,node3node10,2.0
M_node3node10_timber_t3,0.0,node3transit_node10transit,M,timber,node3node10,3.0
M_node3node10_timber_t4,0.0,node3transit_node10transit,M,timber,node3node10,4.0
M_node3node10_timber_t5,0.0,node3transit_node10transit,M,timber,node3node10,5.0
M_node3node10_wide_t0,0.0,node3transit_node10transit,M,wide,node3node10,0.0
M_node3node10_wide_t1,0.0,node3transit_node10transit,M,wide,node3node10,1.0
M_node3node10_wide_t2,0.0,node3transit_node10transit,M,wide,node3node10,2.0
M_node3node10_wide_t3,0.0,node3transit_node10transit,M,wide,node3node10,3.0
M_node3node10_wide_t4,0.0,node3transit_node10transit,M,wide,node3node10,4.0
M_node3node10_wide_t5,0.0,node3transit_node10transit,M,wide,node3node10,5.0
M_node3node6_timber_t0,0.0,node3transit_node6transit,M,timber,node3node6,0.0
M_node3node6_timber_t1,0.0,node3transit_node6transit,M,timber,node3node6,1.0
M_node3node6_timber_t2,0.0,node3transit_node6transit,M,timber,node3node6,2.0
M_node3node6_timber_t3,0.0,node3transit_node6transit,M,timber,node3node6,3.0
M_node3node6_timber_t4,0.0,node3transit_node6transit,M,timber,node3node6,4.0
M_node3node6_timber_t5,0.0,node3transit_node6transit,M,timber,node3node6,5.0
M_node3node6_wide_t0,0.0,node3transit_node6transit,M,wide,node3node6,0.0
M_node3node6_wide_t1,0.0,node3transit_node6transit,M,wide,node3node6,1.0
M_node3node6_wide_t2,0.0,node3transit_node6transit,M,wide,node3node6,2.0
M_node3node6_wide_t3,0.0,node3transit_node6transit,M,wide,node3node6,3.0
M_node3node6_wide_t4,0.0,node3transit_node6transit,M,wide,node3node6,4.0
M_node3node6_wide_t5,0.0,node3transit_node6transit,M,wide,node3node6,5.0
M_node3node20_timber_t0,0.0,node3transit_node20source,M,timber,node3node20,0.0
M_node3node20_timber_t1,0.0,node3transit_node20source,M,timber,node3node20,1.0
M_node3node20_timber_t2,0.0,node3transit_node20source,M,timber,node3node20,2.0
M_node3node20_timber_t3,0.0,node3transit_node20source,M,timber,node3node20,3.0
M_node3node20_timber_t4,1.0,node3transit_node20source,M,timber,node3node20,4.0
M_node3node20_timber_t5,0.0,node3transit_node20source,M,timber,node3node20,5.0
M_node3node20_wide_t0,0.0,node3transit_node20source,M,wide,node3node20,0.0
M_node3node20_wide_t1,0.0,node3transit_node20source,M,wide,node3node20,1.0
M_node3node20_wide_t2,0.0,node3transit_node20source,M,wide,node3node20,2.0
M_node3node20_wide_t3,0.0,node3transit_node20source,M,wide,node3node20,3.0
M_node3node20_wide_t4,0.0,node3transit_node20source,M,wide,node3node20,4.0
M_node3node20_wide_t5,0.0,node3transit_node20source,M,wide,node3node20,5.0
M_node4node9_timber_t0,0.0,node4transit_node9transit,M,timber,node4node9,0.0
M_node4node9_timber_t1,0.0,node4transit_node9transit,M,timber,node4node9,1.0
M_node4node9_timber_t2,0.0,node4transit_node9transit,M,timber,node4node9,2.0
M_node4node9_timber_t3,0.0,node4transit_node9transit,M,timber,node4node9,3.0
M_node4node9_timber_t4,0.0,node4transit_node9transit,M,timber,node4node9,4.0
M_node4node9_timber_t5,0.0,node4transit_node9transit,M,timber,node4node9,5.0
M_node4node9_wide_t0,0.0,node4transit_node9transit,M,wide,node4node9,0.0
M_node4node9_wide_t1,0.0,node4transit_node9transit,M,wide,node4node9,1.0
M_node4node9_wide_t2,0.0,node4transit_node9transit,M,wide,node4node9,2.0
M_node4node9_wide_t3,0.0,node4transit_node9transit,M,wide,node4node9,3.0
M_node4node9_wide_t4,0.0,node4transit_node9transit,M,wide,node4node9,4.0
M_node4node9_wide_t5,0.0,node4transit_node9transit,M,wide,node4node9,5.0
M_node4node6_timber_t0,0.0,node4transit_node6transit,M,timber,node4node6,0.0
M_node4node6_timber_t1,0.0,node4transit_node6transit,M,timber,node4node6,1.0
M_node4node6_timber_t2,0.0,node4transit_node6transit,M,timber,node4node6,2.0
M_node4node6_timber_t3,0.0,node4transit_node6transit,M,timber,node4node6,3.0
M_node4node6_timber_t4,0.0,node4transit_node6transit,M,timber,node4node6,4.0
M_node4node6_timber_t5,0.0,node4transit_node6transit,M,timber,node4node6,5.0
M_node4node6_wide_t0,0.0,node4transit_node6transit,M,wide,node4node6,0.0
M_node4node6_wide_t1,0.0,node4transit_node6transit,M,wide,node4node6,1.0
M_node4node6_wide_t2,0.0,node4transit_node6transit,M,wide,node4node6,2.0
M_node4node6_wide_t3,0.0,node4transit_node6transit,M,wide,node4node6,3.0
M_node4node6_wide_t4,0.0,node4transit_node6transit,M,wide,node4node6,4.0
M_node4node6_wide_t5,0.0,node4transit_node6transit,M,wide,node4node6,5.0
M_node4node10_timber_t0,0.0,node4transit_node10transit,M,timber,node4node10,0.0
M_node4node10_timber_t1,0.0,node4transit_node10transit,M,timber,node4node10,1.0
M_node4node10_timber_t2,0.0,node4transit_node10transit,M,timber,node4node10,2.0
M_node4node10_timber_t3,0.0,node4transit_node10transit,M,timber,node4node10,3.0
M_node4node10_timber_t4,0.0,node4transit_node10transit,M,timber,node4node10,4.0
M_node4node10_timber_t5,0.0,node4transit_node10transit,M,timber,node4node10,5.0
M_node4node10_wide_t0,0.0,node4transit_node10transit,M,wide,node4node10,0.0
M_node4node10_wide_t1,0.0,node4transit_node10transit,M,wide,node4node10,1.0
M_node4node10_wide_t2,0.0,node4transit_node10transit,M,wide,node4node10,2.0
M_node4node10_wide_t3,0.0,node4transit_node10transit,M,wide,node4node10,3.0
M_node4node10_wide_t4,0.0,node4transit_node10transit,M,wide,node4node10,4.0
M_node4node10_wide_t5,0.0,node4transit_node10transit,M,wide,node4node10,5.0
M_node4node19_timber_t0,0.0,node4transit_node19source,M,timber,node4node19,0.0
M_node4node19_timber_t1,0.0,node4transit_node19source,M,timber,node4node19,1.0
M_node4node19_timber_t2,1.0,node4transit_node19source,M,timber,node4node19,2.0
M_node4node19_timber_t3,1.0,node4transit_node19source,M,timber,node4node19,3.0
M_node4node19_timber_t4,0.0,node4transit_node19source,M,timber,node4node19,4.0
M_node4node19_timber_t5,0.0,node4transit_node19source,M,timber,node4node19,5.0
M_node4node19_wide_t0,0.0,node4transit_node19source,M,wide,node4node19,0.0
M_node4node19_wide_t1,0.0,node4transit_node19source,M,wide,node4node19,1.0
M_node4node19_wide_t2,0.0,node4transit_node19source,M,wide,node4node19,2.0
M_node4node19_wide_t3,0.0,node4transit_node19source,M,wide,node4node19,3.0
M_node4node19_wide_t4,0.0,node4transit_node19source,M,wide,node4node19,4.0
M_node4node19_wide_t5,1.0,node4transit_node19source,M,wide,node4node19,5.0
M_node4node20_timber_t0,0.0,node4transit_node20source,M,timber,node4node20,0.0
M_node4node20_timber_t1,0.0,node4transit_node20source,M,timber,node4node20,1.0
M_node4node20_timber_t2,0.0,node4transit_node20source,M,timber,node4node20,2.0
M_node4node20_timber_t3,0.0,node4transit_node20source,M,timber,node4node20,3.0
M_node4node20_timber_t4,0.0,node4transit_node20source,M,timber,node4node20,4.0
M_node4node20_timber_t5,0.0,node4transit_node20source,M,timber,node4node20,5.0
M_node4node20_wide_t0,0.0,node4transit_node20source,M,wide,node4node20,0.0
M_node4node20_wide_t1,0.0,node4transit_node20source,M,wide,node4node20,1.0
M_node4node20_wide_t2,0.0,node4transit_node20source,M,wide,node4node20,2.0
M_node4node20_wide_t3,0.0,node4transit_node20source,M,wide,node4node20,3.0
M_node4node20_wide_t4,0.0,node4transit_node20source,M,wide,node4node20,4.0
M_node4node20_wide_t5,1.0,node4transit_node20source,M,wide,node4node20,5.0
M_node5node8_timber_t0,0.0,node5exit_node8transit,M,timber,node5node8,0.0
M_node5node8_timber_t1,0.0,node5exit_node8transit,M,timber,node5node8,1.0
M_node5node8_timber_t2,0.0,node5exit_node8transit,M,timber,node5node8,2.0
M_node5node8_timber_t3,0.0,node5exit_node8transit,M,timber,node5node8,3.0
M_node5node8_timber_t4,0.0,node5exit_node8transit,M,timber,node5node8,4.0
M_node5node8_timber_t5,0.0,node5exit_node8transit,M,timber,node5node8,5.0
M_node5node8_wide_t0,0.0,node5exit_node8transit,M,wide,node5node8,0.0
M_node5node8_wide_t1,0.0,node5exit_node8transit,M,wide,node5node8,1.0
M_node5node8_wide_t2,0.0,node5exit_node8transit,M,wide,node5node8,2.0
M_node5node8_wide_t3,0.0,node5exit_node8transit,M,wide,node5node8,3.0
M_node5node8_wide_t4,0.0,node5exit_node8transit,M,wide,node5node8,4.0
M_node5node8_wide_t5,0.0,node5exit_node8transit,M,wide,node5node8,5.0
M_node6node17_timber_t0,0.0,node6transit_node17exit,M,timber,node6node17,0.0
M_node6node17_timber_t1,0.0,node6transit_node17exit,M,timber,node6node17,1.0
M_node6node17_timber_t2,0.0,node6transit_node17exit,M,timber,node6node17,2.0
M_node6node17_timber_t3,0.0,node6transit_node17exit,M,timber,node6node17,3.0
M_node6node17_timber_t4,0.0,node6transit_node17exit,M,timber,node6node17,4.0
M_node6node17_timber_t5,0.0,node6transit_node17exit,M,timber,node6node17,5.0
M_node6node17_wide_t0,0.0,node6transit_node17exit,M,wide,node6node17,0.0
M_node6node17_wide_t1,0.0,node6transit_node17exit,M,wide,node6node17,1.0
M_node6node17_wide_t2,0.0,node6transit_node17exit,M,wide,node6node17,2.0
M_node6node17_wide_t3,0.0,node6transit_node17exit,M,wide,node6node17,3.0
M_node6node17_wide_t4,0.0,node6transit_node17exit,M,wide,node6node17,4.0
M_node6node17_wide_t5,0.0,node6transit_node17exit,M,wide,node6node17,5.0
M_node6node20_timber_t0,0.0,node6transit_node20source,M,timber,node6node20,0.0
M_node6node20_timber_t1,0.0,node6transit_node20source,M,timber,node6node20,1.0
M_node6node20_timber_t2,0.0,node6transit_node20source,M,timber,node6node20,2.0
M_node6node20_timber_t3,0.0,node6transit_node20source,M,timber,node6node20,3.0
M_node6node20_timber_t4,0.0,node6transit_node20source,M,timber,node6node20,4.0
M_node6node20_timber_t5,0.0,node6transit_node20source,M,timber,node6node20,5.0
M_node6node20_wide_t0,0.0,node6transit_node20source,M,wide,node6node20,0.0
M_node6node20_wide_t1,0.0,node6transit_node20source,M,wide,node6node20,1.0
M_node6node20_wide_t2,0.0,node6transit_node20source,M,wide,node6node20,2.0
M_node6node20_wide_t3,0.0,node6transit_node20source,M,wide,node6node20,3.0
M_node6node20_wide_t4,0.0,node6transit_node20source,M,wide,node6node20,4.0
M_node6node20_wide_t5,0.0,node6transit_node20source,M,wide,node6node20,5.0
M_node7node12_timber_t0,0.0,node7transit_node12exit,M,timber,node7node12,0.0
M_node7node12_timber_t1,0.0,node7transit_node12exit,M,timber,node7node12,1.0
M_node7node12_timber_t2,0.0,node7transit_node12exit,M,timber,node7node12,2.0
M_node7node12_timber_t3,0.0,node7transit_node12exit,M,timber,node7node12,3.0
M_node7node12_timber_t4,1.0,node7transit_node12exit,M,timber,node7node12,4.0
M_node7node12_timber_t5,1.0,node7transit_node12exit,M,timber,node7node12,5.0
M_node7node12_wide_t0,0.0,node7transit_node12exit,M,wide,node7node12,0.0
M_node7node12_wide_t1,0.0,node7transit_node12exit,M,wide,node7node12,1.0
M_node7node12_wide_t2,0.0,node7transit_node12exit,M,wide,node7node12,2.0
M_node7node12_wide_t3,0.0,node7transit_node12exit,M,wide,node7node12,3.0
M_node7node12_wide_t4,0.0,node7transit_node12exit,M,wide,node7node12,4.0
M_node7node12_wide_t5,0.0,node7transit_node12exit,M,wide,node7node12,5.0
M_node7node10_timber_t0,0.0,node7transit_node10transit,M,timber,node7node10,0.0
M_node7node10_timber_t1,0.0,node7transit_node10transit,M,timber,node7node10,1.0
M_node7node10_timber_t2,0.0,node7transit_node10transit,M,timber,node7node10,2.0
M_node7node10_timber_t3,0.0,node7transit_node10transit,M,timber,node7node10,3.0
M_node7node10_timber_t4,0.0,node7transit_node10transit,M,timber,node7node10,4.0
M_node7node10_timber_t5,0.0,node7transit_node10transit,M,timber,node7node10,5.0
M_node7node10_wide_t0,0.0,node7transit_node10transit,M,wide,node7node10,0.0
M_node7node10_wide_t1,0.0,node7transit_node10transit,M,wide,node7node10,1.0
M_node7node10_wide_t2,0.0,node7transit_node10transit,M,wide,node7node10,2.0
M_node7node10_wide_t3,0.0,node7transit_node10transit,M,wide,node7node10,3.0
M_node7node10_wide_t4,0.0,node7transit_node10transit,M,wide,node7node10,4.0
M_node7node10_wide_t5,0.0,node7transit_node10transit,M,wide,node7node10,5.0
M_node7node9_timber_t0,0.0,node7transit_node9transit,M,timber,node7node9,0.0
M_node7node9_timber_t1,0.0,node7transit_node9transit,M,timber,node7node9,1.0
M_node7node9_timber_t2,0.0,node7transit_node9transit,M,timber,node7node9,2.0
M_node7node9_timber_t3,0.0,node7transit_node9transit,M,timber,node7node9,3.0
M_node7node9_timber_t4,0.0,node7transit_node9transit,M,timber,node7node9,4.0
M_node7node9_timber_t5,0.0,node7transit_node9transit,M,timber,node7node9,5.0
M_node7node9_wide_t0,0.0,node7transit_node9transit,M,wide,node7node9,0.0
M_node7node9_wide_t1,0.0,node7transit_node9transit,M,wide,node7node9,1.0
M_node7node9_wide_t2,0.0,node7transit_node9transit,M,wide,node7node9,2.0
M_node7node9_wide_t3,0.0,node7transit_node9transit,M,wide,node7node9,3.0
M_node7node9_wide_t4,0.0,node7transit_node9transit,M,wide,node7node9,4.0
M_node7node9_wide_t5,0.0,node7transit_node9transit,M,wide,node7node9,5.0
M_node7node19_timber_t0,0.0,node7transit_node19source,M,timber,node7node19,0.0
M_node7node19_timber_t1,0.0,node7transit_node19source,M,timber,node7node19,1.0
M_node7node19_timber_t2,0.0,node7transit_node19source,M,timber,node7node19,2.0
M_node7node19_timber_t3,0.0,node7transit_node19source,M,timber,node7node19,3.0
M_node7node19_timber_t4,0.0,node7transit_node19source,M,timber,node7node19,4.0
M_node7node19_timber_t5,0.0,node7transit_node19source,M,timber,node7node19,5.0
M_node7node19_wide_t0,0.0,node7transit_node19source,M,wide,node7node19,0.0
M_node7node19_wide_t1,0.0,node7transit_node19source,M,wide,node7node19,1.0
M_node7node19_wide_t2,0.0,node7transit_node19source,M,wide,node7node19,2.0
M_node7node19_wide_t3,0.0,node7transit_node19source,M,wide,node7node19,3.0
M_node7node19_wide_t4,0.0,node7transit_node19source,M,wide,node7node19,4.0
M_node7node19_wide_t5,1.0,node7transit_node19source,M,wide,node7node19,5.0
M_node8node18_timber_t0,0.0,node8transit_node18exit,M,timber,node8node18,0.0
M_node8node18_timber_t1,0.0,node8transit_node18exit,M,timber,node8node18,1.0
M_node8node18_timber_t2,0.0,node8transit_node18exit,M,timber,node8node18,2.0
M_node8node18_timber_t3,0.0,node8transit_node18exit,M,timber,node8node18,3.0
M_node8node18_timber_t4,0.0,node8transit_node18exit,M,timber,node8node18,4.0
M_node8node18_timber_t5,0.0,node8transit_node18exit,M,timber,node8node18,5.0
M_node8node18_wide_t0,0.0,node8transit_node18exit,M,wide,node8node18,0.0
M_node8node18_wide_t1,0.0,node8transit_node18exit,M,wide,node8node18,1.0
M_node8node18_wide_t2,0.0,node8transit_node18exit,M,wide,node8node18,2.0
M_node8node18_wide_t3,0.0,node8transit_node18exit,M,wide,node8node18,3.0
M_node8node18_wide_t4,0.0,node8transit_node18exit,M,wide,node8node18,4.0
M_node8node18_wide_t5,0.0,node8transit_node18exit,M,wide,node8node18,5.0
M_node9node11_timber_t0,0.0,node9transit_node11exit,M,timber,node9node11,0.0
M_node9node11_timber_t1,0.0,node9transit_node11exit,M,timber,node9node11,1.0
M_node9node11_timber_t2,0.0,node9transit_node11exit,M,timber,node9node11,2.0
M_node9node11_timber_t3,0.0,node9transit_node11exit,M,timber,node9node11,3.0
M_node9node11_timber_t4,0.0,node9transit_node11exit,M,timber,node9node11,4.0
M_node9node11_timber_t5,0.0,node9transit_node11exit,M,timber,node9node11,5.0
M_node9node11_wide_t0,0.0,node9transit_node11exit,M,wide,node9node11,0.0
M_node9node11_wide_t1,0.0,node9transit_node11exit,M,wide,node9node11,1.0
M_node9node11_wide_t2,0.0,node9transit_node11exit,M,wide,node9node11,2.0
M_node9node11_wide_t3,0.0,node9transit_node11exit,M,wide,node9node11,3.0
M_node9node11_wide_t4,0.0,node9transit_node11exit,M,wide,node9node11,4.0
M_node9node11_wide_t5,0.0,node9transit_node11exit,M,wide,node9node11,5.0
M_node9node19_timber_t0,0.0,node9transit_node19source,M,timber,node9node19,0.0
M_node9node19_timber_t1,0.0,node9transit_node19source,M,timber,node9node19,1.0
M_node9node19_timber_t2,0.0,node9transit_node19source,M,timber,node9node19,2.0
M_node9node19_timber_t3,0.0,node9transit_node19source,M,timber,node9node19,3.0
M_node9node19_timber_t4,0.0,node9transit_node19source,M,timber,node9node19,4.0
M_node9node19_timber_t5,0.0,node9transit_node19source,M,timber,node9node19,5.0
M_node9node19_wide_t0,0.0,node9transit_node19source,M,wide,node9node19,0.0
M_node9node19_wide_t1,0.0,node9transit_node19source,M,wide,node9node19,1.0
M_node9node19_wide_t2,0.0,node9transit_node19source,M,wide,node9node19,2.0
M_node9node19_wide_t3,0.0,node9transit_node19source,M,wide,node9node19,3.0
M_node9node19_wide_t4,0.0,node9transit_node19source,M,wide,node9node19,4.0
M_node9node19_wide_t5,1.0,node9transit_node19source,M,wide,node9node19,5.0
M_node10node19_timber_t0,0.0,node10transit_node19source,M,timber,node10node19,0.0
M_node10node19_timber_t1,0.0,node10transit_node19source,M,timber,node10node19,1.0
M_node10node19_timber_t2,1.0,node10transit_node19source,M,timber,node10node19,2.0
M_node10node19_timber_t3,1.0,node10transit_node19source,M,timber,node10node19,3.0
M_node10node19_timber_t4,1.0,node10transit_node19source,M,timber,node10node19,4.0
M_node10node19_timber_t5,0.0,node10transit_node19source,M,timber,node10node19,5.0
M_node10node19_wide_t0,0.0,node10transit_node19source,M,wide,node10node19,0.0
M_node10node19_wide_t1,0.0,node10transit_node19source,M,wide,node10node19,1.0
M_node10node19_wide_t2,0.0,node10transit_node19source,M,wide,node10node19,2.0
M_node10node19_wide_t3,0.0,node10transit_node19source,M,wide,node10node19,3.0
M_node10node19_wide_t4,0.0,node10transit_node19source,M,wide,node10node19,4.0
M_node10node19_wide_t5,0.0,node10transit_node19source,M,wide,node10node19,5.0
M_node10node20_timber_t0,0.0,node10transit_node20source,M,timber,node10node20,0.0
M_node10node20_timber_t1,0.0,node10transit_node20source,M,timber,node10node20,1.0
M_node10node20_timber_t2,0.0,node10transit_node20source,M,timber,node10node20,2.0
M_node10node20_timber_t3,0.0,node10transit_node20source,M,timber,node10node20,3.0
M_node10node20_timber_t4,0.0,node10transit_node20source,M,timber,node10node20,4.0
M_node10node20_timber_t5,0.0,node10transit_node20source,M,timber,node10node20,5.0
M_node10node20_wide_t0,0.0,node10transit_node20source,M,wide,node10node20,0.0
M_node10node20_wide_t1,0.0,node10transit_node20source,M,wide,node10node20,1.0
M_node10node20_wide_t2,0.0,node10transit_node20source,M,wide,node10node20,2.0
M_node10node20_wide_t3,0.0,node10transit_node20source,M,wide,node10node20,3.0
M_node10node20_wide_t4,0.0,node10transit_node20source,M,wide,node10node20,4.0
M_node10node20_wide_t5,0.0,node10transit_node20source,M,wide,node10node20,5.0
M_node11node13_timber_t0,0.0,node11exit_node13exit,M,timber,node11node13,0.0
M_node11node13_timber_t1,0.0,node11exit_node13exit,M,timber,node11node13,1.0
M_node11node13_timber_t2,0.0,node11exit_node13exit,M,timber,node11node13,2.0
M_node11node13_timber_t3,0.0,node11exit_node13exit,M,timber,node11node13,3.0
M_node11node13_timber_t4,0.0,node11exit_node13exit,M,timber,node11node13,4.0
M_node11node13_timber_t5,0.0,node11exit_node13exit,M,timber,node11node13,5.0
M_node11node13_wide_t0,0.0,node11exit_node13exit,M,wide,node11node13,0.0
M_node11node13_wide_t1,0.0,node11exit_node13exit,M,wide,node11node13,1.0
M_node11node13_wide_t2,0.0,node11exit_node13exit,M,wide,node11node13,2.0
M_node11node13_wide_t3,0.0,node11exit_node13exit,M,wide,node11node13,3.0
M_node11node13_wide_t4,0.0,node11exit_node13exit,M,wide,node11node13,4.0
M_node11node13_wide_t5,0.0,node11exit_node13exit,M,wide,node11node13,5.0
M_node12node14_timber_t0,0.0,node12exit_node14exit,M,timber,node12node14,0.0
M_node12node14_timber_t1,0.0,node12exit_node14exit,M,timber,node12node14,1.0
M_node12node14_timber_t2,0.0,node12exit_node14exit,M,timber,node12node14,2.0
M_node12node14_timber_t3,0.0,node12exit_node14exit,M,timber,node12node14,3.0
M_node12node14_timber_t4,0.0,node12exit_node14exit,M,timber,node12node14,4.0
M_node12node14_timber_t5,0.0,node12exit_node14exit,M,timber,node12node14,5.0
M_node12node14_wide_t0,0.0,node12exit_node14exit,M,wide,node12node14,0.0
M_node12node14_wide_t1,0.0,node12exit_node14exit,M,wide,node12node14,1.0
M_node12node14_wide_t2,0.0,node12exit_node14exit,M,wide,node12node14,2.0
M_node12node14_wide_t3,0.0,node12exit_node14exit,M,wide,node12node14,3.0
M_node12node14_wide_t4,0.0,node12exit_node14exit,M,wide,node12node14,4.0
M_node12node14_wide_t5,0.0,node12exit_node14exit,M,wide,node12node14,5.0
M_node15node16_timber_t0,0.0,node15exit_node16exit,M,timber,node15node16,0.0
M_node15node16_timber_t1,0.0,node15exit_node16exit,M,timber,node15node16,1.0
M_node15node16_timber_t2,0.0,node15exit_node16exit,M,timber,node15node16,2.0
M_node15node16_timber_t3,0.0,node15exit_node16exit,M,timber,node15node16,3.0
M_node15node16_timber_t4,0.0,node15exit_node16exit,M,timber,node15node16,4.0
M_node15node16_timber_t5,0.0,node15exit_node16exit,M,timber,node15node16,5.0
M_node15node16_wide_t0,0.0,node15exit_node16exit,M,wide,node15node16,0.0
M_node15node16_wide_t1,0.0,node15exit_node16exit,M,wide,node15node16,1.0
M_node15node16_wide_t2,0.0,node15exit_node16exit,M,wide,node15node16,2.0
M_node15node16_wide_t3,0.0,node15exit_node16exit,M,wide,node15node16,3.0
M_node15node16_wide_t4,0.0,node15exit_node16exit,M,wide,node15node16,4.0
M_node15node16_wide_t5,0.0,node15exit_node16exit,M,wide,node15node16,5.0
M_node17node18_timber_t0,0.0,node17exit_node18exit,M,timber,node17node18,0.0
M_node17node18_timber_t1,0.0,node17exit_node18exit,M,timber,node17node18,1.0
M_node17node18_timber_t2,0.0,node17exit_node18exit,M,timber,node17node18,2.0
M_node17node18_timber_t3,0.0,node17exit_node18exit,M,timber,node17node18,3.0
M_node17node18_timber_t4,0.0,node17exit_node18exit,M,timber,node17node18,4.0
M_node17node18_timber_t5,0.0,node17exit_node18exit,M,timber,node17node18,5.0
M_node17node18_wide_t0,0.0,node17exit_node18exit,M,wide,node17node18,0.0
M_node17node18_wide_t1,0.0,node17exit_node18exit,M,wide,node17node18,1.0
M_node17node18_wide_t2,0.0,node17exit_node18exit,M,wide,node17node18,2.0
M_node17node18_wide_t3,0.0,node17exit_node18exit,M,wide,node17node18,3.0
M_node17node18_wide_t4,0.0,node17exit_node18exit,M,wide,node17node18,4.0
M_node17node18_wide_t5,0.0,node17exit_node18exit,M,wide,node17node18,5.0
U_node1node10_t0,0.0,node1transit_node10transit,U,,node1node10,0.0
U_node1node10_t1,0.0,node1transit_node10transit,U,,node1node10,1.0
U_node1node10_t2,0.0,node1transit_node10transit,U,,node1node10,2.0
U_node1node10_t3,0.0,node1transit_node10transit,U,,node1node10,3.0
U_node1node10_t4,0.0,node1transit_node10transit,U,,node1node10,4.0
U_node1node10_t5,0.0,node1transit_node10transit,U,,node1node10,5.0
U_node1node15_t0,0.0,node1transit_node15exit,U,,node1node15,0.0
U_node1node15_t1,0.0,node1transit_node15exit,U,,node1node15,1.0
U_node1node15_t2,0.0,node1transit_node15exit,U,,node1node15,2.0
U_node1node15_t3,0.0,node1transit_node15exit,U,,node1node15,3.0
U_node1node15_t4,0.0,node1transit_node15exit,U,,node1node15,4.0
U_node1node15_t5,0.0,node1transit_node15exit,U,,node1node15,5.0
U_node1node8_t0,0.0,node1transit_node8transit,U,,node1node8,0.0
U_node1node8_t1,0.0,node1transit_node8transit,U,,node1node8,1.0
U_node1node8_t2,0.0,node1transit_node8transit,U,,node1node8,2.0
U_node1node8_t3,0.0,node1transit_node8transit,U,,node1node8,3.0
U_node1node8_t4,0.0,node1transit_node8transit,U,,node1node8,4.0
U_node1node8_t5,0.0,node1transit_node8transit,U,,node1node8,5.0
U_node2node14_t0,0.0,node2transit_node14exit,U,,node2node14,0.0
U_node2node14_t1,0.0,node2transit_node14exit,U,,node2node14,1.0
U_node2node14_t2,0.0,node2transit_node14exit,U,,node2node14,2.0
U_node2node14_t3,0.0,node2transit_node14exit,U,,node2node14,3.0
U_node2node14_t4,0.0,node2transit_node14exit,U,,node2node14,4.0
U_node2node14_t5,0.0,node2transit_node14exit,U,,node2node14,5.0
U_node2node13_t0,0.0,node2transit_node13exit,U,,node2node13,0.0
U_node2node13_t1,0.0,node2transit_node13exit,U,,node2node13,1.0
U_node2node13_t2,0.0,node2transit_node13exit,U,,node2node13,2.0
U_node2node13_t3,0.0,node2transit_node13exit,U,,node2node13,3.0
U_node2node13_t4,0.0,node2transit_node13exit,U,,node2node13,4.0
U_node2node13_t5,0.0,node2transit_node13exit,U,,node2node13,5.0
U_node2node16_t0,0.0,node2transit_node16exit,U,,node2node16,0.0
U_node2node16_t1,0.0,node2transit_node16exit,U,,node2node16,1.0
U_node2node16_t2,0.0,node2transit_node16exit,U,,node2node16,2.0
U_node2node16_t3,0.0,node2transit_node16exit,U,,node2node16,3.0
U_node2node16_t4,0.0,node2transit_node16exit,U,,node2node16,4.0
U_node2node16_t5,0.0,node2transit_node16exit,U,,node2node16,5.0
U_node3node5_t0,0.0,node3transit_node5exit,U,,node3node5,0.0
U_node3node5_t1,0.0,node3transit_node5exit,U,,node3node5,1.0
U_node3node5_t2,0.0,node3transit_node5exit,U,,node3node5,2.0
U_node3node5_t3,0.0,node3transit_node5exit,U,,node3node5,3.0
U_node3node5_t4,0.0,node3transit_node5exit,U,,node3node5,4.0
U_node3node5_t5,0.0,node3transit_node5exit,U,,node3node5,5.0
U_node3node10_t0,0.0,node3transit_node10transit,U,,node3node10,0.0
U_node3node10_t1,0.0,node3transit_node10transit,U,,node3node10,1.0
U_node3node10_t2,0.0,node3transit_node10transit,U,,node3node10,2.0
U_node3node10_t3,0.0,node3transit_node10transit,U,,node3node10,3.0
U_node3node10_t4,0.0,node3transit_node10transit,U,,node3node10,4.0
U_node3node10_t5,0.0,node3transit_node10transit,U,,node3node10,5.0
U_node3node6_t0,0.0,node3transit_node6transit,U,,node3node6,0.0
U_node3node6_t1,0.0,node3transit_node6transit,U,,node3node6,1.0
U_node3node6_t2,0.0,node3transit_node6transit,U,,node3node6,2.0
U_node3node6_t3,0.0,node3transit_node6transit,U,,node3node6,3.0
U_node3node6_t4,0.0,node3transit_node6transit,U,,node3node6,4.0
U_node3node6_t5,0.0,node3transit_node6transit,U,,node3node6,5.0
U_node3node20_t0,0.0,node3transit_node20source,U,,node3node20,0.0
U_node3node20_t1,0.0,node3transit_node20source,U,,node3node20,1.0
U_node3node20_t2,0.0,node3transit_node20source,U,,node3node20,2.0
U_node3node20_t3,0.0,node3transit_node20source,U,,node3node20,3.0
U_node3node20_t4,0.0,node3transit_node20source,U,,node3node20,4.0
U_node3node20_t5,1.0,node3transit_node20source,U,,node3node20,5.0
U_node4node9_t0,0.0,node4transit_node9transit,U,,node4node9,0.0
U_node4node9_t1,0.0,node4transit_node9transit,U,,node4node9,1.0
U_node4node9_t2,0.0,node4transit_node9transit,U,,node4node9,2.0
U_node4node9_t3,0.0,node4transit_node9transit,U,,node4node9,3.0
U_node4node9_t4,0.0,node4transit_node9transit,U,,node4node9,4.0
U_node4node9_t5,0.0,node4transit_node9transit,U,,node4node9,5.0
U_node4node6_t0,0.0,node4transit_node6transit,U,,node4node6,0.0
U_node4node6_t1,0.0,node4transit_node6transit,U,,node4node6,1.0
U_node4node6_t2,0.0,node4transit_node6transit,U,,node4node6,2.0
U_node4node6_t3,0.0,node4transit_node6transit,U,,node4node6,3.0
U_node4node6_t4,0.0,node4transit_node6transit,U,,node4node6,4.0
U_node4node6_t5,0.0,node4transit_node6transit,U,,node4node6,5.0
U_node4node10_t0,0.0,node4transit_node10transit,U,,node4node10,0.0
U_node4node10_t1,0.0,node4transit_node10transit,U,,node4node10,1.0
U_node4node10_t2,0.0,node4transit_node10transit,U,,node4node10,2.0
U_node4node10_t3,0.0,node4transit_node10transit,U,,node4node10,3.0
U_node4node10_t4,0.0,node4transit_node10transit,U,,node4node10,4.0
U_node4node10_t5,0.0,node4transit_node10transit,U,,node4node10,5.0
U_node4node19_t0,0.0,node4transit_node19source,U,,node4node19,0.0
U_node4node19_t1,0.0,node4transit_node19source,U,,node4node19,1.0
U_node4node19_t2,0.0,node4transit_node19source,U,,node4node19,2.0
U_node4node19_t3,0.0,node4transit_node19source,U,,node4node19,3.0
U_node4node19_t4,1.0,node4transit_node19source,U,,node4node19,4.0
U_node4node19_t5,0.0,node4transit_node19source,U,,node4node19,5.0
U_node4node20_t0,0.0,node4transit_node20source,U,,node4node20,0.0
U_node4node20_t1,0.0,node4transit_node20source,U,,node4node20,1.0
U_node4node20_t2,0.0,node4transit_node20source,U,,node4node20,2.0
U_node4node20_t3,0.0,node4transit_node20source,U,,node4node20,3.0
U_node4node20_t4,0.0,node4transit_node20source,U,,node4node20,4.0
U_node4node20_t5,0.0,node4transit_node20source,U,,node4node20,5.0
U_node5node8_t0,0.0,node5exit_node8transit,U,,node5node8,0.0
U_node5node8_t1,0.0,node5exit_node8transit,U,,node5node8,1.0
U_node5node8_t2,0.0,node5exit_node8transit,U,,node5node8,2.0
U_node5node8_t3,0.0,node5exit_node8transit,U,,node5node8,3.0
U_node5node8_t4,0.0,node5exit_node8transit,U,,node5node8,4.0
U_node5node8_t5,0.0,node5exit_node8transit,U,,node5node8,5.0
U_node6node17_t0,0.0,node6transit_node17exit,U,,node6node17,0.0
U_node6node17_t1,0.0,node6transit_node17exit,U,,node6node17,1.0
U_node6node17_t2,0.0,node6transit_node17exit,U,,node6node17,2.0
U_node6node17_t3,0.0,node6transit_node17exit,U,,node6node17,3.0
U_node6node17_t4,0.0,node6transit_node17exit,U,,node6node17,4.0
U_node6node17_t5,0.0,node6transit_node17exit,U,,node6node17,5.0
U_node6node20_t0,0.0,node6transit_node20source,U,,node6node20,0.0
U_node6node20_t1,0.0,node6transit_node20source,U,,node6node20,1.0
U_node6node20_t2,0.0,node6transit_node20source,U,,node6node20,2.0
U_node6node20_t3,0.0,node6transit_node20source,U,,node6node20,3.0
U_node6node20_t4,0.0,node6transit_node20source,U,,node6node20,4.0
U_node6node20_t5,0.0,node6transit_node20source,U,,node6node20,5.0
U_node7node12_t0,0.0,node7transit_node12exit,U,,node7node12,0.0
U_node7node12_t1,0.0,node7transit_node12exit,U,,node7node12,1.0
U_node7node12_t2,0.0,node7transit_node12exit,U,,node7node12,2.0
U_node7node12_t3,0.0,node7transit_node12exit,U,,node7node12,3.0
U_node7node12_t4,0.0,node7transit_node12exit,U,,node7node12,4.0
U_node7node12_t5,0.0,node7transit_node12exit,U,,node7node12,5.0
U_node7node10_t0,0.0,node7transit_node10transit,U,,node7node10,0.0
U_node7node10_t1,0.0,node7transit_node10transit,U,,node7node10,1.0
U_node7node10_t2,0.0,node7transit_node10transit,U,,node7node10,2.0
U_node7node10_t3,0.0,node7transit_node10transit,U,,node7node10,3.0
U_node7node10_t4,0.0,node7transit_node10transit,U,,node7node10,4.0
U_node7node10_t5,0.0,node7transit_node10transit,U,,node7node10,5.0
U_node7node9_t0,0.0,node7transit_node9transit,U,,node7node9,0.0
U_node7node9_t1,0.0,node7transit_node9transit,U,,node7node9,1.0
U_node7node9_t2,0.0,node7transit_node9transit,U,,node7node9,2.0
U_node7node9_t3,0.0,node7transit_node9transit,U,,node7node9,3.0
U_node7node9_t4,0.0,node7transit_node9transit,U,,node7node9,4.0
U_node7node9_t5,0.0,node7transit_node9transit,U,,node7node9,5.0
U_node7node19_t0,0.0,node7transit_node19source,U,,node7node19,0.0
U_node7node19_t1,0.0,node7transit_node19source,U,,node7node19,1.0
U_node7node19_t2,0.0,node7transit_node19source,U,,node7node19,2.0
U_node7node19_t3,0.0,node7transit_node19source,U,,node7node19,3.0
U_node7node19_t4,1.0,node7transit_node19source,U,,node7node19,4.0
U_node7node19_t5,0.0,node7transit_node19source,U,,node7node19,5.0
U_node8node18_t0,0.0,node8transit_node18exit,U,,node8node18,0.0
U_node8node18_t1,0.0,node8transit_node18exit,U,,node8node18,1.0
U_node8node18_t2,0.0,node8transit_node18exit,U,,node8node18,2.0
U_node8node18_t3,0.0,node8transit_node18exit,U,,node8node18,3.0
U_node8node18_t4,0.0,node8transit_node18exit,U,,node8node18,4.0
U_node8node18_t5,0.0,node8transit_node18exit,U,,node8node18,5.0
U_node9node11_t0,0.0,node9transit_node11exit,U,,node9node11,0.0
U_node9node11_t1,0.0,node9transit_node11exit,U,,node9node11,1.0
U_node9node11_t2,0.0,node9transit_node11exit,U,,node9node11,2.0
U_node9node11_t3,0.0,node9transit_node11exit,U,,node9node11,3.0
U_node9node11_t4,0.0,node9transit_node11exit,U,,node9node11,4.0
U_node9node11_t5,0.0,node9transit_node11exit,U,,node9node11,5.0
U_node9node19_t0,0.0,node9transit_node19source,U,,node9node19,0.0
U_node9node19_t1,0.0,node9transit_node19source,U,,node9node19,1.0
U_node9node19_t2,0.0,node9transit_node19source,U,,node9node19,2.0
U_node9node19_t3,0.0,node9transit_node19source,U,,node9node19,3.0
U_node9node19_t4,1.0,node9transit_node19source,U,,node9node19,4.0
U_node9node19_t5,0.0,node9transit_node19source,U,,node9node19,5.0
U_node10node19_t0,0.0,node10transit_node19source,U,,node10node19,0.0
U_node10node19_t1,0.0,node10transit_node19source,U,,node10node19,1.0
U_node10node19_t2,0.0,node10transit_node19source,U,,node10node19,2.0
U_node10node19_t3,0.0,node10transit_node19source,U,,node10node19,3.0
U_node10node19_t4,0.0,node10transit_node19source,U,,node10node19,4.0
U_node10node19_t5,1.0,node10transit_node19source,U,,node10node19,5.0
U_node10node20_t0,0.0,node10transit_node20source,U,,node10node20,0.0
U_node10node20_t1,0.0,node10transit_node20source,U,,node10node20,1.0
U_node10node20_t2,0.0,node10transit_node20source,U,,node10node20,2.0
U_node10node20_t3,0.0,node10transit_node20source,U,,node10node20,3.0
U_node10node20_t4,0.0,node10transit_node20source,U,,node10node20,4.0
U_node10node20_t5,0.0,node10transit_node20source,U,,node10node20,5.0
U_node11node13_t0,0.0,node11exit_node13exit,U,,node11node13,0.0
U_node11node13_t1,0.0,node11exit_node13exit,U,,node11node13,1.0
U_node11node13_t2,0.0,node11exit_node13exit,U,,node11node13,2.0
U_node11node13_t3,0.0,node11exit_node13exit,U,,node11node13,3.0
U_node11node13_t4,0.0,node11exit_node13exit,U,,node11node13,4.0
U_node11node13_t5,0.0,node11exit_node13exit,U,,node11node13,5.0
U_node12node14_t0,0.0,node12exit_node14exit,U,,node12node14,0.0
U_node12node14_t1,0.0,node12exit_node14exit,U,,node12node14,1.0
U_node12node14_t2,0.0,node12exit_node14exit,U,,node12node14,2.0
U_node12node14_t3,0.0,node12exit_node14exit,U,,node12node14,3.0
U_node12node14_t4,0.0,node12exit_node14exit,U,,node12node14,4.0
U_node12node14_t5,0.0,node12exit_node14exit,U,,node12node14,5.0
U_node15node16_t0,0.0,node15exit_node16exit,U,,node15node16,0.0
U_node15node16_t1,0.0,node15exit_node16exit,U,,node15node16,1.0
U_node15node16_t2,0.0,node15exit_node16exit,U,,node15node16,2.0
U_node15node16_t3,0.0,node15exit_node16exit,U,,node15node16,3.0
U_node15node16_t4,0.0,node15exit_node16exit,U,,node15node16,4.0
U_node15node16_t5,0.0,node15exit_node16exit,U,,node15node16,5.0
U_node17node18_t0,0.0,node17exit_node18exit,U,,node17node18,0.0
U_node17node18_t1,0.0,node17exit_node18exit,U,,node17node18,1.0
U_node17node18_t2,0.0,node17exit_node18exit,U,,node17node18,2.0
U_node17node18_t3,0.0,node17exit_node18exit,U,,node17node18,3.0
U_node17node18_t4,0.0,node17exit_node18exit,U,,node17node18,4.0
U_node17node18_t5,0.0,node17exit_node18exit,U,,node17node18,5.0
flow_timber_node1node10_t1,0.0,node1transit_node10transit,flow,timber,node1node10,1.0
flow_timber_node1node10_t2,0.0,node1transit_node10transit,flow,timber,node1node10,2.0
flow_timber_node1node10_t3,0.0,node1transit_node10transit,flow,timber,node1node10,3.0
flow_timber_node1node10_t4,0.0,node1transit_node10transit,flow,timber,node1node10,4.0
flow_timber_node1node10_t5,0.0,node1transit_node10transit,flow,timber,node1node10,5.0
flow_wide_node1node10_t1,0.0,node1transit_node10transit,flow,wide,node1node10,1.0
flow_wide_node1node10_t2,0.0,node1transit_node10transit,flow,wide,node1node10,2.0
flow_wide_node1node10_t3,0.0,node1transit_node10transit,flow,wide,node1node10,3.0
flow_wide_node1node10_t4,0.0,node1transit_node10transit,flow,wide,node1node10,4.0
flow_wide_node1node10_t5,0.0,node1transit_node10transit,flow,wide,node1node10,5.0
flow_timber_node1node15_t1,0.0,node1transit_node15exit,flow,timber,node1node15,1.0
flow_timber_node1node15_t2,0.0,node1transit_node15exit,flow,timber,node1node15,2.0
flow_timber_node1node15_t3,0.0,node1transit_node15exit,flow,timber,node1node15,3.0
flow_timber_node1node15_t4,0.0,node1transit_node15exit,flow,timber,node1node15,4.0
flow_timber_node1node15_t5,0.0,node1transit_node15exit,flow,timber,node1node15,5.0
flow_wide_node1node15_t1,0.0,node1transit_node15exit,flow,wide,node1node15,1.0
flow_wide_node1node15_t2,0.0,node1transit_node15exit,flow,wide,node1node15,2.0
flow_wide_node1node15_t3,0.0,node1transit_node15exit,flow,wide,node1node15,3.0
flow_wide_node1node15_t4,0.0,node1transit_node15exit,flow,wide,node1node15,4.0
flow_wide_node1node15_t5,0.0,node1transit_node15exit,flow,wide,node1node15,5.0
flow_timber_node1node8_t1,0.0,node1transit_node8transit,flow,timber,node1node8,1.0
flow_timber_node1node8_t2,0.0,node1transit_node8transit,flow,timber,node1node8,2.0
flow_timber_node1node8_t3,0.0,node1transit_node8transit,flow,timber,node1node8,3.0
flow_timber_node1node8_t4,0.0,node1transit_node8transit,flow,timber,node1node8,4.0
flow_timber_node1node8_t5,0.0,node1transit_node8transit,flow,timber,node1node8,5.0
flow_wide_node1node8_t1,0.0,node1transit_node8transit,flow,wide,node1node8,1.0
flow_wide_node1node8_t2,0.0,node1transit_node8transit,flow,wide,node1node8,2.0
flow_wide_node1node8_t3,0.0,node1transit_node8transit,flow,wide,node1node8,3.0
flow_wide_node1node8_t4,0.0,node1transit_node8transit,flow,wide,node1node8,4.0
flow_wide_node1node8_t5,0.0,node1transit_node8transit,flow,wide,node1node8,5.0
flow_timber_node10node1_t1,0.0,node10transit_node1transit,flow,timber,node10node1,1.0
flow_timber_node10node1_t2,0.0,node10transit_node1transit,flow,timber,node10node1,2.0
flow_timber_node10node1_t3,0.0,node10transit_node1transit,flow,timber,node10node1,3.0
flow_timber_node10node1_t4,0.0,node10transit_node1transit,flow,timber,node10node1,4.0
flow_timber_node10node1_t5,0.0,node10transit_node1transit,flow,timber,node10node1,5.0
flow_wide_node10node1_t1,0.0,node10transit_node1transit,flow,wide,node10node1,1.0
flow_wide_node10node1_t2,0.0,node10transit_node1transit,flow,wide,node10node1,2.0
flow_wide_node10node1_t3,0.0,node10transit_node1transit,flow,wide,node10node1,3.0
flow_wide_node10node1_t4,0.0,node10transit_node1transit,flow,wide,node10node1,4.0
flow_wide_node10node1_t5,0.0,node10transit_node1transit,flow,wide,node10node1,5.0
flow_timber_node10node3_t1,0.0,node10transit_node3transit,flow,timber,node10node3,1.0
flow_timber_node10node3_t2,0.0,node10transit_node3transit,flow,timber,node10node3,2.0
flow_timber_node10node3_t3,0.0,node10transit_node3transit,flow,timber,node10node3,3.0
flow_timber_node10node3_t4,0.0,node10transit_node3transit,flow,timber,node10node3,4.0
flow_timber_node10node3_t5,0.0,node10transit_node3transit,flow,timber,node10node3,5.0
flow_wide_node10node3_t1,0.0,node10transit_node3transit,flow,wide,node10node3,1.0
flow_wide_node10node3_t2,0.0,node10transit_node3transit,flow,wide,node10node3,2.0
flow_wide_node10node3_t3,0.0,node10transit_node3transit,flow,wide,node10node3,3.0
flow_wide_node10node3_t4,0.0,node10transit_node3transit,flow,wide,node10node3,4.0
flow_wide_node10node3_t5,0.0,node10transit_node3transit,flow,wide,node10node3,5.0
flow_timber_node10node4_t1,0.0,node10transit_node4transit,flow,timber,node10node4,1.0
flow_timber_node10node4_t2,0.0,node10transit_node4transit,flow,timber,node10node4,2.0
flow_timber_node10node4_t3,0.0,node10transit_node4transit,flow,timber,node10node4,3.0
flow_timber_node10node4_t4,0.0,node10transit_node4transit,flow,timber,node10node4,4.0
flow_timber_node10node4_t5,0.0,node10transit_node4transit,flow,timber,node10node4,5.0
flow_wide_node10node4_t1,0.0,node10transit_node4transit,flow,wide,node10node4,1.0
flow_wide_node10node4_t2,0.0,node10transit_node4transit,flow,wide,node10node4,2.0
flow_wide_node10node4_t3,0.0,node10transit_node4transit,flow,wide,node10node4,3.0
flow_wide_node10node4_t4,0.0,node10transit_node4transit,flow,wide,node10node4,4.0
flow_wide_node10node4_t5,0.0,node10transit_node4transit,flow,wide,node10node4,5.0
flow_timber_node10node7_t1,0.0,node10transit_node7transit,flow,timber,node10node7,1.0
flow_timber_node10node7_t2,0.0,node10transit_node7transit,flow,timber,node10node7,2.0
flow_timber_node10node7_t3,0.0,node10transit_node7transit,flow,timber,node10node7,3.0
flow_timber_node10node7_t4,0.0,node10transit_node7transit,flow,timber,node10node7,4.0
flow_timber_node10node7_t5,0.0,node10transit_node7transit,flow,timber,node10node7,5.0
flow_wide_node10node7_t1,0.0,node10transit_node7transit,flow,wide,node10node7,1.0
flow_wide_node10node7_t2,0.0,node10transit_node7transit,flow,wide,node10node7,2.0
flow_wide_node10node7_t3,0.0,node10transit_node7transit,flow,wide,node10node7,3.0
flow_wide_node10node7_t4,0.0,node10transit_node7transit,flow,wide,node10node7,4.0
flow_wide_node10node7_t5,0.0,node10transit_node7transit,flow,wide,node10node7,5.0
flow_timber_node10node19_t1,0.0,node10transit_node19source,flow,timber,node10node19,1.0
flow_timber_node10node19_t2,0.0,node10transit_node19source,flow,timber,node10node19,2.0
flow_timber_node10node19_t3,0.0,node10transit_node19source,flow,timber,node10node19,3.0
flow_timber_node10node19_t4,0.0,node10transit_node19source,flow,timber,node10node19,4.0
flow_timber_node10node19_t5,0.0,node10transit_node19source,flow,timber,node10node19,5.0
flow_wide_node10node19_t1,0.0,node10transit_node19source,flow,wide,node10node19,1.0
flow_wide_node10node19_t2,0.0,node10transit_node19source,flow,wide,node10node19,2.0
flow_wide_node10node19_t3,0.0,node10transit_node19source,flow,wide,node10node19,3.0
flow_wide_node10node19_t4,0.0,node10transit_node19source,flow,wide,node10node19,4.0
flow_wide_node10node19_t5,0.0,node10transit_node19source,flow,wide,node10node19,5.0
flow_timber_node10node20_t1,0.0,node10transit_node20source,flow,timber,node10node20,1.0
flow_timber_node10node20_t2,0.0,node10transit_node20source,flow,timber,node10node20,2.0
flow_timber_node10node20_t3,0.0,node10transit_node20source,flow,timber,node10node20,3.0
flow_timber_node10node20_t4,0.0,node10transit_node20source,flow,timber,node10node20,4.0
flow_timber_node10node20_t5,0.0,node10transit_node20source,flow,timber,node10node20,5.0
flow_wide_node10node20_t1,0.0,node10transit_node20source,flow,wide,node10node20,1.0
flow_wide_node10node20_t2,0.0,node10transit_node20source,flow,wide,node10node20,2.0
flow_wide_node10node20_t3,0.0,node10transit_node20source,flow,wide,node10node20,3.0
flow_wide_node10node20_t4,0.0,node10transit_node20source,flow,wide,node10node20,4.0
flow_wide_node10node20_t5,0.0,node10transit_node20source,flow,wide,node10node20,5.0
flow_timber_node15node1_t1,0.0,node15exit_node1transit,flow,timber,node15node1,1.0
flow_timber_node15node1_t2,0.0,node15exit_node1transit,flow,timber,node15node1,2.0
flow_timber_node15node1_t3,0.0,node15exit_node1transit,flow,timber,node15node1,3.0
flow_timber_node15node1_t4,0.0,node15exit_node1transit,flow,timber,node15node1,4.0
flow_timber_node15node1_t5,0.0,node15exit_node1transit,flow,timber,node15node1,5.0
flow_wide_node15node1_t1,0.0,node15exit_node1transit,flow,wide,node15node1,1.0
flow_wide_node15node1_t2,0.0,node15exit_node1transit,flow,wide,node15node1,2.0
flow_wide_node15node1_t3,0.0,node15exit_node1transit,flow,wide,node15node1,3.0
flow_wide_node15node1_t4,0.0,node15exit_node1transit,flow,wide,node15node1,4.0
flow_wide_node15node1_t5,0.0,node15exit_node1transit,flow,wide,node15node1,5.0
flow_timber_node15node16_t1,0.0,node15exit_node16exit,flow,timber,node15node16,1.0
flow_timber_node15node16_t2,0.0,node15exit_node16exit,flow,timber,node15node16,2.0
flow_timber_node15node16_t3,0.0,node15exit_node16exit,flow,timber,node15node16,3.0
flow_timber_node15node16_t4,0.0,node15exit_node16exit,flow,timber,node15node16,4.0
flow_timber_node15node16_t5,0.0,node15exit_node16exit,flow,timber,node15node16,5.0
flow_wide_node15node16_t1,0.0,node15exit_node16exit,flow,wide,node15node16,1.0
flow_wide_node15node16_t2,0.0,node15exit_node16exit,flow,wide,node15node16,2.0
flow_wide_node15node16_t3,0.0,node15exit_node16exit,flow,wide,node15node16,3.0
flow_wide_node15node16_t4,0.0,node15exit_node16exit,flow,wide,node15node16,4.0
flow_wide_node15node16_t5,0.0,node15exit_node16exit,flow,wide,node15node16,5.0
flow_timber_node8node1_t1,0.0,node8transit_node1transit,flow,timber,node8node1,1.0
flow_timber_node8node1_t2,0.0,node8transit_node1transit,flow,timber,node8node1,2.0
flow_timber_node8node1_t3,0.0,node8transit_node1transit,flow,timber,node8node1,3.0
flow_timber_node8node1_t4,0.0,node8transit_node1transit,flow,timber,node8node1,4.0
flow_timber_node8node1_t5,0.0,node8transit_node1transit,flow,timber,node8node1,5.0
flow_wide_node8node1_t1,0.0,node8transit_node1transit,flow,wide,node8node1,1.0
flow_wide_node8node1_t2,0.0,node8transit_node1transit,flow,wide,node8node1,2.0
flow_wide_node8node1_t3,0.0,node8transit_node1transit,flow,wide,node8node1,3.0
flow_wide_node8node1_t4,0.0,node8transit_node1transit,flow,wide,node8node1,4.0
flow_wide_node8node1_t5,0.0,node8transit_node1transit,flow,wide,node8node1,5.0
flow_timber_node8node5_t1,0.0,node8transit_node5exit,flow,timber,node8node5,1.0
flow_timber_node8node5_t2,0.0,node8transit_node5exit,flow,timber,node8node5,2.0
flow_timber_node8node5_t3,0.0,node8transit_node5exit,flow,timber,node8node5,3.0
flow_timber_node8node5_t4,0.0,node8transit_node5exit,flow,timber,node8node5,4.0
flow_timber_node8node5_t5,0.0,node8transit_node5exit,flow,timber,node8node5,5.0
flow_wide_node8node5_t1,0.0,node8transit_node5exit,flow,wide,node8node5,1.0
flow_wide_node8node5_t2,0.0,node8transit_node5exit,flow,wide,node8node5,2.0
flow_wide_node8node5_t3,0.0,node8transit_node5exit,flow,wide,node8node5,3.0
flow_wide_node8node5_t4,0.0,node8transit_node5exit,flow,wide,node8node5,4.0
flow_wide_node8node5_t5,0.0,node8transit_node5exit,flow,wide,node8node5,5.0
flow_timber_node8node18_t1,0.0,node8transit_node18exit,flow,timber,node8node18,1.0
flow_timber_node8node18_t2,0.0,node8transit_node18exit,flow,timber,node8node18,2.0
flow_timber_node8node18_t3,0.0,node8transit_node18exit,flow,timber,node8node18,3.0
flow_timber_node8node18_t4,0.0,node8transit_node18exit,flow,timber,node8node18,4.0
flow_timber_node8node18_t5,0.0,node8transit_node18exit,flow,timber,node8node18,5.0
flow_wide_node8node18_t1,0.0,node8transit_node18exit,flow,wide,node8node18,1.0
flow_wide_node8node18_t2,0.0,node8transit_node18exit,flow,wide,node8node18,2.0
flow_wide_node8node18_t3,0.0,node8transit_node18exit,flow,wide,node8node18,3.0
flow_wide_node8node18_t4,0.0,node8transit_node18exit,flow,wide,node8node18,4.0
flow_wide_node8node18_t5,0.0,node8transit_node18exit,flow,wide,node8node18,5.0
flow_timber_node2node14_t1,0.0,node2transit_node14exit,flow,timber,node2node14,1.0
flow_timber_node2node14_t2,0.0,node2transit_node14exit,flow,timber,node2node14,2.0
flow_timber_node2node14_t3,0.0,node2transit_node14exit,flow,timber,node2node14,3.0
flow_timber_node2node14_t4,0.0,node2transit_node14exit,flow,timber,node2node14,4.0
flow_timber_node2node14_t5,0.0,node2transit_node14exit,flow,timber,node2node14,5.0
flow_wide_node2node14_t1,0.0,node2transit_node14exit,flow,wide,node2node14,1.0
flow_wide_node2node14_t2,0.0,node2transit_node14exit,flow,wide,node2node14,2.0
flow_wide_node2node14_t3,0.0,node2transit_node14exit,flow,wide,node2node14,3.0
flow_wide_node2node14_t4,0.0,node2transit_node14exit,flow,wide,node2node14,4.0
flow_wide_node2node14_t5,0.0,node2transit_node14exit,flow,wide,node2node14,5.0
flow_timber_node2node13_t1,0.0,node2transit_node13exit,flow,timber,node2node13,1.0
flow_timber_node2node13_t2,0.0,node2transit_node13exit,flow,timber,node2node13,2.0
flow_timber_node2node13_t3,0.0,node2transit_node13exit,flow,timber,node2node13,3.0
flow_timber_node2node13_t4,0.0,node2transit_node13exit,flow,timber,node2node13,4.0
flow_timber_node2node13_t5,0.0,node2transit_node13exit,flow,timber,node2node13,5.0
flow_wide_node2node13_t1,0.0,node2transit_node13exit,flow,wide,node2node13,1.0
flow_wide_node2node13_t2,0.0,node2transit_node13exit,flow,wide,node2node13,2.0
flow_wide_node2node13_t3,0.0,node2transit_node13exit,flow,wide,node2node13,3.0
flow_wide_node2node13_t4,0.0,node2transit_node13exit,flow,wide,node2node13,4.0
flow_wide_node2node13_t5,0.0,node2transit_node13exit,flow,wide,node2node13,5.0
flow_timber_node2node16_t1,0.0,node2transit_node16exit,flow,timber,node2node16,1.0
flow_timber_node2node16_t2,0.0,node2transit_node16exit,flow,timber,node2node16,2.0
flow_timber_node2node16_t3,0.0,node2transit_node16exit,flow,timber,node2node16,3.0
flow_timber_node2node16_t4,0.0,node2transit_node16exit,flow,timber,node2node16,4.0
flow_timber_node2node16_t5,0.0,node2transit_node16exit,flow,timber,node2node16,5.0
flow_wide_node2node16_t1,0.0,node2transit_node16exit,flow,wide,node2node16,1.0
flow_wide_node2node16_t2,0.0,node2transit_node16exit,flow,wide,node2node16,2.0
flow_wide_node2node16_t3,0.0,node2transit_node16exit,flow,wide,node2node16,3.0
flow_wide_node2node16_t4,0.0,node2transit_node16exit,flow,wide,node2node16,4.0
flow_wide_node2node16_t5,0.0,node2transit_node16exit,flow,wide,node2node16,5.0
flow_timber_node14node2_t1,0.0,node14exit_node2transit,flow,timber,node14node2,1.0
flow_timber_node14node2_t2,0.0,node14exit_node2transit,flow,timber,node14node2,2.0
flow_timber_node14node2_t3,0.0,node14exit_node2transit,flow,timber,node14node2,3.0
flow_timber_node14node2_t4,0.0,node14exit_node2transit,flow,timber,node14node2,4.0
flow_timber_node14node2_t5,0.0,node14exit_node2transit,flow,timber,node14node2,5.0
flow_wide_node14node2_t1,0.0,node14exit_node2transit,flow,wide,node14node2,1.0
flow_wide_node14node2_t2,0.0,node14exit_node2transit,flow,wide,node14node2,2.0
flow_wide_node14node2_t3,0.0,node14exit_node2transit,flow,wide,node14node2,3.0
flow_wide_node14node2_t4,0.0,node14exit_node2transit,flow,wide,node14node2,4.0
flow_wide_node14node2_t5,0.0,node14exit_node2transit,flow,wide,node14node2,5.0
flow_timber_node14node12_t1,0.0,node14exit_node12exit,flow,timber,node14node12,1.0
flow_timber_node14node12_t2,0.0,node14exit_node12exit,flow,timber,node14node12,2.0
flow_timber_node14node12_t3,0.0,node14exit_node12exit,flow,timber,node14node12,3.0
flow_timber_node14node12_t4,0.0,node14exit_node12exit,flow,timber,node14node12,4.0
flow_timber_node14node12_t5,0.0,node14exit_node12exit,flow,timber,node14node12,5.0
flow_wide_node14node12_t1,0.0,node14exit_node12exit,flow,wide,node14node12,1.0
flow_wide_node14node12_t2,0.0,node14exit_node12exit,flow,wide,node14node12,2.0
flow_wide_node14node12_t3,0.0,node14exit_node12exit,flow,wide,node14node12,3.0
flow_wide_node14node12_t4,0.0,node14exit_node12exit,flow,wide,node14node12,4.0
flow_wide_node14node12_t5,0.0,node14exit_node12exit,flow,wide,node14node12,5.0
flow_timber_node13node2_t1,0.0,node13exit_node2transit,flow,timber,node13node2,1.0
flow_timber_node13node2_t2,0.0,node13exit_node2transit,flow,timber,node13node2,2.0
flow_timber_node13node2_t3,0.0,node13exit_node2transit,flow,timber,node13node2,3.0
flow_timber_node13node2_t4,0.0,node13exit_node2transit,flow,timber,node13node2,4.0
flow_timber_node13node2_t5,0.0,node13exit_node2transit,flow,timber,node13node2,5.0
flow_wide_node13node2_t1,0.0,node13exit_node2transit,flow,wide,node13node2,1.0
flow_wide_node13node2_t2,0.0,node13exit_node2transit,flow,wide,node13node2,2.0
flow_wide_node13node2_t3,0.0,node13exit_node2transit,flow,wide,node13node2,3.0
flow_wide_node13node2_t4,0.0,node13exit_node2transit,flow,wide,node13node2,4.0
flow_wide_node13node2_t5,0.0,node13exit_node2transit,flow,wide,node13node2,5.0
flow_timber_node13node11_t1,0.0,node13exit_node11exit,flow,timber,node13node11,1.0
flow_timber_node13node11_t2,0.0,node13exit_node11exit,flow,timber,node13node11,2.0
flow_timber_node13node11_t3,0.0,node13exit_node11exit,flow,timber,node13node11,3.0
flow_timber_node13node11_t4,0.0,node13exit_node11exit,flow,timber,node13node11,4.0
flow_timber_node13node11_t5,0.0,node13exit_node11exit,flow,timber,node13node11,5.0
flow_wide_node13node11_t1,0.0,node13exit_node11exit,flow,wide,node13node11,1.0
flow_wide_node13node11_t2,0.0,node13exit_node11exit,flow,wide,node13node11,2.0
flow_wide_node13node11_t3,0.0,node13exit_node11exit,flow,wide,node13node11,3.0
flow_wide_node13node11_t4,0.0,node13exit_node11exit,flow,wide,node13node11,4.0
flow_wide_node13node11_t5,0.0,node13exit_node11exit,flow,wide,node13node11,5.0
flow_timber_node16node2_t1,0.0,node16exit_node2transit,flow,timber,node16node2,1.0
flow_timber_node16node2_t2,0.0,node16exit_node2transit,flow,timber,node16node2,2.0
flow_timber_node16node2_t3,0.0,node16exit_node2transit,flow,timber,node16node2,3.0
flow_timber_node16node2_t4,0.0,node16exit_node2transit,flow,timber,node16node2,4.0
flow_timber_node16node2_t5,0.0,node16exit_node2transit,flow,timber,node16node2,5.0
flow_wide_node16node2_t1,0.0,node16exit_node2transit,flow,wide,node16node2,1.0
flow_wide_node16node2_t2,0.0,node16exit_node2transit,flow,wide,node16node2,2.0
flow_wide_node16node2_t3,0.0,node16exit_node2transit,flow,wide,node16node2,3.0
flow_wide_node16node2_t4,0.0,node16exit_node2transit,flow,wide,node16node2,4.0
flow_wide_node16node2_t5,0.0,node16exit_node2transit,flow,wide,node16node2,5.0
flow_timber_node16node15_t1,0.0,node16exit_node15exit,flow,timber,node16node15,1.0
flow_timber_node16node15_t2,0.0,node16exit_node15exit,flow,timber,node16node15,2.0
flow_timber_node16node15_t3,0.0,node16exit_node15exit,flow,timber,node16node15,3.0
flow_timber_node16node15_t4,0.0,node16exit_node15exit,flow,timber,node16node15,4.0
flow_timber_node16node15_t5,0.0,node16exit_node15exit,flow,timber,node16node15,5.0
flow_wide_node16node15_t1,0.0,node16exit_node15exit,flow,wide,node16node15,1.0
flow_wide_node16node15_t2,0.0,node16exit_node15exit,flow,wide,node16node15,2.0
flow_wide_node16node15_t3,0.0,node16exit_node15exit,flow,wide,node16node15,3.0
flow_wide_node16node15_t4,0.0,node16exit_node15exit,flow,wide,node16node15,4.0
flow_wide_node16node15_t5,0.0,node16exit_node15exit,flow,wide,node16node15,5.0
flow_timber_node3node5_t1,0.0,node3transit_node5exit,flow,timber,node3node5,1.0
flow_timber_node3node5_t2,0.0,node3transit_node5exit,flow,timber,node3node5,2.0
flow_timber_node3node5_t3,0.0,node3transit_node5exit,flow,timber,node3node5,3.0
flow_timber_node3node5_t4,0.0,node3transit_node5exit,flow,timber,node3node5,4.0
flow_timber_node3node5_t5,0.0,node3transit_node5exit,flow,timber,node3node5,5.0
flow_wide_node3node5_t1,0.0,node3transit_node5exit,flow,wide,node3node5,1.0
flow_wide_node3node5_t2,0.0,node3transit_node5exit,flow,wide,node3node5,2.0
flow_wide_node3node5_t3,0.0,node3transit_node5exit,flow,wide,node3node5,3.0
flow_wide_node3node5_t4,0.0,node3transit_node5exit,flow,wide,node3node5,4.0
flow_wide_node3node5_t5,0.0,node3transit_node5exit,flow,wide,node3node5,5.0
flow_timber_node3node10_t1,0.0,node3transit_node10transit,flow,timber,node3node10,1.0
flow_timber_node3node10_t2,0.0,node3transit_node10transit,flow,timber,node3node10,2.0
flow_timber_node3node10_t3,0.0,node3transit_node10transit,flow,timber,node3node10,3.0
flow_timber_node3node10_t4,0.0,node3transit_node10transit,flow,timber,node3node10,4.0
flow_timber_node3node10_t5,0.0,node3transit_node10transit,flow,timber,node3node10,5.0
flow_wide_node3node10_t1,0.0,node3transit_node10transit,flow,wide,node3node10,1.0
flow_wide_node3node10_t2,0.0,node3transit_node10transit,flow,wide,node3node10,2.0
flow_wide_node3node10_t3,0.0,node3transit_node10transit,flow,wide,node3node10,3.0
flow_wide_node3node10_t4,0.0,node3transit_node10transit,flow,wide,node3node10,4.0
flow_wide_node3node10_t5,0.0,node3transit_node10transit,flow,wide,node3node10,5.0
flow_timber_node3node6_t1,0.0,node3transit_node6transit,flow,timber,node3node6,1.0
flow_timber_node3node6_t2,0.0,node3transit_node6transit,flow,timber,node3node6,2.0
flow_timber_node3node6_t3,0.0,node3transit_node6transit,flow,timber,node3node6,3.0
flow_timber_node3node6_t4,0.0,node3transit_node6transit,flow,timber,node3node6,4.0
flow_timber_node3node6_t5,0.0,node3transit_node6transit,flow,timber,node3node6,5.0
flow_wide_node3node6_t1,0.0,node3transit_node6transit,flow,wide,node3node6,1.0
flow_wide_node3node6_t2,0.0,node3transit_node6transit,flow,wide,node3node6,2.0
flow_wide_node3node6_t3,0.0,node3transit_node6transit,flow,wide,node3node6,3.0
flow_wide_node3node6_t4,0.0,node3transit_node6transit,flow,wide,node3node6,4.0
flow_wide_node3node6_t5,0.0,node3transit_node6transit,flow,wide,node3node6,5.0
flow_timber_node3node20_t1,0.0,node3transit_node20source,flow,timber,node3node20,1.0
flow_timber_node3node20_t2,0.0,node3transit_node20source,flow,timber,node3node20,2.0
flow_timber_node3node20_t3,0.0,node3transit_node20source,flow,timber,node3node20,3.0
flow_timber_node3node20_t4,0.0,node3transit_node20source,flow,timber,node3node20,4.0
flow_timber_node3node20_t5,0.0,node3transit_node20source,flow,timber,node3node20,5.0
flow_wide_node3node20_t1,0.0,node3transit_node20source,flow,wide,node3node20,1.0
flow_wide_node3node20_t2,0.0,node3transit_node20source,flow,wide,node3node20,2.0
flow_wide_node3node20_t3,0.0,node3transit_node20source,flow,wide,node3node20,3.0
flow_wide_node3node20_t4,0.0,node3transit_node20source,flow,wide,node3node20,4.0
flow_wide_node3node20_t5,0.0,node3transit_node20source,flow,wide,node3node20,5.0
flow_timber_node5node3_t1,0.0,node5exit_node3transit,flow,timber,node5node3,1.0
flow_timber_node5node3_t2,0.0,node5exit_node3transit,flow,timber,node5node3,2.0
flow_timber_node5node3_t3,0.0,node5exit_node3transit,flow,timber,node5node3,3.0
flow_timber_node5node3_t4,0.0,node5exit_node3transit,flow,timber,node5node3,4.0
flow_timber_node5node3_t5,0.0,node5exit_node3transit,flow,timber,node5node3,5.0
flow_wide_node5node3_t1,0.0,node5exit_node3transit,flow,wide,node5node3,1.0
flow_wide_node5node3_t2,0.0,node5exit_node3transit,flow,wide,node5node3,2.0
flow_wide_node5node3_t3,0.0,node5exit_node3transit,flow,wide,node5node3,3.0
flow_wide_node5node3_t4,0.0,node5exit_node3transit,flow,wide,node5node3,4.0
flow_wide_node5node3_t5,0.0,node5exit_node3transit,flow,wide,node5node3,5.0
flow_timber_node5node8_t1,0.0,node5exit_node8transit,flow,timber,node5node8,1.0
flow_timber_node5node8_t2,0.0,node5exit_node8transit,flow,timber,node5node8,2.0
flow_timber_node5node8_t3,0.0,node5exit_node8transit,flow,timber,node5node8,3.0
flow_timber_node5node8_t4,0.0,node5exit_node8transit,flow,timber,node5node8,4.0
flow_timber_node5node8_t5,0.0,node5exit_node8transit,flow,timber,node5node8,5.0
flow_wide_node5node8_t1,0.0,node5exit_node8transit,flow,wide,node5node8,1.0
flow_wide_node5node8_t2,0.0,node5exit_node8transit,flow,wide,node5node8,2.0
flow_wide_node5node8_t3,0.0,node5exit_node8transit,flow,wide,node5node8,3.0
flow_wide_node5node8_t4,0.0,node5exit_node8transit,flow,wide,node5node8,4.0
flow_wide_node5node8_t5,0.0,node5exit_node8transit,flow,wide,node5node8,5.0
flow_timber_node6node3_t1,0.0,node6transit_node3transit,flow,timber,node6node3,1.0
flow_timber_node6node3_t2,0.0,node6transit_node3transit,flow,timber,node6node3,2.0
flow_timber_node6node3_t3,0.0,node6transit_node3transit,flow,timber,node6node3,3.0
flow_timber_node6node3_t4,0.0,node6transit_node3transit,flow,timber,node6node3,4.0
flow_timber_node6node3_t5,0.0,node6transit_node3transit,flow,timber,node6node3,5.0
flow_wide_node6node3_t1,0.0,node6transit_node3transit,flow,wide,node6node3,1.0
flow_wide_node6node3_t2,0.0,node6transit_node3transit,flow,wide,node6node3,2.0
flow_wide_node6node3_t3,0.0,node6transit_node3transit,flow,wide,node6node3,3.0
flow_wide_node6node3_t4,0.0,node6transit_node3transit,flow,wide,node6node3,4.0
flow_wide_node6node3_t5,0.0,node6transit_node3transit,flow,wide,node6node3,5.0
flow_timber_node6node4_t1,0.0,node6transit_node4transit,flow,timber,node6node4,1.0
flow_timber_node6node4_t2,0.0,node6transit_node4transit,flow,timber,node6node4,2.0
flow_timber_node6node4_t3,0.0,node6transit_node4transit,flow,timber,node6node4,3.0
flow_timber_node6node4_t4,0.0,node6transit_node4transit,flow,timber,node6node4,4.0
flow_timber_node6node4_t5,0.0,node6transit_node4transit,flow,timber,node6node4,5.0
flow_wide_node6node4_t1,0.0,node6transit_node4transit,flow,wide,node6node4,1.0
flow_wide_node6node4_t2,0.0,node6transit_node4transit,flow,wide,node6node4,2.0
flow_wide_node6node4_t3,0.0,node6transit_node4transit,flow,wide,node6node4,3.0
flow_wide_node6node4_t4,0.0,node6transit_node4transit,flow,wide,node6node4,4.0
flow_wide_node6node4_t5,0.0,node6transit_node4transit,flow,wide,node6node4,5.0
flow_timber_node6node17_t1,0.0,node6transit_node17exit,flow,timber,node6node17,1.0
flow_timber_node6node17_t2,0.0,node6transit_node17exit,flow,timber,node6node17,2.0
flow_timber_node6node17_t3,0.0,node6transit_node17exit,flow,timber,node6node17,3.0
flow_timber_node6node17_t4,0.0,node6transit_node17exit,flow,timber,node6node17,4.0
flow_timber_node6node17_t5,1.0,node6transit_node17exit,flow,timber,node6node17,5.0
flow_wide_node6node17_t1,0.0,node6transit_node17exit,flow,wide,node6node17,1.0
flow_wide_node6node17_t2,0.0,node6transit_node17exit,flow,wide,node6node17,2.0
flow_wide_node6node17_t3,0.0,node6transit_node17exit,flow,wide,node6node17,3.0
flow_wide_node6node17_t4,0.0,node6transit_node17exit,flow,wide,node6node17,4.0
flow_wide_node6node17_t5,0.0,node6transit_node17exit,flow,wide,node6node17,5.0
flow_timber_node6node20_t1,0.0,node6transit_node20source,flow,timber,node6node20,1.0
flow_timber_node6node20_t2,0.0,node6transit_node20source,flow,timber,node6node20,2.0
flow_timber_node6node20_t3,0.0,node6transit_node20source,flow,timber,node6node20,3.0
flow_timber_node6node20_t4,0.0,node6transit_node20source,flow,timber,node6node20,4.0
flow_timber_node6node20_t5,0.0,node6transit_node20source,flow,timber,node6node20,5.0
flow_wide_node6node20_t1,0.0,node6transit_node20source,flow,wide,node6node20,1.0
flow_wide_node6node20_t2,0.0,node6transit_node20source,flow,wide,node6node20,2.0
flow_wide_node6node20_t3,0.0,node6transit_node20source,flow,wide,node6node20,3.0
flow_wide_node6node20_t4,0.0,node6transit_node20source,flow,wide,node6node20,4.0
flow_wide_node6node20_t5,0.0,node6transit_node20source,flow,wide,node6node20,5.0
flow_timber_node20node3_t1,0.0,node20source_node3transit,flow,timber,node20node3,1.0
flow_timber_node20node3_t2,0.0,node20source_node3transit,flow,timber,node20node3,2.0
flow_timber_node20node3_t3,0.0,node20source_node3transit,flow,timber,node20node3,3.0
flow_timber_node20node3_t4,0.0,node20source_node3transit,flow,timber,node20node3,4.0
flow_timber_node20node3_t5,0.0,node20source_node3transit,flow,timber,node20node3,5.0
flow_wide_node20node3_t1,0.0,node20source_node3transit,flow,wide,node20node3,1.0
flow_wide_node20node3_t2,0.0,node20source_node3transit,flow,wide,node20node3,2.0
flow_wide_node20node3_t3,0.0,node20source_node3transit,flow,wide,node20node3,3.0
flow_wide_node20node3_t4,0.0,node20source_node3transit,flow,wide,node20node3,4.0
flow_wide_node20node3_t5,0.0,node20source_node3transit,flow,wide,node20node3,5.0
flow_timber_node20node4_t1,0.0,node20source_node4transit,flow,timber,node20node4,1.0
flow_timber_node20node4_t2,0.0,node20source_node4transit,flow,timber,node20node4,2.0
flow_timber_node20node4_t3,0.0,node20source_node4transit,flow,timber,node20node4,3.0
flow_timber_node20node4_t4,0.0,node20source_node4transit,flow,timber,node20node4,4.0
flow_timber_node20node4_t5,0.0,node20source_node4transit,flow,timber,node20node4,5.0
flow_wide_node20node4_t1,0.0,node20source_node4transit,flow,wide,node20node4,1.0
flow_wide_node20node4_t2,0.0,node20source_node4transit,flow,wide,node20node4,2.0
flow_wide_node20node4_t3,0.0,node20source_node4transit,flow,wide,node20node4,3.0
flow_wide_node20node4_t4,0.0,node20source_node4transit,flow,wide,node20node4,4.0
flow_wide_node20node4_t5,0.0,node20source_node4transit,flow,wide,node20node4,5.0
flow_timber_node20node6_t1,0.0,node20source_node6transit,flow,timber,node20node6,1.0
flow_timber_node20node6_t2,0.0,node20source_node6transit,flow,timber,node20node6,2.0
flow_timber_node20node6_t3,0.0,node20source_node6transit,flow,timber,node20node6,3.0
flow_timber_node20node6_t4,0.0,node20source_node6transit,flow,timber,node20node6,4.0
flow_timber_node20node6_t5,1.0,node20source_node6transit,flow,timber,node20node6,5.0
flow_wide_node20node6_t1,0.0,node20source_node6transit,flow,wide,node20node6,1.0
flow_wide_node20node6_t2,0.0,node20source_node6transit,flow,wide,node20node6,2.0
flow_wide_node20node6_t3,0.0,node20source_node6transit,flow,wide,node20node6,3.0
flow_wide_node20node6_t4,0.0,node20source_node6transit,flow,wide,node20node6,4.0
flow_wide_node20node6_t5,0.0,node20source_node6transit,flow,wide,node20node6,5.0
flow_timber_node20node10_t1,0.0,node20source_node10transit,flow,timber,node20node10,1.0
flow_timber_node20node10_t2,0.0,node20source_node10transit,flow,timber,node20node10,2.0
flow_timber_node20node10_t3,0.0,node20source_node10transit,flow,timber,node20node10,3.0
flow_timber_node20node10_t4,0.0,node20source_node10transit,flow,timber,node20node10,4.0
flow_timber_node20node10_t5,0.0,node20source_node10transit,flow,timber,node20node10,5.0
flow_wide_node20node10_t1,0.0,node20source_node10transit,flow,wide,node20node10,1.0
flow_wide_node20node10_t2,0.0,node20source_node10transit,flow,wide,node20node10,2.0
flow_wide_node20node10_t3,0.0,node20source_node10transit,flow,wide,node20node10,3.0
flow_wide_node20node10_t4,0.0,node20source_node10transit,flow,wide,node20node10,4.0
flow_wide_node20node10_t5,0.0,node20source_node10transit,flow,wide,node20node10,5.0
flow_timber_node4node9_t1,0.0,node4transit_node9transit,flow,timber,node4node9,1.0
flow_timber_node4node9_t2,0.0,node4transit_node9transit,flow,timber,node4node9,2.0
flow_timber_node4node9_t3,0.0,node4transit_node9transit,flow,timber,node4node9,3.0
flow_timber_node4node9_t4,0.0,node4transit_node9transit,flow,timber,node4node9,4.0
flow_timber_node4node9_t5,0.0,node4transit_node9transit,flow,timber,node4node9,5.0
flow_wide_node4node9_t1,0.0,node4transit_node9transit,flow,wide,node4node9,1.0
flow_wide_node4node9_t2,0.0,node4transit_node9transit,flow,wide,node4node9,2.0
flow_wide_node4node9_t3,0.0,node4transit_node9transit,flow,wide,node4node9,3.0
flow_wide_node4node9_t4,0.0,node4transit_node9transit,flow,wide,node4node9,4.0
flow_wide_node4node9_t5,0.0,node4transit_node9transit,flow,wide,node4node9,5.0
flow_timber_node4node6_t1,0.0,node4transit_node6transit,flow,timber,node4node6,1.0
flow_timber_node4node6_t2,0.0,node4transit_node6transit,flow,timber,node4node6,2.0
flow_timber_node4node6_t3,0.0,node4transit_node6transit,flow,timber,node4node6,3.0
flow_timber_node4node6_t4,0.0,node4transit_node6transit,flow,timber,node4node6,4.0
flow_timber_node4node6_t5,0.0,node4transit_node6transit,flow,timber,node4node6,5.0
flow_wide_node4node6_t1,0.0,node4transit_node6transit,flow,wide,node4node6,1.0
flow_wide_node4node6_t2,0.0,node4transit_node6transit,flow,wide,node4node6,2.0
flow_wide_node4node6_t3,0.0,node4transit_node6transit,flow,wide,node4node6,3.0
flow_wide_node4node6_t4,0.0,node4transit_node6transit,flow,wide,node4node6,4.0
flow_wide_node4node6_t5,0.0,node4transit_node6transit,flow,wide,node4node6,5.0
flow_timber_node4node10_t1,0.0,node4transit_node10transit,flow,timber,node4node10,1.0
flow_timber_node4node10_t2,0.0,node4transit_node10transit,flow,timber,node4node10,2.0
flow_timber_node4node10_t3,0.0,node4transit_node10transit,flow,timber,node4node10,3.0
flow_timber_node4node10_t4,0.0,node4transit_node10transit,flow,timber,node4node10,4.0
flow_timber_node4node10_t5,0.0,node4transit_node10transit,flow,timber,node4node10,5.0
flow_wide_node4node10_t1,0.0,node4transit_node10transit,flow,wide,node4node10,1.0
flow_wide_node4node10_t2,0.0,node4transit_node10transit,flow,wide,node4node10,2.0
flow_wide_node4node10_t3,0.0,node4transit_node10transit,flow,wide,node4node10,3.0
flow_wide_node4node10_t4,0.0,node4transit_node10transit,flow,wide,node4node10,4.0
flow_wide_node4node10_t5,0.0,node4transit_node10transit,flow,wide,node4node10,5.0
flow_timber_node4node19_t1,0.0,node4transit_node19source,flow,timber,node4node19,1.0
flow_timber_node4node19_t2,0.0,node4transit_node19source,flow,timber,node4node19,2.0
flow_timber_node4node19_t3,0.0,node4transit_node19source,flow,timber,node4node19,3.0
flow_timber_node4node19_t4,0.0,node4transit_node19source,flow,timber,node4node19,4.0
flow_timber_node4node19_t5,0.0,node4transit_node19source,flow,timber,node4node19,5.0
flow_wide_node4node19_t1,0.0,node4transit_node19source,flow,wide,node4node19,1.0
flow_wide_node4node19_t2,0.0,node4transit_node19source,flow,wide,node4node19,2.0
flow_wide_node4node19_t3,0.0,node4transit_node19source,flow,wide,node4node19,3.0
flow_wide_node4node19_t4,0.0,node4transit_node19source,flow,wide,node4node19,4.0
flow_wide_node4node19_t5,0.0,node4transit_node19source,flow,wide,node4node19,5.0
flow_timber_node4node20_t1,0.0,node4transit_node20source,flow,timber,node4node20,1.0
flow_timber_node4node20_t2,0.0,node4transit_node20source,flow,timber,node4node20,2.0
flow_timber_node4node20_t3,0.0,node4transit_node20source,flow,timber,node4node20,3.0
flow_timber_node4node20_t4,0.0,node4transit_node20source,flow,timber,node4node20,4.0
flow_timber_node4node20_t5,0.0,node4transit_node20source,flow,timber,node4node20,5.0
flow_wide_node4node20_t1,0.0,node4transit_node20source,flow,wide,node4node20,1.0
flow_wide_node4node20_t2,0.0,node4transit_node20source,flow,wide,node4node20,2.0
flow_wide_node4node20_t3,0.0,node4transit_node20source,flow,wide,node4node20,3.0
flow_wide_node4node20_t4,0.0,node4transit_node20source,flow,wide,node4node20,4.0
flow_wide_node4node20_t5,0.0,node4transit_node20source,flow,wide,node4node20,5.0
flow_timber_node9node4_t1,0.0,node9transit_node4transit,flow,timber,node9node4,1.0
flow_timber_node9node4_t2,0.0,node9transit_node4transit,flow,timber,node9node4,2.0
flow_timber_node9node4_t3,0.0,node9transit_node4transit,flow,timber,node9node4,3.0
flow_timber_node9node4_t4,0.0,node9transit_node4transit,flow,timber,node9node4,4.0
flow_timber_node9node4_t5,0.0,node9transit_node4transit,flow,timber,node9node4,5.0
flow_wide_node9node4_t1,0.0,node9transit_node4transit,flow,wide,node9node4,1.0
flow_wide_node9node4_t2,0.0,node9transit_node4transit,flow,wide,node9node4,2.0
flow_wide_node9node4_t3,0.0,node9transit_node4transit,flow,wide,node9node4,3.0
flow_wide_node9node4_t4,0.0,node9transit_node4transit,flow,wide,node9node4,4.0
flow_wide_node9node4_t5,0.0,node9transit_node4transit,flow,wide,node9node4,5.0
flow_timber_node9node7_t1,0.0,node9transit_node7transit,flow,timber,node9node7,1.0
flow_timber_node9node7_t2,0.0,node9transit_node7transit,flow,timber,node9node7,2.0
flow_timber_node9node7_t3,0.0,node9transit_node7transit,flow,timber,node9node7,3.0
flow_timber_node9node7_t4,0.0,node9transit_node7transit,flow,timber,node9node7,4.0
flow_timber_node9node7_t5,0.0,node9transit_node7transit,flow,timber,node9node7,5.0
flow_wide_node9node7_t1,0.0,node9transit_node7transit,flow,wide,node9node7,1.0
flow_wide_node9node7_t2,0.0,node9transit_node7transit,flow,wide,node9node7,2.0
flow_wide_node9node7_t3,0.0,node9transit_node7transit,flow,wide,node9node7,3.0
flow_wide_node9node7_t4,0.0,node9transit_node7transit,flow,wide,node9node7,4.0
flow_wide_node9node7_t5,0.0,node9transit_node7transit,flow,wide,node9node7,5.0
flow_timber_node9node11_t1,0.0,node9transit_node11exit,flow,timber,node9node11,1.0
flow_timber_node9node11_t2,0.0,node9transit_node11exit,flow,timber,node9node11,2.0
flow_timber_node9node11_t3,0.0,node9transit_node11exit,flow,timber,node9node11,3.0
flow_timber_node9node11_t4,0.0,node9transit_node11exit,flow,timber,node9node11,4.0
flow_timber_node9node11_t5,0.0,node9transit_node11exit,flow,timber,node9node11,5.0
flow_wide_node9node11_t1,0.0,node9transit_node11exit,flow,wide,node9node11,1.0
flow_wide_node9node11_t2,0.0,node9transit_node11exit,flow,wide,node9node11,2.0
flow_wide_node9node11_t3,0.0,node9transit_node11exit,flow,wide,node9node11,3.0
flow_wide_node9node11_t4,0.0,node9transit_node11exit,flow,wide,node9node11,4.0
flow_wide_node9node11_t5,0.0,node9transit_node11exit,flow,wide,node9node11,5.0
flow_timber_node9node19_t1,0.0,node9transit_node19source,flow,timber,node9node19,1.0
flow_timber_node9node19_t2,0.0,node9transit_node19source,flow,timber,node9node19,2.0
flow_timber_node9node19_t3,0.0,node9transit_node19source,flow,timber,node9node19,3.0
flow_timber_node9node19_t4,0.0,node9transit_node19source,flow,timber,node9node19,4.0
flow_timber_node9node19_t5,0.0,node9transit_node19source,flow,timber,node9node19,5.0
flow_wide_node9node19_t1,0.0,node9transit_node19source,flow,wide,node9node19,1.0
flow_wide_node9node19_t2,0.0,node9transit_node19source,flow,wide,node9node19,2.0
flow_wide_node9node19_t3,0.0,node9transit_node19source,flow,wide,node9node19,3.0
flow_wide_node9node19_t4,0.0,node9transit_node19source,flow,wide,node9node19,4.0
flow_wide_node9node19_t5,0.0,node9transit_node19source,flow,wide,node9node19,5.0
flow_timber_node19node4_t1,0.0,node19source_node4transit,flow,timber,node19node4,1.0
flow_timber_node19node4_t2,0.0,node19source_node4transit,flow,timber,node19node4,2.0
flow_timber_node19node4_t3,0.0,node19source_node4transit,flow,timber,node19node4,3.0
flow_timber_node19node4_t4,0.0,node19source_node4transit,flow,timber,node19node4,4.0
flow_timber_node19node4_t5,0.0,node19source_node4transit,flow,timber,node19node4,5.0
flow_wide_node19node4_t1,0.0,node19source_node4transit,flow,wide,node19node4,1.0
flow_wide_node19node4_t2,0.0,node19source_node4transit,flow,wide,node19node4,2.0
flow_wide_node19node4_t3,0.0,node19source_node4transit,flow,wide,node19node4,3.0
flow_wide_node19node4_t4,0.0,node19source_node4transit,flow,wide,node19node4,4.0
flow_wide_node19node4_t5,0.0,node19source_node4transit,flow,wide,node19node4,5.0
flow_timber_node19node7_t1,0.0,node19source_node7transit,flow,timber,node19node7,1.0
flow_timber_node19node7_t2,0.0,node19source_node7transit,flow,timber,node19node7,2.0
flow_timber_node19node7_t3,1.0,node19source_node7transit,flow,timber,node19node7,3.0
flow_timber_node19node7_t4,1.0,node19source_node7transit,flow,timber,node19node7,4.0
flow_timber_node19node7_t5,1.0,node19source_node7transit,flow,timber,node19node7,5.0
flow_wide_node19node7_t1,0.0,node19source_node7transit,flow,wide,node19node7,1.0
flow_wide_node19node7_t2,0.0,node19source_node7transit,flow,wide,node19node7,2.0
flow_wide_node19node7_t3,0.0,node19source_node7transit,flow,wide,node19node7,3.0
flow_wide_node19node7_t4,0.0,node19source_node7transit,flow,wide,node19node7,4.0
flow_wide_node19node7_t5,0.0,node19source_node7transit,flow,wide,node19node7,5.0
flow_timber_node19node9_t1,0.0,node19source_node9transit,flow,timber,node19node9,1.0
flow_timber_node19node9_t2,0.0,node19source_node9transit,flow,timber,node19node9,2.0
flow_timber_node19node9_t3,0.0,node19source_node9transit,flow,timber,node19node9,3.0
flow_timber_node19node9_t4,0.0,node19source_node9transit,flow,timber,node19node9,4.0
flow_timber_node19node9_t5,0.0,node19source_node9transit,flow,timber,node19node9,5.0
flow_wide_node19node9_t1,0.0,node19source_node9transit,flow,wide,node19node9,1.0
flow_wide_node19node9_t2,0.0,node19source_node9transit,flow,wide,node19node9,2.0
flow_wide_node19node9_t3,0.0,node19source_node9transit,flow,wide,node19node9,3.0
flow_wide_node19node9_t4,0.0,node19source_node9transit,flow,wide,node19node9,4.0
flow_wide_node19node9_t5,0.0,node19source_node9transit,flow,wide,node19node9,5.0
flow_timber_node19node10_t1,0.0,node19source_node10transit,flow,timber,node19node10,1.0
flow_timber_node19node10_t2,0.0,node19source_node10transit,flow,timber,node19node10,2.0
flow_timber_node19node10_t3,0.0,node19source_node10transit,flow,timber,node19node10,3.0
flow_timber_node19node10_t4,0.0,node19source_node10transit,flow,timber,node19node10,4.0
flow_timber_node19node10_t5,0.0,node19source_node10transit,flow,timber,node19node10,5.0
flow_wide_node19node10_t1,0.0,node19source_node10transit,flow,wide,node19node10,1.0
flow_wide_node19node10_t2,0.0,node19source_node10transit,flow,wide,node19node10,2.0
flow_wide_node19node10_t3,0.0,node19source_node10transit,flow,wide,node19node10,3.0
flow_wide_node19node10_t4,0.0,node19source_node10transit,flow,wide,node19node10,4.0
flow_wide_node19node10_t5,0.0,node19source_node10transit,flow,wide,node19node10,5.0
flow_timber_node17node6_t1,0.0,node17exit_node6transit,flow,timber,node17node6,1.0
flow_timber_node17node6_t2,0.0,node17exit_node6transit,flow,timber,node17node6,2.0
flow_timber_node17node6_t3,0.0,node17exit_node6transit,flow,timber,node17node6,3.0
flow_timber_node17node6_t4,0.0,node17exit_node6transit,flow,timber,node17node6,4.0
flow_timber_node17node6_t5,0.0,node17exit_node6transit,flow,timber,node17node6,5.0
flow_wide_node17node6_t1,0.0,node17exit_node6transit,flow,wide,node17node6,1.0
flow_wide_node17node6_t2,0.0,node17exit_node6transit,flow,wide,node17node6,2.0
flow_wide_node17node6_t3,0.0,node17exit_node6transit,flow,wide,node17node6,3.0
flow_wide_node17node6_t4,0.0,node17exit_node6transit,flow,wide,node17node6,4.0
flow_wide_node17node6_t5,0.0,node17exit_node6transit,flow,wide,node17node6,5.0
flow_timber_node17node18_t1,0.0,node17exit_node18exit,flow,timber,node17node18,1.0
flow_timber_node17node18_t2,0.0,node17exit_node18exit,flow,timber,node17node18,2.0
flow_timber_node17node18_t3,0.0,node17exit_node18exit,flow,timber,node17node18,3.0
flow_timber_node17node18_t4,0.0,node17exit_node18exit,flow,timber,node17node18,4.0
flow_timber_node17node18_t5,0.0,node17exit_node18exit,flow,timber,node17node18,5.0
flow_wide_node17node18_t1,0.0,node17exit_node18exit,flow,wide,node17node18,1.0
flow_wide_node17node18_t2,0.0,node17exit_node18exit,flow,wide,node17node18,2.0
flow_wide_node17node18_t3,0.0,node17exit_node18exit,flow,wide,node17node18,3.0
flow_wide_node17node18_t4,0.0,node17exit_node18exit,flow,wide,node17node18,4.0
flow_wide_node17node18_t5,0.0,node17exit_node18exit,flow,wide,node17node18,5.0
flow_timber_node7node12_t1,0.0,node7transit_node12exit,flow,timber,node7node12,1.0
flow_timber_node7node12_t2,0.0,node7transit_node12exit,flow,timber,node7node12,2.0
flow_timber_node7node12_t3,1.0,node7transit_node12exit,flow,timber,node7node12,3.0
flow_timber_node7node12_t4,1.0,node7transit_node12exit,flow,timber,node7node12,4.0
flow_timber_node7node12_t5,1.0,node7transit_node12exit,flow,timber,node7node12,5.0
flow_wide_node7node12_t1,0.0,node7transit_node12exit,flow,wide,node7node12,1.0
flow_wide_node7node12_t2,0.0,node7transit_node12exit,flow,wide,node7node12,2.0
flow_wide_node7node12_t3,0.0,node7transit_node12exit,flow,wide,node7node12,3.0
flow_wide_node7node12_t4,0.0,node7transit_node12exit,flow,wide,node7node12,4.0
flow_wide_node7node12_t5,0.0,node7transit_node12exit,flow,wide,node7node12,5.0
flow_timber_node7node10_t1,0.0,node7transit_node10transit,flow,timber,node7node10,1.0
flow_timber_node7node10_t2,0.0,node7transit_node10transit,flow,timber,node7node10,2.0
flow_timber_node7node10_t3,0.0,node7transit_node10transit,flow,timber,node7node10,3.0
flow_timber_node7node10_t4,0.0,node7transit_node10transit,flow,timber,node7node10,4.0
flow_timber_node7node10_t5,0.0,node7transit_node10transit,flow,timber,node7node10,5.0
flow_wide_node7node10_t1,0.0,node7transit_node10transit,flow,wide,node7node10,1.0
flow_wide_node7node10_t2,0.0,node7transit_node10transit,flow,wide,node7node10,2.0
flow_wide_node7node10_t3,0.0,node7transit_node10transit,flow,wide,node7node10,3.0
flow_wide_node7node10_t4,0.0,node7transit_node10transit,flow,wide,node7node10,4.0
flow_wide_node7node10_t5,0.0,node7transit_node10transit,flow,wide,node7node10,5.0
flow_timber_node7node9_t1,0.0,node7transit_node9transit,flow,timber,node7node9,1.0
flow_timber_node7node9_t2,0.0,node7transit_node9transit,flow,timber,node7node9,2.0
flow_timber_node7node9_t3,0.0,node7transit_node9transit,flow,timber,node7node9,3.0
flow_timber_node7node9_t4,0.0,node7transit_node9transit,flow,timber,node7node9,4.0
flow_timber_node7node9_t5,0.0,node7transit_node9transit,flow,timber,node7node9,5.0
flow_wide_node7node9_t1,0.0,node7transit_node9transit,flow,wide,node7node9,1.0
flow_wide_node7node9_t2,0.0,node7transit_node9transit,flow,wide,node7node9,2.0
flow_wide_node7node9_t3,0.0,node7transit_node9transit,flow,wide,node7node9,3.0
flow_wide_node7node9_t4,0.0,node7transit_node9transit,flow,wide,node7node9,4.0
flow_wide_node7node9_t5,0.0,node7transit_node9transit,flow,wide,node7node9,5.0
flow_timber_node7node19_t1,0.0,node7transit_node19source,flow,timber,node7node19,1.0
flow_timber_node7node19_t2,0.0,node7transit_node19source,flow,timber,node7node19,2.0
flow_timber_node7node19_t3,0.0,node7transit_node19source,flow,timber,node7node19,3.0
flow_timber_node7node19_t4,0.0,node7transit_node19source,flow,timber,node7node19,4.0
flow_timber_node7node19_t5,0.0,node7transit_node19source,flow,timber,node7node19,5.0
flow_wide_node7node19_t1,0.0,node7transit_node19source,flow,wide,node7node19,1.0
flow_wide_node7node19_t2,0.0,node7transit_node19source,flow,wide,node7node19,2.0
flow_wide_node7node19_t3,0.0,node7transit_node19source,flow,wide,node7node19,3.0
flow_wide_node7node19_t4,0.0,node7transit_node19source,flow,wide,node7node19,4.0
flow_wide_node7node19_t5,0.0,node7transit_node19source,flow,wide,node7node19,5.0
flow_timber_node12node7_t1,0.0,node12exit_node7transit,flow,timber,node12node7,1.0
flow_timber_node12node7_t2,0.0,node12exit_node7transit,flow,timber,node12node7,2.0
flow_timber_node12node7_t3,0.0,node12exit_node7transit,flow,timber,node12node7,3.0
flow_timber_node12node7_t4,0.0,node12exit_node7transit,flow,timber,node12node7,4.0
flow_timber_node12node7_t5,0.0,node12exit_node7transit,flow,timber,node12node7,5.0
flow_wide_node12node7_t1,0.0,node12exit_node7transit,flow,wide,node12node7,1.0
flow_wide_node12node7_t2,0.0,node12exit_node7transit,flow,wide,node12node7,2.0
flow_wide_node12node7_t3,0.0,node12exit_node7transit,flow,wide,node12node7,3.0
flow_wide_node12node7_t4,0.0,node12exit_node7transit,flow,wide,node12node7,4.0
flow_wide_node12node7_t5,0.0,node12exit_node7transit,flow,wide,node12node7,5.0
flow_timber_node12node14_t1,0.0,node12exit_node14exit,flow,timber,node12node14,1.0
flow_timber_node12node14_t2,0.0,node12exit_node14exit,flow,timber,node12node14,2.0
flow_timber_node12node14_t3,0.0,node12exit_node14exit,flow,timber,node12node14,3.0
flow_timber_node12node14_t4,0.0,node12exit_node14exit,flow,timber,node12node14,4.0
flow_timber_node12node14_t5,0.0,node12exit_node14exit,flow,timber,node12node14,5.0
flow_wide_node12node14_t1,0.0,node12exit_node14exit,flow,wide,node12node14,1.0
flow_wide_node12node14_t2,0.0,node12exit_node14exit,flow,wide,node12node14,2.0
flow_wide_node12node14_t3,0.0,node12exit_node14exit,flow,wide,node12node14,3.0
flow_wide_node12node14_t4,0.0,node12exit_node14exit,flow,wide,node12node14,4.0
flow_wide_node12node14_t5,0.0,node12exit_node14exit,flow,wide,node12node14,5.0
flow_timber_node18node8_t1,0.0,node18exit_node8transit,flow,timber,node18node8,1.0
flow_timber_node18node8_t2,0.0,node18exit_node8transit,flow,timber,node18node8,2.0
flow_timber_node18node8_t3,0.0,node18exit_node8transit,flow,timber,node18node8,3.0
flow_timber_node18node8_t4,0.0,node18exit_node8transit,flow,timber,node18node8,4.0
flow_timber_node18node8_t5,0.0,node18exit_node8transit,flow,timber,node18node8,5.0
flow_wide_node18node8_t1,0.0,node18exit_node8transit,flow,wide,node18node8,1.0
flow_wide_node18node8_t2,0.0,node18exit_node8transit,flow,wide,node18node8,2.0
flow_wide_node18node8_t3,0.0,node18exit_node8transit,flow,wide,node18node8,3.0
flow_wide_node18node8_t4,0.0,node18exit_node8transit,flow,wide,node18node8,4.0
flow_wide_node18node8_t5,0.0,node18exit_node8transit,flow,wide,node18node8,5.0
flow_timber_node18node17_t1,0.0,node18exit_node17exit,flow,timber,node18node17,1.0
flow_timber_node18node17_t2,0.0,node18exit_node17exit,flow,timber,node18node17,2.0
flow_timber_node18node17_t3,0.0,node18exit_node17exit,flow,timber,node18node17,3.0
flow_timber_node18node17_t4,0.0,node18exit_node17exit,flow,timber,node18node17,4.0
flow_timber_node18node17_t5,0.0,node18exit_node17exit,flow,timber,node18node17,5.0
flow_wide_node18node17_t1,0.0,node18exit_node17exit,flow,wide,node18node17,1.0
flow_wide_node18node17_t2,0.0,node18exit_node17exit,flow,wide,node18node17,2.0
flow_wide_node18node17_t3,0.0,node18exit_node17exit,flow,wide,node18node17,3.0
flow_wide_node18node17_t4,0.0,node18exit_node17exit,flow,wide,node18node17,4.0
flow_wide_node18node17_t5,0.0,node18exit_node17exit,flow,wide,node18node17,5.0
flow_timber_node11node9_t1,0.0,node11exit_node9transit,flow,timber,node11node9,1.0
flow_timber_node11node9_t2,0.0,node11exit_node9transit,flow,timber,node11node9,2.0
flow_timber_node11node9_t3,0.0,node11exit_node9transit,flow,timber,node11node9,3.0
flow_timber_node11node9_t4,0.0,node11exit_node9transit,flow,timber,node11node9,4.0
flow_timber_node11node9_t5,0.0,node11exit_node9transit,flow,timber,node11node9,5.0
flow_wide_node11node9_t1,0.0,node11exit_node9transit,flow,wide,node11node9,1.0
flow_wide_node11node9_t2,0.0,node11exit_node9transit,flow,wide,node11node9,2.0
flow_wide_node11node9_t3,0.0,node11exit_node9transit,flow,wide,node11node9,3.0
flow_wide_node11node9_t4,0.0,node11exit_node9transit,flow,wide,node11node9,4.0
flow_wide_node11node9_t5,0.0,node11exit_node9transit,flow,wide,node11node9,5.0
flow_timber_node11node13_t1,0.0,node11exit_node13exit,flow,timber,node11node13,1.0
flow_timber_node11node13_t2,0.0,node11exit_node13exit,flow,timber,node11node13,2.0
flow_timber_node11node13_t3,0.0,node11exit_node13exit,flow,timber,node11node13,3.0
flow_timber_node11node13_t4,0.0,node11exit_node13exit,flow,timber,node11node13,4.0
flow_timber_node11node13_t5,0.0,node11exit_node13exit,flow,timber,node11node13,5.0
flow_wide_node11node13_t1,0.0,node11exit_node13exit,flow,wide,node11node13,1.0
flow_wide_node11node13_t2,0.0,node11exit_node13exit,flow,wide,node11node13,2.0
flow_wide_node11node13_t3,0.0,node11exit_node13exit,flow,wide,node11node13,3.0
flow_wide_node11node13_t4,0.0,node11exit_node13exit,flow,wide,node11node13,4.0
flow_wide_node11node13_t5,0.0,node11exit_node13exit,flow,wide,node11node13,5.0
