variable,value
C_timber_node1node50_t0,0.0
C_timber_node1node50_t1,1.0
C_timber_node1node50_t2,1.0
C_timber_node1node50_t3,1.0
C_timber_node1node50_t4,1.0
C_timber_node1node50_t5,1.0
C_wide_node1node50_t0,0.0
C_wide_node1node50_t1,1.0
C_wide_node1node50_t2,1.0
C_wide_node1node50_t3,1.0
C_wide_node1node50_t4,1.0
C_wide_node1node50_t5,1.0
C_timber_node1node54_t0,0.0
C_timber_node1node54_t1,1.0
C_timber_node1node54_t2,1.0
C_timber_node1node54_t3,1.0
C_timber_node1node54_t4,1.0
C_timber_node1node54_t5,1.0
C_wide_node1node54_t0,0.0
C_wide_node1node54_t1,1.0
C_wide_node1node54_t2,1.0
C_wide_node1node54_t3,1.0
C_wide_node1node54_t4,1.0
C_wide_node1node54_t5,1.0
C_timber_node1node32_t0,0.0
C_timber_node1node32_t1,1.0
C_timber_node1node32_t2,1.0
C_timber_node1node32_t3,1.0
C_timber_node1node32_t4,1.0
C_timber_node1node32_t5,1.0
C_wide_node1node32_t0,0.0
C_wide_node1node32_t1,1.0
C_wide_node1node32_t2,1.0
C_wide_node1node32_t3,1.0
C_wide_node1node32_t4,1.0
C_wide_node1node32_t5,1.0
C_timber_node1node70_t0,0.0
C_timber_node1node70_t1,1.0
C_timber_node1node70_t2,1.0
C_timber_node1node70_t3,1.0
C_timber_node1node70_t4,1.0
C_timber_node1node70_t5,1.0
C_wide_node1node70_t0,0.0
C_wide_node1node70_t1,1.0
C_wide_node1node70_t2,1.0
C_wide_node1node70_t3,1.0
C_wide_node1node70_t4,1.0
C_wide_node1node70_t5,1.0
C_timber_node1node72_t0,0.0
C_timber_node1node72_t1,1.0
C_timber_node1node72_t2,1.0
C_timber_node1node72_t3,1.0
C_timber_node1node72_t4,1.0
C_timber_node1node72_t5,1.0
C_wide_node1node72_t0,0.0
C_wide_node1node72_t1,1.0
C_wide_node1node72_t2,1.0
C_wide_node1node72_t3,1.0
C_wide_node1node72_t4,1.0
C_wide_node1node72_t5,1.0
C_timber_node2node39_t0,0.0
C_timber_node2node39_t1,1.0
C_timber_node2node39_t2,1.0
C_timber_node2node39_t3,1.0
C_timber_node2node39_t4,1.0
C_timber_node2node39_t5,1.0
C_wide_node2node39_t0,0.0
C_wide_node2node39_t1,1.0
C_wide_node2node39_t2,1.0
C_wide_node2node39_t3,1.0
C_wide_node2node39_t4,1.0
C_wide_node2node39_t5,1.0
C_timber_node2node35_t0,0.0
C_timber_node2node35_t1,1.0
C_timber_node2node35_t2,1.0
C_timber_node2node35_t3,1.0
C_timber_node2node35_t4,1.0
C_timber_node2node35_t5,1.0
C_wide_node2node35_t0,0.0
C_wide_node2node35_t1,1.0
C_wide_node2node35_t2,1.0
C_wide_node2node35_t3,1.0
C_wide_node2node35_t4,1.0
C_wide_node2node35_t5,1.0
C_timber_node2node5_t0,0.0
C_timber_node2node5_t1,1.0
C_timber_node2node5_t2,1.0
C_timber_node2node5_t3,1.0
C_timber_node2node5_t4,1.0
C_timber_node2node5_t5,1.0
C_wide_node2node5_t0,0.0
C_wide_node2node5_t1,1.0
C_wide_node2node5_t2,1.0
C_wide_node2node5_t3,1.0
C_wide_node2node5_t4,1.0
C_wide_node2node5_t5,1.0
C_timber_node2node59_t0,0.0
C_timber_node2node59_t1,1.0
C_timber_node2node59_t2,1.0
C_timber_node2node59_t3,1.0
C_timber_node2node59_t4,1.0
C_timber_node2node59_t5,1.0
C_wide_node2node59_t0,0.0
C_wide_node2node59_t1,1.0
C_wide_node2node59_t2,1.0
C_wide_node2node59_t3,1.0
C_wide_node2node59_t4,1.0
C_wide_node2node59_t5,1.0
C_timber_node2node69_t0,0.0
C_timber_node2node69_t1,1.0
C_timber_node2node69_t2,1.0
C_timber_node2node69_t3,1.0
C_timber_node2node69_t4,1.0
C_timber_node2node69_t5,1.0
C_wide_node2node69_t0,0.0
C_wide_node2node69_t1,1.0
C_wide_node2node69_t2,1.0
C_wide_node2node69_t3,1.0
C_wide_node2node69_t4,1.0
C_wide_node2node69_t5,1.0
C_timber_node3node12_t0,0.0
C_timber_node3node12_t1,1.0
C_timber_node3node12_t2,1.0
C_timber_node3node12_t3,1.0
C_timber_node3node12_t4,1.0
C_timber_node3node12_t5,1.0
C_wide_node3node12_t0,0.0
C_wide_node3node12_t1,1.0
C_wide_node3node12_t2,1.0
C_wide_node3node12_t3,1.0
C_wide_node3node12_t4,1.0
C_wide_node3node12_t5,1.0
C_timber_node3node21_t0,0.0
C_timber_node3node21_t1,1.0
C_timber_node3node21_t2,1.0
C_timber_node3node21_t3,1.0
C_timber_node3node21_t4,1.0
C_timber_node3node21_t5,1.0
C_wide_node3node21_t0,0.0
C_wide_node3node21_t1,1.0
C_wide_node3node21_t2,1.0
C_wide_node3node21_t3,1.0
C_wide_node3node21_t4,1.0
C_wide_node3node21_t5,1.0
C_timber_node3node60_t0,0.0
C_timber_node3node60_t1,1.0
C_timber_node3node60_t2,1.0
C_timber_node3node60_t3,1.0
C_timber_node3node60_t4,1.0
C_timber_node3node60_t5,1.0
C_wide_node3node60_t0,0.0
C_wide_node3node60_t1,1.0
C_wide_node3node60_t2,1.0
C_wide_node3node60_t3,1.0
C_wide_node3node60_t4,1.0
C_wide_node3node60_t5,1.0
C_timber_node4node29_t0,0.0
C_timber_node4node29_t1,1.0
C_timber_node4node29_t2,1.0
C_timber_node4node29_t3,1.0
C_timber_node4node29_t4,1.0
C_timber_node4node29_t5,1.0
C_wide_node4node29_t0,0.0
C_wide_node4node29_t1,1.0
C_wide_node4node29_t2,1.0
C_wide_node4node29_t3,1.0
C_wide_node4node29_t4,1.0
C_wide_node4node29_t5,1.0
C_timber_node4node31_t0,0.0
C_timber_node4node31_t1,1.0
C_timber_node4node31_t2,1.0
C_timber_node4node31_t3,1.0
C_timber_node4node31_t4,1.0
C_timber_node4node31_t5,1.0
C_wide_node4node31_t0,0.0
C_wide_node4node31_t1,1.0
C_wide_node4node31_t2,1.0
C_wide_node4node31_t3,1.0
C_wide_node4node31_t4,1.0
C_wide_node4node31_t5,1.0
C_timber_node4node11_t0,0.0
C_timber_node4node11_t1,1.0
C_timber_node4node11_t2,1.0
C_timber_node4node11_t3,1.0
C_timber_node4node11_t4,1.0
C_timber_node4node11_t5,1.0
C_wide_node4node11_t0,0.0
C_wide_node4node11_t1,1.0
C_wide_node4node11_t2,1.0
C_wide_node4node11_t3,1.0
C_wide_node4node11_t4,1.0
C_wide_node4node11_t5,1.0
C_timber_node4node66_t0,0.0
C_timber_node4node66_t1,1.0
C_timber_node4node66_t2,1.0
C_timber_node4node66_t3,1.0
C_timber_node4node66_t4,1.0
C_timber_node4node66_t5,1.0
C_wide_node4node66_t0,0.0
C_wide_node4node66_t1,1.0
C_wide_node4node66_t2,1.0
C_wide_node4node66_t3,1.0
C_wide_node4node66_t4,1.0
C_wide_node4node66_t5,1.0
C_timber_node4node69_t0,0.0
C_timber_node4node69_t1,1.0
C_timber_node4node69_t2,1.0
C_timber_node4node69_t3,1.0
C_timber_node4node69_t4,1.0
C_timber_node4node69_t5,1.0
C_wide_node4node69_t0,0.0
C_wide_node4node69_t1,1.0
C_wide_node4node69_t2,1.0
C_wide_node4node69_t3,1.0
C_wide_node4node69_t4,1.0
C_wide_node4node69_t5,1.0
C_timber_node5node10_t0,0.0
C_timber_node5node10_t1,1.0
C_timber_node5node10_t2,1.0
C_timber_node5node10_t3,1.0
C_timber_node5node10_t4,1.0
C_timber_node5node10_t5,1.0
C_wide_node5node10_t0,0.0
C_wide_node5node10_t1,1.0
C_wide_node5node10_t2,1.0
C_wide_node5node10_t3,1.0
C_wide_node5node10_t4,1.0
C_wide_node5node10_t5,1.0
C_timber_node5node47_t0,0.0
C_timber_node5node47_t1,1.0
C_timber_node5node47_t2,1.0
C_timber_node5node47_t3,1.0
C_timber_node5node47_t4,1.0
C_timber_node5node47_t5,1.0
C_wide_node5node47_t0,0.0
C_wide_node5node47_t1,1.0
C_wide_node5node47_t2,1.0
C_wide_node5node47_t3,1.0
C_wide_node5node47_t4,1.0
C_wide_node5node47_t5,1.0
C_timber_node5node67_t0,0.0
C_timber_node5node67_t1,1.0
C_timber_node5node67_t2,1.0
C_timber_node5node67_t3,1.0
C_timber_node5node67_t4,1.0
C_timber_node5node67_t5,1.0
C_wide_node5node67_t0,0.0
C_wide_node5node67_t1,1.0
C_wide_node5node67_t2,1.0
C_wide_node5node67_t3,1.0
C_wide_node5node67_t4,1.0
C_wide_node5node67_t5,1.0
C_timber_node5node69_t0,0.0
C_timber_node5node69_t1,1.0
C_timber_node5node69_t2,1.0
C_timber_node5node69_t3,1.0
C_timber_node5node69_t4,1.0
C_timber_node5node69_t5,1.0
C_wide_node5node69_t0,0.0
C_wide_node5node69_t1,1.0
C_wide_node5node69_t2,1.0
C_wide_node5node69_t3,1.0
C_wide_node5node69_t4,1.0
C_wide_node5node69_t5,1.0
C_timber_node6node18_t0,0.0
C_timber_node6node18_t1,1.0
C_timber_node6node18_t2,1.0
C_timber_node6node18_t3,1.0
C_timber_node6node18_t4,1.0
C_timber_node6node18_t5,1.0
C_wide_node6node18_t0,0.0
C_wide_node6node18_t1,1.0
C_wide_node6node18_t2,1.0
C_wide_node6node18_t3,1.0
C_wide_node6node18_t4,1.0
C_wide_node6node18_t5,1.0
C_timber_node6node43_t0,0.0
C_timber_node6node43_t1,1.0
C_timber_node6node43_t2,1.0
C_timber_node6node43_t3,1.0
C_timber_node6node43_t4,1.0
C_timber_node6node43_t5,1.0
C_wide_node6node43_t0,0.0
C_wide_node6node43_t1,1.0
C_wide_node6node43_t2,1.0
C_wide_node6node43_t3,1.0
C_wide_node6node43_t4,1.0
C_wide_node6node43_t5,1.0
C_timber_node6node16_t0,0.0
C_timber_node6node16_t1,1.0
C_timber_node6node16_t2,1.0
C_timber_node6node16_t3,1.0
C_timber_node6node16_t4,1.0
C_timber_node6node16_t5,1.0
C_wide_node6node16_t0,0.0
C_wide_node6node16_t1,1.0
C_wide_node6node16_t2,1.0
C_wide_node6node16_t3,1.0
C_wide_node6node16_t4,1.0
C_wide_node6node16_t5,1.0
C_timber_node6node61_t0,0.0
C_timber_node6node61_t1,1.0
C_timber_node6node61_t2,1.0
C_timber_node6node61_t3,1.0
C_timber_node6node61_t4,1.0
C_timber_node6node61_t5,1.0
C_wide_node6node61_t0,0.0
C_wide_node6node61_t1,1.0
C_wide_node6node61_t2,1.0
C_wide_node6node61_t3,1.0
C_wide_node6node61_t4,1.0
C_wide_node6node61_t5,1.0
C_timber_node6node62_t0,0.0
C_timber_node6node62_t1,1.0
C_timber_node6node62_t2,1.0
C_timber_node6node62_t3,1.0
C_timber_node6node62_t4,1.0
C_timber_node6node62_t5,1.0
C_wide_node6node62_t0,0.0
C_wide_node6node62_t1,1.0
C_wide_node6node62_t2,1.0
C_wide_node6node62_t3,1.0
C_wide_node6node62_t4,1.0
C_wide_node6node62_t5,1.0
C_timber_node6node67_t0,0.0
C_timber_node6node67_t1,1.0
C_timber_node6node67_t2,1.0
C_timber_node6node67_t3,1.0
C_timber_node6node67_t4,1.0
C_timber_node6node67_t5,1.0
C_wide_node6node67_t0,0.0
C_wide_node6node67_t1,1.0
C_wide_node6node67_t2,1.0
C_wide_node6node67_t3,1.0
C_wide_node6node67_t4,1.0
C_wide_node6node67_t5,1.0
C_timber_node7node46_t0,0.0
C_timber_node7node46_t1,1.0
C_timber_node7node46_t2,1.0
C_timber_node7node46_t3,1.0
C_timber_node7node46_t4,1.0
C_timber_node7node46_t5,1.0
C_wide_node7node46_t0,0.0
C_wide_node7node46_t1,1.0
C_wide_node7node46_t2,1.0
C_wide_node7node46_t3,1.0
C_wide_node7node46_t4,1.0
C_wide_node7node46_t5,1.0
C_timber_node7node28_t0,0.0
C_timber_node7node28_t1,1.0
C_timber_node7node28_t2,1.0
C_timber_node7node28_t3,1.0
C_timber_node7node28_t4,1.0
C_timber_node7node28_t5,1.0
C_wide_node7node28_t0,0.0
C_wide_node7node28_t1,1.0
C_wide_node7node28_t2,1.0
C_wide_node7node28_t3,1.0
C_wide_node7node28_t4,1.0
C_wide_node7node28_t5,1.0
C_timber_node7node63_t0,0.0
C_timber_node7node63_t1,1.0
C_timber_node7node63_t2,1.0
C_timber_node7node63_t3,1.0
C_timber_node7node63_t4,1.0
C_timber_node7node63_t5,1.0
C_wide_node7node63_t0,0.0
C_wide_node7node63_t1,1.0
C_wide_node7node63_t2,1.0
C_wide_node7node63_t3,1.0
C_wide_node7node63_t4,1.0
C_wide_node7node63_t5,1.0
C_timber_node7node66_t0,0.0
C_timber_node7node66_t1,1.0
C_timber_node7node66_t2,1.0
C_timber_node7node66_t3,1.0
C_timber_node7node66_t4,1.0
C_timber_node7node66_t5,1.0
C_wide_node7node66_t0,0.0
C_wide_node7node66_t1,1.0
C_wide_node7node66_t2,1.0
C_wide_node7node66_t3,1.0
C_wide_node7node66_t4,1.0
C_wide_node7node66_t5,1.0
C_timber_node8node26_t0,0.0
C_timber_node8node26_t1,1.0
C_timber_node8node26_t2,1.0
C_timber_node8node26_t3,1.0
C_timber_node8node26_t4,1.0
C_timber_node8node26_t5,1.0
C_wide_node8node26_t0,0.0
C_wide_node8node26_t1,1.0
C_wide_node8node26_t2,1.0
C_wide_node8node26_t3,1.0
C_wide_node8node26_t4,1.0
C_wide_node8node26_t5,1.0
C_timber_node8node25_t0,0.0
C_timber_node8node25_t1,1.0
C_timber_node8node25_t2,1.0
C_timber_node8node25_t3,1.0
C_timber_node8node25_t4,1.0
C_timber_node8node25_t5,1.0
C_wide_node8node25_t0,0.0
C_wide_node8node25_t1,1.0
C_wide_node8node25_t2,1.0
C_wide_node8node25_t3,1.0
C_wide_node8node25_t4,1.0
C_wide_node8node25_t5,1.0
C_timber_node8node45_t0,0.0
C_timber_node8node45_t1,1.0
C_timber_node8node45_t2,1.0
C_timber_node8node45_t3,1.0
C_timber_node8node45_t4,1.0
C_timber_node8node45_t5,1.0
C_wide_node8node45_t0,0.0
C_wide_node8node45_t1,1.0
C_wide_node8node45_t2,1.0
C_wide_node8node45_t3,1.0
C_wide_node8node45_t4,1.0
C_wide_node8node45_t5,1.0
C_timber_node8node63_t0,0.0
C_timber_node8node63_t1,1.0
C_timber_node8node63_t2,1.0
C_timber_node8node63_t3,1.0
C_timber_node8node63_t4,1.0
C_timber_node8node63_t5,1.0
C_wide_node8node63_t0,0.0
C_wide_node8node63_t1,1.0
C_wide_node8node63_t2,1.0
C_wide_node8node63_t3,1.0
C_wide_node8node63_t4,1.0
C_wide_node8node63_t5,1.0
C_timber_node8node68_t0,0.0
C_timber_node8node68_t1,1.0
C_timber_node8node68_t2,1.0
C_timber_node8node68_t3,1.0
C_timber_node8node68_t4,1.0
C_timber_node8node68_t5,1.0
C_wide_node8node68_t0,0.0
C_wide_node8node68_t1,1.0
C_wide_node8node68_t2,1.0
C_wide_node8node68_t3,1.0
C_wide_node8node68_t4,1.0
C_wide_node8node68_t5,1.0
C_timber_node9node40_t0,0.0
C_timber_node9node40_t1,1.0
C_timber_node9node40_t2,1.0
C_timber_node9node40_t3,1.0
C_timber_node9node40_t4,1.0
C_timber_node9node40_t5,1.0
C_wide_node9node40_t0,0.0
C_wide_node9node40_t1,1.0
C_wide_node9node40_t2,1.0
C_wide_node9node40_t3,1.0
C_wide_node9node40_t4,1.0
C_wide_node9node40_t5,1.0
C_timber_node9node33_t0,0.0
C_timber_node9node33_t1,1.0
C_timber_node9node33_t2,1.0
C_timber_node9node33_t3,1.0
C_timber_node9node33_t4,1.0
C_timber_node9node33_t5,1.0
C_wide_node9node33_t0,0.0
C_wide_node9node33_t1,1.0
C_wide_node9node33_t2,1.0
C_wide_node9node33_t3,1.0
C_wide_node9node33_t4,1.0
C_wide_node9node33_t5,1.0
C_timber_node9node60_t0,0.0
C_timber_node9node60_t1,1.0
C_timber_node9node60_t2,1.0
C_timber_node9node60_t3,1.0
C_timber_node9node60_t4,1.0
C_timber_node9node60_t5,1.0
C_wide_node9node60_t0,0.0
C_wide_node9node60_t1,1.0
C_wide_node9node60_t2,1.0
C_wide_node9node60_t3,1.0
C_wide_node9node60_t4,1.0
C_wide_node9node60_t5,1.0
C_timber_node10node44_t0,0.0
C_timber_node10node44_t1,1.0
C_timber_node10node44_t2,1.0
C_timber_node10node44_t3,1.0
C_timber_node10node44_t4,1.0
C_timber_node10node44_t5,1.0
C_wide_node10node44_t0,0.0
C_wide_node10node44_t1,1.0
C_wide_node10node44_t2,1.0
C_wide_node10node44_t3,1.0
C_wide_node10node44_t4,1.0
C_wide_node10node44_t5,1.0
C_timber_node10node21_t0,0.0
C_timber_node10node21_t1,1.0
C_timber_node10node21_t2,1.0
C_timber_node10node21_t3,1.0
C_timber_node10node21_t4,1.0
C_timber_node10node21_t5,1.0
C_wide_node10node21_t0,0.0
C_wide_node10node21_t1,1.0
C_wide_node10node21_t2,1.0
C_wide_node10node21_t3,1.0
C_wide_node10node21_t4,1.0
C_wide_node10node21_t5,1.0
C_timber_node10node61_t0,0.0
C_timber_node10node61_t1,1.0
C_timber_node10node61_t2,1.0
C_timber_node10node61_t3,1.0
C_timber_node10node61_t4,1.0
C_timber_node10node61_t5,1.0
C_wide_node10node61_t0,0.0
C_wide_node10node61_t1,1.0
C_wide_node10node61_t2,1.0
C_wide_node10node61_t3,1.0
C_wide_node10node61_t4,1.0
C_wide_node10node61_t5,1.0
C_timber_node10node67_t0,0.0
C_timber_node10node67_t1,1.0
C_timber_node10node67_t2,1.0
C_timber_node10node67_t3,1.0
C_timber_node10node67_t4,1.0
C_timber_node10node67_t5,1.0
C_wide_node10node67_t0,0.0
C_wide_node10node67_t1,1.0
C_wide_node10node67_t2,1.0
C_wide_node10node67_t3,1.0
C_wide_node10node67_t4,1.0
C_wide_node10node67_t5,1.0
C_timber_node11node30_t0,0.0
C_timber_node11node30_t1,1.0
C_timber_node11node30_t2,1.0
C_timber_node11node30_t3,1.0
C_timber_node11node30_t4,1.0
C_timber_node11node30_t5,1.0
C_wide_node11node30_t0,0.0
C_wide_node11node30_t1,1.0
C_wide_node11node30_t2,1.0
C_wide_node11node30_t3,1.0
C_wide_node11node30_t4,1.0
C_wide_node11node30_t5,1.0
C_timber_node11node14_t0,0.0
C_timber_node11node14_t1,1.0
C_timber_node11node14_t2,1.0
C_timber_node11node14_t3,1.0
C_timber_node11node14_t4,1.0
C_timber_node11node14_t5,1.0
C_wide_node11node14_t0,0.0
C_wide_node11node14_t1,1.0
C_wide_node11node14_t2,1.0
C_wide_node11node14_t3,1.0
C_wide_node11node14_t4,1.0
C_wide_node11node14_t5,1.0
C_timber_node11node69_t0,0.0
C_timber_node11node69_t1,1.0
C_timber_node11node69_t2,1.0
C_timber_node11node69_t3,1.0
C_timber_node11node69_t4,1.0
C_timber_node11node69_t5,1.0
C_wide_node11node69_t0,0.0
C_wide_node11node69_t1,1.0
C_wide_node11node69_t2,1.0
C_wide_node11node69_t3,1.0
C_wide_node11node69_t4,1.0
C_wide_node11node69_t5,1.0
C_timber_node11node71_t0,0.0
C_timber_node11node71_t1,1.0
C_timber_node11node71_t2,1.0
C_timber_node11node71_t3,1.0
C_timber_node11node71_t4,1.0
C_timber_node11node71_t5,1.0
C_wide_node11node71_t0,0.0
C_wide_node11node71_t1,1.0
C_wide_node11node71_t2,1.0
C_wide_node11node71_t3,1.0
C_wide_node11node71_t4,1.0
C_wide_node11node71_t5,1.0
C_timber_node12node40_t0,0.0
C_timber_node12node40_t1,1.0
C_timber_node12node40_t2,1.0
C_timber_node12node40_t3,1.0
C_timber_node12node40_t4,1.0
C_timber_node12node40_t5,1.0
C_wide_node12node40_t0,0.0
C_wide_node12node40_t1,1.0
C_wide_node12node40_t2,1.0
C_wide_node12node40_t3,1.0
C_wide_node12node40_t4,1.0
C_wide_node12node40_t5,1.0
C_timber_node12node60_t0,0.0
C_timber_node12node60_t1,1.0
C_timber_node12node60_t2,1.0
C_timber_node12node60_t3,1.0
C_timber_node12node60_t4,1.0
C_timber_node12node60_t5,1.0
C_wide_node12node60_t0,0.0
C_wide_node12node60_t1,1.0
C_wide_node12node60_t2,1.0
C_wide_node12node60_t3,1.0
C_wide_node12node60_t4,1.0
C_wide_node12node60_t5,1.0
C_timber_node13node48_t0,0.0
C_timber_node13node48_t1,1.0
C_timber_node13node48_t2,1.0
C_timber_node13node48_t3,1.0
C_timber_node13node48_t4,1.0
C_timber_node13node48_t5,1.0
C_wide_node13node48_t0,0.0
C_wide_node13node48_t1,1.0
C_wide_node13node48_t2,1.0
C_wide_node13node48_t3,1.0
C_wide_node13node48_t4,1.0
C_wide_node13node48_t5,1.0
C_timber_node13node29_t0,0.0
C_timber_node13node29_t1,1.0
C_timber_node13node29_t2,1.0
C_timber_node13node29_t3,1.0
C_timber_node13node29_t4,1.0
C_timber_node13node29_t5,1.0
C_wide_node13node29_t0,0.0
C_wide_node13node29_t1,1.0
C_wide_node13node29_t2,1.0
C_wide_node13node29_t3,1.0
C_wide_node13node29_t4,1.0
C_wide_node13node29_t5,1.0
C_timber_node13node47_t0,0.0
C_timber_node13node47_t1,1.0
C_timber_node13node47_t2,1.0
C_timber_node13node47_t3,1.0
C_timber_node13node47_t4,1.0
C_timber_node13node47_t5,1.0
C_wide_node13node47_t0,0.0
C_wide_node13node47_t1,1.0
C_wide_node13node47_t2,1.0
C_wide_node13node47_t3,1.0
C_wide_node13node47_t4,1.0
C_wide_node13node47_t5,1.0
C_timber_node13node67_t0,0.0
C_timber_node13node67_t1,1.0
C_timber_node13node67_t2,1.0
C_timber_node13node67_t3,1.0
C_timber_node13node67_t4,1.0
C_timber_node13node67_t5,1.0
C_wide_node13node67_t0,0.0
C_wide_node13node67_t1,1.0
C_wide_node13node67_t2,1.0
C_wide_node13node67_t3,1.0
C_wide_node13node67_t4,1.0
C_wide_node13node67_t5,1.0
C_timber_node13node69_t0,0.0
C_timber_node13node69_t1,1.0
C_timber_node13node69_t2,1.0
C_timber_node13node69_t3,1.0
C_timber_node13node69_t4,1.0
C_timber_node13node69_t5,1.0
C_wide_node13node69_t0,0.0
C_wide_node13node69_t1,1.0
C_wide_node13node69_t2,1.0
C_wide_node13node69_t3,1.0
C_wide_node13node69_t4,1.0
C_wide_node13node69_t5,1.0
C_timber_node14node30_t0,0.0
C_timber_node14node30_t1,1.0
C_timber_node14node30_t2,1.0
C_timber_node14node30_t3,1.0
C_timber_node14node30_t4,1.0
C_timber_node14node30_t5,1.0
C_wide_node14node30_t0,0.0
C_wide_node14node30_t1,1.0
C_wide_node14node30_t2,1.0
C_wide_node14node30_t3,1.0
C_wide_node14node30_t4,1.0
C_wide_node14node30_t5,1.0
C_timber_node14node50_t0,0.0
C_timber_node14node50_t1,1.0
C_timber_node14node50_t2,1.0
C_timber_node14node50_t3,1.0
C_timber_node14node50_t4,1.0
C_timber_node14node50_t5,1.0
C_wide_node14node50_t0,0.0
C_wide_node14node50_t1,1.0
C_wide_node14node50_t2,1.0
C_wide_node14node50_t3,1.0
C_wide_node14node50_t4,1.0
C_wide_node14node50_t5,1.0
C_timber_node14node70_t0,0.0
C_timber_node14node70_t1,1.0
C_timber_node14node70_t2,1.0
C_timber_node14node70_t3,1.0
C_timber_node14node70_t4,1.0
C_timber_node14node70_t5,1.0
C_wide_node14node70_t0,0.0
C_wide_node14node70_t1,1.0
C_wide_node14node70_t2,1.0
C_wide_node14node70_t3,1.0
C_wide_node14node70_t4,1.0
C_wide_node14node70_t5,1.0
C_timber_node14node71_t0,0.0
C_timber_node14node71_t1,1.0
C_timber_node14node71_t2,1.0
C_timber_node14node71_t3,1.0
C_timber_node14node71_t4,1.0
C_timber_node14node71_t5,1.0
C_wide_node14node71_t0,0.0
C_wide_node14node71_t1,1.0
C_wide_node14node71_t2,1.0
C_wide_node14node71_t3,1.0
C_wide_node14node71_t4,1.0
C_wide_node14node71_t5,1.0
C_timber_node15node56_t0,0.0
C_timber_node15node56_t1,1.0
C_timber_node15node56_t2,1.0
C_timber_node15node56_t3,1.0
C_timber_node15node56_t4,1.0
C_timber_node15node56_t5,1.0
C_wide_node15node56_t0,0.0
C_wide_node15node56_t1,1.0
C_wide_node15node56_t2,1.0
C_wide_node15node56_t3,1.0
C_wide_node15node56_t4,1.0
C_wide_node15node56_t5,1.0
C_timber_node15node54_t0,0.0
C_timber_node15node54_t1,1.0
C_timber_node15node54_t2,1.0
C_timber_node15node54_t3,1.0
C_timber_node15node54_t4,1.0
C_timber_node15node54_t5,1.0
C_wide_node15node54_t0,0.0
C_wide_node15node54_t1,1.0
C_wide_node15node54_t2,1.0
C_wide_node15node54_t3,1.0
C_wide_node15node54_t4,1.0
C_wide_node15node54_t5,1.0
C_timber_node15node72_t0,0.0
C_timber_node15node72_t1,1.0
C_timber_node15node72_t2,1.0
C_timber_node15node72_t3,1.0
C_timber_node15node72_t4,1.0
C_timber_node15node72_t5,1.0
C_wide_node15node72_t0,0.0
C_wide_node15node72_t1,1.0
C_wide_node15node72_t2,1.0
C_wide_node15node72_t3,1.0
C_wide_node15node72_t4,1.0
C_wide_node15node72_t5,1.0
C_timber_node16node20_t0,0.0
C_timber_node16node20_t1,1.0
C_timber_node16node20_t2,1.0
C_timber_node16node20_t3,1.0
C_timber_node16node20_t4,1.0
C_timber_node16node20_t5,1.0
C_wide_node16node20_t0,0.0
C_wide_node16node20_t1,1.0
C_wide_node16node20_t2,1.0
C_wide_node16node20_t3,1.0
C_wide_node16node20_t4,1.0
C_wide_node16node20_t5,1.0
C_timber_node16node26_t0,0.0
C_timber_node16node26_t1,1.0
C_timber_node16node26_t2,1.0
C_timber_node16node26_t3,1.0
C_timber_node16node26_t4,1.0
C_timber_node16node26_t5,1.0
C_wide_node16node26_t0,0.0
C_wide_node16node26_t1,1.0
C_wide_node16node26_t2,1.0
C_wide_node16node26_t3,1.0
C_wide_node16node26_t4,1.0
C_wide_node16node26_t5,1.0
C_timber_node16node61_t0,0.0
C_timber_node16node61_t1,1.0
C_timber_node16node61_t2,1.0
C_timber_node16node61_t3,1.0
C_timber_node16node61_t4,1.0
C_timber_node16node61_t5,1.0
C_wide_node16node61_t0,0.0
C_wide_node16node61_t1,1.0
C_wide_node16node61_t2,1.0
C_wide_node16node61_t3,1.0
C_wide_node16node61_t4,1.0
C_wide_node16node61_t5,1.0
C_timber_node16node62_t0,0.0
C_timber_node16node62_t1,1.0
C_timber_node16node62_t2,1.0
C_timber_node16node62_t3,1.0
C_timber_node16node62_t4,1.0
C_timber_node16node62_t5,1.0
C_wide_node16node62_t0,0.0
C_wide_node16node62_t1,1.0
C_wide_node16node62_t2,1.0
C_wide_node16node62_t3,1.0
C_wide_node16node62_t4,1.0
C_wide_node16node62_t5,1.0
C_timber_node16node63_t0,0.0
C_timber_node16node63_t1,1.0
C_timber_node16node63_t2,1.0
C_timber_node16node63_t3,1.0
C_timber_node16node63_t4,1.0
C_timber_node16node63_t5,1.0
C_wide_node16node63_t0,0.0
C_wide_node16node63_t1,1.0
C_wide_node16node63_t2,1.0
C_wide_node16node63_t3,1.0
C_wide_node16node63_t4,1.0
C_wide_node16node63_t5,1.0
C_timber_node17node42_t0,0.0
C_timber_node17node42_t1,1.0
C_timber_node17node42_t2,1.0
C_timber_node17node42_t3,1.0
C_timber_node17node42_t4,1.0
C_timber_node17node42_t5,1.0
C_wide_node17node42_t0,0.0
C_wide_node17node42_t1,1.0
C_wide_node17node42_t2,1.0
C_wide_node17node42_t3,1.0
C_wide_node17node42_t4,1.0
C_wide_node17node42_t5,1.0
C_timber_node17node41_t0,0.0
C_timber_node17node41_t1,1.0
C_timber_node17node41_t2,1.0
C_timber_node17node41_t3,1.0
C_timber_node17node41_t4,1.0
C_timber_node17node41_t5,1.0
C_wide_node17node41_t0,0.0
C_wide_node17node41_t1,1.0
C_wide_node17node41_t2,1.0
C_wide_node17node41_t3,1.0
C_wide_node17node41_t4,1.0
C_wide_node17node41_t5,1.0
C_timber_node17node60_t0,0.0
C_timber_node17node60_t1,1.0
C_timber_node17node60_t2,1.0
C_timber_node17node60_t3,1.0
C_timber_node17node60_t4,1.0
C_timber_node17node60_t5,1.0
C_wide_node17node60_t0,0.0
C_wide_node17node60_t1,1.0
C_wide_node17node60_t2,1.0
C_wide_node17node60_t3,1.0
C_wide_node17node60_t4,1.0
C_wide_node17node60_t5,1.0
C_timber_node17node61_t0,0.0
C_timber_node17node61_t1,1.0
C_timber_node17node61_t2,1.0
C_timber_node17node61_t3,1.0
C_timber_node17node61_t4,1.0
C_timber_node17node61_t5,1.0
C_wide_node17node61_t0,0.0
C_wide_node17node61_t1,1.0
C_wide_node17node61_t2,1.0
C_wide_node17node61_t3,1.0
C_wide_node17node61_t4,1.0
C_wide_node17node61_t5,1.0
C_timber_node18node25_t0,0.0
C_timber_node18node25_t1,1.0
C_timber_node18node25_t2,1.0
C_timber_node18node25_t3,1.0
C_timber_node18node25_t4,1.0
C_timber_node18node25_t5,1.0
C_wide_node18node25_t0,0.0
C_wide_node18node25_t1,1.0
C_wide_node18node25_t2,1.0
C_wide_node18node25_t3,1.0
C_wide_node18node25_t4,1.0
C_wide_node18node25_t5,1.0
C_timber_node18node36_t0,0.0
C_timber_node18node36_t1,1.0
C_timber_node18node36_t2,1.0
C_timber_node18node36_t3,1.0
C_timber_node18node36_t4,1.0
C_timber_node18node36_t5,1.0
C_wide_node18node36_t0,0.0
C_wide_node18node36_t1,1.0
C_wide_node18node36_t2,1.0
C_wide_node18node36_t3,1.0
C_wide_node18node36_t4,1.0
C_wide_node18node36_t5,1.0
C_timber_node18node62_t0,0.0
C_timber_node18node62_t1,1.0
C_timber_node18node62_t2,1.0
C_timber_node18node62_t3,1.0
C_timber_node18node62_t4,1.0
C_timber_node18node62_t5,1.0
C_wide_node18node62_t0,0.0
C_wide_node18node62_t1,1.0
C_wide_node18node62_t2,1.0
C_wide_node18node62_t3,1.0
C_wide_node18node62_t4,1.0
C_wide_node18node62_t5,1.0
C_timber_node18node67_t0,0.0
C_timber_node18node67_t1,1.0
C_timber_node18node67_t2,1.0
C_timber_node18node67_t3,1.0
C_timber_node18node67_t4,1.0
C_timber_node18node67_t5,1.0
C_wide_node18node67_t0,0.0
C_wide_node18node67_t1,1.0
C_wide_node18node67_t2,1.0
C_wide_node18node67_t3,1.0
C_wide_node18node67_t4,1.0
C_wide_node18node67_t5,1.0
C_timber_node18node68_t0,0.0
C_timber_node18node68_t1,1.0
C_timber_node18node68_t2,1.0
C_timber_node18node68_t3,1.0
C_timber_node18node68_t4,1.0
C_timber_node18node68_t5,1.0
C_wide_node18node68_t0,0.0
C_wide_node18node68_t1,1.0
C_wide_node18node68_t2,1.0
C_wide_node18node68_t3,1.0
C_wide_node18node68_t4,1.0
C_wide_node18node68_t5,1.0
C_timber_node19node20_t0,0.0
C_timber_node19node20_t1,1.0
C_timber_node19node20_t2,1.0
C_timber_node19node20_t3,1.0
C_timber_node19node20_t4,1.0
C_timber_node19node20_t5,1.0
C_wide_node19node20_t0,0.0
C_wide_node19node20_t1,1.0
C_wide_node19node20_t2,1.0
C_wide_node19node20_t3,1.0
C_wide_node19node20_t4,1.0
C_wide_node19node20_t5,1.0
C_timber_node19node24_t0,0.0
C_timber_node19node24_t1,1.0
C_timber_node19node24_t2,1.0
C_timber_node19node24_t3,1.0
C_timber_node19node24_t4,1.0
C_timber_node19node24_t5,1.0
C_wide_node19node24_t0,0.0
C_wide_node19node24_t1,1.0
C_wide_node19node24_t2,1.0
C_wide_node19node24_t3,1.0
C_wide_node19node24_t4,1.0
C_wide_node19node24_t5,1.0
C_timber_node19node22_t0,0.0
C_timber_node19node22_t1,1.0
C_timber_node19node22_t2,1.0
C_timber_node19node22_t3,1.0
C_timber_node19node22_t4,1.0
C_timber_node19node22_t5,1.0
C_wide_node19node22_t0,0.0
C_wide_node19node22_t1,1.0
C_wide_node19node22_t2,1.0
C_wide_node19node22_t3,1.0
C_wide_node19node22_t4,1.0
C_wide_node19node22_t5,1.0
C_timber_node19node63_t0,0.0
C_timber_node19node63_t1,1.0
C_timber_node19node63_t2,1.0
C_timber_node19node63_t3,1.0
C_timber_node19node63_t4,1.0
C_timber_node19node63_t5,1.0
C_wide_node19node63_t0,0.0
C_wide_node19node63_t1,1.0
C_wide_node19node63_t2,1.0
C_wide_node19node63_t3,1.0
C_wide_node19node63_t4,1.0
C_wide_node19node63_t5,1.0
C_timber_node19node65_t0,0.0
C_timber_node19node65_t1,1.0
C_timber_node19node65_t2,1.0
C_timber_node19node65_t3,1.0
C_timber_node19node65_t4,1.0
C_timber_node19node65_t5,1.0
C_wide_node19node65_t0,0.0
C_wide_node19node65_t1,1.0
C_wide_node19node65_t2,1.0
C_wide_node19node65_t3,1.0
C_wide_node19node65_t4,1.0
C_wide_node19node65_t5,1.0
C_timber_node20node33_t0,0.0
C_timber_node20node33_t1,1.0
C_timber_node20node33_t2,1.0
C_timber_node20node33_t3,1.0
C_timber_node20node33_t4,1.0
C_timber_node20node33_t5,1.0
C_wide_node20node33_t0,0.0
C_wide_node20node33_t1,1.0
C_wide_node20node33_t2,1.0
C_wide_node20node33_t3,1.0
C_wide_node20node33_t4,1.0
C_wide_node20node33_t5,1.0
C_timber_node20node61_t0,0.0
C_timber_node20node61_t1,1.0
C_timber_node20node61_t2,1.0
C_timber_node20node61_t3,1.0
C_timber_node20node61_t4,1.0
C_timber_node20node61_t5,1.0
C_wide_node20node61_t0,0.0
C_wide_node20node61_t1,1.0
C_wide_node20node61_t2,1.0
C_wide_node20node61_t3,1.0
C_wide_node20node61_t4,1.0
C_wide_node20node61_t5,1.0
C_timber_node20node63_t0,0.0
C_timber_node20node63_t1,1.0
C_timber_node20node63_t2,1.0
C_timber_node20node63_t3,1.0
C_timber_node20node63_t4,1.0
C_timber_node20node63_t5,1.0
C_wide_node20node63_t0,0.0
C_wide_node20node63_t1,1.0
C_wide_node20node63_t2,1.0
C_wide_node20node63_t3,1.0
C_wide_node20node63_t4,1.0
C_wide_node20node63_t5,1.0
C_timber_node21node42_t0,0.0
C_timber_node21node42_t1,1.0
C_timber_node21node42_t2,1.0
C_timber_node21node42_t3,1.0
C_timber_node21node42_t4,1.0
C_timber_node21node42_t5,1.0
C_wide_node21node42_t0,0.0
C_wide_node21node42_t1,1.0
C_wide_node21node42_t2,1.0
C_wide_node21node42_t3,1.0
C_wide_node21node42_t4,1.0
C_wide_node21node42_t5,1.0
C_timber_node21node60_t0,0.0
C_timber_node21node60_t1,1.0
C_timber_node21node60_t2,1.0
C_timber_node21node60_t3,1.0
C_timber_node21node60_t4,1.0
C_timber_node21node60_t5,1.0
C_wide_node21node60_t0,0.0
C_wide_node21node60_t1,1.0
C_wide_node21node60_t2,1.0
C_wide_node21node60_t3,1.0
C_wide_node21node60_t4,1.0
C_wide_node21node60_t5,1.0
C_timber_node21node61_t0,0.0
C_timber_node21node61_t1,1.0
C_timber_node21node61_t2,1.0
C_timber_node21node61_t3,1.0
C_timber_node21node61_t4,1.0
C_timber_node21node61_t5,1.0
C_wide_node21node61_t0,0.0
C_wide_node21node61_t1,1.0
C_wide_node21node61_t2,1.0
C_wide_node21node61_t3,1.0
C_wide_node21node61_t4,1.0
C_wide_node21node61_t5,1.0
C_timber_node22node38_t0,0.0
C_timber_node22node38_t1,1.0
C_timber_node22node38_t2,1.0
C_timber_node22node38_t3,1.0
C_timber_node22node38_t4,1.0
C_timber_node22node38_t5,1.0
C_wide_node22node38_t0,0.0
C_wide_node22node38_t1,1.0
C_wide_node22node38_t2,1.0
C_wide_node22node38_t3,1.0
C_wide_node22node38_t4,1.0
C_wide_node22node38_t5,1.0
C_timber_node22node24_t0,0.0
C_timber_node22node24_t1,1.0
C_timber_node22node24_t2,1.0
C_timber_node22node24_t3,1.0
C_timber_node22node24_t4,1.0
C_timber_node22node24_t5,1.0
C_wide_node22node24_t0,0.0
C_wide_node22node24_t1,1.0
C_wide_node22node24_t2,1.0
C_wide_node22node24_t3,1.0
C_wide_node22node24_t4,1.0
C_wide_node22node24_t5,1.0
C_timber_node22node63_t0,0.0
C_timber_node22node63_t1,1.0
C_timber_node22node63_t2,1.0
C_timber_node22node63_t3,1.0
C_timber_node22node63_t4,1.0
C_timber_node22node63_t5,1.0
C_wide_node22node63_t0,0.0
C_wide_node22node63_t1,1.0
C_wide_node22node63_t2,1.0
C_wide_node22node63_t3,1.0
C_wide_node22node63_t4,1.0
C_wide_node22node63_t5,1.0
C_timber_node22node64_t0,0.0
C_timber_node22node64_t1,1.0
C_timber_node22node64_t2,1.0
C_timber_node22node64_t3,1.0
C_timber_node22node64_t4,1.0
C_timber_node22node64_t5,1.0
C_wide_node22node64_t0,0.0
C_wide_node22node64_t1,1.0
C_wide_node22node64_t2,1.0
C_wide_node22node64_t3,1.0
C_wide_node22node64_t4,1.0
C_wide_node22node64_t5,1.0
C_timber_node22node65_t0,0.0
C_timber_node22node65_t1,1.0
C_timber_node22node65_t2,1.0
C_timber_node22node65_t3,1.0
C_timber_node22node65_t4,1.0
C_timber_node22node65_t5,1.0
C_wide_node22node65_t0,0.0
C_wide_node22node65_t1,1.0
C_wide_node22node65_t2,1.0
C_wide_node22node65_t3,1.0
C_wide_node22node65_t4,1.0
C_wide_node22node65_t5,1.0
C_timber_node23node58_t0,0.0
C_timber_node23node58_t1,1.0
C_timber_node23node58_t2,1.0
C_timber_node23node58_t3,1.0
C_timber_node23node58_t4,1.0
C_timber_node23node58_t5,1.0
C_wide_node23node58_t0,0.0
C_wide_node23node58_t1,1.0
C_wide_node23node58_t2,1.0
C_wide_node23node58_t3,1.0
C_wide_node23node58_t4,1.0
C_wide_node23node58_t5,1.0
C_timber_node23node55_t0,0.0
C_timber_node23node55_t1,1.0
C_timber_node23node55_t2,1.0
C_timber_node23node55_t3,1.0
C_timber_node23node55_t4,1.0
C_timber_node23node55_t5,1.0
C_wide_node23node55_t0,0.0
C_wide_node23node55_t1,1.0
C_wide_node23node55_t2,1.0
C_wide_node23node55_t3,1.0
C_wide_node23node55_t4,1.0
C_wide_node23node55_t5,1.0
C_timber_node23node72_t0,0.0
C_timber_node23node72_t1,1.0
C_timber_node23node72_t2,1.0
C_timber_node23node72_t3,1.0
C_timber_node23node72_t4,1.0
C_timber_node23node72_t5,1.0
C_wide_node23node72_t0,0.0
C_wide_node23node72_t1,1.0
C_wide_node23node72_t2,1.0
C_wide_node23node72_t3,1.0
C_wide_node23node72_t4,1.0
C_wide_node23node72_t5,1.0
C_timber_node24node31_t0,0.0
C_timber_node24node31_t1,1.0
C_timber_node24node31_t2,1.0
C_timber_node24node31_t3,1.0
C_timber_node24node31_t4,1.0
C_timber_node24node31_t5,1.0
C_wide_node24node31_t0,0.0
C_wide_node24node31_t1,1.0
C_wide_node24node31_t2,1.0
C_wide_node24node31_t3,1.0
C_wide_node24node31_t4,1.0
C_wide_node24node31_t5,1.0
C_timber_node24node64_t0,0.0
C_timber_node24node64_t1,1.0
C_timber_node24node64_t2,1.0
C_timber_node24node64_t3,1.0
C_timber_node24node64_t4,1.0
C_timber_node24node64_t5,1.0
C_wide_node24node64_t0,0.0
C_wide_node24node64_t1,1.0
C_wide_node24node64_t2,1.0
C_wide_node24node64_t3,1.0
C_wide_node24node64_t4,1.0
C_wide_node24node64_t5,1.0
C_timber_node24node65_t0,0.0
C_timber_node24node65_t1,1.0
C_timber_node24node65_t2,1.0
C_timber_node24node65_t3,1.0
C_timber_node24node65_t4,1.0
C_timber_node24node65_t5,1.0
C_wide_node24node65_t0,0.0
C_wide_node24node65_t1,1.0
C_wide_node24node65_t2,1.0
C_wide_node24node65_t3,1.0
C_wide_node24node65_t4,1.0
C_wide_node24node65_t5,1.0
C_timber_node25node48_t0,0.0
C_timber_node25node48_t1,1.0
C_timber_node25node48_t2,1.0
C_timber_node25node48_t3,1.0
C_timber_node25node48_t4,1.0
C_timber_node25node48_t5,1.0
C_wide_node25node48_t0,0.0
C_wide_node25node48_t1,1.0
C_wide_node25node48_t2,1.0
C_wide_node25node48_t3,1.0
C_wide_node25node48_t4,1.0
C_wide_node25node48_t5,1.0
C_timber_node25node67_t0,0.0
C_timber_node25node67_t1,1.0
C_timber_node25node67_t2,1.0
C_timber_node25node67_t3,1.0
C_timber_node25node67_t4,1.0
C_timber_node25node67_t5,1.0
C_wide_node25node67_t0,0.0
C_wide_node25node67_t1,1.0
C_wide_node25node67_t2,1.0
C_wide_node25node67_t3,1.0
C_wide_node25node67_t4,1.0
C_wide_node25node67_t5,1.0
C_timber_node25node68_t0,0.0
C_timber_node25node68_t1,1.0
C_timber_node25node68_t2,1.0
C_timber_node25node68_t3,1.0
C_timber_node25node68_t4,1.0
C_timber_node25node68_t5,1.0
C_wide_node25node68_t0,0.0
C_wide_node25node68_t1,1.0
C_wide_node25node68_t2,1.0
C_wide_node25node68_t3,1.0
C_wide_node25node68_t4,1.0
C_wide_node25node68_t5,1.0
C_timber_node26node36_t0,0.0
C_timber_node26node36_t1,1.0
C_timber_node26node36_t2,1.0
C_timber_node26node36_t3,1.0
C_timber_node26node36_t4,1.0
C_timber_node26node36_t5,1.0
C_wide_node26node36_t0,0.0
C_wide_node26node36_t1,1.0
C_wide_node26node36_t2,1.0
C_wide_node26node36_t3,1.0
C_wide_node26node36_t4,1.0
C_wide_node26node36_t5,1.0
C_timber_node26node62_t0,0.0
C_timber_node26node62_t1,1.0
C_timber_node26node62_t2,1.0
C_timber_node26node62_t3,1.0
C_timber_node26node62_t4,1.0
C_timber_node26node62_t5,1.0
C_wide_node26node62_t0,0.0
C_wide_node26node62_t1,1.0
C_wide_node26node62_t2,1.0
C_wide_node26node62_t3,1.0
C_wide_node26node62_t4,1.0
C_wide_node26node62_t5,1.0
C_timber_node26node63_t0,0.0
C_timber_node26node63_t1,1.0
C_timber_node26node63_t2,1.0
C_timber_node26node63_t3,1.0
C_timber_node26node63_t4,1.0
C_timber_node26node63_t5,1.0
C_wide_node26node63_t0,0.0
C_wide_node26node63_t1,1.0
C_wide_node26node63_t2,1.0
C_wide_node26node63_t3,1.0
C_wide_node26node63_t4,1.0
C_wide_node26node63_t5,1.0
C_timber_node26node68_t0,0.0
C_timber_node26node68_t1,1.0
C_timber_node26node68_t2,1.0
C_timber_node26node68_t3,1.0
C_timber_node26node68_t4,1.0
C_timber_node26node68_t5,1.0
C_wide_node26node68_t0,0.0
C_wide_node26node68_t1,1.0
C_wide_node26node68_t2,1.0
C_wide_node26node68_t3,1.0
C_wide_node26node68_t4,1.0
C_wide_node26node68_t5,1.0
C_timber_node27node34_t0,0.0
C_timber_node27node34_t1,1.0
C_timber_node27node34_t2,1.0
C_timber_node27node34_t3,1.0
C_timber_node27node34_t4,1.0
C_timber_node27node34_t5,1.0
C_wide_node27node34_t0,0.0
C_wide_node27node34_t1,1.0
C_wide_node27node34_t2,1.0
C_wide_node27node34_t3,1.0
C_wide_node27node34_t4,1.0
C_wide_node27node34_t5,1.0
C_timber_node27node51_t0,0.0
C_timber_node27node51_t1,1.0
C_timber_node27node51_t2,1.0
C_timber_node27node51_t3,1.0
C_timber_node27node51_t4,1.0
C_timber_node27node51_t5,1.0
C_wide_node27node51_t0,0.0
C_wide_node27node51_t1,1.0
C_wide_node27node51_t2,1.0
C_wide_node27node51_t3,1.0
C_wide_node27node51_t4,1.0
C_wide_node27node51_t5,1.0
C_timber_node27node32_t0,0.0
C_timber_node27node32_t1,1.0
C_timber_node27node32_t2,1.0
C_timber_node27node32_t3,1.0
C_timber_node27node32_t4,1.0
C_timber_node27node32_t5,1.0
C_wide_node27node32_t0,0.0
C_wide_node27node32_t1,1.0
C_wide_node27node32_t2,1.0
C_wide_node27node32_t3,1.0
C_wide_node27node32_t4,1.0
C_wide_node27node32_t5,1.0
C_timber_node27node59_t0,0.0
C_timber_node27node59_t1,1.0
C_timber_node27node59_t2,1.0
C_timber_node27node59_t3,1.0
C_timber_node27node59_t4,1.0
C_timber_node27node59_t5,1.0
C_wide_node27node59_t0,0.0
C_wide_node27node59_t1,1.0
C_wide_node27node59_t2,1.0
C_wide_node27node59_t3,1.0
C_wide_node27node59_t4,1.0
C_wide_node27node59_t5,1.0
C_timber_node27node72_t0,0.0
C_timber_node27node72_t1,1.0
C_timber_node27node72_t2,1.0
C_timber_node27node72_t3,1.0
C_timber_node27node72_t4,1.0
C_timber_node27node72_t5,1.0
C_wide_node27node72_t0,0.0
C_wide_node27node72_t1,1.0
C_wide_node27node72_t2,1.0
C_wide_node27node72_t3,1.0
C_wide_node27node72_t4,1.0
C_wide_node27node72_t5,1.0
C_timber_node28node45_t0,0.0
C_timber_node28node45_t1,1.0
C_timber_node28node45_t2,1.0
C_timber_node28node45_t3,1.0
C_timber_node28node45_t4,1.0
C_timber_node28node45_t5,1.0
C_wide_node28node45_t0,0.0
C_wide_node28node45_t1,1.0
C_wide_node28node45_t2,1.0
C_wide_node28node45_t3,1.0
C_wide_node28node45_t4,1.0
C_wide_node28node45_t5,1.0
C_timber_node28node29_t0,0.0
C_timber_node28node29_t1,1.0
C_timber_node28node29_t2,1.0
C_timber_node28node29_t3,1.0
C_timber_node28node29_t4,1.0
C_timber_node28node29_t5,1.0
C_wide_node28node29_t0,0.0
C_wide_node28node29_t1,1.0
C_wide_node28node29_t2,1.0
C_wide_node28node29_t3,1.0
C_wide_node28node29_t4,1.0
C_wide_node28node29_t5,1.0
C_timber_node28node63_t0,0.0
C_timber_node28node63_t1,1.0
C_timber_node28node63_t2,1.0
C_timber_node28node63_t3,1.0
C_timber_node28node63_t4,1.0
C_timber_node28node63_t5,1.0
C_wide_node28node63_t0,0.0
C_wide_node28node63_t1,1.0
C_wide_node28node63_t2,1.0
C_wide_node28node63_t3,1.0
C_wide_node28node63_t4,1.0
C_wide_node28node63_t5,1.0
C_timber_node28node66_t0,0.0
C_timber_node28node66_t1,1.0
C_timber_node28node66_t2,1.0
C_timber_node28node66_t3,1.0
C_timber_node28node66_t4,1.0
C_timber_node28node66_t5,1.0
C_wide_node28node66_t0,0.0
C_wide_node28node66_t1,1.0
C_wide_node28node66_t2,1.0
C_wide_node28node66_t3,1.0
C_wide_node28node66_t4,1.0
C_wide_node28node66_t5,1.0
C_timber_node29node66_t0,0.0
C_timber_node29node66_t1,1.0
C_timber_node29node66_t2,1.0
C_timber_node29node66_t3,1.0
C_timber_node29node66_t4,1.0
C_timber_node29node66_t5,1.0
C_wide_node29node66_t0,0.0
C_wide_node29node66_t1,1.0
C_wide_node29node66_t2,1.0
C_wide_node29node66_t3,1.0
C_wide_node29node66_t4,1.0
C_wide_node29node66_t5,1.0
C_timber_node29node69_t0,0.0
C_timber_node29node69_t1,1.0
C_timber_node29node69_t2,1.0
C_timber_node29node69_t3,1.0
C_timber_node29node69_t4,1.0
C_timber_node29node69_t5,1.0
C_wide_node29node69_t0,0.0
C_wide_node29node69_t1,1.0
C_wide_node29node69_t2,1.0
C_wide_node29node69_t3,1.0
C_wide_node29node69_t4,1.0
C_wide_node29node69_t5,1.0
C_timber_node30node49_t0,0.0
C_timber_node30node49_t1,1.0
C_timber_node30node49_t2,1.0
C_timber_node30node49_t3,1.0
C_timber_node30node49_t4,1.0
C_timber_node30node49_t5,1.0
C_wide_node30node49_t0,0.0
C_wide_node30node49_t1,1.0
C_wide_node30node49_t2,1.0
C_wide_node30node49_t3,1.0
C_wide_node30node49_t4,1.0
C_wide_node30node49_t5,1.0
C_timber_node30node69_t0,0.0
C_timber_node30node69_t1,1.0
C_timber_node30node69_t2,1.0
C_timber_node30node69_t3,1.0
C_timber_node30node69_t4,1.0
C_timber_node30node69_t5,1.0
C_wide_node30node69_t0,0.0
C_wide_node30node69_t1,1.0
C_wide_node30node69_t2,1.0
C_wide_node30node69_t3,1.0
C_wide_node30node69_t4,1.0
C_wide_node30node69_t5,1.0
C_timber_node30node70_t0,0.0
C_timber_node30node70_t1,1.0
C_timber_node30node70_t2,1.0
C_timber_node30node70_t3,1.0
C_timber_node30node70_t4,1.0
C_timber_node30node70_t5,1.0
C_wide_node30node70_t0,0.0
C_wide_node30node70_t1,1.0
C_wide_node30node70_t2,1.0
C_wide_node30node70_t3,1.0
C_wide_node30node70_t4,1.0
C_wide_node30node70_t5,1.0
C_timber_node30node71_t0,0.0
C_timber_node30node71_t1,1.0
C_timber_node30node71_t2,1.0
C_timber_node30node71_t3,1.0
C_timber_node30node71_t4,1.0
C_timber_node30node71_t5,1.0
C_wide_node30node71_t0,0.0
C_wide_node30node71_t1,1.0
C_wide_node30node71_t2,1.0
C_wide_node30node71_t3,1.0
C_wide_node30node71_t4,1.0
C_wide_node30node71_t5,1.0
C_timber_node31node38_t0,0.0
C_timber_node31node38_t1,1.0
C_timber_node31node38_t2,1.0
C_timber_node31node38_t3,1.0
C_timber_node31node38_t4,1.0
C_timber_node31node38_t5,1.0
C_wide_node31node38_t0,0.0
C_wide_node31node38_t1,1.0
C_wide_node31node38_t2,1.0
C_wide_node31node38_t3,1.0
C_wide_node31node38_t4,1.0
C_wide_node31node38_t5,1.0
C_timber_node31node64_t0,0.0
C_timber_node31node64_t1,1.0
C_timber_node31node64_t2,1.0
C_timber_node31node64_t3,1.0
C_timber_node31node64_t4,1.0
C_timber_node31node64_t5,1.0
C_wide_node31node64_t0,0.0
C_wide_node31node64_t1,1.0
C_wide_node31node64_t2,1.0
C_wide_node31node64_t3,1.0
C_wide_node31node64_t4,1.0
C_wide_node31node64_t5,1.0
C_timber_node31node66_t0,0.0
C_timber_node31node66_t1,1.0
C_timber_node31node66_t2,1.0
C_timber_node31node66_t3,1.0
C_timber_node31node66_t4,1.0
C_timber_node31node66_t5,1.0
C_wide_node31node66_t0,0.0
C_wide_node31node66_t1,1.0
C_wide_node31node66_t2,1.0
C_wide_node31node66_t3,1.0
C_wide_node31node66_t4,1.0
C_wide_node31node66_t5,1.0
C_timber_node32node35_t0,0.0
C_timber_node32node35_t1,1.0
C_timber_node32node35_t2,1.0
C_timber_node32node35_t3,1.0
C_timber_node32node35_t4,1.0
C_timber_node32node35_t5,1.0
C_wide_node32node35_t0,0.0
C_wide_node32node35_t1,1.0
C_wide_node32node35_t2,1.0
C_wide_node32node35_t3,1.0
C_wide_node32node35_t4,1.0
C_wide_node32node35_t5,1.0
C_timber_node32node59_t0,0.0
C_timber_node32node59_t1,1.0
C_timber_node32node59_t2,1.0
C_timber_node32node59_t3,1.0
C_timber_node32node59_t4,1.0
C_timber_node32node59_t5,1.0
C_wide_node32node59_t0,0.0
C_wide_node32node59_t1,1.0
C_wide_node32node59_t2,1.0
C_wide_node32node59_t3,1.0
C_wide_node32node59_t4,1.0
C_wide_node32node59_t5,1.0
C_timber_node32node70_t0,0.0
C_timber_node32node70_t1,1.0
C_timber_node32node70_t2,1.0
C_timber_node32node70_t3,1.0
C_timber_node32node70_t4,1.0
C_timber_node32node70_t5,1.0
C_wide_node32node70_t0,0.0
C_wide_node32node70_t1,1.0
C_wide_node32node70_t2,1.0
C_wide_node32node70_t3,1.0
C_wide_node32node70_t4,1.0
C_wide_node32node70_t5,1.0
C_timber_node32node72_t0,0.0
C_timber_node32node72_t1,1.0
C_timber_node32node72_t2,1.0
C_timber_node32node72_t3,1.0
C_timber_node32node72_t4,1.0
C_timber_node32node72_t5,1.0
C_wide_node32node72_t0,0.0
C_wide_node32node72_t1,1.0
C_wide_node32node72_t2,1.0
C_wide_node32node72_t3,1.0
C_wide_node32node72_t4,1.0
C_wide_node32node72_t5,1.0
C_timber_node33node41_t0,0.0
C_timber_node33node41_t1,1.0
C_timber_node33node41_t2,1.0
C_timber_node33node41_t3,1.0
C_timber_node33node41_t4,1.0
C_timber_node33node41_t5,1.0
C_wide_node33node41_t0,0.0
C_wide_node33node41_t1,1.0
C_wide_node33node41_t2,1.0
C_wide_node33node41_t3,1.0
C_wide_node33node41_t4,1.0
C_wide_node33node41_t5,1.0
C_timber_node33node60_t0,0.0
C_timber_node33node60_t1,1.0
C_timber_node33node60_t2,1.0
C_timber_node33node60_t3,1.0
C_timber_node33node60_t4,1.0
C_timber_node33node60_t5,1.0
C_wide_node33node60_t0,0.0
C_wide_node33node60_t1,1.0
C_wide_node33node60_t2,1.0
C_wide_node33node60_t3,1.0
C_wide_node33node60_t4,1.0
C_wide_node33node60_t5,1.0
C_timber_node33node61_t0,0.0
C_timber_node33node61_t1,1.0
C_timber_node33node61_t2,1.0
C_timber_node33node61_t3,1.0
C_timber_node33node61_t4,1.0
C_timber_node33node61_t5,1.0
C_wide_node33node61_t0,0.0
C_wide_node33node61_t1,1.0
C_wide_node33node61_t2,1.0
C_wide_node33node61_t3,1.0
C_wide_node33node61_t4,1.0
C_wide_node33node61_t5,1.0
C_timber_node34node39_t0,0.0
C_timber_node34node39_t1,1.0
C_timber_node34node39_t2,1.0
C_timber_node34node39_t3,1.0
C_timber_node34node39_t4,1.0
C_timber_node34node39_t5,1.0
C_wide_node34node39_t0,0.0
C_wide_node34node39_t1,1.0
C_wide_node34node39_t2,1.0
C_wide_node34node39_t3,1.0
C_wide_node34node39_t4,1.0
C_wide_node34node39_t5,1.0
C_timber_node34node59_t0,0.0
C_timber_node34node59_t1,1.0
C_timber_node34node59_t2,1.0
C_timber_node34node59_t3,1.0
C_timber_node34node59_t4,1.0
C_timber_node34node59_t5,1.0
C_wide_node34node59_t0,0.0
C_wide_node34node59_t1,1.0
C_wide_node34node59_t2,1.0
C_wide_node34node59_t3,1.0
C_wide_node34node59_t4,1.0
C_wide_node34node59_t5,1.0
C_timber_node35node49_t0,0.0
C_timber_node35node49_t1,1.0
C_timber_node35node49_t2,1.0
C_timber_node35node49_t3,1.0
C_timber_node35node49_t4,1.0
C_timber_node35node49_t5,1.0
C_wide_node35node49_t0,0.0
C_wide_node35node49_t1,1.0
C_wide_node35node49_t2,1.0
C_wide_node35node49_t3,1.0
C_wide_node35node49_t4,1.0
C_wide_node35node49_t5,1.0
C_timber_node35node59_t0,0.0
C_timber_node35node59_t1,1.0
C_timber_node35node59_t2,1.0
C_timber_node35node59_t3,1.0
C_timber_node35node59_t4,1.0
C_timber_node35node59_t5,1.0
C_wide_node35node59_t0,0.0
C_wide_node35node59_t1,1.0
C_wide_node35node59_t2,1.0
C_wide_node35node59_t3,1.0
C_wide_node35node59_t4,1.0
C_wide_node35node59_t5,1.0
C_timber_node35node69_t0,0.0
C_timber_node35node69_t1,1.0
C_timber_node35node69_t2,1.0
C_timber_node35node69_t3,1.0
C_timber_node35node69_t4,1.0
C_timber_node35node69_t5,1.0
C_wide_node35node69_t0,0.0
C_wide_node35node69_t1,1.0
C_wide_node35node69_t2,1.0
C_wide_node35node69_t3,1.0
C_wide_node35node69_t4,1.0
C_wide_node35node69_t5,1.0
C_timber_node35node70_t0,0.0
C_timber_node35node70_t1,1.0
C_timber_node35node70_t2,1.0
C_timber_node35node70_t3,1.0
C_timber_node35node70_t4,1.0
C_timber_node35node70_t5,1.0
C_wide_node35node70_t0,0.0
C_wide_node35node70_t1,1.0
C_wide_node35node70_t2,1.0
C_wide_node35node70_t3,1.0
C_wide_node35node70_t4,1.0
C_wide_node35node70_t5,1.0
C_timber_node36node62_t0,0.0
C_timber_node36node62_t1,1.0
C_timber_node36node62_t2,1.0
C_timber_node36node62_t3,1.0
C_timber_node36node62_t4,1.0
C_timber_node36node62_t5,1.0
C_wide_node36node62_t0,0.0
C_wide_node36node62_t1,1.0
C_wide_node36node62_t2,1.0
C_wide_node36node62_t3,1.0
C_wide_node36node62_t4,1.0
C_wide_node36node62_t5,1.0
C_timber_node36node68_t0,0.0
C_timber_node36node68_t1,1.0
C_timber_node36node68_t2,1.0
C_timber_node36node68_t3,1.0
C_timber_node36node68_t4,1.0
C_timber_node36node68_t5,1.0
C_wide_node36node68_t0,0.0
C_wide_node36node68_t1,1.0
C_wide_node36node68_t2,1.0
C_wide_node36node68_t3,1.0
C_wide_node36node68_t4,1.0
C_wide_node36node68_t5,1.0
C_timber_node37node52_t0,0.0
C_timber_node37node52_t1,1.0
C_timber_node37node52_t2,1.0
C_timber_node37node52_t3,1.0
C_timber_node37node52_t4,1.0
C_timber_node37node52_t5,1.0
C_wide_node37node52_t0,0.0
C_wide_node37node52_t1,1.0
C_wide_node37node52_t2,1.0
C_wide_node37node52_t3,1.0
C_wide_node37node52_t4,1.0
C_wide_node37node52_t5,1.0
C_timber_node37node57_t0,0.0
C_timber_node37node57_t1,1.0
C_timber_node37node57_t2,1.0
C_timber_node37node57_t3,1.0
C_timber_node37node57_t4,1.0
C_timber_node37node57_t5,1.0
C_wide_node37node57_t0,0.0
C_wide_node37node57_t1,1.0
C_wide_node37node57_t2,1.0
C_wide_node37node57_t3,1.0
C_wide_node37node57_t4,1.0
C_wide_node37node57_t5,1.0
C_timber_node37node72_t0,0.0
C_timber_node37node72_t1,1.0
C_timber_node37node72_t2,1.0
C_timber_node37node72_t3,1.0
C_timber_node37node72_t4,1.0
C_timber_node37node72_t5,1.0
C_wide_node37node72_t0,0.0
C_wide_node37node72_t1,1.0
C_wide_node37node72_t2,1.0
C_wide_node37node72_t3,1.0
C_wide_node37node72_t4,1.0
C_wide_node37node72_t5,1.0
C_timber_node38node46_t0,0.0
C_timber_node38node46_t1,1.0
C_timber_node38node46_t2,1.0
C_timber_node38node46_t3,1.0
C_timber_node38node46_t4,1.0
C_timber_node38node46_t5,1.0
C_wide_node38node46_t0,0.0
C_wide_node38node46_t1,1.0
C_wide_node38node46_t2,1.0
C_wide_node38node46_t3,1.0
C_wide_node38node46_t4,1.0
C_wide_node38node46_t5,1.0
C_timber_node38node63_t0,0.0
C_timber_node38node63_t1,1.0
C_timber_node38node63_t2,1.0
C_timber_node38node63_t3,1.0
C_timber_node38node63_t4,1.0
C_timber_node38node63_t5,1.0
C_wide_node38node63_t0,0.0
C_wide_node38node63_t1,1.0
C_wide_node38node63_t2,1.0
C_wide_node38node63_t3,1.0
C_wide_node38node63_t4,1.0
C_wide_node38node63_t5,1.0
C_timber_node38node64_t0,0.0
C_timber_node38node64_t1,1.0
C_timber_node38node64_t2,1.0
C_timber_node38node64_t3,1.0
C_timber_node38node64_t4,1.0
C_timber_node38node64_t5,1.0
C_wide_node38node64_t0,0.0
C_wide_node38node64_t1,1.0
C_wide_node38node64_t2,1.0
C_wide_node38node64_t3,1.0
C_wide_node38node64_t4,1.0
C_wide_node38node64_t5,1.0
C_timber_node38node66_t0,0.0
C_timber_node38node66_t1,1.0
C_timber_node38node66_t2,1.0
C_timber_node38node66_t3,1.0
C_timber_node38node66_t4,1.0
C_timber_node38node66_t5,1.0
C_wide_node38node66_t0,0.0
C_wide_node38node66_t1,1.0
C_wide_node38node66_t2,1.0
C_wide_node38node66_t3,1.0
C_wide_node38node66_t4,1.0
C_wide_node38node66_t5,1.0
C_timber_node39node59_t0,0.0
C_timber_node39node59_t1,1.0
C_timber_node39node59_t2,1.0
C_timber_node39node59_t3,1.0
C_timber_node39node59_t4,1.0
C_timber_node39node59_t5,1.0
C_wide_node39node59_t0,0.0
C_wide_node39node59_t1,1.0
C_wide_node39node59_t2,1.0
C_wide_node39node59_t3,1.0
C_wide_node39node59_t4,1.0
C_wide_node39node59_t5,1.0
C_timber_node40node60_t0,0.0
C_timber_node40node60_t1,1.0
C_timber_node40node60_t2,1.0
C_timber_node40node60_t3,1.0
C_timber_node40node60_t4,1.0
C_timber_node40node60_t5,1.0
C_wide_node40node60_t0,0.0
C_wide_node40node60_t1,1.0
C_wide_node40node60_t2,1.0
C_wide_node40node60_t3,1.0
C_wide_node40node60_t4,1.0
C_wide_node40node60_t5,1.0
C_timber_node41node60_t0,0.0
C_timber_node41node60_t1,1.0
C_timber_node41node60_t2,1.0
C_timber_node41node60_t3,1.0
C_timber_node41node60_t4,1.0
C_timber_node41node60_t5,1.0
C_wide_node41node60_t0,0.0
C_wide_node41node60_t1,1.0
C_wide_node41node60_t2,1.0
C_wide_node41node60_t3,1.0
C_wide_node41node60_t4,1.0
C_wide_node41node60_t5,1.0
C_timber_node41node61_t0,0.0
C_timber_node41node61_t1,1.0
C_timber_node41node61_t2,1.0
C_timber_node41node61_t3,1.0
C_timber_node41node61_t4,1.0
C_timber_node41node61_t5,1.0
C_wide_node41node61_t0,0.0
C_wide_node41node61_t1,1.0
C_wide_node41node61_t2,1.0
C_wide_node41node61_t3,1.0
C_wide_node41node61_t4,1.0
C_wide_node41node61_t5,1.0
C_timber_node42node60_t0,0.0
C_timber_node42node60_t1,1.0
C_timber_node42node60_t2,1.0
C_timber_node42node60_t3,1.0
C_timber_node42node60_t4,1.0
C_timber_node42node60_t5,1.0
C_wide_node42node60_t0,0.0
C_wide_node42node60_t1,1.0
C_wide_node42node60_t2,1.0
C_wide_node42node60_t3,1.0
C_wide_node42node60_t4,1.0
C_wide_node42node60_t5,1.0
C_timber_node42node61_t0,0.0
C_timber_node42node61_t1,1.0
C_timber_node42node61_t2,1.0
C_timber_node42node61_t3,1.0
C_timber_node42node61_t4,1.0
C_timber_node42node61_t5,1.0
C_wide_node42node61_t0,0.0
C_wide_node42node61_t1,1.0
C_wide_node42node61_t2,1.0
C_wide_node42node61_t3,1.0
C_wide_node42node61_t4,1.0
C_wide_node42node61_t5,1.0
C_timber_node43node44_t0,0.0
C_timber_node43node44_t1,1.0
C_timber_node43node44_t2,1.0
C_timber_node43node44_t3,1.0
C_timber_node43node44_t4,1.0
C_timber_node43node44_t5,1.0
C_wide_node43node44_t0,0.0
C_wide_node43node44_t1,1.0
C_wide_node43node44_t2,1.0
C_wide_node43node44_t3,1.0
C_wide_node43node44_t4,1.0
C_wide_node43node44_t5,1.0
C_timber_node43node61_t0,0.0
C_timber_node43node61_t1,1.0
C_timber_node43node61_t2,1.0
C_timber_node43node61_t3,1.0
C_timber_node43node61_t4,1.0
C_timber_node43node61_t5,1.0
C_wide_node43node61_t0,0.0
C_wide_node43node61_t1,1.0
C_wide_node43node61_t2,1.0
C_wide_node43node61_t3,1.0
C_wide_node43node61_t4,1.0
C_wide_node43node61_t5,1.0
C_timber_node43node67_t0,0.0
C_timber_node43node67_t1,1.0
C_timber_node43node67_t2,1.0
C_timber_node43node67_t3,1.0
C_timber_node43node67_t4,1.0
C_timber_node43node67_t5,1.0
C_wide_node43node67_t0,0.0
C_wide_node43node67_t1,1.0
C_wide_node43node67_t2,1.0
C_wide_node43node67_t3,1.0
C_wide_node43node67_t4,1.0
C_wide_node43node67_t5,1.0
C_timber_node44node61_t0,0.0
C_timber_node44node61_t1,1.0
C_timber_node44node61_t2,1.0
C_timber_node44node61_t3,1.0
C_timber_node44node61_t4,1.0
C_timber_node44node61_t5,1.0
C_wide_node44node61_t0,0.0
C_wide_node44node61_t1,1.0
C_wide_node44node61_t2,1.0
C_wide_node44node61_t3,1.0
C_wide_node44node61_t4,1.0
C_wide_node44node61_t5,1.0
C_timber_node44node67_t0,0.0
C_timber_node44node67_t1,1.0
C_timber_node44node67_t2,1.0
C_timber_node44node67_t3,1.0
C_timber_node44node67_t4,1.0
C_timber_node44node67_t5,1.0
C_wide_node44node67_t0,0.0
C_wide_node44node67_t1,1.0
C_wide_node44node67_t2,1.0
C_wide_node44node67_t3,1.0
C_wide_node44node67_t4,1.0
C_wide_node44node67_t5,1.0
C_timber_node45node63_t0,0.0
C_timber_node45node63_t1,1.0
C_timber_node45node63_t2,1.0
C_timber_node45node63_t3,1.0
C_timber_node45node63_t4,1.0
C_timber_node45node63_t5,1.0
C_wide_node45node63_t0,0.0
C_wide_node45node63_t1,1.0
C_wide_node45node63_t2,1.0
C_wide_node45node63_t3,1.0
C_wide_node45node63_t4,1.0
C_wide_node45node63_t5,1.0
C_timber_node46node63_t0,0.0
C_timber_node46node63_t1,1.0
C_timber_node46node63_t2,1.0
C_timber_node46node63_t3,1.0
C_timber_node46node63_t4,1.0
C_timber_node46node63_t5,1.0
C_wide_node46node63_t0,0.0
C_wide_node46node63_t1,1.0
C_wide_node46node63_t2,1.0
C_wide_node46node63_t3,1.0
C_wide_node46node63_t4,1.0
C_wide_node46node63_t5,1.0
C_timber_node46node66_t0,0.0
C_timber_node46node66_t1,1.0
C_timber_node46node66_t2,1.0
C_timber_node46node66_t3,1.0
C_timber_node46node66_t4,1.0
C_timber_node46node66_t5,1.0
C_wide_node46node66_t0,0.0
C_wide_node46node66_t1,1.0
C_wide_node46node66_t2,1.0
C_wide_node46node66_t3,1.0
C_wide_node46node66_t4,1.0
C_wide_node46node66_t5,1.0
C_timber_node47node67_t0,0.0
C_timber_node47node67_t1,1.0
C_timber_node47node67_t2,1.0
C_timber_node47node67_t3,1.0
C_timber_node47node67_t4,1.0
C_timber_node47node67_t5,1.0
C_wide_node47node67_t0,0.0
C_wide_node47node67_t1,1.0
C_wide_node47node67_t2,1.0
C_wide_node47node67_t3,1.0
C_wide_node47node67_t4,1.0
C_wide_node47node67_t5,1.0
C_timber_node47node69_t0,0.0
C_timber_node47node69_t1,1.0
C_timber_node47node69_t2,1.0
C_timber_node47node69_t3,1.0
C_timber_node47node69_t4,1.0
C_timber_node47node69_t5,1.0
C_wide_node47node69_t0,0.0
C_wide_node47node69_t1,1.0
C_wide_node47node69_t2,1.0
C_wide_node47node69_t3,1.0
C_wide_node47node69_t4,1.0
C_wide_node47node69_t5,1.0
C_timber_node48node67_t0,0.0
C_timber_node48node67_t1,1.0
C_timber_node48node67_t2,1.0
C_timber_node48node67_t3,1.0
C_timber_node48node67_t4,1.0
C_timber_node48node67_t5,1.0
C_wide_node48node67_t0,0.0
C_wide_node48node67_t1,1.0
C_wide_node48node67_t2,1.0
C_wide_node48node67_t3,1.0
C_wide_node48node67_t4,1.0
C_wide_node48node67_t5,1.0
C_timber_node49node69_t0,0.0
C_timber_node49node69_t1,1.0
C_timber_node49node69_t2,1.0
C_timber_node49node69_t3,1.0
C_timber_node49node69_t4,1.0
C_timber_node49node69_t5,1.0
C_wide_node49node69_t0,0.0
C_wide_node49node69_t1,1.0
C_wide_node49node69_t2,1.0
C_wide_node49node69_t3,1.0
C_wide_node49node69_t4,1.0
C_wide_node49node69_t5,1.0
C_timber_node49node70_t0,0.0
C_timber_node49node70_t1,1.0
C_timber_node49node70_t2,1.0
C_timber_node49node70_t3,1.0
C_timber_node49node70_t4,1.0
C_timber_node49node70_t5,1.0
C_wide_node49node70_t0,0.0
C_wide_node49node70_t1,1.0
C_wide_node49node70_t2,1.0
C_wide_node49node70_t3,1.0
C_wide_node49node70_t4,1.0
C_wide_node49node70_t5,1.0
C_timber_node50node70_t0,0.0
C_timber_node50node70_t1,1.0
C_timber_node50node70_t2,1.0
C_timber_node50node70_t3,1.0
C_timber_node50node70_t4,1.0
C_timber_node50node70_t5,1.0
C_wide_node50node70_t0,0.0
C_wide_node50node70_t1,1.0
C_wide_node50node70_t2,1.0
C_wide_node50node70_t3,1.0
C_wide_node50node70_t4,1.0
C_wide_node50node70_t5,1.0
C_timber_node51node57_t0,0.0
C_timber_node51node57_t1,1.0
C_timber_node51node57_t2,1.0
C_timber_node51node57_t3,1.0
C_timber_node51node57_t4,1.0
C_timber_node51node57_t5,1.0
C_wide_node51node57_t0,0.0
C_wide_node51node57_t1,1.0
C_wide_node51node57_t2,1.0
C_wide_node51node57_t3,1.0
C_wide_node51node57_t4,1.0
C_wide_node51node57_t5,1.0
C_timber_node51node72_t0,0.0
C_timber_node51node72_t1,1.0
C_timber_node51node72_t2,1.0
C_timber_node51node72_t3,1.0
C_timber_node51node72_t4,1.0
C_timber_node51node72_t5,1.0
C_wide_node51node72_t0,0.0
C_wide_node51node72_t1,1.0
C_wide_node51node72_t2,1.0
C_wide_node51node72_t3,1.0
C_wide_node51node72_t4,1.0
C_wide_node51node72_t5,1.0
C_timber_node52node53_t0,0.0
C_timber_node52node53_t1,1.0
C_timber_node52node53_t2,1.0
C_timber_node52node53_t3,1.0
C_timber_node52node53_t4,1.0
C_timber_node52node53_t5,1.0
C_wide_node52node53_t0,0.0
C_wide_node52node53_t1,1.0
C_wide_node52node53_t2,1.0
C_wide_node52node53_t3,1.0
C_wide_node52node53_t4,1.0
C_wide_node52node53_t5,1.0
C_timber_node52node72_t0,0.0
C_timber_node52node72_t1,1.0
C_timber_node52node72_t2,1.0
C_timber_node52node72_t3,1.0
C_timber_node52node72_t4,1.0
C_timber_node52node72_t5,1.0
C_wide_node52node72_t0,0.0
C_wide_node52node72_t1,1.0
C_wide_node52node72_t2,1.0
C_wide_node52node72_t3,1.0
C_wide_node52node72_t4,1.0
C_wide_node52node72_t5,1.0
C_timber_node53node55_t0,0.0
C_timber_node53node55_t1,1.0
C_timber_node53node55_t2,1.0
C_timber_node53node55_t3,1.0
C_timber_node53node55_t4,1.0
C_timber_node53node55_t5,1.0
C_wide_node53node55_t0,0.0
C_wide_node53node55_t1,1.0
C_wide_node53node55_t2,1.0
C_wide_node53node55_t3,1.0
C_wide_node53node55_t4,1.0
C_wide_node53node55_t5,1.0
C_timber_node53node72_t0,0.0
C_timber_node53node72_t1,1.0
C_timber_node53node72_t2,1.0
C_timber_node53node72_t3,1.0
C_timber_node53node72_t4,1.0
C_timber_node53node72_t5,1.0
C_wide_node53node72_t0,0.0
C_wide_node53node72_t1,1.0
C_wide_node53node72_t2,1.0
C_wide_node53node72_t3,1.0
C_wide_node53node72_t4,1.0
C_wide_node53node72_t5,1.0
C_timber_node54node72_t0,0.0
C_timber_node54node72_t1,1.0
C_timber_node54node72_t2,1.0
C_timber_node54node72_t3,1.0
C_timber_node54node72_t4,1.0
C_timber_node54node72_t5,1.0
C_wide_node54node72_t0,0.0
C_wide_node54node72_t1,1.0
C_wide_node54node72_t2,1.0
C_wide_node54node72_t3,1.0
C_wide_node54node72_t4,1.0
C_wide_node54node72_t5,1.0
C_timber_node55node72_t0,0.0
C_timber_node55node72_t1,1.0
C_timber_node55node72_t2,1.0
C_timber_node55node72_t3,1.0
C_timber_node55node72_t4,1.0
C_timber_node55node72_t5,1.0
C_wide_node55node72_t0,0.0
C_wide_node55node72_t1,1.0
C_wide_node55node72_t2,1.0
C_wide_node55node72_t3,1.0
C_wide_node55node72_t4,1.0
C_wide_node55node72_t5,1.0
C_timber_node56node58_t0,0.0
C_timber_node56node58_t1,1.0
C_timber_node56node58_t2,1.0
C_timber_node56node58_t3,1.0
C_timber_node56node58_t4,1.0
C_timber_node56node58_t5,1.0
C_wide_node56node58_t0,0.0
C_wide_node56node58_t1,1.0
C_wide_node56node58_t2,1.0
C_wide_node56node58_t3,1.0
C_wide_node56node58_t4,1.0
C_wide_node56node58_t5,1.0
C_timber_node56node72_t0,0.0
C_timber_node56node72_t1,1.0
C_timber_node56node72_t2,1.0
C_timber_node56node72_t3,1.0
C_timber_node56node72_t4,1.0
C_timber_node56node72_t5,1.0
C_wide_node56node72_t0,0.0
C_wide_node56node72_t1,1.0
C_wide_node56node72_t2,1.0
C_wide_node56node72_t3,1.0
C_wide_node56node72_t4,1.0
C_wide_node56node72_t5,1.0
C_timber_node57node72_t0,0.0
C_timber_node57node72_t1,1.0
C_timber_node57node72_t2,1.0
C_timber_node57node72_t3,1.0
C_timber_node57node72_t4,1.0
C_timber_node57node72_t5,1.0
C_wide_node57node72_t0,0.0
C_wide_node57node72_t1,1.0
C_wide_node57node72_t2,1.0
C_wide_node57node72_t3,1.0
C_wide_node57node72_t4,1.0
C_wide_node57node72_t5,1.0
C_timber_node58node72_t0,0.0
C_timber_node58node72_t1,1.0
C_timber_node58node72_t2,1.0
C_timber_node58node72_t3,1.0
C_timber_node58node72_t4,1.0
C_timber_node58node72_t5,1.0
C_wide_node58node72_t0,0.0
C_wide_node58node72_t1,1.0
C_wide_node58node72_t2,1.0
C_wide_node58node72_t3,1.0
C_wide_node58node72_t4,1.0
C_wide_node58node72_t5,1.0
M_timber_node1node50_t0,0.0
M_timber_node1node50_t1,0.0
M_timber_node1node50_t2,1.0
M_timber_node1node50_t3,0.0
M_timber_node1node50_t4,0.0
M_timber_node1node50_t5,0.0
M_wide_node1node50_t0,0.0
M_wide_node1node50_t1,0.0
M_wide_node1node50_t2,0.0
M_wide_node1node50_t3,0.0
M_wide_node1node50_t4,0.0
M_wide_node1node50_t5,0.0
M_timber_node1node54_t0,0.0
M_timber_node1node54_t1,0.0
M_timber_node1node54_t2,1.0
M_timber_node1node54_t3,0.0
M_timber_node1node54_t4,0.0
M_timber_node1node54_t5,0.0
M_wide_node1node54_t0,0.0
M_wide_node1node54_t1,0.0
M_wide_node1node54_t2,0.0
M_wide_node1node54_t3,0.0
M_wide_node1node54_t4,0.0
M_wide_node1node54_t5,0.0
M_timber_node1node32_t0,0.0
M_timber_node1node32_t1,0.0
M_timber_node1node32_t2,1.0
M_timber_node1node32_t3,0.0
M_timber_node1node32_t4,0.0
M_timber_node1node32_t5,0.0
M_wide_node1node32_t0,0.0
M_wide_node1node32_t1,0.0
M_wide_node1node32_t2,0.0
M_wide_node1node32_t3,0.0
M_wide_node1node32_t4,0.0
M_wide_node1node32_t5,0.0
M_timber_node1node70_t0,0.0
M_timber_node1node70_t1,0.0
M_timber_node1node70_t2,1.0
M_timber_node1node70_t3,0.0
M_timber_node1node70_t4,0.0
M_timber_node1node70_t5,0.0
M_wide_node1node70_t0,0.0
M_wide_node1node70_t1,0.0
M_wide_node1node70_t2,0.0
M_wide_node1node70_t3,0.0
M_wide_node1node70_t4,0.0
M_wide_node1node70_t5,0.0
M_timber_node1node72_t0,0.0
M_timber_node1node72_t1,0.0
M_timber_node1node72_t2,1.0
M_timber_node1node72_t3,0.0
M_timber_node1node72_t4,0.0
M_timber_node1node72_t5,0.0
M_wide_node1node72_t0,0.0
M_wide_node1node72_t1,0.0
M_wide_node1node72_t2,0.0
M_wide_node1node72_t3,0.0
M_wide_node1node72_t4,0.0
M_wide_node1node72_t5,0.0
M_timber_node2node39_t0,0.0
M_timber_node2node39_t1,0.0
M_timber_node2node39_t2,1.0
M_timber_node2node39_t3,0.0
M_timber_node2node39_t4,0.0
M_timber_node2node39_t5,0.0
M_wide_node2node39_t0,0.0
M_wide_node2node39_t1,0.0
M_wide_node2node39_t2,0.0
M_wide_node2node39_t3,0.0
M_wide_node2node39_t4,0.0
M_wide_node2node39_t5,0.0
M_timber_node2node35_t0,0.0
M_timber_node2node35_t1,0.0
M_timber_node2node35_t2,1.0
M_timber_node2node35_t3,0.0
M_timber_node2node35_t4,0.0
M_timber_node2node35_t5,0.0
M_wide_node2node35_t0,0.0
M_wide_node2node35_t1,0.0
M_wide_node2node35_t2,0.0
M_wide_node2node35_t3,0.0
M_wide_node2node35_t4,0.0
M_wide_node2node35_t5,0.0
M_timber_node2node5_t0,0.0
M_timber_node2node5_t1,0.0
M_timber_node2node5_t2,1.0
M_timber_node2node5_t3,0.0
M_timber_node2node5_t4,0.0
M_timber_node2node5_t5,0.0
M_wide_node2node5_t0,0.0
M_wide_node2node5_t1,0.0
M_wide_node2node5_t2,0.0
M_wide_node2node5_t3,0.0
M_wide_node2node5_t4,0.0
M_wide_node2node5_t5,0.0
M_timber_node2node59_t0,0.0
M_timber_node2node59_t1,0.0
M_timber_node2node59_t2,1.0
M_timber_node2node59_t3,0.0
M_timber_node2node59_t4,0.0
M_timber_node2node59_t5,0.0
M_wide_node2node59_t0,0.0
M_wide_node2node59_t1,0.0
M_wide_node2node59_t2,0.0
M_wide_node2node59_t3,0.0
M_wide_node2node59_t4,0.0
M_wide_node2node59_t5,0.0
M_timber_node2node69_t0,0.0
M_timber_node2node69_t1,0.0
M_timber_node2node69_t2,1.0
M_timber_node2node69_t3,0.0
M_timber_node2node69_t4,0.0
M_timber_node2node69_t5,0.0
M_wide_node2node69_t0,0.0
M_wide_node2node69_t1,0.0
M_wide_node2node69_t2,0.0
M_wide_node2node69_t3,0.0
M_wide_node2node69_t4,0.0
M_wide_node2node69_t5,0.0
M_timber_node3node12_t0,0.0
M_timber_node3node12_t1,0.0
M_timber_node3node12_t2,1.0
M_timber_node3node12_t3,0.0
M_timber_node3node12_t4,0.0
M_timber_node3node12_t5,0.0
M_wide_node3node12_t0,0.0
M_wide_node3node12_t1,0.0
M_wide_node3node12_t2,0.0
M_wide_node3node12_t3,0.0
M_wide_node3node12_t4,0.0
M_wide_node3node12_t5,0.0
M_timber_node3node21_t0,0.0
M_timber_node3node21_t1,0.0
M_timber_node3node21_t2,1.0
M_timber_node3node21_t3,0.0
M_timber_node3node21_t4,0.0
M_timber_node3node21_t5,0.0
M_wide_node3node21_t0,0.0
M_wide_node3node21_t1,0.0
M_wide_node3node21_t2,0.0
M_wide_node3node21_t3,0.0
M_wide_node3node21_t4,0.0
M_wide_node3node21_t5,0.0
M_timber_node3node60_t0,0.0
M_timber_node3node60_t1,0.0
M_timber_node3node60_t2,1.0
M_timber_node3node60_t3,0.0
M_timber_node3node60_t4,0.0
M_timber_node3node60_t5,0.0
M_wide_node3node60_t0,0.0
M_wide_node3node60_t1,0.0
M_wide_node3node60_t2,0.0
M_wide_node3node60_t3,0.0
M_wide_node3node60_t4,0.0
M_wide_node3node60_t5,0.0
M_timber_node4node29_t0,0.0
M_timber_node4node29_t1,0.0
M_timber_node4node29_t2,1.0
M_timber_node4node29_t3,0.0
M_timber_node4node29_t4,0.0
M_timber_node4node29_t5,0.0
M_wide_node4node29_t0,0.0
M_wide_node4node29_t1,0.0
M_wide_node4node29_t2,0.0
M_wide_node4node29_t3,0.0
M_wide_node4node29_t4,0.0
M_wide_node4node29_t5,0.0
M_timber_node4node31_t0,0.0
M_timber_node4node31_t1,0.0
M_timber_node4node31_t2,1.0
M_timber_node4node31_t3,0.0
M_timber_node4node31_t4,0.0
M_timber_node4node31_t5,0.0
M_wide_node4node31_t0,0.0
M_wide_node4node31_t1,0.0
M_wide_node4node31_t2,0.0
M_wide_node4node31_t3,0.0
M_wide_node4node31_t4,0.0
M_wide_node4node31_t5,0.0
M_timber_node4node11_t0,0.0
M_timber_node4node11_t1,0.0
M_timber_node4node11_t2,1.0
M_timber_node4node11_t3,0.0
M_timber_node4node11_t4,0.0
M_timber_node4node11_t5,0.0
M_wide_node4node11_t0,0.0
M_wide_node4node11_t1,0.0
M_wide_node4node11_t2,0.0
M_wide_node4node11_t3,0.0
M_wide_node4node11_t4,0.0
M_wide_node4node11_t5,0.0
M_timber_node4node66_t0,0.0
M_timber_node4node66_t1,0.0
M_timber_node4node66_t2,1.0
M_timber_node4node66_t3,0.0
M_timber_node4node66_t4,0.0
M_timber_node4node66_t5,0.0
M_wide_node4node66_t0,0.0
M_wide_node4node66_t1,0.0
M_wide_node4node66_t2,0.0
M_wide_node4node66_t3,0.0
M_wide_node4node66_t4,0.0
M_wide_node4node66_t5,0.0
M_timber_node4node69_t0,0.0
M_timber_node4node69_t1,0.0
M_timber_node4node69_t2,1.0
M_timber_node4node69_t3,0.0
M_timber_node4node69_t4,0.0
M_timber_node4node69_t5,0.0
M_wide_node4node69_t0,0.0
M_wide_node4node69_t1,0.0
M_wide_node4node69_t2,0.0
M_wide_node4node69_t3,0.0
M_wide_node4node69_t4,0.0
M_wide_node4node69_t5,0.0
M_timber_node5node10_t0,0.0
M_timber_node5node10_t1,0.0
M_timber_node5node10_t2,1.0
M_timber_node5node10_t3,0.0
M_timber_node5node10_t4,0.0
M_timber_node5node10_t5,0.0
M_wide_node5node10_t0,0.0
M_wide_node5node10_t1,0.0
M_wide_node5node10_t2,0.0
M_wide_node5node10_t3,0.0
M_wide_node5node10_t4,0.0
M_wide_node5node10_t5,0.0
M_timber_node5node47_t0,0.0
M_timber_node5node47_t1,0.0
M_timber_node5node47_t2,1.0
M_timber_node5node47_t3,0.0
M_timber_node5node47_t4,0.0
M_timber_node5node47_t5,0.0
M_wide_node5node47_t0,0.0
M_wide_node5node47_t1,0.0
M_wide_node5node47_t2,0.0
M_wide_node5node47_t3,0.0
M_wide_node5node47_t4,0.0
M_wide_node5node47_t5,0.0
M_timber_node5node67_t0,0.0
M_timber_node5node67_t1,0.0
M_timber_node5node67_t2,1.0
M_timber_node5node67_t3,0.0
M_timber_node5node67_t4,0.0
M_timber_node5node67_t5,0.0
M_wide_node5node67_t0,0.0
M_wide_node5node67_t1,0.0
M_wide_node5node67_t2,0.0
M_wide_node5node67_t3,0.0
M_wide_node5node67_t4,0.0
M_wide_node5node67_t5,0.0
M_timber_node5node69_t0,0.0
M_timber_node5node69_t1,0.0
M_timber_node5node69_t2,1.0
M_timber_node5node69_t3,0.0
M_timber_node5node69_t4,0.0
M_timber_node5node69_t5,0.0
M_wide_node5node69_t0,0.0
M_wide_node5node69_t1,0.0
M_wide_node5node69_t2,0.0
M_wide_node5node69_t3,0.0
M_wide_node5node69_t4,0.0
M_wide_node5node69_t5,0.0
M_timber_node6node18_t0,0.0
M_timber_node6node18_t1,0.0
M_timber_node6node18_t2,1.0
M_timber_node6node18_t3,0.0
M_timber_node6node18_t4,0.0
M_timber_node6node18_t5,0.0
M_wide_node6node18_t0,0.0
M_wide_node6node18_t1,0.0
M_wide_node6node18_t2,0.0
M_wide_node6node18_t3,0.0
M_wide_node6node18_t4,0.0
M_wide_node6node18_t5,0.0
M_timber_node6node43_t0,0.0
M_timber_node6node43_t1,0.0
M_timber_node6node43_t2,1.0
M_timber_node6node43_t3,0.0
M_timber_node6node43_t4,0.0
M_timber_node6node43_t5,0.0
M_wide_node6node43_t0,0.0
M_wide_node6node43_t1,0.0
M_wide_node6node43_t2,0.0
M_wide_node6node43_t3,0.0
M_wide_node6node43_t4,0.0
M_wide_node6node43_t5,0.0
M_timber_node6node16_t0,0.0
M_timber_node6node16_t1,0.0
M_timber_node6node16_t2,1.0
M_timber_node6node16_t3,0.0
M_timber_node6node16_t4,0.0
M_timber_node6node16_t5,0.0
M_wide_node6node16_t0,0.0
M_wide_node6node16_t1,0.0
M_wide_node6node16_t2,0.0
M_wide_node6node16_t3,0.0
M_wide_node6node16_t4,0.0
M_wide_node6node16_t5,0.0
M_timber_node6node61_t0,0.0
M_timber_node6node61_t1,0.0
M_timber_node6node61_t2,1.0
M_timber_node6node61_t3,0.0
M_timber_node6node61_t4,0.0
M_timber_node6node61_t5,0.0
M_wide_node6node61_t0,0.0
M_wide_node6node61_t1,0.0
M_wide_node6node61_t2,0.0
M_wide_node6node61_t3,0.0
M_wide_node6node61_t4,0.0
M_wide_node6node61_t5,0.0
M_timber_node6node62_t0,0.0
M_timber_node6node62_t1,0.0
M_timber_node6node62_t2,1.0
M_timber_node6node62_t3,0.0
M_timber_node6node62_t4,0.0
M_timber_node6node62_t5,0.0
M_wide_node6node62_t0,0.0
M_wide_node6node62_t1,0.0
M_wide_node6node62_t2,0.0
M_wide_node6node62_t3,0.0
M_wide_node6node62_t4,0.0
M_wide_node6node62_t5,0.0
M_timber_node6node67_t0,0.0
M_timber_node6node67_t1,0.0
M_timber_node6node67_t2,1.0
M_timber_node6node67_t3,0.0
M_timber_node6node67_t4,0.0
M_timber_node6node67_t5,0.0
M_wide_node6node67_t0,0.0
M_wide_node6node67_t1,0.0
M_wide_node6node67_t2,0.0
M_wide_node6node67_t3,0.0
M_wide_node6node67_t4,0.0
M_wide_node6node67_t5,0.0
M_timber_node7node46_t0,0.0
M_timber_node7node46_t1,0.0
M_timber_node7node46_t2,1.0
M_timber_node7node46_t3,0.0
M_timber_node7node46_t4,0.0
M_timber_node7node46_t5,0.0
M_wide_node7node46_t0,0.0
M_wide_node7node46_t1,0.0
M_wide_node7node46_t2,0.0
M_wide_node7node46_t3,0.0
M_wide_node7node46_t4,0.0
M_wide_node7node46_t5,0.0
M_timber_node7node28_t0,0.0
M_timber_node7node28_t1,0.0
M_timber_node7node28_t2,1.0
M_timber_node7node28_t3,0.0
M_timber_node7node28_t4,0.0
M_timber_node7node28_t5,0.0
M_wide_node7node28_t0,0.0
M_wide_node7node28_t1,0.0
M_wide_node7node28_t2,0.0
M_wide_node7node28_t3,0.0
M_wide_node7node28_t4,0.0
M_wide_node7node28_t5,0.0
M_timber_node7node63_t0,0.0
M_timber_node7node63_t1,0.0
M_timber_node7node63_t2,1.0
M_timber_node7node63_t3,0.0
M_timber_node7node63_t4,0.0
M_timber_node7node63_t5,0.0
M_wide_node7node63_t0,0.0
M_wide_node7node63_t1,0.0
M_wide_node7node63_t2,0.0
M_wide_node7node63_t3,0.0
M_wide_node7node63_t4,0.0
M_wide_node7node63_t5,0.0
M_timber_node7node66_t0,0.0
M_timber_node7node66_t1,0.0
M_timber_node7node66_t2,1.0
M_timber_node7node66_t3,0.0
M_timber_node7node66_t4,0.0
M_timber_node7node66_t5,0.0
M_wide_node7node66_t0,0.0
M_wide_node7node66_t1,0.0
M_wide_node7node66_t2,0.0
M_wide_node7node66_t3,0.0
M_wide_node7node66_t4,0.0
M_wide_node7node66_t5,0.0
M_timber_node8node26_t0,0.0
M_timber_node8node26_t1,0.0
M_timber_node8node26_t2,1.0
M_timber_node8node26_t3,0.0
M_timber_node8node26_t4,0.0
M_timber_node8node26_t5,0.0
M_wide_node8node26_t0,0.0
M_wide_node8node26_t1,0.0
M_wide_node8node26_t2,0.0
M_wide_node8node26_t3,0.0
M_wide_node8node26_t4,0.0
M_wide_node8node26_t5,0.0
M_timber_node8node25_t0,0.0
M_timber_node8node25_t1,0.0
M_timber_node8node25_t2,1.0
M_timber_node8node25_t3,0.0
M_timber_node8node25_t4,0.0
M_timber_node8node25_t5,0.0
M_wide_node8node25_t0,0.0
M_wide_node8node25_t1,0.0
M_wide_node8node25_t2,0.0
M_wide_node8node25_t3,0.0
M_wide_node8node25_t4,0.0
M_wide_node8node25_t5,0.0
M_timber_node8node45_t0,0.0
M_timber_node8node45_t1,0.0
M_timber_node8node45_t2,1.0
M_timber_node8node45_t3,0.0
M_timber_node8node45_t4,0.0
M_timber_node8node45_t5,0.0
M_wide_node8node45_t0,0.0
M_wide_node8node45_t1,0.0
M_wide_node8node45_t2,0.0
M_wide_node8node45_t3,0.0
M_wide_node8node45_t4,0.0
M_wide_node8node45_t5,0.0
M_timber_node8node63_t0,0.0
M_timber_node8node63_t1,0.0
M_timber_node8node63_t2,1.0
M_timber_node8node63_t3,0.0
M_timber_node8node63_t4,0.0
M_timber_node8node63_t5,0.0
M_wide_node8node63_t0,0.0
M_wide_node8node63_t1,0.0
M_wide_node8node63_t2,0.0
M_wide_node8node63_t3,0.0
M_wide_node8node63_t4,0.0
M_wide_node8node63_t5,0.0
M_timber_node8node68_t0,0.0
M_timber_node8node68_t1,0.0
M_timber_node8node68_t2,1.0
M_timber_node8node68_t3,0.0
M_timber_node8node68_t4,0.0
M_timber_node8node68_t5,0.0
M_wide_node8node68_t0,0.0
M_wide_node8node68_t1,0.0
M_wide_node8node68_t2,0.0
M_wide_node8node68_t3,0.0
M_wide_node8node68_t4,0.0
M_wide_node8node68_t5,0.0
M_timber_node9node40_t0,0.0
M_timber_node9node40_t1,0.0
M_timber_node9node40_t2,1.0
M_timber_node9node40_t3,0.0
M_timber_node9node40_t4,0.0
M_timber_node9node40_t5,0.0
M_wide_node9node40_t0,0.0
M_wide_node9node40_t1,0.0
M_wide_node9node40_t2,0.0
M_wide_node9node40_t3,0.0
M_wide_node9node40_t4,0.0
M_wide_node9node40_t5,0.0
M_timber_node9node33_t0,0.0
M_timber_node9node33_t1,0.0
M_timber_node9node33_t2,1.0
M_timber_node9node33_t3,0.0
M_timber_node9node33_t4,0.0
M_timber_node9node33_t5,0.0
M_wide_node9node33_t0,0.0
M_wide_node9node33_t1,0.0
M_wide_node9node33_t2,0.0
M_wide_node9node33_t3,0.0
M_wide_node9node33_t4,0.0
M_wide_node9node33_t5,0.0
M_timber_node9node60_t0,0.0
M_timber_node9node60_t1,0.0
M_timber_node9node60_t2,1.0
M_timber_node9node60_t3,0.0
M_timber_node9node60_t4,0.0
M_timber_node9node60_t5,0.0
M_wide_node9node60_t0,0.0
M_wide_node9node60_t1,0.0
M_wide_node9node60_t2,0.0
M_wide_node9node60_t3,0.0
M_wide_node9node60_t4,0.0
M_wide_node9node60_t5,0.0
M_timber_node10node44_t0,0.0
M_timber_node10node44_t1,0.0
M_timber_node10node44_t2,1.0
M_timber_node10node44_t3,0.0
M_timber_node10node44_t4,0.0
M_timber_node10node44_t5,0.0
M_wide_node10node44_t0,0.0
M_wide_node10node44_t1,0.0
M_wide_node10node44_t2,0.0
M_wide_node10node44_t3,0.0
M_wide_node10node44_t4,0.0
M_wide_node10node44_t5,0.0
M_timber_node10node21_t0,0.0
M_timber_node10node21_t1,0.0
M_timber_node10node21_t2,1.0
M_timber_node10node21_t3,0.0
M_timber_node10node21_t4,0.0
M_timber_node10node21_t5,0.0
M_wide_node10node21_t0,0.0
M_wide_node10node21_t1,0.0
M_wide_node10node21_t2,0.0
M_wide_node10node21_t3,0.0
M_wide_node10node21_t4,0.0
M_wide_node10node21_t5,0.0
M_timber_node10node61_t0,0.0
M_timber_node10node61_t1,0.0
M_timber_node10node61_t2,1.0
M_timber_node10node61_t3,0.0
M_timber_node10node61_t4,0.0
M_timber_node10node61_t5,0.0
M_wide_node10node61_t0,0.0
M_wide_node10node61_t1,0.0
M_wide_node10node61_t2,0.0
M_wide_node10node61_t3,0.0
M_wide_node10node61_t4,0.0
M_wide_node10node61_t5,0.0
M_timber_node10node67_t0,0.0
M_timber_node10node67_t1,0.0
M_timber_node10node67_t2,1.0
M_timber_node10node67_t3,0.0
M_timber_node10node67_t4,0.0
M_timber_node10node67_t5,0.0
M_wide_node10node67_t0,0.0
M_wide_node10node67_t1,0.0
M_wide_node10node67_t2,0.0
M_wide_node10node67_t3,0.0
M_wide_node10node67_t4,0.0
M_wide_node10node67_t5,0.0
M_timber_node11node30_t0,0.0
M_timber_node11node30_t1,0.0
M_timber_node11node30_t2,1.0
M_timber_node11node30_t3,0.0
M_timber_node11node30_t4,0.0
M_timber_node11node30_t5,0.0
M_wide_node11node30_t0,0.0
M_wide_node11node30_t1,0.0
M_wide_node11node30_t2,0.0
M_wide_node11node30_t3,0.0
M_wide_node11node30_t4,0.0
M_wide_node11node30_t5,0.0
M_timber_node11node14_t0,0.0
M_timber_node11node14_t1,0.0
M_timber_node11node14_t2,1.0
M_timber_node11node14_t3,0.0
M_timber_node11node14_t4,0.0
M_timber_node11node14_t5,0.0
M_wide_node11node14_t0,0.0
M_wide_node11node14_t1,0.0
M_wide_node11node14_t2,0.0
M_wide_node11node14_t3,0.0
M_wide_node11node14_t4,0.0
M_wide_node11node14_t5,0.0
M_timber_node11node69_t0,0.0
M_timber_node11node69_t1,0.0
M_timber_node11node69_t2,1.0
M_timber_node11node69_t3,0.0
M_timber_node11node69_t4,0.0
M_timber_node11node69_t5,0.0
M_wide_node11node69_t0,0.0
M_wide_node11node69_t1,0.0
M_wide_node11node69_t2,0.0
M_wide_node11node69_t3,0.0
M_wide_node11node69_t4,0.0
M_wide_node11node69_t5,0.0
M_timber_node11node71_t0,0.0
M_timber_node11node71_t1,0.0
M_timber_node11node71_t2,1.0
M_timber_node11node71_t3,0.0
M_timber_node11node71_t4,0.0
M_timber_node11node71_t5,0.0
M_wide_node11node71_t0,0.0
M_wide_node11node71_t1,0.0
M_wide_node11node71_t2,0.0
M_wide_node11node71_t3,0.0
M_wide_node11node71_t4,0.0
M_wide_node11node71_t5,0.0
M_timber_node12node40_t0,0.0
M_timber_node12node40_t1,0.0
M_timber_node12node40_t2,1.0
M_timber_node12node40_t3,0.0
M_timber_node12node40_t4,0.0
M_timber_node12node40_t5,0.0
M_wide_node12node40_t0,0.0
M_wide_node12node40_t1,0.0
M_wide_node12node40_t2,0.0
M_wide_node12node40_t3,0.0
M_wide_node12node40_t4,0.0
M_wide_node12node40_t5,0.0
M_timber_node12node60_t0,0.0
M_timber_node12node60_t1,0.0
M_timber_node12node60_t2,1.0
M_timber_node12node60_t3,0.0
M_timber_node12node60_t4,0.0
M_timber_node12node60_t5,0.0
M_wide_node12node60_t0,0.0
M_wide_node12node60_t1,0.0
M_wide_node12node60_t2,0.0
M_wide_node12node60_t3,0.0
M_wide_node12node60_t4,0.0
M_wide_node12node60_t5,0.0
M_timber_node13node48_t0,0.0
M_timber_node13node48_t1,0.0
M_timber_node13node48_t2,1.0
M_timber_node13node48_t3,0.0
M_timber_node13node48_t4,0.0
M_timber_node13node48_t5,0.0
M_wide_node13node48_t0,0.0
M_wide_node13node48_t1,0.0
M_wide_node13node48_t2,0.0
M_wide_node13node48_t3,0.0
M_wide_node13node48_t4,0.0
M_wide_node13node48_t5,0.0
M_timber_node13node29_t0,0.0
M_timber_node13node29_t1,0.0
M_timber_node13node29_t2,1.0
M_timber_node13node29_t3,0.0
M_timber_node13node29_t4,0.0
M_timber_node13node29_t5,0.0
M_wide_node13node29_t0,0.0
M_wide_node13node29_t1,0.0
M_wide_node13node29_t2,0.0
M_wide_node13node29_t3,0.0
M_wide_node13node29_t4,0.0
M_wide_node13node29_t5,0.0
M_timber_node13node47_t0,0.0
M_timber_node13node47_t1,0.0
M_timber_node13node47_t2,1.0
M_timber_node13node47_t3,0.0
M_timber_node13node47_t4,0.0
M_timber_node13node47_t5,0.0
M_wide_node13node47_t0,0.0
M_wide_node13node47_t1,0.0
M_wide_node13node47_t2,0.0
M_wide_node13node47_t3,0.0
M_wide_node13node47_t4,0.0
M_wide_node13node47_t5,0.0
M_timber_node13node67_t0,0.0
M_timber_node13node67_t1,0.0
M_timber_node13node67_t2,1.0
M_timber_node13node67_t3,0.0
M_timber_node13node67_t4,0.0
M_timber_node13node67_t5,0.0
M_wide_node13node67_t0,0.0
M_wide_node13node67_t1,0.0
M_wide_node13node67_t2,0.0
M_wide_node13node67_t3,0.0
M_wide_node13node67_t4,0.0
M_wide_node13node67_t5,0.0
M_timber_node13node69_t0,0.0
M_timber_node13node69_t1,0.0
M_timber_node13node69_t2,1.0
M_timber_node13node69_t3,0.0
M_timber_node13node69_t4,0.0
M_timber_node13node69_t5,0.0
M_wide_node13node69_t0,0.0
M_wide_node13node69_t1,0.0
M_wide_node13node69_t2,0.0
M_wide_node13node69_t3,0.0
M_wide_node13node69_t4,0.0
M_wide_node13node69_t5,0.0
M_timber_node14node30_t0,0.0
M_timber_node14node30_t1,0.0
M_timber_node14node30_t2,1.0
M_timber_node14node30_t3,0.0
M_timber_node14node30_t4,0.0
M_timber_node14node30_t5,0.0
M_wide_node14node30_t0,0.0
M_wide_node14node30_t1,0.0
M_wide_node14node30_t2,0.0
M_wide_node14node30_t3,0.0
M_wide_node14node30_t4,0.0
M_wide_node14node30_t5,0.0
M_timber_node14node50_t0,0.0
M_timber_node14node50_t1,0.0
M_timber_node14node50_t2,1.0
M_timber_node14node50_t3,0.0
M_timber_node14node50_t4,0.0
M_timber_node14node50_t5,0.0
M_wide_node14node50_t0,0.0
M_wide_node14node50_t1,0.0
M_wide_node14node50_t2,0.0
M_wide_node14node50_t3,0.0
M_wide_node14node50_t4,0.0
M_wide_node14node50_t5,0.0
M_timber_node14node70_t0,0.0
M_timber_node14node70_t1,0.0
M_timber_node14node70_t2,1.0
M_timber_node14node70_t3,0.0
M_timber_node14node70_t4,0.0
M_timber_node14node70_t5,0.0
M_wide_node14node70_t0,0.0
M_wide_node14node70_t1,0.0
M_wide_node14node70_t2,0.0
M_wide_node14node70_t3,0.0
M_wide_node14node70_t4,0.0
M_wide_node14node70_t5,0.0
M_timber_node14node71_t0,0.0
M_timber_node14node71_t1,0.0
M_timber_node14node71_t2,1.0
M_timber_node14node71_t3,0.0
M_timber_node14node71_t4,0.0
M_timber_node14node71_t5,0.0
M_wide_node14node71_t0,0.0
M_wide_node14node71_t1,0.0
M_wide_node14node71_t2,0.0
M_wide_node14node71_t3,0.0
M_wide_node14node71_t4,0.0
M_wide_node14node71_t5,0.0
M_timber_node15node56_t0,0.0
M_timber_node15node56_t1,0.0
M_timber_node15node56_t2,1.0
M_timber_node15node56_t3,0.0
M_timber_node15node56_t4,0.0
M_timber_node15node56_t5,0.0
M_wide_node15node56_t0,0.0
M_wide_node15node56_t1,0.0
M_wide_node15node56_t2,0.0
M_wide_node15node56_t3,0.0
M_wide_node15node56_t4,0.0
M_wide_node15node56_t5,0.0
M_timber_node15node54_t0,0.0
M_timber_node15node54_t1,0.0
M_timber_node15node54_t2,1.0
M_timber_node15node54_t3,0.0
M_timber_node15node54_t4,0.0
M_timber_node15node54_t5,0.0
M_wide_node15node54_t0,0.0
M_wide_node15node54_t1,0.0
M_wide_node15node54_t2,0.0
M_wide_node15node54_t3,0.0
M_wide_node15node54_t4,0.0
M_wide_node15node54_t5,0.0
M_timber_node15node72_t0,0.0
M_timber_node15node72_t1,0.0
M_timber_node15node72_t2,1.0
M_timber_node15node72_t3,0.0
M_timber_node15node72_t4,0.0
M_timber_node15node72_t5,0.0
M_wide_node15node72_t0,0.0
M_wide_node15node72_t1,0.0
M_wide_node15node72_t2,0.0
M_wide_node15node72_t3,0.0
M_wide_node15node72_t4,0.0
M_wide_node15node72_t5,0.0
M_timber_node16node20_t0,0.0
M_timber_node16node20_t1,0.0
M_timber_node16node20_t2,1.0
M_timber_node16node20_t3,0.0
M_timber_node16node20_t4,0.0
M_timber_node16node20_t5,0.0
M_wide_node16node20_t0,0.0
M_wide_node16node20_t1,0.0
M_wide_node16node20_t2,0.0
M_wide_node16node20_t3,0.0
M_wide_node16node20_t4,0.0
M_wide_node16node20_t5,0.0
M_timber_node16node26_t0,0.0
M_timber_node16node26_t1,0.0
M_timber_node16node26_t2,1.0
M_timber_node16node26_t3,0.0
M_timber_node16node26_t4,0.0
M_timber_node16node26_t5,0.0
M_wide_node16node26_t0,0.0
M_wide_node16node26_t1,0.0
M_wide_node16node26_t2,0.0
M_wide_node16node26_t3,0.0
M_wide_node16node26_t4,0.0
M_wide_node16node26_t5,0.0
M_timber_node16node61_t0,0.0
M_timber_node16node61_t1,0.0
M_timber_node16node61_t2,1.0
M_timber_node16node61_t3,0.0
M_timber_node16node61_t4,0.0
M_timber_node16node61_t5,0.0
M_wide_node16node61_t0,0.0
M_wide_node16node61_t1,0.0
M_wide_node16node61_t2,0.0
M_wide_node16node61_t3,0.0
M_wide_node16node61_t4,0.0
M_wide_node16node61_t5,0.0
M_timber_node16node62_t0,0.0
M_timber_node16node62_t1,0.0
M_timber_node16node62_t2,1.0
M_timber_node16node62_t3,0.0
M_timber_node16node62_t4,0.0
M_timber_node16node62_t5,0.0
M_wide_node16node62_t0,0.0
M_wide_node16node62_t1,0.0
M_wide_node16node62_t2,0.0
M_wide_node16node62_t3,0.0
M_wide_node16node62_t4,0.0
M_wide_node16node62_t5,0.0
M_timber_node16node63_t0,0.0
M_timber_node16node63_t1,0.0
M_timber_node16node63_t2,1.0
M_timber_node16node63_t3,0.0
M_timber_node16node63_t4,0.0
M_timber_node16node63_t5,0.0
M_wide_node16node63_t0,0.0
M_wide_node16node63_t1,0.0
M_wide_node16node63_t2,0.0
M_wide_node16node63_t3,0.0
M_wide_node16node63_t4,0.0
M_wide_node16node63_t5,0.0
M_timber_node17node42_t0,0.0
M_timber_node17node42_t1,0.0
M_timber_node17node42_t2,1.0
M_timber_node17node42_t3,0.0
M_timber_node17node42_t4,0.0
M_timber_node17node42_t5,0.0
M_wide_node17node42_t0,0.0
M_wide_node17node42_t1,0.0
M_wide_node17node42_t2,0.0
M_wide_node17node42_t3,0.0
M_wide_node17node42_t4,0.0
M_wide_node17node42_t5,0.0
M_timber_node17node41_t0,0.0
M_timber_node17node41_t1,0.0
M_timber_node17node41_t2,1.0
M_timber_node17node41_t3,0.0
M_timber_node17node41_t4,0.0
M_timber_node17node41_t5,0.0
M_wide_node17node41_t0,0.0
M_wide_node17node41_t1,0.0
M_wide_node17node41_t2,0.0
M_wide_node17node41_t3,0.0
M_wide_node17node41_t4,0.0
M_wide_node17node41_t5,0.0
M_timber_node17node60_t0,0.0
M_timber_node17node60_t1,0.0
M_timber_node17node60_t2,1.0
M_timber_node17node60_t3,0.0
M_timber_node17node60_t4,0.0
M_timber_node17node60_t5,0.0
M_wide_node17node60_t0,0.0
M_wide_node17node60_t1,0.0
M_wide_node17node60_t2,0.0
M_wide_node17node60_t3,0.0
M_wide_node17node60_t4,0.0
M_wide_node17node60_t5,0.0
M_timber_node17node61_t0,0.0
M_timber_node17node61_t1,0.0
M_timber_node17node61_t2,1.0
M_timber_node17node61_t3,0.0
M_timber_node17node61_t4,0.0
M_timber_node17node61_t5,0.0
M_wide_node17node61_t0,0.0
M_wide_node17node61_t1,0.0
M_wide_node17node61_t2,0.0
M_wide_node17node61_t3,0.0
M_wide_node17node61_t4,0.0
M_wide_node17node61_t5,0.0
M_timber_node18node25_t0,0.0
M_timber_node18node25_t1,0.0
M_timber_node18node25_t2,1.0
M_timber_node18node25_t3,0.0
M_timber_node18node25_t4,0.0
M_timber_node18node25_t5,0.0
M_wide_node18node25_t0,0.0
M_wide_node18node25_t1,0.0
M_wide_node18node25_t2,0.0
M_wide_node18node25_t3,0.0
M_wide_node18node25_t4,0.0
M_wide_node18node25_t5,0.0
M_timber_node18node36_t0,0.0
M_timber_node18node36_t1,0.0
M_timber_node18node36_t2,1.0
M_timber_node18node36_t3,0.0
M_timber_node18node36_t4,0.0
M_timber_node18node36_t5,0.0
M_wide_node18node36_t0,0.0
M_wide_node18node36_t1,0.0
M_wide_node18node36_t2,0.0
M_wide_node18node36_t3,0.0
M_wide_node18node36_t4,0.0
M_wide_node18node36_t5,0.0
M_timber_node18node62_t0,0.0
M_timber_node18node62_t1,0.0
M_timber_node18node62_t2,1.0
M_timber_node18node62_t3,0.0
M_timber_node18node62_t4,0.0
M_timber_node18node62_t5,0.0
M_wide_node18node62_t0,0.0
M_wide_node18node62_t1,0.0
M_wide_node18node62_t2,0.0
M_wide_node18node62_t3,0.0
M_wide_node18node62_t4,0.0
M_wide_node18node62_t5,0.0
M_timber_node18node67_t0,0.0
M_timber_node18node67_t1,0.0
M_timber_node18node67_t2,1.0
M_timber_node18node67_t3,0.0
M_timber_node18node67_t4,0.0
M_timber_node18node67_t5,0.0
M_wide_node18node67_t0,0.0
M_wide_node18node67_t1,0.0
M_wide_node18node67_t2,0.0
M_wide_node18node67_t3,0.0
M_wide_node18node67_t4,0.0
M_wide_node18node67_t5,0.0
M_timber_node18node68_t0,0.0
M_timber_node18node68_t1,0.0
M_timber_node18node68_t2,1.0
M_timber_node18node68_t3,0.0
M_timber_node18node68_t4,0.0
M_timber_node18node68_t5,0.0
M_wide_node18node68_t0,0.0
M_wide_node18node68_t1,0.0
M_wide_node18node68_t2,0.0
M_wide_node18node68_t3,0.0
M_wide_node18node68_t4,0.0
M_wide_node18node68_t5,0.0
M_timber_node19node20_t0,0.0
M_timber_node19node20_t1,0.0
M_timber_node19node20_t2,1.0
M_timber_node19node20_t3,0.0
M_timber_node19node20_t4,0.0
M_timber_node19node20_t5,0.0
M_wide_node19node20_t0,0.0
M_wide_node19node20_t1,0.0
M_wide_node19node20_t2,0.0
M_wide_node19node20_t3,0.0
M_wide_node19node20_t4,0.0
M_wide_node19node20_t5,0.0
M_timber_node19node24_t0,0.0
M_timber_node19node24_t1,0.0
M_timber_node19node24_t2,1.0
M_timber_node19node24_t3,0.0
M_timber_node19node24_t4,0.0
M_timber_node19node24_t5,0.0
M_wide_node19node24_t0,0.0
M_wide_node19node24_t1,0.0
M_wide_node19node24_t2,0.0
M_wide_node19node24_t3,0.0
M_wide_node19node24_t4,0.0
M_wide_node19node24_t5,0.0
M_timber_node19node22_t0,0.0
M_timber_node19node22_t1,0.0
M_timber_node19node22_t2,1.0
M_timber_node19node22_t3,0.0
M_timber_node19node22_t4,0.0
M_timber_node19node22_t5,0.0
M_wide_node19node22_t0,0.0
M_wide_node19node22_t1,0.0
M_wide_node19node22_t2,0.0
M_wide_node19node22_t3,0.0
M_wide_node19node22_t4,0.0
M_wide_node19node22_t5,0.0
M_timber_node19node63_t0,0.0
M_timber_node19node63_t1,0.0
M_timber_node19node63_t2,1.0
M_timber_node19node63_t3,0.0
M_timber_node19node63_t4,0.0
M_timber_node19node63_t5,0.0
M_wide_node19node63_t0,0.0
M_wide_node19node63_t1,0.0
M_wide_node19node63_t2,0.0
M_wide_node19node63_t3,0.0
M_wide_node19node63_t4,0.0
M_wide_node19node63_t5,0.0
M_timber_node19node65_t0,0.0
M_timber_node19node65_t1,0.0
M_timber_node19node65_t2,1.0
M_timber_node19node65_t3,0.0
M_timber_node19node65_t4,0.0
M_timber_node19node65_t5,0.0
M_wide_node19node65_t0,0.0
M_wide_node19node65_t1,0.0
M_wide_node19node65_t2,0.0
M_wide_node19node65_t3,0.0
M_wide_node19node65_t4,0.0
M_wide_node19node65_t5,0.0
M_timber_node20node33_t0,0.0
M_timber_node20node33_t1,0.0
M_timber_node20node33_t2,1.0
M_timber_node20node33_t3,0.0
M_timber_node20node33_t4,0.0
M_timber_node20node33_t5,0.0
M_wide_node20node33_t0,0.0
M_wide_node20node33_t1,0.0
M_wide_node20node33_t2,0.0
M_wide_node20node33_t3,0.0
M_wide_node20node33_t4,0.0
M_wide_node20node33_t5,0.0
M_timber_node20node61_t0,0.0
M_timber_node20node61_t1,0.0
M_timber_node20node61_t2,1.0
M_timber_node20node61_t3,0.0
M_timber_node20node61_t4,0.0
M_timber_node20node61_t5,0.0
M_wide_node20node61_t0,0.0
M_wide_node20node61_t1,0.0
M_wide_node20node61_t2,0.0
M_wide_node20node61_t3,0.0
M_wide_node20node61_t4,0.0
M_wide_node20node61_t5,0.0
M_timber_node20node63_t0,0.0
M_timber_node20node63_t1,0.0
M_timber_node20node63_t2,1.0
M_timber_node20node63_t3,0.0
M_timber_node20node63_t4,0.0
M_timber_node20node63_t5,0.0
M_wide_node20node63_t0,0.0
M_wide_node20node63_t1,0.0
M_wide_node20node63_t2,0.0
M_wide_node20node63_t3,0.0
M_wide_node20node63_t4,0.0
M_wide_node20node63_t5,0.0
M_timber_node21node42_t0,0.0
M_timber_node21node42_t1,0.0
M_timber_node21node42_t2,1.0
M_timber_node21node42_t3,0.0
M_timber_node21node42_t4,0.0
M_timber_node21node42_t5,0.0
M_wide_node21node42_t0,0.0
M_wide_node21node42_t1,0.0
M_wide_node21node42_t2,0.0
M_wide_node21node42_t3,0.0
M_wide_node21node42_t4,0.0
M_wide_node21node42_t5,0.0
M_timber_node21node60_t0,0.0
M_timber_node21node60_t1,0.0
M_timber_node21node60_t2,1.0
M_timber_node21node60_t3,0.0
M_timber_node21node60_t4,0.0
M_timber_node21node60_t5,0.0
M_wide_node21node60_t0,0.0
M_wide_node21node60_t1,0.0
M_wide_node21node60_t2,0.0
M_wide_node21node60_t3,0.0
M_wide_node21node60_t4,0.0
M_wide_node21node60_t5,0.0
M_timber_node21node61_t0,0.0
M_timber_node21node61_t1,0.0
M_timber_node21node61_t2,1.0
M_timber_node21node61_t3,0.0
M_timber_node21node61_t4,0.0
M_timber_node21node61_t5,0.0
M_wide_node21node61_t0,0.0
M_wide_node21node61_t1,0.0
M_wide_node21node61_t2,0.0
M_wide_node21node61_t3,0.0
M_wide_node21node61_t4,0.0
M_wide_node21node61_t5,0.0
M_timber_node22node38_t0,0.0
M_timber_node22node38_t1,0.0
M_timber_node22node38_t2,1.0
M_timber_node22node38_t3,0.0
M_timber_node22node38_t4,0.0
M_timber_node22node38_t5,0.0
M_wide_node22node38_t0,0.0
M_wide_node22node38_t1,0.0
M_wide_node22node38_t2,0.0
M_wide_node22node38_t3,0.0
M_wide_node22node38_t4,0.0
M_wide_node22node38_t5,0.0
M_timber_node22node24_t0,0.0
M_timber_node22node24_t1,0.0
M_timber_node22node24_t2,1.0
M_timber_node22node24_t3,0.0
M_timber_node22node24_t4,0.0
M_timber_node22node24_t5,0.0
M_wide_node22node24_t0,0.0
M_wide_node22node24_t1,0.0
M_wide_node22node24_t2,0.0
M_wide_node22node24_t3,0.0
M_wide_node22node24_t4,0.0
M_wide_node22node24_t5,0.0
M_timber_node22node63_t0,0.0
M_timber_node22node63_t1,0.0
M_timber_node22node63_t2,1.0
M_timber_node22node63_t3,0.0
M_timber_node22node63_t4,0.0
M_timber_node22node63_t5,0.0
M_wide_node22node63_t0,0.0
M_wide_node22node63_t1,0.0
M_wide_node22node63_t2,0.0
M_wide_node22node63_t3,0.0
M_wide_node22node63_t4,0.0
M_wide_node22node63_t5,0.0
M_timber_node22node64_t0,0.0
M_timber_node22node64_t1,0.0
M_timber_node22node64_t2,1.0
M_timber_node22node64_t3,0.0
M_timber_node22node64_t4,0.0
M_timber_node22node64_t5,0.0
M_wide_node22node64_t0,0.0
M_wide_node22node64_t1,0.0
M_wide_node22node64_t2,0.0
M_wide_node22node64_t3,0.0
M_wide_node22node64_t4,0.0
M_wide_node22node64_t5,0.0
M_timber_node22node65_t0,0.0
M_timber_node22node65_t1,0.0
M_timber_node22node65_t2,1.0
M_timber_node22node65_t3,0.0
M_timber_node22node65_t4,0.0
M_timber_node22node65_t5,0.0
M_wide_node22node65_t0,0.0
M_wide_node22node65_t1,0.0
M_wide_node22node65_t2,0.0
M_wide_node22node65_t3,0.0
M_wide_node22node65_t4,0.0
M_wide_node22node65_t5,0.0
M_timber_node23node58_t0,0.0
M_timber_node23node58_t1,0.0
M_timber_node23node58_t2,1.0
M_timber_node23node58_t3,0.0
M_timber_node23node58_t4,0.0
M_timber_node23node58_t5,0.0
M_wide_node23node58_t0,0.0
M_wide_node23node58_t1,0.0
M_wide_node23node58_t2,0.0
M_wide_node23node58_t3,0.0
M_wide_node23node58_t4,0.0
M_wide_node23node58_t5,0.0
M_timber_node23node55_t0,0.0
M_timber_node23node55_t1,0.0
M_timber_node23node55_t2,1.0
M_timber_node23node55_t3,0.0
M_timber_node23node55_t4,0.0
M_timber_node23node55_t5,0.0
M_wide_node23node55_t0,0.0
M_wide_node23node55_t1,0.0
M_wide_node23node55_t2,0.0
M_wide_node23node55_t3,0.0
M_wide_node23node55_t4,0.0
M_wide_node23node55_t5,0.0
M_timber_node23node72_t0,0.0
M_timber_node23node72_t1,0.0
M_timber_node23node72_t2,1.0
M_timber_node23node72_t3,0.0
M_timber_node23node72_t4,0.0
M_timber_node23node72_t5,0.0
M_wide_node23node72_t0,0.0
M_wide_node23node72_t1,0.0
M_wide_node23node72_t2,0.0
M_wide_node23node72_t3,0.0
M_wide_node23node72_t4,0.0
M_wide_node23node72_t5,0.0
M_timber_node24node31_t0,0.0
M_timber_node24node31_t1,0.0
M_timber_node24node31_t2,1.0
M_timber_node24node31_t3,0.0
M_timber_node24node31_t4,0.0
M_timber_node24node31_t5,0.0
M_wide_node24node31_t0,0.0
M_wide_node24node31_t1,0.0
M_wide_node24node31_t2,0.0
M_wide_node24node31_t3,0.0
M_wide_node24node31_t4,0.0
M_wide_node24node31_t5,0.0
M_timber_node24node64_t0,0.0
M_timber_node24node64_t1,0.0
M_timber_node24node64_t2,1.0
M_timber_node24node64_t3,0.0
M_timber_node24node64_t4,0.0
M_timber_node24node64_t5,0.0
M_wide_node24node64_t0,0.0
M_wide_node24node64_t1,0.0
M_wide_node24node64_t2,0.0
M_wide_node24node64_t3,0.0
M_wide_node24node64_t4,0.0
M_wide_node24node64_t5,0.0
M_timber_node24node65_t0,0.0
M_timber_node24node65_t1,0.0
M_timber_node24node65_t2,1.0
M_timber_node24node65_t3,0.0
M_timber_node24node65_t4,0.0
M_timber_node24node65_t5,0.0
M_wide_node24node65_t0,0.0
M_wide_node24node65_t1,0.0
M_wide_node24node65_t2,0.0
M_wide_node24node65_t3,0.0
M_wide_node24node65_t4,0.0
M_wide_node24node65_t5,0.0
M_timber_node25node48_t0,0.0
M_timber_node25node48_t1,0.0
M_timber_node25node48_t2,1.0
M_timber_node25node48_t3,0.0
M_timber_node25node48_t4,0.0
M_timber_node25node48_t5,0.0
M_wide_node25node48_t0,0.0
M_wide_node25node48_t1,0.0
M_wide_node25node48_t2,0.0
M_wide_node25node48_t3,0.0
M_wide_node25node48_t4,0.0
M_wide_node25node48_t5,0.0
M_timber_node25node67_t0,0.0
M_timber_node25node67_t1,0.0
M_timber_node25node67_t2,1.0
M_timber_node25node67_t3,0.0
M_timber_node25node67_t4,0.0
M_timber_node25node67_t5,0.0
M_wide_node25node67_t0,0.0
M_wide_node25node67_t1,0.0
M_wide_node25node67_t2,0.0
M_wide_node25node67_t3,0.0
M_wide_node25node67_t4,0.0
M_wide_node25node67_t5,0.0
M_timber_node25node68_t0,0.0
M_timber_node25node68_t1,0.0
M_timber_node25node68_t2,1.0
M_timber_node25node68_t3,0.0
M_timber_node25node68_t4,0.0
M_timber_node25node68_t5,0.0
M_wide_node25node68_t0,0.0
M_wide_node25node68_t1,0.0
M_wide_node25node68_t2,0.0
M_wide_node25node68_t3,0.0
M_wide_node25node68_t4,0.0
M_wide_node25node68_t5,0.0
M_timber_node26node36_t0,0.0
M_timber_node26node36_t1,0.0
M_timber_node26node36_t2,1.0
M_timber_node26node36_t3,0.0
M_timber_node26node36_t4,0.0
M_timber_node26node36_t5,0.0
M_wide_node26node36_t0,0.0
M_wide_node26node36_t1,0.0
M_wide_node26node36_t2,0.0
M_wide_node26node36_t3,0.0
M_wide_node26node36_t4,0.0
M_wide_node26node36_t5,0.0
M_timber_node26node62_t0,0.0
M_timber_node26node62_t1,0.0
M_timber_node26node62_t2,1.0
M_timber_node26node62_t3,0.0
M_timber_node26node62_t4,0.0
M_timber_node26node62_t5,0.0
M_wide_node26node62_t0,0.0
M_wide_node26node62_t1,0.0
M_wide_node26node62_t2,0.0
M_wide_node26node62_t3,0.0
M_wide_node26node62_t4,0.0
M_wide_node26node62_t5,0.0
M_timber_node26node63_t0,0.0
M_timber_node26node63_t1,0.0
M_timber_node26node63_t2,1.0
M_timber_node26node63_t3,0.0
M_timber_node26node63_t4,0.0
M_timber_node26node63_t5,0.0
M_wide_node26node63_t0,0.0
M_wide_node26node63_t1,0.0
M_wide_node26node63_t2,0.0
M_wide_node26node63_t3,0.0
M_wide_node26node63_t4,0.0
M_wide_node26node63_t5,0.0
M_timber_node26node68_t0,0.0
M_timber_node26node68_t1,0.0
M_timber_node26node68_t2,1.0
M_timber_node26node68_t3,0.0
M_timber_node26node68_t4,0.0
M_timber_node26node68_t5,0.0
M_wide_node26node68_t0,0.0
M_wide_node26node68_t1,0.0
M_wide_node26node68_t2,0.0
M_wide_node26node68_t3,0.0
M_wide_node26node68_t4,0.0
M_wide_node26node68_t5,0.0
M_timber_node27node34_t0,0.0
M_timber_node27node34_t1,0.0
M_timber_node27node34_t2,1.0
M_timber_node27node34_t3,0.0
M_timber_node27node34_t4,0.0
M_timber_node27node34_t5,0.0
M_wide_node27node34_t0,0.0
M_wide_node27node34_t1,0.0
M_wide_node27node34_t2,0.0
M_wide_node27node34_t3,0.0
M_wide_node27node34_t4,0.0
M_wide_node27node34_t5,0.0
M_timber_node27node51_t0,0.0
M_timber_node27node51_t1,0.0
M_timber_node27node51_t2,1.0
M_timber_node27node51_t3,0.0
M_timber_node27node51_t4,0.0
M_timber_node27node51_t5,0.0
M_wide_node27node51_t0,0.0
M_wide_node27node51_t1,0.0
M_wide_node27node51_t2,0.0
M_wide_node27node51_t3,0.0
M_wide_node27node51_t4,0.0
M_wide_node27node51_t5,0.0
M_timber_node27node32_t0,0.0
M_timber_node27node32_t1,0.0
M_timber_node27node32_t2,1.0
M_timber_node27node32_t3,0.0
M_timber_node27node32_t4,0.0
M_timber_node27node32_t5,0.0
M_wide_node27node32_t0,0.0
M_wide_node27node32_t1,0.0
M_wide_node27node32_t2,0.0
M_wide_node27node32_t3,0.0
M_wide_node27node32_t4,0.0
M_wide_node27node32_t5,0.0
M_timber_node27node59_t0,0.0
M_timber_node27node59_t1,0.0
M_timber_node27node59_t2,1.0
M_timber_node27node59_t3,0.0
M_timber_node27node59_t4,0.0
M_timber_node27node59_t5,0.0
M_wide_node27node59_t0,0.0
M_wide_node27node59_t1,0.0
M_wide_node27node59_t2,0.0
M_wide_node27node59_t3,0.0
M_wide_node27node59_t4,0.0
M_wide_node27node59_t5,0.0
M_timber_node27node72_t0,0.0
M_timber_node27node72_t1,0.0
M_timber_node27node72_t2,1.0
M_timber_node27node72_t3,0.0
M_timber_node27node72_t4,0.0
M_timber_node27node72_t5,0.0
M_wide_node27node72_t0,0.0
M_wide_node27node72_t1,0.0
M_wide_node27node72_t2,0.0
M_wide_node27node72_t3,0.0
M_wide_node27node72_t4,0.0
M_wide_node27node72_t5,0.0
M_timber_node28node45_t0,0.0
M_timber_node28node45_t1,0.0
M_timber_node28node45_t2,1.0
M_timber_node28node45_t3,0.0
M_timber_node28node45_t4,0.0
M_timber_node28node45_t5,0.0
M_wide_node28node45_t0,0.0
M_wide_node28node45_t1,0.0
M_wide_node28node45_t2,0.0
M_wide_node28node45_t3,0.0
M_wide_node28node45_t4,0.0
M_wide_node28node45_t5,0.0
M_timber_node28node29_t0,0.0
M_timber_node28node29_t1,0.0
M_timber_node28node29_t2,1.0
M_timber_node28node29_t3,0.0
M_timber_node28node29_t4,0.0
M_timber_node28node29_t5,0.0
M_wide_node28node29_t0,0.0
M_wide_node28node29_t1,0.0
M_wide_node28node29_t2,0.0
M_wide_node28node29_t3,0.0
M_wide_node28node29_t4,0.0
M_wide_node28node29_t5,0.0
M_timber_node28node63_t0,0.0
M_timber_node28node63_t1,0.0
M_timber_node28node63_t2,1.0
M_timber_node28node63_t3,0.0
M_timber_node28node63_t4,0.0
M_timber_node28node63_t5,0.0
M_wide_node28node63_t0,0.0
M_wide_node28node63_t1,0.0
M_wide_node28node63_t2,0.0
M_wide_node28node63_t3,0.0
M_wide_node28node63_t4,0.0
M_wide_node28node63_t5,0.0
M_timber_node28node66_t0,0.0
M_timber_node28node66_t1,0.0
M_timber_node28node66_t2,1.0
M_timber_node28node66_t3,0.0
M_timber_node28node66_t4,0.0
M_timber_node28node66_t5,0.0
M_wide_node28node66_t0,0.0
M_wide_node28node66_t1,0.0
M_wide_node28node66_t2,0.0
M_wide_node28node66_t3,0.0
M_wide_node28node66_t4,0.0
M_wide_node28node66_t5,0.0
M_timber_node29node66_t0,0.0
M_timber_node29node66_t1,0.0
M_timber_node29node66_t2,1.0
M_timber_node29node66_t3,0.0
M_timber_node29node66_t4,0.0
M_timber_node29node66_t5,0.0
M_wide_node29node66_t0,0.0
M_wide_node29node66_t1,0.0
M_wide_node29node66_t2,0.0
M_wide_node29node66_t3,0.0
M_wide_node29node66_t4,0.0
M_wide_node29node66_t5,0.0
M_timber_node29node69_t0,0.0
M_timber_node29node69_t1,0.0
M_timber_node29node69_t2,1.0
M_timber_node29node69_t3,0.0
M_timber_node29node69_t4,0.0
M_timber_node29node69_t5,0.0
M_wide_node29node69_t0,0.0
M_wide_node29node69_t1,0.0
M_wide_node29node69_t2,0.0
M_wide_node29node69_t3,0.0
M_wide_node29node69_t4,0.0
M_wide_node29node69_t5,0.0
M_timber_node30node49_t0,0.0
M_timber_node30node49_t1,0.0
M_timber_node30node49_t2,1.0
M_timber_node30node49_t3,0.0
M_timber_node30node49_t4,0.0
M_timber_node30node49_t5,0.0
M_wide_node30node49_t0,0.0
M_wide_node30node49_t1,0.0
M_wide_node30node49_t2,0.0
M_wide_node30node49_t3,0.0
M_wide_node30node49_t4,0.0
M_wide_node30node49_t5,0.0
M_timber_node30node69_t0,0.0
M_timber_node30node69_t1,0.0
M_timber_node30node69_t2,1.0
M_timber_node30node69_t3,0.0
M_timber_node30node69_t4,0.0
M_timber_node30node69_t5,0.0
M_wide_node30node69_t0,0.0
M_wide_node30node69_t1,0.0
M_wide_node30node69_t2,0.0
M_wide_node30node69_t3,0.0
M_wide_node30node69_t4,0.0
M_wide_node30node69_t5,0.0
M_timber_node30node70_t0,0.0
M_timber_node30node70_t1,0.0
M_timber_node30node70_t2,1.0
M_timber_node30node70_t3,0.0
M_timber_node30node70_t4,0.0
M_timber_node30node70_t5,0.0
M_wide_node30node70_t0,0.0
M_wide_node30node70_t1,0.0
M_wide_node30node70_t2,0.0
M_wide_node30node70_t3,0.0
M_wide_node30node70_t4,0.0
M_wide_node30node70_t5,0.0
M_timber_node30node71_t0,0.0
M_timber_node30node71_t1,0.0
M_timber_node30node71_t2,1.0
M_timber_node30node71_t3,0.0
M_timber_node30node71_t4,0.0
M_timber_node30node71_t5,0.0
M_wide_node30node71_t0,0.0
M_wide_node30node71_t1,0.0
M_wide_node30node71_t2,0.0
M_wide_node30node71_t3,0.0
M_wide_node30node71_t4,0.0
M_wide_node30node71_t5,0.0
M_timber_node31node38_t0,0.0
M_timber_node31node38_t1,0.0
M_timber_node31node38_t2,1.0
M_timber_node31node38_t3,0.0
M_timber_node31node38_t4,0.0
M_timber_node31node38_t5,0.0
M_wide_node31node38_t0,0.0
M_wide_node31node38_t1,0.0
M_wide_node31node38_t2,0.0
M_wide_node31node38_t3,0.0
M_wide_node31node38_t4,0.0
M_wide_node31node38_t5,0.0
M_timber_node31node64_t0,0.0
M_timber_node31node64_t1,0.0
M_timber_node31node64_t2,1.0
M_timber_node31node64_t3,0.0
M_timber_node31node64_t4,0.0
M_timber_node31node64_t5,0.0
M_wide_node31node64_t0,0.0
M_wide_node31node64_t1,0.0
M_wide_node31node64_t2,0.0
M_wide_node31node64_t3,0.0
M_wide_node31node64_t4,0.0
M_wide_node31node64_t5,0.0
M_timber_node31node66_t0,0.0
M_timber_node31node66_t1,0.0
M_timber_node31node66_t2,1.0
M_timber_node31node66_t3,0.0
M_timber_node31node66_t4,0.0
M_timber_node31node66_t5,0.0
M_wide_node31node66_t0,0.0
M_wide_node31node66_t1,0.0
M_wide_node31node66_t2,0.0
M_wide_node31node66_t3,0.0
M_wide_node31node66_t4,0.0
M_wide_node31node66_t5,0.0
M_timber_node32node35_t0,0.0
M_timber_node32node35_t1,0.0
M_timber_node32node35_t2,1.0
M_timber_node32node35_t3,0.0
M_timber_node32node35_t4,0.0
M_timber_node32node35_t5,0.0
M_wide_node32node35_t0,0.0
M_wide_node32node35_t1,0.0
M_wide_node32node35_t2,0.0
M_wide_node32node35_t3,0.0
M_wide_node32node35_t4,0.0
M_wide_node32node35_t5,0.0
M_timber_node32node59_t0,0.0
M_timber_node32node59_t1,0.0
M_timber_node32node59_t2,1.0
M_timber_node32node59_t3,0.0
M_timber_node32node59_t4,0.0
M_timber_node32node59_t5,0.0
M_wide_node32node59_t0,0.0
M_wide_node32node59_t1,0.0
M_wide_node32node59_t2,0.0
M_wide_node32node59_t3,0.0
M_wide_node32node59_t4,0.0
M_wide_node32node59_t5,0.0
M_timber_node32node70_t0,0.0
M_timber_node32node70_t1,0.0
M_timber_node32node70_t2,1.0
M_timber_node32node70_t3,0.0
M_timber_node32node70_t4,0.0
M_timber_node32node70_t5,0.0
M_wide_node32node70_t0,0.0
M_wide_node32node70_t1,0.0
M_wide_node32node70_t2,0.0
M_wide_node32node70_t3,0.0
M_wide_node32node70_t4,0.0
M_wide_node32node70_t5,0.0
M_timber_node32node72_t0,0.0
M_timber_node32node72_t1,0.0
M_timber_node32node72_t2,1.0
M_timber_node32node72_t3,0.0
M_timber_node32node72_t4,0.0
M_timber_node32node72_t5,0.0
M_wide_node32node72_t0,0.0
M_wide_node32node72_t1,0.0
M_wide_node32node72_t2,0.0
M_wide_node32node72_t3,0.0
M_wide_node32node72_t4,0.0
M_wide_node32node72_t5,0.0
M_timber_node33node41_t0,0.0
M_timber_node33node41_t1,0.0
M_timber_node33node41_t2,1.0
M_timber_node33node41_t3,0.0
M_timber_node33node41_t4,0.0
M_timber_node33node41_t5,0.0
M_wide_node33node41_t0,0.0
M_wide_node33node41_t1,0.0
M_wide_node33node41_t2,0.0
M_wide_node33node41_t3,0.0
M_wide_node33node41_t4,0.0
M_wide_node33node41_t5,0.0
M_timber_node33node60_t0,0.0
M_timber_node33node60_t1,0.0
M_timber_node33node60_t2,1.0
M_timber_node33node60_t3,0.0
M_timber_node33node60_t4,0.0
M_timber_node33node60_t5,0.0
M_wide_node33node60_t0,0.0
M_wide_node33node60_t1,0.0
M_wide_node33node60_t2,0.0
M_wide_node33node60_t3,0.0
M_wide_node33node60_t4,0.0
M_wide_node33node60_t5,0.0
M_timber_node33node61_t0,0.0
M_timber_node33node61_t1,0.0
M_timber_node33node61_t2,1.0
M_timber_node33node61_t3,0.0
M_timber_node33node61_t4,0.0
M_timber_node33node61_t5,0.0
M_wide_node33node61_t0,0.0
M_wide_node33node61_t1,0.0
M_wide_node33node61_t2,0.0
M_wide_node33node61_t3,0.0
M_wide_node33node61_t4,0.0
M_wide_node33node61_t5,0.0
M_timber_node34node39_t0,0.0
M_timber_node34node39_t1,0.0
M_timber_node34node39_t2,1.0
M_timber_node34node39_t3,0.0
M_timber_node34node39_t4,0.0
M_timber_node34node39_t5,0.0
M_wide_node34node39_t0,0.0
M_wide_node34node39_t1,0.0
M_wide_node34node39_t2,0.0
M_wide_node34node39_t3,0.0
M_wide_node34node39_t4,0.0
M_wide_node34node39_t5,0.0
M_timber_node34node59_t0,0.0
M_timber_node34node59_t1,0.0
M_timber_node34node59_t2,1.0
M_timber_node34node59_t3,0.0
M_timber_node34node59_t4,0.0
M_timber_node34node59_t5,0.0
M_wide_node34node59_t0,0.0
M_wide_node34node59_t1,0.0
M_wide_node34node59_t2,0.0
M_wide_node34node59_t3,0.0
M_wide_node34node59_t4,0.0
M_wide_node34node59_t5,0.0
M_timber_node35node49_t0,0.0
M_timber_node35node49_t1,0.0
M_timber_node35node49_t2,1.0
M_timber_node35node49_t3,0.0
M_timber_node35node49_t4,0.0
M_timber_node35node49_t5,0.0
M_wide_node35node49_t0,0.0
M_wide_node35node49_t1,0.0
M_wide_node35node49_t2,0.0
M_wide_node35node49_t3,0.0
M_wide_node35node49_t4,0.0
M_wide_node35node49_t5,0.0
M_timber_node35node59_t0,0.0
M_timber_node35node59_t1,0.0
M_timber_node35node59_t2,1.0
M_timber_node35node59_t3,0.0
M_timber_node35node59_t4,0.0
M_timber_node35node59_t5,0.0
M_wide_node35node59_t0,0.0
M_wide_node35node59_t1,0.0
M_wide_node35node59_t2,0.0
M_wide_node35node59_t3,0.0
M_wide_node35node59_t4,0.0
M_wide_node35node59_t5,0.0
M_timber_node35node69_t0,0.0
M_timber_node35node69_t1,0.0
M_timber_node35node69_t2,1.0
M_timber_node35node69_t3,0.0
M_timber_node35node69_t4,0.0
M_timber_node35node69_t5,0.0
M_wide_node35node69_t0,0.0
M_wide_node35node69_t1,0.0
M_wide_node35node69_t2,0.0
M_wide_node35node69_t3,0.0
M_wide_node35node69_t4,0.0
M_wide_node35node69_t5,0.0
M_timber_node35node70_t0,0.0
M_timber_node35node70_t1,0.0
M_timber_node35node70_t2,1.0
M_timber_node35node70_t3,0.0
M_timber_node35node70_t4,0.0
M_timber_node35node70_t5,0.0
M_wide_node35node70_t0,0.0
M_wide_node35node70_t1,0.0
M_wide_node35node70_t2,0.0
M_wide_node35node70_t3,0.0
M_wide_node35node70_t4,0.0
M_wide_node35node70_t5,0.0
M_timber_node36node62_t0,0.0
M_timber_node36node62_t1,0.0
M_timber_node36node62_t2,1.0
M_timber_node36node62_t3,0.0
M_timber_node36node62_t4,0.0
M_timber_node36node62_t5,0.0
M_wide_node36node62_t0,0.0
M_wide_node36node62_t1,0.0
M_wide_node36node62_t2,0.0
M_wide_node36node62_t3,0.0
M_wide_node36node62_t4,0.0
M_wide_node36node62_t5,0.0
M_timber_node36node68_t0,0.0
M_timber_node36node68_t1,0.0
M_timber_node36node68_t2,1.0
M_timber_node36node68_t3,0.0
M_timber_node36node68_t4,0.0
M_timber_node36node68_t5,0.0
M_wide_node36node68_t0,0.0
M_wide_node36node68_t1,0.0
M_wide_node36node68_t2,0.0
M_wide_node36node68_t3,0.0
M_wide_node36node68_t4,0.0
M_wide_node36node68_t5,0.0
M_timber_node37node52_t0,0.0
M_timber_node37node52_t1,0.0
M_timber_node37node52_t2,1.0
M_timber_node37node52_t3,0.0
M_timber_node37node52_t4,0.0
M_timber_node37node52_t5,0.0
M_wide_node37node52_t0,0.0
M_wide_node37node52_t1,0.0
M_wide_node37node52_t2,0.0
M_wide_node37node52_t3,0.0
M_wide_node37node52_t4,0.0
M_wide_node37node52_t5,0.0
M_timber_node37node57_t0,0.0
M_timber_node37node57_t1,0.0
M_timber_node37node57_t2,1.0
M_timber_node37node57_t3,0.0
M_timber_node37node57_t4,0.0
M_timber_node37node57_t5,0.0
M_wide_node37node57_t0,0.0
M_wide_node37node57_t1,0.0
M_wide_node37node57_t2,0.0
M_wide_node37node57_t3,0.0
M_wide_node37node57_t4,0.0
M_wide_node37node57_t5,0.0
M_timber_node37node72_t0,0.0
M_timber_node37node72_t1,0.0
M_timber_node37node72_t2,1.0
M_timber_node37node72_t3,0.0
M_timber_node37node72_t4,0.0
M_timber_node37node72_t5,0.0
M_wide_node37node72_t0,0.0
M_wide_node37node72_t1,0.0
M_wide_node37node72_t2,0.0
M_wide_node37node72_t3,0.0
M_wide_node37node72_t4,0.0
M_wide_node37node72_t5,0.0
M_timber_node38node46_t0,0.0
M_timber_node38node46_t1,0.0
M_timber_node38node46_t2,1.0
M_timber_node38node46_t3,0.0
M_timber_node38node46_t4,0.0
M_timber_node38node46_t5,0.0
M_wide_node38node46_t0,0.0
M_wide_node38node46_t1,0.0
M_wide_node38node46_t2,0.0
M_wide_node38node46_t3,0.0
M_wide_node38node46_t4,0.0
M_wide_node38node46_t5,0.0
M_timber_node38node63_t0,0.0
M_timber_node38node63_t1,0.0
M_timber_node38node63_t2,1.0
M_timber_node38node63_t3,0.0
M_timber_node38node63_t4,0.0
M_timber_node38node63_t5,0.0
M_wide_node38node63_t0,0.0
M_wide_node38node63_t1,0.0
M_wide_node38node63_t2,0.0
M_wide_node38node63_t3,0.0
M_wide_node38node63_t4,0.0
M_wide_node38node63_t5,0.0
M_timber_node38node64_t0,0.0
M_timber_node38node64_t1,0.0
M_timber_node38node64_t2,1.0
M_timber_node38node64_t3,0.0
M_timber_node38node64_t4,0.0
M_timber_node38node64_t5,0.0
M_wide_node38node64_t0,0.0
M_wide_node38node64_t1,0.0
M_wide_node38node64_t2,0.0
M_wide_node38node64_t3,0.0
M_wide_node38node64_t4,0.0
M_wide_node38node64_t5,0.0
M_timber_node38node66_t0,0.0
M_timber_node38node66_t1,0.0
M_timber_node38node66_t2,1.0
M_timber_node38node66_t3,0.0
M_timber_node38node66_t4,0.0
M_timber_node38node66_t5,0.0
M_wide_node38node66_t0,0.0
M_wide_node38node66_t1,0.0
M_wide_node38node66_t2,0.0
M_wide_node38node66_t3,0.0
M_wide_node38node66_t4,0.0
M_wide_node38node66_t5,0.0
M_timber_node39node59_t0,0.0
M_timber_node39node59_t1,0.0
M_timber_node39node59_t2,1.0
M_timber_node39node59_t3,0.0
M_timber_node39node59_t4,0.0
M_timber_node39node59_t5,0.0
M_wide_node39node59_t0,0.0
M_wide_node39node59_t1,0.0
M_wide_node39node59_t2,0.0
M_wide_node39node59_t3,0.0
M_wide_node39node59_t4,0.0
M_wide_node39node59_t5,0.0
M_timber_node40node60_t0,0.0
M_timber_node40node60_t1,0.0
M_timber_node40node60_t2,1.0
M_timber_node40node60_t3,0.0
M_timber_node40node60_t4,0.0
M_timber_node40node60_t5,0.0
M_wide_node40node60_t0,0.0
M_wide_node40node60_t1,0.0
M_wide_node40node60_t2,0.0
M_wide_node40node60_t3,0.0
M_wide_node40node60_t4,0.0
M_wide_node40node60_t5,0.0
M_timber_node41node60_t0,0.0
M_timber_node41node60_t1,0.0
M_timber_node41node60_t2,1.0
M_timber_node41node60_t3,0.0
M_timber_node41node60_t4,0.0
M_timber_node41node60_t5,0.0
M_wide_node41node60_t0,0.0
M_wide_node41node60_t1,0.0
M_wide_node41node60_t2,0.0
M_wide_node41node60_t3,0.0
M_wide_node41node60_t4,0.0
M_wide_node41node60_t5,0.0
M_timber_node41node61_t0,0.0
M_timber_node41node61_t1,0.0
M_timber_node41node61_t2,1.0
M_timber_node41node61_t3,0.0
M_timber_node41node61_t4,0.0
M_timber_node41node61_t5,0.0
M_wide_node41node61_t0,0.0
M_wide_node41node61_t1,0.0
M_wide_node41node61_t2,0.0
M_wide_node41node61_t3,0.0
M_wide_node41node61_t4,0.0
M_wide_node41node61_t5,0.0
M_timber_node42node60_t0,0.0
M_timber_node42node60_t1,0.0
M_timber_node42node60_t2,1.0
M_timber_node42node60_t3,0.0
M_timber_node42node60_t4,0.0
M_timber_node42node60_t5,0.0
M_wide_node42node60_t0,0.0
M_wide_node42node60_t1,0.0
M_wide_node42node60_t2,0.0
M_wide_node42node60_t3,0.0
M_wide_node42node60_t4,0.0
M_wide_node42node60_t5,0.0
M_timber_node42node61_t0,0.0
M_timber_node42node61_t1,0.0
M_timber_node42node61_t2,1.0
M_timber_node42node61_t3,0.0
M_timber_node42node61_t4,0.0
M_timber_node42node61_t5,0.0
M_wide_node42node61_t0,0.0
M_wide_node42node61_t1,0.0
M_wide_node42node61_t2,0.0
M_wide_node42node61_t3,0.0
M_wide_node42node61_t4,0.0
M_wide_node42node61_t5,0.0
M_timber_node43node44_t0,0.0
M_timber_node43node44_t1,0.0
M_timber_node43node44_t2,1.0
M_timber_node43node44_t3,0.0
M_timber_node43node44_t4,0.0
M_timber_node43node44_t5,0.0
M_wide_node43node44_t0,0.0
M_wide_node43node44_t1,0.0
M_wide_node43node44_t2,0.0
M_wide_node43node44_t3,0.0
M_wide_node43node44_t4,0.0
M_wide_node43node44_t5,0.0
M_timber_node43node61_t0,0.0
M_timber_node43node61_t1,0.0
M_timber_node43node61_t2,1.0
M_timber_node43node61_t3,0.0
M_timber_node43node61_t4,0.0
M_timber_node43node61_t5,0.0
M_wide_node43node61_t0,0.0
M_wide_node43node61_t1,0.0
M_wide_node43node61_t2,0.0
M_wide_node43node61_t3,0.0
M_wide_node43node61_t4,0.0
M_wide_node43node61_t5,0.0
M_timber_node43node67_t0,0.0
M_timber_node43node67_t1,0.0
M_timber_node43node67_t2,1.0
M_timber_node43node67_t3,0.0
M_timber_node43node67_t4,0.0
M_timber_node43node67_t5,0.0
M_wide_node43node67_t0,0.0
M_wide_node43node67_t1,0.0
M_wide_node43node67_t2,0.0
M_wide_node43node67_t3,0.0
M_wide_node43node67_t4,0.0
M_wide_node43node67_t5,0.0
M_timber_node44node61_t0,0.0
M_timber_node44node61_t1,0.0
M_timber_node44node61_t2,1.0
M_timber_node44node61_t3,0.0
M_timber_node44node61_t4,0.0
M_timber_node44node61_t5,0.0
M_wide_node44node61_t0,0.0
M_wide_node44node61_t1,0.0
M_wide_node44node61_t2,0.0
M_wide_node44node61_t3,0.0
M_wide_node44node61_t4,0.0
M_wide_node44node61_t5,0.0
M_timber_node44node67_t0,0.0
M_timber_node44node67_t1,0.0
M_timber_node44node67_t2,1.0
M_timber_node44node67_t3,0.0
M_timber_node44node67_t4,0.0
M_timber_node44node67_t5,0.0
M_wide_node44node67_t0,0.0
M_wide_node44node67_t1,0.0
M_wide_node44node67_t2,0.0
M_wide_node44node67_t3,0.0
M_wide_node44node67_t4,0.0
M_wide_node44node67_t5,0.0
M_timber_node45node63_t0,0.0
M_timber_node45node63_t1,0.0
M_timber_node45node63_t2,1.0
M_timber_node45node63_t3,0.0
M_timber_node45node63_t4,0.0
M_timber_node45node63_t5,0.0
M_wide_node45node63_t0,0.0
M_wide_node45node63_t1,0.0
M_wide_node45node63_t2,0.0
M_wide_node45node63_t3,0.0
M_wide_node45node63_t4,0.0
M_wide_node45node63_t5,0.0
M_timber_node46node63_t0,0.0
M_timber_node46node63_t1,0.0
M_timber_node46node63_t2,1.0
M_timber_node46node63_t3,0.0
M_timber_node46node63_t4,0.0
M_timber_node46node63_t5,0.0
M_wide_node46node63_t0,0.0
M_wide_node46node63_t1,0.0
M_wide_node46node63_t2,0.0
M_wide_node46node63_t3,0.0
M_wide_node46node63_t4,0.0
M_wide_node46node63_t5,0.0
M_timber_node46node66_t0,0.0
M_timber_node46node66_t1,0.0
M_timber_node46node66_t2,1.0
M_timber_node46node66_t3,0.0
M_timber_node46node66_t4,0.0
M_timber_node46node66_t5,0.0
M_wide_node46node66_t0,0.0
M_wide_node46node66_t1,0.0
M_wide_node46node66_t2,0.0
M_wide_node46node66_t3,0.0
M_wide_node46node66_t4,0.0
M_wide_node46node66_t5,0.0
M_timber_node47node67_t0,0.0
M_timber_node47node67_t1,0.0
M_timber_node47node67_t2,1.0
M_timber_node47node67_t3,0.0
M_timber_node47node67_t4,0.0
M_timber_node47node67_t5,0.0
M_wide_node47node67_t0,0.0
M_wide_node47node67_t1,0.0
M_wide_node47node67_t2,0.0
M_wide_node47node67_t3,0.0
M_wide_node47node67_t4,0.0
M_wide_node47node67_t5,0.0
M_timber_node47node69_t0,0.0
M_timber_node47node69_t1,0.0
M_timber_node47node69_t2,1.0
M_timber_node47node69_t3,0.0
M_timber_node47node69_t4,0.0
M_timber_node47node69_t5,0.0
M_wide_node47node69_t0,0.0
M_wide_node47node69_t1,0.0
M_wide_node47node69_t2,0.0
M_wide_node47node69_t3,0.0
M_wide_node47node69_t4,0.0
M_wide_node47node69_t5,0.0
M_timber_node48node67_t0,0.0
M_timber_node48node67_t1,0.0
M_timber_node48node67_t2,1.0
M_timber_node48node67_t3,0.0
M_timber_node48node67_t4,0.0
M_timber_node48node67_t5,0.0
M_wide_node48node67_t0,0.0
M_wide_node48node67_t1,0.0
M_wide_node48node67_t2,0.0
M_wide_node48node67_t3,0.0
M_wide_node48node67_t4,0.0
M_wide_node48node67_t5,0.0
M_timber_node49node69_t0,0.0
M_timber_node49node69_t1,0.0
M_timber_node49node69_t2,1.0
M_timber_node49node69_t3,0.0
M_timber_node49node69_t4,0.0
M_timber_node49node69_t5,0.0
M_wide_node49node69_t0,0.0
M_wide_node49node69_t1,0.0
M_wide_node49node69_t2,0.0
M_wide_node49node69_t3,0.0
M_wide_node49node69_t4,0.0
M_wide_node49node69_t5,0.0
M_timber_node49node70_t0,0.0
M_timber_node49node70_t1,0.0
M_timber_node49node70_t2,1.0
M_timber_node49node70_t3,0.0
M_timber_node49node70_t4,0.0
M_timber_node49node70_t5,0.0
M_wide_node49node70_t0,0.0
M_wide_node49node70_t1,0.0
M_wide_node49node70_t2,0.0
M_wide_node49node70_t3,0.0
M_wide_node49node70_t4,0.0
M_wide_node49node70_t5,0.0
M_timber_node50node70_t0,0.0
M_timber_node50node70_t1,0.0
M_timber_node50node70_t2,1.0
M_timber_node50node70_t3,0.0
M_timber_node50node70_t4,0.0
M_timber_node50node70_t5,0.0
M_wide_node50node70_t0,0.0
M_wide_node50node70_t1,0.0
M_wide_node50node70_t2,0.0
M_wide_node50node70_t3,0.0
M_wide_node50node70_t4,0.0
M_wide_node50node70_t5,0.0
M_timber_node51node57_t0,0.0
M_timber_node51node57_t1,0.0
M_timber_node51node57_t2,1.0
M_timber_node51node57_t3,0.0
M_timber_node51node57_t4,0.0
M_timber_node51node57_t5,0.0
M_wide_node51node57_t0,0.0
M_wide_node51node57_t1,0.0
M_wide_node51node57_t2,0.0
M_wide_node51node57_t3,0.0
M_wide_node51node57_t4,0.0
M_wide_node51node57_t5,0.0
M_timber_node51node72_t0,0.0
M_timber_node51node72_t1,0.0
M_timber_node51node72_t2,1.0
M_timber_node51node72_t3,0.0
M_timber_node51node72_t4,0.0
M_timber_node51node72_t5,0.0
M_wide_node51node72_t0,0.0
M_wide_node51node72_t1,0.0
M_wide_node51node72_t2,0.0
M_wide_node51node72_t3,0.0
M_wide_node51node72_t4,0.0
M_wide_node51node72_t5,0.0
M_timber_node52node53_t0,0.0
M_timber_node52node53_t1,0.0
M_timber_node52node53_t2,1.0
M_timber_node52node53_t3,0.0
M_timber_node52node53_t4,0.0
M_timber_node52node53_t5,0.0
M_wide_node52node53_t0,0.0
M_wide_node52node53_t1,0.0
M_wide_node52node53_t2,0.0
M_wide_node52node53_t3,0.0
M_wide_node52node53_t4,0.0
M_wide_node52node53_t5,0.0
M_timber_node52node72_t0,0.0
M_timber_node52node72_t1,0.0
M_timber_node52node72_t2,1.0
M_timber_node52node72_t3,0.0
M_timber_node52node72_t4,0.0
M_timber_node52node72_t5,0.0
M_wide_node52node72_t0,0.0
M_wide_node52node72_t1,0.0
M_wide_node52node72_t2,0.0
M_wide_node52node72_t3,0.0
M_wide_node52node72_t4,0.0
M_wide_node52node72_t5,0.0
M_timber_node53node55_t0,0.0
M_timber_node53node55_t1,0.0
M_timber_node53node55_t2,1.0
M_timber_node53node55_t3,0.0
M_timber_node53node55_t4,0.0
M_timber_node53node55_t5,0.0
M_wide_node53node55_t0,0.0
M_wide_node53node55_t1,0.0
M_wide_node53node55_t2,0.0
M_wide_node53node55_t3,0.0
M_wide_node53node55_t4,0.0
M_wide_node53node55_t5,0.0
M_timber_node53node72_t0,0.0
M_timber_node53node72_t1,0.0
M_timber_node53node72_t2,1.0
M_timber_node53node72_t3,0.0
M_timber_node53node72_t4,0.0
M_timber_node53node72_t5,0.0
M_wide_node53node72_t0,0.0
M_wide_node53node72_t1,0.0
M_wide_node53node72_t2,0.0
M_wide_node53node72_t3,0.0
M_wide_node53node72_t4,0.0
M_wide_node53node72_t5,0.0
M_timber_node54node72_t0,0.0
M_timber_node54node72_t1,0.0
M_timber_node54node72_t2,1.0
M_timber_node54node72_t3,0.0
M_timber_node54node72_t4,0.0
M_timber_node54node72_t5,0.0
M_wide_node54node72_t0,0.0
M_wide_node54node72_t1,0.0
M_wide_node54node72_t2,0.0
M_wide_node54node72_t3,0.0
M_wide_node54node72_t4,0.0
M_wide_node54node72_t5,0.0
M_timber_node55node72_t0,0.0
M_timber_node55node72_t1,0.0
M_timber_node55node72_t2,1.0
M_timber_node55node72_t3,0.0
M_timber_node55node72_t4,0.0
M_timber_node55node72_t5,0.0
M_wide_node55node72_t0,0.0
M_wide_node55node72_t1,0.0
M_wide_node55node72_t2,0.0
M_wide_node55node72_t3,0.0
M_wide_node55node72_t4,0.0
M_wide_node55node72_t5,0.0
M_timber_node56node58_t0,0.0
M_timber_node56node58_t1,0.0
M_timber_node56node58_t2,1.0
M_timber_node56node58_t3,0.0
M_timber_node56node58_t4,0.0
M_timber_node56node58_t5,0.0
M_wide_node56node58_t0,0.0
M_wide_node56node58_t1,0.0
M_wide_node56node58_t2,0.0
M_wide_node56node58_t3,0.0
M_wide_node56node58_t4,0.0
M_wide_node56node58_t5,0.0
M_timber_node56node72_t0,0.0
M_timber_node56node72_t1,0.0
M_timber_node56node72_t2,1.0
M_timber_node56node72_t3,0.0
M_timber_node56node72_t4,0.0
M_timber_node56node72_t5,0.0
M_wide_node56node72_t0,0.0
M_wide_node56node72_t1,0.0
M_wide_node56node72_t2,0.0
M_wide_node56node72_t3,0.0
M_wide_node56node72_t4,0.0
M_wide_node56node72_t5,0.0
M_timber_node57node72_t0,0.0
M_timber_node57node72_t1,0.0
M_timber_node57node72_t2,1.0
M_timber_node57node72_t3,0.0
M_timber_node57node72_t4,0.0
M_timber_node57node72_t5,0.0
M_wide_node57node72_t0,0.0
M_wide_node57node72_t1,0.0
M_wide_node57node72_t2,0.0
M_wide_node57node72_t3,0.0
M_wide_node57node72_t4,0.0
M_wide_node57node72_t5,0.0
M_timber_node58node72_t0,0.0
M_timber_node58node72_t1,0.0
M_timber_node58node72_t2,1.0
M_timber_node58node72_t3,0.0
M_timber_node58node72_t4,0.0
M_timber_node58node72_t5,0.0
M_wide_node58node72_t0,0.0
M_wide_node58node72_t1,0.0
M_wide_node58node72_t2,0.0
M_wide_node58node72_t3,0.0
M_wide_node58node72_t4,0.0
M_wide_node58node72_t5,0.0
U_node1node50_t0,0.0
U_node1node50_t1,0.0
U_node1node50_t2,0.0
U_node1node50_t3,0.0
U_node1node50_t4,0.0
U_node1node50_t5,0.0
U_node1node54_t0,0.0
U_node1node54_t1,0.0
U_node1node54_t2,0.0
U_node1node54_t3,0.0
U_node1node54_t4,0.0
U_node1node54_t5,0.0
U_node1node32_t0,0.0
U_node1node32_t1,0.0
U_node1node32_t2,0.0
U_node1node32_t3,0.0
U_node1node32_t4,0.0
U_node1node32_t5,0.0
U_node1node70_t0,0.0
U_node1node70_t1,0.0
U_node1node70_t2,0.0
U_node1node70_t3,0.0
U_node1node70_t4,0.0
U_node1node70_t5,0.0
U_node1node72_t0,0.0
U_node1node72_t1,0.0
U_node1node72_t2,0.0
U_node1node72_t3,0.0
U_node1node72_t4,0.0
U_node1node72_t5,0.0
U_node2node39_t0,0.0
U_node2node39_t1,0.0
U_node2node39_t2,0.0
U_node2node39_t3,0.0
U_node2node39_t4,0.0
U_node2node39_t5,0.0
U_node2node35_t0,0.0
U_node2node35_t1,0.0
U_node2node35_t2,0.0
U_node2node35_t3,0.0
U_node2node35_t4,0.0
U_node2node35_t5,0.0
U_node2node5_t0,0.0
U_node2node5_t1,0.0
U_node2node5_t2,0.0
U_node2node5_t3,0.0
U_node2node5_t4,0.0
U_node2node5_t5,0.0
U_node2node59_t0,0.0
U_node2node59_t1,0.0
U_node2node59_t2,0.0
U_node2node59_t3,0.0
U_node2node59_t4,0.0
U_node2node59_t5,0.0
U_node2node69_t0,0.0
U_node2node69_t1,0.0
U_node2node69_t2,0.0
U_node2node69_t3,0.0
U_node2node69_t4,0.0
U_node2node69_t5,0.0
U_node3node12_t0,0.0
U_node3node12_t1,0.0
U_node3node12_t2,0.0
U_node3node12_t3,0.0
U_node3node12_t4,0.0
U_node3node12_t5,0.0
U_node3node21_t0,0.0
U_node3node21_t1,0.0
U_node3node21_t2,0.0
U_node3node21_t3,0.0
U_node3node21_t4,0.0
U_node3node21_t5,0.0
U_node3node60_t0,0.0
U_node3node60_t1,0.0
U_node3node60_t2,0.0
U_node3node60_t3,0.0
U_node3node60_t4,0.0
U_node3node60_t5,0.0
U_node4node29_t0,0.0
U_node4node29_t1,0.0
U_node4node29_t2,0.0
U_node4node29_t3,0.0
U_node4node29_t4,0.0
U_node4node29_t5,0.0
U_node4node31_t0,0.0
U_node4node31_t1,0.0
U_node4node31_t2,0.0
U_node4node31_t3,0.0
U_node4node31_t4,0.0
U_node4node31_t5,0.0
U_node4node11_t0,0.0
U_node4node11_t1,0.0
U_node4node11_t2,0.0
U_node4node11_t3,0.0
U_node4node11_t4,0.0
U_node4node11_t5,0.0
U_node4node66_t0,0.0
U_node4node66_t1,0.0
U_node4node66_t2,0.0
U_node4node66_t3,0.0
U_node4node66_t4,0.0
U_node4node66_t5,0.0
U_node4node69_t0,0.0
U_node4node69_t1,0.0
U_node4node69_t2,0.0
U_node4node69_t3,0.0
U_node4node69_t4,0.0
U_node4node69_t5,0.0
U_node5node10_t0,0.0
U_node5node10_t1,0.0
U_node5node10_t2,0.0
U_node5node10_t3,0.0
U_node5node10_t4,0.0
U_node5node10_t5,0.0
U_node5node47_t0,0.0
U_node5node47_t1,0.0
U_node5node47_t2,0.0
U_node5node47_t3,0.0
U_node5node47_t4,0.0
U_node5node47_t5,0.0
U_node5node67_t0,0.0
U_node5node67_t1,0.0
U_node5node67_t2,0.0
U_node5node67_t3,0.0
U_node5node67_t4,0.0
U_node5node67_t5,0.0
U_node5node69_t0,0.0
U_node5node69_t1,0.0
U_node5node69_t2,0.0
U_node5node69_t3,0.0
U_node5node69_t4,0.0
U_node5node69_t5,0.0
U_node6node18_t0,0.0
U_node6node18_t1,0.0
U_node6node18_t2,0.0
U_node6node18_t3,0.0
U_node6node18_t4,0.0
U_node6node18_t5,0.0
U_node6node43_t0,0.0
U_node6node43_t1,0.0
U_node6node43_t2,0.0
U_node6node43_t3,0.0
U_node6node43_t4,0.0
U_node6node43_t5,0.0
U_node6node16_t0,0.0
U_node6node16_t1,0.0
U_node6node16_t2,0.0
U_node6node16_t3,0.0
U_node6node16_t4,0.0
U_node6node16_t5,0.0
U_node6node61_t0,0.0
U_node6node61_t1,0.0
U_node6node61_t2,0.0
U_node6node61_t3,0.0
U_node6node61_t4,0.0
U_node6node61_t5,0.0
U_node6node62_t0,0.0
U_node6node62_t1,0.0
U_node6node62_t2,0.0
U_node6node62_t3,0.0
U_node6node62_t4,0.0
U_node6node62_t5,0.0
U_node6node67_t0,0.0
U_node6node67_t1,0.0
U_node6node67_t2,0.0
U_node6node67_t3,0.0
U_node6node67_t4,0.0
U_node6node67_t5,0.0
U_node7node46_t0,0.0
U_node7node46_t1,0.0
U_node7node46_t2,0.0
U_node7node46_t3,0.0
U_node7node46_t4,0.0
U_node7node46_t5,0.0
U_node7node28_t0,0.0
U_node7node28_t1,0.0
U_node7node28_t2,0.0
U_node7node28_t3,0.0
U_node7node28_t4,0.0
U_node7node28_t5,0.0
U_node7node63_t0,0.0
U_node7node63_t1,0.0
U_node7node63_t2,0.0
U_node7node63_t3,0.0
U_node7node63_t4,0.0
U_node7node63_t5,0.0
U_node7node66_t0,0.0
U_node7node66_t1,0.0
U_node7node66_t2,0.0
U_node7node66_t3,0.0
U_node7node66_t4,0.0
U_node7node66_t5,0.0
U_node8node26_t0,0.0
U_node8node26_t1,0.0
U_node8node26_t2,0.0
U_node8node26_t3,0.0
U_node8node26_t4,0.0
U_node8node26_t5,0.0
U_node8node25_t0,0.0
U_node8node25_t1,0.0
U_node8node25_t2,0.0
U_node8node25_t3,0.0
U_node8node25_t4,0.0
U_node8node25_t5,0.0
U_node8node45_t0,0.0
U_node8node45_t1,0.0
U_node8node45_t2,0.0
U_node8node45_t3,0.0
U_node8node45_t4,0.0
U_node8node45_t5,0.0
U_node8node63_t0,0.0
U_node8node63_t1,0.0
U_node8node63_t2,0.0
U_node8node63_t3,0.0
U_node8node63_t4,0.0
U_node8node63_t5,0.0
U_node8node68_t0,0.0
U_node8node68_t1,0.0
U_node8node68_t2,0.0
U_node8node68_t3,0.0
U_node8node68_t4,0.0
U_node8node68_t5,0.0
U_node9node40_t0,0.0
U_node9node40_t1,0.0
U_node9node40_t2,0.0
U_node9node40_t3,0.0
U_node9node40_t4,0.0
U_node9node40_t5,0.0
U_node9node33_t0,0.0
U_node9node33_t1,0.0
U_node9node33_t2,0.0
U_node9node33_t3,0.0
U_node9node33_t4,0.0
U_node9node33_t5,0.0
U_node9node60_t0,0.0
U_node9node60_t1,0.0
U_node9node60_t2,0.0
U_node9node60_t3,0.0
U_node9node60_t4,0.0
U_node9node60_t5,0.0
U_node10node44_t0,0.0
U_node10node44_t1,0.0
U_node10node44_t2,0.0
U_node10node44_t3,0.0
U_node10node44_t4,0.0
U_node10node44_t5,0.0
U_node10node21_t0,0.0
U_node10node21_t1,0.0
U_node10node21_t2,0.0
U_node10node21_t3,0.0
U_node10node21_t4,0.0
U_node10node21_t5,0.0
U_node10node61_t0,0.0
U_node10node61_t1,0.0
U_node10node61_t2,0.0
U_node10node61_t3,0.0
U_node10node61_t4,0.0
U_node10node61_t5,0.0
U_node10node67_t0,0.0
U_node10node67_t1,0.0
U_node10node67_t2,0.0
U_node10node67_t3,0.0
U_node10node67_t4,0.0
U_node10node67_t5,0.0
U_node11node30_t0,0.0
U_node11node30_t1,0.0
U_node11node30_t2,0.0
U_node11node30_t3,0.0
U_node11node30_t4,0.0
U_node11node30_t5,0.0
U_node11node14_t0,0.0
U_node11node14_t1,0.0
U_node11node14_t2,0.0
U_node11node14_t3,0.0
U_node11node14_t4,0.0
U_node11node14_t5,0.0
U_node11node69_t0,0.0
U_node11node69_t1,0.0
U_node11node69_t2,0.0
U_node11node69_t3,0.0
U_node11node69_t4,0.0
U_node11node69_t5,0.0
U_node11node71_t0,0.0
U_node11node71_t1,0.0
U_node11node71_t2,0.0
U_node11node71_t3,0.0
U_node11node71_t4,0.0
U_node11node71_t5,0.0
U_node12node40_t0,0.0
U_node12node40_t1,0.0
U_node12node40_t2,0.0
U_node12node40_t3,0.0
U_node12node40_t4,0.0
U_node12node40_t5,0.0
U_node12node60_t0,0.0
U_node12node60_t1,0.0
U_node12node60_t2,0.0
U_node12node60_t3,0.0
U_node12node60_t4,0.0
U_node12node60_t5,0.0
U_node13node48_t0,0.0
U_node13node48_t1,0.0
U_node13node48_t2,0.0
U_node13node48_t3,0.0
U_node13node48_t4,0.0
U_node13node48_t5,0.0
U_node13node29_t0,0.0
U_node13node29_t1,0.0
U_node13node29_t2,0.0
U_node13node29_t3,0.0
U_node13node29_t4,0.0
U_node13node29_t5,0.0
U_node13node47_t0,0.0
U_node13node47_t1,0.0
U_node13node47_t2,0.0
U_node13node47_t3,0.0
U_node13node47_t4,0.0
U_node13node47_t5,0.0
U_node13node67_t0,0.0
U_node13node67_t1,0.0
U_node13node67_t2,0.0
U_node13node67_t3,0.0
U_node13node67_t4,0.0
U_node13node67_t5,0.0
U_node13node69_t0,0.0
U_node13node69_t1,0.0
U_node13node69_t2,0.0
U_node13node69_t3,0.0
U_node13node69_t4,0.0
U_node13node69_t5,0.0
U_node14node30_t0,0.0
U_node14node30_t1,0.0
U_node14node30_t2,0.0
U_node14node30_t3,0.0
U_node14node30_t4,0.0
U_node14node30_t5,0.0
U_node14node50_t0,0.0
U_node14node50_t1,0.0
U_node14node50_t2,0.0
U_node14node50_t3,0.0
U_node14node50_t4,0.0
U_node14node50_t5,0.0
U_node14node70_t0,0.0
U_node14node70_t1,0.0
U_node14node70_t2,0.0
U_node14node70_t3,0.0
U_node14node70_t4,0.0
U_node14node70_t5,0.0
U_node14node71_t0,0.0
U_node14node71_t1,0.0
U_node14node71_t2,0.0
U_node14node71_t3,0.0
U_node14node71_t4,0.0
U_node14node71_t5,0.0
U_node15node56_t0,0.0
U_node15node56_t1,0.0
U_node15node56_t2,0.0
U_node15node56_t3,0.0
U_node15node56_t4,0.0
U_node15node56_t5,0.0
U_node15node54_t0,0.0
U_node15node54_t1,0.0
U_node15node54_t2,0.0
U_node15node54_t3,0.0
U_node15node54_t4,0.0
U_node15node54_t5,0.0
U_node15node72_t0,0.0
U_node15node72_t1,0.0
U_node15node72_t2,0.0
U_node15node72_t3,0.0
U_node15node72_t4,0.0
U_node15node72_t5,0.0
U_node16node20_t0,0.0
U_node16node20_t1,0.0
U_node16node20_t2,0.0
U_node16node20_t3,0.0
U_node16node20_t4,0.0
U_node16node20_t5,0.0
U_node16node26_t0,0.0
U_node16node26_t1,0.0
U_node16node26_t2,0.0
U_node16node26_t3,0.0
U_node16node26_t4,0.0
U_node16node26_t5,0.0
U_node16node61_t0,0.0
U_node16node61_t1,0.0
U_node16node61_t2,0.0
U_node16node61_t3,0.0
U_node16node61_t4,0.0
U_node16node61_t5,0.0
U_node16node62_t0,0.0
U_node16node62_t1,0.0
U_node16node62_t2,0.0
U_node16node62_t3,0.0
U_node16node62_t4,0.0
U_node16node62_t5,0.0
U_node16node63_t0,0.0
U_node16node63_t1,0.0
U_node16node63_t2,0.0
U_node16node63_t3,0.0
U_node16node63_t4,0.0
U_node16node63_t5,0.0
U_node17node42_t0,0.0
U_node17node42_t1,0.0
U_node17node42_t2,0.0
U_node17node42_t3,0.0
U_node17node42_t4,0.0
U_node17node42_t5,0.0
U_node17node41_t0,0.0
U_node17node41_t1,0.0
U_node17node41_t2,0.0
U_node17node41_t3,0.0
U_node17node41_t4,0.0
U_node17node41_t5,0.0
U_node17node60_t0,0.0
U_node17node60_t1,0.0
U_node17node60_t2,0.0
U_node17node60_t3,0.0
U_node17node60_t4,0.0
U_node17node60_t5,0.0
U_node17node61_t0,0.0
U_node17node61_t1,0.0
U_node17node61_t2,0.0
U_node17node61_t3,0.0
U_node17node61_t4,0.0
U_node17node61_t5,0.0
U_node18node25_t0,0.0
U_node18node25_t1,0.0
U_node18node25_t2,0.0
U_node18node25_t3,0.0
U_node18node25_t4,0.0
U_node18node25_t5,0.0
U_node18node36_t0,0.0
U_node18node36_t1,0.0
U_node18node36_t2,0.0
U_node18node36_t3,0.0
U_node18node36_t4,0.0
U_node18node36_t5,0.0
U_node18node62_t0,0.0
U_node18node62_t1,0.0
U_node18node62_t2,0.0
U_node18node62_t3,0.0
U_node18node62_t4,0.0
U_node18node62_t5,0.0
U_node18node67_t0,0.0
U_node18node67_t1,0.0
U_node18node67_t2,0.0
U_node18node67_t3,0.0
U_node18node67_t4,0.0
U_node18node67_t5,0.0
U_node18node68_t0,0.0
U_node18node68_t1,0.0
U_node18node68_t2,0.0
U_node18node68_t3,0.0
U_node18node68_t4,0.0
U_node18node68_t5,0.0
U_node19node20_t0,0.0
U_node19node20_t1,0.0
U_node19node20_t2,0.0
U_node19node20_t3,0.0
U_node19node20_t4,0.0
U_node19node20_t5,0.0
U_node19node24_t0,0.0
U_node19node24_t1,0.0
U_node19node24_t2,0.0
U_node19node24_t3,0.0
U_node19node24_t4,0.0
U_node19node24_t5,0.0
U_node19node22_t0,0.0
U_node19node22_t1,0.0
U_node19node22_t2,0.0
U_node19node22_t3,0.0
U_node19node22_t4,0.0
U_node19node22_t5,0.0
U_node19node63_t0,0.0
U_node19node63_t1,0.0
U_node19node63_t2,0.0
U_node19node63_t3,0.0
U_node19node63_t4,0.0
U_node19node63_t5,0.0
U_node19node65_t0,0.0
U_node19node65_t1,0.0
U_node19node65_t2,0.0
U_node19node65_t3,0.0
U_node19node65_t4,0.0
U_node19node65_t5,0.0
U_node20node33_t0,0.0
U_node20node33_t1,0.0
U_node20node33_t2,0.0
U_node20node33_t3,0.0
U_node20node33_t4,0.0
U_node20node33_t5,0.0
U_node20node61_t0,0.0
U_node20node61_t1,0.0
U_node20node61_t2,0.0
U_node20node61_t3,0.0
U_node20node61_t4,0.0
U_node20node61_t5,0.0
U_node20node63_t0,0.0
U_node20node63_t1,0.0
U_node20node63_t2,0.0
U_node20node63_t3,0.0
U_node20node63_t4,0.0
U_node20node63_t5,0.0
U_node21node42_t0,0.0
U_node21node42_t1,0.0
U_node21node42_t2,0.0
U_node21node42_t3,0.0
U_node21node42_t4,0.0
U_node21node42_t5,0.0
U_node21node60_t0,0.0
U_node21node60_t1,0.0
U_node21node60_t2,0.0
U_node21node60_t3,0.0
U_node21node60_t4,0.0
U_node21node60_t5,0.0
U_node21node61_t0,0.0
U_node21node61_t1,0.0
U_node21node61_t2,0.0
U_node21node61_t3,0.0
U_node21node61_t4,0.0
U_node21node61_t5,0.0
U_node22node38_t0,0.0
U_node22node38_t1,0.0
U_node22node38_t2,0.0
U_node22node38_t3,0.0
U_node22node38_t4,0.0
U_node22node38_t5,0.0
U_node22node24_t0,0.0
U_node22node24_t1,0.0
U_node22node24_t2,0.0
U_node22node24_t3,0.0
U_node22node24_t4,0.0
U_node22node24_t5,0.0
U_node22node63_t0,0.0
U_node22node63_t1,0.0
U_node22node63_t2,0.0
U_node22node63_t3,0.0
U_node22node63_t4,0.0
U_node22node63_t5,0.0
U_node22node64_t0,0.0
U_node22node64_t1,0.0
U_node22node64_t2,0.0
U_node22node64_t3,0.0
U_node22node64_t4,0.0
U_node22node64_t5,0.0
U_node22node65_t0,0.0
U_node22node65_t1,0.0
U_node22node65_t2,0.0
U_node22node65_t3,0.0
U_node22node65_t4,0.0
U_node22node65_t5,0.0
U_node23node58_t0,0.0
U_node23node58_t1,0.0
U_node23node58_t2,0.0
U_node23node58_t3,0.0
U_node23node58_t4,0.0
U_node23node58_t5,0.0
U_node23node55_t0,0.0
U_node23node55_t1,0.0
U_node23node55_t2,0.0
U_node23node55_t3,0.0
U_node23node55_t4,0.0
U_node23node55_t5,0.0
U_node23node72_t0,0.0
U_node23node72_t1,0.0
U_node23node72_t2,0.0
U_node23node72_t3,0.0
U_node23node72_t4,0.0
U_node23node72_t5,0.0
U_node24node31_t0,0.0
U_node24node31_t1,0.0
U_node24node31_t2,0.0
U_node24node31_t3,0.0
U_node24node31_t4,0.0
U_node24node31_t5,0.0
U_node24node64_t0,0.0
U_node24node64_t1,0.0
U_node24node64_t2,0.0
U_node24node64_t3,0.0
U_node24node64_t4,0.0
U_node24node64_t5,0.0
U_node24node65_t0,0.0
U_node24node65_t1,0.0
U_node24node65_t2,0.0
U_node24node65_t3,0.0
U_node24node65_t4,0.0
U_node24node65_t5,0.0
U_node25node48_t0,0.0
U_node25node48_t1,0.0
U_node25node48_t2,0.0
U_node25node48_t3,0.0
U_node25node48_t4,0.0
U_node25node48_t5,0.0
U_node25node67_t0,0.0
U_node25node67_t1,0.0
U_node25node67_t2,0.0
U_node25node67_t3,0.0
U_node25node67_t4,0.0
U_node25node67_t5,0.0
U_node25node68_t0,0.0
U_node25node68_t1,0.0
U_node25node68_t2,0.0
U_node25node68_t3,0.0
U_node25node68_t4,0.0
U_node25node68_t5,0.0
U_node26node36_t0,0.0
U_node26node36_t1,0.0
U_node26node36_t2,0.0
U_node26node36_t3,0.0
U_node26node36_t4,0.0
U_node26node36_t5,0.0
U_node26node62_t0,0.0
U_node26node62_t1,0.0
U_node26node62_t2,0.0
U_node26node62_t3,0.0
U_node26node62_t4,0.0
U_node26node62_t5,0.0
U_node26node63_t0,0.0
U_node26node63_t1,0.0
U_node26node63_t2,0.0
U_node26node63_t3,0.0
U_node26node63_t4,0.0
U_node26node63_t5,0.0
U_node26node68_t0,0.0
U_node26node68_t1,0.0
U_node26node68_t2,0.0
U_node26node68_t3,0.0
U_node26node68_t4,0.0
U_node26node68_t5,0.0
U_node27node34_t0,0.0
U_node27node34_t1,0.0
U_node27node34_t2,0.0
U_node27node34_t3,0.0
U_node27node34_t4,0.0
U_node27node34_t5,0.0
U_node27node51_t0,0.0
U_node27node51_t1,0.0
U_node27node51_t2,0.0
U_node27node51_t3,0.0
U_node27node51_t4,0.0
U_node27node51_t5,0.0
U_node27node32_t0,0.0
U_node27node32_t1,0.0
U_node27node32_t2,0.0
U_node27node32_t3,0.0
U_node27node32_t4,0.0
U_node27node32_t5,0.0
U_node27node59_t0,0.0
U_node27node59_t1,0.0
U_node27node59_t2,0.0
U_node27node59_t3,0.0
U_node27node59_t4,0.0
U_node27node59_t5,0.0
U_node27node72_t0,0.0
U_node27node72_t1,0.0
U_node27node72_t2,0.0
U_node27node72_t3,0.0
U_node27node72_t4,0.0
U_node27node72_t5,0.0
U_node28node45_t0,0.0
U_node28node45_t1,0.0
U_node28node45_t2,0.0
U_node28node45_t3,0.0
U_node28node45_t4,0.0
U_node28node45_t5,0.0
U_node28node29_t0,0.0
U_node28node29_t1,0.0
U_node28node29_t2,0.0
U_node28node29_t3,0.0
U_node28node29_t4,0.0
U_node28node29_t5,0.0
U_node28node63_t0,0.0
U_node28node63_t1,0.0
U_node28node63_t2,0.0
U_node28node63_t3,0.0
U_node28node63_t4,0.0
U_node28node63_t5,0.0
U_node28node66_t0,0.0
U_node28node66_t1,0.0
U_node28node66_t2,0.0
U_node28node66_t3,0.0
U_node28node66_t4,0.0
U_node28node66_t5,0.0
U_node29node66_t0,0.0
U_node29node66_t1,0.0
U_node29node66_t2,0.0
U_node29node66_t3,0.0
U_node29node66_t4,0.0
U_node29node66_t5,0.0
U_node29node69_t0,0.0
U_node29node69_t1,0.0
U_node29node69_t2,0.0
U_node29node69_t3,0.0
U_node29node69_t4,0.0
U_node29node69_t5,0.0
U_node30node49_t0,0.0
U_node30node49_t1,0.0
U_node30node49_t2,0.0
U_node30node49_t3,0.0
U_node30node49_t4,0.0
U_node30node49_t5,0.0
U_node30node69_t0,0.0
U_node30node69_t1,0.0
U_node30node69_t2,0.0
U_node30node69_t3,0.0
U_node30node69_t4,0.0
U_node30node69_t5,0.0
U_node30node70_t0,0.0
U_node30node70_t1,0.0
U_node30node70_t2,0.0
U_node30node70_t3,0.0
U_node30node70_t4,0.0
U_node30node70_t5,0.0
U_node30node71_t0,0.0
U_node30node71_t1,0.0
U_node30node71_t2,0.0
U_node30node71_t3,0.0
U_node30node71_t4,0.0
U_node30node71_t5,0.0
U_node31node38_t0,0.0
U_node31node38_t1,0.0
U_node31node38_t2,0.0
U_node31node38_t3,0.0
U_node31node38_t4,0.0
U_node31node38_t5,0.0
U_node31node64_t0,0.0
U_node31node64_t1,0.0
U_node31node64_t2,0.0
U_node31node64_t3,0.0
U_node31node64_t4,0.0
U_node31node64_t5,0.0
U_node31node66_t0,0.0
U_node31node66_t1,0.0
U_node31node66_t2,0.0
U_node31node66_t3,0.0
U_node31node66_t4,0.0
U_node31node66_t5,0.0
U_node32node35_t0,0.0
U_node32node35_t1,0.0
U_node32node35_t2,0.0
U_node32node35_t3,0.0
U_node32node35_t4,0.0
U_node32node35_t5,0.0
U_node32node59_t0,0.0
U_node32node59_t1,0.0
U_node32node59_t2,0.0
U_node32node59_t3,0.0
U_node32node59_t4,0.0
U_node32node59_t5,0.0
U_node32node70_t0,0.0
U_node32node70_t1,0.0
U_node32node70_t2,0.0
U_node32node70_t3,0.0
U_node32node70_t4,0.0
U_node32node70_t5,0.0
U_node32node72_t0,0.0
U_node32node72_t1,0.0
U_node32node72_t2,0.0
U_node32node72_t3,0.0
U_node32node72_t4,0.0
U_node32node72_t5,0.0
U_node33node41_t0,0.0
U_node33node41_t1,0.0
U_node33node41_t2,0.0
U_node33node41_t3,0.0
U_node33node41_t4,0.0
U_node33node41_t5,0.0
U_node33node60_t0,0.0
U_node33node60_t1,0.0
U_node33node60_t2,0.0
U_node33node60_t3,0.0
U_node33node60_t4,0.0
U_node33node60_t5,0.0
U_node33node61_t0,0.0
U_node33node61_t1,0.0
U_node33node61_t2,0.0
U_node33node61_t3,0.0
U_node33node61_t4,0.0
U_node33node61_t5,0.0
U_node34node39_t0,0.0
U_node34node39_t1,0.0
U_node34node39_t2,0.0
U_node34node39_t3,0.0
U_node34node39_t4,0.0
U_node34node39_t5,0.0
U_node34node59_t0,0.0
U_node34node59_t1,0.0
U_node34node59_t2,0.0
U_node34node59_t3,0.0
U_node34node59_t4,0.0
U_node34node59_t5,0.0
U_node35node49_t0,0.0
U_node35node49_t1,0.0
U_node35node49_t2,0.0
U_node35node49_t3,0.0
U_node35node49_t4,0.0
U_node35node49_t5,0.0
U_node35node59_t0,0.0
U_node35node59_t1,0.0
U_node35node59_t2,0.0
U_node35node59_t3,0.0
U_node35node59_t4,0.0
U_node35node59_t5,0.0
U_node35node69_t0,0.0
U_node35node69_t1,0.0
U_node35node69_t2,0.0
U_node35node69_t3,0.0
U_node35node69_t4,0.0
U_node35node69_t5,0.0
U_node35node70_t0,0.0
U_node35node70_t1,0.0
U_node35node70_t2,0.0
U_node35node70_t3,0.0
U_node35node70_t4,0.0
U_node35node70_t5,0.0
U_node36node62_t0,0.0
U_node36node62_t1,0.0
U_node36node62_t2,0.0
U_node36node62_t3,0.0
U_node36node62_t4,0.0
U_node36node62_t5,0.0
U_node36node68_t0,0.0
U_node36node68_t1,0.0
U_node36node68_t2,0.0
U_node36node68_t3,0.0
U_node36node68_t4,0.0
U_node36node68_t5,0.0
U_node37node52_t0,0.0
U_node37node52_t1,0.0
U_node37node52_t2,0.0
U_node37node52_t3,0.0
U_node37node52_t4,0.0
U_node37node52_t5,0.0
U_node37node57_t0,0.0
U_node37node57_t1,0.0
U_node37node57_t2,0.0
U_node37node57_t3,0.0
U_node37node57_t4,0.0
U_node37node57_t5,0.0
U_node37node72_t0,0.0
U_node37node72_t1,0.0
U_node37node72_t2,0.0
U_node37node72_t3,0.0
U_node37node72_t4,0.0
U_node37node72_t5,0.0
U_node38node46_t0,0.0
U_node38node46_t1,0.0
U_node38node46_t2,0.0
U_node38node46_t3,0.0
U_node38node46_t4,0.0
U_node38node46_t5,0.0
U_node38node63_t0,0.0
U_node38node63_t1,0.0
U_node38node63_t2,0.0
U_node38node63_t3,0.0
U_node38node63_t4,0.0
U_node38node63_t5,0.0
U_node38node64_t0,0.0
U_node38node64_t1,0.0
U_node38node64_t2,0.0
U_node38node64_t3,0.0
U_node38node64_t4,0.0
U_node38node64_t5,0.0
U_node38node66_t0,0.0
U_node38node66_t1,0.0
U_node38node66_t2,0.0
U_node38node66_t3,0.0
U_node38node66_t4,0.0
U_node38node66_t5,0.0
U_node39node59_t0,0.0
U_node39node59_t1,0.0
U_node39node59_t2,0.0
U_node39node59_t3,0.0
U_node39node59_t4,0.0
U_node39node59_t5,0.0
U_node40node60_t0,0.0
U_node40node60_t1,0.0
U_node40node60_t2,0.0
U_node40node60_t3,0.0
U_node40node60_t4,0.0
U_node40node60_t5,0.0
U_node41node60_t0,0.0
U_node41node60_t1,0.0
U_node41node60_t2,0.0
U_node41node60_t3,0.0
U_node41node60_t4,0.0
U_node41node60_t5,0.0
U_node41node61_t0,0.0
U_node41node61_t1,0.0
U_node41node61_t2,0.0
U_node41node61_t3,0.0
U_node41node61_t4,0.0
U_node41node61_t5,0.0
U_node42node60_t0,0.0
U_node42node60_t1,0.0
U_node42node60_t2,0.0
U_node42node60_t3,0.0
U_node42node60_t4,0.0
U_node42node60_t5,0.0
U_node42node61_t0,0.0
U_node42node61_t1,0.0
U_node42node61_t2,0.0
U_node42node61_t3,0.0
U_node42node61_t4,0.0
U_node42node61_t5,0.0
U_node43node44_t0,0.0
U_node43node44_t1,0.0
U_node43node44_t2,0.0
U_node43node44_t3,0.0
U_node43node44_t4,0.0
U_node43node44_t5,0.0
U_node43node61_t0,0.0
U_node43node61_t1,0.0
U_node43node61_t2,0.0
U_node43node61_t3,0.0
U_node43node61_t4,0.0
U_node43node61_t5,0.0
U_node43node67_t0,0.0
U_node43node67_t1,0.0
U_node43node67_t2,0.0
U_node43node67_t3,0.0
U_node43node67_t4,0.0
U_node43node67_t5,0.0
U_node44node61_t0,0.0
U_node44node61_t1,0.0
U_node44node61_t2,0.0
U_node44node61_t3,0.0
U_node44node61_t4,0.0
U_node44node61_t5,0.0
U_node44node67_t0,0.0
U_node44node67_t1,0.0
U_node44node67_t2,0.0
U_node44node67_t3,0.0
U_node44node67_t4,0.0
U_node44node67_t5,0.0
U_node45node63_t0,0.0
U_node45node63_t1,0.0
U_node45node63_t2,0.0
U_node45node63_t3,0.0
U_node45node63_t4,0.0
U_node45node63_t5,0.0
U_node46node63_t0,0.0
U_node46node63_t1,0.0
U_node46node63_t2,0.0
U_node46node63_t3,0.0
U_node46node63_t4,0.0
U_node46node63_t5,0.0
U_node46node66_t0,0.0
U_node46node66_t1,0.0
U_node46node66_t2,0.0
U_node46node66_t3,0.0
U_node46node66_t4,0.0
U_node46node66_t5,0.0
U_node47node67_t0,0.0
U_node47node67_t1,0.0
U_node47node67_t2,0.0
U_node47node67_t3,0.0
U_node47node67_t4,0.0
U_node47node67_t5,0.0
U_node47node69_t0,0.0
U_node47node69_t1,0.0
U_node47node69_t2,0.0
U_node47node69_t3,0.0
U_node47node69_t4,0.0
U_node47node69_t5,0.0
U_node48node67_t0,0.0
U_node48node67_t1,0.0
U_node48node67_t2,0.0
U_node48node67_t3,0.0
U_node48node67_t4,0.0
U_node48node67_t5,0.0
U_node49node69_t0,0.0
U_node49node69_t1,0.0
U_node49node69_t2,0.0
U_node49node69_t3,0.0
U_node49node69_t4,0.0
U_node49node69_t5,0.0
U_node49node70_t0,0.0
U_node49node70_t1,0.0
U_node49node70_t2,0.0
U_node49node70_t3,0.0
U_node49node70_t4,0.0
U_node49node70_t5,0.0
U_node50node70_t0,0.0
U_node50node70_t1,0.0
U_node50node70_t2,0.0
U_node50node70_t3,0.0
U_node50node70_t4,0.0
U_node50node70_t5,0.0
U_node51node57_t0,0.0
U_node51node57_t1,0.0
U_node51node57_t2,0.0
U_node51node57_t3,0.0
U_node51node57_t4,0.0
U_node51node57_t5,0.0
U_node51node72_t0,0.0
U_node51node72_t1,0.0
U_node51node72_t2,0.0
U_node51node72_t3,0.0
U_node51node72_t4,0.0
U_node51node72_t5,0.0
U_node52node53_t0,0.0
U_node52node53_t1,0.0
U_node52node53_t2,0.0
U_node52node53_t3,0.0
U_node52node53_t4,0.0
U_node52node53_t5,0.0
U_node52node72_t0,0.0
U_node52node72_t1,0.0
U_node52node72_t2,0.0
U_node52node72_t3,0.0
U_node52node72_t4,0.0
U_node52node72_t5,0.0
U_node53node55_t0,0.0
U_node53node55_t1,0.0
U_node53node55_t2,0.0
U_node53node55_t3,0.0
U_node53node55_t4,0.0
U_node53node55_t5,0.0
U_node53node72_t0,0.0
U_node53node72_t1,0.0
U_node53node72_t2,0.0
U_node53node72_t3,0.0
U_node53node72_t4,0.0
U_node53node72_t5,0.0
U_node54node72_t0,0.0
U_node54node72_t1,0.0
U_node54node72_t2,0.0
U_node54node72_t3,0.0
U_node54node72_t4,0.0
U_node54node72_t5,0.0
U_node55node72_t0,0.0
U_node55node72_t1,0.0
U_node55node72_t2,0.0
U_node55node72_t3,0.0
U_node55node72_t4,0.0
U_node55node72_t5,0.0
U_node56node58_t0,0.0
U_node56node58_t1,0.0
U_node56node58_t2,0.0
U_node56node58_t3,0.0
U_node56node58_t4,0.0
U_node56node58_t5,0.0
U_node56node72_t0,0.0
U_node56node72_t1,0.0
U_node56node72_t2,0.0
U_node56node72_t3,0.0
U_node56node72_t4,0.0
U_node56node72_t5,0.0
U_node57node72_t0,0.0
U_node57node72_t1,0.0
U_node57node72_t2,0.0
U_node57node72_t3,0.0
U_node57node72_t4,0.0
U_node57node72_t5,0.0
U_node58node72_t0,0.0
U_node58node72_t1,0.0
U_node58node72_t2,0.0
U_node58node72_t3,0.0
U_node58node72_t4,0.0
U_node58node72_t5,0.0
flow_timber_node1node50_t1,0.0
flow_timber_node1node50_t2,0.0
flow_timber_node1node50_t3,0.0
flow_timber_node1node50_t4,0.0
flow_timber_node1node50_t5,0.0
flow_wide_node1node50_t1,0.0
flow_wide_node1node50_t2,0.0
flow_wide_node1node50_t3,0.0
flow_wide_node1node50_t4,0.0
flow_wide_node1node50_t5,0.0
flow_timber_node1node54_t1,0.0
flow_timber_node1node54_t2,0.0
flow_timber_node1node54_t3,0.0
flow_timber_node1node54_t4,0.0
flow_timber_node1node54_t5,0.0
flow_wide_node1node54_t1,0.0
flow_wide_node1node54_t2,0.0
flow_wide_node1node54_t3,0.0
flow_wide_node1node54_t4,0.0
flow_wide_node1node54_t5,0.0
flow_timber_node1node32_t1,9.0
flow_timber_node1node32_t2,9.0
flow_timber_node1node32_t3,9.0
flow_timber_node1node32_t4,9.0
flow_timber_node1node32_t5,9.0
flow_wide_node1node32_t1,0.0
flow_wide_node1node32_t2,0.0
flow_wide_node1node32_t3,0.0
flow_wide_node1node32_t4,0.0
flow_wide_node1node32_t5,0.0
flow_timber_node1node70_t1,0.0
flow_timber_node1node70_t2,0.0
flow_timber_node1node70_t3,0.0
flow_timber_node1node70_t4,0.0
flow_timber_node1node70_t5,0.0
flow_wide_node1node70_t1,0.0
flow_wide_node1node70_t2,0.0
flow_wide_node1node70_t3,0.0
flow_wide_node1node70_t4,0.0
flow_wide_node1node70_t5,0.0
flow_timber_node1node72_t1,0.0
flow_timber_node1node72_t2,0.0
flow_timber_node1node72_t3,0.0
flow_timber_node1node72_t4,0.0
flow_timber_node1node72_t5,0.0
flow_wide_node1node72_t1,0.0
flow_wide_node1node72_t2,0.0
flow_wide_node1node72_t3,0.0
flow_wide_node1node72_t4,0.0
flow_wide_node1node72_t5,0.0
flow_timber_node50node1_t1,0.0
flow_timber_node50node1_t2,0.0
flow_timber_node50node1_t3,0.0
flow_timber_node50node1_t4,0.0
flow_timber_node50node1_t5,0.0
flow_wide_node50node1_t1,0.0
flow_wide_node50node1_t2,0.0
flow_wide_node50node1_t3,0.0
flow_wide_node50node1_t4,0.0
flow_wide_node50node1_t5,0.0
flow_timber_node50node14_t1,0.0
flow_timber_node50node14_t2,0.0
flow_timber_node50node14_t3,0.0
flow_timber_node50node14_t4,0.0
flow_timber_node50node14_t5,0.0
flow_wide_node50node14_t1,0.0
flow_wide_node50node14_t2,0.0
flow_wide_node50node14_t3,0.0
flow_wide_node50node14_t4,0.0
flow_wide_node50node14_t5,0.0
flow_timber_node50node70_t1,0.0
flow_timber_node50node70_t2,0.0
flow_timber_node50node70_t3,0.0
flow_timber_node50node70_t4,0.0
flow_timber_node50node70_t5,0.0
flow_wide_node50node70_t1,0.0
flow_wide_node50node70_t2,0.0
flow_wide_node50node70_t3,0.0
flow_wide_node50node70_t4,0.0
flow_wide_node50node70_t5,0.0
flow_timber_node54node1_t1,0.0
flow_timber_node54node1_t2,0.0
flow_timber_node54node1_t3,0.0
flow_timber_node54node1_t4,0.0
flow_timber_node54node1_t5,0.0
flow_wide_node54node1_t1,0.0
flow_wide_node54node1_t2,0.0
flow_wide_node54node1_t3,0.0
flow_wide_node54node1_t4,0.0
flow_wide_node54node1_t5,0.0
flow_timber_node54node15_t1,0.0
flow_timber_node54node15_t2,0.0
flow_timber_node54node15_t3,0.0
flow_timber_node54node15_t4,0.0
flow_timber_node54node15_t5,0.0
flow_wide_node54node15_t1,0.0
flow_wide_node54node15_t2,0.0
flow_wide_node54node15_t3,0.0
flow_wide_node54node15_t4,0.0
flow_wide_node54node15_t5,0.0
flow_timber_node54node72_t1,0.0
flow_timber_node54node72_t2,0.0
flow_timber_node54node72_t3,0.0
flow_timber_node54node72_t4,0.0
flow_timber_node54node72_t5,0.0
flow_wide_node54node72_t1,0.0
flow_wide_node54node72_t2,0.0
flow_wide_node54node72_t3,0.0
flow_wide_node54node72_t4,0.0
flow_wide_node54node72_t5,0.0
flow_timber_node32node1_t1,9.0
flow_timber_node32node1_t2,9.0
flow_timber_node32node1_t3,9.0
flow_timber_node32node1_t4,9.0
flow_timber_node32node1_t5,9.0
flow_wide_node32node1_t1,0.0
flow_wide_node32node1_t2,0.0
flow_wide_node32node1_t3,0.0
flow_wide_node32node1_t4,0.0
flow_wide_node32node1_t5,0.0
flow_timber_node32node27_t1,9.0
flow_timber_node32node27_t2,9.0
flow_timber_node32node27_t3,9.0
flow_timber_node32node27_t4,9.0
flow_timber_node32node27_t5,9.0
flow_wide_node32node27_t1,0.0
flow_wide_node32node27_t2,0.0
flow_wide_node32node27_t3,0.0
flow_wide_node32node27_t4,0.0
flow_wide_node32node27_t5,0.0
flow_timber_node32node35_t1,9.0
flow_timber_node32node35_t2,9.0
flow_timber_node32node35_t3,9.0
flow_timber_node32node35_t4,9.0
flow_timber_node32node35_t5,9.0
flow_wide_node32node35_t1,0.0
flow_wide_node32node35_t2,0.0
flow_wide_node32node35_t3,0.0
flow_wide_node32node35_t4,0.0
flow_wide_node32node35_t5,0.0
flow_timber_node32node59_t1,0.0
flow_timber_node32node59_t2,0.0
flow_timber_node32node59_t3,0.0
flow_timber_node32node59_t4,0.0
flow_timber_node32node59_t5,0.0
flow_wide_node32node59_t1,0.0
flow_wide_node32node59_t2,0.0
flow_wide_node32node59_t3,0.0
flow_wide_node32node59_t4,0.0
flow_wide_node32node59_t5,0.0
flow_timber_node32node70_t1,0.0
flow_timber_node32node70_t2,0.0
flow_timber_node32node70_t3,0.0
flow_timber_node32node70_t4,0.0
flow_timber_node32node70_t5,0.0
flow_wide_node32node70_t1,0.0
flow_wide_node32node70_t2,0.0
flow_wide_node32node70_t3,0.0
flow_wide_node32node70_t4,0.0
flow_wide_node32node70_t5,0.0
flow_timber_node32node72_t1,0.0
flow_timber_node32node72_t2,0.0
flow_timber_node32node72_t3,0.0
flow_timber_node32node72_t4,0.0
flow_timber_node32node72_t5,0.0
flow_wide_node32node72_t1,0.0
flow_wide_node32node72_t2,0.0
flow_wide_node32node72_t3,0.0
flow_wide_node32node72_t4,0.0
flow_wide_node32node72_t5,0.0
flow_timber_node70node1_t1,0.0
flow_timber_node70node1_t2,0.0
flow_timber_node70node1_t3,0.0
flow_timber_node70node1_t4,0.0
flow_timber_node70node1_t5,0.0
flow_wide_node70node1_t1,0.0
flow_wide_node70node1_t2,0.0
flow_wide_node70node1_t3,0.0
flow_wide_node70node1_t4,0.0
flow_wide_node70node1_t5,0.0
flow_timber_node70node14_t1,0.0
flow_timber_node70node14_t2,0.0
flow_timber_node70node14_t3,0.0
flow_timber_node70node14_t4,0.0
flow_timber_node70node14_t5,0.0
flow_wide_node70node14_t1,0.0
flow_wide_node70node14_t2,0.0
flow_wide_node70node14_t3,0.0
flow_wide_node70node14_t4,0.0
flow_wide_node70node14_t5,0.0
flow_timber_node70node30_t1,0.0
flow_timber_node70node30_t2,0.0
flow_timber_node70node30_t3,0.0
flow_timber_node70node30_t4,0.0
flow_timber_node70node30_t5,0.0
flow_wide_node70node30_t1,0.0
flow_wide_node70node30_t2,0.0
flow_wide_node70node30_t3,0.0
flow_wide_node70node30_t4,0.0
flow_wide_node70node30_t5,0.0
flow_timber_node70node32_t1,0.0
flow_timber_node70node32_t2,0.0
flow_timber_node70node32_t3,0.0
flow_timber_node70node32_t4,0.0
flow_timber_node70node32_t5,0.0
flow_wide_node70node32_t1,0.0
flow_wide_node70node32_t2,0.0
flow_wide_node70node32_t3,0.0
flow_wide_node70node32_t4,0.0
flow_wide_node70node32_t5,0.0
flow_timber_node70node35_t1,0.0
flow_timber_node70node35_t2,0.0
flow_timber_node70node35_t3,0.0
flow_timber_node70node35_t4,0.0
flow_timber_node70node35_t5,0.0
flow_wide_node70node35_t1,0.0
flow_wide_node70node35_t2,0.0
flow_wide_node70node35_t3,0.0
flow_wide_node70node35_t4,0.0
flow_wide_node70node35_t5,0.0
flow_timber_node70node49_t1,0.0
flow_timber_node70node49_t2,0.0
flow_timber_node70node49_t3,0.0
flow_timber_node70node49_t4,0.0
flow_timber_node70node49_t5,0.0
flow_wide_node70node49_t1,0.0
flow_wide_node70node49_t2,0.0
flow_wide_node70node49_t3,0.0
flow_wide_node70node49_t4,0.0
flow_wide_node70node49_t5,0.0
flow_timber_node70node50_t1,0.0
flow_timber_node70node50_t2,0.0
flow_timber_node70node50_t3,0.0
flow_timber_node70node50_t4,0.0
flow_timber_node70node50_t5,0.0
flow_wide_node70node50_t1,0.0
flow_wide_node70node50_t2,0.0
flow_wide_node70node50_t3,0.0
flow_wide_node70node50_t4,0.0
flow_wide_node70node50_t5,0.0
flow_timber_node72node1_t1,0.0
flow_timber_node72node1_t2,0.0
flow_timber_node72node1_t3,0.0
flow_timber_node72node1_t4,0.0
flow_timber_node72node1_t5,0.0
flow_wide_node72node1_t1,0.0
flow_wide_node72node1_t2,0.0
flow_wide_node72node1_t3,0.0
flow_wide_node72node1_t4,0.0
flow_wide_node72node1_t5,0.0
flow_timber_node72node15_t1,0.0
flow_timber_node72node15_t2,0.0
flow_timber_node72node15_t3,0.0
flow_timber_node72node15_t4,0.0
flow_timber_node72node15_t5,0.0
flow_wide_node72node15_t1,0.0
flow_wide_node72node15_t2,0.0
flow_wide_node72node15_t3,0.0
flow_wide_node72node15_t4,0.0
flow_wide_node72node15_t5,0.0
flow_timber_node72node23_t1,0.0
flow_timber_node72node23_t2,0.0
flow_timber_node72node23_t3,0.0
flow_timber_node72node23_t4,0.0
flow_timber_node72node23_t5,0.0
flow_wide_node72node23_t1,0.0
flow_wide_node72node23_t2,0.0
flow_wide_node72node23_t3,0.0
flow_wide_node72node23_t4,0.0
flow_wide_node72node23_t5,0.0
flow_timber_node72node27_t1,0.0
flow_timber_node72node27_t2,0.0
flow_timber_node72node27_t3,0.0
flow_timber_node72node27_t4,0.0
flow_timber_node72node27_t5,0.0
flow_wide_node72node27_t1,0.0
flow_wide_node72node27_t2,0.0
flow_wide_node72node27_t3,0.0
flow_wide_node72node27_t4,0.0
flow_wide_node72node27_t5,0.0
flow_timber_node72node32_t1,0.0
flow_timber_node72node32_t2,0.0
flow_timber_node72node32_t3,0.0
flow_timber_node72node32_t4,0.0
flow_timber_node72node32_t5,0.0
flow_wide_node72node32_t1,0.0
flow_wide_node72node32_t2,0.0
flow_wide_node72node32_t3,0.0
flow_wide_node72node32_t4,0.0
flow_wide_node72node32_t5,0.0
flow_timber_node72node37_t1,0.0
flow_timber_node72node37_t2,0.0
flow_timber_node72node37_t3,0.0
flow_timber_node72node37_t4,0.0
flow_timber_node72node37_t5,0.0
flow_wide_node72node37_t1,0.0
flow_wide_node72node37_t2,0.0
flow_wide_node72node37_t3,0.0
flow_wide_node72node37_t4,0.0
flow_wide_node72node37_t5,0.0
flow_timber_node72node51_t1,0.0
flow_timber_node72node51_t2,0.0
flow_timber_node72node51_t3,0.0
flow_timber_node72node51_t4,0.0
flow_timber_node72node51_t5,0.0
flow_wide_node72node51_t1,0.0
flow_wide_node72node51_t2,0.0
flow_wide_node72node51_t3,0.0
flow_wide_node72node51_t4,0.0
flow_wide_node72node51_t5,0.0
flow_timber_node72node52_t1,0.0
flow_timber_node72node52_t2,0.0
flow_timber_node72node52_t3,0.0
flow_timber_node72node52_t4,0.0
flow_timber_node72node52_t5,0.0
flow_wide_node72node52_t1,0.0
flow_wide_node72node52_t2,0.0
flow_wide_node72node52_t3,0.0
flow_wide_node72node52_t4,0.0
flow_wide_node72node52_t5,0.0
flow_timber_node72node53_t1,0.0
flow_timber_node72node53_t2,0.0
flow_timber_node72node53_t3,0.0
flow_timber_node72node53_t4,0.0
flow_timber_node72node53_t5,0.0
flow_wide_node72node53_t1,0.0
flow_wide_node72node53_t2,0.0
flow_wide_node72node53_t3,0.0
flow_wide_node72node53_t4,0.0
flow_wide_node72node53_t5,0.0
flow_timber_node72node54_t1,0.0
flow_timber_node72node54_t2,0.0
flow_timber_node72node54_t3,0.0
flow_timber_node72node54_t4,0.0
flow_timber_node72node54_t5,0.0
flow_wide_node72node54_t1,0.0
flow_wide_node72node54_t2,0.0
flow_wide_node72node54_t3,0.0
flow_wide_node72node54_t4,0.0
flow_wide_node72node54_t5,0.0
flow_timber_node72node55_t1,0.0
flow_timber_node72node55_t2,0.0
flow_timber_node72node55_t3,0.0
flow_timber_node72node55_t4,0.0
flow_timber_node72node55_t5,0.0
flow_wide_node72node55_t1,0.0
flow_wide_node72node55_t2,0.0
flow_wide_node72node55_t3,0.0
flow_wide_node72node55_t4,0.0
flow_wide_node72node55_t5,0.0
flow_timber_node72node56_t1,0.0
flow_timber_node72node56_t2,0.0
flow_timber_node72node56_t3,0.0
flow_timber_node72node56_t4,0.0
flow_timber_node72node56_t5,0.0
flow_wide_node72node56_t1,0.0
flow_wide_node72node56_t2,0.0
flow_wide_node72node56_t3,0.0
flow_wide_node72node56_t4,0.0
flow_wide_node72node56_t5,0.0
flow_timber_node72node57_t1,0.0
flow_timber_node72node57_t2,0.0
flow_timber_node72node57_t3,0.0
flow_timber_node72node57_t4,0.0
flow_timber_node72node57_t5,0.0
flow_wide_node72node57_t1,0.0
flow_wide_node72node57_t2,0.0
flow_wide_node72node57_t3,0.0
flow_wide_node72node57_t4,0.0
flow_wide_node72node57_t5,0.0
flow_timber_node72node58_t1,0.0
flow_timber_node72node58_t2,0.0
flow_timber_node72node58_t3,0.0
flow_timber_node72node58_t4,0.0
flow_timber_node72node58_t5,0.0
flow_wide_node72node58_t1,0.0
flow_wide_node72node58_t2,0.0
flow_wide_node72node58_t3,0.0
flow_wide_node72node58_t4,0.0
flow_wide_node72node58_t5,0.0
flow_timber_node2node39_t1,0.0
flow_timber_node2node39_t2,0.0
flow_timber_node2node39_t3,0.0
flow_timber_node2node39_t4,0.0
flow_timber_node2node39_t5,0.0
flow_wide_node2node39_t1,0.0
flow_wide_node2node39_t2,0.0
flow_wide_node2node39_t3,0.0
flow_wide_node2node39_t4,0.0
flow_wide_node2node39_t5,0.0
flow_timber_node2node35_t1,9.0
flow_timber_node2node35_t2,9.0
flow_timber_node2node35_t3,9.0
flow_timber_node2node35_t4,9.0
flow_timber_node2node35_t5,9.0
flow_wide_node2node35_t1,0.0
flow_wide_node2node35_t2,0.0
flow_wide_node2node35_t3,0.0
flow_wide_node2node35_t4,0.0
flow_wide_node2node35_t5,0.0
flow_timber_node2node5_t1,9.0
flow_timber_node2node5_t2,9.0
flow_timber_node2node5_t3,9.0
flow_timber_node2node5_t4,9.0
flow_timber_node2node5_t5,9.0
flow_wide_node2node5_t1,0.0
flow_wide_node2node5_t2,0.0
flow_wide_node2node5_t3,0.0
flow_wide_node2node5_t4,0.0
flow_wide_node2node5_t5,0.0
flow_timber_node2node59_t1,0.0
flow_timber_node2node59_t2,0.0
flow_timber_node2node59_t3,0.0
flow_timber_node2node59_t4,0.0
flow_timber_node2node59_t5,0.0
flow_wide_node2node59_t1,0.0
flow_wide_node2node59_t2,0.0
flow_wide_node2node59_t3,0.0
flow_wide_node2node59_t4,0.0
flow_wide_node2node59_t5,0.0
flow_timber_node2node69_t1,0.0
flow_timber_node2node69_t2,0.0
flow_timber_node2node69_t3,0.0
flow_timber_node2node69_t4,0.0
flow_timber_node2node69_t5,0.0
flow_wide_node2node69_t1,0.0
flow_wide_node2node69_t2,0.0
flow_wide_node2node69_t3,0.0
flow_wide_node2node69_t4,0.0
flow_wide_node2node69_t5,0.0
flow_timber_node39node2_t1,0.0
flow_timber_node39node2_t2,0.0
flow_timber_node39node2_t3,0.0
flow_timber_node39node2_t4,0.0
flow_timber_node39node2_t5,0.0
flow_wide_node39node2_t1,0.0
flow_wide_node39node2_t2,0.0
flow_wide_node39node2_t3,0.0
flow_wide_node39node2_t4,0.0
flow_wide_node39node2_t5,0.0
flow_timber_node39node34_t1,0.0
flow_timber_node39node34_t2,0.0
flow_timber_node39node34_t3,0.0
flow_timber_node39node34_t4,0.0
flow_timber_node39node34_t5,0.0
flow_wide_node39node34_t1,0.0
flow_wide_node39node34_t2,0.0
flow_wide_node39node34_t3,0.0
flow_wide_node39node34_t4,0.0
flow_wide_node39node34_t5,0.0
flow_timber_node39node59_t1,0.0
flow_timber_node39node59_t2,0.0
flow_timber_node39node59_t3,0.0
flow_timber_node39node59_t4,0.0
flow_timber_node39node59_t5,0.0
flow_wide_node39node59_t1,0.0
flow_wide_node39node59_t2,0.0
flow_wide_node39node59_t3,0.0
flow_wide_node39node59_t4,0.0
flow_wide_node39node59_t5,0.0
flow_timber_node35node2_t1,9.0
flow_timber_node35node2_t2,9.0
flow_timber_node35node2_t3,9.0
flow_timber_node35node2_t4,9.0
flow_timber_node35node2_t5,9.0
flow_wide_node35node2_t1,0.0
flow_wide_node35node2_t2,0.0
flow_wide_node35node2_t3,0.0
flow_wide_node35node2_t4,0.0
flow_wide_node35node2_t5,0.0
flow_timber_node35node32_t1,9.0
flow_timber_node35node32_t2,9.0
flow_timber_node35node32_t3,9.0
flow_timber_node35node32_t4,9.0
flow_timber_node35node32_t5,9.0
flow_wide_node35node32_t1,0.0
flow_wide_node35node32_t2,0.0
flow_wide_node35node32_t3,0.0
flow_wide_node35node32_t4,0.0
flow_wide_node35node32_t5,0.0
flow_timber_node35node49_t1,0.0
flow_timber_node35node49_t2,0.0
flow_timber_node35node49_t3,0.0
flow_timber_node35node49_t4,0.0
flow_timber_node35node49_t5,0.0
flow_wide_node35node49_t1,0.0
flow_wide_node35node49_t2,0.0
flow_wide_node35node49_t3,0.0
flow_wide_node35node49_t4,0.0
flow_wide_node35node49_t5,0.0
flow_timber_node35node59_t1,0.0
flow_timber_node35node59_t2,0.0
flow_timber_node35node59_t3,0.0
flow_timber_node35node59_t4,0.0
flow_timber_node35node59_t5,0.0
flow_wide_node35node59_t1,0.0
flow_wide_node35node59_t2,0.0
flow_wide_node35node59_t3,0.0
flow_wide_node35node59_t4,0.0
flow_wide_node35node59_t5,0.0
flow_timber_node35node69_t1,0.0
flow_timber_node35node69_t2,0.0
flow_timber_node35node69_t3,0.0
flow_timber_node35node69_t4,0.0
flow_timber_node35node69_t5,0.0
flow_wide_node35node69_t1,0.0
flow_wide_node35node69_t2,0.0
flow_wide_node35node69_t3,0.0
flow_wide_node35node69_t4,0.0
flow_wide_node35node69_t5,0.0
flow_timber_node35node70_t1,0.0
flow_timber_node35node70_t2,0.0
flow_timber_node35node70_t3,0.0
flow_timber_node35node70_t4,0.0
flow_timber_node35node70_t5,0.0
flow_wide_node35node70_t1,0.0
flow_wide_node35node70_t2,0.0
flow_wide_node35node70_t3,0.0
flow_wide_node35node70_t4,0.0
flow_wide_node35node70_t5,0.0
flow_timber_node5node2_t1,9.0
flow_timber_node5node2_t2,9.0
flow_timber_node5node2_t3,9.0
flow_timber_node5node2_t4,9.0
flow_timber_node5node2_t5,9.0
flow_wide_node5node2_t1,0.0
flow_wide_node5node2_t2,0.0
flow_wide_node5node2_t3,0.0
flow_wide_node5node2_t4,0.0
flow_wide_node5node2_t5,0.0
flow_timber_node5node10_t1,9.0
flow_timber_node5node10_t2,9.0
flow_timber_node5node10_t3,9.0
flow_timber_node5node10_t4,9.0
flow_timber_node5node10_t5,9.0
flow_wide_node5node10_t1,0.0
flow_wide_node5node10_t2,0.0
flow_wide_node5node10_t3,0.0
flow_wide_node5node10_t4,0.0
flow_wide_node5node10_t5,0.0
flow_timber_node5node47_t1,0.0
flow_timber_node5node47_t2,0.0
flow_timber_node5node47_t3,0.0
flow_timber_node5node47_t4,0.0
flow_timber_node5node47_t5,0.0
flow_wide_node5node47_t1,0.0
flow_wide_node5node47_t2,0.0
flow_wide_node5node47_t3,0.0
flow_wide_node5node47_t4,0.0
flow_wide_node5node47_t5,0.0
flow_timber_node5node67_t1,0.0
flow_timber_node5node67_t2,0.0
flow_timber_node5node67_t3,0.0
flow_timber_node5node67_t4,0.0
flow_timber_node5node67_t5,0.0
flow_wide_node5node67_t1,0.0
flow_wide_node5node67_t2,0.0
flow_wide_node5node67_t3,0.0
flow_wide_node5node67_t4,0.0
flow_wide_node5node67_t5,0.0
flow_timber_node5node69_t1,0.0
flow_timber_node5node69_t2,0.0
flow_timber_node5node69_t3,0.0
flow_timber_node5node69_t4,0.0
flow_timber_node5node69_t5,0.0
flow_wide_node5node69_t1,0.0
flow_wide_node5node69_t2,0.0
flow_wide_node5node69_t3,0.0
flow_wide_node5node69_t4,0.0
flow_wide_node5node69_t5,0.0
flow_timber_node59node2_t1,0.0
flow_timber_node59node2_t2,0.0
flow_timber_node59node2_t3,0.0
flow_timber_node59node2_t4,0.0
flow_timber_node59node2_t5,0.0
flow_wide_node59node2_t1,0.0
flow_wide_node59node2_t2,0.0
flow_wide_node59node2_t3,0.0
flow_wide_node59node2_t4,0.0
flow_wide_node59node2_t5,0.0
flow_timber_node59node27_t1,0.0
flow_timber_node59node27_t2,0.0
flow_timber_node59node27_t3,0.0
flow_timber_node59node27_t4,0.0
flow_timber_node59node27_t5,0.0
flow_wide_node59node27_t1,0.0
flow_wide_node59node27_t2,0.0
flow_wide_node59node27_t3,0.0
flow_wide_node59node27_t4,0.0
flow_wide_node59node27_t5,0.0
flow_timber_node59node32_t1,0.0
flow_timber_node59node32_t2,0.0
flow_timber_node59node32_t3,0.0
flow_timber_node59node32_t4,0.0
flow_timber_node59node32_t5,0.0
flow_wide_node59node32_t1,0.0
flow_wide_node59node32_t2,0.0
flow_wide_node59node32_t3,0.0
flow_wide_node59node32_t4,0.0
flow_wide_node59node32_t5,0.0
flow_timber_node59node34_t1,0.0
flow_timber_node59node34_t2,0.0
flow_timber_node59node34_t3,0.0
flow_timber_node59node34_t4,0.0
flow_timber_node59node34_t5,0.0
flow_wide_node59node34_t1,0.0
flow_wide_node59node34_t2,0.0
flow_wide_node59node34_t3,0.0
flow_wide_node59node34_t4,0.0
flow_wide_node59node34_t5,0.0
flow_timber_node59node35_t1,0.0
flow_timber_node59node35_t2,0.0
flow_timber_node59node35_t3,0.0
flow_timber_node59node35_t4,0.0
flow_timber_node59node35_t5,0.0
flow_wide_node59node35_t1,0.0
flow_wide_node59node35_t2,0.0
flow_wide_node59node35_t3,0.0
flow_wide_node59node35_t4,0.0
flow_wide_node59node35_t5,0.0
flow_timber_node59node39_t1,0.0
flow_timber_node59node39_t2,0.0
flow_timber_node59node39_t3,0.0
flow_timber_node59node39_t4,0.0
flow_timber_node59node39_t5,0.0
flow_wide_node59node39_t1,0.0
flow_wide_node59node39_t2,0.0
flow_wide_node59node39_t3,0.0
flow_wide_node59node39_t4,0.0
flow_wide_node59node39_t5,0.0
flow_timber_node69node2_t1,0.0
flow_timber_node69node2_t2,0.0
flow_timber_node69node2_t3,0.0
flow_timber_node69node2_t4,0.0
flow_timber_node69node2_t5,0.0
flow_wide_node69node2_t1,0.0
flow_wide_node69node2_t2,0.0
flow_wide_node69node2_t3,0.0
flow_wide_node69node2_t4,0.0
flow_wide_node69node2_t5,0.0
flow_timber_node69node4_t1,0.0
flow_timber_node69node4_t2,0.0
flow_timber_node69node4_t3,0.0
flow_timber_node69node4_t4,0.0
flow_timber_node69node4_t5,0.0
flow_wide_node69node4_t1,0.0
flow_wide_node69node4_t2,0.0
flow_wide_node69node4_t3,0.0
flow_wide_node69node4_t4,0.0
flow_wide_node69node4_t5,0.0
flow_timber_node69node5_t1,0.0
flow_timber_node69node5_t2,0.0
flow_timber_node69node5_t3,0.0
flow_timber_node69node5_t4,0.0
flow_timber_node69node5_t5,0.0
flow_wide_node69node5_t1,0.0
flow_wide_node69node5_t2,0.0
flow_wide_node69node5_t3,0.0
flow_wide_node69node5_t4,0.0
flow_wide_node69node5_t5,0.0
flow_timber_node69node11_t1,0.0
flow_timber_node69node11_t2,0.0
flow_timber_node69node11_t3,0.0
flow_timber_node69node11_t4,0.0
flow_timber_node69node11_t5,0.0
flow_wide_node69node11_t1,0.0
flow_wide_node69node11_t2,0.0
flow_wide_node69node11_t3,0.0
flow_wide_node69node11_t4,0.0
flow_wide_node69node11_t5,0.0
flow_timber_node69node13_t1,0.0
flow_timber_node69node13_t2,0.0
flow_timber_node69node13_t3,0.0
flow_timber_node69node13_t4,0.0
flow_timber_node69node13_t5,0.0
flow_wide_node69node13_t1,0.0
flow_wide_node69node13_t2,0.0
flow_wide_node69node13_t3,0.0
flow_wide_node69node13_t4,0.0
flow_wide_node69node13_t5,0.0
flow_timber_node69node29_t1,0.0
flow_timber_node69node29_t2,0.0
flow_timber_node69node29_t3,0.0
flow_timber_node69node29_t4,0.0
flow_timber_node69node29_t5,0.0
flow_wide_node69node29_t1,0.0
flow_wide_node69node29_t2,0.0
flow_wide_node69node29_t3,0.0
flow_wide_node69node29_t4,0.0
flow_wide_node69node29_t5,0.0
flow_timber_node69node30_t1,0.0
flow_timber_node69node30_t2,0.0
flow_timber_node69node30_t3,0.0
flow_timber_node69node30_t4,0.0
flow_timber_node69node30_t5,0.0
flow_wide_node69node30_t1,0.0
flow_wide_node69node30_t2,0.0
flow_wide_node69node30_t3,0.0
flow_wide_node69node30_t4,0.0
flow_wide_node69node30_t5,0.0
flow_timber_node69node35_t1,0.0
flow_timber_node69node35_t2,0.0
flow_timber_node69node35_t3,0.0
flow_timber_node69node35_t4,0.0
flow_timber_node69node35_t5,0.0
flow_wide_node69node35_t1,0.0
flow_wide_node69node35_t2,0.0
flow_wide_node69node35_t3,0.0
flow_wide_node69node35_t4,0.0
flow_wide_node69node35_t5,0.0
flow_timber_node69node47_t1,0.0
flow_timber_node69node47_t2,0.0
flow_timber_node69node47_t3,0.0
flow_timber_node69node47_t4,0.0
flow_timber_node69node47_t5,0.0
flow_wide_node69node47_t1,0.0
flow_wide_node69node47_t2,0.0
flow_wide_node69node47_t3,0.0
flow_wide_node69node47_t4,0.0
flow_wide_node69node47_t5,0.0
flow_timber_node69node49_t1,0.0
flow_timber_node69node49_t2,0.0
flow_timber_node69node49_t3,0.0
flow_timber_node69node49_t4,0.0
flow_timber_node69node49_t5,0.0
flow_wide_node69node49_t1,0.0
flow_wide_node69node49_t2,0.0
flow_wide_node69node49_t3,0.0
flow_wide_node69node49_t4,0.0
flow_wide_node69node49_t5,0.0
flow_timber_node3node12_t1,0.0
flow_timber_node3node12_t2,0.0
flow_timber_node3node12_t3,0.0
flow_timber_node3node12_t4,0.0
flow_timber_node3node12_t5,0.0
flow_wide_node3node12_t1,0.0
flow_wide_node3node12_t2,0.0
flow_wide_node3node12_t3,0.0
flow_wide_node3node12_t4,0.0
flow_wide_node3node12_t5,0.0
flow_timber_node3node21_t1,0.0
flow_timber_node3node21_t2,0.0
flow_timber_node3node21_t3,0.0
flow_timber_node3node21_t4,0.0
flow_timber_node3node21_t5,0.0
flow_wide_node3node21_t1,0.0
flow_wide_node3node21_t2,0.0
flow_wide_node3node21_t3,0.0
flow_wide_node3node21_t4,0.0
flow_wide_node3node21_t5,0.0
flow_timber_node3node60_t1,0.0
flow_timber_node3node60_t2,0.0
flow_timber_node3node60_t3,0.0
flow_timber_node3node60_t4,0.0
flow_timber_node3node60_t5,0.0
flow_wide_node3node60_t1,0.0
flow_wide_node3node60_t2,0.0
flow_wide_node3node60_t3,0.0
flow_wide_node3node60_t4,0.0
flow_wide_node3node60_t5,0.0
flow_timber_node12node3_t1,0.0
flow_timber_node12node3_t2,0.0
flow_timber_node12node3_t3,0.0
flow_timber_node12node3_t4,0.0
flow_timber_node12node3_t5,0.0
flow_wide_node12node3_t1,0.0
flow_wide_node12node3_t2,0.0
flow_wide_node12node3_t3,0.0
flow_wide_node12node3_t4,0.0
flow_wide_node12node3_t5,0.0
flow_timber_node12node40_t1,0.0
flow_timber_node12node40_t2,0.0
flow_timber_node12node40_t3,0.0
flow_timber_node12node40_t4,0.0
flow_timber_node12node40_t5,0.0
flow_wide_node12node40_t1,0.0
flow_wide_node12node40_t2,0.0
flow_wide_node12node40_t3,0.0
flow_wide_node12node40_t4,0.0
flow_wide_node12node40_t5,0.0
flow_timber_node12node60_t1,0.0
flow_timber_node12node60_t2,0.0
flow_timber_node12node60_t3,0.0
flow_timber_node12node60_t4,0.0
flow_timber_node12node60_t5,0.0
flow_wide_node12node60_t1,0.0
flow_wide_node12node60_t2,0.0
flow_wide_node12node60_t3,0.0
flow_wide_node12node60_t4,0.0
flow_wide_node12node60_t5,0.0
flow_timber_node21node3_t1,0.0
flow_timber_node21node3_t2,0.0
flow_timber_node21node3_t3,0.0
flow_timber_node21node3_t4,0.0
flow_timber_node21node3_t5,0.0
flow_wide_node21node3_t1,0.0
flow_wide_node21node3_t2,0.0
flow_wide_node21node3_t3,0.0
flow_wide_node21node3_t4,0.0
flow_wide_node21node3_t5,0.0
flow_timber_node21node10_t1,9.0
flow_timber_node21node10_t2,9.0
flow_timber_node21node10_t3,9.0
flow_timber_node21node10_t4,9.0
flow_timber_node21node10_t5,9.0
flow_wide_node21node10_t1,0.0
flow_wide_node21node10_t2,0.0
flow_wide_node21node10_t3,0.0
flow_wide_node21node10_t4,0.0
flow_wide_node21node10_t5,0.0
flow_timber_node21node42_t1,0.0
flow_timber_node21node42_t2,0.0
flow_timber_node21node42_t3,0.0
flow_timber_node21node42_t4,0.0
flow_timber_node21node42_t5,0.0
flow_wide_node21node42_t1,0.0
flow_wide_node21node42_t2,0.0
flow_wide_node21node42_t3,0.0
flow_wide_node21node42_t4,0.0
flow_wide_node21node42_t5,0.0
flow_timber_node21node60_t1,0.0
flow_timber_node21node60_t2,0.0
flow_timber_node21node60_t3,0.0
flow_timber_node21node60_t4,0.0
flow_timber_node21node60_t5,0.0
flow_wide_node21node60_t1,0.0
flow_wide_node21node60_t2,0.0
flow_wide_node21node60_t3,0.0
flow_wide_node21node60_t4,0.0
flow_wide_node21node60_t5,0.0
flow_timber_node21node61_t1,0.0
flow_timber_node21node61_t2,0.0
flow_timber_node21node61_t3,0.0
flow_timber_node21node61_t4,0.0
flow_timber_node21node61_t5,0.0
flow_wide_node21node61_t1,0.0
flow_wide_node21node61_t2,0.0
flow_wide_node21node61_t3,0.0
flow_wide_node21node61_t4,0.0
flow_wide_node21node61_t5,0.0
flow_timber_node60node3_t1,0.0
flow_timber_node60node3_t2,0.0
flow_timber_node60node3_t3,0.0
flow_timber_node60node3_t4,0.0
flow_timber_node60node3_t5,0.0
flow_wide_node60node3_t1,0.0
flow_wide_node60node3_t2,0.0
flow_wide_node60node3_t3,0.0
flow_wide_node60node3_t4,0.0
flow_wide_node60node3_t5,0.0
flow_timber_node60node9_t1,0.0
flow_timber_node60node9_t2,0.0
flow_timber_node60node9_t3,0.0
flow_timber_node60node9_t4,0.0
flow_timber_node60node9_t5,0.0
flow_wide_node60node9_t1,0.0
flow_wide_node60node9_t2,0.0
flow_wide_node60node9_t3,0.0
flow_wide_node60node9_t4,0.0
flow_wide_node60node9_t5,0.0
flow_timber_node60node12_t1,0.0
flow_timber_node60node12_t2,0.0
flow_timber_node60node12_t3,0.0
flow_timber_node60node12_t4,0.0
flow_timber_node60node12_t5,0.0
flow_wide_node60node12_t1,0.0
flow_wide_node60node12_t2,0.0
flow_wide_node60node12_t3,0.0
flow_wide_node60node12_t4,0.0
flow_wide_node60node12_t5,0.0
flow_timber_node60node17_t1,0.0
flow_timber_node60node17_t2,0.0
flow_timber_node60node17_t3,0.0
flow_timber_node60node17_t4,0.0
flow_timber_node60node17_t5,0.0
flow_wide_node60node17_t1,0.0
flow_wide_node60node17_t2,0.0
flow_wide_node60node17_t3,0.0
flow_wide_node60node17_t4,0.0
flow_wide_node60node17_t5,0.0
flow_timber_node60node21_t1,0.0
flow_timber_node60node21_t2,0.0
flow_timber_node60node21_t3,0.0
flow_timber_node60node21_t4,0.0
flow_timber_node60node21_t5,0.0
flow_wide_node60node21_t1,0.0
flow_wide_node60node21_t2,0.0
flow_wide_node60node21_t3,0.0
flow_wide_node60node21_t4,0.0
flow_wide_node60node21_t5,0.0
flow_timber_node60node33_t1,0.0
flow_timber_node60node33_t2,0.0
flow_timber_node60node33_t3,0.0
flow_timber_node60node33_t4,0.0
flow_timber_node60node33_t5,0.0
flow_wide_node60node33_t1,0.0
flow_wide_node60node33_t2,0.0
flow_wide_node60node33_t3,0.0
flow_wide_node60node33_t4,0.0
flow_wide_node60node33_t5,0.0
flow_timber_node60node40_t1,0.0
flow_timber_node60node40_t2,0.0
flow_timber_node60node40_t3,0.0
flow_timber_node60node40_t4,0.0
flow_timber_node60node40_t5,0.0
flow_wide_node60node40_t1,0.0
flow_wide_node60node40_t2,0.0
flow_wide_node60node40_t3,0.0
flow_wide_node60node40_t4,0.0
flow_wide_node60node40_t5,0.0
flow_timber_node60node41_t1,0.0
flow_timber_node60node41_t2,0.0
flow_timber_node60node41_t3,0.0
flow_timber_node60node41_t4,0.0
flow_timber_node60node41_t5,0.0
flow_wide_node60node41_t1,0.0
flow_wide_node60node41_t2,0.0
flow_wide_node60node41_t3,0.0
flow_wide_node60node41_t4,0.0
flow_wide_node60node41_t5,0.0
flow_timber_node60node42_t1,0.0
flow_timber_node60node42_t2,0.0
flow_timber_node60node42_t3,0.0
flow_timber_node60node42_t4,0.0
flow_timber_node60node42_t5,0.0
flow_wide_node60node42_t1,0.0
flow_wide_node60node42_t2,0.0
flow_wide_node60node42_t3,0.0
flow_wide_node60node42_t4,0.0
flow_wide_node60node42_t5,0.0
flow_timber_node4node29_t1,9.0
flow_timber_node4node29_t2,9.0
flow_timber_node4node29_t3,9.0
flow_timber_node4node29_t4,9.0
flow_timber_node4node29_t5,9.0
flow_wide_node4node29_t1,0.0
flow_wide_node4node29_t2,0.0
flow_wide_node4node29_t3,0.0
flow_wide_node4node29_t4,0.0
flow_wide_node4node29_t5,0.0
flow_timber_node4node31_t1,9.0
flow_timber_node4node31_t2,9.0
flow_timber_node4node31_t3,9.0
flow_timber_node4node31_t4,9.0
flow_timber_node4node31_t5,9.0
flow_wide_node4node31_t1,0.0
flow_wide_node4node31_t2,0.0
flow_wide_node4node31_t3,0.0
flow_wide_node4node31_t4,0.0
flow_wide_node4node31_t5,0.0
flow_timber_node4node11_t1,9.0
flow_timber_node4node11_t2,9.0
flow_timber_node4node11_t3,9.0
flow_timber_node4node11_t4,9.0
flow_timber_node4node11_t5,9.0
flow_wide_node4node11_t1,0.0
flow_wide_node4node11_t2,0.0
flow_wide_node4node11_t3,0.0
flow_wide_node4node11_t4,0.0
flow_wide_node4node11_t5,0.0
flow_timber_node4node66_t1,0.0
flow_timber_node4node66_t2,0.0
flow_timber_node4node66_t3,0.0
flow_timber_node4node66_t4,0.0
flow_timber_node4node66_t5,0.0
flow_wide_node4node66_t1,0.0
flow_wide_node4node66_t2,0.0
flow_wide_node4node66_t3,0.0
flow_wide_node4node66_t4,0.0
flow_wide_node4node66_t5,0.0
flow_timber_node4node69_t1,0.0
flow_timber_node4node69_t2,0.0
flow_timber_node4node69_t3,0.0
flow_timber_node4node69_t4,0.0
flow_timber_node4node69_t5,0.0
flow_wide_node4node69_t1,0.0
flow_wide_node4node69_t2,0.0
flow_wide_node4node69_t3,0.0
flow_wide_node4node69_t4,0.0
flow_wide_node4node69_t5,0.0
flow_timber_node29node4_t1,9.0
flow_timber_node29node4_t2,9.0
flow_timber_node29node4_t3,9.0
flow_timber_node29node4_t4,9.0
flow_timber_node29node4_t5,9.0
flow_wide_node29node4_t1,0.0
flow_wide_node29node4_t2,0.0
flow_wide_node29node4_t3,0.0
flow_wide_node29node4_t4,0.0
flow_wide_node29node4_t5,0.0
flow_timber_node29node13_t1,9.0
flow_timber_node29node13_t2,9.0
flow_timber_node29node13_t3,9.0
flow_timber_node29node13_t4,9.0
flow_timber_node29node13_t5,9.0
flow_wide_node29node13_t1,0.0
flow_wide_node29node13_t2,0.0
flow_wide_node29node13_t3,0.0
flow_wide_node29node13_t4,0.0
flow_wide_node29node13_t5,0.0
flow_timber_node29node28_t1,9.0
flow_timber_node29node28_t2,9.0
flow_timber_node29node28_t3,9.0
flow_timber_node29node28_t4,9.0
flow_timber_node29node28_t5,9.0
flow_wide_node29node28_t1,0.0
flow_wide_node29node28_t2,0.0
flow_wide_node29node28_t3,0.0
flow_wide_node29node28_t4,0.0
flow_wide_node29node28_t5,0.0
flow_timber_node29node66_t1,0.0
flow_timber_node29node66_t2,0.0
flow_timber_node29node66_t3,0.0
flow_timber_node29node66_t4,0.0
flow_timber_node29node66_t5,0.0
flow_wide_node29node66_t1,0.0
flow_wide_node29node66_t2,0.0
flow_wide_node29node66_t3,0.0
flow_wide_node29node66_t4,0.0
flow_wide_node29node66_t5,0.0
flow_timber_node29node69_t1,0.0
flow_timber_node29node69_t2,0.0
flow_timber_node29node69_t3,0.0
flow_timber_node29node69_t4,0.0
flow_timber_node29node69_t5,0.0
flow_wide_node29node69_t1,0.0
flow_wide_node29node69_t2,0.0
flow_wide_node29node69_t3,0.0
flow_wide_node29node69_t4,0.0
flow_wide_node29node69_t5,0.0
flow_timber_node31node4_t1,9.0
flow_timber_node31node4_t2,9.0
flow_timber_node31node4_t3,9.0
flow_timber_node31node4_t4,9.0
flow_timber_node31node4_t5,9.0
flow_wide_node31node4_t1,0.0
flow_wide_node31node4_t2,0.0
flow_wide_node31node4_t3,0.0
flow_wide_node31node4_t4,0.0
flow_wide_node31node4_t5,0.0
flow_timber_node31node24_t1,9.0
flow_timber_node31node24_t2,9.0
flow_timber_node31node24_t3,9.0
flow_timber_node31node24_t4,9.0
flow_timber_node31node24_t5,9.0
flow_wide_node31node24_t1,0.0
flow_wide_node31node24_t2,0.0
flow_wide_node31node24_t3,0.0
flow_wide_node31node24_t4,0.0
flow_wide_node31node24_t5,0.0
flow_timber_node31node38_t1,9.0
flow_timber_node31node38_t2,9.0
flow_timber_node31node38_t3,9.0
flow_timber_node31node38_t4,9.0
flow_timber_node31node38_t5,9.0
flow_wide_node31node38_t1,0.0
flow_wide_node31node38_t2,0.0
flow_wide_node31node38_t3,0.0
flow_wide_node31node38_t4,0.0
flow_wide_node31node38_t5,0.0
flow_timber_node31node64_t1,0.0
flow_timber_node31node64_t2,0.0
flow_timber_node31node64_t3,0.0
flow_timber_node31node64_t4,0.0
flow_timber_node31node64_t5,0.0
flow_wide_node31node64_t1,0.0
flow_wide_node31node64_t2,0.0
flow_wide_node31node64_t3,0.0
flow_wide_node31node64_t4,0.0
flow_wide_node31node64_t5,0.0
flow_timber_node31node66_t1,0.0
flow_timber_node31node66_t2,0.0
flow_timber_node31node66_t3,0.0
flow_timber_node31node66_t4,0.0
flow_timber_node31node66_t5,0.0
flow_wide_node31node66_t1,0.0
flow_wide_node31node66_t2,0.0
flow_wide_node31node66_t3,0.0
flow_wide_node31node66_t4,0.0
flow_wide_node31node66_t5,0.0
flow_timber_node11node4_t1,9.0
flow_timber_node11node4_t2,9.0
flow_timber_node11node4_t3,9.0
flow_timber_node11node4_t4,9.0
flow_timber_node11node4_t5,9.0
flow_wide_node11node4_t1,0.0
flow_wide_node11node4_t2,0.0
flow_wide_node11node4_t3,0.0
flow_wide_node11node4_t4,0.0
flow_wide_node11node4_t5,0.0
flow_timber_node11node30_t1,9.0
flow_timber_node11node30_t2,9.0
flow_timber_node11node30_t3,9.0
flow_timber_node11node30_t4,9.0
flow_timber_node11node30_t5,9.0
flow_wide_node11node30_t1,0.0
flow_wide_node11node30_t2,0.0
flow_wide_node11node30_t3,0.0
flow_wide_node11node30_t4,0.0
flow_wide_node11node30_t5,0.0
flow_timber_node11node14_t1,9.0
flow_timber_node11node14_t2,9.0
flow_timber_node11node14_t3,9.0
flow_timber_node11node14_t4,9.0
flow_timber_node11node14_t5,9.0
flow_wide_node11node14_t1,0.0
flow_wide_node11node14_t2,0.0
flow_wide_node11node14_t3,0.0
flow_wide_node11node14_t4,0.0
flow_wide_node11node14_t5,0.0
flow_timber_node11node69_t1,0.0
flow_timber_node11node69_t2,0.0
flow_timber_node11node69_t3,0.0
flow_timber_node11node69_t4,0.0
flow_timber_node11node69_t5,0.0
flow_wide_node11node69_t1,0.0
flow_wide_node11node69_t2,0.0
flow_wide_node11node69_t3,0.0
flow_wide_node11node69_t4,0.0
flow_wide_node11node69_t5,0.0
flow_timber_node11node71_t1,0.0
flow_timber_node11node71_t2,0.0
flow_timber_node11node71_t3,0.0
flow_timber_node11node71_t4,0.0
flow_timber_node11node71_t5,0.0
flow_wide_node11node71_t1,0.0
flow_wide_node11node71_t2,0.0
flow_wide_node11node71_t3,0.0
flow_wide_node11node71_t4,0.0
flow_wide_node11node71_t5,0.0
flow_timber_node66node4_t1,0.0
flow_timber_node66node4_t2,0.0
flow_timber_node66node4_t3,0.0
flow_timber_node66node4_t4,0.0
flow_timber_node66node4_t5,0.0
flow_wide_node66node4_t1,0.0
flow_wide_node66node4_t2,0.0
flow_wide_node66node4_t3,0.0
flow_wide_node66node4_t4,0.0
flow_wide_node66node4_t5,0.0
flow_timber_node66node7_t1,0.0
flow_timber_node66node7_t2,0.0
flow_timber_node66node7_t3,0.0
flow_timber_node66node7_t4,0.0
flow_timber_node66node7_t5,1.0
flow_wide_node66node7_t1,0.0
flow_wide_node66node7_t2,0.0
flow_wide_node66node7_t3,0.0
flow_wide_node66node7_t4,0.0
flow_wide_node66node7_t5,0.0
flow_timber_node66node28_t1,0.0
flow_timber_node66node28_t2,0.0
flow_timber_node66node28_t3,0.0
flow_timber_node66node28_t4,0.0
flow_timber_node66node28_t5,0.0
flow_wide_node66node28_t1,0.0
flow_wide_node66node28_t2,0.0
flow_wide_node66node28_t3,0.0
flow_wide_node66node28_t4,0.0
flow_wide_node66node28_t5,0.0
flow_timber_node66node29_t1,0.0
flow_timber_node66node29_t2,0.0
flow_timber_node66node29_t3,0.0
flow_timber_node66node29_t4,0.0
flow_timber_node66node29_t5,0.0
flow_wide_node66node29_t1,0.0
flow_wide_node66node29_t2,0.0
flow_wide_node66node29_t3,0.0
flow_wide_node66node29_t4,0.0
flow_wide_node66node29_t5,0.0
flow_timber_node66node31_t1,0.0
flow_timber_node66node31_t2,0.0
flow_timber_node66node31_t3,0.0
flow_timber_node66node31_t4,0.0
flow_timber_node66node31_t5,0.0
flow_wide_node66node31_t1,0.0
flow_wide_node66node31_t2,0.0
flow_wide_node66node31_t3,0.0
flow_wide_node66node31_t4,0.0
flow_wide_node66node31_t5,0.0
flow_timber_node66node38_t1,0.0
flow_timber_node66node38_t2,0.0
flow_timber_node66node38_t3,0.0
flow_timber_node66node38_t4,0.0
flow_timber_node66node38_t5,0.0
flow_wide_node66node38_t1,0.0
flow_wide_node66node38_t2,0.0
flow_wide_node66node38_t3,0.0
flow_wide_node66node38_t4,0.0
flow_wide_node66node38_t5,0.0
flow_timber_node66node46_t1,1.0
flow_timber_node66node46_t2,0.0
flow_timber_node66node46_t3,1.0
flow_timber_node66node46_t4,1.0
flow_timber_node66node46_t5,0.0
flow_wide_node66node46_t1,0.0
flow_wide_node66node46_t2,0.0
flow_wide_node66node46_t3,0.0
flow_wide_node66node46_t4,0.0
flow_wide_node66node46_t5,0.0
flow_timber_node10node5_t1,9.0
flow_timber_node10node5_t2,9.0
flow_timber_node10node5_t3,9.0
flow_timber_node10node5_t4,9.0
flow_timber_node10node5_t5,9.0
flow_wide_node10node5_t1,0.0
flow_wide_node10node5_t2,0.0
flow_wide_node10node5_t3,0.0
flow_wide_node10node5_t4,0.0
flow_wide_node10node5_t5,0.0
flow_timber_node10node44_t1,0.0
flow_timber_node10node44_t2,0.0
flow_timber_node10node44_t3,0.0
flow_timber_node10node44_t4,0.0
flow_timber_node10node44_t5,0.0
flow_wide_node10node44_t1,0.0
flow_wide_node10node44_t2,0.0
flow_wide_node10node44_t3,0.0
flow_wide_node10node44_t4,0.0
flow_wide_node10node44_t5,0.0
flow_timber_node10node21_t1,9.0
flow_timber_node10node21_t2,9.0
flow_timber_node10node21_t3,9.0
flow_timber_node10node21_t4,9.0
flow_timber_node10node21_t5,9.0
flow_wide_node10node21_t1,0.0
flow_wide_node10node21_t2,0.0
flow_wide_node10node21_t3,0.0
flow_wide_node10node21_t4,0.0
flow_wide_node10node21_t5,0.0
flow_timber_node10node61_t1,0.0
flow_timber_node10node61_t2,0.0
flow_timber_node10node61_t3,0.0
flow_timber_node10node61_t4,0.0
flow_timber_node10node61_t5,0.0
flow_wide_node10node61_t1,0.0
flow_wide_node10node61_t2,0.0
flow_wide_node10node61_t3,0.0
flow_wide_node10node61_t4,0.0
flow_wide_node10node61_t5,0.0
flow_timber_node10node67_t1,0.0
flow_timber_node10node67_t2,0.0
flow_timber_node10node67_t3,0.0
flow_timber_node10node67_t4,0.0
flow_timber_node10node67_t5,0.0
flow_wide_node10node67_t1,0.0
flow_wide_node10node67_t2,0.0
flow_wide_node10node67_t3,0.0
flow_wide_node10node67_t4,0.0
flow_wide_node10node67_t5,0.0
flow_timber_node47node5_t1,0.0
flow_timber_node47node5_t2,0.0
flow_timber_node47node5_t3,0.0
flow_timber_node47node5_t4,0.0
flow_timber_node47node5_t5,0.0
flow_wide_node47node5_t1,0.0
flow_wide_node47node5_t2,0.0
flow_wide_node47node5_t3,0.0
flow_wide_node47node5_t4,0.0
flow_wide_node47node5_t5,0.0
flow_timber_node47node13_t1,0.0
flow_timber_node47node13_t2,0.0
flow_timber_node47node13_t3,0.0
flow_timber_node47node13_t4,0.0
flow_timber_node47node13_t5,0.0
flow_wide_node47node13_t1,0.0
flow_wide_node47node13_t2,0.0
flow_wide_node47node13_t3,0.0
flow_wide_node47node13_t4,0.0
flow_wide_node47node13_t5,0.0
flow_timber_node47node67_t1,0.0
flow_timber_node47node67_t2,0.0
flow_timber_node47node67_t3,0.0
flow_timber_node47node67_t4,0.0
flow_timber_node47node67_t5,0.0
flow_wide_node47node67_t1,0.0
flow_wide_node47node67_t2,0.0
flow_wide_node47node67_t3,0.0
flow_wide_node47node67_t4,0.0
flow_wide_node47node67_t5,0.0
flow_timber_node47node69_t1,0.0
flow_timber_node47node69_t2,0.0
flow_timber_node47node69_t3,0.0
flow_timber_node47node69_t4,0.0
flow_timber_node47node69_t5,0.0
flow_wide_node47node69_t1,0.0
flow_wide_node47node69_t2,0.0
flow_wide_node47node69_t3,0.0
flow_wide_node47node69_t4,0.0
flow_wide_node47node69_t5,0.0
flow_timber_node67node5_t1,0.0
flow_timber_node67node5_t2,0.0
flow_timber_node67node5_t3,0.0
flow_timber_node67node5_t4,0.0
flow_timber_node67node5_t5,0.0
flow_wide_node67node5_t1,0.0
flow_wide_node67node5_t2,0.0
flow_wide_node67node5_t3,0.0
flow_wide_node67node5_t4,0.0
flow_wide_node67node5_t5,0.0
flow_timber_node67node6_t1,0.0
flow_timber_node67node6_t2,0.0
flow_timber_node67node6_t3,0.0
flow_timber_node67node6_t4,0.0
flow_timber_node67node6_t5,0.0
flow_wide_node67node6_t1,0.0
flow_wide_node67node6_t2,0.0
flow_wide_node67node6_t3,0.0
flow_wide_node67node6_t4,0.0
flow_wide_node67node6_t5,0.0
flow_timber_node67node10_t1,0.0
flow_timber_node67node10_t2,0.0
flow_timber_node67node10_t3,0.0
flow_timber_node67node10_t4,0.0
flow_timber_node67node10_t5,0.0
flow_wide_node67node10_t1,0.0
flow_wide_node67node10_t2,0.0
flow_wide_node67node10_t3,0.0
flow_wide_node67node10_t4,0.0
flow_wide_node67node10_t5,0.0
flow_timber_node67node13_t1,0.0
flow_timber_node67node13_t2,0.0
flow_timber_node67node13_t3,0.0
flow_timber_node67node13_t4,0.0
flow_timber_node67node13_t5,0.0
flow_wide_node67node13_t1,0.0
flow_wide_node67node13_t2,0.0
flow_wide_node67node13_t3,0.0
flow_wide_node67node13_t4,0.0
flow_wide_node67node13_t5,0.0
flow_timber_node67node18_t1,0.0
flow_timber_node67node18_t2,0.0
flow_timber_node67node18_t3,0.0
flow_timber_node67node18_t4,0.0
flow_timber_node67node18_t5,0.0
flow_wide_node67node18_t1,0.0
flow_wide_node67node18_t2,0.0
flow_wide_node67node18_t3,0.0
flow_wide_node67node18_t4,0.0
flow_wide_node67node18_t5,0.0
flow_timber_node67node25_t1,0.0
flow_timber_node67node25_t2,0.0
flow_timber_node67node25_t3,0.0
flow_timber_node67node25_t4,0.0
flow_timber_node67node25_t5,0.0
flow_wide_node67node25_t1,0.0
flow_wide_node67node25_t2,0.0
flow_wide_node67node25_t3,0.0
flow_wide_node67node25_t4,0.0
flow_wide_node67node25_t5,0.0
flow_timber_node67node43_t1,0.0
flow_timber_node67node43_t2,0.0
flow_timber_node67node43_t3,0.0
flow_timber_node67node43_t4,0.0
flow_timber_node67node43_t5,0.0
flow_wide_node67node43_t1,0.0
flow_wide_node67node43_t2,0.0
flow_wide_node67node43_t3,0.0
flow_wide_node67node43_t4,0.0
flow_wide_node67node43_t5,0.0
flow_timber_node67node44_t1,0.0
flow_timber_node67node44_t2,0.0
flow_timber_node67node44_t3,0.0
flow_timber_node67node44_t4,0.0
flow_timber_node67node44_t5,0.0
flow_wide_node67node44_t1,0.0
flow_wide_node67node44_t2,0.0
flow_wide_node67node44_t3,0.0
flow_wide_node67node44_t4,0.0
flow_wide_node67node44_t5,0.0
flow_timber_node67node47_t1,0.0
flow_timber_node67node47_t2,0.0
flow_timber_node67node47_t3,0.0
flow_timber_node67node47_t4,0.0
flow_timber_node67node47_t5,0.0
flow_wide_node67node47_t1,0.0
flow_wide_node67node47_t2,0.0
flow_wide_node67node47_t3,0.0
flow_wide_node67node47_t4,0.0
flow_wide_node67node47_t5,0.0
flow_timber_node67node48_t1,0.0
flow_timber_node67node48_t2,0.0
flow_timber_node67node48_t3,0.0
flow_timber_node67node48_t4,0.0
flow_timber_node67node48_t5,0.0
flow_wide_node67node48_t1,0.0
flow_wide_node67node48_t2,0.0
flow_wide_node67node48_t3,0.0
flow_wide_node67node48_t4,0.0
flow_wide_node67node48_t5,0.0
flow_timber_node6node18_t1,0.0
flow_timber_node6node18_t2,0.0
flow_timber_node6node18_t3,0.0
flow_timber_node6node18_t4,0.0
flow_timber_node6node18_t5,0.0
flow_wide_node6node18_t1,0.0
flow_wide_node6node18_t2,0.0
flow_wide_node6node18_t3,0.0
flow_wide_node6node18_t4,0.0
flow_wide_node6node18_t5,0.0
flow_timber_node6node43_t1,0.0
flow_timber_node6node43_t2,0.0
flow_timber_node6node43_t3,0.0
flow_timber_node6node43_t4,0.0
flow_timber_node6node43_t5,0.0
flow_wide_node6node43_t1,0.0
flow_wide_node6node43_t2,0.0
flow_wide_node6node43_t3,0.0
flow_wide_node6node43_t4,0.0
flow_wide_node6node43_t5,0.0
flow_timber_node6node16_t1,0.0
flow_timber_node6node16_t2,0.0
flow_timber_node6node16_t3,0.0
flow_timber_node6node16_t4,0.0
flow_timber_node6node16_t5,0.0
flow_wide_node6node16_t1,0.0
flow_wide_node6node16_t2,0.0
flow_wide_node6node16_t3,0.0
flow_wide_node6node16_t4,0.0
flow_wide_node6node16_t5,0.0
flow_timber_node6node61_t1,0.0
flow_timber_node6node61_t2,0.0
flow_timber_node6node61_t3,0.0
flow_timber_node6node61_t4,0.0
flow_timber_node6node61_t5,0.0
flow_wide_node6node61_t1,0.0
flow_wide_node6node61_t2,0.0
flow_wide_node6node61_t3,0.0
flow_wide_node6node61_t4,0.0
flow_wide_node6node61_t5,0.0
flow_timber_node6node62_t1,0.0
flow_timber_node6node62_t2,0.0
flow_timber_node6node62_t3,0.0
flow_timber_node6node62_t4,0.0
flow_timber_node6node62_t5,0.0
flow_wide_node6node62_t1,0.0
flow_wide_node6node62_t2,0.0
flow_wide_node6node62_t3,0.0
flow_wide_node6node62_t4,0.0
flow_wide_node6node62_t5,0.0
flow_timber_node6node67_t1,0.0
flow_timber_node6node67_t2,0.0
flow_timber_node6node67_t3,0.0
flow_timber_node6node67_t4,0.0
flow_timber_node6node67_t5,0.0
flow_wide_node6node67_t1,0.0
flow_wide_node6node67_t2,0.0
flow_wide_node6node67_t3,0.0
flow_wide_node6node67_t4,0.0
flow_wide_node6node67_t5,0.0
flow_timber_node18node6_t1,0.0
flow_timber_node18node6_t2,0.0
flow_timber_node18node6_t3,0.0
flow_timber_node18node6_t4,0.0
flow_timber_node18node6_t5,0.0
flow_wide_node18node6_t1,0.0
flow_wide_node18node6_t2,0.0
flow_wide_node18node6_t3,0.0
flow_wide_node18node6_t4,0.0
flow_wide_node18node6_t5,0.0
flow_timber_node18node25_t1,0.0
flow_timber_node18node25_t2,0.0
flow_timber_node18node25_t3,0.0
flow_timber_node18node25_t4,0.0
flow_timber_node18node25_t5,0.0
flow_wide_node18node25_t1,0.0
flow_wide_node18node25_t2,0.0
flow_wide_node18node25_t3,0.0
flow_wide_node18node25_t4,0.0
flow_wide_node18node25_t5,0.0
flow_timber_node18node36_t1,0.0
flow_timber_node18node36_t2,0.0
flow_timber_node18node36_t3,0.0
flow_timber_node18node36_t4,0.0
flow_timber_node18node36_t5,0.0
flow_wide_node18node36_t1,0.0
flow_wide_node18node36_t2,0.0
flow_wide_node18node36_t3,0.0
flow_wide_node18node36_t4,0.0
flow_wide_node18node36_t5,0.0
flow_timber_node18node62_t1,0.0
flow_timber_node18node62_t2,0.0
flow_timber_node18node62_t3,0.0
flow_timber_node18node62_t4,0.0
flow_timber_node18node62_t5,0.0
flow_wide_node18node62_t1,0.0
flow_wide_node18node62_t2,0.0
flow_wide_node18node62_t3,0.0
flow_wide_node18node62_t4,0.0
flow_wide_node18node62_t5,0.0
flow_timber_node18node67_t1,0.0
flow_timber_node18node67_t2,0.0
flow_timber_node18node67_t3,0.0
flow_timber_node18node67_t4,0.0
flow_timber_node18node67_t5,0.0
flow_wide_node18node67_t1,0.0
flow_wide_node18node67_t2,0.0
flow_wide_node18node67_t3,0.0
flow_wide_node18node67_t4,0.0
flow_wide_node18node67_t5,0.0
flow_timber_node18node68_t1,0.0
flow_timber_node18node68_t2,0.0
flow_timber_node18node68_t3,0.0
flow_timber_node18node68_t4,0.0
flow_timber_node18node68_t5,0.0
flow_wide_node18node68_t1,0.0
flow_wide_node18node68_t2,0.0
flow_wide_node18node68_t3,0.0
flow_wide_node18node68_t4,0.0
flow_wide_node18node68_t5,0.0
flow_timber_node43node6_t1,0.0
flow_timber_node43node6_t2,0.0
flow_timber_node43node6_t3,0.0
flow_timber_node43node6_t4,0.0
flow_timber_node43node6_t5,0.0
flow_wide_node43node6_t1,0.0
flow_wide_node43node6_t2,0.0
flow_wide_node43node6_t3,0.0
flow_wide_node43node6_t4,0.0
flow_wide_node43node6_t5,0.0
flow_timber_node43node44_t1,0.0
flow_timber_node43node44_t2,0.0
flow_timber_node43node44_t3,0.0
flow_timber_node43node44_t4,0.0
flow_timber_node43node44_t5,0.0
flow_wide_node43node44_t1,0.0
flow_wide_node43node44_t2,0.0
flow_wide_node43node44_t3,0.0
flow_wide_node43node44_t4,0.0
flow_wide_node43node44_t5,0.0
flow_timber_node43node61_t1,0.0
flow_timber_node43node61_t2,0.0
flow_timber_node43node61_t3,0.0
flow_timber_node43node61_t4,0.0
flow_timber_node43node61_t5,0.0
flow_wide_node43node61_t1,0.0
flow_wide_node43node61_t2,0.0
flow_wide_node43node61_t3,0.0
flow_wide_node43node61_t4,0.0
flow_wide_node43node61_t5,0.0
flow_timber_node43node67_t1,0.0
flow_timber_node43node67_t2,0.0
flow_timber_node43node67_t3,0.0
flow_timber_node43node67_t4,0.0
flow_timber_node43node67_t5,0.0
flow_wide_node43node67_t1,0.0
flow_wide_node43node67_t2,0.0
flow_wide_node43node67_t3,0.0
flow_wide_node43node67_t4,0.0
flow_wide_node43node67_t5,0.0
flow_timber_node16node6_t1,0.0
flow_timber_node16node6_t2,0.0
flow_timber_node16node6_t3,0.0
flow_timber_node16node6_t4,0.0
flow_timber_node16node6_t5,0.0
flow_wide_node16node6_t1,0.0
flow_wide_node16node6_t2,0.0
flow_wide_node16node6_t3,0.0
flow_wide_node16node6_t4,0.0
flow_wide_node16node6_t5,0.0
flow_timber_node16node20_t1,9.0
flow_timber_node16node20_t2,9.0
flow_timber_node16node20_t3,9.0
flow_timber_node16node20_t4,9.0
flow_timber_node16node20_t5,9.0
flow_wide_node16node20_t1,0.0
flow_wide_node16node20_t2,0.0
flow_wide_node16node20_t3,0.0
flow_wide_node16node20_t4,0.0
flow_wide_node16node20_t5,0.0
flow_timber_node16node26_t1,9.0
flow_timber_node16node26_t2,9.0
flow_timber_node16node26_t3,9.0
flow_timber_node16node26_t4,9.0
flow_timber_node16node26_t5,9.0
flow_wide_node16node26_t1,0.0
flow_wide_node16node26_t2,0.0
flow_wide_node16node26_t3,0.0
flow_wide_node16node26_t4,0.0
flow_wide_node16node26_t5,0.0
flow_timber_node16node61_t1,0.0
flow_timber_node16node61_t2,0.0
flow_timber_node16node61_t3,0.0
flow_timber_node16node61_t4,0.0
flow_timber_node16node61_t5,0.0
flow_wide_node16node61_t1,0.0
flow_wide_node16node61_t2,0.0
flow_wide_node16node61_t3,0.0
flow_wide_node16node61_t4,0.0
flow_wide_node16node61_t5,0.0
flow_timber_node16node62_t1,0.0
flow_timber_node16node62_t2,0.0
flow_timber_node16node62_t3,0.0
flow_timber_node16node62_t4,0.0
flow_timber_node16node62_t5,0.0
flow_wide_node16node62_t1,0.0
flow_wide_node16node62_t2,0.0
flow_wide_node16node62_t3,0.0
flow_wide_node16node62_t4,0.0
flow_wide_node16node62_t5,0.0
flow_timber_node16node63_t1,0.0
flow_timber_node16node63_t2,0.0
flow_timber_node16node63_t3,0.0
flow_timber_node16node63_t4,0.0
flow_timber_node16node63_t5,0.0
flow_wide_node16node63_t1,0.0
flow_wide_node16node63_t2,0.0
flow_wide_node16node63_t3,0.0
flow_wide_node16node63_t4,0.0
flow_wide_node16node63_t5,0.0
flow_timber_node61node6_t1,0.0
flow_timber_node61node6_t2,0.0
flow_timber_node61node6_t3,0.0
flow_timber_node61node6_t4,0.0
flow_timber_node61node6_t5,0.0
flow_wide_node61node6_t1,0.0
flow_wide_node61node6_t2,0.0
flow_wide_node61node6_t3,0.0
flow_wide_node61node6_t4,0.0
flow_wide_node61node6_t5,0.0
flow_timber_node61node10_t1,0.0
flow_timber_node61node10_t2,0.0
flow_timber_node61node10_t3,0.0
flow_timber_node61node10_t4,0.0
flow_timber_node61node10_t5,0.0
flow_wide_node61node10_t1,0.0
flow_wide_node61node10_t2,0.0
flow_wide_node61node10_t3,0.0
flow_wide_node61node10_t4,0.0
flow_wide_node61node10_t5,0.0
flow_timber_node61node16_t1,0.0
flow_timber_node61node16_t2,0.0
flow_timber_node61node16_t3,0.0
flow_timber_node61node16_t4,0.0
flow_timber_node61node16_t5,0.0
flow_wide_node61node16_t1,0.0
flow_wide_node61node16_t2,0.0
flow_wide_node61node16_t3,0.0
flow_wide_node61node16_t4,0.0
flow_wide_node61node16_t5,0.0
flow_timber_node61node17_t1,0.0
flow_timber_node61node17_t2,0.0
flow_timber_node61node17_t3,0.0
flow_timber_node61node17_t4,0.0
flow_timber_node61node17_t5,0.0
flow_wide_node61node17_t1,0.0
flow_wide_node61node17_t2,0.0
flow_wide_node61node17_t3,0.0
flow_wide_node61node17_t4,0.0
flow_wide_node61node17_t5,0.0
flow_timber_node61node20_t1,0.0
flow_timber_node61node20_t2,0.0
flow_timber_node61node20_t3,0.0
flow_timber_node61node20_t4,0.0
flow_timber_node61node20_t5,0.0
flow_wide_node61node20_t1,0.0
flow_wide_node61node20_t2,0.0
flow_wide_node61node20_t3,0.0
flow_wide_node61node20_t4,0.0
flow_wide_node61node20_t5,0.0
flow_timber_node61node21_t1,0.0
flow_timber_node61node21_t2,0.0
flow_timber_node61node21_t3,0.0
flow_timber_node61node21_t4,0.0
flow_timber_node61node21_t5,0.0
flow_wide_node61node21_t1,0.0
flow_wide_node61node21_t2,0.0
flow_wide_node61node21_t3,0.0
flow_wide_node61node21_t4,0.0
flow_wide_node61node21_t5,0.0
flow_timber_node61node33_t1,0.0
flow_timber_node61node33_t2,0.0
flow_timber_node61node33_t3,0.0
flow_timber_node61node33_t4,0.0
flow_timber_node61node33_t5,0.0
flow_wide_node61node33_t1,0.0
flow_wide_node61node33_t2,0.0
flow_wide_node61node33_t3,0.0
flow_wide_node61node33_t4,0.0
flow_wide_node61node33_t5,0.0
flow_timber_node61node41_t1,0.0
flow_timber_node61node41_t2,0.0
flow_timber_node61node41_t3,0.0
flow_timber_node61node41_t4,0.0
flow_timber_node61node41_t5,0.0
flow_wide_node61node41_t1,0.0
flow_wide_node61node41_t2,0.0
flow_wide_node61node41_t3,0.0
flow_wide_node61node41_t4,0.0
flow_wide_node61node41_t5,0.0
flow_timber_node61node42_t1,0.0
flow_timber_node61node42_t2,0.0
flow_timber_node61node42_t3,0.0
flow_timber_node61node42_t4,0.0
flow_timber_node61node42_t5,0.0
flow_wide_node61node42_t1,0.0
flow_wide_node61node42_t2,0.0
flow_wide_node61node42_t3,0.0
flow_wide_node61node42_t4,0.0
flow_wide_node61node42_t5,0.0
flow_timber_node61node43_t1,0.0
flow_timber_node61node43_t2,0.0
flow_timber_node61node43_t3,0.0
flow_timber_node61node43_t4,0.0
flow_timber_node61node43_t5,0.0
flow_wide_node61node43_t1,0.0
flow_wide_node61node43_t2,0.0
flow_wide_node61node43_t3,0.0
flow_wide_node61node43_t4,0.0
flow_wide_node61node43_t5,0.0
flow_timber_node61node44_t1,0.0
flow_timber_node61node44_t2,0.0
flow_timber_node61node44_t3,0.0
flow_timber_node61node44_t4,0.0
flow_timber_node61node44_t5,0.0
flow_wide_node61node44_t1,0.0
flow_wide_node61node44_t2,0.0
flow_wide_node61node44_t3,0.0
flow_wide_node61node44_t4,0.0
flow_wide_node61node44_t5,0.0
flow_timber_node62node6_t1,0.0
flow_timber_node62node6_t2,0.0
flow_timber_node62node6_t3,0.0
flow_timber_node62node6_t4,0.0
flow_timber_node62node6_t5,0.0
flow_wide_node62node6_t1,0.0
flow_wide_node62node6_t2,0.0
flow_wide_node62node6_t3,0.0
flow_wide_node62node6_t4,0.0
flow_wide_node62node6_t5,0.0
flow_timber_node62node16_t1,0.0
flow_timber_node62node16_t2,0.0
flow_timber_node62node16_t3,0.0
flow_timber_node62node16_t4,0.0
flow_timber_node62node16_t5,0.0
flow_wide_node62node16_t1,0.0
flow_wide_node62node16_t2,0.0
flow_wide_node62node16_t3,0.0
flow_wide_node62node16_t4,0.0
flow_wide_node62node16_t5,0.0
flow_timber_node62node18_t1,0.0
flow_timber_node62node18_t2,0.0
flow_timber_node62node18_t3,0.0
flow_timber_node62node18_t4,0.0
flow_timber_node62node18_t5,0.0
flow_wide_node62node18_t1,0.0
flow_wide_node62node18_t2,0.0
flow_wide_node62node18_t3,0.0
flow_wide_node62node18_t4,0.0
flow_wide_node62node18_t5,0.0
flow_timber_node62node26_t1,0.0
flow_timber_node62node26_t2,0.0
flow_timber_node62node26_t3,0.0
flow_timber_node62node26_t4,0.0
flow_timber_node62node26_t5,0.0
flow_wide_node62node26_t1,0.0
flow_wide_node62node26_t2,0.0
flow_wide_node62node26_t3,0.0
flow_wide_node62node26_t4,0.0
flow_wide_node62node26_t5,0.0
flow_timber_node62node36_t1,0.0
flow_timber_node62node36_t2,0.0
flow_timber_node62node36_t3,0.0
flow_timber_node62node36_t4,0.0
flow_timber_node62node36_t5,0.0
flow_wide_node62node36_t1,0.0
flow_wide_node62node36_t2,0.0
flow_wide_node62node36_t3,0.0
flow_wide_node62node36_t4,0.0
flow_wide_node62node36_t5,0.0
flow_timber_node7node46_t1,0.0
flow_timber_node7node46_t2,0.0
flow_timber_node7node46_t3,0.0
flow_timber_node7node46_t4,0.0
flow_timber_node7node46_t5,0.0
flow_wide_node7node46_t1,0.0
flow_wide_node7node46_t2,0.0
flow_wide_node7node46_t3,0.0
flow_wide_node7node46_t4,0.0
flow_wide_node7node46_t5,0.0
flow_timber_node7node28_t1,0.0
flow_timber_node7node28_t2,0.0
flow_timber_node7node28_t3,0.0
flow_timber_node7node28_t4,0.0
flow_timber_node7node28_t5,0.0
flow_wide_node7node28_t1,0.0
flow_wide_node7node28_t2,0.0
flow_wide_node7node28_t3,0.0
flow_wide_node7node28_t4,0.0
flow_wide_node7node28_t5,0.0
flow_timber_node7node63_t1,0.0
flow_timber_node7node63_t2,0.0
flow_timber_node7node63_t3,0.0
flow_timber_node7node63_t4,0.0
flow_timber_node7node63_t5,0.0
flow_wide_node7node63_t1,0.0
flow_wide_node7node63_t2,0.0
flow_wide_node7node63_t3,0.0
flow_wide_node7node63_t4,0.0
flow_wide_node7node63_t5,0.0
flow_timber_node7node66_t1,0.0
flow_timber_node7node66_t2,0.0
flow_timber_node7node66_t3,0.0
flow_timber_node7node66_t4,0.0
flow_timber_node7node66_t5,0.0
flow_wide_node7node66_t1,0.0
flow_wide_node7node66_t2,0.0
flow_wide_node7node66_t3,0.0
flow_wide_node7node66_t4,0.0
flow_wide_node7node66_t5,0.0
flow_timber_node46node7_t1,0.0
flow_timber_node46node7_t2,0.0
flow_timber_node46node7_t3,0.0
flow_timber_node46node7_t4,0.0
flow_timber_node46node7_t5,0.0
flow_wide_node46node7_t1,0.0
flow_wide_node46node7_t2,0.0
flow_wide_node46node7_t3,0.0
flow_wide_node46node7_t4,0.0
flow_wide_node46node7_t5,0.0
flow_timber_node46node38_t1,0.0
flow_timber_node46node38_t2,0.0
flow_timber_node46node38_t3,0.0
flow_timber_node46node38_t4,0.0
flow_timber_node46node38_t5,0.0
flow_wide_node46node38_t1,0.0
flow_wide_node46node38_t2,0.0
flow_wide_node46node38_t3,0.0
flow_wide_node46node38_t4,0.0
flow_wide_node46node38_t5,0.0
flow_timber_node46node63_t1,0.0
flow_timber_node46node63_t2,0.0
flow_timber_node46node63_t3,0.0
flow_timber_node46node63_t4,0.0
flow_timber_node46node63_t5,0.0
flow_wide_node46node63_t1,0.0
flow_wide_node46node63_t2,0.0
flow_wide_node46node63_t3,0.0
flow_wide_node46node63_t4,0.0
flow_wide_node46node63_t5,0.0
flow_timber_node46node66_t1,0.0
flow_timber_node46node66_t2,0.0
flow_timber_node46node66_t3,0.0
flow_timber_node46node66_t4,0.0
flow_timber_node46node66_t5,0.0
flow_wide_node46node66_t1,0.0
flow_wide_node46node66_t2,0.0
flow_wide_node46node66_t3,0.0
flow_wide_node46node66_t4,0.0
flow_wide_node46node66_t5,0.0
flow_timber_node28node7_t1,0.0
flow_timber_node28node7_t2,0.0
flow_timber_node28node7_t3,0.0
flow_timber_node28node7_t4,0.0
flow_timber_node28node7_t5,0.0
flow_wide_node28node7_t1,0.0
flow_wide_node28node7_t2,0.0
flow_wide_node28node7_t3,0.0
flow_wide_node28node7_t4,0.0
flow_wide_node28node7_t5,0.0
flow_timber_node28node45_t1,0.0
flow_timber_node28node45_t2,0.0
flow_timber_node28node45_t3,0.0
flow_timber_node28node45_t4,0.0
flow_timber_node28node45_t5,0.0
flow_wide_node28node45_t1,0.0
flow_wide_node28node45_t2,0.0
flow_wide_node28node45_t3,0.0
flow_wide_node28node45_t4,0.0
flow_wide_node28node45_t5,0.0
flow_timber_node28node29_t1,9.0
flow_timber_node28node29_t2,9.0
flow_timber_node28node29_t3,9.0
flow_timber_node28node29_t4,9.0
flow_timber_node28node29_t5,9.0
flow_wide_node28node29_t1,0.0
flow_wide_node28node29_t2,0.0
flow_wide_node28node29_t3,0.0
flow_wide_node28node29_t4,0.0
flow_wide_node28node29_t5,0.0
flow_timber_node28node63_t1,0.0
flow_timber_node28node63_t2,0.0
flow_timber_node28node63_t3,0.0
flow_timber_node28node63_t4,0.0
flow_timber_node28node63_t5,0.0
flow_wide_node28node63_t1,0.0
flow_wide_node28node63_t2,0.0
flow_wide_node28node63_t3,0.0
flow_wide_node28node63_t4,0.0
flow_wide_node28node63_t5,0.0
flow_timber_node28node66_t1,0.0
flow_timber_node28node66_t2,0.0
flow_timber_node28node66_t3,0.0
flow_timber_node28node66_t4,0.0
flow_timber_node28node66_t5,0.0
flow_wide_node28node66_t1,0.0
flow_wide_node28node66_t2,0.0
flow_wide_node28node66_t3,0.0
flow_wide_node28node66_t4,0.0
flow_wide_node28node66_t5,0.0
flow_timber_node63node7_t1,1.0
flow_timber_node63node7_t2,0.0
flow_timber_node63node7_t3,0.0
flow_timber_node63node7_t4,0.0
flow_timber_node63node7_t5,0.0
flow_wide_node63node7_t1,0.0
flow_wide_node63node7_t2,0.0
flow_wide_node63node7_t3,0.0
flow_wide_node63node7_t4,0.0
flow_wide_node63node7_t5,0.0
flow_timber_node63node8_t1,0.0
flow_timber_node63node8_t2,0.0
flow_timber_node63node8_t3,0.0
flow_timber_node63node8_t4,0.0
flow_timber_node63node8_t5,0.0
flow_wide_node63node8_t1,0.0
flow_wide_node63node8_t2,0.0
flow_wide_node63node8_t3,0.0
flow_wide_node63node8_t4,0.0
flow_wide_node63node8_t5,0.0
flow_timber_node63node16_t1,0.0
flow_timber_node63node16_t2,0.0
flow_timber_node63node16_t3,0.0
flow_timber_node63node16_t4,0.0
flow_timber_node63node16_t5,0.0
flow_wide_node63node16_t1,0.0
flow_wide_node63node16_t2,0.0
flow_wide_node63node16_t3,0.0
flow_wide_node63node16_t4,0.0
flow_wide_node63node16_t5,0.0
flow_timber_node63node19_t1,0.0
flow_timber_node63node19_t2,0.0
flow_timber_node63node19_t3,0.0
flow_timber_node63node19_t4,0.0
flow_timber_node63node19_t5,0.0
flow_wide_node63node19_t1,0.0
flow_wide_node63node19_t2,0.0
flow_wide_node63node19_t3,0.0
flow_wide_node63node19_t4,0.0
flow_wide_node63node19_t5,0.0
flow_timber_node63node20_t1,0.0
flow_timber_node63node20_t2,0.0
flow_timber_node63node20_t3,0.0
flow_timber_node63node20_t4,0.0
flow_timber_node63node20_t5,0.0
flow_wide_node63node20_t1,0.0
flow_wide_node63node20_t2,0.0
flow_wide_node63node20_t3,0.0
flow_wide_node63node20_t4,0.0
flow_wide_node63node20_t5,0.0
flow_timber_node63node22_t1,0.0
flow_timber_node63node22_t2,0.0
flow_timber_node63node22_t3,0.0
flow_timber_node63node22_t4,0.0
flow_timber_node63node22_t5,0.0
flow_wide_node63node22_t1,0.0
flow_wide_node63node22_t2,0.0
flow_wide_node63node22_t3,0.0
flow_wide_node63node22_t4,0.0
flow_wide_node63node22_t5,0.0
flow_timber_node63node26_t1,0.0
flow_timber_node63node26_t2,0.0
flow_timber_node63node26_t3,0.0
flow_timber_node63node26_t4,0.0
flow_timber_node63node26_t5,0.0
flow_wide_node63node26_t1,0.0
flow_wide_node63node26_t2,0.0
flow_wide_node63node26_t3,0.0
flow_wide_node63node26_t4,0.0
flow_wide_node63node26_t5,0.0
flow_timber_node63node28_t1,0.0
flow_timber_node63node28_t2,0.0
flow_timber_node63node28_t3,0.0
flow_timber_node63node28_t4,0.0
flow_timber_node63node28_t5,0.0
flow_wide_node63node28_t1,0.0
flow_wide_node63node28_t2,0.0
flow_wide_node63node28_t3,0.0
flow_wide_node63node28_t4,0.0
flow_wide_node63node28_t5,0.0
flow_timber_node63node38_t1,0.0
flow_timber_node63node38_t2,0.0
flow_timber_node63node38_t3,0.0
flow_timber_node63node38_t4,0.0
flow_timber_node63node38_t5,0.0
flow_wide_node63node38_t1,0.0
flow_wide_node63node38_t2,0.0
flow_wide_node63node38_t3,0.0
flow_wide_node63node38_t4,0.0
flow_wide_node63node38_t5,0.0
flow_timber_node63node45_t1,0.0
flow_timber_node63node45_t2,0.0
flow_timber_node63node45_t3,0.0
flow_timber_node63node45_t4,0.0
flow_timber_node63node45_t5,0.0
flow_wide_node63node45_t1,0.0
flow_wide_node63node45_t2,0.0
flow_wide_node63node45_t3,0.0
flow_wide_node63node45_t4,0.0
flow_wide_node63node45_t5,0.0
flow_timber_node63node46_t1,0.0
flow_timber_node63node46_t2,1.0
flow_timber_node63node46_t3,0.0
flow_timber_node63node46_t4,1.0
flow_timber_node63node46_t5,1.0
flow_wide_node63node46_t1,0.0
flow_wide_node63node46_t2,0.0
flow_wide_node63node46_t3,0.0
flow_wide_node63node46_t4,0.0
flow_wide_node63node46_t5,0.0
flow_timber_node8node26_t1,9.0
flow_timber_node8node26_t2,9.0
flow_timber_node8node26_t3,9.0
flow_timber_node8node26_t4,9.0
flow_timber_node8node26_t5,9.0
flow_wide_node8node26_t1,0.0
flow_wide_node8node26_t2,0.0
flow_wide_node8node26_t3,0.0
flow_wide_node8node26_t4,0.0
flow_wide_node8node26_t5,0.0
flow_timber_node8node25_t1,0.0
flow_timber_node8node25_t2,0.0
flow_timber_node8node25_t3,0.0
flow_timber_node8node25_t4,0.0
flow_timber_node8node25_t5,0.0
flow_wide_node8node25_t1,0.0
flow_wide_node8node25_t2,0.0
flow_wide_node8node25_t3,0.0
flow_wide_node8node25_t4,0.0
flow_wide_node8node25_t5,0.0
flow_timber_node8node45_t1,0.0
flow_timber_node8node45_t2,0.0
flow_timber_node8node45_t3,0.0
flow_timber_node8node45_t4,0.0
flow_timber_node8node45_t5,0.0
flow_wide_node8node45_t1,0.0
flow_wide_node8node45_t2,0.0
flow_wide_node8node45_t3,0.0
flow_wide_node8node45_t4,0.0
flow_wide_node8node45_t5,0.0
flow_timber_node8node63_t1,0.0
flow_timber_node8node63_t2,0.0
flow_timber_node8node63_t3,0.0
flow_timber_node8node63_t4,0.0
flow_timber_node8node63_t5,0.0
flow_wide_node8node63_t1,0.0
flow_wide_node8node63_t2,0.0
flow_wide_node8node63_t3,0.0
flow_wide_node8node63_t4,0.0
flow_wide_node8node63_t5,0.0
flow_timber_node8node68_t1,0.0
flow_timber_node8node68_t2,0.0
flow_timber_node8node68_t3,0.0
flow_timber_node8node68_t4,0.0
flow_timber_node8node68_t5,0.0
flow_wide_node8node68_t1,0.0
flow_wide_node8node68_t2,0.0
flow_wide_node8node68_t3,0.0
flow_wide_node8node68_t4,0.0
flow_wide_node8node68_t5,0.0
flow_timber_node26node8_t1,9.0
flow_timber_node26node8_t2,9.0
flow_timber_node26node8_t3,9.0
flow_timber_node26node8_t4,9.0
flow_timber_node26node8_t5,9.0
flow_wide_node26node8_t1,0.0
flow_wide_node26node8_t2,0.0
flow_wide_node26node8_t3,0.0
flow_wide_node26node8_t4,0.0
flow_wide_node26node8_t5,0.0
flow_timber_node26node16_t1,9.0
flow_timber_node26node16_t2,9.0
flow_timber_node26node16_t3,9.0
flow_timber_node26node16_t4,9.0
flow_timber_node26node16_t5,9.0
flow_wide_node26node16_t1,0.0
flow_wide_node26node16_t2,0.0
flow_wide_node26node16_t3,0.0
flow_wide_node26node16_t4,0.0
flow_wide_node26node16_t5,0.0
flow_timber_node26node36_t1,0.0
flow_timber_node26node36_t2,0.0
flow_timber_node26node36_t3,0.0
flow_timber_node26node36_t4,0.0
flow_timber_node26node36_t5,0.0
flow_wide_node26node36_t1,0.0
flow_wide_node26node36_t2,0.0
flow_wide_node26node36_t3,0.0
flow_wide_node26node36_t4,0.0
flow_wide_node26node36_t5,0.0
flow_timber_node26node62_t1,0.0
flow_timber_node26node62_t2,0.0
flow_timber_node26node62_t3,0.0
flow_timber_node26node62_t4,0.0
flow_timber_node26node62_t5,0.0
flow_wide_node26node62_t1,0.0
flow_wide_node26node62_t2,0.0
flow_wide_node26node62_t3,0.0
flow_wide_node26node62_t4,0.0
flow_wide_node26node62_t5,0.0
flow_timber_node26node63_t1,0.0
flow_timber_node26node63_t2,0.0
flow_timber_node26node63_t3,0.0
flow_timber_node26node63_t4,0.0
flow_timber_node26node63_t5,0.0
flow_wide_node26node63_t1,0.0
flow_wide_node26node63_t2,0.0
flow_wide_node26node63_t3,0.0
flow_wide_node26node63_t4,0.0
flow_wide_node26node63_t5,0.0
flow_timber_node26node68_t1,0.0
flow_timber_node26node68_t2,0.0
flow_timber_node26node68_t3,0.0
flow_timber_node26node68_t4,0.0
flow_timber_node26node68_t5,0.0
flow_wide_node26node68_t1,0.0
flow_wide_node26node68_t2,0.0
flow_wide_node26node68_t3,0.0
flow_wide_node26node68_t4,0.0
flow_wide_node26node68_t5,0.0
flow_timber_node25node8_t1,0.0
flow_timber_node25node8_t2,0.0
flow_timber_node25node8_t3,0.0
flow_timber_node25node8_t4,0.0
flow_timber_node25node8_t5,0.0
flow_wide_node25node8_t1,0.0
flow_wide_node25node8_t2,0.0
flow_wide_node25node8_t3,0.0
flow_wide_node25node8_t4,0.0
flow_wide_node25node8_t5,0.0
flow_timber_node25node18_t1,0.0
flow_timber_node25node18_t2,0.0
flow_timber_node25node18_t3,0.0
flow_timber_node25node18_t4,0.0
flow_timber_node25node18_t5,0.0
flow_wide_node25node18_t1,0.0
flow_wide_node25node18_t2,0.0
flow_wide_node25node18_t3,0.0
flow_wide_node25node18_t4,0.0
flow_wide_node25node18_t5,0.0
flow_timber_node25node48_t1,0.0
flow_timber_node25node48_t2,0.0
flow_timber_node25node48_t3,0.0
flow_timber_node25node48_t4,0.0
flow_timber_node25node48_t5,0.0
flow_wide_node25node48_t1,0.0
flow_wide_node25node48_t2,0.0
flow_wide_node25node48_t3,0.0
flow_wide_node25node48_t4,0.0
flow_wide_node25node48_t5,0.0
flow_timber_node25node67_t1,0.0
flow_timber_node25node67_t2,0.0
flow_timber_node25node67_t3,0.0
flow_timber_node25node67_t4,0.0
flow_timber_node25node67_t5,0.0
flow_wide_node25node67_t1,0.0
flow_wide_node25node67_t2,0.0
flow_wide_node25node67_t3,0.0
flow_wide_node25node67_t4,0.0
flow_wide_node25node67_t5,0.0
flow_timber_node25node68_t1,0.0
flow_timber_node25node68_t2,0.0
flow_timber_node25node68_t3,0.0
flow_timber_node25node68_t4,0.0
flow_timber_node25node68_t5,0.0
flow_wide_node25node68_t1,0.0
flow_wide_node25node68_t2,0.0
flow_wide_node25node68_t3,0.0
flow_wide_node25node68_t4,0.0
flow_wide_node25node68_t5,0.0
flow_timber_node45node8_t1,0.0
flow_timber_node45node8_t2,0.0
flow_timber_node45node8_t3,0.0
flow_timber_node45node8_t4,0.0
flow_timber_node45node8_t5,0.0
flow_wide_node45node8_t1,0.0
flow_wide_node45node8_t2,0.0
flow_wide_node45node8_t3,0.0
flow_wide_node45node8_t4,0.0
flow_wide_node45node8_t5,0.0
flow_timber_node45node28_t1,0.0
flow_timber_node45node28_t2,0.0
flow_timber_node45node28_t3,0.0
flow_timber_node45node28_t4,0.0
flow_timber_node45node28_t5,0.0
flow_wide_node45node28_t1,0.0
flow_wide_node45node28_t2,0.0
flow_wide_node45node28_t3,0.0
flow_wide_node45node28_t4,0.0
flow_wide_node45node28_t5,0.0
flow_timber_node45node63_t1,0.0
flow_timber_node45node63_t2,0.0
flow_timber_node45node63_t3,0.0
flow_timber_node45node63_t4,0.0
flow_timber_node45node63_t5,0.0
flow_wide_node45node63_t1,0.0
flow_wide_node45node63_t2,0.0
flow_wide_node45node63_t3,0.0
flow_wide_node45node63_t4,0.0
flow_wide_node45node63_t5,0.0
flow_timber_node68node8_t1,0.0
flow_timber_node68node8_t2,0.0
flow_timber_node68node8_t3,0.0
flow_timber_node68node8_t4,0.0
flow_timber_node68node8_t5,0.0
flow_wide_node68node8_t1,0.0
flow_wide_node68node8_t2,0.0
flow_wide_node68node8_t3,0.0
flow_wide_node68node8_t4,0.0
flow_wide_node68node8_t5,0.0
flow_timber_node68node18_t1,0.0
flow_timber_node68node18_t2,0.0
flow_timber_node68node18_t3,0.0
flow_timber_node68node18_t4,0.0
flow_timber_node68node18_t5,0.0
flow_wide_node68node18_t1,0.0
flow_wide_node68node18_t2,0.0
flow_wide_node68node18_t3,0.0
flow_wide_node68node18_t4,0.0
flow_wide_node68node18_t5,0.0
flow_timber_node68node25_t1,0.0
flow_timber_node68node25_t2,0.0
flow_timber_node68node25_t3,0.0
flow_timber_node68node25_t4,0.0
flow_timber_node68node25_t5,0.0
flow_wide_node68node25_t1,0.0
flow_wide_node68node25_t2,0.0
flow_wide_node68node25_t3,0.0
flow_wide_node68node25_t4,0.0
flow_wide_node68node25_t5,0.0
flow_timber_node68node26_t1,0.0
flow_timber_node68node26_t2,0.0
flow_timber_node68node26_t3,0.0
flow_timber_node68node26_t4,0.0
flow_timber_node68node26_t5,0.0
flow_wide_node68node26_t1,0.0
flow_wide_node68node26_t2,0.0
flow_wide_node68node26_t3,0.0
flow_wide_node68node26_t4,0.0
flow_wide_node68node26_t5,0.0
flow_timber_node68node36_t1,0.0
flow_timber_node68node36_t2,0.0
flow_timber_node68node36_t3,0.0
flow_timber_node68node36_t4,0.0
flow_timber_node68node36_t5,0.0
flow_wide_node68node36_t1,0.0
flow_wide_node68node36_t2,0.0
flow_wide_node68node36_t3,0.0
flow_wide_node68node36_t4,0.0
flow_wide_node68node36_t5,0.0
flow_timber_node9node40_t1,0.0
flow_timber_node9node40_t2,0.0
flow_timber_node9node40_t3,0.0
flow_timber_node9node40_t4,0.0
flow_timber_node9node40_t5,0.0
flow_wide_node9node40_t1,0.0
flow_wide_node9node40_t2,0.0
flow_wide_node9node40_t3,0.0
flow_wide_node9node40_t4,0.0
flow_wide_node9node40_t5,0.0
flow_timber_node9node33_t1,0.0
flow_timber_node9node33_t2,0.0
flow_timber_node9node33_t3,0.0
flow_timber_node9node33_t4,0.0
flow_timber_node9node33_t5,0.0
flow_wide_node9node33_t1,0.0
flow_wide_node9node33_t2,0.0
flow_wide_node9node33_t3,0.0
flow_wide_node9node33_t4,0.0
flow_wide_node9node33_t5,0.0
flow_timber_node9node60_t1,0.0
flow_timber_node9node60_t2,0.0
flow_timber_node9node60_t3,0.0
flow_timber_node9node60_t4,0.0
flow_timber_node9node60_t5,0.0
flow_wide_node9node60_t1,0.0
flow_wide_node9node60_t2,0.0
flow_wide_node9node60_t3,0.0
flow_wide_node9node60_t4,0.0
flow_wide_node9node60_t5,0.0
flow_timber_node40node9_t1,0.0
flow_timber_node40node9_t2,0.0
flow_timber_node40node9_t3,0.0
flow_timber_node40node9_t4,0.0
flow_timber_node40node9_t5,0.0
flow_wide_node40node9_t1,0.0
flow_wide_node40node9_t2,0.0
flow_wide_node40node9_t3,0.0
flow_wide_node40node9_t4,0.0
flow_wide_node40node9_t5,0.0
flow_timber_node40node12_t1,0.0
flow_timber_node40node12_t2,0.0
flow_timber_node40node12_t3,0.0
flow_timber_node40node12_t4,0.0
flow_timber_node40node12_t5,0.0
flow_wide_node40node12_t1,0.0
flow_wide_node40node12_t2,0.0
flow_wide_node40node12_t3,0.0
flow_wide_node40node12_t4,0.0
flow_wide_node40node12_t5,0.0
flow_timber_node40node60_t1,0.0
flow_timber_node40node60_t2,0.0
flow_timber_node40node60_t3,0.0
flow_timber_node40node60_t4,0.0
flow_timber_node40node60_t5,0.0
flow_wide_node40node60_t1,0.0
flow_wide_node40node60_t2,0.0
flow_wide_node40node60_t3,0.0
flow_wide_node40node60_t4,0.0
flow_wide_node40node60_t5,0.0
flow_timber_node33node9_t1,0.0
flow_timber_node33node9_t2,0.0
flow_timber_node33node9_t3,0.0
flow_timber_node33node9_t4,0.0
flow_timber_node33node9_t5,0.0
flow_wide_node33node9_t1,0.0
flow_wide_node33node9_t2,0.0
flow_wide_node33node9_t3,0.0
flow_wide_node33node9_t4,0.0
flow_wide_node33node9_t5,0.0
flow_timber_node33node20_t1,0.0
flow_timber_node33node20_t2,0.0
flow_timber_node33node20_t3,0.0
flow_timber_node33node20_t4,0.0
flow_timber_node33node20_t5,0.0
flow_wide_node33node20_t1,0.0
flow_wide_node33node20_t2,0.0
flow_wide_node33node20_t3,0.0
flow_wide_node33node20_t4,0.0
flow_wide_node33node20_t5,0.0
flow_timber_node33node41_t1,0.0
flow_timber_node33node41_t2,0.0
flow_timber_node33node41_t3,0.0
flow_timber_node33node41_t4,0.0
flow_timber_node33node41_t5,0.0
flow_wide_node33node41_t1,0.0
flow_wide_node33node41_t2,0.0
flow_wide_node33node41_t3,0.0
flow_wide_node33node41_t4,0.0
flow_wide_node33node41_t5,0.0
flow_timber_node33node60_t1,0.0
flow_timber_node33node60_t2,0.0
flow_timber_node33node60_t3,0.0
flow_timber_node33node60_t4,0.0
flow_timber_node33node60_t5,0.0
flow_wide_node33node60_t1,0.0
flow_wide_node33node60_t2,0.0
flow_wide_node33node60_t3,0.0
flow_wide_node33node60_t4,0.0
flow_wide_node33node60_t5,0.0
flow_timber_node33node61_t1,0.0
flow_timber_node33node61_t2,0.0
flow_timber_node33node61_t3,0.0
flow_timber_node33node61_t4,0.0
flow_timber_node33node61_t5,0.0
flow_wide_node33node61_t1,0.0
flow_wide_node33node61_t2,0.0
flow_wide_node33node61_t3,0.0
flow_wide_node33node61_t4,0.0
flow_wide_node33node61_t5,0.0
flow_timber_node44node10_t1,0.0
flow_timber_node44node10_t2,0.0
flow_timber_node44node10_t3,0.0
flow_timber_node44node10_t4,0.0
flow_timber_node44node10_t5,0.0
flow_wide_node44node10_t1,0.0
flow_wide_node44node10_t2,0.0
flow_wide_node44node10_t3,0.0
flow_wide_node44node10_t4,0.0
flow_wide_node44node10_t5,0.0
flow_timber_node44node43_t1,0.0
flow_timber_node44node43_t2,0.0
flow_timber_node44node43_t3,0.0
flow_timber_node44node43_t4,0.0
flow_timber_node44node43_t5,0.0
flow_wide_node44node43_t1,0.0
flow_wide_node44node43_t2,0.0
flow_wide_node44node43_t3,0.0
flow_wide_node44node43_t4,0.0
flow_wide_node44node43_t5,0.0
flow_timber_node44node61_t1,0.0
flow_timber_node44node61_t2,0.0
flow_timber_node44node61_t3,0.0
flow_timber_node44node61_t4,0.0
flow_timber_node44node61_t5,0.0
flow_wide_node44node61_t1,0.0
flow_wide_node44node61_t2,0.0
flow_wide_node44node61_t3,0.0
flow_wide_node44node61_t4,0.0
flow_wide_node44node61_t5,0.0
flow_timber_node44node67_t1,0.0
flow_timber_node44node67_t2,0.0
flow_timber_node44node67_t3,0.0
flow_timber_node44node67_t4,0.0
flow_timber_node44node67_t5,0.0
flow_wide_node44node67_t1,0.0
flow_wide_node44node67_t2,0.0
flow_wide_node44node67_t3,0.0
flow_wide_node44node67_t4,0.0
flow_wide_node44node67_t5,0.0
flow_timber_node30node11_t1,9.0
flow_timber_node30node11_t2,9.0
flow_timber_node30node11_t3,9.0
flow_timber_node30node11_t4,9.0
flow_timber_node30node11_t5,9.0
flow_wide_node30node11_t1,0.0
flow_wide_node30node11_t2,0.0
flow_wide_node30node11_t3,0.0
flow_wide_node30node11_t4,0.0
flow_wide_node30node11_t5,0.0
flow_timber_node30node14_t1,9.0
flow_timber_node30node14_t2,9.0
flow_timber_node30node14_t3,9.0
flow_timber_node30node14_t4,9.0
flow_timber_node30node14_t5,9.0
flow_wide_node30node14_t1,0.0
flow_wide_node30node14_t2,0.0
flow_wide_node30node14_t3,0.0
flow_wide_node30node14_t4,0.0
flow_wide_node30node14_t5,0.0
flow_timber_node30node49_t1,1.0
flow_timber_node30node49_t2,1.0
flow_timber_node30node49_t3,1.0
flow_timber_node30node49_t4,1.0
flow_timber_node30node49_t5,1.0
flow_wide_node30node49_t1,0.0
flow_wide_node30node49_t2,0.0
flow_wide_node30node49_t3,0.0
flow_wide_node30node49_t4,0.0
flow_wide_node30node49_t5,0.0
flow_timber_node30node69_t1,0.0
flow_timber_node30node69_t2,0.0
flow_timber_node30node69_t3,0.0
flow_timber_node30node69_t4,0.0
flow_timber_node30node69_t5,0.0
flow_wide_node30node69_t1,0.0
flow_wide_node30node69_t2,0.0
flow_wide_node30node69_t3,0.0
flow_wide_node30node69_t4,0.0
flow_wide_node30node69_t5,0.0
flow_timber_node30node70_t1,0.0
flow_timber_node30node70_t2,0.0
flow_timber_node30node70_t3,0.0
flow_timber_node30node70_t4,0.0
flow_timber_node30node70_t5,0.0
flow_wide_node30node70_t1,0.0
flow_wide_node30node70_t2,0.0
flow_wide_node30node70_t3,0.0
flow_wide_node30node70_t4,0.0
flow_wide_node30node70_t5,0.0
flow_timber_node30node71_t1,0.0
flow_timber_node30node71_t2,0.0
flow_timber_node30node71_t3,0.0
flow_timber_node30node71_t4,0.0
flow_timber_node30node71_t5,0.0
flow_wide_node30node71_t1,0.0
flow_wide_node30node71_t2,0.0
flow_wide_node30node71_t3,0.0
flow_wide_node30node71_t4,0.0
flow_wide_node30node71_t5,0.0
flow_timber_node14node11_t1,9.0
flow_timber_node14node11_t2,9.0
flow_timber_node14node11_t3,9.0
flow_timber_node14node11_t4,9.0
flow_timber_node14node11_t5,9.0
flow_wide_node14node11_t1,0.0
flow_wide_node14node11_t2,0.0
flow_wide_node14node11_t3,0.0
flow_wide_node14node11_t4,0.0
flow_wide_node14node11_t5,0.0
flow_timber_node14node30_t1,9.0
flow_timber_node14node30_t2,9.0
flow_timber_node14node30_t3,9.0
flow_timber_node14node30_t4,9.0
flow_timber_node14node30_t5,9.0
flow_wide_node14node30_t1,0.0
flow_wide_node14node30_t2,0.0
flow_wide_node14node30_t3,0.0
flow_wide_node14node30_t4,0.0
flow_wide_node14node30_t5,0.0
flow_timber_node14node50_t1,0.0
flow_timber_node14node50_t2,0.0
flow_timber_node14node50_t3,0.0
flow_timber_node14node50_t4,0.0
flow_timber_node14node50_t5,0.0
flow_wide_node14node50_t1,0.0
flow_wide_node14node50_t2,0.0
flow_wide_node14node50_t3,0.0
flow_wide_node14node50_t4,0.0
flow_wide_node14node50_t5,0.0
flow_timber_node14node70_t1,0.0
flow_timber_node14node70_t2,0.0
flow_timber_node14node70_t3,0.0
flow_timber_node14node70_t4,0.0
flow_timber_node14node70_t5,0.0
flow_wide_node14node70_t1,0.0
flow_wide_node14node70_t2,0.0
flow_wide_node14node70_t3,0.0
flow_wide_node14node70_t4,0.0
flow_wide_node14node70_t5,0.0
flow_timber_node14node71_t1,0.0
flow_timber_node14node71_t2,0.0
flow_timber_node14node71_t3,0.0
flow_timber_node14node71_t4,0.0
flow_timber_node14node71_t5,0.0
flow_wide_node14node71_t1,0.0
flow_wide_node14node71_t2,0.0
flow_wide_node14node71_t3,0.0
flow_wide_node14node71_t4,0.0
flow_wide_node14node71_t5,0.0
flow_timber_node71node11_t1,0.0
flow_timber_node71node11_t2,0.0
flow_timber_node71node11_t3,0.0
flow_timber_node71node11_t4,0.0
flow_timber_node71node11_t5,0.0
flow_wide_node71node11_t1,0.0
flow_wide_node71node11_t2,0.0
flow_wide_node71node11_t3,0.0
flow_wide_node71node11_t4,0.0
flow_wide_node71node11_t5,0.0
flow_timber_node71node14_t1,0.0
flow_timber_node71node14_t2,0.0
flow_timber_node71node14_t3,0.0
flow_timber_node71node14_t4,0.0
flow_timber_node71node14_t5,0.0
flow_wide_node71node14_t1,0.0
flow_wide_node71node14_t2,0.0
flow_wide_node71node14_t3,0.0
flow_wide_node71node14_t4,0.0
flow_wide_node71node14_t5,0.0
flow_timber_node71node30_t1,1.0
flow_timber_node71node30_t2,1.0
flow_timber_node71node30_t3,1.0
flow_timber_node71node30_t4,1.0
flow_timber_node71node30_t5,1.0
flow_wide_node71node30_t1,0.0
flow_wide_node71node30_t2,0.0
flow_wide_node71node30_t3,0.0
flow_wide_node71node30_t4,0.0
flow_wide_node71node30_t5,0.0
flow_timber_node13node48_t1,0.0
flow_timber_node13node48_t2,0.0
flow_timber_node13node48_t3,0.0
flow_timber_node13node48_t4,0.0
flow_timber_node13node48_t5,0.0
flow_wide_node13node48_t1,0.0
flow_wide_node13node48_t2,0.0
flow_wide_node13node48_t3,0.0
flow_wide_node13node48_t4,0.0
flow_wide_node13node48_t5,0.0
flow_timber_node13node29_t1,9.0
flow_timber_node13node29_t2,9.0
flow_timber_node13node29_t3,9.0
flow_timber_node13node29_t4,9.0
flow_timber_node13node29_t5,9.0
flow_wide_node13node29_t1,0.0
flow_wide_node13node29_t2,0.0
flow_wide_node13node29_t3,0.0
flow_wide_node13node29_t4,0.0
flow_wide_node13node29_t5,0.0
flow_timber_node13node47_t1,0.0
flow_timber_node13node47_t2,0.0
flow_timber_node13node47_t3,0.0
flow_timber_node13node47_t4,0.0
flow_timber_node13node47_t5,0.0
flow_wide_node13node47_t1,0.0
flow_wide_node13node47_t2,0.0
flow_wide_node13node47_t3,0.0
flow_wide_node13node47_t4,0.0
flow_wide_node13node47_t5,0.0
flow_timber_node13node67_t1,0.0
flow_timber_node13node67_t2,0.0
flow_timber_node13node67_t3,0.0
flow_timber_node13node67_t4,0.0
flow_timber_node13node67_t5,0.0
flow_wide_node13node67_t1,0.0
flow_wide_node13node67_t2,0.0
flow_wide_node13node67_t3,0.0
flow_wide_node13node67_t4,0.0
flow_wide_node13node67_t5,0.0
flow_timber_node13node69_t1,0.0
flow_timber_node13node69_t2,0.0
flow_timber_node13node69_t3,0.0
flow_timber_node13node69_t4,0.0
flow_timber_node13node69_t5,0.0
flow_wide_node13node69_t1,0.0
flow_wide_node13node69_t2,0.0
flow_wide_node13node69_t3,0.0
flow_wide_node13node69_t4,0.0
flow_wide_node13node69_t5,0.0
flow_timber_node48node13_t1,0.0
flow_timber_node48node13_t2,0.0
flow_timber_node48node13_t3,0.0
flow_timber_node48node13_t4,0.0
flow_timber_node48node13_t5,0.0
flow_wide_node48node13_t1,0.0
flow_wide_node48node13_t2,0.0
flow_wide_node48node13_t3,0.0
flow_wide_node48node13_t4,0.0
flow_wide_node48node13_t5,0.0
flow_timber_node48node25_t1,0.0
flow_timber_node48node25_t2,0.0
flow_timber_node48node25_t3,0.0
flow_timber_node48node25_t4,0.0
flow_timber_node48node25_t5,0.0
flow_wide_node48node25_t1,0.0
flow_wide_node48node25_t2,0.0
flow_wide_node48node25_t3,0.0
flow_wide_node48node25_t4,0.0
flow_wide_node48node25_t5,0.0
flow_timber_node48node67_t1,0.0
flow_timber_node48node67_t2,0.0
flow_timber_node48node67_t3,0.0
flow_timber_node48node67_t4,0.0
flow_timber_node48node67_t5,0.0
flow_wide_node48node67_t1,0.0
flow_wide_node48node67_t2,0.0
flow_wide_node48node67_t3,0.0
flow_wide_node48node67_t4,0.0
flow_wide_node48node67_t5,0.0
flow_timber_node15node56_t1,0.0
flow_timber_node15node56_t2,0.0
flow_timber_node15node56_t3,0.0
flow_timber_node15node56_t4,0.0
flow_timber_node15node56_t5,0.0
flow_wide_node15node56_t1,0.0
flow_wide_node15node56_t2,0.0
flow_wide_node15node56_t3,0.0
flow_wide_node15node56_t4,0.0
flow_wide_node15node56_t5,0.0
flow_timber_node15node54_t1,0.0
flow_timber_node15node54_t2,0.0
flow_timber_node15node54_t3,0.0
flow_timber_node15node54_t4,0.0
flow_timber_node15node54_t5,0.0
flow_wide_node15node54_t1,0.0
flow_wide_node15node54_t2,0.0
flow_wide_node15node54_t3,0.0
flow_wide_node15node54_t4,0.0
flow_wide_node15node54_t5,0.0
flow_timber_node15node72_t1,0.0
flow_timber_node15node72_t2,0.0
flow_timber_node15node72_t3,0.0
flow_timber_node15node72_t4,0.0
flow_timber_node15node72_t5,0.0
flow_wide_node15node72_t1,0.0
flow_wide_node15node72_t2,0.0
flow_wide_node15node72_t3,0.0
flow_wide_node15node72_t4,0.0
flow_wide_node15node72_t5,0.0
flow_timber_node56node15_t1,0.0
flow_timber_node56node15_t2,0.0
flow_timber_node56node15_t3,0.0
flow_timber_node56node15_t4,0.0
flow_timber_node56node15_t5,0.0
flow_wide_node56node15_t1,0.0
flow_wide_node56node15_t2,0.0
flow_wide_node56node15_t3,0.0
flow_wide_node56node15_t4,0.0
flow_wide_node56node15_t5,0.0
flow_timber_node56node58_t1,0.0
flow_timber_node56node58_t2,0.0
flow_timber_node56node58_t3,0.0
flow_timber_node56node58_t4,0.0
flow_timber_node56node58_t5,0.0
flow_wide_node56node58_t1,0.0
flow_wide_node56node58_t2,0.0
flow_wide_node56node58_t3,0.0
flow_wide_node56node58_t4,0.0
flow_wide_node56node58_t5,0.0
flow_timber_node56node72_t1,0.0
flow_timber_node56node72_t2,0.0
flow_timber_node56node72_t3,0.0
flow_timber_node56node72_t4,0.0
flow_timber_node56node72_t5,0.0
flow_wide_node56node72_t1,0.0
flow_wide_node56node72_t2,0.0
flow_wide_node56node72_t3,0.0
flow_wide_node56node72_t4,0.0
flow_wide_node56node72_t5,0.0
flow_timber_node20node16_t1,9.0
flow_timber_node20node16_t2,9.0
flow_timber_node20node16_t3,9.0
flow_timber_node20node16_t4,9.0
flow_timber_node20node16_t5,9.0
flow_wide_node20node16_t1,0.0
flow_wide_node20node16_t2,0.0
flow_wide_node20node16_t3,0.0
flow_wide_node20node16_t4,0.0
flow_wide_node20node16_t5,0.0
flow_timber_node20node19_t1,9.0
flow_timber_node20node19_t2,9.0
flow_timber_node20node19_t3,9.0
flow_timber_node20node19_t4,9.0
flow_timber_node20node19_t5,9.0
flow_wide_node20node19_t1,0.0
flow_wide_node20node19_t2,0.0
flow_wide_node20node19_t3,0.0
flow_wide_node20node19_t4,0.0
flow_wide_node20node19_t5,0.0
flow_timber_node20node33_t1,0.0
flow_timber_node20node33_t2,0.0
flow_timber_node20node33_t3,0.0
flow_timber_node20node33_t4,0.0
flow_timber_node20node33_t5,0.0
flow_wide_node20node33_t1,0.0
flow_wide_node20node33_t2,0.0
flow_wide_node20node33_t3,0.0
flow_wide_node20node33_t4,0.0
flow_wide_node20node33_t5,0.0
flow_timber_node20node61_t1,0.0
flow_timber_node20node61_t2,0.0
flow_timber_node20node61_t3,0.0
flow_timber_node20node61_t4,0.0
flow_timber_node20node61_t5,0.0
flow_wide_node20node61_t1,0.0
flow_wide_node20node61_t2,0.0
flow_wide_node20node61_t3,0.0
flow_wide_node20node61_t4,0.0
flow_wide_node20node61_t5,0.0
flow_timber_node20node63_t1,0.0
flow_timber_node20node63_t2,0.0
flow_timber_node20node63_t3,0.0
flow_timber_node20node63_t4,0.0
flow_timber_node20node63_t5,0.0
flow_wide_node20node63_t1,0.0
flow_wide_node20node63_t2,0.0
flow_wide_node20node63_t3,0.0
flow_wide_node20node63_t4,0.0
flow_wide_node20node63_t5,0.0
flow_timber_node17node42_t1,0.0
flow_timber_node17node42_t2,0.0
flow_timber_node17node42_t3,0.0
flow_timber_node17node42_t4,0.0
flow_timber_node17node42_t5,0.0
flow_wide_node17node42_t1,0.0
flow_wide_node17node42_t2,0.0
flow_wide_node17node42_t3,0.0
flow_wide_node17node42_t4,0.0
flow_wide_node17node42_t5,0.0
flow_timber_node17node41_t1,0.0
flow_timber_node17node41_t2,0.0
flow_timber_node17node41_t3,0.0
flow_timber_node17node41_t4,0.0
flow_timber_node17node41_t5,0.0
flow_wide_node17node41_t1,0.0
flow_wide_node17node41_t2,0.0
flow_wide_node17node41_t3,0.0
flow_wide_node17node41_t4,0.0
flow_wide_node17node41_t5,0.0
flow_timber_node17node60_t1,0.0
flow_timber_node17node60_t2,0.0
flow_timber_node17node60_t3,0.0
flow_timber_node17node60_t4,0.0
flow_timber_node17node60_t5,0.0
flow_wide_node17node60_t1,0.0
flow_wide_node17node60_t2,0.0
flow_wide_node17node60_t3,0.0
flow_wide_node17node60_t4,0.0
flow_wide_node17node60_t5,0.0
flow_timber_node17node61_t1,0.0
flow_timber_node17node61_t2,0.0
flow_timber_node17node61_t3,0.0
flow_timber_node17node61_t4,0.0
flow_timber_node17node61_t5,0.0
flow_wide_node17node61_t1,0.0
flow_wide_node17node61_t2,0.0
flow_wide_node17node61_t3,0.0
flow_wide_node17node61_t4,0.0
flow_wide_node17node61_t5,0.0
flow_timber_node42node17_t1,0.0
flow_timber_node42node17_t2,0.0
flow_timber_node42node17_t3,0.0
flow_timber_node42node17_t4,0.0
flow_timber_node42node17_t5,0.0
flow_wide_node42node17_t1,0.0
flow_wide_node42node17_t2,0.0
flow_wide_node42node17_t3,0.0
flow_wide_node42node17_t4,0.0
flow_wide_node42node17_t5,0.0
flow_timber_node42node21_t1,0.0
flow_timber_node42node21_t2,0.0
flow_timber_node42node21_t3,0.0
flow_timber_node42node21_t4,0.0
flow_timber_node42node21_t5,0.0
flow_wide_node42node21_t1,0.0
flow_wide_node42node21_t2,0.0
flow_wide_node42node21_t3,0.0
flow_wide_node42node21_t4,0.0
flow_wide_node42node21_t5,0.0
flow_timber_node42node60_t1,0.0
flow_timber_node42node60_t2,0.0
flow_timber_node42node60_t3,0.0
flow_timber_node42node60_t4,0.0
flow_timber_node42node60_t5,0.0
flow_wide_node42node60_t1,0.0
flow_wide_node42node60_t2,0.0
flow_wide_node42node60_t3,0.0
flow_wide_node42node60_t4,0.0
flow_wide_node42node60_t5,0.0
flow_timber_node42node61_t1,0.0
flow_timber_node42node61_t2,0.0
flow_timber_node42node61_t3,0.0
flow_timber_node42node61_t4,0.0
flow_timber_node42node61_t5,0.0
flow_wide_node42node61_t1,0.0
flow_wide_node42node61_t2,0.0
flow_wide_node42node61_t3,0.0
flow_wide_node42node61_t4,0.0
flow_wide_node42node61_t5,0.0
flow_timber_node41node17_t1,0.0
flow_timber_node41node17_t2,0.0
flow_timber_node41node17_t3,0.0
flow_timber_node41node17_t4,0.0
flow_timber_node41node17_t5,0.0
flow_wide_node41node17_t1,0.0
flow_wide_node41node17_t2,0.0
flow_wide_node41node17_t3,0.0
flow_wide_node41node17_t4,0.0
flow_wide_node41node17_t5,0.0
flow_timber_node41node33_t1,0.0
flow_timber_node41node33_t2,0.0
flow_timber_node41node33_t3,0.0
flow_timber_node41node33_t4,0.0
flow_timber_node41node33_t5,0.0
flow_wide_node41node33_t1,0.0
flow_wide_node41node33_t2,0.0
flow_wide_node41node33_t3,0.0
flow_wide_node41node33_t4,0.0
flow_wide_node41node33_t5,0.0
flow_timber_node41node60_t1,0.0
flow_timber_node41node60_t2,0.0
flow_timber_node41node60_t3,0.0
flow_timber_node41node60_t4,0.0
flow_timber_node41node60_t5,0.0
flow_wide_node41node60_t1,0.0
flow_wide_node41node60_t2,0.0
flow_wide_node41node60_t3,0.0
flow_wide_node41node60_t4,0.0
flow_wide_node41node60_t5,0.0
flow_timber_node41node61_t1,0.0
flow_timber_node41node61_t2,0.0
flow_timber_node41node61_t3,0.0
flow_timber_node41node61_t4,0.0
flow_timber_node41node61_t5,0.0
flow_wide_node41node61_t1,0.0
flow_wide_node41node61_t2,0.0
flow_wide_node41node61_t3,0.0
flow_wide_node41node61_t4,0.0
flow_wide_node41node61_t5,0.0
flow_timber_node36node18_t1,0.0
flow_timber_node36node18_t2,0.0
flow_timber_node36node18_t3,0.0
flow_timber_node36node18_t4,0.0
flow_timber_node36node18_t5,0.0
flow_wide_node36node18_t1,0.0
flow_wide_node36node18_t2,0.0
flow_wide_node36node18_t3,0.0
flow_wide_node36node18_t4,0.0
flow_wide_node36node18_t5,0.0
flow_timber_node36node26_t1,0.0
flow_timber_node36node26_t2,0.0
flow_timber_node36node26_t3,0.0
flow_timber_node36node26_t4,0.0
flow_timber_node36node26_t5,0.0
flow_wide_node36node26_t1,0.0
flow_wide_node36node26_t2,0.0
flow_wide_node36node26_t3,0.0
flow_wide_node36node26_t4,0.0
flow_wide_node36node26_t5,0.0
flow_timber_node36node62_t1,0.0
flow_timber_node36node62_t2,0.0
flow_timber_node36node62_t3,0.0
flow_timber_node36node62_t4,0.0
flow_timber_node36node62_t5,0.0
flow_wide_node36node62_t1,0.0
flow_wide_node36node62_t2,0.0
flow_wide_node36node62_t3,0.0
flow_wide_node36node62_t4,0.0
flow_wide_node36node62_t5,0.0
flow_timber_node36node68_t1,0.0
flow_timber_node36node68_t2,0.0
flow_timber_node36node68_t3,0.0
flow_timber_node36node68_t4,0.0
flow_timber_node36node68_t5,0.0
flow_wide_node36node68_t1,0.0
flow_wide_node36node68_t2,0.0
flow_wide_node36node68_t3,0.0
flow_wide_node36node68_t4,0.0
flow_wide_node36node68_t5,0.0
flow_timber_node19node20_t1,9.0
flow_timber_node19node20_t2,9.0
flow_timber_node19node20_t3,9.0
flow_timber_node19node20_t4,9.0
flow_timber_node19node20_t5,9.0
flow_wide_node19node20_t1,0.0
flow_wide_node19node20_t2,0.0
flow_wide_node19node20_t3,0.0
flow_wide_node19node20_t4,0.0
flow_wide_node19node20_t5,0.0
flow_timber_node19node24_t1,9.0
flow_timber_node19node24_t2,9.0
flow_timber_node19node24_t3,9.0
flow_timber_node19node24_t4,9.0
flow_timber_node19node24_t5,9.0
flow_wide_node19node24_t1,0.0
flow_wide_node19node24_t2,0.0
flow_wide_node19node24_t3,0.0
flow_wide_node19node24_t4,0.0
flow_wide_node19node24_t5,0.0
flow_timber_node19node22_t1,9.0
flow_timber_node19node22_t2,9.0
flow_timber_node19node22_t3,9.0
flow_timber_node19node22_t4,9.0
flow_timber_node19node22_t5,9.0
flow_wide_node19node22_t1,0.0
flow_wide_node19node22_t2,0.0
flow_wide_node19node22_t3,0.0
flow_wide_node19node22_t4,0.0
flow_wide_node19node22_t5,0.0
flow_timber_node19node63_t1,0.0
flow_timber_node19node63_t2,0.0
flow_timber_node19node63_t3,0.0
flow_timber_node19node63_t4,0.0
flow_timber_node19node63_t5,0.0
flow_wide_node19node63_t1,0.0
flow_wide_node19node63_t2,0.0
flow_wide_node19node63_t3,0.0
flow_wide_node19node63_t4,0.0
flow_wide_node19node63_t5,0.0
flow_timber_node19node65_t1,0.0
flow_timber_node19node65_t2,0.0
flow_timber_node19node65_t3,0.0
flow_timber_node19node65_t4,0.0
flow_timber_node19node65_t5,0.0
flow_wide_node19node65_t1,0.0
flow_wide_node19node65_t2,0.0
flow_wide_node19node65_t3,0.0
flow_wide_node19node65_t4,0.0
flow_wide_node19node65_t5,0.0
flow_timber_node24node19_t1,9.0
flow_timber_node24node19_t2,9.0
flow_timber_node24node19_t3,9.0
flow_timber_node24node19_t4,9.0
flow_timber_node24node19_t5,9.0
flow_wide_node24node19_t1,0.0
flow_wide_node24node19_t2,0.0
flow_wide_node24node19_t3,0.0
flow_wide_node24node19_t4,0.0
flow_wide_node24node19_t5,0.0
flow_timber_node24node22_t1,9.0
flow_timber_node24node22_t2,9.0
flow_timber_node24node22_t3,9.0
flow_timber_node24node22_t4,9.0
flow_timber_node24node22_t5,9.0
flow_wide_node24node22_t1,0.0
flow_wide_node24node22_t2,0.0
flow_wide_node24node22_t3,0.0
flow_wide_node24node22_t4,0.0
flow_wide_node24node22_t5,0.0
flow_timber_node24node31_t1,9.0
flow_timber_node24node31_t2,9.0
flow_timber_node24node31_t3,9.0
flow_timber_node24node31_t4,9.0
flow_timber_node24node31_t5,9.0
flow_wide_node24node31_t1,0.0
flow_wide_node24node31_t2,0.0
flow_wide_node24node31_t3,0.0
flow_wide_node24node31_t4,0.0
flow_wide_node24node31_t5,0.0
flow_timber_node24node64_t1,0.0
flow_timber_node24node64_t2,0.0
flow_timber_node24node64_t3,0.0
flow_timber_node24node64_t4,0.0
flow_timber_node24node64_t5,0.0
flow_wide_node24node64_t1,0.0
flow_wide_node24node64_t2,0.0
flow_wide_node24node64_t3,0.0
flow_wide_node24node64_t4,0.0
flow_wide_node24node64_t5,0.0
flow_timber_node24node65_t1,0.0
flow_timber_node24node65_t2,0.0
flow_timber_node24node65_t3,0.0
flow_timber_node24node65_t4,0.0
flow_timber_node24node65_t5,0.0
flow_wide_node24node65_t1,0.0
flow_wide_node24node65_t2,0.0
flow_wide_node24node65_t3,0.0
flow_wide_node24node65_t4,0.0
flow_wide_node24node65_t5,0.0
flow_timber_node22node19_t1,9.0
flow_timber_node22node19_t2,9.0
flow_timber_node22node19_t3,9.0
flow_timber_node22node19_t4,9.0
flow_timber_node22node19_t5,9.0
flow_wide_node22node19_t1,0.0
flow_wide_node22node19_t2,0.0
flow_wide_node22node19_t3,0.0
flow_wide_node22node19_t4,0.0
flow_wide_node22node19_t5,0.0
flow_timber_node22node38_t1,9.0
flow_timber_node22node38_t2,9.0
flow_timber_node22node38_t3,9.0
flow_timber_node22node38_t4,9.0
flow_timber_node22node38_t5,9.0
flow_wide_node22node38_t1,0.0
flow_wide_node22node38_t2,0.0
flow_wide_node22node38_t3,0.0
flow_wide_node22node38_t4,0.0
flow_wide_node22node38_t5,0.0
flow_timber_node22node24_t1,9.0
flow_timber_node22node24_t2,9.0
flow_timber_node22node24_t3,9.0
flow_timber_node22node24_t4,9.0
flow_timber_node22node24_t5,9.0
flow_wide_node22node24_t1,0.0
flow_wide_node22node24_t2,0.0
flow_wide_node22node24_t3,0.0
flow_wide_node22node24_t4,0.0
flow_wide_node22node24_t5,0.0
flow_timber_node22node63_t1,0.0
flow_timber_node22node63_t2,0.0
flow_timber_node22node63_t3,0.0
flow_timber_node22node63_t4,0.0
flow_timber_node22node63_t5,0.0
flow_wide_node22node63_t1,0.0
flow_wide_node22node63_t2,0.0
flow_wide_node22node63_t3,0.0
flow_wide_node22node63_t4,0.0
flow_wide_node22node63_t5,0.0
flow_timber_node22node64_t1,0.0
flow_timber_node22node64_t2,0.0
flow_timber_node22node64_t3,0.0
flow_timber_node22node64_t4,0.0
flow_timber_node22node64_t5,0.0
flow_wide_node22node64_t1,0.0
flow_wide_node22node64_t2,0.0
flow_wide_node22node64_t3,0.0
flow_wide_node22node64_t4,0.0
flow_wide_node22node64_t5,0.0
flow_timber_node22node65_t1,0.0
flow_timber_node22node65_t2,0.0
flow_timber_node22node65_t3,0.0
flow_timber_node22node65_t4,0.0
flow_timber_node22node65_t5,0.0
flow_wide_node22node65_t1,0.0
flow_wide_node22node65_t2,0.0
flow_wide_node22node65_t3,0.0
flow_wide_node22node65_t4,0.0
flow_wide_node22node65_t5,0.0
flow_timber_node65node19_t1,0.0
flow_timber_node65node19_t2,0.0
flow_timber_node65node19_t3,0.0
flow_timber_node65node19_t4,0.0
flow_timber_node65node19_t5,0.0
flow_wide_node65node19_t1,0.0
flow_wide_node65node19_t2,0.0
flow_wide_node65node19_t3,0.0
flow_wide_node65node19_t4,0.0
flow_wide_node65node19_t5,0.0
flow_timber_node65node22_t1,0.0
flow_timber_node65node22_t2,0.0
flow_timber_node65node22_t3,0.0
flow_timber_node65node22_t4,0.0
flow_timber_node65node22_t5,0.0
flow_wide_node65node22_t1,0.0
flow_wide_node65node22_t2,0.0
flow_wide_node65node22_t3,0.0
flow_wide_node65node22_t4,0.0
flow_wide_node65node22_t5,0.0
flow_timber_node65node24_t1,0.0
flow_timber_node65node24_t2,0.0
flow_timber_node65node24_t3,0.0
flow_timber_node65node24_t4,0.0
flow_timber_node65node24_t5,0.0
flow_wide_node65node24_t1,0.0
flow_wide_node65node24_t2,0.0
flow_wide_node65node24_t3,0.0
flow_wide_node65node24_t4,0.0
flow_wide_node65node24_t5,0.0
flow_timber_node38node22_t1,9.0
flow_timber_node38node22_t2,9.0
flow_timber_node38node22_t3,9.0
flow_timber_node38node22_t4,9.0
flow_timber_node38node22_t5,9.0
flow_wide_node38node22_t1,0.0
flow_wide_node38node22_t2,0.0
flow_wide_node38node22_t3,0.0
flow_wide_node38node22_t4,0.0
flow_wide_node38node22_t5,0.0
flow_timber_node38node31_t1,9.0
flow_timber_node38node31_t2,9.0
flow_timber_node38node31_t3,9.0
flow_timber_node38node31_t4,9.0
flow_timber_node38node31_t5,9.0
flow_wide_node38node31_t1,0.0
flow_wide_node38node31_t2,0.0
flow_wide_node38node31_t3,0.0
flow_wide_node38node31_t4,0.0
flow_wide_node38node31_t5,0.0
flow_timber_node38node46_t1,1.0
flow_timber_node38node46_t2,1.0
flow_timber_node38node46_t3,0.0
flow_timber_node38node46_t4,1.0
flow_timber_node38node46_t5,1.0
flow_wide_node38node46_t1,0.0
flow_wide_node38node46_t2,0.0
flow_wide_node38node46_t3,0.0
flow_wide_node38node46_t4,0.0
flow_wide_node38node46_t5,0.0
flow_timber_node38node63_t1,0.0
flow_timber_node38node63_t2,0.0
flow_timber_node38node63_t3,0.0
flow_timber_node38node63_t4,0.0
flow_timber_node38node63_t5,0.0
flow_wide_node38node63_t1,0.0
flow_wide_node38node63_t2,0.0
flow_wide_node38node63_t3,0.0
flow_wide_node38node63_t4,0.0
flow_wide_node38node63_t5,0.0
flow_timber_node38node64_t1,0.0
flow_timber_node38node64_t2,0.0
flow_timber_node38node64_t3,0.0
flow_timber_node38node64_t4,0.0
flow_timber_node38node64_t5,0.0
flow_wide_node38node64_t1,0.0
flow_wide_node38node64_t2,0.0
flow_wide_node38node64_t3,0.0
flow_wide_node38node64_t4,0.0
flow_wide_node38node64_t5,0.0
flow_timber_node38node66_t1,0.0
flow_timber_node38node66_t2,0.0
flow_timber_node38node66_t3,0.0
flow_timber_node38node66_t4,0.0
flow_timber_node38node66_t5,0.0
flow_wide_node38node66_t1,0.0
flow_wide_node38node66_t2,0.0
flow_wide_node38node66_t3,0.0
flow_wide_node38node66_t4,0.0
flow_wide_node38node66_t5,0.0
flow_timber_node64node22_t1,0.0
flow_timber_node64node22_t2,0.0
flow_timber_node64node22_t3,0.0
flow_timber_node64node22_t4,0.0
flow_timber_node64node22_t5,0.0
flow_wide_node64node22_t1,0.0
flow_wide_node64node22_t2,0.0
flow_wide_node64node22_t3,0.0
flow_wide_node64node22_t4,0.0
flow_wide_node64node22_t5,0.0
flow_timber_node64node24_t1,0.0
flow_timber_node64node24_t2,0.0
flow_timber_node64node24_t3,0.0
flow_timber_node64node24_t4,0.0
flow_timber_node64node24_t5,0.0
flow_wide_node64node24_t1,0.0
flow_wide_node64node24_t2,0.0
flow_wide_node64node24_t3,0.0
flow_wide_node64node24_t4,0.0
flow_wide_node64node24_t5,0.0
flow_timber_node64node31_t1,0.0
flow_timber_node64node31_t2,0.0
flow_timber_node64node31_t3,0.0
flow_timber_node64node31_t4,0.0
flow_timber_node64node31_t5,0.0
flow_wide_node64node31_t1,0.0
flow_wide_node64node31_t2,0.0
flow_wide_node64node31_t3,0.0
flow_wide_node64node31_t4,0.0
flow_wide_node64node31_t5,0.0
flow_timber_node64node38_t1,1.0
flow_timber_node64node38_t2,1.0
flow_timber_node64node38_t3,0.0
flow_timber_node64node38_t4,1.0
flow_timber_node64node38_t5,1.0
flow_wide_node64node38_t1,0.0
flow_wide_node64node38_t2,0.0
flow_wide_node64node38_t3,0.0
flow_wide_node64node38_t4,0.0
flow_wide_node64node38_t5,0.0
flow_timber_node23node58_t1,0.0
flow_timber_node23node58_t2,0.0
flow_timber_node23node58_t3,0.0
flow_timber_node23node58_t4,0.0
flow_timber_node23node58_t5,0.0
flow_wide_node23node58_t1,0.0
flow_wide_node23node58_t2,0.0
flow_wide_node23node58_t3,0.0
flow_wide_node23node58_t4,0.0
flow_wide_node23node58_t5,0.0
flow_timber_node23node55_t1,0.0
flow_timber_node23node55_t2,0.0
flow_timber_node23node55_t3,0.0
flow_timber_node23node55_t4,0.0
flow_timber_node23node55_t5,0.0
flow_wide_node23node55_t1,0.0
flow_wide_node23node55_t2,0.0
flow_wide_node23node55_t3,0.0
flow_wide_node23node55_t4,0.0
flow_wide_node23node55_t5,0.0
flow_timber_node23node72_t1,0.0
flow_timber_node23node72_t2,0.0
flow_timber_node23node72_t3,0.0
flow_timber_node23node72_t4,0.0
flow_timber_node23node72_t5,0.0
flow_wide_node23node72_t1,0.0
flow_wide_node23node72_t2,0.0
flow_wide_node23node72_t3,0.0
flow_wide_node23node72_t4,0.0
flow_wide_node23node72_t5,0.0
flow_timber_node58node23_t1,0.0
flow_timber_node58node23_t2,0.0
flow_timber_node58node23_t3,0.0
flow_timber_node58node23_t4,0.0
flow_timber_node58node23_t5,0.0
flow_wide_node58node23_t1,0.0
flow_wide_node58node23_t2,0.0
flow_wide_node58node23_t3,0.0
flow_wide_node58node23_t4,0.0
flow_wide_node58node23_t5,0.0
flow_timber_node58node56_t1,0.0
flow_timber_node58node56_t2,0.0
flow_timber_node58node56_t3,0.0
flow_timber_node58node56_t4,0.0
flow_timber_node58node56_t5,0.0
flow_wide_node58node56_t1,0.0
flow_wide_node58node56_t2,0.0
flow_wide_node58node56_t3,0.0
flow_wide_node58node56_t4,0.0
flow_wide_node58node56_t5,0.0
flow_timber_node58node72_t1,0.0
flow_timber_node58node72_t2,0.0
flow_timber_node58node72_t3,0.0
flow_timber_node58node72_t4,0.0
flow_timber_node58node72_t5,0.0
flow_wide_node58node72_t1,0.0
flow_wide_node58node72_t2,0.0
flow_wide_node58node72_t3,0.0
flow_wide_node58node72_t4,0.0
flow_wide_node58node72_t5,0.0
flow_timber_node55node23_t1,0.0
flow_timber_node55node23_t2,0.0
flow_timber_node55node23_t3,0.0
flow_timber_node55node23_t4,0.0
flow_timber_node55node23_t5,0.0
flow_wide_node55node23_t1,0.0
flow_wide_node55node23_t2,0.0
flow_wide_node55node23_t3,0.0
flow_wide_node55node23_t4,0.0
flow_wide_node55node23_t5,0.0
flow_timber_node55node53_t1,0.0
flow_timber_node55node53_t2,0.0
flow_timber_node55node53_t3,0.0
flow_timber_node55node53_t4,0.0
flow_timber_node55node53_t5,0.0
flow_wide_node55node53_t1,0.0
flow_wide_node55node53_t2,0.0
flow_wide_node55node53_t3,0.0
flow_wide_node55node53_t4,0.0
flow_wide_node55node53_t5,0.0
flow_timber_node55node72_t1,0.0
flow_timber_node55node72_t2,0.0
flow_timber_node55node72_t3,0.0
flow_timber_node55node72_t4,0.0
flow_timber_node55node72_t5,0.0
flow_wide_node55node72_t1,0.0
flow_wide_node55node72_t2,0.0
flow_wide_node55node72_t3,0.0
flow_wide_node55node72_t4,0.0
flow_wide_node55node72_t5,0.0
flow_timber_node27node34_t1,0.0
flow_timber_node27node34_t2,0.0
flow_timber_node27node34_t3,0.0
flow_timber_node27node34_t4,0.0
flow_timber_node27node34_t5,0.0
flow_wide_node27node34_t1,0.0
flow_wide_node27node34_t2,0.0
flow_wide_node27node34_t3,0.0
flow_wide_node27node34_t4,0.0
flow_wide_node27node34_t5,0.0
flow_timber_node27node51_t1,0.0
flow_timber_node27node51_t2,0.0
flow_timber_node27node51_t3,0.0
flow_timber_node27node51_t4,0.0
flow_timber_node27node51_t5,0.0
flow_wide_node27node51_t1,0.0
flow_wide_node27node51_t2,0.0
flow_wide_node27node51_t3,0.0
flow_wide_node27node51_t4,0.0
flow_wide_node27node51_t5,0.0
flow_timber_node27node32_t1,9.0
flow_timber_node27node32_t2,9.0
flow_timber_node27node32_t3,9.0
flow_timber_node27node32_t4,9.0
flow_timber_node27node32_t5,9.0
flow_wide_node27node32_t1,0.0
flow_wide_node27node32_t2,0.0
flow_wide_node27node32_t3,0.0
flow_wide_node27node32_t4,0.0
flow_wide_node27node32_t5,0.0
flow_timber_node27node59_t1,0.0
flow_timber_node27node59_t2,0.0
flow_timber_node27node59_t3,0.0
flow_timber_node27node59_t4,0.0
flow_timber_node27node59_t5,0.0
flow_wide_node27node59_t1,0.0
flow_wide_node27node59_t2,0.0
flow_wide_node27node59_t3,0.0
flow_wide_node27node59_t4,0.0
flow_wide_node27node59_t5,0.0
flow_timber_node27node72_t1,0.0
flow_timber_node27node72_t2,0.0
flow_timber_node27node72_t3,0.0
flow_timber_node27node72_t4,0.0
flow_timber_node27node72_t5,0.0
flow_wide_node27node72_t1,0.0
flow_wide_node27node72_t2,0.0
flow_wide_node27node72_t3,0.0
flow_wide_node27node72_t4,0.0
flow_wide_node27node72_t5,0.0
flow_timber_node34node27_t1,0.0
flow_timber_node34node27_t2,0.0
flow_timber_node34node27_t3,0.0
flow_timber_node34node27_t4,0.0
flow_timber_node34node27_t5,0.0
flow_wide_node34node27_t1,0.0
flow_wide_node34node27_t2,0.0
flow_wide_node34node27_t3,0.0
flow_wide_node34node27_t4,0.0
flow_wide_node34node27_t5,0.0
flow_timber_node34node39_t1,0.0
flow_timber_node34node39_t2,0.0
flow_timber_node34node39_t3,0.0
flow_timber_node34node39_t4,0.0
flow_timber_node34node39_t5,0.0
flow_wide_node34node39_t1,0.0
flow_wide_node34node39_t2,0.0
flow_wide_node34node39_t3,0.0
flow_wide_node34node39_t4,0.0
flow_wide_node34node39_t5,0.0
flow_timber_node34node59_t1,0.0
flow_timber_node34node59_t2,0.0
flow_timber_node34node59_t3,0.0
flow_timber_node34node59_t4,0.0
flow_timber_node34node59_t5,0.0
flow_wide_node34node59_t1,0.0
flow_wide_node34node59_t2,0.0
flow_wide_node34node59_t3,0.0
flow_wide_node34node59_t4,0.0
flow_wide_node34node59_t5,0.0
flow_timber_node51node27_t1,0.0
flow_timber_node51node27_t2,0.0
flow_timber_node51node27_t3,0.0
flow_timber_node51node27_t4,0.0
flow_timber_node51node27_t5,0.0
flow_wide_node51node27_t1,0.0
flow_wide_node51node27_t2,0.0
flow_wide_node51node27_t3,0.0
flow_wide_node51node27_t4,0.0
flow_wide_node51node27_t5,0.0
flow_timber_node51node57_t1,0.0
flow_timber_node51node57_t2,0.0
flow_timber_node51node57_t3,0.0
flow_timber_node51node57_t4,0.0
flow_timber_node51node57_t5,0.0
flow_wide_node51node57_t1,0.0
flow_wide_node51node57_t2,0.0
flow_wide_node51node57_t3,0.0
flow_wide_node51node57_t4,0.0
flow_wide_node51node57_t5,0.0
flow_timber_node51node72_t1,0.0
flow_timber_node51node72_t2,0.0
flow_timber_node51node72_t3,0.0
flow_timber_node51node72_t4,0.0
flow_timber_node51node72_t5,0.0
flow_wide_node51node72_t1,0.0
flow_wide_node51node72_t2,0.0
flow_wide_node51node72_t3,0.0
flow_wide_node51node72_t4,0.0
flow_wide_node51node72_t5,0.0
flow_timber_node49node30_t1,0.0
flow_timber_node49node30_t2,0.0
flow_timber_node49node30_t3,0.0
flow_timber_node49node30_t4,0.0
flow_timber_node49node30_t5,0.0
flow_wide_node49node30_t1,0.0
flow_wide_node49node30_t2,0.0
flow_wide_node49node30_t3,0.0
flow_wide_node49node30_t4,0.0
flow_wide_node49node30_t5,0.0
flow_timber_node49node35_t1,0.0
flow_timber_node49node35_t2,0.0
flow_timber_node49node35_t3,0.0
flow_timber_node49node35_t4,0.0
flow_timber_node49node35_t5,0.0
flow_wide_node49node35_t1,0.0
flow_wide_node49node35_t2,0.0
flow_wide_node49node35_t3,0.0
flow_wide_node49node35_t4,0.0
flow_wide_node49node35_t5,0.0
flow_timber_node49node69_t1,0.0
flow_timber_node49node69_t2,0.0
flow_timber_node49node69_t3,0.0
flow_timber_node49node69_t4,0.0
flow_timber_node49node69_t5,0.0
flow_wide_node49node69_t1,0.0
flow_wide_node49node69_t2,0.0
flow_wide_node49node69_t3,0.0
flow_wide_node49node69_t4,0.0
flow_wide_node49node69_t5,0.0
flow_timber_node49node70_t1,0.0
flow_timber_node49node70_t2,0.0
flow_timber_node49node70_t3,0.0
flow_timber_node49node70_t4,0.0
flow_timber_node49node70_t5,0.0
flow_wide_node49node70_t1,0.0
flow_wide_node49node70_t2,0.0
flow_wide_node49node70_t3,0.0
flow_wide_node49node70_t4,0.0
flow_wide_node49node70_t5,0.0
flow_timber_node37node52_t1,0.0
flow_timber_node37node52_t2,0.0
flow_timber_node37node52_t3,0.0
flow_timber_node37node52_t4,0.0
flow_timber_node37node52_t5,0.0
flow_wide_node37node52_t1,0.0
flow_wide_node37node52_t2,0.0
flow_wide_node37node52_t3,0.0
flow_wide_node37node52_t4,0.0
flow_wide_node37node52_t5,0.0
flow_timber_node37node57_t1,0.0
flow_timber_node37node57_t2,0.0
flow_timber_node37node57_t3,0.0
flow_timber_node37node57_t4,0.0
flow_timber_node37node57_t5,0.0
flow_wide_node37node57_t1,0.0
flow_wide_node37node57_t2,0.0
flow_wide_node37node57_t3,0.0
flow_wide_node37node57_t4,0.0
flow_wide_node37node57_t5,0.0
flow_timber_node37node72_t1,0.0
flow_timber_node37node72_t2,0.0
flow_timber_node37node72_t3,0.0
flow_timber_node37node72_t4,0.0
flow_timber_node37node72_t5,0.0
flow_wide_node37node72_t1,0.0
flow_wide_node37node72_t2,0.0
flow_wide_node37node72_t3,0.0
flow_wide_node37node72_t4,0.0
flow_wide_node37node72_t5,0.0
flow_timber_node52node37_t1,0.0
flow_timber_node52node37_t2,0.0
flow_timber_node52node37_t3,0.0
flow_timber_node52node37_t4,0.0
flow_timber_node52node37_t5,0.0
flow_wide_node52node37_t1,0.0
flow_wide_node52node37_t2,0.0
flow_wide_node52node37_t3,0.0
flow_wide_node52node37_t4,0.0
flow_wide_node52node37_t5,0.0
flow_timber_node52node53_t1,0.0
flow_timber_node52node53_t2,0.0
flow_timber_node52node53_t3,0.0
flow_timber_node52node53_t4,0.0
flow_timber_node52node53_t5,0.0
flow_wide_node52node53_t1,0.0
flow_wide_node52node53_t2,0.0
flow_wide_node52node53_t3,0.0
flow_wide_node52node53_t4,0.0
flow_wide_node52node53_t5,0.0
flow_timber_node52node72_t1,0.0
flow_timber_node52node72_t2,0.0
flow_timber_node52node72_t3,0.0
flow_timber_node52node72_t4,0.0
flow_timber_node52node72_t5,0.0
flow_wide_node52node72_t1,0.0
flow_wide_node52node72_t2,0.0
flow_wide_node52node72_t3,0.0
flow_wide_node52node72_t4,0.0
flow_wide_node52node72_t5,0.0
flow_timber_node57node37_t1,0.0
flow_timber_node57node37_t2,0.0
flow_timber_node57node37_t3,0.0
flow_timber_node57node37_t4,0.0
flow_timber_node57node37_t5,0.0
flow_wide_node57node37_t1,0.0
flow_wide_node57node37_t2,0.0
flow_wide_node57node37_t3,0.0
flow_wide_node57node37_t4,0.0
flow_wide_node57node37_t5,0.0
flow_timber_node57node51_t1,0.0
flow_timber_node57node51_t2,0.0
flow_timber_node57node51_t3,0.0
flow_timber_node57node51_t4,0.0
flow_timber_node57node51_t5,0.0
flow_wide_node57node51_t1,0.0
flow_wide_node57node51_t2,0.0
flow_wide_node57node51_t3,0.0
flow_wide_node57node51_t4,0.0
flow_wide_node57node51_t5,0.0
flow_timber_node57node72_t1,0.0
flow_timber_node57node72_t2,0.0
flow_timber_node57node72_t3,0.0
flow_timber_node57node72_t4,0.0
flow_timber_node57node72_t5,0.0
flow_wide_node57node72_t1,0.0
flow_wide_node57node72_t2,0.0
flow_wide_node57node72_t3,0.0
flow_wide_node57node72_t4,0.0
flow_wide_node57node72_t5,0.0
flow_timber_node53node52_t1,0.0
flow_timber_node53node52_t2,0.0
flow_timber_node53node52_t3,0.0
flow_timber_node53node52_t4,0.0
flow_timber_node53node52_t5,0.0
flow_wide_node53node52_t1,0.0
flow_wide_node53node52_t2,0.0
flow_wide_node53node52_t3,0.0
flow_wide_node53node52_t4,0.0
flow_wide_node53node52_t5,0.0
flow_timber_node53node55_t1,0.0
flow_timber_node53node55_t2,0.0
flow_timber_node53node55_t3,0.0
flow_timber_node53node55_t4,0.0
flow_timber_node53node55_t5,0.0
flow_wide_node53node55_t1,0.0
flow_wide_node53node55_t2,0.0
flow_wide_node53node55_t3,0.0
flow_wide_node53node55_t4,0.0
flow_wide_node53node55_t5,0.0
flow_timber_node53node72_t1,0.0
flow_timber_node53node72_t2,0.0
flow_timber_node53node72_t3,0.0
flow_timber_node53node72_t4,0.0
flow_timber_node53node72_t5,0.0
flow_wide_node53node72_t1,0.0
flow_wide_node53node72_t2,0.0
flow_wide_node53node72_t3,0.0
flow_wide_node53node72_t4,0.0
flow_wide_node53node72_t5,0.0
