ID_UG;nodes
1187;(-13200.72128, 155118.26661),(-13478.83188, 154939.21091),(-13057.73508, 154909.67291),(-13411.41808, 155094.09851),(-13265.54438, 155135.46451),(-13275.89328, 154501.70781),(-13304.70098, 154541.95181),(-13171.51808, 155113.93251),(-13076.11888, 154651.24001),(-13190.56279, 155116.75897),(-13415.69879, 155119.82411),(-13241.37661, 154865.31788)
1404;(-13200.72128, 155118.26661),(-13265.54438, 155135.46451),(-13171.51808, 155113.93251),(-13156.39394, 155126.16178),(-13269.15979, 155186.64614),(-13203.4369, 155178.23285)
825;(-13608.79088, 154692.34891),(-13478.83188, 154939.21091),(-13304.70098, 154541.95181),(-13300.3097, 154744.33066),(-13278.17152, 154722.83351),(-13452.63494, 154738.84411)
826;(-13608.79088, 154692.34891),(-13478.83188, 154939.21091),(-13876.12778, 154685.16301),(-13411.41808, 155094.09851),(-13811.70418, 154581.91751),(-13833.87708, 154465.66001),(-13789.52852, 154490.76516),(-13793.64897, 154737.17705),(-13657.288, 154786.52593)
1402;(-13974.30448, 154609.28101),(-13876.12778, 154685.16301),(-13910.03018, 154461.03561),(-13811.70418, 154581.91751),(-13833.87708, 154465.66001),(-13827.24741, 154663.77048),(-13871.99409, 154581.18321)
1403;(-13974.30448, 154609.28101),(-14064.14058, 154634.70421),(-13910.03018, 154461.03561),(-14044.21468, 154489.40361),(-14102.58518, 154663.34791),(-14000.78807, 154474.9652),(-14009.68686, 154547.03849)
1348;(-13057.73508, 154909.67291),(-13076.11888, 154651.24001),(-13022.87188, 154931.71945),(-12932.48768, 154706.61373),(-12891.75518, 155014.94849),(-12828.73193, 154793.29026),(-12943.25001, 154869.28021)
827;(-14044.21468, 154489.40361),(-14102.58518, 154663.34791),(-14146.30858, 154350.37791),(-14341.24251, 154510.74141)
