ID_UG;nodes
824;(-14653.41278, 154639.10661),(-14249.02068, 154762.82601),(-14193.30918, 154818.42221),(-14442.52166, 154757.11622)
827;(-14653.41278, 154639.10661),(-14249.02068, 154762.82601),(-14193.30918, 154818.42221),(-14044.21468, 154489.40361),(-14102.58518, 154663.34791),(-14341.24251, 154510.74141)
1402;(-13974.30448, 154609.28101),(-13910.03018, 154461.03561),(-13811.70418, 154581.91751),(-13827.24741, 154663.77048),(-13871.99409, 154581.18321)
1403;(-13974.30448, 154609.28101),(-14064.14058, 154634.70421),(-13910.03018, 154461.03561),(-14044.21468, 154489.40361),(-14102.58518, 154663.34791),(-14000.78807, 154474.9652),(-14009.68686, 154547.03849)
