x,y,is_exit,is_source,stands
-14478.84338,155379.33261,False,False,[549]
-14647.96288,155264.87031,False,False,[549]
-14624.09748,155269.80041,False,False,[549]
-14556.30335,155321.5667,False,True,549
