ID_UG;nodes
549;(-14478.84338, 155379.33261),(-14647.96288, 155264.87031),(-14624.09748, 155269.80041),(-14556.30335, 155321.5667)
